c1,c2,c3,c4,c5,c6,c7,c8,c9,c10,c11,c12,c13,c14,c15,c16,c17,c18
0.0,0.0,0.0,0.0,0.0,0.0,0.0,0.0,0.0,0.0,0.0,0.0,0.0,0.0,0.0,0.0,0.0,0.0
5.0e-324,0.0,0.0,0.0,-3.6407019408833246e-10,2.5980016525988255e-10,1.7337674528169705e-9,9.922302749391406e-9,-2.695424382377888e-10,9.568628551153161e-12,1.1331194515663632e-9,3.5240889330027237e-11,5.7554348039284837e-11,1.1041210034270939e-9,-1.1659097058741638e-10,2.561271571631136e-11,9.91779916408019e-14,0.0
-0.0,-0.0,-0.0,-0.0,-0.0,-0.0,-0.0,-0.0,-0.0,-0.0,-0.0,-0.0,-0.0,-0.0,-0.0,-0.0,-0.0,-0.0
-0.0,-0.0,-0.0,-0.0,-6.064344724718401e-18,7.759067868944069e-18,7.661141585412139e-17,1.1333671517192103e-16,6.484484796671929e-18,1.319168666926773e-17,8.624679775611125e-18,6.545553159435482e-19,5.3963504202752066e-18,1.9471645472559358e-17,4.931364004252258e-17,5.616692717793831e-19,2.877335657779115e-20,-0.0
1.167264787e-315,-0.0,-0.0,-0.0,0.00018614608151673267,-0.0009939050707502843,-0.013578150765865613,-0.008992254084290975,-0.0006180945066548197,-0.001932213327188749,-0.001159956437019491,-9.727149039535601e-5,-0.0009453995623718287,-0.0031181938275763963,-0.009465705639177212,-0.0001080393802646644,-5.488036139764543e-6,-0.0
-1.1e-321,-0.0,-0.0,-0.0,-0.0007819471718593273,0.0007338869495255788,0.0034723620276998764,0.010737076163287295,0.00031056933688839637,0.0003063013479025069,0.0008226072378081213,2.538590775042424e-5,0.00018820640379068658,0.0007236697160133445,0.0012573947800781752,1.6923796069305623e-5,6.976332944044805e-7,-0.0
-3.20152e-317,-0.0,-0.0,-0.0,-0.00020385158198961162,0.0003250355184928619,0.0012744932404866707,0.005355410550526815,0.00021351793577550676,0.00024323704719040741,0.0004169462200400322,1.5762679458469783e-5,0.0001098660957511395,0.0004533371695912214,0.0007001571535864804,9.427329435978063e-6,4.032577750894377e-7,-0.0
-2.3088153e-316,-0.0,-0.0,-0.0,-0.00022882046631230306,0.0003415725516879139,0.0013024449294213648,0.004984410667095066,0.00024170772493681145,0.000253306076615902,0.0005309608439873399,1.6866131405751844e-5,0.00012446033379018994,0.0005043795857928322,0.0007504347658238986,1.079915038243459e-5,4.4298625828016234e-7,-0.0
3.00398923e-316,-0.0,-0.0,-0.0,-7.658870434002504e-5,0.00024126786279464476,0.0006522775129591193,0.0032965827040515637,0.0001518935406530713,0.00011362585029974676,3.606509786634409e-5,5.615115096913481e-6,3.7100399951993664e-5,0.00014729232000401326,0.00031054441711311873,3.2457854206989453e-6,1.659189275948907e-7,-0.0
-4.19562775e-316,-0.0,-0.0,-0.0,-0.0001522340054200673,0.00010030642335464394,0.0006501658095158602,0.0016878147177837857,8.981439867968776e-5,0.0001396802754931503,0.0004948944463210668,1.1251002392571563e-5,8.735915435134568e-5,0.00035708695574480345,0.00043988797413369523,7.553405212957503e-6,2.770672246076225e-7,-0.0
-1.937e-321,-0.0,-0.0,-0.0,0.0019237101166969287,-0.008404538058747357,-0.106213919770214,-0.10621988868306492,-0.005280282522182288,-0.012619420293962859,-0.007231453628099219,-0.0005713392732385208,-0.004726538431511556,-0.027457389657331042,-0.035028631549210786,-0.00032572125207885606,-1.4971631348339959e-5,-0.0
4.87828217e-315,-0.0,-0.0,-0.0,-6.988578787125498e-5,0.0002051945541726611,0.0006377876695327886,0.003356892337303451,0.00011922089570361104,0.00011133746299310805,3.082375718124026e-5,5.433040905868637e-6,3.55161371359644e-5,0.0001416725811572746,0.00029812979273754635,3.101098456885375e-6,1.5952730251049303e-7,-0.0
-5.830725467e-315,-0.0,-0.0,-0.0,-0.00015304505275719443,9.98563143915778e-5,0.0006480312274509655,0.0016822170401479247,8.954262985530588e-5,0.00013964302418402076,0.00048543182225223536,1.1789545740113726e-5,8.579159626856612e-5,0.00036149150439026943,0.0004363415890184001,7.278996024051791e-6,2.700400558282975e-7,-0.0
-8.21442005e-315,-0.0,-0.0,-0.0,-8.335093289870064e-5,-0.0001599821502219429,-0.00010626466284632622,-0.0025609175988973577,-5.644754984238891e-5,1.2155086639556902e-5,0.0005207075048617851,6.354269200106491e-6,5.163912414001536e-5,0.0002283013111075766,0.00010482793387148224,4.2634275904833204e-6,9.84222963527913e-8,-0.0
5.835799556e-315,-0.0,-0.0,-0.0,7.185590063365162e-5,0.00013792244734677511,9.16102537892727e-5,0.0022077717093136363,4.866382297554939e-5,-1.0478933545599376e-5,-0.00044890534797840367,-5.478058329351515e-6,-4.451883750606095e-5,-0.0001968199244614207,-9.037435823135006e-5,-3.6754982266718377e-6,-8.485054604798925e-8,-0.0
5.8217624e-316,-0.0,-0.0,-0.0,0.000747442623222653,-0.002246148787175443,-0.02344990944237567,-0.025840488992901083,-0.001422862352120145,-0.003478403281451905,-0.002707362402756983,-0.00018314924142973004,-0.0016810219990901504,-0.005752387299141395,-0.015917166286456952,-0.00018495655310419445,-9.22234578446304e-6,-0.0
2.67054853e-316,-0.0,-0.0,-0.0,-4.248737953167239e-5,-0.00021361162315805575,-0.00044051730665929797,-0.003330221992906689,-8.213505297660085e-5,-5.648583061964241e-5,-0.0003014757267921843,-5.675036526880395e-6,-4.110387561270968e-5,-0.00016105418936309453,-0.0002463020916268681,-3.6754467977848085e-6,-1.5052964600466217e-7,-0.0
-1.2436734334e-314,-0.0,-0.0,-0.0,-0.00011175998841271514,-0.0003465741595788008,-0.0005288342506149629,-0.005458611696200454,-0.00012904896702858645,-4.6383680081373554e-5,0.0001312867951852318,-3.9396556137324207e-7,1.8138091585619395e-6,2.8688123165823376e-5,-0.00015917873100869908,-1.3209989084583368e-7,-6.873059267906055e-8,-0.0
1.32773904e-314,0.0,0.0,0.0,4.93368135389841e-5,-3.735709588513673e-5,-0.0003234472929642727,-0.0005088745703173887,-1.9946578296480535e-5,-6.987697225721435e-5,-0.0008751386947963225,-1.2675539315405653e-5,-9.799544050949113e-5,-0.00041257333236934896,-0.00036179358150053865,-8.372403829519356e-6,-2.5896118877851487e-7,0.0
5.3861745583e-314,0.0,0.0,0.0,-2.7621238562539266e-5,-0.00013884528351742115,-0.00028633545616100743,-0.0021646481786092206,-5.338763220217893e-5,-3.671578456622969e-5,-0.00019595553351154624,-3.688787537550401e-6,-2.6717735683598542e-5,-0.00010468353013005521,-0.00016009569430023259,-2.388995143938485e-6,-9.784210015049461e-8,0.0
2.68e-321,-0.0,-0.0,-0.0,3.2906858175736765e-9,-2.997587917421153e-9,6.81777659590337e-9,6.950781913707618e-8,-1.8031957195442704e-11,1.984304893702691e-10,5.688254953883104e-9,8.597684203213037e-11,2.5580737643325126e-9,2.9481599379300657e-9,1.0165312797018031e-8,-7.133807783871025e-11,1.6646564363276773e-12,-0.0
-3.6e-321,0.0,0.0,0.0,4.749938465778217e-11,1.0756581316618286e-10,-8.640330767988032e-11,7.043303389010566e-10,4.605108253860482e-11,1.7443323023458327e-11,1.349971568655477e-9,8.428942313378899e-12,1.9809488670446343e-10,-4.466882384536231e-11,-3.5249086056684795e-10,-1.3140888974885214e-12,2.6722655179603094e-13,0.0
-3.6672445285e-314,0.0,0.0,0.0,3.2065925289624095e-9,-1.8007559563362546e-9,-6.04493802274646e-10,-2.2764759309326613e-9,-2.30170941110268e-10,-4.0048475579402097e-11,-2.5789024531737508e-9,9.67610822995016e-12,1.730716372663566e-10,-1.3276540809852193e-9,-9.457848967734988e-10,-3.2218479136020256e-11,-1.7117454463266998e-12,0.0
-3.03e-321,-0.0,-0.0,-0.0,0.0011417719168252938,-0.00766973670607767,-0.1027370880685336,-0.09548460500212676,-0.004970016404998988,-0.012312960722569637,-0.006408603374542592,-0.0005459487153660497,-0.004538245204935417,-0.026733095758972824,-0.0337711954341172,-0.00030879175268807614,-1.4273858333725742e-5,-0.0
-8.05e-322,-0.0,-0.0,-0.0,-0.0003613274517817688,0.0002467620759377222,0.00022220478509348904,0.003489251329662087,7.493991884116958e-5,4.104672481923878e-5,0.00038613860638674177,6.857961206641924e-6,5.9083809670920875e-5,0.00022935708982670575,0.0003302926222974767,5.467351123958978e-6,1.966664976651477e-7,-0.0
-3.1e-322,-0.0,-0.0,-0.0,-7.525854557038549e-8,-6.0654417218839446e-6,-6.292483210012438e-5,-0.0001192606591060127,-6.823289060051066e-6,-9.072246547768259e-6,-4.562358333627489e-6,-4.663587865135149e-7,-2.820951495275263e-6,-1.1793934661591552e-5,-2.1852836361594056e-5,-2.249980406311347e-7,-1.1215600671444118e-8,-0.0
-1.14e-322,-0.0,-0.0,-0.0,1.6515044781225517e-10,-1.1278651860305211e-10,-1.015622144265809e-10,-1.594817715534427e-9,-3.425246494631024e-11,-1.876110229229827e-11,-1.7649079227454442e-10,-3.1345401157156357e-12,-2.7005197135970374e-11,-1.0483134113207964e-10,-1.5096548177497196e-10,-2.4989388197743143e-12,-8.988826850948155e-14,-0.0
-7.3e-322,0.0,0.0,0.0,-0.0007086402759888177,0.00024132550312087138,-3.0854686743495526e-5,0.003102654397619483,5.6026172307080844e-5,1.9189001238132093e-5,0.0004104196270757439,6.96848318534946e-6,6.782460051511166e-5,0.00026179460506863965,0.0003626341027977771,6.404306961037612e-6,2.1204989774163764e-7,0.0
1.88e-321,-0.0,-0.0,-0.0,0.00034088665550478705,-0.0035614198065837283,-0.035346255542579315,-0.06887959049845581,-0.0038338076537272436,-0.005043740165562586,-0.0028246853719123793,-0.00026366445561181633,-0.0016083789126156557,-0.006701056797945803,-0.012413927373200417,-0.00012881527142754218,-6.367574059503818e-6,-0.0
-1.8e-322,0.0,0.0,0.0,-6.639529413016265e-10,4.5343472847664085e-10,4.0830973662454655e-10,6.411631454594332e-9,1.377050418548211e-10,7.542463080521153e-11,7.095442818500033e-10,1.260176234362163e-11,1.0856873815653317e-10,4.214520556569473e-10,6.069255292088811e-10,1.0046472504535567e-11,3.6138699411317305e-13,0.0
-8.55e-322,0.0,0.0,0.0,-0.00036132745183280825,0.0002467620759654458,0.00022220478510741562,0.003489251330043038,7.493991884875721e-5,4.1046724822663417e-5,0.0003861386064313737,6.8579612073975725e-6,5.9083809677734456e-5,0.00022935708985303597,0.0003302926223347,5.467351124597393e-6,1.9666649768465594e-7,0.0
-5.2e-322,-0.0,-0.0,-0.0,-0.00019760145600783614,0.001940418368074296,0.019179916737527104,0.03748352486460306,0.002082123791316793,0.002737209898097233,0.0015457069043807537,0.00014325488985003114,0.0008744751806351418,0.003642771984513153,0.006745029091447695,7.006267691010929e-5,3.4607389827173254e-6,-0.0
-6.3e-322,-0.0,-0.0,-0.0,0.00020047610465727668,-0.0001750419882956248,-0.0035475537579596544,-0.0013142099395931914,5.709293041364062e-6,-1.7127903167989558e-5,0.0001590070513102065,-1.1295615221240271e-6,-3.818763706285857e-6,2.4501546315692e-5,-0.00022864727564302043,-5.34490192533967e-7,-6.417896768355018e-8,-0.0
-4.1e-322,-0.0,-0.0,-0.0,-0.0003924729763633051,0.000289190306993888,0.002141427959268297,0.003445023309800511,5.516001208932632e-5,4.14518990051121e-5,0.00021231295517648967,5.964533701980437e-6,4.8105684892657346e-5,0.00016492005328812135,0.0003839493497336177,4.551984526799318e-6,1.8868333612508924e-7,-0.0
-4.4e-323,-0.0,-0.0,-0.0,-1.7782012864187384e-11,1.2143909228194607e-11,1.0935371609631788e-11,1.7171653813596154e-10,3.688019336488793e-12,2.0200105234307575e-12,1.900303925984288e-11,3.3750067329850726e-13,2.9076923174833825e-12,1.1287334105157385e-11,1.6254714631368895e-11,2.690645936237487e-13,9.679983026949004e-15,-0.0
-6.0e-322,0.0,0.0,0.0,-0.0020836613805680763,-0.003946536361930647,-0.03878298739245357,-0.0737725280579499,-0.003957719153885979,-0.005185447447475024,-0.0030481450734088666,-0.0002745540260419544,-0.0016856679886758919,-0.006982813509698352,-0.013046918347740294,-0.0001357685173103062,-6.682185099156189e-6,0.0
9.4e-323,-0.0,-0.0,-0.0,3.2610186168325288e-18,-6.5480921240962266e-18,-3.7614769189874125e-18,6.591762050569031e-17,-1.8237454148472327e-17,3.3244793030250236e-17,1.6553615126340553e-17,2.8769131975891063e-19,9.585959750836506e-21,2.970702303627128e-17,-5.2367656913627965e-17,-3.2293756042835374e-18,4.855518476331094e-18,-0.0
-9.93e-322,-0.0,-0.0,-0.0,-0.00040145290046283906,0.0022654538062616227,0.020454410175816725,0.042838936866895425,0.002295641725734805,0.0029804469546255118,0.0019626532358848594,0.00015901757229960542,0.0009843413425186232,0.004096109213567404,0.007445186529881307,7.949000381193044e-5,3.863996829681071e-6,-0.0
4.5e-322,0.0,0.0,0.0,-0.0019285608564720048,-0.0039670587522431956,-0.038349998024034444,-0.07371181799230847,-0.003911178621764925,-0.005101883473798027,-0.003122487733942473,-0.0002720307106268958,-0.0016758551188321576,-0.006932384158362657,-0.012952482070916572,-0.00013520018689299756,-6.632234251518657e-6,0.0
-5.0e-324,-0.0,-0.0,-0.0,1.4535207561837337e-12,-9.795004833074842e-13,-8.61673038769278e-13,-1.3830051694142537e-11,-2.9591900396323986e-13,-1.6078182962460736e-13,-1.5350742588238e-12,-2.7195208385228657e-14,-2.3485353628755424e-13,-9.114887959411614e-13,-1.31123652058447e-12,-2.1743545295278115e-14,-7.809481316588521e-16,-0.0
-4.4e-323,-0.0,-0.0,-0.0,3.0387981064113104e-6,-4.033173932717626e-7,8.483257993617192e-6,1.1369506167648952e-6,9.118515709591492e-7,1.6374441118299828e-6,-1.45557714727211e-6,4.978547229857903e-8,1.923010938114096e-7,9.882499780518303e-7,1.850783999505219e-6,1.1137768064611287e-8,9.788000461940144e-10,-0.0
1.097e-321,-0.0,-0.0,-0.0,0.00015206172431947277,-2.011907179324219e-5,0.00042450611141956683,5.9573130925456844e-5,4.562868089055475e-5,8.192652975044726e-5,-7.28870816219214e-5,2.473529974039831e-6,9.620569019983116e-6,4.944110240581483e-5,9.258549433237978e-5,5.571926742451023e-7,4.89720484894623e-8,-0.0
2.7e-322,-0.0,-0.0,-0.0,0.019999999999999987,-8.115966597497044e-17,5.462945504561982e-17,8.207917068141182e-16,1.346007371494273e-16,-2.9702676862925267e-16,2.7341169167394514e-19,2.2620897831076945e-18,-1.9339468308434814e-18,-2.3799847946069478e-17,-1.6165725282045574e-16,4.498607206198037e-18,-5.330606567838612e-18,-0.0
-5.63e-322,-0.0,-0.0,-0.0,0.010486840422761805,0.00024676204613739705,0.00022220475824788396,0.0034892509082711763,7.493990979022812e-5,4.1046719860906974e-5,0.00038613855975587675,6.857960378424885e-6,5.908380253582481e-5,0.00022935706212891526,0.0003302925824096023,5.467350463718134e-6,1.966664739119377e-7,-0.0
-4.0e-323,-0.0,-0.0,-0.0,-0.0016039869132401688,-0.0006944353086507574,-0.007074139803233255,-0.0137080992259805,-0.0004623351897329234,-0.0007210557557544862,-0.00048458194220534195,-7.317535927200024e-5,-0.00018371647039771435,-0.0009557251821550188,-0.00197489880847699,-2.0761801025896224e-5,-9.891253698512861e-7,-0.0
-2.03e-322,-0.0,-0.0,-0.0,-0.0004796724553336189,-0.0032521024273352863,-0.031708848826532375,-0.060064448261310216,-0.0034953843814441183,-0.004464391920282661,-0.002563565281354884,-0.0002013787049574178,-0.0015019518472769535,-0.006027089604681632,-0.011072021378445412,-0.00011500674672848764,-5.693060824415863e-6,-0.0
-6.5e-322,0.0,0.0,0.0,0.00020453943817031817,-0.003573257011682728,-0.0005462638264838049,0.0004125657672336995,8.897602386617995e-6,-7.402544975173756e-5,0.0001319739666560423,-2.8301161858955052e-6,-3.020345588422563e-5,-6.524294429990007e-5,-0.0005576394221770947,-3.7347276581255758e-6,-2.5382200063466806e-7,0.0
-6.0e-322,0.0,0.0,0.0,0.00015122728124551134,0.00011619973576822918,-0.0058794832707137765,0.0016760527946874904,-3.995769344462781e-6,-7.814790070691292e-6,0.00016238583367745161,7.472281932535631e-7,3.0606935489512587e-6,3.754608682281002e-5,-0.00018425774901649705,-1.1127863225283672e-7,-3.739600928147614e-8,0.0
-6.1e-322,0.0,0.0,0.0,0.000313776701988252,-2.7207982606211182e-5,-0.00033713136070723595,-0.008373711234596423,1.6488474087713936e-5,-2.6573268093003328e-5,0.00016743951771031642,-4.703588982938264e-8,-2.8895291357373324e-6,1.5884388222288588e-5,-0.00020020083532293928,-8.325571652885912e-7,-8.525474023838469e-8,0.0
-5.5e-322,-0.0,-0.0,-0.0,0.00010370039349604113,0.00012070834203371679,-0.0001388046271658148,0.0018872792654710574,-0.0015053175810902189,4.967696491039686e-6,0.00018198226806804093,1.8080559827768657e-6,8.458974850889909e-6,5.929120705147936e-5,-3.512437882153587e-5,7.654600111054264e-7,9.138002091879961e-9,-0.0
-6.23e-322,0.0,0.0,0.0,6.24787746515575e-5,0.00013226441049105339,0.00015663926344019723,0.001985526314547583,4.905700439479346e-5,-0.001425846498680814,0.00019337013773751624,2.7871423095916843e-6,1.7832542935304657e-5,8.061349516170322e-5,5.187706150939058e-5,1.452181127758271e-6,4.392834966628869e-8,0.0
-6.3e-322,0.0,0.0,0.0,8.961721695261076e-5,7.818352982968306e-5,-0.0004521286987190413,0.00140436878142606,1.821574988100507e-5,-6.772747286187745e-5,-0.005061296298099156,-2.8792908451218116e-6,-2.815099367566944e-5,-7.648769552675864e-5,-0.0004482491113248321,-3.453376388563203e-6,-2.1589027008660233e-7,0.0
-6.13e-322,0.0,0.0,0.0,0.0001685107782301723,0.00012402429261498788,6.142135100523264e-5,0.0019381189028580626,4.303334426136408e-5,6.3997965451407275e-6,0.0001745495779266819,-3.6850981538013764e-5,1.0399407985650084e-5,5.47718806709002e-5,-3.4620229537203945e-5,6.586352803854467e-7,2.6913527561106783e-9,0.0
-6.23e-322,0.0,0.0,0.0,4.1663066010582075e-5,0.00013313138431359626,0.00010517214784077616,0.002175288842703885,4.8845331924128364e-5,1.1340935723176011e-5,0.0001901848956990423,2.26144523128651e-6,-0.0004350435760214952,6.171346843083088e-5,-1.8758037126813992e-5,8.795131580889232e-7,1.7357728907081646e-8,0.0
-6.67e-322,-0.0,-0.0,-0.0,5.1766277507734645e-5,0.00015783390216430205,0.000278633790015867,0.0024794753392395306,5.651086940589314e-5,-5.420993434285409e-5,0.0002238854071667032,3.807639239305171e-6,2.2179157665185184e-5,-0.0010476827518290184,0.00012561400273725519,2.324617738764165e-6,8.940620657527193e-8,-0.0
-6.0e-322,-0.0,-0.0,-0.0,5.134555653830388e-5,0.00011860276465334215,-1.5487370937153355e-5,0.001982399068115339,4.201196962612148e-5,-6.935476591203637e-6,0.00016928490469407377,1.2639581800646121e-6,2.8886884907365006e-6,3.018688433964581e-5,-0.001642809364297062,-1.8705415682912337e-7,-3.9742205162210597e-8,-0.0
-5.93e-322,-0.0,-0.0,-0.0,4.417082262631773e-5,0.00013414603300225436,0.00018497535009371087,0.002143390063900457,5.0872515120924015e-5,2.3251500254305684e-5,0.00019070848089101296,2.9714556481761027e-6,1.912922405470726e-5,8.075044166448303e-5,7.17494232521235e-5,-1.3486695545557606e-5,5.0173881863400974e-8,-0.0
-6.1e-322,0.0,0.0,0.0,3.990428439695891e-5,0.0001366604094748275,0.00021514856663176852,0.002178230939445481,5.072742549377129e-5,2.7363580698874252e-5,0.00019296158797844,3.168005766785656e-6,2.120409915235262e-5,8.858479530350036e-5,9.664246329214167e-5,1.7685527249037991e-6,-3.4297678028890175e-5,0.0
-8.4e-322,-0.0,-0.0,-0.0,0.00019750551747819048,-0.004115238841027782,-0.0006088981182392713,0.0008607329961499963,1.8528909530349184e-5,-8.13145187281616e-5,0.00019531623581903675,-2.5290815768728418e-6,-2.853690790419251e-5,-5.0492157134112224e-5,-0.0006102374074217041,-3.730178619554701e-6,-2.7268516183102626e-7,-0.0
-6.37e-322,-0.0,-0.0,-0.0,0.00015161841264425206,0.00011707567864500823,-0.0059098603165849885,0.0016886104731628955,-3.934350384872585e-6,-7.810450869150183e-6,0.00016365525139779211,7.586448538933482e-7,3.141464763246449e-6,3.799329664176496e-5,-0.00018485495955486385,-1.0585902426548799e-7,-3.73749748548549e-8,-0.0
-1.3e-321,0.0,0.0,0.0,-0.00013501455243215295,0.00025734087913875116,-4.422773288109625e-5,-0.0034130181506879507,0.00010000057127642974,2.3345190139371154e-5,0.0005880723162018362,7.777905798370802e-6,6.481658152243056e-5,0.00027553328408573855,0.00019988183437479712,5.498959507421964e-6,1.489843642014011e-7,0.0
-5.2e-322,0.0,0.0,0.0,0.00010370040671197299,0.00012070841758521757,-0.00013880466842663752,0.0018872804134632169,-0.0015053182390664117,4.967702385471416e-6,0.00018198238324358974,1.8080573995059525e-6,8.458983913250705e-6,5.929125391257848e-5,-3.512436455308973e-5,7.654608420583106e-7,9.138023858334246e-9,0.0
-6.3e-322,-0.0,-0.0,-0.0,6.247877465155169e-5,0.00013226441049106458,0.00015663926344020845,0.0019855263145477442,4.90570043947972e-5,-0.001425846498680874,0.000193370137737533,2.787142309591942e-6,1.7832542935306754e-5,8.061349516171034e-5,5.187706150940074e-5,1.452181127758495e-6,4.392834966625848e-8,-0.0
-6.7e-322,0.0,0.0,0.0,8.96167175478669e-5,8.018234484656405e-5,-0.00045782070031039887,0.001436917025271797,1.8743516656192577e-5,-6.855250714476161e-5,-0.00513248995563472,-2.8961763973775896e-6,-2.83444264470718e-5,-7.676842679975397e-5,-0.00045350097166421867,-3.4834400282777018e-6,-2.1828600813793286e-7,0.0
-7.95e-322,-0.0,-0.0,-0.0,0.00016085674020274962,0.00016490164576696582,9.073696380985191e-5,0.0025436238602919606,5.6247873519183065e-5,1.1077640673539429e-5,0.0002356040081154348,-4.1723251209180695e-5,1.730986139811904e-5,8.374490887237298e-5,-9.818782535221816e-6,1.252819722970853e-6,2.093367972745608e-8,-0.0
-6.37e-322,0.0,0.0,0.0,4.166310575647671e-5,0.0001331313571698623,0.00010517212339833902,0.0021752884588875764,4.88453236807656e-5,1.1340931208049979e-5,0.00019018485322394203,2.2614444769133663e-6,-0.000435043582520714,6.171344320163296e-5,-1.8758073458896554e-5,8.795125566823302e-7,1.7357707274135214e-8,0.0
-6.9e-322,-0.0,-0.0,-0.0,5.176637419594876e-5,0.00015783383613283253,0.00027863373055573974,0.0024794744055450153,5.651084935259629e-5,-5.420994532661727e-5,0.0002238853038392377,3.8076374041721378e-6,2.2179141854851798e-5,-0.0010476828132030766,0.00012561391435369118,2.3246162757466646e-6,8.940615394945559e-8,-0.0
-6.3e-322,-0.0,-0.0,-0.0,5.0672498780804e-5,0.00012170158774627224,-1.479715069165407e-5,0.0020314609048426658,4.3055989492364585e-5,-6.877954477699023e-6,0.00017385394141839763,1.3151776533337725e-6,3.1925538445064965e-6,3.169231373051766e-5,-0.0016696023951129541,-1.6673921498961147e-7,-3.957844687092023e-8,-0.0
-6.4e-322,-0.0,-0.0,-0.0,4.4170684836083484e-5,0.00013417206150015095,0.00018500891812219753,0.0021437970245612786,5.088201919961906e-5,2.3255977836289913e-5,0.00019074617941665034,2.9720595913822286e-6,1.9133405892540794e-5,8.076769992047601e-5,7.176724684881825e-5,-1.3488716662573636e-5,5.0185670792972086e-8,-0.0
-6.23e-322,0.0,0.0,0.0,3.990428374582177e-5,0.00013666040991951642,0.0002151485670322063,0.0021782309457334535,5.0727425628820495e-5,2.7363580772845135e-5,0.00019296158867429793,3.1680057791443216e-6,2.1204099258826797e-5,8.858479571682144e-5,9.664246388735694e-5,1.7685527347564317e-6,-3.4297678028537104e-5,0.0
1.0e-322,0.0,0.0,0.0,4.9860109391783894e-5,-0.0014085228424687646,0.0005172125066227364,-0.0023669380249603388,3.27349250075998e-5,4.639650833657708e-5,7.358999198877203e-5,5.162149315941724e-6,6.858057808017841e-5,0.00015122813627444921,0.0006299950993987648,7.124286456418246e-6,3.8353570246309804e-7,0.0
1.04e-322,0.0,0.0,0.0,5.741967531762479e-5,0.00022353814513423987,-0.011449581765712306,0.00047023682940616095,-6.570922867791398e-5,0.0003799513936616337,0.0003074616130056642,2.1480335199865414e-5,0.00022314964606441666,0.0006781914877089389,0.0021180136148491553,2.5067580219178275e-5,1.2619896422446388e-6,0.0
2.0e-322,0.0,0.0,0.0,0.00023069606769652375,-0.00018563237457240784,0.0003631032323955824,-0.016117522744403298,5.823926166843233e-5,-0.00011299406393724483,0.00017981808831700946,9.90734609117068e-6,0.0002077630699739032,0.00023253566559737027,0.0018925452881377997,2.0266573810314275e-5,1.1829813130567957e-6,0.0
1.5e-323,0.0,0.0,0.0,2.3325103705024004e-5,1.8530174945281386e-5,-0.0009711487508037758,-0.00023319604945719503,-0.0009797160091108005,3.7016941412685856e-5,3.7528552140643154e-5,2.248868843007893e-6,3.178106219502362e-5,1.8972664613523867e-5,0.00031190623431404227,3.5003875680008625e-6,1.1832471629534713e-7,0.0
-6.0e-323,0.0,0.0,0.0,9.714109180984383e-7,1.263524853604318e-5,0.00013209600381054276,-4.1729405768736136e-5,9.043008008341682e-6,-0.0032986962153299434,-3.94440149335254e-5,-4.264536154649123e-8,-2.2962530297634927e-6,-0.0028669297965773465,1.4184296711940064e-5,1.2326058609147549e-6,9.91236907911737e-8,0.0
-6.4e-323,0.0,0.0,0.0,2.634621693410101e-6,2.4233415429272552e-5,8.625709739616705e-6,0.00011837694337367679,2.035610792932767e-5,4.025420405491012e-5,-0.002466804631655077,6.656287175445145e-7,3.6858889044772614e-5,9.251431983003773e-5,0.0002937714047659598,4.182237702391578e-6,1.9618545818494342e-7,0.0
-1.1e-322,0.0,0.0,0.0,0.00023634873532157066,-7.2147602319872e-5,-0.001186040636998261,-0.0014697755804569058,-4.014407047224012e-5,4.4260486336045784e-6,-0.0001676949404658691,-0.00018154420739692706,6.491818595122443e-6,4.600135296082285e-5,0.00016047319819642022,8.030430443955943e-6,3.296738852818486e-7,0.0
-1.3e-322,0.0,0.0,0.0,-3.5462451512623634e-6,-3.448586442292041e-5,-0.00042887984257582065,-0.0002588033770732367,-8.015899996444771e-5,-2.764124067123972e-5,-5.7671185993483e-5,-2.230061143950985e-6,-0.001859633714731138,-0.000684004309633564,-0.00016751310054478804,3.4699634915704187e-6,1.1478579609151002e-7,0.0
-4.0e-323,0.0,0.0,0.0,-5.420848397285161e-6,2.9790638345295237e-5,0.0003478138168146169,0.000273433315302117,1.6753113066078124e-5,2.4490969980439408e-5,-5.900524088531725e-6,1.7501774892792403e-6,1.3391683161672334e-5,-0.0020711853718731127,0.00017824427850668748,2.845572127890491e-6,1.72410020931084e-7,0.0
-1.9e-322,0.0,0.0,0.0,0.00018792155027367777,-0.0009389141037359596,-0.011821982900913384,-0.00705968646039832,-0.0004557399201277827,-0.0007249384109990497,-0.0006770943963687173,-4.735354906181586e-5,-0.00048076992173063055,-0.0016035981649202514,-0.02206345386078981,-1.3146126500641995e-5,-7.342701291919778e-7,0.0
-3.06e-322,0.0,0.0,0.0,-3.32215383763628e-5,9.166252421042166e-5,0.0010408509402386318,0.0008780992273298689,6.141458394015524e-5,0.00015663052656808807,0.00011139884820848805,6.946403872183297e-6,7.32728609157226e-5,0.0002560443220830153,0.0007114739375702731,-0.0002474944989858286,4.1148335083222253e-7,0.0
1.0e-323,0.0,0.0,0.0,4.545801079079598e-7,-6.836436524570003e-6,-1.977843774445153e-6,-3.298391570386382e-5,6.47723397629563e-8,-3.2999660735770702e-6,-2.5502831042755505e-6,-1.3969045142952463e-7,3.8822595170574823e-7,-2.1577886398877688e-6,3.1930386363589833e-6,-3.557066744647591e-8,-1.2758569545204329e-5,0.0
9.4e-323,-0.0,-0.0,-0.0,0.00016005956012775298,-0.004573404877665596,-0.0031481433889285295,-0.009614224427789083,-0.0001166980756275474,-0.0005352613631735755,-0.00022051896841233533,-1.7767425836614127e-5,-0.0001193906636806761,-0.0006414847427883641,-0.0012326724269141958,-1.6056425382976402e-5,-7.154061615179315e-7,-0.0
-1.73e-322,0.0,0.0,0.0,0.0002748302637226303,-0.00036442986991223463,-0.05562041142980365,-0.007750739464924072,-0.0007471688397191322,-0.0007494782650669375,-0.00021978007356898726,-2.758758577142136e-5,-0.0002307580959862603,-0.001014021866219646,-0.0022800888049376183,-2.82906061054994e-5,-1.4477343163568119e-6,0.0
-1.5e-323,-0.0,-0.0,-0.0,0.0008577416232940108,-0.0012404540626762275,-0.015336659351508703,-0.06812740880125218,-0.0005367313392108786,-0.0029016265350875078,-0.0009722489229433053,-8.66280354401244e-5,-0.00044787085274011507,-0.0031928381759529375,-0.004903196607584999,-6.429266780119863e-5,-2.6320373079852453e-6,-0.0
2.5e-323,0.0,0.0,0.0,7.308648144234443e-5,-0.00012034002127637426,-0.004489094889271006,-0.0021090914636438087,-0.002645696353458052,-0.00020990352568406605,-0.00010836148002062678,-9.4172416927602e-6,-6.346529235288126e-5,-0.0004523263046876804,-0.0006396379625679132,-8.003129415590773e-6,-5.598115643235074e-7,0.0
-2.1e-322,-0.0,-0.0,-0.0,3.1591755698331107e-6,-9.809807031707238e-5,-0.0013360544530702531,-0.0007387200910706589,-5.790068167866078e-5,-0.0055407731035781935,-0.00020824766193073313,-1.1259600294715329e-5,-0.00011229808439960474,-0.005011677752286005,-0.0010436482931679317,-1.0486546009738103e-5,-4.675652884343028e-7,-0.0
-1.33e-322,-0.0,-0.0,-0.0,8.958377605683354e-6,-6.860449397117134e-5,-0.0012900708197848675,-0.0006528049492784599,-3.402624037714549e-5,-0.00013504495768661568,-0.00314786571509966,-7.945226678305159e-6,-4.396987766008698e-5,-0.0001797750334378303,-0.000508447367513067,-5.236175741880083e-6,-2.801007673257458e-7,-0.0
-4.6e-322,0.0,0.0,0.0,0.0003676151589907146,-0.0004866834714119625,-0.006591690704062214,-0.0051604586111784695,-0.0002816962497167942,-0.0006804196714185202,-0.0006729239447611485,-0.0003006607629621455,-0.0003249567212672629,-0.0010437559512096472,-0.003017509243716155,-2.6595694997345426e-5,-1.4509776924499637e-6,0.0
-2.9e-322,-0.0,-0.0,-0.0,2.0428805755340567e-5,-0.00025139306019125827,-0.0031283374746329333,-0.0022967782869979855,-0.00022413660269685046,-0.0004018363738745491,-0.00032104626163681363,-2.109580376901383e-5,-0.0024979254248467084,-0.0014579840958281283,-0.00193503292574503,-1.6187873004407066e-5,-8.958392325328676e-7,-0.0
-3.75e-322,0.0,0.0,0.0,9.077944447757293e-6,-0.00015432084113578825,-0.0020409902754235324,-0.0015483495045738537,-8.576928348431362e-5,-0.0001972082221351267,-0.00041045170883180563,-1.8944973024578716e-5,-0.00019076376794842058,-0.012153370648182059,-0.0017246783995081727,-1.5871444610755697e-5,-6.477927171219548e-7,0.0
-2.5e-322,-0.0,-0.0,-0.0,0.00015586695513177735,-0.0009917698498676493,-0.012488870411338627,-0.007941287771638723,-0.0005225214705630109,-0.0011644726830706287,-0.0008845069132108512,-6.457469408570464e-5,-0.0006437175123794962,-0.0021471792268392765,-0.01724673457392484,-4.783892471050626e-5,-2.4628619820744187e-6,-0.0
-1.5e-322,0.0,0.0,0.0,-7.277356563185499e-6,-5.148645328782781e-5,-0.0007261668598731413,-0.0002659520398652202,-2.7840098759533183e-5,-0.0001006545726944254,-6.3526085061252e-5,-5.332732583525981e-6,-5.05740042413424e-5,-0.00015896095966838966,-0.0004893977298711951,-8.67475232706906e-5,-2.941977744375754e-7,0.0
-0.0,-0.0,-0.0,-0.0,1.7209296888228518e-7,-2.638579662003066e-6,-1.2960034728713132e-5,-1.586569341578018e-5,-4.005053114277433e-7,-2.582796298695021e-6,-1.7328702569959842e-6,-1.2054086005860125e-7,-7.613102108947643e-7,-3.390713956343787e-6,-7.545873084935316e-6,-1.0853761311431526e-7,-3.117166820200559e-6,-0.0
2.27e-322,-0.0,-0.0,-0.0,0.0001476231182047479,-0.00037802859945099154,-0.003571159408762737,-0.014777465446224469,-0.00012535356428259944,-0.0006434277273246493,-0.00023810195429404133,-1.8678427578001386e-5,-9.611212357591532e-5,-0.0006981029274897286,-0.0010666399003094952,-1.4541148326099723e-5,-5.921776908629276e-7,-0.0
-1.9e-322,0.0,0.0,0.0,-1.110524579305656e-5,-0.00029332614818004907,-0.013501667262664057,-0.010007299784245286,-0.0010286254790255768,-0.0006021025824298565,-7.413580631320552e-5,-1.6983320477552715e-5,-0.00010196156636364509,-0.0007003618289074364,-0.0011073871111546537,-1.4076326279688001e-5,-7.261169255241252e-7,0.0
2.27e-322,-0.0,-0.0,-0.0,0.00031438521040844813,-0.0030271455286039486,-0.02728948539937067,-0.03228395021580671,-0.0009850887582306697,-0.0052340487128269015,-0.001806344957346194,-0.0001505400825822768,-0.0006521698946892783,-0.005577706528544983,-0.007368539884891261,-9.935061464747172e-5,-3.7625560784776956e-6,-0.0
-5.0e-323,0.0,0.0,0.0,9.401651029441667e-5,-0.0002538917810513825,-0.01020474561348114,-0.0049615609200229244,-0.0007184093030841931,-0.000394292937914432,-0.0002233437383399929,-1.8029731301036295e-5,-0.00010971871254991338,-0.0009240817825389546,-0.0010829669552133829,-1.3625973120564726e-5,-1.0479638531856512e-6,0.0
-3.2e-322,0.0,0.0,0.0,6.880542599651033e-6,-0.0001247271502378459,-0.001657354095308099,-0.0012021658281858908,-7.031620788395813e-5,-0.001324168527898806,-0.00032024756823378014,-1.5139512735778637e-5,-0.00015245366957786937,-0.009231847820620493,-0.0013828623820643239,-1.2908021652340366e-5,-5.354176941908303e-7,0.0
-2.2e-322,0.0,0.0,0.0,5.930166179665224e-6,-7.120703964830951e-5,-0.0016646929855141902,-0.0008210606707172128,-2.7093441852544295e-5,-0.00013900197945185836,0.00020681795971134263,-9.91638131520718e-6,-2.4848558423842232e-5,-0.00015417386225625662,-0.0004045609474011325,-3.0800150830481347e-6,-1.8891410658509177e-7,0.0
-7.07e-322,-0.0,-0.0,-0.0,0.00021793786803288255,-0.0008226016899394288,-0.010987674148913775,-0.009697990057999975,-0.00046907669760733173,-0.0010199609662951872,-0.001216515570149364,-0.0001370169949526971,-0.0004897522581929902,-0.0015527652894182775,-0.0044581390796118526,-3.3166780143730616e-5,-1.9002869570667166e-6,-0.0
-4.5e-322,0.0,0.0,0.0,4.1005880734153344e-5,-0.0003718531333374246,-0.004542871440511783,-0.0033851955743610424,-0.00037217132366977867,-0.0005593782887615602,-0.0004898629927100478,-3.034000938712387e-5,-0.001420598450434822,-0.0025641412372783747,-0.0027475335338211985,-1.8531957031602173e-5,-1.0917983909587148e-6,0.0
-4.8e-322,0.0,0.0,0.0,4.4503946313613784e-6,-0.00013820945896748194,-0.0018540929865383797,-0.0014119594573202385,-7.65999050391788e-5,-0.00019163788292365396,-0.0004381345629728338,-1.848075302075755e-5,-0.00018985311639626144,-0.0010095536621203356,-0.0016660354123556524,-1.4323421201260691e-5,-5.371968488492395e-7,0.0
-6.1e-322,-0.0,-0.0,-0.0,0.0003604763913386022,-0.0021904726690528697,-0.02743086919741636,-0.01724579588718598,-0.0011153042404891801,-0.0022079382066102866,-0.0018166106660684677,-0.00012964310291644078,-0.0012991484148820165,-0.0043334603573929546,-0.012471670909866298,-7.54637492281149e-5,-3.93385298702518e-6,-0.0
-4.94e-322,0.0,0.0,0.0,-4.052191158235879e-5,1.2405085968269118e-5,-1.0847572448543605e-5,0.00036720060923901577,1.864727541418559e-5,1.011559252664203e-5,1.3092967897242227e-5,-8.591605516530668e-7,-8.245278444013219e-7,2.0407126826847794e-5,-6.263763932690907e-6,-9.523125335496629e-6,-1.6815946969607607e-8,0.0
2.0e-323,0.0,0.0,0.0,6.929855857013143e-7,-1.067858934812216e-5,-2.1627953796560417e-5,-5.7361709510289566e-5,-6.247579641242187e-7,-7.11850195578319e-6,-5.216479107049586e-6,-3.212384300182277e-7,-8.039109921060962e-7,-7.307585302017917e-6,-8.595547835938875e-6,-2.0062054497939245e-7,5.923914933937948e-8,0.0
-6.3e-322,0.0,0.0,0.0,0.0002044433581818744,-0.00046040417127925736,-0.0002457232724966042,-0.0030493798803371986,-5.023169268586459e-6,-2.432746018015654e-5,0.00012335863478129495,-2.70880289305347e-6,-1.3973333138768128e-5,7.676024898677029e-6,-0.0006081956047628634,-8.930884699743427e-7,-1.5827450059645084e-7,0.0
-4.55e-322,-0.0,-0.0,-0.0,0.0001547164287280985,8.360591218418329e-5,-0.001492405511199359,-0.0005761993098860467,-0.00019646907671473039,-1.0176376453401152e-5,5.938514617841921e-5,-2.1805651692445648e-6,-4.6259687204737255e-6,2.9726103774832094e-5,-0.0005417884118832159,-1.668180968880293e-7,-4.206436477337666e-8,-0.0
-6.8e-322,0.0,0.0,0.0,0.000223627756421423,-0.0006919436110756757,-0.0009170184446831591,-0.00307968572848579,-4.814774418001581e-5,-2.8629932298824732e-5,0.0001211522386796996,-2.987615933664384e-6,-1.1293447431674913e-5,-1.7141939701310586e-6,-0.00037144046272796565,-1.077230348501856e-6,-1.154475467567855e-7,0.0
-5.63e-322,-0.0,-0.0,-0.0,0.00013995333957020253,8.079300059564685e-5,-0.0019151064636575398,0.00041720175005108956,-0.0003632393195002583,-5.583465468956042e-6,0.0001705020216136948,-1.2614734883853518e-6,-2.5773155665934013e-5,3.366838591565139e-5,-0.0003528518922456523,1.0809972389089027e-7,-2.6877725314285076e-8,-0.0
-6.3e-322,-0.0,-0.0,-0.0,0.00020797546177396054,3.738274286225339e-5,-0.00021679224989620968,-0.003849880223344055,1.0915923788643735e-5,-0.00032401137510144017,0.00010512017034772485,-6.681347688647381e-7,-8.442905518187002e-6,2.7475204911049094e-5,-0.0002976806029000468,-1.6067330911579386e-7,-6.98492662558358e-8,-0.0
-6.4e-322,-0.0,-0.0,-0.0,0.0001538044300366187,3.541251322021235e-5,-8.240459186458666e-5,-0.0008423908138256514,-4.633906664598544e-6,-1.6613480486874204e-5,-9.013941051779173e-5,-7.53725566517944e-6,-1.9849888053567578e-5,-7.929526930426238e-5,-0.0005093280714998608,-7.255634208820734e-8,-7.845356147932089e-8,-0.0
-6.4e-322,0.0,0.0,0.0,0.00017082837987727315,8.268500762121525e-5,-6.905988486452894e-5,-0.0007998519962166324,4.42714051841227e-6,-9.063684745164934e-6,3.1218380952819635e-5,-1.450541727102698e-5,-9.565645849725872e-6,-2.679125826312873e-6,-0.0004126794151262176,-4.949416677317256e-8,-5.8050973689047594e-8,0.0
-6.27e-322,-0.0,-0.0,-0.0,6.661710905550298e-5,0.00012251472242893368,5.60233694378373e-5,0.0016830943985265715,3.4147898792946465e-5,1.2701019749964738e-6,0.00017875934741878825,-1.1883306235480711e-6,-0.00023552255252999455,-8.237914064620613e-9,-0.00046893454680149894,5.299075270825153e-7,-7.106087385959022e-10,-0.0
-6.2e-322,0.0,0.0,0.0,6.376168242376061e-5,0.00013060827901881076,0.0001257889626259437,0.001921084556563606,-3.3885249774557085e-6,-0.0009593740662482805,0.00019201726180174958,2.150749806703658e-6,-3.469262795313126e-5,-5.837896908562644e-6,-0.00011393309651344145,1.2394770925168945e-6,3.329467075953029e-8,0.0
-5.83e-322,-0.0,-0.0,-0.0,0.00010563195497169629,9.908092382936208e-5,-3.104529461225009e-5,0.0005125107478978388,2.034858392859903e-5,-1.0997618199780968e-5,9.625985879040526e-5,-3.773414292099336e-6,-2.6741338448384207e-5,-4.6535834799097946e-5,-0.0009376468321745214,4.570761377805924e-8,-2.9437429828588125e-8,-0.0
-6.37e-322,-0.0,-0.0,-0.0,0.00017391516217703134,4.2243334672491734e-5,-0.00010229656645596812,-0.0024516404245902945,-1.646173753829936e-5,-1.4293508848906232e-5,0.00012367223303232707,-1.210006323879503e-6,-3.007644518294607e-6,-6.051221773642348e-5,-0.0003988306295041515,-2.249270865079557e-6,-7.552368183060812e-8,-0.0
-6.3e-322,0.0,0.0,0.0,0.00014418386849103054,6.772651920147391e-5,-9.904020677249629e-5,-0.000641936381014039,-0.0002017377288875393,-1.1160457826737265e-5,4.986253038268531e-5,-4.506422496865757e-6,-2.349124340547888e-5,-2.414163186244601e-5,-0.000554987797025914,-3.564645260013155e-8,-3.183356305166501e-8,0.0
-1.17e-321,-0.0,-0.0,-0.0,0.00018614567461928242,-0.0009939047226721082,-0.01357815040501624,-0.008992251915103475,-0.0006180945052694754,-0.0019322133038642121,-0.0011599560792712627,-9.727148805113061e-5,-0.0009453993351516242,-0.0031181931436729403,-0.009465704798530341,-0.00010803937701353572,-5.488036248422808e-6,-0.0
-9.63e-322,-0.0,-0.0,-0.0,0.00018614776205216964,-0.0009939061482468134,-0.013578151688720392,-0.008992272072935136,-0.0006180949382065507,-0.0019322135409961508,-0.001159958310041223,-9.727152767041101e-5,-0.0009453996764860163,-0.003118194468696865,-0.009465706706671193,-0.00010803940859909278,-5.488037384591093e-6,-0.0
-1.18e-321,-0.0,-0.0,-0.0,0.00018614694168329684,-0.000993905587990666,-0.013578151184219907,-0.008992264150832452,-0.0006180947680606678,-0.001932213447802416,-0.001159957433340351,-9.727151209988628e-5,-0.0009453995423403295,-0.0031181939479575614,-0.009465705956764759,-0.00010803939618585184,-5.488036938071417e-6,-0.0
-8.7e-322,-0.0,-0.0,-0.0,0.00018614444016629798,-0.0009939038796246955,-0.013578149645867277,-0.00899223999429131,-0.0006180942492417705,-0.0019322131636306126,-0.0011599547600525076,-9.727146462132833e-5,-0.0009453991332954259,-0.00311819236008859,-0.009465703670105928,-0.00010803935833466798,-5.488035576524501e-6,-0.0
-1.36e-321,-0.0,-0.0,-0.0,0.00018614748852627705,-0.0009939059614472222,-0.013578151520510808,-0.00899226943156203,-0.0006180948814768197,-0.0019322135099237153,-0.001159958017733202,-9.727152247891488e-5,-0.0009453996317594024,-0.00311819429507291,-0.00946570645663874,-0.00010803940446029276,-5.488037235711393e-6,-0.0
-1.15e-321,-0.0,-0.0,-0.0,0.0001861463934239335,-0.0009939052135668088,-0.013578150847057985,-0.008992258856425123,-0.0006180946543507589,-0.0019322133855202753,-0.0011599568474338496,-9.727150169397491e-5,-0.00094539945268965,-0.003118193599943109,-0.009465705455596036,-0.00010803938788997948,-5.488036639660449e-6,-0.0
-1.294e-321,-0.0,-0.0,-0.0,0.00018614722632821664,-0.000993905782383786,-0.013578151359267382,-0.008992266899579212,-0.0006180948270965032,-0.001932213480137997,-0.0011599577375308848,-9.727151750242172e-5,-0.0009453995888851073,-0.003118194128639425,-0.009465706216961205,-0.00010803940049289724,-5.488037093000775e-6,-0.0
-1.19e-321,-0.0,-0.0,-0.0,0.00018614537788501153,-0.0009939045200227856,-0.01357815022253418,-0.008992249049612745,-0.0006180944437262849,-0.0019322132701552306,-0.0011599557621612305,-9.727148241914123e-5,-0.0009453992866299913,-0.003118192955317155,-0.009465704527282875,-0.00010803937252356562,-5.488036086913754e-6,-0.0
-1.117e-321,-0.0,-0.0,-0.0,0.00018614604804726386,-0.0009939049776980307,-0.013578150634662433,-0.00899225552120665,-0.0006180945827190567,-0.0019322133462855314,-0.0011599564783413055,-9.72714951387583e-5,-0.00094539939621409,-0.003118193380710956,-0.009465705139884149,-0.0001080393826639858,-5.488036451675681e-6,-0.0
-9.83e-322,-0.0,-0.0,-0.0,0.0001861478280684344,-0.0009939061933314345,-0.013578151729318368,-0.00899227271043826,-0.0006180949518984372,-0.0019322135484955848,-0.0011599583805906115,-9.727152892339332e-5,-0.0009453996872809105,-0.003118194510601532,-0.009465706767017216,-0.00010803940959800459,-5.488037420520466e-6,-0.0
-1.23e-321,-0.0,-0.0,-0.0,0.0001861438946179265,-0.0009939035070522398,-0.01357814931037245,-0.008992234726063083,-0.0006180941360942039,-0.0019322131016563915,-0.0011599541770431143,-9.727145426687082e-5,-0.0009453990440880373,-0.0031181920137949436,-0.009465703171415351,-0.00010803935007981659,-5.488035279588089e-6,-0.0
-1.907e-321,-0.0,-0.0,-0.0,0.00018614679104280406,-0.0009939054851134394,-0.013578151091580769,-0.008992262696133669,-0.0006180947368175763,-0.0019322134306896997,-0.0011599572723558437,-9.727150924074377e-5,-0.0009453995177077844,-0.0031181938523366154,-0.00946570581906293,-0.00010803939390646651,-5.488036856081791e-6,-0.0
-7.56e-322,0.0,0.0,0.0,0.00039715189254794174,-0.01412710716525634,-0.002938860745930313,-0.0032604213949197006,-0.00011939073622784474,-0.0004098648002648611,-9.933483446581292e-5,-2.0814289777847738e-5,-0.00019558980978128782,-0.0006050624569179534,-0.0023008519990227647,-2.2107081068933993e-5,-1.2084598686788777e-6,0.0
-3.06e-322,0.0,0.0,0.0,0.0004330077153571439,-9.076570687774781e-5,-0.048798243312654394,-0.0015372186011218245,-0.00023622677246035447,-0.00035824772852799207,-0.0001172563748817392,-1.845514939780265e-5,-0.0001692757360417539,-0.0005227716048139254,-0.002068854373922598,-1.928984084166992e-5,-1.0145854362636e-6,0.0
-7.3e-322,0.0,0.0,0.0,0.0007797604990095997,-0.0003866065700272695,-0.0022081083597377785,-0.045860560904600764,-7.905273832547467e-5,-0.00025965613895583234,5.091436040411848e-5,-1.2022109309954034e-5,-0.00011084593531913182,-0.00033469640163521824,-0.0013385547149351931,-1.3049457368334523e-5,-7.241039655012526e-7,0.0
-1.6e-322,-0.0,-0.0,-0.0,0.0003424155915452992,-1.6974473334004753e-5,-0.002874772240039822,0.0002603965168384604,-0.0157883688009446,-0.00029235170325035524,5.5019874067485e-5,-1.3048042194687786e-5,-0.00013580927539268595,-0.0003828692035072453,-0.0015133717673031317,-1.4790271077186034e-5,-8.001948477887017e-7,-0.0
-9.83e-322,-0.0,-0.0,-0.0,0.00018530043122580073,-0.00026874465883258784,-0.004532988832268755,-0.00446796240435801,-0.00018552393500056262,-0.046364311004026056,-0.0002661580240331816,-3.1209012400950627e-5,-0.00030550371428241495,-0.0009730324002236074,-0.003211515363619055,-3.4678996553676246e-5,-1.8065880560465907e-6,-0.0
-8.25e-322,0.0,0.0,0.0,0.0002086387604483889,-0.00035083669254095653,-0.005440828847823916,-0.0036002811947501317,-0.00024051731109623253,-0.0007755525776204573,-0.03723857437386605,-4.178550062930094e-5,-0.00038067656290431933,-0.0012583564831515172,-0.003995205165917795,-4.2571184119468765e-5,-2.2088276410405205e-6,0.0
-9.7e-322,0.0,0.0,0.0,0.0009555262063195037,-0.0002220336370902225,-0.0042961461546399725,-0.002462856263376099,-0.0001776555740259277,-0.0006089100581007729,-0.0002682946341054584,-0.0007280452566912451,-0.0002917333722988278,-0.0009409457773745602,-0.003128538455209546,-3.312960210031754e-5,-1.7270488074189703e-6,0.0
-9.9e-322,0.0,0.0,0.0,6.234056702588916e-5,-0.0002911056271661019,-0.005191538189396859,-0.002183744435144963,-0.00021215542922870808,-0.0007407884569432187,-0.0003090524519534755,-3.726282807933125e-5,-0.010663360741886674,-0.001174596114964646,-0.0038443376014810305,-4.077066011282144e-5,-2.095416959461402e-6,0.0
-4.94e-322,0.0,0.0,0.0,8.415439306453746e-5,-3.763652934516141e-5,-0.001961786966051891,0.0003015004258496498,-9.536968775359443e-5,-0.0010892850705890998,-8.841337471683415e-6,-1.2896623307607283e-5,-0.00017161780254320026,-0.04682909373691582,-0.0015307642790574466,-1.5326737300635847e-5,-8.050097194828124e-7,0.0
-5.63e-322,0.0,0.0,0.0,0.00017007046592832674,-0.0005056545358554968,-0.007666369688324113,-0.004609814283190984,-0.0003358007679861434,-0.0010925445665318386,-0.0005890391683801626,-5.576722790087887e-5,-0.0005390539167990401,-0.001760092004591545,-0.038302024952932355,-6.059012799189392e-5,-3.095896823194658e-6,0.0
-1.067e-321,0.0,0.0,0.0,0.00017690941699643355,-0.0006882723049249686,-0.009749908626028564,-0.006794447165477299,-0.00044254557588132556,-0.0013868058232540705,-0.0007803481259193719,-6.963290410027228e-5,-0.0006752481829203705,-0.0022365507878784824,-0.006860660375422431,-0.0011310879120443981,-3.941964053142542e-6,0.0
-4.64e-321,0.0,0.0,0.0,0.0001749593511720437,-0.0007128928589679101,-0.010159853938096043,-0.0065854808057595705,-0.0004936680261515658,-0.0014445438311669623,-0.0008300328461369988,-7.308529348949041e-5,-0.000707185498762324,-0.0023202028409406695,-0.007158371961119576,-8.042851071637579e-5,-0.0034963952550344578,0.0
0.0,0.0,0.0,0.0,0.0,0.0294052188279509,0.0,0.0,0.0,0.0,0.0,0.0,0.0,0.0,0.0,0.0,0.0,0.0
0.0,0.0,0.0,0.0,0.0,0.0,0.0965254981102864,0.0,0.0,0.0,0.0,0.0,0.0,0.0,0.0,0.0,0.0,0.0
-0.0,-0.0,-0.0,-0.0,-0.0,-0.0,-0.0,0.099450169554373,-0.0,-0.0,-0.0,-0.0,-0.0,-0.0,-0.0,-0.0,-0.0,-0.0
0.0,0.0,0.0,0.0,0.0,0.0,0.0,-0.0,0.0356500430589182,0.0,0.0,0.0,0.0,0.0,0.0,0.0,0.0,0.0
0.0,0.0,0.0,0.0,0.0,0.0,0.0,0.0,0.0,0.0999015738860245,0.0,0.0,0.0,0.0,0.0,0.0,0.0,0.0
0.0,0.0,0.0,0.0,0.0,0.0,0.0,0.0,0.0,0.0,0.0807198059190893,0.0,0.0,0.0,0.0,0.0,0.0,0.0
0.0,0.0,0.0,0.0,0.0,0.0,0.0,0.0,0.0,0.0,0.0,0.00154482333546665,0.0,0.0,0.0,0.0,0.0,0.0
0.0,0.0,0.0,0.0,0.0,0.0,0.0,0.0,0.0,0.0,0.0,0.0,0.0223803796126962,0.0,0.0,0.0,0.0,0.0
0.0,0.0,0.0,0.0,0.0,0.0,0.0,0.0,0.0,0.0,0.0,0.0,0.0,0.094183986499506,0.0,0.0,0.0,0.0
0.0,0.0,0.0,0.0,0.0,0.0,0.0,0.0,0.0,0.0,0.0,0.0,0.0,0.0,0.0735209400605957,0.0,0.0,0.0
0.0,0.0,0.0,0.0,0.0,0.0,0.0,0.0,0.0,0.0,0.0,0.0,0.0,0.0,0.0,0.00243599683483431,0.0,0.0
0.0,0.0,0.0,0.0,0.0,0.0,0.0,0.0,0.0,0.0,0.0,0.0,0.0,0.0,0.0,0.0,0.00816467673043813,0.0
3.0e-323,0.0,0.0,0.0,-8.719990625471333e-5,-0.0012063419520150986,-0.0008304139146564978,-0.002989457287688171,-3.720903825807293e-5,-0.00014023037287499694,-8.515966706669285e-5,-5.349655387531474e-6,-3.6946623701552077e-5,-0.00018351080855768615,-0.00038753324523714723,-4.645912796247782e-6,-2.1102439357669396e-7,0.0
2.5e-323,0.0,0.0,0.0,-0.0004557246699293274,-0.0001307991363980678,-0.012519355577027205,-0.0027708374371621628,-0.00022345591242880998,-0.00017717749081228487,-0.00014242606010055146,-8.357099177605586e-6,-6.764031572985267e-5,-0.00027883359675311766,-0.0006982702786257139,-7.723044326929133e-6,-3.790703835031415e-7,0.0
-2.0e-323,-0.0,-0.0,-0.0,-0.0010580173240223255,-0.0017826348912301651,-0.012656812048941849,-0.05821782801792773,-0.0005312517823278988,-0.002275636722265205,-0.0010733099135967776,-7.59845391401712e-5,-0.0004159353227280909,-0.002686136937388478,-0.004400556635072829,-5.5888832847080754e-5,-2.3156206008019607e-6,-0.0
4.0e-323,0.0,0.0,0.0,-1.4497296429099432e-5,-0.00015903288002282952,-0.004926515110441411,-0.002766959773473595,-0.00278921052864111,-0.00022468122562358016,-0.00016050408707663953,-1.1152565104680736e-5,-7.990174691121526e-5,-0.0005042393640121544,-0.0007684859218658837,-9.250511665384767e-6,-6.171049554043718e-7,0.0
-6.0e-323,-0.0,-0.0,-0.0,3.173034009658736e-6,-3.5993269719653736e-5,-0.00039327187443841214,-0.00044416399765802495,-1.8918769510496682e-5,-0.0015825504065983364,-7.058683567759248e-5,-3.468122111868181e-6,-3.429155513213499e-5,-0.0014298519922395026,-0.0003165223276271799,-3.1832439031017824e-6,-1.4188672156768932e-7,-0.0
-3.0e-323,-0.0,-0.0,-0.0,-7.89269066587215e-6,-2.2016289108104794e-5,-0.000313702125515817,-0.00026129206846152545,-1.0109422773371009e-5,-3.3449681245378134e-5,-0.0007593221081022308,-2.20675647228823e-6,-1.2347387209857518e-5,-5.013205739602981e-5,-0.00013891647139895313,-1.3865572244160806e-6,-7.309706854983547e-8,-0.0
-2.03e-322,0.0,0.0,0.0,-0.0005018478975050374,-0.0002627561847955771,-0.003133849845230112,-0.0031835176516471072,-0.0001452735750776755,-0.0003271797519592551,-0.0003833248934286232,-0.00014389626722472495,-0.00016444476969635087,-0.000531787930511136,-0.0015306381329237154,-1.3476521166100433e-5,-7.237017895004839e-7,0.0
-8.0e-323,0.0,0.0,0.0,2.6987367597186073e-5,-7.820287154833159e-5,-0.0008682026146876325,-0.0007630896882293355,-6.439145347680128e-5,-0.00011251121345022934,-0.00010309899078757151,-6.23741819304181e-6,-0.0006982669017999104,-0.0004131600519311118,-0.0005699364575501579,-4.7366580255731935e-6,-2.5717451994816423e-7,0.0
-1.0e-323,-0.0,-0.0,-0.0,-4.687689207850841e-7,-5.657809449193642e-6,-5.7789460627174247e-5,-6.194334094815546e-5,-3.0770766750803054e-6,-1.2078040216345924e-5,-1.361971754174885e-5,-5.733088849069856e-7,-6.049264964050241e-6,-0.0003391511058386045,-5.155184108810222e-5,-4.814456448149064e-7,-1.952360202650297e-8,-0.0
-4.4e-323,-0.0,-0.0,-0.0,1.2175642519988086e-5,-0.00024293726191143545,-0.0028751619342993217,-0.0021075391540252503,-0.00012499542259944535,-0.00027056176472431404,-0.00023179617088460433,-1.5654956194525224e-5,-0.00015442985261606505,-0.000515214115631081,-0.00403455810089973,-1.1437836868080048e-5,-5.830372730618243e-7,-0.0
-4.0e-323,0.0,0.0,0.0,-4.116902691117225e-7,-1.8999589942833614e-5,-0.00020248271854354268,-0.00019770971278056568,-9.566663108752486e-6,-2.8312689584422228e-5,-2.4137719214487353e-5,-1.619651063276627e-6,-1.5069979673603342e-5,-4.9302060099664276e-5,-0.00014654464936330792,-2.3511180982126582e-5,-8.517371971566297e-8,0.0
0.0,0.0,0.0,0.0,6.284859483573966e-8,-1.164245794807651e-6,-5.430186059140201e-6,-8.190210828246132e-6,-2.5951508397471135e-7,-1.0780914484363145e-6,-8.589412363063456e-7,-5.3687643320834765e-8,-3.4427330324087146e-7,-1.493507934193134e-6,-3.404312865005751e-6,-4.6772303698426977e-8,-1.2757700874455424e-6,0.0
1.73e-322,-0.0,-0.0,-0.0,-2.1548900907558e-5,0.00021075307131733053,9.493592804902799e-5,0.00025181069862546265,1.044991020904496e-5,1.6476395787577753e-5,1.4180195511859169e-5,9.60870831671461e-7,7.266432507220413e-6,2.6757329957067885e-5,6.614422848186152e-5,6.856064657998907e-7,3.4437194854085425e-8,-0.0
2.0e-323,-0.0,-0.0,-0.0,1.6322269800719045e-6,-1.9847145756412608e-7,4.562120290836845e-6,6.250198988280595e-7,4.903301784293085e-7,8.804049536379353e-7,-7.820063145932713e-7,2.6601846098866175e-8,1.036403059115599e-7,5.320650002004436e-7,9.97540618101462e-7,6.015897900298867e-9,5.27559305934403e-10,-0.0
6.4e-323,-0.0,-0.0,-0.0,-9.996001491924333e-10,6.826589089759945e-10,6.14722010279836e-10,9.652895285161915e-9,2.0731874179336565e-10,1.1355435740092169e-10,1.0682393564260291e-9,1.897231715303174e-11,1.634533567915116e-10,6.345086132739267e-10,9.137436824697128e-10,1.5125241773137575e-11,5.440720094551884e-13,-0.0
2.5e-323,-0.0,-0.0,-0.0,1.1282587442302134e-10,-7.705213154397078e-11,-6.938392555774099e-11,-1.0895278456776622e-9,-2.3400177295494767e-11,-1.2816952001623391e-11,-1.2057286388088302e-10,-2.1414181048722413e-12,-1.844909971242977e-11,-7.161744003109861e-11,-1.0313494777331512e-10,-1.7072182565882374e-12,-6.140906469405431e-14,-0.0
1.33e-322,-0.0,-0.0,-0.0,-1.6488525140389465e-5,0.00017028499067469355,7.936823378422289e-5,0.00020394973620693126,8.729510209499982e-6,1.3825295790707373e-5,1.1017243910167906e-5,7.921029797980997e-7,5.934337903358983e-6,2.1938199172533893e-5,5.404969382726672e-5,5.577668807641059e-7,2.814499529652713e-8,-0.0
4.4e-323,0.0,0.0,0.0,-4.625727597388236e-10,3.1590573332883866e-10,2.8446737779066657e-10,4.4669525799480585e-9,9.593836348388283e-11,5.254816014410613e-11,4.943360925035968e-10,8.779587521894387e-12,7.56393135334527e-11,2.93623802522915e-10,4.228418566899001e-10,6.999323399239066e-12,2.517735328764393e-13,0.0
4.0e-323,0.0,0.0,0.0,4.289727425020215e-12,-3.5571081461683788e-12,9.871410912379278e-11,-4.013491534641585e-11,1.108465693919743e-12,2.4610938290993586e-12,-6.565411455114728e-12,3.208049924536243e-14,-3.757008801468803e-14,-1.473768513040054e-13,3.9620156822989105e-12,-8.031239661303576e-15,1.1830360243178368e-15,0.0
1.0e-323,-0.0,-0.0,-0.0,1.3091937344827147e-10,-8.940618258961573e-11,-8.049352543637777e-11,-1.2642047423949243e-9,-2.7150275921418132e-11,-1.4869053860950444e-11,-1.3990612936495076e-10,-2.484655341242255e-12,-2.1406599352889853e-11,-8.309774440858007e-11,-1.1966669415171046e-10,-1.980882330346911e-12,-7.125258012930853e-14,-0.0
-1.0e-323,-0.0,-0.0,-0.0,3.186953147758387e-11,-2.176472598334118e-11,-1.9598710320944783e-11,-3.077563006617948e-10,-6.609795372523664e-12,-3.620369113211449e-12,-3.405790653890229e-11,-6.04880859352508e-13,-5.211265161440534e-12,-2.0229588896858196e-11,-2.913226283025825e-11,-4.822272446084495e-13,-1.734581523932667e-14,-0.0
-1.5e-323,-0.0,-0.0,-0.0,1.8895753624363497e-10,-1.2904514114220454e-10,-1.1620280832058822e-10,-1.8247168809135433e-9,-3.919010522658854e-11,-2.1465539489520176e-11,-2.0193261386450522e-10,-3.586396172209127e-12,-3.0898097029370894e-11,-1.1994314841241469e-10,-1.7272775816735458e-10,-2.8591717143446176e-12,-1.028488028945316e-13,-0.0
-5.0e-324,0.0,0.0,0.0,-5.1273494463758536e-12,2.880295517296779e-12,1.039161767804835e-10,5.0839298988000076e-11,3.0517036507088753e-12,3.5157934854175234e-12,3.512874646180135e-12,2.1027973290383175e-13,1.4992519951931808e-12,5.818704351338503e-12,1.2529312247557833e-11,1.3419770315827098e-13,6.2111624568418846e-15,0.0
-1.5e-323,-0.0,-0.0,-0.0,2.4015640499743023e-11,-1.6401049237526956e-11,-1.4768824438964137e-11,-2.3191316720582906e-10,-4.980885160428752e-12,-2.728165567569091e-12,-2.5664713013067177e-11,-4.558146236769918e-13,-3.927006439772279e-12,-1.5244226647783168e-11,-2.195291688372939e-11,-3.6338772968710073e-13,-1.3071324166416206e-14,-0.0
7.76e-322,-0.0,-0.0,-0.0,-0.00018975764073215018,0.00012250455609976154,0.0005682832015601407,0.005036311158389619,6.741200963898096e-5,9.40763006293542e-5,8.008337155815986e-5,5.4576674381901065e-6,3.901263080261856e-5,0.00015039205496609716,0.00031785018501639674,3.5700739695166594e-6,1.7162257725660403e-7,-0.0
1.126e-321,-0.0,-0.0,-0.0,0.00015042839413865523,-1.991984721029028e-5,0.0004199446677925355,5.895875915914246e-5,4.513857925165215e-5,8.104624978136262e-5,-7.210389665943368e-5,2.446949048283855e-6,9.517108990286137e-6,4.89097371774111e-5,9.1588961369061e-5,5.511934594398722e-7,4.844508919462101e-8,-0.0
-1.5e-323,-0.0,-0.0,-0.0,5.750589788114839e-10,-3.9272617507285385e-10,-3.536428200343194e-10,-5.55320469423564e-9,-1.192681978430264e-10,-6.53265919682286e-11,-6.145463897325194e-10,-1.0914565389640642e-11,-9.403291963508984e-11,-3.6502583932846185e-10,-5.256665011093988e-10,-8.701385132237424e-12,-3.129992358535097e-13,-0.0
2.0e-323,-0.0,-0.0,-0.0,3.772477483007866e-10,-2.5763456516335725e-10,-2.3199526240104802e-10,-3.642989880588276e-9,-7.824182059930441e-11,-4.28552843847913e-11,-4.0315210470409115e-10,-7.160126235113518e-12,-6.168707645788863e-11,-2.3946269982245793e-10,-3.4484550570847263e-10,-5.708244912376714e-12,-2.0533263749560402e-13,-0.0
9.34e-322,-0.0,-0.0,-0.0,-4.5888762788247854e-5,6.262420516279982e-5,0.0005095242222260878,0.0029498262262898497,5.8442572401247596e-5,8.927647498911658e-5,1.5682515570406104e-5,4.215336339792935e-6,2.6723354760127973e-5,0.00010824194953962132,0.00022373063039726252,2.3087976364181185e-6,1.2037195980400658e-7,-0.0
5.0e-324,0.0,0.0,0.0,1.8108107007459535e-10,-1.236660581144232e-10,-1.1135905402321706e-10,-1.7486558801959025e-9,-3.7556519123878553e-11,-2.0570784798009982e-11,-1.9351530425372586e-10,-3.436901642792647e-12,-2.961014824269083e-11,-1.1494347424807246e-10,-1.6552780377416537e-10,-2.7399901850099545e-12,-9.856059616442751e-14,0.0
9.0e-323,-0.0,-0.0,-0.0,-1.4213492152742528e-5,8.360122287010668e-6,6.338583876444033e-5,0.00014282225506707756,8.472189582140508e-5,1.0524266938354619e-5,9.367128360519374e-6,6.077086929017038e-7,4.442905436935184e-6,1.711325677621256e-5,3.2765386564531886e-5,3.792534130393613e-7,1.7402938321281788e-8,-0.0
-0.0,-0.0,-0.0,-0.0,1.1933979034419303e-10,-8.121806013374596e-11,-7.16384821814983e-11,-1.1472779431550918e-9,-2.4487709275676544e-11,-1.3221558077376703e-11,-1.272314891501112e-10,-2.246935969473044e-12,-1.939768235355527e-11,-7.525885830647402e-11,-1.083065222774314e-10,-1.796101300404777e-12,-6.451015050632812e-14,-0.0
-2.5e-323,-0.0,-0.0,-0.0,2.163480610140261e-10,-1.4775101009476122e-10,-1.3304713106083045e-10,-2.0892206004384753e-9,-4.487095450837336e-11,-2.457711021042091e-11,-2.3120395747088339e-10,-4.106265710474824e-12,-3.537696089185781e-11,-1.373296545942043e-10,-1.9776569484589344e-10,-3.273625374725382e-12,-1.1775629834808185e-13,-0.0
-1.0e-323,0.0,0.0,0.0,6.441666483902166e-11,-4.3992190585466494e-11,-3.961418205139048e-11,-6.220558820940196e-10,-1.3360118130330248e-11,-7.317722247577101e-12,-6.883992633923256e-11,-1.2226220772076577e-12,-1.0533330656581118e-11,-4.0889271920933114e-11,-5.888385821243073e-11,-9.747106372101148e-13,-3.506121585405755e-14,0.0
7.4e-323,-0.0,-0.0,-0.0,-1.4213492923600416e-5,8.360123656099986e-6,6.338581501069117e-5,0.00014282226379275332,8.472185794979197e-5,1.0524263113218463e-5,9.367132134453224e-6,6.077085631911229e-7,4.442904660290201e-6,1.7113253854582412e-5,3.276537861499657e-5,3.792533552231788e-7,1.7402934557272124e-8,-0.0
-2.0e-323,-0.0,-0.0,-0.0,9.135528543994495e-11,-6.238944414618163e-11,-5.6180568154712694e-11,-8.821957581392949e-10,-1.89472410735743e-11,-1.0377947436915935e-11,-9.76283441131834e-11,-1.7339145873815456e-12,-1.4938299796886702e-11,-5.798891786913015e-11,-8.350867067305836e-11,-1.382323306270817e-12,-4.972388353450633e-14,-0.0
-5.0e-324,-0.0,-0.0,-0.0,3.641048270493057e-10,-2.4870628283544205e-10,-2.1036014149607508e-10,-3.507574334881125e-9,-7.401085238624768e-11,-1.6030614616180785e-11,-3.902927871894164e-10,-6.800916346575794e-12,-5.887046887002836e-11,-2.2831895092177067e-10,-3.2711156187865625e-10,-5.455196209143403e-12,-1.951708935957544e-13,-0.0
-2.0e-323,0.0,0.0,0.0,1.1159801874356869e-10,-7.621386255347078e-11,-6.862920816777394e-11,-1.0776749884915284e-9,-2.3145617899851162e-11,-1.2677513950530088e-11,-1.1926109000410864e-10,-2.1181200142582114e-12,-1.8248368016282317e-11,-7.083822101214293e-11,-1.0201274926928777e-10,-1.6886222237671243e-12,-6.074157749832452e-14,0.0
-1.0e-323,0.0,0.0,0.0,5.162209048980289e-10,-3.5254377048313376e-10,-3.174592884385911e-10,-4.985019728991847e-9,-1.0706508025395712e-10,-5.864260183912157e-11,-5.516680825816007e-10,-9.797824508369511e-12,-8.441179260275915e-11,-3.276776430016249e-10,-4.718821154152365e-10,-7.811089731621558e-12,-2.80973327792486e-13,0.0
-2.5e-323,-0.0,-0.0,-0.0,3.312402587621104e-11,-2.2621456911117032e-11,-2.0370211901307588e-11,-3.198706399526714e-10,-6.8699756281567265e-12,-3.7628831333547475e-12,-3.5398540331916366e-11,-6.286907998427381e-13,-5.4163980670216264e-12,-2.102588705931401e-11,-3.0278969561278626e-11,-5.012093054572734e-13,-1.802959960145809e-14,-0.0
-5.0e-324,-0.0,-0.0,-0.0,2.1992064717809467e-10,-1.5023827894742177e-10,-1.2169146860734624e-10,-2.115222572168241e-9,-4.410680648982384e-11,3.486813898009089e-13,-2.3620793761312157e-10,-4.0643136692610296e-12,-3.529365084068337e-11,-1.3679624273206389e-10,-1.9531150196914885e-10,-3.273502766366993e-12,-1.1669329379584548e-13,-0.0
-5.0e-324,0.0,0.0,0.0,2.2932850067193555e-10,-1.5661577095905042e-10,-1.4102966997304757e-10,-2.2145695731884856e-9,-4.756311556201884e-11,-2.605168364182121e-11,-2.4507573033638907e-10,-4.352633527280272e-12,-3.749950786688496e-11,-1.4556912000643144e-10,-2.096312220912137e-10,-3.470036766428774e-12,-1.24820152487071e-13,0.0
-0.0,-0.0,-0.0,-0.0,1.4143116584675855e-10,-9.658787369836621e-11,-8.697563515905773e-11,-1.3657664363921227e-9,-2.9333060084027e-11,-1.6066540186523718e-11,-1.5114278769718568e-10,-2.6843500720373157e-12,-2.3126642667661373e-11,-8.977516364220542e-11,-1.2928348613572798e-10,-2.1400368094118238e-12,-7.697916344408002e-14,-0.0
-2.0e-323,-0.0,-0.0,-0.0,1.697964589399882e-10,-1.1595944348648154e-10,-1.0441938389368268e-10,-1.6396832520128552e-9,-3.521607396758717e-11,-1.9288843145472464e-11,-1.814558303167806e-10,-3.22272102531963e-12,-2.7764903978698277e-11,-1.0778041223204252e-10,-1.552124600064832e-10,-2.5692390889184014e-12,-9.241796646938141e-14,-0.0
-1.9e-322,-0.0,-0.0,-0.0,-2.0621354159112255e-5,1.6480683943638047e-5,0.00012090380531914662,0.00026292379678671856,1.3284969655068396e-5,2.169758684044084e-5,0.0004040352410995494,1.2940905476919354e-6,9.61938105740493e-6,3.6749311591663695e-5,8.124616841367015e-5,9.024001124281536e-7,4.36575696693788e-8,-0.0
-1.0e-323,-0.0,-0.0,-0.0,8.108219188704045e-8,-1.073693776268512e-8,2.2650378854270568e-7,3.0659995009872526e-8,2.4341542218126902e-8,4.37135427095031e-8,-3.7496117281016774e-8,1.3207247710123536e-9,5.144323539216514e-9,2.6415863988556604e-8,4.9503852002946454e-8,2.985421370716202e-10,2.618425152895958e-11,-0.0
-1.5e-323,-0.0,-0.0,-0.0,7.400144155282269e-11,-5.053795474545381e-11,-4.5508515058368296e-11,-7.146139574938429e-10,-1.5348022576747898e-11,-8.406543052769311e-12,-7.908288418059219e-11,-1.404540333939367e-12,-1.2100621013407262e-11,-4.6973321526499023e-11,-6.764537545071578e-11,-1.1197376807022858e-12,-4.0278052680161594e-14,-0.0
-1.93e-322,-0.0,-0.0,-0.0,-2.0221061348878446e-5,1.6199137373442783e-5,0.00011905465927589663,0.0002585754073400832,1.3081409297246424e-5,2.1367912186815216e-5,0.0003972917317939436,1.2735159287816117e-6,9.463128157050433e-6,3.6157174110396415e-5,7.993069713686895e-5,8.876112551334724e-7,4.295041128128361e-8,-0.0
-2.0e-323,-0.0,-0.0,-0.0,2.439900506783287e-10,-1.6662861354586514e-10,-1.5004600570799756e-10,-2.3561525863189414e-9,-5.060393570856059e-11,-2.7717212371424764e-11,-2.6074403851872816e-10,-4.630908147425497e-12,-3.9896940320667244e-11,-1.5487570380848426e-10,-2.2303344665252852e-10,-3.691884746945385e-12,-1.3279959651717488e-13,-0.0
-2.0e-323,-0.0,-0.0,-0.0,7.732465585469026e-11,-5.28074809064016e-11,-4.755218814891028e-11,-7.467053820833961e-10,-1.6037265840377683e-11,-8.7840669730364e-12,-8.263428068594709e-11,-1.4676146639079496e-12,-1.2644028962155248e-11,-4.9082796235534676e-11,-7.068316144268663e-11,-1.1700217561598093e-12,-4.208724183477348e-14,-0.0
-3.75e-322,-0.0,-0.0,-0.0,-4.26664770405095e-5,2.0654577600437242e-5,0.00013225696992314015,0.00035302908694171585,1.820649572994371e-5,2.5883390934148073e-5,2.4629892185141664e-5,6.173278164096913e-6,1.0784811622785934e-5,4.30701569996135e-5,8.09026016752129e-5,9.536089311781709e-7,4.3865694822733033e-8,-0.0
-3.0e-323,-0.0,-0.0,-0.0,2.9166498230360376e-6,-3.8640016175184023e-7,8.146670306140956e-6,1.1042850066262563e-6,8.758661406530409e-7,1.5724753583541707e-6,-1.3976147897919181e-6,4.784368533822568e-8,1.8485960301701826e-7,9.497570616377277e-7,1.7781015224953095e-6,1.0713603095452446e-8,9.405397759335803e-10,-0.0
-1.5e-323,-0.0,-0.0,-0.0,2.0165284241424677e-14,-1.3773375653857715e-14,-1.2379336659554768e-14,-1.947421676461714e-13,-4.178203143559119e-15,-2.2884998050973534e-15,-2.1551791888558273e-14,-3.8268476575270304e-16,-3.2931998348796707e-15,-1.2795332377933384e-14,-1.8423020337504812e-14,-3.0516281967998403e-16,-1.0239107467115643e-17,-0.0
-3.06e-322,-0.0,-0.0,-0.0,-3.3333604649724774e-5,1.67561317392098e-5,0.00011371021335304329,0.000291053463726303,1.550498076383927e-5,2.224047939433253e-5,1.941517649823105e-5,5.106767986976648e-6,8.982787812431105e-6,3.6001376226893176e-5,6.762108526191799e-5,7.908690335739104e-7,3.6650179264494205e-8,-0.0
-0.0,-0.0,-0.0,-0.0,1.2386119469146508e-9,-8.458877278163689e-10,-7.617066004069019e-10,-1.1960974405585526e-8,-2.5689019279815607e-10,-1.4070606995253999e-10,-1.3236633158447765e-9,-2.350873895945448e-11,-2.0253626632827403e-10,-7.862243145417383e-10,-1.1322261419293823e-9,-1.874179883470355e-11,-6.741619873433377e-13,-0.0
-2.0e-323,-0.0,-0.0,-0.0,3.237815560803549e-11,-2.2112078750874725e-11,-1.99115327560987e-11,-3.126679535531139e-10,-6.71528153471118e-12,-3.678153620323178e-12,-3.460145487610029e-11,-6.1453430385283e-13,-5.294434417839383e-12,-2.055244163584461e-11,-2.959715617977985e-11,-4.899234999820775e-13,-1.7623887780294405e-14,-0.0
-2.08e-322,-0.0,-0.0,-0.0,-1.7313045858537347e-5,1.257843204637481e-5,8.071463953894815e-5,0.00020862265594047023,1.1170668329495922e-5,1.606189187807765e-5,1.4673504931523364e-5,9.25902125125873e-7,4.040135887215798e-5,2.687943778922874e-5,5.0104214662464555e-5,5.893772136560846e-7,2.6736958989075833e-8,-0.0
-5.0e-324,-0.0,-0.0,-0.0,8.976387859693446e-11,-6.130262648172679e-11,-5.520191139719289e-11,-8.668279762231082e-10,-1.8617179193360492e-11,-1.0197165081872109e-11,-9.592766885424405e-11,-1.7037100837696164e-12,-1.4678076139138583e-11,-5.697873778352957e-11,-8.205397025798946e-11,-1.3582436767648292e-12,-4.8857830468686244e-14,-0.0
-5.0e-324,-0.0,-0.0,-0.0,6.891678881537011e-10,-4.706548006728496e-10,-4.238161439044278e-10,-6.655126733325914e-9,-1.4293457499835353e-10,-7.82893347457227e-11,-7.3649075846865e-10,-1.308034212992058e-11,-1.1269186553001205e-10,-4.374578780970289e-10,-6.299744776507345e-10,-1.0428000496367364e-11,-3.751059524462515e-13,-0.0
-2.2e-322,-0.0,-0.0,-0.0,-1.7313737547475616e-5,1.2578904422879466e-5,8.071506490543735e-5,0.00020862933541235387,1.1170811786939656e-5,1.606197045380399e-5,1.4674244116443015e-5,9.259152533171639e-7,4.040147197625849e-5,2.6879876847372768e-5,5.010484694143681e-5,5.893876798031895e-7,2.673733546681919e-8,-0.0
1.5e-323,-0.0,-0.0,-0.0,-2.535207121091641e-10,1.7313740184024743e-10,1.5590710518636765e-10,2.448187850026269e-9,5.258062112039214e-11,2.8799911963383933e-11,2.709291345271033e-10,4.811799599465819e-12,4.145538621959995e-11,1.6092540996768795e-10,2.3174553501185677e-10,3.836095211330633e-12,1.3798724881554388e-13,-0.0
-1.0e-323,-0.0,-0.0,-0.0,4.5180762147532224e-11,-3.0855386887810964e-11,-2.778471488873762e-11,-4.3629959742770054e-10,-9.370568389414685e-12,-5.1325216737563244e-12,-4.8283172177572034e-11,-8.575265325963297e-13,-7.387900427958354e-12,-2.8679041215048064e-11,-4.130013587469409e-11,-6.836434610159143e-13,-2.4590892100516388e-14,-0.0
-3.66e-322,-0.0,-0.0,-0.0,-3.1657442052605274e-5,2.0665110978282536e-5,0.00012322763326882624,0.00035550016667012114,1.9425290399980824e-5,3.683637454627232e-5,2.3852037108933688e-5,1.4792163061204795e-6,1.0850922427048365e-5,0.0001860597518542399,7.110181598512852e-5,8.788162016237208e-7,3.883569173184172e-8,-0.0
-0.0,0.0,0.0,0.0,1.190617577510776e-10,-8.131108010866058e-11,-7.321916097308703e-11,-1.1497503830427685e-9,-2.4693605133525147e-11,-1.3525395462826087e-11,-1.2723732707572126e-10,-2.2597808902062268e-12,-1.9468827545303997e-11,-7.557593699631136e-11,-1.0883540308960054e-10,-1.801558520687601e-12,-6.480417441860772e-14,0.0
-0.0,-0.0,-0.0,-0.0,-1.3091298547998393e-10,8.94046639972655e-11,8.050728402052245e-11,1.2641948562018345e-9,2.7151572973780266e-11,1.4871692235190768e-11,1.3990234372910899e-10,2.4847163022280144e-12,2.140672585891931e-11,8.309863732135138e-11,1.1966872333223257e-10,1.9808822383159915e-12,7.125373641097609e-14,-0.0
-3.7e-322,-0.0,-0.0,-0.0,-3.1657390977053994e-5,2.066507609715568e-5,0.00012322760185899423,0.0003554996734459516,1.9425279806825094e-5,3.6836368744089006e-5,2.3851982526194863e-5,1.4792153367111493e-6,1.085091407523835e-5,0.00018605971943340234,7.11017692965114e-5,8.78815428784967e-7,3.8835663932392136e-8,-0.0
2.0e-323,-0.0,-0.0,-0.0,7.572799426769736e-10,-5.171706988458228e-10,-4.657028459390157e-10,-7.312868240117044e-9,-1.5706112374901947e-10,-8.602684812762656e-11,-8.092798435167186e-10,-1.4373102414641836e-11,-1.2382946056212568e-10,-4.806928509349251e-10,-6.922362870772276e-10,-1.1458623637385328e-11,-4.121796899225696e-13,-0.0
5.0e-324,-0.0,-0.0,-0.0,1.1556377783694343e-10,-7.892219835388229e-11,-7.10680173684899e-11,-1.1159712403684684e-9,-2.3968116474800438e-11,-1.3128024195195075e-11,-1.2349915299851064e-10,-2.1933896265185735e-12,-1.8896842397488577e-11,-7.335553301044096e-11,-1.0563790039635907e-10,-1.7486292681539887e-12,-6.290078592251724e-14,-0.0
-1.2e-322,-0.0,-0.0,-0.0,-7.063357073853982e-6,5.234624555271049e-6,3.4979573707035836e-5,8.540012503858992e-5,4.518576080021683e-6,6.795539671089792e-6,6.198983687164914e-6,3.88833800358789e-7,2.8882063265675057e-6,1.1368201965843782e-5,6.836473558334624e-5,2.6090767056030895e-7,1.2115124862694913e-8,-0.0
-0.0,-0.0,-0.0,-0.0,3.872495684183101e-8,-5.17672044643104e-9,1.0783949054667354e-7,1.3762143105447306e-8,1.1580553249866387e-8,2.081553981810952e-8,-1.8601920570210253e-8,6.273715521864777e-10,2.4346666261552276e-9,1.252473955549702e-8,2.3671442018690393e-8,1.406610250325962e-10,1.2413218993843892e-11,-0.0
-0.0,-0.0,-0.0,-0.0,4.0611249609921225e-10,-2.773472151520535e-10,-2.4974613811182853e-10,-3.921729607979252e-9,-8.422840939139728e-11,-4.613429729512532e-11,-4.3399889374281393e-10,-7.707977156258832e-12,-6.640700324927861e-11,-2.577849515605527e-10,-3.7123102558025043e-10,-6.14500660903888e-12,-2.210428819350684e-13,-0.0
-1.04e-322,-0.0,-0.0,-0.0,-6.895017608804548e-6,5.126903604023024e-6,3.436026473785942e-5,8.37129357549343e-5,4.436962776744593e-6,6.675123468000512e-6,6.062553267642818e-6,3.815436035130958e-7,2.8324565514307015e-6,1.1150895786513634e-5,6.701830609148393e-5,2.5581419288475416e-7,1.1882766014952694e-8,-0.0
2.0e-323,-0.0,-0.0,-0.0,5.974065415704408e-10,-4.079880359695908e-10,-3.673858611263906e-10,-5.769009628036888e-9,-1.2390311931864626e-10,-6.78652866091266e-11,-6.384284543703372e-10,-1.1338720168440941e-11,-9.768716460521385e-11,-3.792112634489245e-10,-5.460946079355956e-10,-9.03953327625732e-12,-3.251627747642994e-13,-0.0
-1.0e-323,-0.0,-0.0,-0.0,8.022507228661002e-11,-5.478828679838859e-11,-4.933588174767154e-11,-7.74714276790908e-10,-1.663881912437152e-11,-9.113559719317367e-12,-8.573388555726179e-11,-1.522664860178623e-12,-1.311830597891074e-11,-5.092386781495299e-11,-7.33344694627572e-11,-1.213909344922079e-12,-4.366499045854041e-14,-0.0
-5.04e-322,-0.0,-0.0,-0.0,-4.243034118489306e-5,2.8723166247021292e-5,0.00017752509487812854,0.0004859773738309762,2.5957153306963064e-5,3.6174016392535376e-5,3.329987302043371e-5,2.0654755730981527e-6,1.4697418131891599e-5,6.029951036185043e-5,0.0001032092636757772,4.140076988644807e-6,5.775958243026176e-8,-0.0
-1.0e-323,-0.0,-0.0,-0.0,1.1311797444552346e-9,-1.7725666673899783e-10,2.988491467057521e-9,-7.229222459119444e-11,3.1428144664938594e-10,5.771215012184575e-10,-5.712815770875558e-10,1.665545975013392e-11,6.035087764262554e-11,3.2034652169855996e-10,6.132133874057954e-10,3.2700096639917357e-12,3.213687987501012e-13,-0.0
-0.0,-0.0,-0.0,-0.0,2.989502104988851e-10,-2.041626606476306e-10,-1.8384479070106012e-10,-2.8868894489502176e-9,-6.200277511386393e-11,-3.396069593420364e-11,-3.194781228347468e-10,-5.674046973910929e-12,-4.888396145884425e-11,-1.897623794216583e-10,-2.7327303599442315e-10,-4.523503069067892e-12,-1.62715797966218e-13,-0.0
-4.94e-322,-0.0,-0.0,-0.0,-4.2422492393058714e-5,2.8718302487072305e-5,0.00017749695962350552,0.00048589668659574904,2.5952984615200778e-5,3.616825527056855e-5,3.329404675414436e-5,2.0651383186861194e-6,1.4694983396485393e-5,6.028956480264209e-5,0.00010319223370027335,4.139370590739522e-6,5.775004597440846e-8,-0.0
1.0e-323,-0.0,-0.0,-0.0,-2.6013929034911714e-10,1.7765744051732124e-10,1.599772992804813e-10,2.512101827390081e-9,5.395332161975913e-11,2.9551779595212625e-11,2.7800217863706563e-10,4.9374188506005185e-12,4.253764758221173e-11,1.651266489642074e-10,2.377956456739098e-10,3.9362438417429365e-12,1.4159133207087179e-13,-0.0
-1.0e-323,0.0,0.0,0.0,7.254904763188749e-11,-4.9546075825228985e-11,-4.4615352816349234e-11,-7.005886611941738e-10,-1.5046795086567062e-11,-8.241563444237175e-12,-7.753076339776565e-11,-1.3769743273513037e-12,-1.1863129958205387e-11,-4.605142180820862e-11,-6.631773298170345e-11,-1.0977610376928665e-12,-3.948631172588896e-14,0.0
5.0e-324,-0.0,-0.0,-0.0,-3.897563398034955e-7,2.6131311279754273e-7,1.6003994817035778e-6,4.437053208008032e-6,2.4175935304467707e-7,3.3004910502201153e-7,3.0352528116512595e-7,1.8885146609587232e-8,1.3321372053065935e-7,5.477046933210032e-7,9.180744953978849e-7,1.152249703348237e-8,6.226025561170568e-8,-0.0
-0.0,-0.0,-0.0,-0.0,7.942560333983774e-11,-5.424228620968384e-11,-4.884420184702215e-11,-7.669937373590834e-10,-1.647300416455041e-11,-9.022733168413652e-12,-8.487949517262792e-11,-1.5074904681540096e-12,-1.2987573822904549e-11,-5.041638828581622e-11,-7.260365839385298e-11,-1.2018121199506116e-12,-4.323025287473813e-14,-0.0
5.0e-324,-0.0,-0.0,-0.0,-1.2977418127059682e-10,8.862693850503436e-11,7.980694880965191e-11,1.2531976879864073e-9,2.6915381123662844e-11,1.4742325355155185e-11,1.3868533641182025e-10,2.4631015453887273e-12,2.122050986455005e-11,8.23757754683489e-11,1.18627735716277e-10,1.96365117818112e-12,7.063487890963829e-14,-0.0
-0.0,-0.0,-0.0,-0.0,-3.89626299940708e-7,2.612243044171136e-7,1.6003195113696425e-6,4.435797444705686e-6,2.4173238256092903e-7,3.300343325149901e-7,3.0338631190353013e-7,1.888267846543965e-8,1.33192456576901e-7,5.47622148898671e-7,9.179556248014814e-7,1.1520529362199164e-8,6.226018483224737e-8,-0.0
-5.24e-322,-0.0,-0.0,-0.0,0.0014123477897415141,0.0002467622117252371,0.00022220490736592178,0.00348925324971532,7.493996007875441e-5,4.104674740611302e-5,0.0003861388188701734,6.857964980418916e-6,5.90838421834141e-5,0.00022935721603674887,0.0003302928040499298,5.467354132520196e-6,1.9666660588551452e-7,-0.0
2.0e-323,-0.0,-0.0,-0.0,-6.467348985185673e-5,-0.0001972369682917182,-0.00013577272829831013,-0.0004887771027460875,-6.083695714756536e-6,-2.2927675802023377e-5,-1.3923698104636748e-5,-8.74670299391445e-7,-6.040787134809134e-6,-3.0004072165264493e-5,-6.336176475186384e-5,-7.596080524531581e-7,-3.4502535481714025e-8,-0.0
3.5e-323,-0.0,-0.0,-0.0,-2.2526229235474513e-5,-0.001009105111545982,-0.0006946413014601295,-0.0025006819923720732,-3.112538136214403e-5,-0.00011730271833515309,-7.123616898161054e-5,-4.4749886405594905e-6,-3.0905867172117815e-5,-0.00015350685519924094,-0.00032417165157667434,-3.886307575878943e-6,-1.7652195996860558e-7,-0.0
-4.9e-322,-0.0,-0.0,-0.0,0.001986215993955871,0.0002467621257035893,0.00022220482990440972,0.003489252033356303,7.493993395453397e-5,4.1046733097111594e-5,0.00038613868426171577,6.857962589722208e-6,5.908382158671584e-5,0.00022935713608255586,0.0003302926889094257,5.467352226594353e-6,1.9666653732643812e-7,-0.0
-1.5e-323,-0.0,-0.0,-0.0,-0.00026924673399126426,-2.8304994033041845e-5,-0.002709188601722826,-0.0005996100827698022,-4.8355877949498997e-5,-3.834121914469393e-5,-3.0821094729227584e-5,-1.808477955012461e-6,-1.4637378909566733e-5,-6.0339646957228254e-5,-0.0001511057698317412,-1.6712681420365281e-6,-8.20308795398385e-8,-0.0
-5.0e-324,-0.0,-0.0,-0.0,-0.00018647767797272467,-0.0001024943185378218,-0.009810167133944798,-0.0021712298455010565,-0.00017510008798175998,-0.0001388363009724,-0.00011160524105030317,-6.548626118751159e-6,-5.300297900245533e-5,-0.000218494113542602,-0.0005471647446024064,-6.05178008824196e-6,-2.9703964437092425e-7,-0.0
-5.24e-322,-0.0,-0.0,-0.0,0.0016889765163880805,0.0002467619064830415,0.00022220463250048356,0.003489248933546386,7.493986737880392e-5,4.1046696631668915e-5,0.00038613834122065,6.857956497189422e-6,5.908376909734558e-5,0.00022935693232432408,0.000330292395481295,5.467347369463122e-6,1.966663626066029e-7,-0.0
3.5e-323,-0.0,-0.0,-0.0,-0.0008274963292159036,-0.00033691801613140433,-0.002392137496779927,-0.01100316980207216,-0.00010040659344668941,-0.0004300953441158368,-0.00020285560760911154,-1.4361078500265297e-5,-7.861178118873024e-5,-0.0005076799013255646,-0.000831705233059525,-1.0562989888647378e-5,-4.3765231083811133e-7,-0.0
1.53e-322,-0.0,-0.0,-0.0,-0.00023052084181747308,-0.0014457169795798533,-0.010264674646245293,-0.047214659693233275,-0.0004308452206113832,-0.0018455413955289067,-0.0008704544694819234,-6.162346354362303e-5,-0.000337323566555931,-0.0021784571331745937,-0.003568851541861945,-4.5325845273355125e-5,-1.8779683732368283e-6,-0.0
-5.4e-322,0.0,0.0,0.0,0.0005835481890641369,0.0002467619237983737,0.00022220464809384879,0.003489249178388809,7.493987263744571e-5,4.104669951207585e-5,0.0003861383683159268,6.857956978414989e-6,5.908377324324447e-5,0.00022935694841832893,0.00033029241865799536,5.467347753105546e-6,1.9666637641044692e-7,0.0
-1.0e-323,0.0,0.0,0.0,-5.543246798723485e-5,-1.3851827850634503e-5,-0.00042909952375083405,-0.00024100310124784878,-0.00024294025648119685,-1.956974539776564e-5,-1.398000613396797e-5,-9.7139019931051e-7,-6.959457480048184e-6,-4.391930809192422e-5,-6.69352094598019e-5,-8.057209840771042e-7,-5.374989262386761e-8,0.0
-4.0e-323,-0.0,-0.0,-0.0,4.0935368377541965e-5,-0.00014518118658646468,-0.004497415707728177,-0.00252595857286289,-0.002546270312980589,-0.00020511150258446833,-0.00014652429127701199,-1.0181178640984112e-5,-7.294232161482774e-5,-0.00046032018085379907,-0.0007015508923204577,-8.444793659439834e-6,-5.633551699076001e-7,-0.0
-5.1e-322,-0.0,-0.0,-0.0,9.104119678766327e-5,0.0002467620417770872,0.00022220475433203357,0.003489250846625332,7.493990846678828e-5,4.104671913685921e-5,0.0003861385529315004,6.857960257255922e-6,5.9083801491629525e-5,0.00022935705807556537,0.0003302925765732503,5.467350367083937e-6,1.9666647043874767e-7,-0.0
-1.5e-323,-0.0,-0.0,-0.0,-5.297631239683667e-6,-1.5009919825682202e-6,-1.6399502570815733e-5,-1.852266577535474e-5,-7.889347474035641e-7,-6.59923640374026e-5,-2.9435847089703805e-6,-1.4462271072911836e-7,-1.4299752405301813e-6,-5.962489558843523e-5,-1.3199078284820866e-5,-1.3274288009263282e-7,-5.9167341788294874e-9,-0.0
-4.0e-323,-0.0,-0.0,-0.0,8.470821158669408e-6,-3.449238421255836e-5,-0.00037687246774683225,-0.00042564283746119095,-1.812986709894639e-5,-0.0015165580602722077,-6.764341758372985e-5,-3.323502360283558e-6,-3.286160538570115e-5,-0.0013702271956164533,-0.0003033233918604762,-3.0505033821184466e-6,-1.359700722486636e-7,-0.0
-5.2e-322,-0.0,-0.0,-0.0,0.0004989322098293833,0.0002467621082949585,0.00022220481422977674,0.0034892517871971842,7.49399286677701e-5,4.104673020149209e-5,0.00038613865702014197,6.857962105906448e-6,5.908381741843295e-5,0.00022935711990172816,0.00033029266560786417,5.467351840879263e-6,1.966665234527848e-7,-0.0
-1.5e-323,-0.0,-0.0,-0.0,-7.535616049988646e-6,-1.7459134398789735e-6,-2.4876598106108054e-5,-2.072076806250343e-5,-8.016838201980879e-7,-2.65256333463406e-6,-6.021427715042788e-5,-1.7499639171254307e-7,-9.791530047678498e-7,-3.975492333574625e-6,-1.1016105245743455e-5,-1.0995446899087505e-7,-5.79661484164606e-9,-0.0
-2.5e-323,-0.0,-0.0,-0.0,-3.570129937989541e-7,-2.027041775192305e-5,-0.0002888255653053184,-0.0002405718954685529,-9.307751733699775e-6,-3.0797124911010866e-5,-0.0006991078968052749,-2.0317612501571335e-6,-1.1368244281454979e-5,-4.615660417784523e-5,-0.00012790042248252227,-1.2766036878467597e-6,-6.730048724860144e-8,-0.0
-5.53e-322,0.0,0.0,0.0,0.003689378420405744,0.0002467620731196564,0.00022220478255181256,0.003489251289810121,7.493991798503508e-5,4.104672435004816e-5,0.0003861386019774453,6.857961128318386e-6,5.9083808996237476e-5,0.0002293570872076371,0.00033029261852550543,5.467351061529104e-6,1.9666649541794031e-7,0.0
-6.4e-323,-0.0,-0.0,-0.0,-0.00034902158817895913,-9.811319136087925e-5,-0.0011701795609865826,-0.001188725943018559,-5.424516263947809e-5,-0.00012216892469754147,-0.00014313356521516115,-5.3730867069889766e-5,-6.140368465657783e-5,-0.0001985696429569511,-0.0005715403216100013,-5.032133711500204e-6,-2.702302736700418e-7,-0.0
-1.0e-322,-0.0,-0.0,-0.0,-0.00015282625544467242,-0.0001646430302320429,-0.0019636703173788687,-0.0019947922289482944,-9.102842361329578e-5,-0.0002050108333826328,-0.00024019138579473747,-9.016540117749944e-5,-0.00010304109385039384,-0.00033321832175607624,-0.0009590978605672059,-8.444388269895965e-6,-4.534715451579034e-7,-0.0
-5.14e-322,-0.0,-0.0,-0.0,-0.00031468025098601974,0.0002467620219022041,0.00022220473643547506,0.003489250565592041,7.493990243095605e-5,4.104671583089055e-5,0.00038613852183080996,6.85795970489773e-6,5.908379673285455e-5,0.00022935703960250698,0.0003302925499705902,5.4673499267280276e-6,1.9666645459941036e-7,-0.0
-5.0e-324,-0.0,-0.0,-0.0,-8.055956619947407e-7,-3.3629902282575576e-7,-3.733295263664568e-6,-3.281662850095421e-6,-2.7689135101474665e-7,-4.838026550211063e-7,-4.4336740226273155e-7,-2.6821639580874927e-8,-3.002554064743781e-6,-1.7766130169844518e-6,-2.4507624723534924e-6,-2.0368220534710725e-8,-1.1058716954915885e-9,-0.0
-7.0e-323,0.0,0.0,0.0,2.7793118777269385e-5,-7.78666787337866e-5,-0.000864469415062606,-0.0007598095271796223,-6.411459438050142e-5,-0.00011202742846203875,-0.0001026557895823101,-6.210599505179715e-6,-0.0006952643731652869,-0.00041138353763117106,-0.00056748583723828,-4.716292158228159e-6,-2.560687328994458e-7,0.0
-5.2e-322,-0.0,-0.0,-0.0,0.00012575530056563563,0.00024676206450570127,0.00022220477479871815,0.0034892511680111827,7.493991536930921e-5,4.104672291756819e-5,0.00038613858849773054,6.857960888925097e-6,5.908380693368733e-5,0.00022935707920106183,0.00033029260699564774,5.467350870667583e-6,1.9666648855342694e-7,-0.0
-5.0e-324,0.0,0.0,0.0,-1.4355989030876105e-6,-2.5406694493335347e-7,-2.594774967844165e-6,-2.78169860446964e-6,-1.381702485031061e-7,-5.423092123119957e-7,-6.115742975771607e-7,-2.574243883395713e-8,-2.716194914020721e-7,-1.5227913745071262e-5,-2.3147195610043946e-6,-2.1617602961303288e-8,-8.76634678175543e-10,0.0
-2.5e-323,0.0,0.0,0.0,9.669101431232385e-7,-5.403797248648787e-6,-5.519473495566436e-5,-5.9162416437210975e-5,-2.9389230520610267e-6,-1.1535740110285802e-5,-1.3008228909369358e-5,-5.475679675175747e-7,-5.777658580441464e-6,-0.0003239232429766039,-4.923719480280031e-5,-4.5982925479046677e-7,-1.864701098033095e-8,0.0
-5.5e-322,0.0,0.0,0.0,0.0003253619093201785,0.000246761845512748,0.00022220457759931697,0.0034892480714190347,7.49398488626616e-5,4.1046686489969125e-5,0.0003861382458128667,6.857954802717194e-6,5.9083754498818935e-5,0.00022935687565445094,0.0003302923138721712,5.46734601857966e-6,1.9666631401832312e-7,0.0
-5.0e-324,-0.0,-0.0,-0.0,-1.9687152945837208e-5,-1.5377967555854872e-5,-0.000181997785449044,-0.000133407778174182,-7.912222057173464e-6,-1.7126566173877575e-5,-1.4672758452345133e-5,-9.909598075711856e-7,-9.775418979130506e-6,-3.261308965419001e-5,-0.00025538757982389667,-7.24015935119584e-7,-3.690629036965412e-8,-0.0
-7.0e-323,-0.0,-0.0,-0.0,3.1863015607346256e-5,-0.00022755944469727212,-0.00269316428423024,-0.0019741335017042427,-0.00011708324619999261,-0.0002534352235584752,-0.00021712364769017076,-1.4664000565219506e-5,-0.00014465446963419828,-0.0004826011657144591,-0.003779170722309126,-1.071382426398612e-5,-5.461311025132302e-7,-0.0
-5.43e-322,-0.0,-0.0,-0.0,6.283594203533336e-5,0.00024676205433755245,0.00022220476564254545,0.0034892510242321515,7.493991228131452e-5,4.1046721226185246e-5,0.0003861385725863827,6.857960606333881e-6,5.908380449906144e-5,0.00022935706975010098,0.00033029259338551037,5.467350645378271e-6,1.9666648044974182e-7,-0.0
-1.5e-323,-0.0,-0.0,-0.0,-3.290825035656696e-6,-7.429081383225137e-7,-7.91709606110148e-6,-7.730791559017279e-6,-3.7406386828449026e-7,-1.1070301834836686e-6,-9.438226454590803e-7,-6.33290283450306e-8,-5.892419927865882e-7,-1.927733016553126e-6,-5.7299281438952995e-6,-9.192877119553188e-7,-3.330311705241511e-9,-0.0
-5.0e-323,-0.0,-0.0,-0.0,2.879218442833072e-6,-1.825673894972904e-5,-0.00019456567394068056,-0.00018997972926315765,-9.192616595071062e-6,-2.720566890655506e-5,-2.3193985991094208e-5,-1.5563236230996747e-6,-1.4480751363457318e-5,-4.737438019767226e-5,-0.0001408147977086688,-2.259189453630166e-5,-8.184345355450319e-8,-0.0
-5.4e-322,0.0,0.0,0.0,0.0001235856490287742,0.00024676207677845716,0.00022220478585010953,0.0034892513415496736,7.493991909645555e-5,4.1046724959031005e-5,0.00038613860770239563,6.857961230006845e-6,5.908380987222991e-5,0.00022935709060817474,0.00033029262342280696,5.467351142587196e-6,1.9666649833468532e-7,0.0
-1.0e-323,0.0,0.0,0.0,-6.403358406443934e-8,-5.2061864980573504e-8,-2.427473966789259e-7,-3.6638632917470283e-7,-1.1606421788396397e-8,-4.819402754099166e-8,-3.8426091675268835e-8,-2.400395658755463e-9,-1.5393824045650218e-8,-6.677846644276182e-8,-1.5219965953446017e-7,-2.09116682956765e-9,-5.7026938910560006e-8,0.0
-1.5e-323,-0.0,-0.0,-0.0,1.2696454674732668e-7,-1.1122401814717847e-6,-5.18748931605633e-6,-7.824619905439857e-6,-2.479257454183395e-7,-1.0299067778739853e-6,-8.206031684136891e-7,-5.128881099617237e-8,-3.2889294788157794e-7,-1.4267817517648024e-6,-3.2521884986564026e-6,-4.468238320062936e-8,-1.2187431933668004e-6,-0.0
-2.87e-322,-0.0,-0.0,-0.0,-0.0004245428350927671,0.0011922872573710361,0.003822667063706935,0.01816162179848815,0.0008514685164772264,0.0028851667035378016,0.001711975561053056,9.960423762027805e-5,0.0009615109475942389,0.0041666734643092335,0.005863025161899303,0.00010231079057550308,4.5745486749500645e-6,-0.0
1.117e-321,0.0,0.0,0.0,-0.00017473502139149171,0.0009067459875537288,0.0012119999122923173,0.012604813516402217,0.0006101973413383247,-0.0008342235718582443,-0.00044798619442465253,-5.485613973328039e-6,-0.0001796366432903075,-0.001202438491837281,0.0006641483154995845,-3.635104883015738e-5,-5.747568227875711e-7,0.0
-1.4e-321,0.0,0.0,0.0,-0.0002738540328977185,0.00012941992337612277,0.0030214637539322316,0.003827721402032092,0.00014985926986357345,0.004969712542490878,0.0028765880015946352,0.00013572058915273987,0.001504941487178468,0.00717354123759634,0.006471252642118633,0.00018663836446976615,6.729641807114488e-6,0.0
-6.0e-323,-0.0,-0.0,-0.0,6.4979960445209896e-6,-9.812475021960418e-6,-3.933529991238323e-5,-0.00014024179897375886,-6.367311350137304e-6,-2.369070122823316e-5,-1.4233858488657444e-5,-8.239520782180544e-7,-8.207130291646824e-6,-3.4443721101241926e-5,-5.5817067462271376e-5,-8.460316524397942e-7,-3.910576835910006e-8,-0.0
9.93e-322,-0.0,-0.0,-0.0,0.0003255687034792395,-0.0004905689572860684,-0.0019689563512714013,-0.007006524115269651,-0.0003186193959218337,-0.0011860051190897155,-0.0007131796458973767,-4.167161291697737e-5,-0.00041091911166539334,-0.0017243408629745772,-0.0027965989606177724,-4.234044652047871e-5,-1.9576242661144844e-6,-0.0
-2.37e-322,0.0,0.0,0.0,-0.0007657094357154006,0.0015226801519560237,0.005467925149688295,0.02251366978055668,0.0010400007405990403,0.0036803073258709863,0.00219783468166743,0.00012816181792379383,0.0012498134541161496,0.0053320983715988,0.008054062327430897,0.00013091867878665714,5.950441012972962e-6,0.0
-6.8e-322,-0.0,-0.0,-0.0,-8.241003442796423e-5,-0.0010680519901031095,0.0018707898766222742,-0.012498089431209081,-0.0006460686046481384,0.006875194432400184,0.003932672264119306,0.00016452608276540048,0.00198393299349857,0.00992169771976348,0.006601338636599271,0.0002649439549814964,8.564600688443234e-6,-0.0
-6.27e-322,0.0,0.0,0.0,7.10467446460005e-5,0.0009207722291326296,-0.0016128172263590054,0.010774655721037028,0.0005569786682146329,-0.005927137777328882,-0.0033903761049481457,-0.0001418387282387141,-0.0017103581441063264,-0.008553543044603292,-0.005691045929031412,-0.0002284094492068438,-7.383583202546508e-6,0.0
3.06e-322,0.0,0.0,0.0,0.00012085199786757782,-0.0015926501052903302,-0.005521521797648524,-0.023805636938187415,-0.001106085460578969,-0.003861740843572586,-0.002294017641118308,-0.00013397584859991705,-0.001302241519174532,-0.005585712339092497,-0.008240535127577275,-0.0001371680847030064,-6.219281118021249e-6,0.0
-2.8e-322,-0.0,-0.0,-0.0,0.0004399121320074533,-0.0012655813314328718,-0.012517810911762479,-0.015066094959053686,-0.0006975429478375119,-0.002156493130526499,-0.0015359182225759627,-0.00010721670954283871,-0.0009940399382769233,-0.0032376078427104964,-0.010590205171497025,-8.37368395579012e-5,-4.830870731454768e-6,-0.0
-0.0,-0.0,-0.0,-0.0,-3.91940391005389e-20,1.8865818800944658e-19,1.2240245281060315e-18,4.423003133941372e-18,1.630008832020698e-19,3.175782715229602e-19,5.813878155208155e-19,1.42220852670207e-20,2.125864153292204e-19,1.0772031399623675e-18,9.74198310674383e-19,2.2970485386438008e-20,-3.9765091279061745e-21,-0.0
-6.03e-322,-0.0,-0.0,-0.0,-0.0003506522571538631,0.0009648519437497949,-0.002499975694912051,0.017481957025530546,0.0008254210548311212,0.002933832635563561,0.0015713879808359303,7.961943639953546e-5,0.0007956699383103576,0.004155459392418731,0.0018575284495263098,9.923291737547677e-5,3.7183858506126343e-6,-0.0
-3.8e-322,0.0,0.0,0.0,-0.0032185709274084482,0.00705836764405688,0.013134003967313285,0.09768566275196887,0.0070915667806838905,0.014458610971709033,0.0045984781755717685,0.0006905028287394325,0.005724532959313187,0.0064365307548823235,0.07385647055956714,0.00015186042189755332,2.305324649520402e-5,0.0
-2.27e-322,-0.0,-0.0,-0.0,-0.00044262698230302744,0.0011805766223278477,0.004523305179511892,0.015948454362927054,0.0011568756469721901,0.00398012780611763,0.0025006190425109747,0.00011817970718445342,0.0013842553646428526,0.0057495214796430116,0.007422145827688266,0.00017090073408406283,6.900349938099788e-6,-0.0
-1.39e-321,-0.0,-0.0,-0.0,-0.00025648050660040053,0.00012940058782428073,0.00306498918667375,0.0037503513586314677,0.00014604445761747978,0.0048044091500873244,0.002942118612444043,0.00012209769995938886,0.0015447508327977027,0.006936757194813414,0.006518736625392257,0.0002072557057969119,7.418543282189209e-6,-0.0
1.146e-321,0.0,0.0,0.0,-0.00018614998893310957,0.0010511784338010544,0.0014583181533621109,0.012198136930707978,0.001010831918004599,-0.0008242809448674739,-0.00044149581546073114,-3.9179260941502935e-6,-0.00016049489367582826,-0.0011872334851037696,0.0009034124137710884,-3.63549185531329e-5,-5.18191431880735e-7,0.0
-2.3e-322,0.0,0.0,0.0,-0.0017231281847501184,0.003654555809663789,0.031115427762832604,0.05361991503188171,0.0027177721460316896,0.005294554789869322,0.0036630898588647285,0.00027383449231017736,0.002206482389689811,0.007692458451519372,0.01990911370606259,0.00019803521249396017,1.0351262347487006e-5,0.0
-9.54e-322,-0.0,-0.0,-0.0,-0.00015051686000323722,0.0018575158938748146,0.0009753798549780371,0.034176897291917,0.0017350003726609668,0.004526435734661573,0.002564394182550294,0.00014700822279253885,0.0013088855551874065,0.006391627914868352,0.0042806100056641105,0.0001569999398224218,6.192167298096587e-6,-0.0
-6.4e-322,-0.0,-0.0,-0.0,0.0002740259638340523,0.0006652286441905119,-0.0028472872018071404,0.01601527560212035,0.0008835318585181004,0.001641269032402393,0.0008524186335255999,4.740398538588858e-5,0.0003473746094336489,0.0022249544577035187,-0.0015824151459464622,5.468914941722848e-5,1.6176186292722352e-6,-0.0
-1.33e-322,-0.0,-0.0,-0.0,-0.0014954935528641066,0.0034002419774007446,-0.01800961892660715,0.044076325113279205,0.004377903286695404,0.009154893877123309,0.0009342042633711087,0.0004167131737934744,0.0035169899563420545,-0.0012688639113256378,0.05395770211292218,-4.6157663584033045e-5,1.2712147586197837e-5,-0.0
-2.0e-323,0.0,0.0,0.0,-2.3809319961188433e-6,1.9564280154837193e-7,1.8285387433466475e-5,-1.7840405216859747e-5,-1.3064583436113125e-6,3.602452775067589e-7,6.433132351235139e-7,4.530879531104004e-8,8.271744820794608e-7,1.0353547945373007e-6,1.815758312632385e-5,2.521687995919282e-8,4.06022416667364e-9,0.0
-5.53e-322,0.0,0.0,0.0,-0.001411684709824701,0.002807257981812026,0.01008082720719102,0.041506864633562957,0.001917375906585754,0.006785122438414564,0.00405199279098325,0.00023628288880202537,0.002304192755545835,0.009830412987380183,0.014848705575251569,0.00024136551684987668,1.097040756190641e-5,0.0
-3.0e-322,-0.0,-0.0,-0.0,-0.0007657096328260133,0.001522680286569163,0.005467925270905032,0.022513671684005948,0.0010400007814801175,0.003680307348262711,0.0021978348923129692,0.0001281618216649348,0.001249813486347424,0.005332098496717205,0.008054062507611436,0.0001309186817691961,5.950441120257074e-6,-0.0
1.285e-321,0.0,0.0,0.0,-0.0005548315512412439,-0.0011277431566998903,0.005603742948189152,-0.028067017518119314,-0.001561498067039535,-0.0027873544342887006,-0.0014290922378742098,-7.908863060367694e-5,-0.0005594239628174634,-0.0037563939001447246,0.0034394069718226418,-9.234108867468626e-5,-2.5966142356749776e-6,0.0
-5.43e-322,-0.0,-0.0,-0.0,0.0005559271148631453,-0.0009365568897302753,-0.03773974454799674,-0.010542888978766509,-0.0009375177705838498,0.0034009763637787294,0.0015109718095407416,-1.4471803474287004e-5,0.0005922394102336033,0.004873631953204611,-0.006850910382284193,0.00014863145942195838,4.070155140081773e-6,-0.0
3.5e-323,-0.0,-0.0,-0.0,-0.0009044491987756618,0.0017048271710827028,0.025197012180895532,0.023373133083815542,0.0013296766358507177,0.000977346530676482,0.0008722265426684299,0.00010778231186667554,0.0006441429870718506,0.0014458321449473837,0.010070173245737215,1.9424739413633392e-5,2.37294264429763e-6,-0.0
9.73e-322,-0.0,-0.0,-0.0,-0.0021061323083238566,-0.003519076772696421,-0.029739690791668917,-0.060852135154235674,-0.003426613745317313,-0.004158262395585115,-0.002652551077992892,-0.00023027311948952553,-0.0014629528624983087,-0.0057844394195426235,-0.010685859749250277,-0.00011958786512672977,-5.9251022611193705e-6,-0.0
5.4e-323,-0.0,-0.0,-0.0,-0.002438199010700666,-0.0030186953384545774,-0.0277313991387645,-0.05370536921266997,-0.0031016270374595984,-0.0029485665749476022,-0.001925137570578389,-0.00018777755444060354,-0.0010438266200778065,-0.004025654833667897,-0.007833443718581018,-7.640138691091332e-5,-3.928372225103724e-6,-0.0
1.364e-321,-0.0,-0.0,-0.0,-0.0022268971105185997,0.0062130619093932445,0.020354703681554433,0.07051725594576025,0.0052223474960199695,0.004811871673410167,0.00153084044636738,0.0003474844970290498,0.002705650396313414,-0.0022692114649125812,0.04497296080395134,-3.550062544691649e-5,1.0860957314097476e-5,-0.0
-1.744e-321,-0.0,-0.0,-0.0,-0.0009916738358379613,0.0008453057476039113,-0.0072206997025886805,0.027168406989186038,0.0018692192885937978,0.009646739300451375,0.003067637749453608,0.00034301833207001596,0.00301888256609814,0.00870574223182246,0.02888350977293642,0.00018736104763117942,1.219228919142115e-5,-0.0
-2.9e-322,0.0,0.0,0.0,0.010082458280049039,0.001522680230598611,0.005467925220504563,0.02251367089257425,0.0010400007644822756,0.0036803073389525083,0.0021978348047290443,0.00012816182010941344,0.0012498134729460408,0.005332098444694436,0.008054062432694539,0.00013091868052909238,5.950441075648443e-6,0.0
-1.43e-322,-0.0,-0.0,-0.0,-0.0016697644980954937,-0.0005457346342178158,-0.005166779404230647,-0.01018716618967551,-0.000356937190808829,-0.00040457197956305464,-0.00032455391434313446,-5.416274576893621e-5,-9.651251576773493e-5,-0.0005810338126764699,-0.0011697245271114702,-1.2459205787397128e-5,-6.186036984886647e-7,-0.0
-6.0e-323,-0.0,-0.0,-0.0,-0.0007684351637273022,-0.002472960259564639,-0.022564619334114654,-0.04351819673526672,-0.002744689711606969,-0.002543994521417453,-0.0016005829604027707,-0.00013361479631342546,-0.0009473139978394198,-0.0034446206076835582,-0.006663718596273056,-6.394217127119702e-5,-3.309768172215807e-6,-0.0
-7.36e-322,0.0,0.0,0.0,0.0004068737106664629,-0.018864559830571306,-0.001071869606304565,-0.002603090292747977,0.0005534727401708372,0.004340209604709039,0.0023433133943212914,3.538315034900615e-5,0.0008621413784666758,0.006220883552303305,-0.0080588142572503,0.00018552135459015792,-1.3437994678610537e-6,0.0
-5.4e-322,0.0,0.0,0.0,0.0004543587309318893,-0.002424214023682933,-0.0025856760987032486,-0.017436735940473316,3.943924539394313e-6,0.0028915084602336456,0.001484376546288112,-3.208346983079286e-5,0.0003065813008419121,0.004138607023613071,-0.013440573317077794,0.0001421828169411633,-5.110390766782677e-6,0.0
-6.3e-322,-0.0,-0.0,-0.0,0.00042338294571157446,-0.01641709371461726,-0.0014416471729159326,-0.004374288186326647,0.00037910403665789905,0.003395998019013306,0.0018135931307988972,1.8404150498957906e-5,0.0006255316453153121,0.004862136272998814,-0.007713321201338902,0.00014765704231882424,-1.7218461949110153e-6,-0.0
1.33e-322,-0.0,-0.0,-0.0,-3.416987817708776e-5,0.0007674478505615434,0.00020946768588328422,0.000900867927420896,1.6639793336037083e-5,-3.7008430622754843e-5,-1.3167046803453883e-5,3.059031544641233e-6,9.805021451748198e-6,-5.166084062772177e-5,0.0005643308532431804,-2.5101845895403397e-6,2.529830725564136e-7,-0.0
1.5e-323,-0.0,-0.0,-0.0,-3.11989837661102e-10,2.130678414712332e-10,1.9186373867579314e-10,3.0128100087733907e-9,6.470721630504459e-11,3.54419914648931e-11,3.3341314845748317e-10,5.921537890174541e-12,5.101618459843719e-11,1.9803944250300437e-10,2.8519267934401886e-10,4.720809350368389e-12,1.6981298944665062e-13,-0.0
1.7e-322,0.0,0.0,0.0,-4.4735597225101165e-5,0.0009528700344600596,0.00027403210112854196,0.0011675068623221746,2.3001399113201458e-5,-3.676035654133526e-5,-1.0866062468054503e-5,4.099963906933554e-6,1.5248519314436814e-5,-5.079201461395787e-5,0.0007191941379879734,-2.782856036270198e-6,3.2775180346253715e-7,0.0
2.5e-323,0.0,0.0,0.0,3.494804644800428e-6,-5.189689855401375e-6,-2.1134709401679497e-5,-7.529946044072609e-5,-3.420661946753877e-6,-1.2734446082134883e-5,-7.65703873181395e-6,-4.471799713639598e-7,-4.41049226886876e-6,-1.8514509287088155e-5,-2.9978682442382197e-5,-4.546892595955428e-7,-2.099183923296657e-8,0.0
3.5e-323,-0.0,-0.0,-0.0,-6.265108592949307e-10,4.2786430806389214e-10,3.8528407421188283e-10,6.050063028354261e-9,1.299394042401529e-10,7.117152360651988e-11,6.695312881667481e-10,1.189111737101279e-11,1.0244626650899579e-10,3.976855859352678e-10,5.726991373733685e-10,9.479918779091208e-12,3.410037530605375e-13,-0.0
-2.0e-323,0.0,0.0,0.0,-7.960940708132496e-11,5.436781440268536e-11,4.895721020072018e-11,7.687687478427225e-10,1.6511123946323907e-11,9.043615773404559e-12,8.507592577173043e-11,1.5109792397971073e-12,1.3017628882264361e-11,5.0533060729018955e-11,7.277165066915027e-11,1.204593009264037e-12,4.3330221142470736e-14,0.0
8.0e-323,0.0,0.0,0.0,4.050184881462792e-5,-0.001040267521907457,0.0001760348246808911,-0.0019458029644607426,3.103937322457173e-5,1.5605796600217804e-5,2.2223039745558052e-5,2.6016126536161282e-6,3.007915629313477e-5,4.148007449441478e-5,0.0002602631976981572,1.4009540331026045e-6,-6.812833918954122e-8,0.0
3.3e-322,-0.0,-0.0,-0.0,-0.00018653879405417979,0.0028001580666450763,0.00010469558059688341,0.002233014751572191,0.0004381671365168273,0.00019236964247399505,0.0001722290114952092,4.842896066752029e-5,0.000307794171485045,0.0003427750038042334,0.00570286808869511,-3.827280196683421e-6,2.4924593397920044e-6,-0.0
1.93e-322,-0.0,-0.0,-0.0,-0.00013306214577705176,-0.0021606409453774045,0.0004186502959000381,0.00532461144784368,0.00038785298262821014,0.00023796869865449582,0.00018929125305336308,4.576157178254107e-5,0.0002851706603333802,0.00038428749628507714,0.005423672729227772,-2.3246607442638417e-6,2.6147176324855495e-6,-0.0
3.5e-323,0.0,0.0,0.0,-0.00010147958321686966,-0.0008748482391492997,-0.0006376291445024363,-0.0022238235754222895,-7.307470348934142e-6,-9.783370968844143e-5,-6.450324610166928e-5,-3.81808236486704e-6,-3.186663901416128e-5,-0.00013557414493401516,-0.0004450461231993166,-3.2809562324344327e-6,-3.219250542432683e-7,0.0
-5.7e-322,0.0,0.0,0.0,0.0003810446505587521,-0.014775384342758274,-0.0012974824552666327,-0.00393685936207698,0.0003411936331127472,0.0030563982171780486,0.0016322338183406104,1.656373546010204e-5,0.0005629784808788936,0.004375922646068148,-0.006941989080673295,0.00013289133809574305,-1.5496615751033207e-6,0.0
-6.13e-322,0.0,0.0,0.0,-0.00035065210071177265,0.0009648518369104888,-0.002499975791118917,0.017481955514807374,0.00082542102238477,0.0029338326177917773,0.0015713878136514772,7.961943343027916e-5,0.0007956699127291453,0.004155459293115171,0.0018575283065212088,9.923291500830579e-5,3.7183857654621104e-6,0.0
-2.67e-322,0.0,0.0,0.0,0.001007965974867398,0.001522680172288564,0.00546792516799729,0.02251367006806173,0.0010400007467738922,0.0036803073292531368,0.0021978347134842327,0.0001281618184888718,0.0012498134589845008,0.005332098390497229,0.008054062354646124,0.00013091867923715306,5.950441029178484e-6,0.0
-1.5e-323,-0.0,-0.0,-0.0,-6.700835183460893e-5,-0.0001430376541793349,-0.00010425233548086128,-0.00036359468906570544,-1.1947614039997532e-6,-1.59958060578444e-5,-1.0546229221232876e-5,-6.242555517059875e-7,-5.210187596193405e-6,-2.2166342097197468e-5,-7.276499707733295e-5,-5.364356145805532e-7,-5.2634720129756995e-8,-0.0
3.0e-323,-0.0,-0.0,-0.0,-3.447132484692759e-5,-0.0007318105211399555,-0.0005333767515438205,-0.0018602279837910646,-6.1126895602081365e-6,-8.183789301303306e-5,-5.3956916997865035e-5,-3.1938250392103493e-6,-2.665643613474452e-5,-0.00011340774350894592,-0.00037228104068509437,-2.744519203612539e-6,-2.692902832407748e-7,-0.0
-5.6e-322,-0.0,-0.0,-0.0,0.0004519401568653419,0.0007940482505027135,-0.06339368046935184,0.00517096750026751,-0.001806421472947351,0.00341768590932569,0.0012979921424380997,6.046202284443382e-6,0.000625422963171422,0.004891430752481006,-0.00940137372832432,0.00014984429806903367,5.106440869764963e-6,-0.0
-5.2e-322,-0.0,-0.0,-0.0,0.0003490254460403488,0.0004516456013030211,-0.017436382568662638,-0.0028916338590003,-0.002844077309179301,0.002909410933149189,0.0008039509488420234,-4.1964114081138084e-5,0.0003348614376080713,0.004161605334488218,-0.014716576849078742,0.0001422924712163895,4.4294293758509605e-6,-0.0
-5.53e-322,-0.0,-0.0,-0.0,0.0004504344442902168,0.0007882720701723164,-0.06307119991697856,0.005119600611388618,-0.0017981974638400903,0.003395961157409541,0.0012888679882964555,5.874976854101102e-6,0.0006208183049997237,0.004860267306053571,-0.009361455920904208,0.0001489250303986118,5.073488460437584e-6,-0.0
-0.0,-0.0,-0.0,-0.0,-1.6112825094623594e-10,1.0656589688378162e-10,1.0681874438977201e-9,1.613261479895847e-9,6.90179009027917e-11,7.350377433503602e-12,1.6380396148312776e-10,4.122384760001784e-12,2.8606447059198686e-11,8.121739752256751e-11,3.546048024703491e-10,1.4934456869216087e-12,7.033023843014158e-14,-0.0
-5.0e-324,0.0,0.0,0.0,-1.554565721272767e-10,1.0616626079207849e-10,9.560078197432581e-11,1.5012062950214486e-9,3.2241950320004014e-11,1.7659837482230645e-11,1.661312541697619e-10,2.950551126963812e-12,2.5420060959477e-11,9.867798725816857e-11,1.4210420879701887e-10,2.352258443191e-12,8.461413453842954e-14,0.0
0.0,0.0,0.0,0.0,-3.097905752539001e-10,2.080777858453152e-10,1.165443577473128e-9,3.0492919453169994e-9,1.0006943783879261e-10,2.4200251558835523e-11,3.226329793935435e-10,6.95118585736834e-12,5.293752792405437e-11,1.7549287156935564e-10,4.917967560001572e-10,3.738142647627117e-12,1.5118484769887804e-13,0.0
-0.0,-0.0,-0.0,-0.0,-4.227499393606817e-11,2.8861825774918124e-11,2.5938727062254012e-11,4.081079001355814e-10,8.759416715366804e-12,4.763428993405171e-12,4.5165488602673594e-11,8.011717243197481e-13,6.9006160483418045e-12,2.6783056922783867e-11,3.855929670962723e-11,6.384048478058023e-13,2.294880891357031e-14,-0.0
-5.0e-324,-0.0,-0.0,-0.0,-3.1086833049673875e-10,2.1230192061110602e-10,1.9117401497686732e-10,3.0019798778175806e-9,6.447460809258016e-11,3.531458688944296e-11,3.3221462115421576e-10,5.900251828743993e-12,5.0832795530738376e-11,1.9732753222270706e-10,2.8416746516994083e-10,4.7038388717530665e-12,1.6920374767953926e-13,-0.0
-1.5e-323,0.0,0.0,0.0,-4.5064042816639085e-11,3.077568421255717e-11,2.7712921595215177e-11,4.351725146622129e-10,9.346356571813445e-12,5.11926578241347e-12,4.815844172690002e-11,8.553113914703905e-13,7.368814841636078e-12,2.8604961110936537e-11,4.1193443496057944e-11,6.818774797640018e-13,2.4527866113567596e-14,0.0
7.0e-323,-0.0,-0.0,-0.0,0.00010599912210930089,-1.31982862143945e-5,-0.009552709445334614,-0.00284164513009877,-0.00039651127613226316,0.0001067187913322195,2.5849832122280047e-5,-3.929535500092433e-6,4.205401615058492e-5,0.00016794737870125308,-0.00030165894343220037,8.32848322464353e-6,4.492031752123107e-7,-0.0
1.5e-322,-0.0,-0.0,-0.0,-0.0005905807209494002,0.0004862187112762673,0.026498643246166458,0.006689806171086254,0.0015578207351363517,0.0009694967247709024,0.0010412059734750435,0.00010193162450648787,0.0007252582636966499,0.0013984296099998877,0.013629323880188761,1.3884236800367598e-5,1.922574186121435e-6,-0.0
8.4e-323,0.0,0.0,0.0,-0.0003231540465413085,0.0006094457940293125,-0.021695917052025466,0.011705709700606479,0.0020828966412361765,0.0009777457126219228,0.0011028935890342378,0.00011276799813858024,0.0007308416978844176,0.0014088442925266006,0.014496630939903396,9.975887876322843e-6,1.7054756590826926e-6,0.0
-0.0,0.0,0.0,0.0,-0.0004360298845977816,-0.0001952535147344063,-0.009753406073927485,-0.004221659946354689,-0.00040281081206770646,-0.00021475684923373414,-0.00020246843493196246,-1.9075243796233682e-5,-0.00011706119915827911,-0.00032361001831401177,-0.002007343712021958,-5.262317612650402e-6,-3.751877106416303e-7,0.0
-5.0e-322,0.0,0.0,0.0,0.0004053909989998354,0.000709444863743334,-0.05676407992475095,0.004607640558567692,-0.0016183777172774345,0.003056365041766436,0.0011599811903873155,5.287479185039507e-6,0.0005587364746406,0.004374240575994969,-0.008425310328026405,0.0001340325273717841,4.566139614862624e-6,0.0
-5.63e-322,-0.0,-0.0,-0.0,-0.000350652072542313,0.0009648518176726612,-0.002499975808442246,0.017481955242781688,0.0008254210165423751,0.0029338326145917338,0.0015713877835477198,7.961943289562543e-5,0.0007956699081229108,0.004155459275234264,0.00185752828077126,9.923291458206579e-5,3.7183857501305185e-6,-0.0
-2.77e-322,0.0,0.0,0.0,0.0015818340800966865,0.001522680153867381,0.005467925151409441,0.02251366980758346,0.0010400007411795087,0.003680307326188916,0.0021978346846583474,0.00012816181797691402,0.0012498134545737955,0.005332098373375321,0.00805406232998925,0.0001309186788290059,5.950441014496284e-6,0.0
-3.0e-323,-0.0,-0.0,-0.0,-0.00026498491335161885,-4.225283210517045e-5,-0.00211063704874914,-0.0009135668096324223,-8.716825108125585e-5,-4.6473377436216986e-5,-4.381412474791158e-5,-4.127881965901439e-6,-2.533203667790238e-5,-7.002918148882767e-5,-0.0004343891411563887,-1.138764900290015e-6,-8.119059788201963e-8,-0.0
-1.0e-323,0.0,0.0,0.0,-0.00017104505252736198,-0.0001530006271197042,-0.00764276897519298,-0.003308092351809509,-0.00031564254412859286,-0.00016828346256398465,-0.0001586542233215438,-1.4947360287622718e-5,-9.172914918937963e-5,-0.00025358078523093376,-0.0015729544965656995,-4.123551482470981e-6,-2.939970685192487e-7,0.0
-6.97e-322,-0.0,-0.0,-0.0,-0.0001650495143787889,0.0007027633683889017,0.0033448866754606887,-0.016575603561550963,0.001311439906244236,0.007423484180172342,0.0042573566689019715,0.00018797765985716596,0.0022479477599683874,0.010720000557105005,0.009003971487491482,0.00028316979995265316,9.872710171597476e-6,-0.0
-4.9e-322,0.0,0.0,0.0,0.0005603345398374396,-0.0035236300073934568,-0.00937039190330592,-0.01912129144060257,-0.0007575868060242944,0.0029849072715060817,0.001473013075986787,-3.36781149593538e-5,0.000511537395192232,0.004278377753673673,-0.006990674483441016,0.00014647229327582043,7.6345468604501e-7,0.0
-4.7e-322,0.0,0.0,0.0,0.0008020984534540043,-0.0011707207233115095,-0.003273630963223687,-0.047859700800512085,0.00014233001268059564,0.0036560776393970897,0.0019841374480704466,4.740918740269621e-5,0.0009322726053905175,0.005257022442928297,-0.00020306555341208078,0.00015169045696737828,3.4984092993379558e-6,0.0
9.44e-322,-0.0,-0.0,-0.0,-0.00012466922456004265,0.00029016270428032336,0.0006567034897170333,0.011256959126765137,4.326259202530258e-6,-0.0007321178981825548,-0.0003974442552216756,-8.156903124823278e-6,-0.0001873447627125441,-0.0010571079730928208,3.638464185910776e-5,-3.095542178282274e-5,-6.852455367864635e-7,-0.0
5.0e-324,-0.0,-0.0,-0.0,1.9675916150028056e-11,-1.3437313988174671e-11,-1.2100055277097406e-11,-1.9000556293214356e-10,-4.080821867631348e-12,-2.2351711255180036e-12,-2.102700069416751e-11,-3.7344696629664067e-13,-3.217381207284502e-12,-1.2489524394708163e-11,-1.798591320205744e-11,-2.9772186571814106e-13,-1.0709602277551499e-14,-0.0
8.65e-322,-0.0,-0.0,-0.0,-0.00045177649873040624,0.0008569788971091557,0.002564739514923415,0.024487296692508088,0.00023948024454701692,-0.0003970461533847575,-0.00016505274129494473,1.630041296338724e-5,-2.3368342003643383e-5,-0.0005646573551358615,0.002099274873063194,-2.2472753362638844e-5,2.456107953206046e-7,-0.0
1.023e-321,-0.0,-0.0,-0.0,0.00032207413414053206,-0.0004853794272106817,-0.0019478217805530163,-0.0069312269138833435,-0.00031519878195434073,-0.0011732706958148828,-0.0007055228573818553,-4.122443729054543e-5,-0.0004065086566530913,-0.0017058264978686366,-0.0027666204847455653,-4.1885760693597254e-5,-1.936632548875901e-6,-0.0
-1.5e-323,0.0,0.0,0.0,4.16923044619977e-11,-2.847301290959642e-11,-2.5639410561445442e-11,-4.026124436916513e-10,-8.647056437946428e-12,-4.736219119774833e-12,-4.455517970118611e-11,-7.913160835835293e-13,-6.817472815558556e-12,-2.6464697144327742e-11,-3.811129420318458e-11,-6.308583233829489e-13,-2.2692849979675378e-14,0.0
2.0e-323,-0.0,-0.0,-0.0,2.0859965358751022e-11,-1.4245938374952825e-11,-1.282822498020891e-11,-2.0143967403618055e-10,-4.326404063718498e-12,-2.36968055492116e-12,-2.2292360970867136e-11,-3.9592011830581806e-13,-3.410996865553759e-12,-1.3241108045801258e-11,-1.9068256604847683e-11,-3.156378579628873e-13,-1.135427143837183e-14,-0.0
2.08e-322,-0.0,-0.0,-0.0,0.00018862293570524096,-0.0003368798317354501,-0.000688651388838363,-0.012617431031468231,5.551885497229904e-6,3.486772986200128e-8,6.27948105801424e-5,6.686677041200304e-6,0.00014864538308278664,9.291970237243121e-5,0.0019509800306366843,4.684634575195641e-6,5.106984597730501e-7,-0.0
1.023e-321,0.0,0.0,0.0,-0.0012531610262309172,0.002550837053436918,-0.004502919810658477,0.05573967276674808,0.0018782637155462603,-0.0002970796902529117,0.0002495647249485511,0.00015372943521834516,0.0011484794358896766,9.658292665353027e-5,0.019714801484578576,-3.611396721197747e-5,5.865265964931996e-6,0.0
5.24e-322,-0.0,-0.0,-0.0,-0.00035673710783083387,0.003776996895137765,0.004222080739300543,-0.0035539998587479703,0.0019049329286204791,0.0006228808992938558,0.0007007726845173883,0.00016438695858276916,0.0010385467216559002,0.0011722676127916029,0.017125753503720895,-1.0273407863790064e-5,5.912682075914369e-6,-0.0
2.87e-322,0.0,0.0,0.0,-0.0012545156076042814,-0.0017006950234957053,-0.010539038076149585,-0.0434816214702431,-0.00033300314159322376,-0.001220946411831604,-0.0007309593065799272,-4.598334731733483e-5,-0.00019429534607149523,-0.0016013554243795261,-0.0016884023630308654,-3.531209959778809e-5,-1.5492600862337339e-6,0.0
-4.25e-322,0.0,0.0,0.0,0.0007218886082707675,-0.0010536486510911056,-0.002946267867001044,-0.043073730722026866,0.00012809701137890325,0.003290469875438956,0.001785723703090104,4.266826865934876e-5,0.0008390453448249501,0.0047313201985325366,-0.00018275899821910762,0.0001365214112681868,3.1485683693158795e-6,0.0
-6.23e-322,-0.0,-0.0,-0.0,-0.0003506525403941055,0.0009648521371836192,-0.002499975520728397,0.01748195976071268,0.0008254211135756216,0.0029338326677396127,0.0015713882835253334,7.961944177540865e-5,0.0007956699846254437,0.0041554595722089836,0.0018575287084387129,9.92329216612678e-5,3.718386004778347e-6,-0.0
-2.5e-322,-0.0,-0.0,-0.0,0.0012845946719404128,0.001522679887243273,0.0054679249113192396,0.022513666037480246,0.00104000066020763,0.003680307281838358,0.0021978342674392167,0.00012816181056695162,0.0012498133907342963,0.005332098125557155,0.008054061973111197,0.000130918672921584,5.950440802000159e-6,-0.0
5.4e-323,0.0,0.0,0.0,-0.0008646345042975615,-0.00032143138148191925,-0.001991878216240002,-0.008218026769542124,-6.293760045488842e-5,-0.00023075887550253515,-0.0001381513434341999,-8.69085325554172e-6,-3.672182568498484e-5,-0.0003026561956943218,-0.0003191080761151588,-6.673987312335807e-6,-2.928101738645646e-7,0.0
2.3e-322,0.0,0.0,0.0,-0.0003898810250896503,-0.0013792636954307262,-0.008547159908010565,-0.03526359545602418,-0.0002700655573606875,-0.0009901875452144944,-0.0005928080467337064,-3.7292495546345665e-5,-0.00015757353317646846,-0.0012986992783344685,-0.001369294358414619,-2.863811346897806e-5,-1.256449954941478e-6,0.0
-4.45e-322,0.0,0.0,0.0,0.00017016125533477885,0.001184751004557274,-0.008456959899914252,0.015281050390836319,-0.01904323545661873,0.003658733762219262,0.002134133576877399,6.462832479987187e-5,0.0005107870566492295,0.005260054207027505,-0.0008606288875579748,0.00014841132213198275,5.770627793939664e-6,0.0
-5.34e-322,0.0,0.0,0.0,0.000310730834561515,0.0005937764289354649,-0.022727726679183533,0.002795529866406527,-0.005103226819387741,0.0029040106602011275,0.001694064179720827,-2.426649153197402e-5,-0.0004986968533605518,0.004156308231542399,-0.010835395006721616,0.0001441880987043295,4.773234002379764e-6,0.0
-4.35e-322,-0.0,-0.0,-0.0,0.00017016120561136303,0.001184750429618033,-0.00845695635301715,0.015281042877089288,-0.01904322708292607,0.003658732020007712,0.002134132559825476,6.462829186766783e-5,0.0005107867882308952,0.005260051701329507,-0.0008606287838439127,0.0001484112521036202,5.770625041412548e-6,-0.0
9.4e-323,-0.0,-0.0,-0.0,-2.7310454361986214e-5,-6.4324182515175175e-6,0.0005921456626496343,4.0305390044127606e-5,0.0009898657379397442,-5.51555459085771e-5,-3.0884956261000565e-5,1.179935795979944e-6,1.7044773165203442e-5,-7.846490098571555e-5,0.0003026962147437616,-2.8893168824454653e-6,-8.592920381250485e-8,-0.0
-2.0e-323,-0.0,-0.0,-0.0,3.6413897992096194e-11,-2.4868215878362436e-11,-2.2393358158410182e-11,-3.516401376056108e-10,-7.55230479146093e-12,-4.136614300140946e-12,-3.8914321498768485e-11,-6.911322419222384e-13,-5.954354593286233e-12,-2.3114182065202898e-11,-3.328625600634541e-11,-5.509892860078315e-13,-1.9819539835165222e-14,-0.0
8.4e-323,-0.0,-0.0,-0.0,-2.731048054851612e-5,-6.432411410178519e-6,0.0005921459522255599,4.030554833942471e-5,0.000989866204106848,-5.515556724451701e-5,-3.088495542973648e-5,1.1799366926304863e-6,1.7044784237904056e-5,-7.846492528701117e-5,0.00030269637487934195,-2.8893179349159883e-6,-8.59292321474749e-8,-0.0
-2.0e-323,0.0,0.0,0.0,-9.945488525613074e-11,6.701199295102226e-11,5.519816191340488e-11,9.4730383291238e-10,1.9811994813546548e-11,7.413593546631577e-12,1.0504902503785494e-10,1.767691436107323e-12,1.505448667443083e-11,5.799937850703844e-11,8.247204550882404e-11,1.3783812273066948e-12,4.811226115206094e-14,0.0
-4.0e-323,0.0,0.0,0.0,7.282779767971513e-11,-4.973643212916506e-11,-4.478673382226443e-11,-7.032803067419115e-10,-1.5104611537421487e-11,-8.27322824197583e-12,-7.782864290964364e-11,-1.3822646284423443e-12,-1.1908708640656719e-11,-4.622836289980595e-11,-6.657251818375497e-11,-1.101978564968235e-12,-3.963909168493502e-14,0.0
-3.0e-323,-0.0,-0.0,-0.0,-6.574605248534898e-12,4.4900046675942664e-12,4.0431681612902615e-12,6.34893205128635e-11,1.3635818074835555e-12,7.46882317379777e-13,7.026056353294604e-12,1.2478534814958118e-13,1.0750705423449102e-12,4.173309926764485e-12,6.009901358843345e-12,9.948227680995833e-14,3.578687527039817e-15,-0.0
2.0e-323,0.0,0.0,0.0,1.110533616884695e-5,4.350949709781794e-5,-0.0006263809043360115,0.00016742247684281388,-0.0008397923299762633,7.3200188036927e-5,3.86732667339148e-5,3.5465349118215342e-6,1.972621189843005e-5,3.066979628120664e-5,0.0005098698044533852,1.137342065978427e-6,1.2300162809892374e-7,0.0
5.4e-323,0.0,0.0,0.0,-0.00011800116218564107,0.00025580095210962826,-0.002147107549150862,0.0027348764511605206,0.0011909333711465654,0.0003887037922605967,0.00014850086246291733,3.1534122841790105e-5,0.00026010854067902564,6.715657862599032e-5,0.004181450229878195,-3.21744023382512e-6,3.163397075183233e-7,0.0
3.5e-323,0.0,0.0,0.0,-6.751802928992942e-5,0.00019119375195695123,0.000934106652067956,0.0028681508070578527,-0.001420408501392193,0.0002802033053831683,0.00013041139211157686,2.530756225516007e-5,0.0002450172871308117,0.00019783643991422693,0.0030737860532432876,-1.195251063412595e-7,2.913255124325004e-7,0.0
1.0e-323,-0.0,-0.0,-0.0,-6.081349159434649e-5,-6.317651773742743e-6,-0.003140149611091886,-0.000862673873074372,-0.0023496864556854604,-3.434093260501074e-6,-4.554376912832873e-5,-1.1090404217964186e-6,-4.8197370723693896e-5,-0.00022634611259120916,0.000195641590007562,-4.9689331375156425e-6,-1.6160227745942018e-7,-0.0
-3.9e-322,-0.0,-0.0,-0.0,0.00015314508498015276,0.0010662753867040874,-0.007611260717672353,0.013752938590057065,-0.017138904374618943,0.0032928588180149054,0.0019207193039178145,5.816546268223115e-5,0.0004597081094192644,0.004734046531241037,-0.000774565905395466,0.00013357012689431858,5.193562537309436e-6,-0.0
-6.1e-322,-0.0,-0.0,-0.0,-0.00035065228050969296,0.000964851959700238,-0.0024999756805489425,0.017481957251072114,0.0008254210596751622,0.0029338326382167806,0.001571388005795525,7.961943684282706e-5,0.0007956699421294739,0.004155459407244144,0.0018575284708760738,9.923291772888064e-5,3.7183858633248955e-6,-0.0
-2.57e-322,-0.0,-0.0,-0.0,0.00017916616885019427,0.0015226800245942817,0.0054679250350013675,0.022513667979643208,0.0010400007019201723,0.0036803073046854586,0.0021978344823690354,0.00012816181438418266,0.0012498134236211195,0.0053320982532203175,0.008054062156956419,0.00013091867596478384,5.950440911467416e-6,-0.0
-3.0e-323,0.0,0.0,0.0,-5.946670083883741e-5,-5.502684678488626e-7,-0.0002735070320251098,-7.513890846168291e-5,-0.00020465769059339916,-2.9910968905255974e-7,-3.9668638533274555e-6,-9.65974484846334e-8,-4.197991229076744e-6,-1.9714747334630654e-5,1.7040381153349577e-5,-4.32794098397396e-7,-1.4075559162442925e-8,0.0
-1.0e-323,-0.0,-0.0,-0.0,-1.3468614796465802e-6,-5.76733500611724e-6,-0.0028666425355737125,-0.0007875342816469004,-0.002145028750423759,-3.134975537192683e-6,-4.1576829694473326e-5,-1.0124416309743387e-6,-4.399936792989849e-5,-0.0002066313203635515,0.00017860127350376284,-4.536137968970552e-6,-1.47526679803065e-7,-0.0
-4.15e-322,-0.0,-0.0,-0.0,0.00011094388605452329,0.00038936411201691203,-0.001925803224294146,-0.0046553878759924535,0.0005318342589194351,-0.05449908598690199,0.0017033476733825167,5.506184349621884e-5,0.0007079759715044154,0.005036510334329979,-0.001560581678087468,0.0001438881367452947,2.773225346845073e-6,-0.0
-4.64e-322,0.0,0.0,0.0,0.0004930423298110155,-0.00036786139754028393,-0.0032705126389125433,-0.025053547249558265,9.633740560898887e-5,-0.009409247690398952,0.0012913935399303594,7.761101821630279e-6,0.00035340772221378045,0.00445219089554563,-0.006073514595910521,0.00014528852564914333,7.139613156611853e-7,0.0
-4.15e-322,-0.0,-0.0,-0.0,0.00011094388605451658,0.0003893641120168958,-0.0019258032242940658,-0.004655387875992226,0.0005318342589194107,-0.05449908598689954,0.0017033476733824405,5.50618434962164e-5,0.000707975971504384,0.0050365103343297515,-0.0015605816780873984,0.0001438881367452882,2.773225346845229e-6,-0.0
1.0e-323,-0.0,-0.0,-0.0,-3.879609390704424e-10,2.707221520273048e-10,3.1903288626989224e-10,4.005521454634267e-9,8.282721079221141e-11,9.358161974438744e-10,4.0432818384603333e-10,7.793160307261496e-12,6.498674147771973e-11,2.228143247166958e-10,4.565042522565063e-10,4.982453404761351e-12,2.2965657897448344e-13,-0.0
5.0e-324,-0.0,-0.0,-0.0,-3.800959538821579e-10,2.59579692312658e-10,2.337468189819377e-10,3.6704942740752153e-9,7.883253649768245e-11,4.317879391021851e-11,4.061958846721577e-10,7.214185831765016e-12,6.215281338017551e-11,2.412706241616221e-10,3.4744908833119574e-10,5.751342880022099e-12,2.0688184370905454e-13,-0.0
2.0e-323,-0.0,-0.0,-0.0,-7.680573550619497e-10,5.303021511972227e-10,5.5277998547761e-10,7.676020076616574e-9,1.6165984269921258e-10,9.789950965148156e-10,8.105245508100243e-10,1.5007354706146136e-11,1.2713962951186838e-10,4.640852458684932e-10,8.039537562448434e-10,1.0733803142066866e-11,4.365388378214199e-13,-0.0
-1.5e-323,-0.0,-0.0,-0.0,4.5767119909966865e-12,-3.1255833408903193e-12,-2.8145321793884248e-12,-4.419620700393856e-11,-9.492196912816956e-13,-5.1991228042368e-13,-4.890981402879165e-12,-8.686555096133578e-14,-7.483794387369828e-13,-2.905125336291059e-12,-4.183615161272993e-12,-6.925153597162305e-14,-2.4911261704597598e-15,-0.0
1.5e-323,0.0,0.0,0.0,-7.601919091964519e-10,5.191593817955732e-10,4.674936443896146e-10,7.340988495480371e-9,1.5766507223918905e-10,8.635761582902586e-11,8.123917639135268e-10,1.442837153500922e-11,1.2430562555425845e-10,4.825412596618355e-10,6.948981689809283e-10,1.1502685817332088e-11,4.137637913366022e-13,0.0
-2.0e-323,-0.0,-0.0,-0.0,-1.3998557614630781e-11,9.56006318914876e-12,8.60862820246171e-12,1.351806705059896e-10,2.9033221284427437e-12,1.590242597509367e-12,1.4959791720302643e-11,2.656913465979273e-13,2.289026308179878e-12,8.885766809725694e-12,1.2796203530070164e-11,2.1181646856346404e-13,7.619191182690758e-15,-0.0
-4.0e-323,-0.0,-0.0,-0.0,5.717327057559365e-6,-6.806391928165041e-6,0.00019775003113290174,-0.0004961035971191549,2.361467495849262e-5,-0.002219190499059097,-3.9304778925260956e-5,1.4154513197434132e-6,7.103117247531736e-5,-0.0013713986883096556,0.00034838537829827654,-7.364097962003289e-7,-1.707150936201266e-8,-0.0
-1.9e-322,0.0,0.0,0.0,-7.861537884210292e-5,0.00012004710662818238,0.00040139219722367043,0.0031198855323284146,0.00015716253181354792,0.0035583812009476645,-8.066015621097001e-5,1.1860353258603317e-5,0.0002640099799425729,-0.004174155601932294,0.0017445170947813142,-6.226175032353283e-6,2.643181003535682e-7,0.0
-9.4e-323,-0.0,-0.0,-0.0,-7.860523368287028e-5,0.00013589378798634262,0.0003451465099461889,0.0036220502079858967,0.0001245477820862497,-0.0023558584599480555,-5.812073479426983e-6,1.0762472581639526e-5,0.00017331969559758597,-0.002169855636526224,0.0013624777447933916,-3.651789522367787e-6,3.3404875435566435e-7,-0.0
-3.0e-323,-0.0,-0.0,-0.0,2.769257263210824e-6,-2.807323228753485e-5,-0.00019441701828078127,-0.0004914291825716941,-7.076713307614424e-7,-0.0010614810887840968,-4.821597481755876e-5,-1.5003626146310114e-6,1.2328272685347358e-5,-0.000692761180833328,-7.821786188905398e-5,-1.9489255583617007e-6,-1.0703523359961296e-7,-0.0
-3.7e-322,0.0,0.0,0.0,9.984949707711121e-5,0.000350427701069225,-0.001733222901635919,-0.004189849084801135,0.00047865083310461324,-0.049049177388167255,0.0015330129064416909,4.955565915365437e-5,0.0006371783744147667,0.0045328593011328775,-0.0014045235099386514,0.0001294993230763875,2.4959028123631566e-6,0.0
-6.1e-322,0.0,0.0,0.0,-0.0003506521813251902,0.000964851891963967,-0.002499975741544253,0.017481956293271497,0.0008254210391041258,0.0029338326269494367,0.0015713878998003534,7.961943496031441e-5,0.0007956699259109467,0.004155459344285537,0.0018575283802106516,9.923291622809112e-5,3.718385809339765e-6,0.0
-2.5e-322,-0.0,-0.0,-0.0,-0.00031334081004523933,0.0015226801334343326,0.005467925133009859,0.022513669518657284,0.0010400007349741331,0.0036803073227900467,0.0021978346526842813,0.0001281618174090427,0.0012498134496813833,0.005332098354383501,0.008054062302639501,0.00013091867837628358,5.950440998211006e-6,-0.0
-3.5e-323,-0.0,-0.0,-0.0,-5.314533092360607e-6,-1.1706824665400858e-6,-8.107215488272593e-6,-2.0493002454725457e-5,-2.9518604453448997e-8,-4.426376617297052e-5,-2.0106510292132814e-6,-6.256591810304185e-8,5.140821039071036e-7,-2.888816789799278e-5,-3.261723229337008e-6,-8.127083123183551e-8,-4.463392098807681e-9,-0.0
-6.0e-323,-0.0,-0.0,-0.0,8.083799525686727e-6,-2.690255608355513e-5,-0.00018630980843185876,-0.00047093626867058196,-6.781546282046216e-7,-0.0010172173236531396,-4.620533358813293e-5,-1.437796870575616e-6,1.1814189081956832e-5,-0.0006638730187561478,-7.49561470422038e-5,-1.8676548658848845e-6,-1.0257184649210278e-7,-0.0
-6.8e-322,-0.0,-0.0,-0.0,6.616066403737499e-5,0.0007186858129942124,-0.0015361788769425093,0.008135260586910704,0.0004877282039384887,0.0012703515177396687,-0.04066468198314293,-4.2063314352093374e-5,0.00031565355704799524,0.001791440651994625,-0.005723297214867631,0.00013938134193897773,1.9456341774800867e-6,-0.0
-5.53e-322,-0.0,-0.0,-0.0,0.00038573589166261777,0.00013992338202289454,-0.002071847457998582,-0.0050207176425755805,-4.497375787709833e-5,-0.0009894978794055607,-0.00040030672378470146,-0.0001714940951639123,-0.0003817056770989407,-0.0014447988827447286,-0.01376993489295915,0.00013847119626930526,-9.638487066233695e-7,-0.0
-6.7e-322,0.0,0.0,0.0,6.791094139187689e-5,0.0007031868722602683,-0.0015336418969851312,0.007941309208162654,0.00047718668958919797,0.0012394875806883458,-0.040097593581428864,-4.191823360987918e-5,0.0003068084728186395,0.0017474179925216203,-0.005670645213299475,0.00013695202783563175,1.8972633506591562e-6,0.0
0.0,0.0,0.0,0.0,-5.55416637423283e-12,3.793118427237498e-12,3.4156346038296943e-12,5.363523933098699e-11,1.1519438328055877e-12,6.309475429764914e-13,5.935556539930126e-12,1.0541717424127078e-13,9.082078505757423e-13,3.5255800690705085e-12,5.077113777163131e-12,8.40419858634171e-14,3.022968049831265e-15,0.0
-1.63e-322,-0.0,-0.0,-0.0,-3.344843324990279e-5,2.8888086547860586e-5,0.0003688113264337017,0.0006422851262156851,2.2465618117553953e-5,0.0001036175292839537,0.003040188603353597,9.756273112117898e-6,4.227736305328515e-5,0.00015274563668866105,0.0008078237362463826,-3.109830457102161e-6,1.6922040985042913e-7,-0.0
0.0,0.0,0.0,0.0,-1.1043436073990976e-11,7.541917334644115e-12,6.791359915471117e-12,1.0664378397200387e-10,2.290426866812198e-12,1.2545222281242315e-12,1.1801760712730999e-11,2.0960263625890724e-13,1.8058040134017046e-12,7.009965908047118e-12,1.0094904396848579e-11,1.6710198849057413e-13,6.0106922212590254e-15,0.0
-2.5e-323,-0.0,-0.0,-0.0,-1.884467271479297e-11,1.2869630305917555e-11,1.1588882214833531e-11,1.8197842163387126e-10,3.908415435140088e-12,2.1407508497434216e-12,2.0138673357931356e-11,3.576700894238836e-13,3.0814561285002134e-12,1.1961890237287422e-11,1.72260834085927e-11,2.851442533709719e-13,1.02567637090653e-14,-0.0
-1.6e-322,-0.0,-0.0,-0.0,-3.4139252222523045e-5,2.9565445444472336e-5,0.00037580383993363937,0.0006558447143530277,2.296804324428606e-5,0.00010582532019588272,0.003091852107923823,9.93722732778141e-6,4.315012295829172e-5,0.00015599099285452305,0.0008225553963252994,-3.1461080095073003e-6,1.7283423637222358e-7,-0.0
1.0e-323,-0.0,-0.0,-0.0,1.7356227326291578e-7,-2.617364314878677e-7,-1.0492140588035592e-6,-3.741159979027814e-6,-1.6985067133611654e-7,-6.317324382226521e-7,-3.692743297409472e-7,-2.218523976170411e-8,-2.1889270176585125e-7,-9.184594555561919e-7,-1.488705528201629e-6,-2.2573686536710562e-8,-1.0430693032090701e-9,-0.0
-6.0e-323,-0.0,-0.0,-0.0,1.036201849005075e-5,-2.0651392713231335e-6,5.1304162851535556e-5,-0.0003112583148662556,8.527743732946465e-6,-8.462836750103613e-5,-0.0014208555980756185,-3.2832392426910684e-6,-4.042831327397665e-6,-0.00011542775983863681,0.00010741359179834634,-4.03475141082727e-7,-4.178972151589881e-8,-0.0
-1.63e-322,-0.0,-0.0,-0.0,-5.338703583201212e-5,7.097386601772346e-5,-0.00011494386242352965,0.0013670204491645125,0.00010633619309961599,0.00016324162773952836,0.0031533418690624045,1.4024564834938361e-5,9.627328184538787e-5,0.00024362921713583403,0.001536879331607146,-3.497498452957047e-6,3.1862164884537454e-7,-0.0
-9.0e-323,0.0,0.0,0.0,-5.1606766908992075e-5,7.923348436427108e-5,-1.2869668242206243e-5,0.0016977871856462513,9.356080153357945e-5,0.00025662669048448126,-0.0015698627148354007,1.723311957383853e-5,0.00010192757219994896,0.0003723979181879476,0.001404816731570171,-1.9398954849301963e-6,3.8297481414553936e-7,0.0
-2.5e-323,0.0,0.0,0.0,-7.430370290238157e-6,-1.7976492911205215e-5,-0.00018373637887529362,-0.000274509091150065,-5.5607186387134e-6,-5.302304441585187e-5,-0.0004373123294828306,-2.4605216350279112e-6,-1.5357914130231477e-5,-7.689124732922163e-5,-0.00013463228291028025,-1.239639571070418e-6,-8.132205846671476e-8,0.0
-6.03e-322,-0.0,-0.0,-0.0,6.111984726438517e-5,0.000632868185026254,-0.001380277707293812,0.0071471782872334425,0.00042946802062785214,0.0011155388226181814,-0.0360878342232985,-3.7726410249113304e-5,0.0002761276255348629,0.0015726761932620338,-0.005103580691980215,0.0001232568250518916,1.7075370155868804e-6,-0.0
-6.13e-322,-0.0,-0.0,-0.0,-0.00035065222558179935,0.0009648519221882226,-0.0024999757143278553,0.017481956720646813,0.000825421048283023,0.002933832631976989,0.0015713879470959156,7.96194358003006e-5,0.0007956699331477335,0.004155459372377981,0.001857528420666007,9.923291689775046e-5,3.7183858334281332e-6,-0.0
-2.47e-322,0.0,0.0,0.0,9.455041468236473e-5,0.0015226800553854096,0.005467925062728218,0.02251366841503426,0.0010400007112712209,0.003680307309807298,0.002197834530551644,0.00012816181523992313,0.0012498134309936347,0.005332098281839642,0.008054062198170522,0.00013091867664700342,5.950440936007067e-6,0.0
-1.5e-323,-0.0,-0.0,-0.0,-7.498990907515805e-6,-1.42553242633243e-6,-1.4570291727764898e-5,-2.176852198173495e-5,-4.409639368093066e-7,-4.20472684638329e-6,-3.4678862311304104e-5,-1.9511926945567825e-7,-1.2178817617136158e-6,-6.09747269583272e-6,-1.0676335401511795e-5,-9.83033412911814e-8,-6.448836477658166e-9,-0.0
-3.0e-323,-0.0,-0.0,-0.0,6.858783953549107e-8,-1.6550938099904953e-5,-0.00016916606699026858,-0.00025274025264168654,-5.119747903747674e-6,-4.881831384592816e-5,-0.0004026334321430378,-2.2654017434535527e-6,-1.4140027008745948e-5,-7.079375382731213e-5,-0.00012395591754634988,-1.1413357338096586e-6,-7.487320414847861e-8,-0.0
-5.9e-322,-0.0,-0.0,-0.0,0.0010593956485455125,0.0011863236411239113,-5.233203259893567e-5,0.012640795254358694,0.000780160065171397,0.0034473925366004126,0.0017624789717945676,-0.0010072426557264193,0.0008302388716956424,0.004932900362733202,-0.0029652809583177644,0.00016836923425266384,4.095414653718756e-6,-0.0
-5.04e-322,-0.0,-0.0,-0.0,0.0005695613400554973,0.00037624874928538524,-0.0017857683803666096,-0.0047142227210518846,9.530605142620054e-5,0.0014660320355103828,0.0005060772369420765,-0.00033802499919932205,6.861345567200324e-5,0.0020856345868423367,-0.01113657991700802,0.00013136412043367985,6.098182753716467e-7,-0.0
-4.84e-322,-0.0,-0.0,-0.0,0.000982386719755212,0.0009121855907664778,-0.0004772144209959627,0.009223253363404044,0.0005968283792637116,0.0027095391855743545,0.001360282557030368,-0.0008866686516438059,0.0006238454103199251,0.0038718963371800427,-0.003216367957008093,0.00013618741451049796,3.094260328445233e-6,-0.0
-5.0e-324,0.0,0.0,0.0,3.728864837617837e-10,-2.5465610597089585e-10,-2.2931320634323064e-10,-3.6008740396396574e-9,-7.733727948019033e-11,-4.2359819540944043e-11,-3.9849134901084336e-10,-7.0773505300257105e-12,-6.097393096842513e-11,-2.366943198282443e-10,-3.4085883893137855e-10,-5.642254382205266e-12,-2.029585658105561e-13,0.0
-2.57e-322,0.0,0.0,0.0,-0.00013198435319417524,1.1247868026991384e-5,0.0003690828424423134,0.0006403046618665171,1.3823590126102516e-5,-2.2585164088933415e-5,1.1049125219343926e-5,9.649141829341059e-5,1.999308132545269e-5,-2.8668043644561263e-5,0.00081525127693668,-4.7842494780710466e-6,8.256150332965656e-8,0.0
-1.5e-323,-0.0,-0.0,-0.0,7.530826907824555e-10,-5.143042548398542e-10,-4.6312165828652793e-10,-7.272336283067874e-9,-1.5619060834233471e-10,-8.555002179942348e-11,-8.047943541197895e-10,-1.4293439041242648e-11,-1.2314313688453887e-10,-4.780285780200285e-10,-6.883995608511093e-10,-1.1395114242419482e-11,-4.0989572607439504e-13,-0.0
-2.5e-323,-0.0,-0.0,-0.0,3.2611864659698344e-11,-2.2271684702362235e-11,-2.0055251222510213e-11,-3.1492483597027197e-10,-6.763757484999233e-12,-3.704695264478112e-12,-3.485121202979648e-11,-6.189698704331257e-13,-5.3326519084744e-12,-2.0700782113577636e-11,-2.9810795410410726e-11,-4.934595047968275e-13,-1.775058318158581e-14,-0.0
-3.0e-322,-0.0,-0.0,-0.0,-0.00016503867769852184,2.059433547295626e-5,0.0004764434938967789,0.0008773352284345676,2.129609068412222e-5,-1.0749503213468309e-5,2.347831677170008e-5,0.00011788771361760074,3.009407141083551e-5,-1.056112054932677e-5,0.001030488217108182,-5.219671635413905e-6,1.2795070331111725e-7,-0.0
-3.5e-323,-0.0,-0.0,-0.0,6.239607471656667e-6,-9.422631973476401e-6,-3.7772267493230084e-5,-0.000134669199022592,-6.114262215591453e-6,-2.2749397827048124e-5,-1.3678617921415177e-5,-7.908939242708712e-7,-7.88103635541331e-6,-3.307529780594296e-5,-5.3604227773499305e-5,-8.124078229469305e-7,-3.7551481693556335e-8,-0.0
-7.0e-323,0.0,0.0,0.0,0.00016391573678737817,6.332871498450488e-5,-0.00014890657825362635,-0.00020031927125577873,7.68482447415304e-5,9.078957036556554e-5,-0.0001055178499527966,-0.0001387016193202307,7.543585617786034e-5,4.2916889292350094e-5,0.0011359291615778814,8.413223139185671e-7,2.409273575794643e-7,0.0
-3.6e-322,0.0,0.0,0.0,-0.00036558118184845033,0.0003549835530024162,-0.0020565623574531,0.006775630742913235,0.000490324084735068,0.0007992527257701163,-1.0587466647150869e-7,0.00018023349770449933,0.00044644936509979184,0.000840875085879929,0.006998680908644909,-7.957239910050082e-6,1.622674149949926e-6,0.0
-1.7e-322,-0.0,-0.0,-0.0,-5.0039644153461745e-5,0.0003271109490970641,-0.0005845314267895648,0.0073396948942054075,0.00038076614623123783,0.0007476859050194659,0.00025377756140867135,-7.782229021662736e-5,0.00037595854792587846,0.0009287660197262388,0.005655951713692543,-2.2764428543076773e-6,1.5050874808193046e-6,-0.0
-1.0e-322,0.0,0.0,0.0,-0.0005654180123720192,-8.272135609459178e-5,-0.001554551566183542,-0.0014774746038663034,-5.338931056090738e-6,-0.00014284041904766626,-0.00022664121718472008,-0.0001074819830930687,-5.095006583323262e-5,-0.0002845129671412626,-0.0004218116498994865,-7.600123629169005e-6,-3.3652755821000053e-7,0.0
-4.35e-322,0.0,0.0,0.0,0.0008841480476853753,0.0008209670317542405,-0.0004294929788383646,0.008300928027974426,0.0005371455413569013,0.0024385852670276314,0.0012242543014281235,-0.0007980017864776344,0.0005614608693033544,0.003484706703521904,-0.0028947311612210654,0.00012256867306087516,2.7848342956520417e-6,0.0
-5.93e-322,-0.0,-0.0,-0.0,-0.0003506523885933507,0.0009648520335140299,-0.0024999756140809876,0.017481958294809755,0.0008254210820918932,0.0029338326504950757,0.0015713881213009321,7.961943889424255e-5,0.000795669959803178,0.004155459475851596,0.001857528569676308,9.923291936432626e-5,3.718385922154009e-6,-0.0
-2.6e-322,-0.0,-0.0,-0.0,0.0032849965345327628,0.0015226800821719238,0.005467925086848975,0.022513668793799433,0.0010400007194061034,0.0036803073142629966,0.002197834572467762,0.00012816181598436938,0.0012498134374072988,0.005332098306736811,0.008054062234024445,0.00013091867724049578,5.950440957355843e-6,-0.0
-5.4e-323,0.0,0.0,0.0,-0.0003727587156970563,-3.0888154481119106e-5,-0.0005804695549168502,-0.0005516890187154318,-1.993556891389598e-6,-5.333661249159134e-5,-8.462783067735228e-5,-4.013377249015843e-5,-1.9024754609761297e-5,-0.00010623714203780734,-0.00015750447022693052,-2.837886165688795e-6,-1.256593903273984e-7,0.0
-7.0e-323,0.0,0.0,0.0,-0.0001926593651169875,-5.183315487222994e-5,-0.0009740819691770471,-0.0009257849242229651,-3.345359969713978e-6,-8.950379878107415e-5,-0.00014201331336567203,-6.734820930388311e-5,-3.192530003192432e-5,-0.00017827578165905235,-0.00026430711710908987,-4.7622364278647995e-6,-2.108681306299842e-7,0.0
-8.1e-322,-0.0,-0.0,-0.0,-0.00031826142293276755,0.0011817906821484216,-0.001023353132083641,0.017936423069388953,0.0008242648140717122,0.0021015338804618046,0.0019733387448009217,2.9965372468614635e-5,-0.015265537219726209,0.0029798168763471604,-0.007134315129692072,0.0001337548993103018,4.986980500892759e-6,-0.0
-7.07e-322,-0.0,-0.0,-0.0,-0.0001110832581517662,0.0009932412469791031,-0.0014061355218073792,0.01299745604678785,0.0005784155637186306,0.0005379184264259799,0.0017843443326125464,-4.291029601375392e-5,-0.008218523187950329,0.0007351103964812203,-0.01678894584030865,0.0001316389358962996,4.600369206501571e-6,-0.0
-8.05e-322,-0.0,-0.0,-0.0,-0.0003182614285555926,0.0011817906859883838,-0.0010233531286257353,0.017936423123686512,0.0008242648152378595,0.00210153388110045,0.0019733387508097697,2.9965372575334403e-5,-0.015265537218806064,0.002979816879916179,-0.007134315124551851,0.0001337548993953765,4.986980503952857e-6,-0.0
5.0e-324,0.0,0.0,0.0,-9.089009386387904e-11,6.207175279421676e-11,5.5894499790961275e-11,8.777035526401357e-10,1.885075842313126e-11,1.0325098001946652e-11,9.713121455197573e-11,1.7250856469971237e-12,1.4862234692782056e-11,5.769361525280517e-11,8.308345922085071e-11,1.375284339048606e-12,4.9470813079958406e-14,0.0
-1.4e-322,-0.0,-0.0,-0.0,-5.558585017258319e-6,-6.0760807637272175e-6,0.00034291323841412034,-8.763645719766215e-5,-2.855166862854467e-6,4.239514210861509e-5,-2.9541363444599114e-5,4.670504486563261e-6,0.0012164371491341873,6.537945721327643e-5,0.0009449960297379157,-2.957116718127003e-6,-5.740367400055179e-8,-0.0
1.0e-323,-0.0,-0.0,-0.0,-1.8178018661358594e-10,1.2414350473408283e-10,1.117889833655995e-10,1.7554070983492372e-9,3.770151588559013e-11,2.0650197693492055e-11,1.9426243522257753e-10,3.4501711237216597e-12,2.9724467623765573e-11,1.1538722821184507e-10,1.6616691113343833e-10,2.7505685975683185e-12,9.894157029625923e-14,-0.0
-0.0,-0.0,-0.0,-0.0,-1.3429337594892633e-11,9.171324974416276e-12,8.258608858791168e-12,1.2968384379669501e-10,2.785267303890819e-12,1.5255678083979745e-12,1.4351478715126857e-11,2.548875915211422e-13,2.195950232194802e-12,8.524437821648153e-12,1.227587880273187e-11,2.032034853256768e-13,7.309631447108829e-15,-0.0
-1.3e-322,0.0,0.0,0.0,-5.558663428599109e-6,-6.07602721411353e-6,0.00034291328663458724,-8.763569999840417e-5,-2.8551506002086167e-6,4.239515101613886e-5,-2.9541279649013755e-5,4.670505974803274e-6,0.0012164371619559288,6.537950698584691e-5,0.0009449961014144485,-2.9571155316620885e-6,-5.7403631321788525e-8,0.0
-1.0e-323,-0.0,-0.0,-0.0,-3.0275098496633364e-11,2.0675832835926792e-11,1.8618246363426537e-11,2.923592660934681e-10,6.27910506808029e-12,3.4392448319345852e-12,3.2353991781751356e-11,5.746186293333884e-13,4.9505454272214334e-12,1.921749439739054e-11,2.7674733216975725e-11,4.581012694997976e-13,1.6478296255097596e-14,-0.0
-1.0e-322,0.0,0.0,0.0,-2.3434165842461013e-5,3.533797350861434e-5,0.00019965555766727556,0.0006347166601303385,5.9494338941683085e-6,0.0003139450992508574,-1.7766947458516633e-5,3.8132506850321954e-6,-0.001471016105851242,-0.00035586417487098575,0.0004579074684921112,-8.356700018730272e-7,1.725468215576713e-7,0.0
-2.2e-322,-0.0,-0.0,-0.0,-9.561329518325415e-5,9.06587879059e-5,-0.00012792935007842213,0.0027303738255250606,7.395085402249723e-5,0.0012828715046603533,-6.261578361650485e-5,3.122083232472142e-5,0.0013429655990257116,-0.00025488080570542303,0.004166418364804176,-6.111019507866169e-6,3.063039119860156e-7,-0.0
-1.24e-322,-0.0,-0.0,-0.0,-7.887360684486212e-5,7.277557834215246e-5,-1.970885679303556e-6,0.0020919491254702467,7.385705066101371e-5,0.0008703314352414463,-2.8981529932864836e-6,2.6635964047096067e-5,-0.00042911178365361013,0.00022300265571156597,0.0035533943250356634,-2.7799647595691246e-6,2.0590769416520064e-7,-0.0
-5.0e-323,-0.0,-0.0,-0.0,1.598433734090481e-5,-2.7245185436315762e-5,-0.0003828121185674258,-0.00019660068131383226,-1.626679574327778e-5,4.4789277880490015e-5,-5.3906503988230214e-5,-2.084681961879423e-6,-0.0005429365163863259,-0.00022151449331182755,-0.00021885648542051885,-2.840938382548371e-6,-9.722196335634424e-8,-0.0
-7.26e-322,-0.0,-0.0,-0.0,-0.0002864352856887923,0.001063611617381868,-0.0009210178157700746,0.016142780811209304,0.000741838333711742,0.0018913804929891274,0.0017760048757167787,2.6968835317587618e-5,-0.013738983496927292,0.0026818351919174243,-0.00642088361210694,0.00012037940945566876,4.48828245355145e-6,-0.0
-6.0e-322,-0.0,-0.0,-0.0,-0.0003506522483890939,0.000964851937764053,-0.0024999757003021047,0.017481956940891292,0.0008254210530132943,0.0029338326345678873,0.0015713879714693117,7.961943623318088e-5,0.0007956699368771522,0.004155459386855193,0.0018575284415143524,9.923291724285445e-5,3.718385845841888e-6,-0.0
-2.57e-322,-0.0,-0.0,-0.0,-0.0007190622226997259,0.001522680089575154,0.00546792509351545,0.022513668898482185,0.0010400007216544078,0.003680307315494471,0.002197834584052505,0.00012816181619011748,0.0012498134391799017,0.005332098313617867,0.0080540622439337,0.0001309186774045237,5.950440963255984e-6,-0.0
2.0e-323,-0.0,-0.0,-0.0,-8.530285402860506e-7,-1.1709912438117477e-7,-1.6460424275537298e-6,-8.446027755419643e-7,-6.993046604287594e-8,1.9260307243612346e-7,-2.3171163125953409e-7,-8.962599079458513e-9,-2.33461381004182e-6,-9.52461039788467e-7,-9.410090379011156e-7,-1.2214812611823206e-8,-4.180104703657749e-10,-0.0
-8.0e-323,0.0,0.0,0.0,1.6837295509863024e-5,-2.7128038253102497e-5,-0.00038116603286376277,-0.00019575539897946797,-1.6196850682103798e-5,4.459668280223022e-5,-5.367471715347691e-5,-2.075718027158672e-6,-0.0005406018910692552,-0.00022056198760296068,-0.00021791541205556627,-2.828722505127387e-6,-9.680391458405262e-8,0.0
-5.34e-322,-0.0,-0.0,-0.0,-2.3660672710658453e-5,0.0007312881825225239,-0.0021849282227029694,0.004102613326662532,7.079399186764661e-5,-0.0347201315271304,0.001939485995683059,5.2767268555600526e-5,-0.0009773716484083343,-0.04991752802213105,-0.00539632449302378,0.0001509469428479049,3.890946010948891e-6,-0.0
-4.9e-322,0.0,0.0,0.0,4.655219230584616e-5,0.0005740244175863204,-0.0020632823703718665,0.0006126210269866365,-0.0001038489919379156,-0.03832748191792055,0.0017551140861888134,3.907292927719146e-5,-0.0012418875657564893,0.0008099893835914406,-0.0064223205343382035,0.00014195382626885504,3.3742143609775707e-6,0.0
-5.4e-322,0.0,0.0,0.0,-2.3660787872487954e-5,0.0007312882611702134,-0.002184928151882112,0.004102614438752265,7.079401575240187e-5,-0.03472013151404765,0.0019394861187526453,5.276727074136067e-5,-0.0009773716295772067,-0.049917527949030094,-0.0053963243877532706,0.00015094694459045048,3.890946073630374e-6,0.0
-5.0e-324,-0.0,-0.0,-0.0,5.534599960223746e-10,-3.779755323802194e-10,-3.403601228760779e-10,-5.344628527943607e-9,-1.147885290654517e-10,-6.287293656253201e-11,-5.914642507227734e-10,-1.0504618841130669e-11,-9.050107844790009e-11,-3.513156035166296e-10,-5.05922686297343e-10,-8.37456480065137e-12,-3.012433849620364e-13,-0.0
-3.16e-322,0.0,0.0,0.0,-4.96240855359388e-5,5.6910779169098507e-5,0.000744231183282346,0.0017396173780002192,9.663300543293051e-5,0.00466325110355635,-2.859441093702867e-5,5.78684379875591e-6,0.00024025213948925407,0.006706716126297586,0.0013951146013329555,-6.054526296655749e-6,8.377276679842194e-8,0.0
-1.0e-323,-0.0,-0.0,-0.0,1.1069199910907405e-9,-7.55951068306979e-10,-6.807202557396497e-10,-1.0689257122923762e-8,-2.295770617255907e-10,-1.2574588939948357e-10,-1.18292850576805e-9,-2.100923770700085e-11,-1.8100215890819015e-10,-7.026312203581568e-10,-1.0118453771250654e-9,-1.6749129635901566e-11,-6.024854258126898e-13,-0.0
1.5e-323,0.0,0.0,0.0,1.136704915927881e-11,-7.762919055881261e-12,-6.990375249149139e-12,-1.0976883430510173e-10,-2.3575497494131255e-12,-1.2913205895962973e-12,-1.2147581924443836e-11,-2.1574556598116629e-13,-1.8587298757257436e-12,-7.215411419596611e-12,-1.0390727774739173e-11,-1.7199796382265757e-13,-6.1864769986745354e-15,0.0
-3.3e-322,-0.0,-0.0,-0.0,-4.962350656232243e-5,5.69103837694955e-5,0.0007442308272321499,0.0017396117869928373,9.663288535283581e-5,0.004663251037784994,-2.8595029666834534e-5,5.786832809890746e-6,0.00024025204481621827,0.006706715758786767,0.001395114072088018,-6.054535057274446e-6,8.377245166812766e-8,-0.0
2.0e-323,-0.0,-0.0,-0.0,1.910002692794041e-11,-1.3044023181833356e-11,-1.174591666857651e-11,-1.8444438847765388e-10,-3.961382502177851e-12,-2.169797066293846e-12,-2.04115683796093e-11,-3.625168097620913e-13,-3.1231647130830134e-12,-1.2124036247580281e-11,-1.74594893548221e-11,-2.8900825179406574e-13,-1.0395793602796365e-14,-0.0
-5.0e-323,-0.0,-0.0,-0.0,3.6531816787505617e-6,-1.4853193463023267e-6,0.00013332078676619527,-0.0002600972613362747,-1.1357430498283543e-5,-0.0007252677269978661,-2.9151519094190385e-5,1.253212337394384e-7,-3.053369775366613e-5,-0.001195092354076686,3.072229292787617e-5,-6.125728986241409e-7,1.2143808471283182e-9,-0.0
-3.8e-322,-0.0,-0.0,-0.0,-9.137688899607634e-5,0.00013283783680251047,0.000580698821294273,0.0032777518781621287,0.00019305624694018766,0.005370070663580906,-0.0001552511352514665,1.4574859357920763e-5,0.00033198831809926445,0.006700064443409934,0.002260784125063298,-9.219433745035117e-6,2.7603545490398067e-7,-0.0
-3.16e-322,-0.0,-0.0,-0.0,-9.182958723341389e-5,0.0001346140813277499,0.0004900479615621126,0.003466557994367837,0.00019982660720647486,0.0058876355230805455,-0.00011840443004389604,1.4400918427902716e-5,0.0003538820035523138,-0.00549203123997433,0.0022067162330527924,-8.096788813685503e-6,2.840314008869034e-7,-0.0
-1.0e-323,0.0,0.0,0.0,2.710927802640506e-7,-6.278718419053243e-6,-4.918311971489048e-5,-0.00010310125817945713,-4.52124288192964e-6,-0.00011917161674278022,-1.1709672197357737e-5,-5.034109735180894e-7,-9.543047492919975e-6,-0.00019517098781275216,-5.3264864394279966e-5,-4.832155844502121e-7,-2.3893860282081457e-8,0.0
-4.84e-322,-0.0,-0.0,-0.0,-2.129470819226704e-5,0.0006581594344433532,-0.00196643533724305,0.003692352986253823,6.371461399195777e-5,-0.031248118362744336,0.0017455375059230904,4.7490543650276124e-5,-0.0008796344667655042,-0.04492577515469389,-0.004856691949794216,0.00013585225011789365,3.5018514657812734e-6,-0.0
-5.9e-322,-0.0,-0.0,-0.0,-0.0003506524627404142,0.0009648520841514289,-0.002499975568482922,0.017481959010829905,0.000825421097470116,0.002933832658918139,0.0015713882005394288,7.9619440301549e-5,0.000795669971927613,0.004155459522917332,0.0018575286374547942,9.923292048626672e-5,3.7183859625111466e-6,-0.0
-2.4e-322,-0.0,-0.0,-0.0,-0.0002786265305032785,0.0015226800361281183,0.005467925045387362,0.022513668142733364,0.0010400007054229155,0.003680307306604012,0.00219783450041743,0.00012816181470472833,0.00124981342638274,0.005332098263940632,0.008054062172394509,0.00013091867622033162,5.950440920658391e-6,-0.0
-5.0e-324,-0.0,-0.0,-0.0,-1.4024512105062527e-6,-2.8189651979013724e-7,-2.2083059230520393e-6,-4.628992857290409e-6,-2.029983579882553e-7,-5.350802608048031e-6,-5.25736213121095e-7,-2.260265420324899e-8,-4.284785376083915e-7,-8.763160680743847e-6,-2.3915684022130576e-6,-2.169598231806654e-8,-1.0728200309397487e-9,-0.0
0.0,0.0,0.0,0.0,1.6734792838557649e-6,-5.9967777088430815e-6,-4.6974773999165413e-5,-9.847164046324749e-5,-4.318231103619133e-6,-0.0001138208067840378,-1.1183866834133701e-5,-4.808070911836994e-7,-9.11455837451892e-6,-0.00018640778605849505,-5.087323684290581e-5,-4.615186230329137e-7,-2.2821005031975012e-8,0.0
-5.7e-322,0.0,0.0,0.0,-0.00018204550830603727,0.0010324737805958062,-0.0018462511713127005,0.01509490760548653,0.000770102585341074,0.002109329723553746,0.001648743627219545,2.6561541611727552e-5,0.00032834289813665605,0.0029830079135857784,-0.04556924290814542,0.00013103684620863407,4.646927909614117e-6,0.0
-5.34e-322,-0.0,-0.0,-0.0,0.00012901369184035422,0.0006576749990552579,-0.0019187472125823215,0.004263560640731487,0.0003476434915871391,-0.00030145224511378193,0.0010580608610979846,-9.024034010362678e-5,-0.0007400340808601521,-0.00046685464903387363,-0.026133246398847475,0.00013476325354062844,4.154197385253783e-6,-0.0
-5.6e-322,0.0,0.0,0.0,-0.00017573233806548896,0.001008599094266368,-0.0018382109919763921,0.014744790821877879,0.0007526999364784402,0.0020581447299801623,0.0016116072138027283,2.5570857492132795e-5,0.00031751148987429643,0.002910083190771962,-0.0448339036861338,0.0001282704873759091,4.543292773475746e-6,0.0
-1.5e-323,0.0,0.0,0.0,-2.3900623811509484e-10,1.6322500242788705e-10,1.4698136389068429e-10,2.3080251067750477e-9,4.9570294350893833e-11,2.7151056232045045e-11,2.554180004574077e-10,4.536316153824562e-12,3.908199954190681e-11,1.5171216949394668e-10,2.1847772264889896e-10,3.6164732963548712e-12,1.30088168103765e-13,0.0
-6.0e-323,0.0,0.0,0.0,-6.0282860709047955e-6,1.8266842629051137e-6,0.00015527053896797878,4.614749864941748e-5,3.550783732732669e-7,1.5694711326991598e-5,-2.194022199909379e-6,1.8822067903035053e-6,1.6085128505806422e-5,2.4497936524983933e-5,0.0014764987786183498,-1.0729848692717587e-6,-1.2856217067614171e-8,0.0
-3.0e-323,0.0,0.0,0.0,-4.779060416003015e-10,3.26377322992683e-10,2.93897074045362e-10,4.615022444087537e-9,9.911851313964074e-11,5.429004097528165e-11,5.107222574276495e-10,9.070612203992325e-12,7.81465940071157e-11,3.0335680374796837e-10,4.368581520018293e-10,7.231335948371557e-12,2.6011857126750414e-13,0.0
-1.0e-323,-0.0,-0.0,-0.0,-4.2568652358975014e-11,2.907149672262013e-11,2.6178373012524866e-11,4.110751454240995e-10,8.828806715569844e-12,4.835801701744276e-12,4.549170106834869e-11,8.079493990301699e-13,6.960773404626661e-12,2.7021004958289162e-11,3.891240162981941e-11,6.441186613036003e-13,2.316957982228093e-14,-0.0
-5.4e-323,-0.0,-0.0,-0.0,-6.212572241001178e-6,1.9564755976431395e-6,0.00015880272521091168,4.8410896219448195e-5,4.223480571150116e-7,1.623741992974955e-5,-2.104249976596121e-6,1.9283757388206787e-6,1.6489975705680134e-5,2.532128154346379e-5,0.0015070857782059964,-1.0868609560713222e-6,-1.2749379563082253e-8,-0.0
-1.0e-323,0.0,0.0,0.0,8.273445999264795e-8,-1.247679361091787e-7,-4.999645945804578e-7,-1.7836885211204455e-6,-8.097865319539884e-8,-3.0116529194623984e-7,-1.8113514192530067e-7,-1.0580858432675401e-8,-1.0431640166665587e-7,-4.378484940652978e-7,-7.044644181318677e-7,-1.0756916085706289e-8,-4.974220188584224e-10,0.0
-3.5e-323,0.0,0.0,0.0,-8.012489261658183e-5,1.592980414903241e-5,-0.0031945908707448245,0.0037827062400520644,0.00043906310249941716,0.00043548450801124,-2.4044171074782015e-5,2.247521088439927e-5,0.0001387187911105853,-0.00035413971723714506,-0.01545606515502814,-9.399080678806207e-8,1.3055211424172381e-6,0.0
-1.5e-322,0.0,0.0,0.0,-0.0003475392093575129,0.00014830574369137996,-0.006622515981658958,0.01186852194500799,0.0009732507262420935,0.00199275286683604,0.00017944165498973478,9.866412075439535e-5,0.000781371893783758,0.0011087164330693664,0.012618819014243573,-8.658240923592502e-6,2.2154745948650885e-6,0.0
-6.4e-323,0.0,0.0,0.0,-0.0002181598765162934,0.00016334036788509155,-0.0023698768159185054,0.007504467648257885,0.0004762000503358862,0.0014400054956046652,0.00023808101155001337,7.071132751833397e-5,0.0006029003077561288,0.0014322710423585502,-0.0012732961829726383,-4.619178272626399e-6,9.330234357234238e-7,0.0
-3.0e-323,0.0,0.0,0.0,-3.344349216468082e-5,-6.101088325435526e-5,-0.0011900605098025014,-0.00011721221615007222,3.458173337602551e-5,-3.946197755650309e-5,-8.001685095124476e-5,-2.188869130781985e-6,-3.1463211403045263e-5,-0.0002086135724345415,-0.002857275305999089,-4.102091108372031e-6,-6.164463083449075e-8,0.0
-5.04e-322,0.0,0.0,0.0,-0.00015815910436199398,0.0009077391849101104,-0.0016543898927153795,0.013270311740685267,0.0006774299428519703,0.0018523302569938534,0.001450446492532584,2.301377174487548e-5,0.00028576034090371804,0.0026190748717601843,-0.04035051331742625,0.00011544343863987758,4.088963496184305e-6,0.0
-5.9e-322,-0.0,-0.0,-0.0,-0.00035065220360081906,0.0009648519071767074,-0.002499975727845444,0.017481956508381812,0.0008254210437241301,0.0029338326294799442,0.0015713879236055755,7.961943538310351e-5,0.0007956699295534308,0.004155459358425271,0.0018575284005730064,9.92329165651502e-5,3.7183858214650554e-6,-0.0
-2.27e-322,-0.0,-0.0,-0.0,-7.90202980994642e-5,0.0015226800741572446,0.00546792507963192,0.02251366868047071,0.0010400007169720958,0.0036803073129298264,0.002197834559926229,0.00012816181576162623,0.001249813435488295,0.005332098299287432,0.008054062223296755,0.0001309186770629191,5.950440950968173e-6,-0.0
-1.5e-323,-0.0,-0.0,-0.0,-2.2574950734502628e-5,-3.861955011507823e-6,-7.53307997455117e-5,-7.41905395272953e-6,2.1890340174376214e-6,-2.497937540606579e-6,-5.065013620124828e-6,-1.385544738784448e-7,-1.9916131652788364e-6,-1.3205207627599658e-5,-0.0001808654814963765,-2.5966161609243085e-7,-3.902078115150971e-9,-0.0
-2.0e-323,-0.0,-0.0,-0.0,-1.0868613157198729e-5,-5.714887925817153e-5,-0.0011147296659471694,-0.00010979246954697367,3.2392714234889816e-5,-3.696403186771978e-5,-7.495176067884737e-5,-2.050313295531371e-6,-2.9471586509051296e-5,-0.0001954083192773335,-0.0026764097589363936,-3.8424284069570115e-6,-5.7742513679335144e-8,-0.0
-6.2e-322,0.0,0.0,0.0,-0.00021667484864683605,0.0008537870191134411,-0.002295777970833976,0.011885028577929125,0.000669307572413092,0.0025164073062619936,0.0017567208694524035,6.919931157757419e-5,0.0007940224363509996,0.0035656991993700065,-0.0004732510140978051,-0.0010944974805510018,3.0600321174859537e-6,0.0
-5.14e-322,0.0,0.0,0.0,0.0003407523347057137,-7.486377426526383e-5,-0.00267039209289572,-0.01417832807818971,-0.00023518910605949264,-0.0002875194021013438,0.0014034969309419051,-1.182108677897775e-5,0.000295842609718808,-0.0004335095468834651,-0.009901925169770768,-4.6969268524202125e-5,-1.2223080212107165e-6,0.0
-6.13e-322,0.0,0.0,0.0,-0.00021662598741168938,0.0008536230574832354,-0.0022955206932705726,0.011882720868459963,0.0006691819763915524,0.002515939486762801,0.001756401460001563,6.918592969978429e-5,0.0007938731260474399,0.0035650340777969125,-0.00047333102439426977,-0.0010943272706272374,3.059434912568441e-6,0.0
-5.0e-324,-0.0,-0.0,-0.0,-1.8052672177331092e-10,1.2328746210466034e-10,1.1101815182438492e-10,1.7433024766691383e-9,3.744168087104304e-11,2.0507795592270714e-11,1.9292287691845945e-10,3.426379955780535e-12,2.9519502745189593e-11,1.1459156703094344e-10,1.65021068835756e-10,2.7316024928525723e-12,9.82582245339958e-14,-0.0
-4.2e-322,0.0,0.0,0.0,-2.962960024011216e-5,3.654972967335239e-5,0.001074693898319461,0.0007698841849909007,1.4767662151684844e-5,2.7674711259457173e-6,-4.8496702592688745e-5,3.4579093682645916e-6,9.406227824479628e-6,1.7013591322622298e-5,0.0010684799837090214,0.00022529171401571238,1.8127993524544974e-7,0.0
-1.5e-323,0.0,0.0,0.0,-3.6105363927017776e-10,2.4657506608153274e-10,2.2203641973422422e-10,3.486606963824204e-9,7.488326556009822e-11,4.101560004006648e-11,3.8584597718372096e-10,6.852764437868855e-12,5.903904099009368e-11,2.2918323235974334e-10,3.300423249408791e-10,5.463207647372978e-12,1.9651733535755693e-13,0.0
-1.5e-323,-0.0,-0.0,-0.0,1.0394524698407345e-11,-7.0987507930076204e-12,-6.392319686808041e-12,-1.0037742972001729e-10,-2.155841576972033e-12,-1.1807965819222899e-12,-1.11082816438879e-11,-1.9728697065793661e-13,-1.699695266376886e-12,-6.598031039191624e-12,-9.501735892352612e-12,-1.572841447591909e-13,-5.657542007202085e-15,-0.0
-4.3e-322,0.0,0.0,0.0,-2.9636610302021738e-5,3.65587833132304e-5,0.0010748899572144604,0.0007700562584141688,1.477196133674165e-5,2.7743766005492203e-6,-4.850106084625827e-5,3.4587336884590616e-6,9.410094640914752e-6,1.702593626948224e-5,0.0010686794870081945,0.00022533079346838064,1.8132185782464573e-7,0.0
-1.0e-323,-0.0,-0.0,-0.0,2.3003713561451765e-9,-3.481093901127962e-9,-1.3982006007395262e-8,-4.976519131749183e-8,-2.2630598203836847e-9,-8.429360156394437e-9,-5.053946491254128e-9,-2.960136662018576e-10,-2.9189316916985404e-9,-1.2247713733588034e-8,-1.9860363164470214e-8,-2.9638222579478036e-10,-1.3908849524864023e-11,-0.0
-3.26e-322,-0.0,-0.0,-0.0,1.3732046928311604e-5,-2.1012915109787235e-5,0.0009235118528945594,-0.0009795608606980436,-4.0625363062210265e-5,-0.00016127542385627747,-4.737923982407378e-5,-2.005550731821893e-6,-1.4827557264776564e-5,-0.00021980896328633413,0.00034682986033136723,-9.739518208912638e-5,-9.537638006485147e-8,-0.0
-4.8e-322,-0.0,-0.0,-0.0,-3.7331795751151725e-5,4.9726255459493475e-5,0.001107491041882785,0.0011289705055680334,2.9080943593053248e-5,3.9079150012044416e-5,-4.5938473796724517e-5,4.096966662976831e-6,1.7825644435379273e-5,6.69308874462157e-5,0.0012633131200027602,0.0002229039262974055,2.398602224312281e-7,-0.0
-1.2e-322,0.0,0.0,0.0,-4.526510611975255e-5,7.372641366340372e-5,0.0002707923037458091,0.0019803858814343126,6.703065851724136e-5,0.00019721405598987528,1.6641834458908306e-5,6.365045425877266e-6,3.832322772253541e-5,0.0002837739834573098,0.0008996334628757182,-2.0044479775731066e-5,3.4033080508269343e-7,0.0
-3.5e-323,0.0,0.0,0.0,1.9328866630947954e-6,-1.7790737319228026e-5,-0.00010430943728031693,-0.0002523575203254867,-1.0887039654228219e-5,-3.9748917901683535e-5,-2.3369314797018608e-5,-1.5511254744691628e-6,-1.4317894957707466e-5,-5.841130325333296e-5,-0.0001234044742046879,-9.338371543066103e-6,-7.175264858359697e-8,0.0
-5.53e-322,0.0,0.0,0.0,-0.00019496338906535498,0.0007682607520045573,-0.0020659686237007057,0.010694448785426795,0.0006022637788342871,0.0022643455381313746,0.0015807613144233539,6.226733673729982e-5,0.0007144858135072588,0.003208530670267849,-0.00042599792159392146,-0.0009848945435585394,2.753491421526494e-6,0.0
-6.1e-322,0.0,0.0,0.0,-0.0003506522238098234,0.0009648519209780838,-0.002499975715417566,0.01748195670353527,0.0008254210479155114,0.0029338326317756864,0.0015713879452022791,7.961943576666865e-5,0.0007956699328579823,0.004155459371253191,0.001857528419046229,9.923291687093836e-5,3.7183858324636096e-6,0.0
-2.47e-322,0.0,0.0,0.0,-0.0003415459226556639,0.0015226800489215222,0.005467925056907606,0.022513668323633967,0.0010400007093081844,0.003680307308732083,0.0021978345204368217,0.0001281618150602802,0.0012498134294459443,0.005332098275831654,0.008054062189518563,0.00013091867650378685,5.950440930856119e-6,0.0
0.0,0.0,0.0,0.0,-3.199248003501943e-6,-6.955764898814146e-7,-4.078461772375408e-6,-9.866594501062448e-6,-4.256706960239754e-7,-1.5541758135216744e-6,-9.136755199366133e-7,-6.064785715833337e-8,-5.598197947154158e-7,-2.28384353370991e-6,-4.8250596084785785e-6,-3.651294114050614e-7,-2.805495612738282e-9,0.0
-3.5e-323,-0.0,-0.0,-0.0,5.13205861978469e-6,-1.7095108894548186e-5,-0.00010023092874159712,-0.00024249019145889045,-1.0461353185968936e-5,-3.819473344925784e-5,-2.2455558008390496e-5,-1.4904761739495225e-6,-1.3758062727914174e-5,-5.6127411447969153e-5,-0.00011857934508114095,-8.973240980974396e-6,-6.894711157972602e-8,-0.0
-3.705e-321,0.0,0.0,0.0,-0.00025313202144595654,0.0010046492627399724,-0.0022408695675131683,0.01589671771951573,0.0002630863139650708,0.002910171812651077,0.0016481670462752203,5.717230695181181e-5,0.0006673626378938429,0.004130988180426936,-0.0007968812324740916,0.00012064799426044778,-0.003875905762292384,0.0
-4.5e-322,0.0,0.0,0.0,0.00030382139108131443,0.0003762368700564715,-0.003040164288668764,-0.002480981116598918,-0.0025119952324107217,0.0008187269812365552,0.0007871715904901765,-9.689131598673193e-5,-0.0004820744459135223,0.0011555049279126572,-0.01484114103445082,0.0001346232506275276,4.147444611004299e-6,0.0
-3.705e-321,0.0,0.0,0.0,-0.0002531320218387472,0.001004649263008198,-0.0022408695672715465,0.01589671772330841,0.0002630863140465319,0.0029101718126956395,0.0016481670466949446,5.7172306959264926e-5,0.0006673626379580515,0.004130988180676199,-0.0007968812321151172,0.00012064799426638817,-0.0038759057622920513,0.0
5.0e-324,0.0,0.0,0.0,3.178123874748326e-10,-2.1704422736471678e-10,-1.954444744948829e-10,-3.0690366480916846e-9,-6.59148144562403e-11,-3.6103447661589946e-11,-3.396362705455747e-10,-6.032049536439525e-12,-5.196828159616785e-11,-2.017353862155697e-10,-2.905151795022961e-10,-4.8089126862962384e-12,-1.729829583222786e-13,0.0
5.0e-324,-0.0,-0.0,-0.0,-2.066497389960127e-7,5.317018605199081e-8,9.98584299529719e-6,-2.559931494954829e-7,8.545637670670873e-7,-7.317015660242253e-7,-2.9316577157360847e-7,5.253436278125864e-8,2.9965948963033616e-7,-9.278355731810358e-7,1.0571749367579354e-5,-5.7308170293792703e-8,6.9719682785124005e-6,-0.0
5.0e-324,0.0,0.0,0.0,6.356247642150613e-10,-4.3408845712638304e-10,-3.9088886777158894e-10,-6.138073484795579e-9,-1.3182963001289311e-10,-7.22068717060105e-11,-6.792717698877671e-10,-1.2064098589741056e-11,-1.039365621333931e-10,-4.0347074180340996e-10,-5.810302887287702e-10,-9.617824570945941e-12,-3.4596432916846506e-13,0.0
-0.0,-0.0,-0.0,-0.0,-3.887177609137236e-11,2.6546775215768913e-11,2.3904913069136365e-11,3.7537524211252906e-10,8.062071866851612e-12,4.4158524637373126e-12,4.154097242319296e-11,7.377829305850821e-13,6.3562633360464576e-12,2.467437265993241e-11,3.55330243967624e-11,5.881802236040032e-13,2.1158135563052412e-14,-0.0
1.0e-323,-0.0,-0.0,-0.0,-2.0633199473812455e-7,5.2953188379543835e-8,9.985647592772655e-6,-2.590615285414242e-7,8.54497866373823e-7,-7.31737661719065e-7,-2.9350533427991877e-7,5.2528332024795624e-8,2.9960753248683305e-7,-9.280372652960655e-7,1.057145891474821e-5,-5.7312978175178025e-8,6.971968105567149e-6,-0.0
0.0,0.0,0.0,0.0,-3.41581028429071e-11,2.3327669888117755e-11,2.1006095817942554e-11,3.2985649623570675e-10,7.084445897164341e-12,3.880335412761136e-12,3.650362730816954e-11,6.483175292819978e-13,5.585489233933865e-12,2.1682251749008022e-11,3.1224219548881624e-11,5.168564385518146e-13,1.8596921569607922e-14,0.0
0.0,0.0,0.0,0.0,-1.3822207740349343e-7,-1.972012087342355e-6,1.1850972920477125e-5,1.2767317272926361e-6,1.4896399883444382e-7,-1.9099504789706884e-6,-1.4392182442708801e-6,3.91738425549972e-8,6.896436432391103e-7,-1.8101158587533411e-6,1.9218011680561826e-5,-5.227717352581865e-8,-7.41161782366094e-6,0.0
1.5e-323,-0.0,-0.0,-0.0,-8.444319866685105e-7,-2.1802931466993634e-6,1.306198776523254e-5,2.013767294680944e-5,3.220240607788875e-6,-5.29237793504618e-7,-1.2345039361523424e-6,2.0349048972738934e-7,2.008464318562627e-6,4.0697256525412427e-7,3.86149114199927e-5,-9.94460795584035e-8,7.213319210135713e-6,-0.0
0.0,0.0,0.0,0.0,-5.91585568480661e-7,1.2167175230824874e-7,2.917586805747994e-6,1.8382626173678526e-5,2.731485703816411e-6,1.6169197105498568e-6,4.963553086964246e-7,1.5768819463801792e-7,1.2746305057273996e-6,2.5117149745222563e-6,1.7819593702276584e-5,-2.4545368795559216e-8,-1.8076211207461795e-6,0.0
-0.0,0.0,0.0,0.0,-2.6142907922978005e-8,-4.843035791398017e-7,-2.1060843883498167e-6,-2.9057940186033016e-6,-1.1849183529763787e-7,-6.57724365229927e-7,-4.909504175402986e-7,-2.0885656995275213e-8,-1.6568759206145833e-7,-8.933813328678162e-7,-8.30185619045369e-7,-2.3774953486910604e-8,-7.409991431928301e-7,0.0
-3.335e-321,0.0,0.0,0.0,-0.0002278188196526498,0.0009041843367058604,-0.002016782610545759,0.01430704595095611,0.00023677768264141784,0.0026191546314258234,0.0014833503420230746,5.1455076263296244e-5,0.0006006263741618831,0.0037178893626071694,-0.0007171931089056371,0.00010858319483971569,-0.003488315186062847,0.0
-6.03e-322,0.0,0.0,0.0,-0.00035065225748869927,0.0009648519439784658,-0.002499975694706138,0.017481957028763984,0.0008254210549005675,0.002933832635601599,0.0015713879811937589,7.961943640589056e-5,0.0007956699383651095,0.004155459392631274,0.001857528449832387,9.923291738054326e-5,3.7183858507952305e-6,0.0
-2.37e-322,-0.0,-0.0,-0.0,-0.00028079605485421106,0.0015226799615415266,0.005467924978223485,0.02251366708806822,0.001040000682771491,0.003680307294197183,0.0021978343837027285,0.000128161812631833,0.0012498134085239983,0.005332098194614903,0.008054062072559875,0.00013091867456776398,5.950440861213767e-6,-0.0
-5.0e-324,-0.0,-0.0,-0.0,-6.807452517726102e-8,-2.1625408922960876e-8,-9.412129613679687e-8,-1.2956431987415166e-7,-5.2896119238635875e-9,-2.9396459751710494e-8,-2.1909553696253035e-8,-9.329507385420542e-10,-7.400737651168002e-9,-3.991280403905071e-8,-3.7078563635171274e-8,-1.0622316870249966e-9,-3.312264340059311e-8,-0.0
-2.0e-323,-0.0,-0.0,-0.0,4.190265555309876e-8,-4.626583913436817e-7,-2.0119452816903865e-6,-2.7759500226206523e-6,-1.1319621666956364e-7,-6.283246154340816e-7,-4.6900991343922e-7,-1.9952156566383604e-8,-1.5828211862892865e-7,-8.534501450293766e-7,-7.930805812589579e-7,-2.271228357171212e-8,-7.078764840281409e-7,-0.0
-7.36e-322,0.0,0.0,0.0,0.0012484501443662383,-0.004216939907008965,-0.03317612497462953,-0.05530836771639282,-0.003453463538563683,-0.007665216514490863,-0.0031515394325507427,-0.00035401988764150404,-0.0029384310206716467,-0.009497102826944211,-0.03081587336286232,-0.00013189358861781796,-1.0687468926500987e-5,0.0
-1.9e-322,0.0,0.0,0.0,0.000330973712470241,-0.001055315380900201,-0.011765442149454932,-0.011595714485735261,-0.0007806098972992997,-0.0014226781278786997,-0.001260742592335031,-8.172079684003857e-5,-0.0007393500906489425,-0.0027064788201261823,-0.005733030510208405,-0.00010893560053209264,-4.726233322220105e-6,0.0
8.4e-323,-0.0,-0.0,-0.0,-0.0003015400521609458,0.0004902030344121436,0.023407187415532212,0.01040883395203017,0.0006737007529867978,-0.0018577541271186375,-0.0007230884651724126,1.4431165551848165e-5,-0.0003899920545038239,-0.0027584348367075224,0.003802747637024414,-9.314065192667958e-5,-2.797671189850952e-6,-0.0
-4.0e-323,0.0,0.0,0.0,0.000280978592194271,-0.00207708467286316,-0.002067161088340372,-0.02282880539803864,-0.0022028212152267503,0.0024053426162319713,0.0012247457022276842,2.4448301158776408e-5,0.000506749874485489,0.0034225060153042107,-0.0015204617972167358,0.00010155942333265247,1.7544598072065667e-6,0.0
-4.1e-322,-0.0,-0.0,-0.0,0.00023252682982414033,-6.489589004982664e-5,-0.005386383226614559,-0.004600590977874402,-0.0001254239319782576,-0.010404908855476406,-0.005458654969169048,-0.00024724905391362015,-0.003250784413115907,-0.014676280434077071,-0.013559173146975682,-0.0004454458731637702,-1.592941617831844e-5,-0.0
-6.37e-322,0.0,0.0,0.0,0.0012450528932916414,-0.00461072873636423,-0.03431285818502927,-0.05992932196185292,-0.0036518393396490993,-0.005829360503364384,-0.0018787670115991337,-0.0002539913760535359,-0.0017107636920295005,-0.006659625361505683,-0.02553167679793738,-5.3321068230035106e-5,-7.852524049673609e-6,0.0
-9.24e-322,0.0,0.0,0.0,0.0012544637398590385,-0.0035198869851803282,-0.031163972324483653,-0.04712873086320977,-0.003102314840137398,-0.010914899533466397,-0.0054044977275228695,-0.000531082225270763,-0.0051115478969242165,-0.014519774719021113,-0.040169528444916905,-0.00027097627528098857,-1.5705657830945156e-5,0.0
-9.0e-323,-0.0,-0.0,-0.0,0.0005518001357142063,-0.004077119207524219,-0.056224411779586654,-0.0632324421944853,-0.0029277933125069944,-0.008198040488394646,-0.0026621740245272143,-0.00021937107467464556,-0.001112415966756622,-0.017132100888101597,-0.012008396233633102,-0.00015450208402616457,-6.664232242240986e-6,-0.0
-2.915e-321,0.0,0.0,0.0,0.0005899717749200091,-0.003592617494325371,-0.04651267628513958,-0.03225216274785577,-0.0020422230912079528,-0.0041149202334716875,-0.0037464293433991766,-0.0003265776405738984,-0.003425829237166442,-0.009600994866941373,-0.02176279919482477,-0.0001542896685682322,-7.6096260881148676e-6,0.0
-4.55e-322,-0.0,-0.0,-0.0,0.001459279480276132,-0.013879088038153804,-0.016052397286630025,-0.0742844826175579,-0.0024608854791160705,-0.003649913141401619,-0.0017919084634254714,-0.0002930568425519124,-0.001763852037719893,-0.004545496522840882,-0.029562328218220323,-4.678728295133328e-5,-1.347055834465696e-5,-0.0
4.1e-322,0.0,0.0,0.0,0.00019698594876082118,-0.007751560571423649,0.007181592008390008,-0.008864648378296154,3.569038005504493e-5,0.0006481265951509978,0.0010812445046979847,5.389780927839662e-5,0.0008104325624224604,0.0023101329457714485,0.007782641746632523,0.00012047282272012507,9.507265696712953e-6,0.0
-4.84e-322,0.0,0.0,0.0,0.0008520093900109475,-0.001146173668718586,-0.05881291046608182,-0.024549944583434548,-0.0038028812236530203,-0.0023107402980159716,-0.001639899700142279,-0.00017484199345875782,-0.0012162707069543353,-0.0030858768837553905,-0.021667553419235215,-4.111073353495072e-5,-3.8944006105701275e-6,0.0
2.87e-322,0.0,0.0,0.0,-0.0003861203468500303,0.0018816342923039424,-0.015076766958983526,0.026323581172388148,0.0026292889223196963,0.002171714050894587,0.002238313642764202,0.00020196335561736383,0.001439388713815783,0.004055534703659668,0.019232100593355818,0.00013304610003491156,6.460209271450675e-6,0.0
-7.0e-322,-0.0,-0.0,-0.0,0.0014569952436884659,-0.005184595931339603,-0.02117954526175023,-0.08181576591846024,-0.0026614148256588525,-0.004588789760242174,-0.0019109169078158914,-0.0002828109401827131,-0.0016736587176657543,-0.005274110768789172,-0.02517329135771359,-5.8776889758312744e-5,-8.948820843894788e-6,-0.0
-5.4e-323,-0.0,-0.0,-0.0,0.0002895633726166339,0.0010409427994307356,0.007238577231491943,-0.02408896872890308,0.0003626146572975985,-0.0007779083017533824,0.0008053989178453146,2.2165875180975124e-5,0.00040687051301607774,0.0009608904131718048,-0.0004021702287216667,0.00010724086045611075,4.626907509275031e-6,-0.0
-6.7e-322,-0.0,-0.0,-0.0,0.00135303169586576,-0.0032527025469540126,-0.05142137242953021,-0.049116300490701655,-0.01218483877820605,-0.0049968447517498476,-0.0023729980854886356,-0.0003163013010166364,-0.002360123992984297,-0.006325778910275706,-0.03359589429756096,-6.642406145468842e-5,-8.70656648266905e-6,-0.0
-1.63e-322,-0.0,-0.0,-0.0,0.0004894709484350792,-0.0010005634288107962,-0.013809906309665162,-0.01604704258474641,-0.00560473640204178,-0.0014493441049672872,-4.585230741892449e-5,-5.197888090537253e-5,0.000482865078279748,-0.00046853641973145904,-0.007929562992490464,9.465336551173339e-5,-1.8733682530931434e-7,-0.0
-1.457e-321,-0.0,-0.0,-0.0,0.0009489292007414337,-0.002716777999902645,-0.022850264960883836,-0.047970951669425735,-0.0025248130360621336,-0.05419198828511852,-0.0026592086077458213,-0.0002996746584539922,-0.004622378567615271,-0.056135915189057355,-0.03471114917756326,-7.416259422671365e-5,-8.876360761552245e-6,-0.0
-7.3e-322,0.0,0.0,0.0,-0.00016068121625096988,0.0006582304330514046,-0.0022228308827912714,0.015383625743443713,-0.0004933490393743612,-0.036548536961710794,-4.714076375637297e-6,-4.9366390234568314e-5,-0.0024826270773606776,-0.05063379763910092,-0.0113149568352427,6.666443765658033e-5,3.933989884039407e-6,0.0
-7.3e-322,-0.0,-0.0,-0.0,0.0007339201005896766,-0.0017591764725361162,-0.019174742193774918,-0.027072698756437967,-0.0016508987224530698,-0.0037396009208308222,-0.036456762898105594,-0.00029621663482947135,-0.0014986167914312256,-0.004921939535824464,-0.024021060103477904,5.165440162978817e-6,-6.279640434119413e-6,-0.0
-9.4e-323,0.0,0.0,0.0,-0.00023924584213618288,0.0008142224389258334,-0.0013213560432498454,0.013301821023827067,0.00036621478458138566,0.003866455520056004,-0.03238334512329246,0.00012225983283812507,0.0012663471014601646,0.006438038485031413,0.005769773841751721,0.0001419770150160607,7.367885171858682e-6,0.0
-1.067e-321,-0.0,-0.0,-0.0,0.0018673963906921055,-0.003768546099679287,-0.02858163072129612,-0.05271941015554558,-0.003070305187459373,-0.005821906070014995,-0.0038927933558040345,-0.001015275213124154,-0.002996062494160557,-0.007660204781383358,-0.036664483188709754,-8.067637997866625e-5,-1.127429324957018e-5,-0.0
-3.9e-322,-0.0,-0.0,-0.0,0.0007298229345558235,-0.0013650370060439094,-0.01044999154526917,-0.012790832184508093,-0.0011787952526842954,-0.0008701845863697358,-0.0006264860985835421,-0.00043167484415740067,-0.0006946687400357836,3.1078546679147686e-5,-0.009828533239432039,7.243626659783059e-5,8.941953610938737e-7,-0.0
-1.443e-321,0.0,0.0,0.0,0.0008517122080749899,-0.002883395037873431,-0.027523662769622696,-0.038125725301717935,-0.0027812179897300504,-0.011484966511482151,-0.002663547518995872,-0.0003837830286014318,-0.017228630272543236,-0.014396407483529633,-0.04310300714430076,-7.743469518006484e-5,-8.716059123277337e-6,0.0
-5.1e-322,-0.0,-0.0,-0.0,0.00032073929988591613,-0.0011260729183930713,-0.010136605397702498,-0.014410103279099447,-0.0013887001672481236,-0.005508879747579209,-0.0006435493045710731,-9.746255705243907e-5,-0.006267369109664309,-0.005292028197537754,-0.010086371449375265,6.943842414172254e-5,-9.315318155360537e-7,-0.0
-6.97e-322,-0.0,-0.0,-0.0,0.0006680166262594983,-0.0018894839168238809,-0.016973052727326157,-0.03269220653706456,-0.0018797862111703928,-0.038770942254832096,-0.001971994150596372,-0.00023043228937738713,-0.0036377821505405496,-0.05374412480144853,-0.027374050978460133,-3.558014533768951e-5,-5.669082129362456e-6,-0.0
3.4e-322,0.0,0.0,0.0,-0.0004146838787333652,0.001429313693912557,0.009802348120561882,0.024382388761038366,0.0012846540226220473,0.0342640306425865,0.0010625722763274183,7.425605698739156e-5,0.002007393316991408,-0.04003751890910133,0.006741766190507809,0.00015803749610714146,7.823654038765322e-6,0.0
-1.07e-321,0.0,0.0,0.0,0.0016894589384082595,-0.005580766814013282,-0.04965265866110752,-0.06947225870948728,-0.004983686406559683,-0.010023641843878026,-0.004762957691495213,-0.0005447841329184534,-0.004964514192784507,-0.012986061146655577,-0.059870645176411365,-0.00015941055424977484,-1.467345641272984e-5,0.0
-6.5e-322,-0.0,-0.0,-0.0,0.001131784382109566,-0.004031679774012668,-0.03642781994342288,-0.045780315495895084,-0.003778166481726131,-0.004899705148915313,-0.0027574029252214693,-0.0002948410696185223,-0.0026156946629353095,-0.005275643809836189,-0.027898670331431837,-5.5110611326137165e-5,-8.612701138943537e-6,-0.0
-1.14e-322,0.0,0.0,0.0,-2.238938994308629e-5,-0.00026193356453010447,-0.007848907736742626,-0.005346378643328419,-7.322728460797976e-5,-0.00020327679653925275,0.0004143041538898295,-3.4783906081751975e-5,-0.0001308937029130121,-0.0003265207007388461,-0.008910353000602863,-0.0016312577065591537,-1.8014468500378631e-6,0.0
2.0e-322,0.0,0.0,0.0,-0.00045938338172552863,0.0011023913087031948,0.0011480193983682226,0.018174931004679862,0.0009983360295251788,0.00311032074822356,0.0015534493170439644,8.758392255579073e-5,0.000861954795838813,0.00465564216278097,0.003567596132249248,-0.0014685381604678809,4.959002294055015e-6,0.0
2.24e-321,-0.0,-0.0,-0.0,0.000733173134042154,-0.004052719665771179,-0.016543152293761604,-0.03695838130867578,-0.0018336265240050708,-0.0031423287452294556,-0.001898948768884623,-0.00025023594860143516,-0.0013411828037991193,-0.0036789657174687755,-0.02251401363559135,-4.824870023432176e-5,-0.003411681617827801,-0.0
4.9e-321,0.0,0.0,0.0,0.0003778722286188897,-0.003100749201991651,-0.00881495701795861,-0.021838899247537888,-5.366662038830112e-5,-0.0008860431077408408,-0.000708230443802288,-0.00011401417043151654,-0.00019213386466352444,-0.00022161842836049682,-0.010214861597699952,1.064929388092517e-5,-0.0034083284667307105,0.0
0.0,0.0,0.0,0.0,0.0,0.0,0.0,0.0,0.0,0.0,0.0,0.0,0.0,0.0,0.0,0.0,0.0,0.0
0.0,0.0,0.0,0.0,0.0,0.0,0.0,0.0,0.0,0.0,0.0,0.0,0.0,0.0,0.0,0.0,0.0,0.0
0.0,0.0,0.0,0.0,0.0,0.0,0.0,0.0,0.0,0.0,0.0,0.0,0.0,0.0,0.0,0.0,0.0,0.0
0.0,0.0,0.0,0.0,0.0,0.0,0.0,0.0,0.0,0.0,0.0,0.0,0.0,0.0,0.0,0.0,0.0,0.0
-0.0,-0.0,-0.0,-0.0,-0.0,-0.0,-0.0,-0.0,-0.0,-0.0,-0.0,-0.0,-0.0,-0.0,-0.0,-0.0,-0.0,-0.0
0.0,0.0,0.0,0.0,0.0,0.0,0.0,0.0,0.0,0.0,0.0,0.0,0.0,0.0,0.0,0.0,0.0,0.0
0.0,0.0,0.0,0.0,0.0,0.0,0.0,0.0,0.0,0.0,0.0,0.0,0.0,0.0,0.0,0.0,0.0,0.0
0.0,0.0,0.0,0.0,0.0,0.0,0.0,0.0,0.0,0.0,0.0,0.0,0.0,0.0,0.0,0.0,0.0,0.0
0.0,0.0,0.0,0.0,0.0,0.0,0.0,0.0,0.0,0.0,0.0,0.0,0.0,0.0,0.0,0.0,0.0,0.0
0.0,0.0,0.0,0.0,0.0,0.0,0.0,0.0,0.0,0.0,0.0,0.0,0.0,0.0,0.0,0.0,0.0,0.0
0.0,0.0,0.0,0.0,0.0,0.0,0.0,0.0,0.0,0.0,0.0,0.0,0.0,0.0,0.0,0.0,0.0,0.0
0.0,0.0,0.0,0.0,0.0,0.0,0.0,0.0,0.0,0.0,0.0,0.0,0.0,0.0,0.0,0.0,0.0,0.0
-0.0,-0.0,-0.0,-0.0,-0.0,-0.0,-0.0,-0.0,-0.0,-0.0,-0.0,-0.0,-0.0,-0.0,-0.0,-0.0,-0.0,-0.0
0.0,0.0,0.0,0.0,0.0,0.0,0.0,0.0,0.0,0.0,0.0,0.0,0.0,0.0,0.0,0.0,0.0,0.0
