period,variable,value
1,GDP,-0.6511237836834971
2,GDP,-0.5992650237866013
3,GDP,-0.5537462821947545
4,GDP,-0.513473763943354
5,GDP,-0.4775929407818862
6,GDP,-0.4454371615150863
7,GDP,-0.41647703629956667
8,GDP,-0.3902849484191318
9,GDP,-0.3665099989016368
10,GDP,-0.34486011459008636
11,GDP,-0.3250891063874985
12,GDP,-0.3069871776031898
13,GDP,-0.29037385981545616
14,GDP,-0.2750926743951031
15,GDP,-0.26100703441677015
16,GDP,-0.24799704879685147
17,GDP,-0.23595699103894455
18,GDP,-0.2247932641266437
19,GDP,-0.21442274099664035
20,GDP,-0.20477139342585587
21,GDP,-0.19577314563241913
22,GDP,-0.18736890550469298
23,GDP,-0.1795057382319603
24,GDP,-0.17213615564870022
25,GDP,-0.16521750080779288
26,GDP,-0.1587114118485945
27,GDP,-0.15258335259821912
28,GDP,-0.1468021998706691
29,GDP,-0.14133987934250591
30,GDP,-0.1361710433511533
31,GDP,-0.13127278510070448
32,GDP,-0.12662438465491999
33,GDP,-0.12220708280903723
34,GDP,-0.1180038795054837
35,GDP,-0.11399935392609105
36,GDP,-0.110179503778911
37,GDP,-0.10653160161905119
38,GDP,-0.10304406631342725
39,GDP,-0.0997063479890762
40,GDP,-0.09650882500138803
41,GDP,-0.09344271162825506
42,GDP,-0.09049997534333107
43,GDP,-0.08767326264999889
44,GDP,-0.08495583257016996
45,GDP,-0.08234149698103414
46,GDP,-0.07982456708024945
47,GDP,-0.07739980533738751
48,GDP,-0.07506238235804054
49,GDP,-0.07280783814795073
50,GDP,-0.07063204731877622
51,GDP,-0.06853118782545795
52,GDP,-0.06650171286828646
53,GDP,-0.06454032563127791
54,GDP,-0.06264395656287958
55,GDP,-0.06080974293578423
56,GDP,-0.05903501045014221
57,GDP,-0.057317256669073884
58,GDP,-0.05565413609740704
59,GDP,-0.05404344673428041
60,GDP,-0.05248311794790214
61,GDP,-0.05097119953655417
62,GDP,-0.049505851854082565
63,GDP,-0.04808533689078539
64,GDP,-0.046708010211955905
65,GDP,-0.045372313666502476
66,GDP,-0.044076768787166876
67,GDP,-0.04281997081201493
68,GDP,-0.04160058326417388
69,GDP,-0.040417333033329214
70,GDP,-0.039269005908351154
71,GDP,-0.038154442515665084
72,GDP,-0.037072534622679516
73,GDP,-0.036022221769792195
74,GDP,-0.03500248819826453
75,GDP,-0.03401236004463017
76,GDP,-0.03305090277532756
77,GDP,-0.032117218837954285
78,GDP,-0.031210445507969007
79,GDP,-0.03032975291183774
80,GDP,-0.029474342209570906
1,pi,0.07936736232927949
2,pi,0.03627325253086793
3,pi,0.030753259048911755
4,pi,0.02671147054492191
5,pi,0.023671597092397596
6,pi,0.021317801563677224
7,pi,0.01944312231041946
8,pi,0.017910581481502704
9,pi,0.01662838947706995
10,pi,0.015534105203900726
11,pi,0.014584490925940555
12,pi,0.013748992480707729
13,pi,0.013005531119435958
14,pi,0.012337772209188545
15,pi,0.011733339863674735
16,pi,0.01118263940786069
17,pi,0.01067807205659199
18,pi,0.010213504034194153
19,pi,0.009783901888708433
20,pi,0.009385077299958298
21,pi,0.0090135048022897
22,pi,0.00866618870121894
23,pi,0.008340563699536018
24,pi,0.008034419040153852
25,pi,0.00774583938623123
26,pi,0.007473157871795204
27,pi,0.007214918199779895
28,pi,0.00696984361403363
29,pi,0.006736811202863498
30,pi,0.006514830416203693
31,pi,0.006303024968341689
32,pi,0.006100617499447382
33,pi,0.0059069165116814775
34,pi,0.005721305198685764
35,pi,0.00554323186335019
36,pi,0.005372201676162289
37,pi,0.005207769570659421
38,pi,0.005049534107197416
39,pi,0.0048971321639286365
40,pi,0.004750234336282587
41,pi,0.004608540944588548
42,pi,0.004471778564652656
43,pi,0.004339697008750086
44,pi,0.004212066695103247
45,pi,0.004088676352863592
46,pi,0.0039693310171861305
47,pi,0.0038538502754167044
48,pi,0.0037420667308870094
49,pi,0.0036338246554830627
50,pi,0.0035289788061449393
51,pi,0.0034273933838729798
52,pi,0.003328941116744166
53,pi,0.003233502450955687
54,pi,0.0031409648360707348
55,pi,0.0030512220924984387
56,pi,0.00296417385083637
57,pi,0.002879725054081009
58,pi,0.0027977855148965955
59,pi,0.002718269521157618
60,pi,0.0026410954838640356
61,pi,0.0025661856222915828
62,pi,0.0024934656819021457
63,pi,0.0024228646811102995
64,pi,0.002354314683498792
65,pi,0.002287750592505838
66,pi,0.0022231099659804784
67,pi,0.0021603328483267544
68,pi,0.002099361618239573
69,pi,0.0020401408502805926
70,pi,0.00198261718875642
71,pi,0.0019267392325477489
72,pi,0.0018724574297008043
73,pi,0.0018197239807343864
74,pi,0.0017684927497401554
75,pi,0.0017187191824622318
76,pi,0.0016703602306372633
77,pi,0.0016233742819596966
78,pi,0.0015777210951096593
79,pi,0.0015333617393452834
80,pi,0.001490258538217622
1,Q,0.09283836791827564
2,Q,0.10213035017232511
3,Q,0.12317778501977254
4,Q,0.14936497810564303
5,Q,0.1767867294247091
6,Q,0.20322216751908223
7,Q,0.227486424940855
8,Q,0.24902374627444643
9,Q,0.26765308674397204
10,Q,0.28340990311161074
11,Q,0.2964485169611549
12,Q,0.3069825269132777
13,Q,0.31524903952873307
14,Q,0.3214877389271525
15,Q,0.325929137679034
16,Q,0.3287884529001436
17,Q,0.33026287941454124
18,Q,0.3305308700612388
19,Q,0.32975256146856297
20,Q,0.3280708158061148
21,Q,0.3256125572942928
22,Q,0.3224902122932346
23,Q,0.31880314252560776
24,Q,0.31463901070437816
25,Q,0.3100750480997786
26,Q,0.30517921168868556
27,Q,0.3000112290858684
28,Q,0.29462353535459807
29,Q,0.28906210884976064
30,Q,0.28336721459474934
31,Q,0.27757406403964524
32,Q,0.2717133998281701
33,Q,0.2658120136808462
34,Q,0.2598932048421236
35,Q,0.2539771858344773
36,Q,0.24808144156649545
37,Q,0.2422210471837896
38,Q,0.23640894944511825
39,Q,0.23065621585654175
40,Q,0.22497225530371834
41,Q,0.21936501348386692
42,Q,0.21384114605033705
43,Q,0.20840617203946804
44,Q,0.20306460984681074
45,Q,0.19782009775326934
46,Q,0.19267550076715267
47,Q,0.18763300534169772
48,Q,0.1826942033459589
49,Q,0.17786016650702643
50,Q,0.17313151240069014
51,Q,0.1685084629435722
52,Q,0.1639908962303558
53,Q,0.1595783924632469
54,Q,0.1552702746356505
55,Q,0.15106564455685026
56,Q,0.146963414738045
57,Q,0.1429623366013651
58,Q,0.1390610254215456
59,Q,0.13525798236396633
60,Q,0.13155161394206602
61,Q,0.12794024918108396
62,Q,0.12442215474313054
63,Q,0.1209955482402575
64,Q,0.11765860993706782
65,Q,0.11440949302210639
66,Q,0.11124633260747481
67,Q,0.108167253598534
68,Q,0.10517037755993841
69,Q,0.10225382869036535
70,Q,0.0994157390059647
71,Q,0.09665425282158006
72,Q,0.09396753060903179
73,Q,0.09135375230306911
74,Q,0.08881112011786663
75,Q,0.08633786093006278
76,Q,0.08393222827820804
77,Q,0.08159250402303525
78,Q,0.07931699970810516
79,Q,0.07710405765604633
80,Q,0.0749520518317512
1,TB,-4.548613051105961
2,TB,-2.767014814611128
3,TB,-1.539549149892867
4,TB,-0.6746488414851656
5,TB,-0.04901079747243922
6,TB,0.4164389418877526
7,TB,0.7725628800382719
8,TB,1.0522272165409567
9,TB,1.2768144984427237
10,TB,1.4603756880947207
11,TB,1.612276971858683
12,TB,1.738886512904124
13,TB,1.8446488207182827
14,TB,1.9327685424381462
15,TB,2.0056452326773933
16,TB,2.06514946582816
17,TB,2.1127979797136347
18,TB,2.1498646733471922
19,TB,2.177450951053826
20,TB,2.1965303864437096
21,TB,2.207977235299785
22,TB,2.2125848474084053
23,TB,2.2110778054108797
24,TB,2.2041202011415
25,TB,2.1923215570551413
26,TB,2.1762413268798113
27,TB,2.1563925468459297
28,TB,2.13324498067854
29,TB,2.107227959235583
30,TB,2.078733027981847
31,TB,2.0481164623783457
32,TB,2.015701679919421
33,TB,1.9817815597705124
34,TB,1.946620671525179
35,TB,1.9104574101959646
36,TB,1.8735060330897617
37,TB,1.8359585943892311
38,TB,1.7979867742636355
39,TB,1.7597436006806342
40,TB,1.7213650635029463
41,TB,1.682971621774128
42,TB,1.644669606248781
43,TB,1.6065525201738127
44,TB,1.5687022420765193
45,TB,1.5311901348749999
46,TB,1.4940780660171722
47,TB,1.4574193435998157
48,TB,1.4212595735422673
49,TB,1.3856374429128433
50,TB,1.3505854344497976
51,TB,1.3161304772004336
52,TB,1.2822945380368598
53,TB,1.2490951586076837
54,TB,1.2165459420622802
55,TB,1.1846569936467644
56,TB,1.1534353190255018
57,TB,1.1228851839344867
58,TB,1.093008438527407
59,TB,1.0638048095351955
60,TB,1.0352721631277066
61,TB,1.0074067411436112
62,TB,0.9802033731429338
63,TB,0.953655666536658
64,TB,0.9277561768597493
65,TB,0.9024965600780906
66,TB,0.8778677086559264
67,TB,0.8538598729583098
68,TB,0.8304627694222806
69,TB,0.8076656768006224
70,TB,0.7854575216625214
71,TB,0.763826954225656
72,TB,0.7427624154936858
73,TB,0.7222521965810504
74,TB,0.7022844910229754
75,TB,0.682847440791958
76,TB,0.6639291766722137
77,TB,0.6455178535801229
78,TB,0.6276016813610704
79,TB,0.6101689515407567
80,TB,0.5932080604616494
1,C,-0.5507132378312664
2,C,-0.5434175274107741
3,C,-0.5283491527317131
4,C,-0.5093214283753876
5,C,-0.48863445479633877
6,C,-0.46764157955490526
7,C,-0.44711013920630505
8,C,-0.42744822863056636
9,C,-0.4088467848619921
10,C,-0.3913682034731679
11,C,-0.37500125284068564
12,C,-0.35969479358341944
13,C,-0.3453782112946271
14,C,-0.33197355697081765
15,C,-0.31940254427109155
16,C,-0.30759038477089673
17,C,-0.2964677037014576
18,C,-0.2859713120352316
19,C,-0.27604431647256783
20,C,-0.26663586367798714
21,C,-0.25770069892095554
22,C,-0.24919864668851388
23,C,-0.24109407575818376
24,C,-0.2333553834560735
25,C,-0.22595451692799184
26,C,-0.21886653914502432
27,C,-0.21206924147796277
28,C,-0.20554280138815295
29,C,-0.1992694820795556
30,C,-0.19323337020277825
31,C,-0.18742014750169633
32,C,-0.1818168924035398
33,C,-0.17641190782555627
34,C,-0.17119457181654982
35,C,-0.1661552080176824
36,C,-0.16128497328464808
37,C,-0.15657576014732222
38,C,-0.15202011208625504
39,C,-0.14761114987576515
40,C,-0.14334250748156852
41,C,-0.13920827620889742
42,C,-0.13520295597771007
43,C,-0.13132141275780893
44,C,-0.12755884133141548
45,C,-0.12391073266671015
46,C,-0.12037284528553858
47,C,-0.11694118009411858
48,C,-0.1136119582191113
49,C,-0.11038160145455538
50,C,-0.10724671497935542
51,C,-0.10420407205157735
52,C,-0.10125060042578483
53,C,-0.09838337027403006
54,C,-0.09559958342066763
55,C,-0.0928965637265954
56,C,-0.09027174848042537
57,C,-0.08772268067295655
58,C,-0.08524700204758924
59,C,-0.08284244683335865
60,C,-0.08050683607938854
61,C,-0.07823807252003945
62,C,-0.07603413590908951
63,C,-0.07389307876912769
64,C,-0.07181302250913578
65,C,-0.0697921538691276
66,C,-0.0678287216558286
67,C,-0.06592103373782032
68,C,-0.06406745427243832
69,C,-0.06226640114007118
70,C,-0.060516343564438455
71,C,-0.05881579989997577
72,C,-0.0571633355696838
73,C,-0.05555756113874322
74,C,-0.05399713051089964
75,C,-0.052480739236109075
76,C,-0.05100712291924174
77,C,-0.049575055720783065
78,C,-0.04818334894147548
79,C,-0.046830849683726535
80,C,-0.045516439583384555
1,N,0.14275613981797358
2,N,0.13382612976772795
3,N,0.13232399028283137
4,N,0.13472315403536597
5,N,0.13889911669344845
6,N,0.14360297880775427
7,N,0.1481279914830418
8,N,0.15209993224673152
9,N,0.15534559018754054
10,N,0.1578106192746643
11,N,0.15950855922675178
12,N,0.1604894906277825
13,N,0.16082102040382357
14,N,0.16057697725644482
15,N,0.15983089871996292
16,N,0.15865247050370437
17,N,0.15710576225568712
18,N,0.155248536357692
19,N,0.15313217960788783
20,N,0.15080197993946226
21,N,0.14829757865685125
22,N,0.14565349652484955
23,N,0.1428996743164499
24,N,0.14006199455849544
25,N,0.13716276719539547
26,N,0.1342211715090454
27,N,0.13125365228285663
28,N,0.12827427139078895
29,N,0.12529501767975498
30,N,0.12232607879236876
31,N,0.11937607881917589
32,N,0.11645228560609613
33,N,0.11356079131559911
34,N,0.11070666953493052
35,N,0.10789411189238216
36,N,0.1051265468123296
37,N,0.10240674272738055
38,N,0.09973689777921992
39,N,0.09711871778151508
40,N,0.09455348398869658
41,N,0.09204211201215313
42,N,0.08958520304823094
43,N,0.08718308842793485
44,N,0.08483586836390306
45,N,0.08254344565366314
46,N,0.08030555499717391
47,N,0.0781217884992017
48,N,0.07599161785140307
49,N,0.07391441362350755
50,N,0.07188946203634616
51,N,0.06991597954045223
52,N,0.067993125481536
53,N,0.06612001309740062
54,N,0.06429571905904803
55,N,0.06251929174115
56,N,0.06078975838315041
57,N,0.05910613128152477
58,N,0.05746741313571669
59,N,0.055872601654635576
60,N,0.05432069351700755
61,N,0.05281068776705369
62,N,0.051341588716685205
63,N,0.04991240841645118
64,N,0.04852216874967148
65,N,0.0471699031973873
66,N,0.04585465831582704
67,N,0.04457549496290713
68,N,0.043331489305763096
69,N,0.04212173363735334
70,N,0.040945337026721235
71,N,0.03980142582447592
72,N,0.03868914404240527
73,N,0.03760765362381423
74,N,0.036556134619150166
75,N,0.03553378527969375
76,N,0.03453982208053123
77,N,0.03357347968265134
78,N,0.032634010842805816
79,N,0.03172068627871329
80,N,0.03083279449625752
1,w,-0.958713568938287
2,w,-0.9530119090637882
3,w,-0.9243707002051237
4,w,-0.8839150062734039
5,w,-0.8383644904741683
6,w,-0.7916742980459973
7,w,-0.7460858397723876
8,w,-0.7027895467292565
9,w,-0.6623405168386067
10,w,-0.6249178938861826
11,w,-0.5904856772175737
12,w,-0.5588915070675595
13,w,-0.5299265456029124
14,w,-0.5033610630432493
15,w,-0.47896494557971675
16,w,-0.45651892683852563
17,w,-0.4358201837885498
18,w,-0.41668457223892336
19,w,-0.3989469152042359
20,w,-0.38246021470137054
21,w,-0.3670943168166813
22,w,-0.3527343468500519
23,w,-0.33927909891165614
24,w,-0.3266394826854663
25,w,-0.31473708029710906
26,w,-0.30350283639236875
27,w,-0.2928758871082382
28,w,-0.2828025238514642
29,w,-0.2732352827062721
30,w,-0.26413214800611295
31,w,-0.25545585796172854
32,w,-0.24717330052166245
33,w,-0.23925498841298612
34,w,-0.23167460330552966
35,w,-0.22440860010740254
36,w,-0.21743586344526972
37,w,-0.21073740936322105
38,w,-0.20429612616733533
39,w,-0.19809654914205146
40,w,-0.19212466457035304
41,w,-0.1863677391080928
42,w,-0.1808141711012205
43,w,-0.1754533609016151
44,w,-0.17027559764100056
45,w,-0.16527196027091778
46,w,-0.16043423097711496
47,w,-0.15575481933544189
48,w,-0.15122669579907733
49,w,-0.1468433332986555
50,w,-0.14259865590191442
51,w,-0.1384869936216112
52,w,-0.1345030425828548
53,w,-0.13064182986649353
54,w,-0.12689868243612876
55,w,-0.12326919963477033
56,w,-0.11974922880485937
57,w,-0.1163348436438638
58,w,-0.11302232495819024
59,w,-0.10980814352187734
60,w,-0.10668894478436554
61,w,-0.1036615352044134
62,w,-0.10072287001563413
63,w,-0.09787004225377344
64,w,-0.09510027289723906
65,w,-0.09241090199098166
66,w,-0.08979938063998959
67,w,-0.0872632637727231
68,w,-0.08480020358706412
69,w,-0.08240794360203167
70,w,-0.08008431324782814
71,w,-0.07782722293491014
72,w,-0.0756346595498809
73,w,-0.07350468233221231
74,w,-0.07143541909123986
75,w,-0.06942506272763335
76,w,-0.06747186802771844
77,w,-0.06557414870268254
78,w,-0.06373027464791342
79,w,-0.06193866940053809
80,w,-0.06019780777571329
1,r,0.050866319077736054
2,r,0.06088641305550546
3,r,0.06476370668582086
4,r,0.06504267840212198
5,r,0.0633010002702558
6,r,0.060503735631191075
7,r,0.05723239265031762
8,r,0.053829499836242405
9,r,0.05048970122451976
10,r,0.04731701548862945
11,r,0.04436070582825101
12,r,0.041637645235359434
13,r,0.03914616981469653
14,r,0.03687457976460675
15,r,0.03480628586316001
16,r,0.032922863185248015
17,r,0.0312058075394242
18,r,0.029637494988494547
19,r,0.02820165816653449
20,r,0.02688357520026059
21,r,0.02567009268901863
22,r,0.024549557416835868
23,r,0.023511702130832958
24,r,0.02254751240080206
25,r,0.021649090205891713
26,r,0.020809522899507438
27,r,0.020022761952632983
28,r,0.019283513338737106
29,r,0.01858713995044613
30,r,0.017929575620231675
31,r,0.01730724989786112
32,r,0.016717022555949985
33,r,0.016156126752063724
34,r,0.015622119810107147
35,r,0.015112840657884053
36,r,0.014626373049371907
37,r,0.014161013796423918
38,r,0.013715245328010788
39,r,0.013287711981969989
40,r,0.012877199512860637
41,r,0.012482617369465996
42,r,0.012102983356969564
43,r,0.011737410352434276
44,r,0.011385094788681873
45,r,0.0110453066617891
46,r,0.01071738085195843
47,r,0.010400709577203078
48,r,0.01009473582475983
49,r,0.009798947626986888
50,r,0.009512873067226825
51,r,0.009236075917160304
52,r,0.008968151820925974
53,r,0.008708724953068105
54,r,0.008457445087478173
55,r,0.008213985023163861
56,r,0.007978038320116058
57,r,0.007749317304930251
58,r,0.00752755131132376
59,r,0.007312485125405751
60,r,0.007103877609613063
61,r,0.0069015004827153855
62,r,0.006705137236300837
63,r,0.006514582170744953
64,r,0.006329639535901762
65,r,0.006150122763686299
66,r,0.005975853781385383
67,r,0.005806662395975668
68,r,0.005642385740975719
69,r,0.005482867778439705
70,r,0.005327958849637125
71,r,0.005177515268775474
72,r,0.005031398954828678
73,r,0.004889477097146953
74,r,0.004751621851057325
75,r,0.004617710060128148
76,r,0.00448762300217531
77,r,0.0043612461564407476
78,r,0.004238468989681438
79,r,0.004119184759176008
80,r,0.004003290330891246
1,Y_1,-0.13652006196252867
2,Y_1,-0.1652820309734462
3,Y_1,-0.17205272577423752
4,Y_1,-0.1661497069670625
5,Y_1,-0.1534022018436712
6,Y_1,-0.13740310246956566
7,Y_1,-0.12032203698245533
8,Y_1,-0.10342868680883875
9,Y_1,-0.08742861009716148
10,Y_1,-0.07267803012036778
11,Y_1,-0.05932062703005394
12,Y_1,-0.04737416333075146
13,Y_1,-0.0367849178473565
14,Y_1,-0.027461523152091886
15,Y_1,-0.019295675524952313
16,Y_1,-0.012174520741077893
17,Y_1,-0.005987798252718424
18,Y_1,-0.000631716801385893
19,Y_1,0.003989180064032935
20,Y_1,0.007961359600163675
21,Y_1,0.011362352603029115
22,Y_1,0.014261198125106882
23,Y_1,0.01671908559839699
24,Y_1,0.01879007641412824
25,Y_1,0.020521835429739087
26,Y_1,0.021956333221643008
27,Y_1,0.02313049870516788
28,Y_1,0.024076813199560867
29,Y_1,0.02482384382291814
30,Y_1,0.025396717988196257
31,Y_1,0.02581754284249698
32,Y_1,0.026105774451822463
33,Y_1,0.026278541828897974
34,Y_1,0.026350930813492802
35,Y_1,0.026336232518112894
36,Y_1,0.026246160654662995
37,Y_1,0.026091041624468805
38,Y_1,0.025879980822656877
39,Y_1,0.02562100819915297
40,Y_1,0.025321205742876184
41,Y_1,0.02498681921717611
42,Y_1,0.024623356173564176
43,Y_1,0.02423567200563375
44,Y_1,0.02382804557299659
45,Y_1,0.02340424572287048
46,Y_1,0.022967589861352417
47,Y_1,0.02252099557422386
48,Y_1,0.022067026165425208
49,Y_1,0.021607930867437924
50,Y_1,0.021145680379352858
51,Y_1,0.020681998303291683
52,Y_1,0.020218388976255833
53,Y_1,0.019756162130817604
54,Y_1,0.019296454762963947
55,Y_1,0.018840250537671986
56,Y_1,0.018388397021410516
57,Y_1,0.0179416209948491
58,Y_1,0.017500542067859007
59,Y_1,0.017065684791759777
60,Y_1,0.016637489440145793
61,Y_1,0.016216321609040806
62,Y_1,0.01580248076916438
63,Y_1,0.015396207887399567
64,Y_1,0.014997692220823658
65,Y_1,0.014607077374641524
66,Y_1,0.014224466704820226
67,Y_1,0.01384992813697029
68,Y_1,0.013483498464886466
69,Y_1,0.013125187185005003
70,Y_1,0.012774979916730565
71,Y_1,0.012432841453026585
72,Y_1,0.012098718480754849
73,Y_1,0.011772542005911685
74,Y_1,0.01145422951507003
75,Y_1,0.011143686900937672
76,Y_1,0.010840810176927866
77,Y_1,0.010545487002964787
78,Y_1,0.010257598042370976
79,Y_1,0.009977018167572462
80,Y_1,0.009703617530478851
1,PH_1,-0.05009082733322317
2,PH_1,-0.05969140012444693
3,PH_1,-0.06647345047544127
4,PH_1,-0.07162464162240843
5,PH_1,-0.07573867548565633
6,PH_1,-0.07910531199580857
7,PH_1,-0.08186773352295264
8,PH_1,-0.08410275458747517
9,PH_1,-0.08585993519738146
10,PH_1,-0.08717937850409233
11,PH_1,-0.0880988875414011
12,PH_1,-0.0886561145996738
13,PH_1,-0.08888858452314638
14,PH_1,-0.08883299816063445
15,PH_1,-0.08852445144432117
16,PH_1,-0.08799581728117822
17,PH_1,-0.08727735262467931
18,PH_1,-0.08639651346848783
19,PH_1,-0.0853779330007192
20,PH_1,-0.08424351476731019
21,PH_1,-0.08301259910264848
22,PH_1,-0.08170217033210693
23,PH_1,-0.08032708121823767
24,PH_1,-0.07890027863453086
25,PH_1,-0.07743302025682218
26,PH_1,-0.07593507630939697
27,PH_1,-0.07441491337310738
28,PH_1,-0.07287985925281155
29,PH_1,-0.07133624917152025
30,PH_1,-0.06978955431835361
31,PH_1,-0.06824449418667956
32,PH_1,-0.06670513431519386
33,PH_1,-0.06517497107216273
34,PH_1,-0.06365700506003485
35,PH_1,-0.06215380460386484
36,PH_1,-0.06066756064875149
37,PH_1,-0.05920013424564291
38,PH_1,-0.05775309766176118
39,PH_1,-0.05632777001751978
40,PH_1,-0.05492524822923767
41,PH_1,-0.05354643392740123
42,PH_1,-0.052192056923754
43,PH_1,-0.050862695716472714
44,PH_1,-0.04955879545013052
45,PH_1,-0.048280683684892724
46,PH_1,-0.047028584276242506
47,PH_1,-0.045802629621337014
48,PH_1,-0.044602871489771864
49,PH_1,-0.04342929062410928
50,PH_1,-0.04228180526813643
51,PH_1,-0.041160278757707905
52,PH_1,-0.040064526289531555
53,PH_1,-0.03899432096681411
54,PH_1,-0.03794939920681225
55,PH_1,-0.03692946558362013
56,PH_1,-0.03593419716962531
57,PH_1,-0.03496324743068338
58,PH_1,-0.03401624972295365
59,PH_1,-0.03309282043329703
60,PH_1,-0.0321925617999905
61,PH_1,-0.031315064446113504
62,PH_1,-0.03045990965419234
63,PH_1,-0.029626671407447035
64,PH_1,-0.02881491822018606
65,PH_1,-0.028024214777471253
66,PH_1,-0.027254123402065983
67,PH_1,-0.026504205364838426
68,PH_1,-0.02577402205317723
69,PH_1,-0.025063136010554887
70,PH_1,-0.024371111859117237
71,PH_1,-0.023697517116062036
72,PH_1,-0.02304192291357547
73,PH_1,-0.022403904631206548
74,PH_1,-0.02178304244876229
75,PH_1,-0.021178921827088325
76,PH_1,-0.020591133923451698
77,PH_1,-0.0200192759476562
78,PH_1,-0.019462951464488273
79,PH_1,-0.018921770647607413
80,PH_1,-0.018395350489554565
1,MC_1,-0.03981817681525616
2,MC_1,-0.04921242722580607
3,MC_1,-0.0571134117085036
4,MC_1,-0.06376982586006641
5,MC_1,-0.06932889665240144
6,MC_1,-0.07391599699413062
7,MC_1,-0.07764243693532838
8,MC_1,-0.08060910876534695
9,MC_1,-0.08290798621761584
10,MC_1,-0.08462271486359371
11,MC_1,-0.08582891296424802
12,MC_1,-0.08659445587362201
13,MC_1,-0.08697984019670918
14,MC_1,-0.08703864057572534
15,MC_1,-0.08681803787528453
16,MC_1,-0.08635938796734927
17,MC_1,-0.08569880194534601
18,MC_1,-0.08486771448533924
19,MC_1,-0.083893423812682
20,MC_1,-0.08279959281344905
21,MC_1,-0.08160670571891387
22,MC_1,-0.08033247843088366
23,MC_1,-0.0789922230932793
24,MC_1,-0.07759916916482795
25,MC_1,-0.07616474422308288
26,MC_1,-0.07469881821740294
27,MC_1,-0.07320991503818472
28,MC_1,-0.07170539519668107
29,MC_1,-0.07019161319914141
30,MC_1,-0.0686740529113744
31,MC_1,-0.0671574438870157
32,MC_1,-0.06564586130260712
33,MC_1,-0.06414281182271771
34,MC_1,-0.0626513074192171
35,MC_1,-0.06117392889595217
36,MC_1,-0.05971288062563465
37,MC_1,-0.05827003778975409
38,MC_1,-0.05684698722349127
39,MC_1,-0.05544506280387489
40,MC_1,-0.054065376178418556
41,MC_1,-0.052708843510671254
42,MC_1,-0.05137620881607967
43,MC_1,-0.05006806437397403
44,MC_1,-0.048784868627245764
45,MC_1,-0.04752696191849266
46,MC_1,-0.046294580358382686
47,MC_1,-0.04508786807727644
48,MC_1,-0.043906888073471394
49,MC_1,-0.04275163183970632
50,MC_1,-0.04162202792284764
51,MC_1,-0.04051794954918608
52,MC_1,-0.039439221428818075
53,MC_1,-0.038385625836607616
54,MC_1,-0.037356908053739764
55,MC_1,-0.036352781242478226
56,MC_1,-0.03537293081709367
57,MC_1,-0.03441701836574737
58,MC_1,-0.03348468517115991
59,MC_1,-0.03257555537196866
60,MC_1,-0.031689238801616997
61,MC_1,-0.030825333537276543
62,MC_1,-0.0299834281875749
63,MC_1,-0.029163103944682373
64,MC_1,-0.028363936423525058
65,MC_1,-0.027585497308468973
66,MC_1,-0.02682735582570809
67,MC_1,-0.026089080057737336
68,MC_1,-0.025370238114665867
69,MC_1,-0.024670399175687578
70,MC_1,-0.02398913441275562
71,MC_1,-0.02332601780737383
72,MC_1,-0.02268062687040922
73,MC_1,-0.022052543273924998
74,MC_1,-0.02144135340322118
75,MC_1,-0.020846648836538334
76,MC_1,-0.020268026759219127
77,MC_1,-0.019705090318523796
78,MC_1,-0.019157448924753313
79,MC_1,-0.018624718503840034
80,MC_1,-0.018106521706116197
1,L_1,0.32293129790337627
2,L_1,0.2866236356561191
3,L_1,0.26158106330090025
4,L_1,0.2439271108002299
5,L_1,0.23111884938972357
6,L_1,0.22147832486728
7,L_1,0.2139009920999267
8,L_1,0.20766195899977005
9,L_1,0.20228724100111767
10,L_1,0.19746836980106452
11,L_1,0.19300585792839745
12,L_1,0.1887718250136701
13,L_1,0.1846853231316313
14,L_1,0.1806960646306398
15,L_1,0.1767737024399769
16,L_1,0.17290077589489838
17,L_1,0.16906807458709014
18,L_1,0.1652715964462127
19,L_1,0.16151055650487708
20,L_1,0.15778608790904677
21,L_1,0.15410039887779686
22,L_1,0.15045622985003348
23,L_1,0.146856508130456
24,L_1,0.14330413231797548
25,L_1,0.13980184184303504
26,L_1,0.1363521421281999
27,L_1,0.13295726590180543
28,L_1,0.1296191578036533
29,L_1,0.12633947378716703
30,L_1,0.12311958970895573
31,L_1,0.1199606154077859
32,L_1,0.11686341184189306
33,L_1,0.11382860969465401
34,L_1,0.11085662841775215
35,L_1,0.10794769505305118
36,L_1,0.10510186242215418
37,L_1,0.1023190264375772
38,L_1,0.09959894239911399
39,L_1,0.09694124021158969
40,L_1,0.09434543850796018
41,L_1,0.09181095769273831
42,L_1,0.08933713194046683
43,L_1,0.0869232201960567
44,L_1,0.0845684162307528
45,L_1,0.08227185781094037
46,L_1,0.08003263503810558
47,L_1,0.07784979791780097
48,L_1,0.07572236321395993
49,L_1,0.07364932064274246
50,L_1,0.07162963845751974
51,L_1,0.06966226847380093
52,L_1,0.06774615057999697
53,L_1,0.0658802167769876
54,L_1,0.06406339478656448
55,L_1,0.06229461126601518
56,L_1,0.06057279466340631
57,L_1,0.058896877745542836
58,L_1,0.0572657998281332
59,L_1,0.055678508735379745
60,L_1,0.05413396251404601
61,L_1,0.05263113092502037
62,L_1,0.05116899673350292
63,L_1,0.0497465568171775
64,L_1,0.048362823110095855
65,L_1,0.04701682339848201
66,L_1,0.045707601983264096
67,L_1,0.04443422022284429
68,L_1,0.043195756968424585
69,L_1,0.04199130890310671
70,L_1,0.040819990794973206
71,L_1,0.03968093567342949
72,L_1,0.03857329493723561
73,L_1,0.03749623840187432
74,L_1,0.036448954293191255
75,L_1,0.035430649193586294
76,L_1,0.03444054794644081
77,L_1,0.03347789352391908
78,L_1,0.03254194686278588
79,L_1,0.03163198667242786
80,L_1,0.030747309218854567
1,Y_2,0.056192506667168296
2,Y_2,0.06219665617831702
3,Y_2,0.07494343163715361
4,Y_2,0.09059788240995865
5,Y_2,0.10687711207203919
6,Y_2,0.12248306131523677
7,Y_2,0.13672632343993307
8,Y_2,0.1492886746221428
9,Y_2,0.16007372189525068
10,Y_2,0.16911344655523863
11,Y_2,0.17651016122383686
12,Y_2,0.18240086410102854
13,Y_2,0.18693571907798504
14,Y_2,0.19026540746029957
15,Y_2,0.1925340160932917
16,Y_2,0.19387534766490142
17,Y_2,0.19441131592381608
18,Y_2,0.19425158292402156
19,Y_2,0.19349390983868958
20,Y_2,0.19222489268448725
21,Y_2,0.19052088104096623
22,Y_2,0.18844895802783485
23,Y_2,0.18606791030277273
24,Y_2,0.18342914843672595
25,Y_2,0.18057755758855748
26,Y_2,0.17755227032767174
27,Y_2,0.1743873605466829
28,Y_2,0.1711124614578601
29,Y_2,0.16775331282052605
30,Y_2,0.1643322435307353
31,Y_2,0.16086859598290265
32,Y_2,0.15737909847901158
33,Y_2,0.15387819159913088
34,Y_2,0.15037831397202048
35,Y_2,0.14689015236689001
36,Y_2,0.14342286050878233
37,Y_2,0.13998425052451244
38,Y_2,0.1365809604662158
39,Y_2,0.13321860094097532
40,Y_2,0.1299018834990352
41,Y_2,0.12663473309865797
42,Y_2,0.12342038667018279
43,Y_2,0.12026147954210642
44,Y_2,0.11716012126455073
45,Y_2,0.11411796216686396
46,Y_2,0.11113625181301233
47,Y_2,0.10821589036781483
48,Y_2,0.10535747375616414
49,Y_2,0.10256133338366855
50,Y_2,0.0998275710884247
51,Y_2,0.09715608990792683
52,Y_2,0.09454662117072168
53,Y_2,0.09199874835781649
54,Y_2,0.08951192812274404
55,Y_2,0.0870855088104333
56,Y_2,0.08471874677264908
57,Y_2,0.08241082074088947
58,Y_2,0.0801608444855277
59,Y_2,0.07796787796201735
60,Y_2,0.07583093712059148
61,Y_2,0.07374900253460237
62,Y_2,0.07172102698405851
63,Y_2,0.06974594211465822
64,Y_2,0.0678226642783945
65,Y_2,0.0659500996493427
66,Y_2,0.06412714869731354
67,Y_2,0.06235271009246225
68,Y_2,0.0606256841055151
69,Y_2,0.05894497556086179
70,Y_2,0.05730949639323618
71,Y_2,0.055718167852954976
72,Y_2,0.054169922399612595
73,Y_2,0.052663705319649166
74,Y_2,0.051198476099252224
75,Y_2,0.049773209580548684
76,Y_2,0.04838689692594659
77,Y_2,0.047038546412737456
78,Y_2,0.04572718407763603
79,Y_2,0.04445185422877183
80,Y_2,0.04321161984072866
1,PH_2,-0.0517960631629568
2,PH_2,-0.06422138695523195
3,PH_2,-0.0738425055165447
4,PH_2,-0.08141624746348894
5,PH_2,-0.08743044344080203
6,PH_2,-0.09220650338619055
7,PH_2,-0.09596620165475667
8,PH_2,-0.09887112600638663
9,PH_2,-0.10104575789106289
10,PH_2,-0.10259085105997519
11,PH_2,-0.10359113203611825
12,PH_2,-0.10411972827096569
13,PH_2,-0.10424074570085762
14,PH_2,-0.10401082327575907
15,PH_2,-0.1034801368088001
16,PH_2,-0.10269311477497023
17,PH_2,-0.10168900690651489
18,PH_2,-0.10050237727691737
19,PH_2,-0.09916355549695592
20,PH_2,-0.09769905962793192
21,PH_2,-0.09613199463402793
22,PH_2,-0.09448242602365106
23,PH_2,-0.09276772707925389
24,PH_2,-0.09100289821956623
25,PH_2,-0.08920085773996378
26,PH_2,-0.08737270400052193
27,PH_2,-0.0855279498708972
28,PH_2,-0.08367473081638441
29,PH_2,-0.08181998840599031
30,PH_2,-0.07996963125815622
31,PH_2,-0.07812867554211925
32,PH_2,-0.07630136715426754
33,PH_2,-0.0744912876180144
34,PH_2,-0.07270144563687228
35,PH_2,-0.07093435608272716
36,PH_2,-0.06919210803931158
37,PH_2,-0.06747642335509936
38,PH_2,-0.06578870699759831
39,PH_2,-0.06413009034708983
40,PH_2,-0.06250146842514065
41,PH_2,-0.06090353192318058
42,PH_2,-0.05933679477960977
43,PH_2,-0.05780161795008621
44,PH_2,-0.056298229924254546
45,PH_2,-0.05482674446232408
46,PH_2,-0.053387175955581796
47,PH_2,-0.05197945275507222
48,PH_2,-0.05060342876123276
49,PH_2,-0.049258893523234766
50,PH_2,-0.047945581059205794
51,PH_2,-0.046663177576544736
52,PH_2,-0.045411328244410215
53,PH_2,-0.044189643147487814
54,PH_2,-0.04299770253071061
55,PH_2,-0.041835061428203035
56,PH_2,-0.040701253755875876
57,PH_2,-0.039595795935431985
58,PH_2,-0.03851819010770808
59,PH_2,-0.03746792698498958
60,PH_2,-0.03644448838494901
61,PH_2,-0.03544734948296309
62,PH_2,-0.03447598081458713
63,PH_2,-0.03352985005575562
64,PH_2,-0.0326084236047134
65,PH_2,-0.03171116798665496
66,PH_2,-0.030837551099474572
67,PH_2,-0.029987043316833266
68,PH_2,-0.02915911846286664
69,PH_2,-0.028353254671243017
70,PH_2,-0.027568935139887656
71,PH_2,-0.02680564879148316
72,PH_2,-0.026062890848807654
73,PH_2,-0.025340163333057004
74,PH_2,-0.024636975492494415
75,PH_2,-0.023952844168063345
76,PH_2,-0.023287294101973745
77,PH_2,-0.022639858194715607
78,PH_2,-0.02201007771545686
79,PH_2,-0.021397502470338243
80,PH_2,-0.020801690932777533
1,MC_2,-0.012254966737341505
2,MC_2,-0.034870062195927656
3,MC_2,-0.05179382697871932
4,MC_2,-0.06457980717871899
5,MC_2,-0.07430027461212939
6,MC_2,-0.08170149523745565
7,MC_2,-0.08731331293449329
8,MC_2,-0.09152024057238063
9,MC_2,-0.09460768415863784
10,MC_2,-0.09679221709289619
11,MC_2,-0.09824160935079804
12,MC_2,-0.09908825036850429
13,MC_2,-0.09943828764777884
14,MC_2,-0.09937796525808118
15,MC_2,-0.09897811341826032
16,MC_2,-0.09829740117658237
17,MC_2,-0.09738474820841038
18,MC_2,-0.09628115398028335
19,MC_2,-0.09502111443633669
20,MC_2,-0.09363373982096447
21,MC_2,-0.09214365075964932
22,MC_2,-0.09057170598571557
23,MC_2,-0.08893559950248255
24,MC_2,-0.08725035457892123
25,MC_2,-0.08552873493569878
26,MC_2,-0.08378158860926911
27,MC_2,-0.08201813653544891
28,MC_2,-0.08024621539299762
29,MC_2,-0.07847248238587462
30,MC_2,-0.07670258822233325
31,MC_2,-0.07494132344075599
32,MC_2,-0.07319274235072663
33,MC_2,-0.07146026814569692
34,MC_2,-0.06974678216104276
35,MC_2,-0.06805469977028177
36,MC_2,-0.06638603501231596
37,MC_2,-0.0647424557085222
38,MC_2,-0.0631253305486036
39,MC_2,-0.06153576938910041
40,MC_2,-0.05997465781092032
41,MC_2,-0.058442686816127326
42,MC_2,-0.05694037840451243
43,MC_2,-0.055468107652991774
44,MC_2,-0.054026121822123234
45,MC_2,-0.05261455693106691
46,MC_2,-0.051233452172633205
47,MC_2,-0.04988276248157514
48,MC_2,-0.048562369520203645
49,MC_2,-0.047272091304236784
50,MC_2,-0.04601169065726976
51,MC_2,-0.04478088265330178
52,MC_2,-0.043579341182476965
53,MC_2,-0.04240670475483208
54,MC_2,-0.04126258163975702
55,MC_2,-0.040146554424525645
56,MC_2,-0.03905818406320217
57,MC_2,-0.037997013477088636
58,MC_2,-0.03696257075934073
59,MC_2,-0.03595437202917926
60,MC_2,-0.03497192397504179
61,MC_2,-0.0340147261208685
62,MC_2,-0.03308227284534666
63,MC_2,-0.03217405518022293
64,MC_2,-0.03128956241061983
65,MC_2,-0.030428283497581
66,MC_2,-0.029589708340739446
67,MC_2,-0.02877332889699631
68,MC_2,-0.027978640169360722
69,MC_2,-0.027205141078594508
70,MC_2,-0.02645233522899135
71,MC_2,-0.025719731578469244
72,MC_2,-0.02500684502214427
73,MC_2,-0.024313196897661423
74,MC_2,-0.023638315419767724
75,MC_2,-0.022981736050909484
76,MC_2,-0.02234300181400776
77,MC_2,-0.021721663553004308
78,MC_2,-0.021117280146264183
79,MC_2,-0.020529418677466032
80,MC_2,-0.019957654568199076
1,L_2,0.5294107466641282
2,L_2,0.521258518672737
3,L_2,0.5112237744010619
4,L_2,0.5002581184733161
5,L_2,0.488902401574385
6,L_2,0.47746304472261875
7,L_2,0.46610645698149816
8,L_2,0.4549173993533034
9,L_2,0.4439343453393403
10,L_2,0.4331705777932048
11,L_2,0.4226265370708802
12,L_2,0.41229685715761816
13,L_2,0.402174217515071
14,L_2,0.39225131902422644
15,L_2,0.3825217816082063
16,L_2,0.3729804441923889
17,L_2,0.3636233521929145
18,L_2,0.354447598103624
19,L_2,0.3454511082930581
20,L_2,0.3366324258338085
21,L_2,0.3279905138120618
22,L_2,0.319524589093349
23,L_2,0.31123398860336826
24,L_2,0.3031180661412531
25,L_2,0.29517611593951903
26,L_2,0.28740731863026076
27,L_2,0.27981070538125785
28,L_2,0.2723851363840521
29,L_2,0.2651292904136111
30,L_2,0.258041662730023
31,L_2,0.2511205691037374
32,L_2,0.24436415419435045
33,L_2,0.23777040289281395
34,L_2,0.23133715355099221
35,L_2,0.22506211227745054
36,L_2,0.21894286768252358
37,L_2,0.21297690561732352
38,L_2,0.2071616235780313
39,L_2,0.2014943445451984
40,L_2,0.1959723301035281
41,L_2,0.1905927927453404
42,L_2,0.18535290730449483
43,L_2,0.18024982149998892
44,L_2,0.1752806655922571
45,L_2,0.170442561172287
46,L_2,0.16573262911561112
47,L_2,0.16114799674122457
48,L_2,0.15668580422047132
49,L_2,0.15234321028368447
50,L_2,0.14811739727342144
51,L_2,0.14400557559296984
52,L_2,0.14000498759773608
53,L_2,0.13611291097545494
54,L_2,0.1323266616590617
55,L_2,0.1286435963137043
56,L_2,0.1250611144368752
57,L_2,0.12157666010806828
58,L_2,0.11818772342180776
59,L_2,0.11489184163538407
60,L_2,0.11168660006020273
61,L_2,0.10856963272332787
62,L_2,0.10553862282360034
63,L_2,0.1025913030046328
64,L_2,0.09972545546504162
65,L_2,0.09693891192446194
66,L_2,0.09422955346221056
67,L_2,0.09159531024390309
68,L_2,0.08903416114989866
69,L_2,0.08654413331811979
70,L_2,0.08412330161258702
71,L_2,0.08176978802789225
72,L_2,0.0794817610388223
73,L_2,0.07725743490341323
74,L_2,0.07509506892687402
75,L_2,0.07299296669304432
76,L_2,0.07094947526935524
77,L_2,0.06896298439062332
78,L_2,0.06703192562643352
79,L_2,0.06515477153634373
80,L_2,0.0633300348166708
1,Y_3,-0.2516437569918327
2,Y_3,-0.29242227571921464
3,Y_3,-0.3036703817905456
4,Y_3,-0.2978033454519296
5,Y_3,-0.2825177684417317
6,Y_3,-0.26254315143371443
7,Y_3,-0.2407399860256621
8,Y_3,-0.21879631232482746
9,Y_3,-0.19766905757087394
10,Y_3,-0.17786324557667527
11,Y_3,-0.15960823111736888
12,Y_3,-0.14296855405908573
13,Y_3,-0.12791331260384387
14,Y_3,-0.11435925137837212
15,Y_3,-0.10219722617287941
16,Y_3,-0.09130818707172435
17,Y_3,-0.08157258186457177
18,Y_3,-0.07287565604830172
19,Y_3,-0.06511021833430483
20,Y_3,-0.05817786308999766
21,Y_3,-0.051989273782575667
22,Y_3,-0.04646399800336011
23,Y_3,-0.04152993646402076
24,Y_3,-0.037122694521180326
25,Y_3,-0.03318488557170155
26,Y_3,-0.029665438483370173
27,Y_3,-0.026518938057418468
28,Y_3,-0.023705013239536086
29,Y_3,-0.021187779138587937
30,Y_3,-0.01893533379520983
31,Y_3,-0.016919307739989287
32,Y_3,-0.015114462850249085
33,Y_3,-0.013498336321191998
34,Y_3,-0.012050925373919288
35,Y_3,-0.010754408417807828
36,Y_3,-0.009592898636121432
37,Y_3,-0.008552226290601936
38,Y_3,-0.0076197463943675145
39,Y_3,-0.006784168754266276
40,Y_3,-0.006035407718074954
41,Y_3,-0.0053644492706139
42,Y_3,-0.004763233402732108
43,Y_3,-0.004224549927775813
44,Y_3,-0.003741946142747031
45,Y_3,-0.0033096449278803464
46,Y_3,-0.002922472051169017
47,Y_3,-0.002575791595910267
48,Y_3,-0.0022654485619938744
49,Y_3,-0.001987717807654599
50,Y_3,-0.0017392585997878154
51,Y_3,-0.0015170741295115855
52,Y_3,-0.001318475427077677
53,Y_3,-0.0011410491779159778
54,Y_3,-0.0009826290008022472
55,Y_3,-0.000841269800959604
56,Y_3,-0.0007152248563004358
57,Y_3,-0.0006029253348134503
58,Y_3,-0.0005029619760237979
59,Y_3,-0.00041406870012865445
60,Y_3,-0.0003351079353777462
61,Y_3,-0.0002650574779999456
62,Y_3,-0.0002029987198828141
63,Y_3,-0.0001481060976434638
64,Y_3,-9.963763299948517e-5
65,Y_3,-5.6926448719765816e-5
66,Y_3,-1.9373157145535885e-5
67,Y_3,1.3560970479530438e-5
68,Y_3,4.2360135665153835e-5
69,Y_3,6.745951827606216e-5
70,Y_3,8.925022119619247e-5
71,Y_3,0.00010808371220908763
72,Y_3,0.00012427581505637878
73,Y_3,0.0001381102961303174
74,Y_3,0.00014984208835273715
75,Y_3,0.00015970018942705993
76,Y_3,0.00016789026775557007
77,Y_3,0.00017459700584234288
78,Y_3,0.00017998620790182985
79,Y_3,0.00018420669562534193
80,Y_3,0.0001873920135832862
1,PH_3,0.06460455507830545
2,PH_3,0.12146802994133524
3,PH_3,0.15125846835327553
4,PH_3,0.16419733876186235
5,PH_3,0.16679653284581408
6,PH_3,0.16320292251006815
7,PH_3,0.15604996859992024
8,PH_3,0.14700178827802635
9,PH_3,0.13710129757739115
10,PH_3,0.12699333590972334
11,PH_3,0.11706788427662776
12,PH_3,0.10755212276913914
13,PH_3,0.09856967416792654
14,PH_3,0.09017876333701752
15,PH_3,0.08239680481674203
16,PH_3,0.07521623885061235
17,PH_3,0.06861471457681559
18,PH_3,0.06256161635070394
19,PH_3,0.05702222144352266
20,PH_3,0.05196032228677604
21,PH_3,0.04733985321695842
22,PH_3,0.04312587235135923
23,PH_3,0.039285126713393854
24,PH_3,0.03578634926778018
25,PH_3,0.03260038487168534
26,PH_3,0.029700208489640105
27,PH_3,0.027060877036748348
28,PH_3,0.024659441824353336
29,PH_3,0.022474839142553316
30,PH_3,0.020487770310425518
31,PH_3,0.01868057844245
32,PH_3,0.017037126491273768
33,PH_3,0.015542679357143
34,PH_3,0.014183791691284848
35,PH_3,0.01294820225920429
36,PH_3,0.011824735235051537
37,PH_3,0.010803208480449963
38,PH_3,0.009874348661101182
39,PH_3,0.009029712932608215
40,PH_3,0.008261616856928318
41,PH_3,0.0075630681750589075
42,PH_3,0.006927706048159348
43,PH_3,0.006349745380390076
44,PH_3,0.005823925846982194
45,PH_3,0.005345465266859681
46,PH_3,0.004910016978131687
47,PH_3,0.004513630895354674
48,PH_3,0.00415271794858106
49,PH_3,0.0038240176251739372
50,PH_3,0.003524568355738387
51,PH_3,0.003251680505027944
52,PH_3,0.0030029117471777724
53,PH_3,0.002776044622013328
54,PH_3,0.002569066085461623
55,PH_3,0.0023801488822574597
56,PH_3,0.0022076345832209477
57,PH_3,0.0020500181424275925
58,PH_3,0.0019059338416521209
59,PH_3,0.001774142500596174
60,PH_3,0.0016535198416668074
61,PH_3,0.0015430459075156612
62,PH_3,0.0014417954382320596
63,PH_3,0.001348929123063378
64,PH_3,0.0012636856488632369
65,PH_3,0.0011853744741917001
66,PH_3,0.0011133692641579686
67,PH_3,0.001047101926747602
68,PH_3,0.0009860571965543189
69,PH_3,0.0009297677165774253
70,PH_3,0.00087780957308537
71,PH_3,0.0008297982425163362
72,PH_3,0.0007853849130174667
73,PH_3,0.0007442531465437976
74,PH_3,0.0007061158504710583
75,PH_3,0.0006707125304476669
76,PH_3,0.0006378067987416562
77,PH_3,0.0006071841146482672
78,PH_3,0.0005786497356320812
79,PH_3,0.0005520268598009864
80,PH_3,0.0005271549420631406
1,MC_3,0.3050873706329043
2,MC_3,0.2757071179112182
3,MC_3,0.25018572059693533
4,MC_3,0.22760452047881202
5,MC_3,0.20736070441324259
6,MC_3,0.1890599897053182
7,MC_3,0.17243219529963388
8,MC_3,0.15728122902446257
9,MC_3,0.14345578238134432
10,MC_3,0.13083230481223404
11,MC_3,0.11930519196912513
12,MC_3,0.1087811691728509
13,MC_3,0.09917608425532871
14,MC_3,0.09041306270971941
15,MC_3,0.08242141811672257
16,MC_3,0.0751359710696974
17,MC_3,0.06849658234094219
18,MC_3,0.062447794357063775
19,MC_3,0.056938525401284426
20,MC_3,0.05192178905245089
21,MC_3,0.047354426574043776
22,MC_3,0.043196847826919516
23,MC_3,0.039412780048377546
24,MC_3,0.03596902540089003
25,MC_3,0.03283522861983152
26,MC_3,0.02998365597888708
27,MC_3,0.027388986467124586
28,MC_3,0.02502811569852286
29,MC_3,0.022879972730995637
30,MC_3,0.02092534968831091
31,MC_3,0.019146743861166503
32,MC_3,0.017528211808003187
33,MC_3,0.016055234872383473
34,MC_3,0.014714595471475593
35,MC_3,0.013494263479655088
36,MC_3,0.012383292024201159
37,MC_3,0.011371722019808366
38,MC_3,0.010450494789910177
39,MC_3,0.009611372151617392
40,MC_3,0.008846863374433854
41,MC_3,0.008150158458650957
42,MC_3,0.007515067215891355
43,MC_3,0.006935963670588048
44,MC_3,0.006407735336521757
45,MC_3,0.005925736956418846
46,MC_3,0.005485748324752168
47,MC_3,0.005083935844130825
48,MC_3,0.004716817493953074
49,MC_3,0.004381230916332366
50,MC_3,0.004074304348737098
51,MC_3,0.0037934301553832943
52,MC_3,0.0035362407302790026
53,MC_3,0.0033005865640383203
54,MC_3,0.003084516284267208
55,MC_3,0.002886258495576602
56,MC_3,0.0027042052602022394
57,MC_3,0.002536897073903956
58,MC_3,0.002383009204374411
59,MC_3,0.0022413392708938128
60,MC_3,0.0021107959545086895
61,MC_3,0.0019903887376648355
62,MC_3,0.0018792185810589835
63,MC_3,0.0017764694535572024
64,MC_3,0.0016814006384221764
65,MC_3,0.0015933397458525978
66,MC_3,0.0015116763680189742
67,MC_3,0.0014358563184287496
68,MC_3,0.0013653764026147345
69,MC_3,0.0012997796718551334
70,MC_3,0.0012386511159383727
71,MC_3,0.001181613754915855
72,MC_3,0.0011283250933733454
73,MC_3,0.0010784739040245795
74,MC_3,0.0010317773104166878
75,MC_3,0.0009879781412606157
76,MC_3,0.0009468425313826704
77,MC_3,0.0009081577465569334
78,MC_3,0.0008717302115413537
79,MC_3,0.0008373837225200231
80,MC_3,0.0008049578268661153
1,L_3,0.3802534933068789
2,L_3,0.3219356682997983
3,L_3,0.283606470964063
4,L_3,0.2579552374883212
5,L_3,0.2403437909810286
6,L_3,0.2278230644799726
7,L_3,0.2185181849260461
8,L_3,0.2112382857662202
9,L_3,0.20522833854681627
10,L_3,0.20001111987252362
11,L_3,0.19528647588495238
12,L_3,0.19086705248748925
13,L_3,0.18663725904503867
14,L_3,0.18252705095582453
15,L_3,0.1784951741214594
16,L_3,0.17451845705117539
17,L_3,0.17058497202838563
18,L_3,0.1666896736340127
19,L_3,0.16283162455855102
20,L_3,0.1590122388104722
21,L_3,0.15523417702886386
22,L_3,0.1515006595122268
23,L_3,0.14781504643159804
24,L_3,0.14418058848049406
25,L_3,0.14060028575315633
26,L_3,0.13707681484918868
27,L_3,0.13361249849637827
28,L_3,0.1302093011931937
29,L_3,0.12686884031134665
30,L_3,0.12359240593058708
31,L_3,0.1203809851504932
32,L_3,0.11723528821876746
33,L_3,0.11415577484272234
34,L_3,0.11114267971048988
35,L_3,0.10819603667047922
36,L_3,0.10531570128552507
37,L_3,0.10250137164634293
38,L_3,0.0997526074325831
39,L_3,0.09706884727185563
40,L_3,0.09444942448246955
41,L_3,0.09189358130397539
42,L_3,0.08940048172721014
43,L_3,0.08696922303650567
44,L_3,0.08459884617368175
45,L_3,0.08228834502810478
46,L_3,0.08003667475055129
47,L_3,0.07784275918155716
48,L_3,0.07570549747779264
49,L_3,0.07362377001304062
50,L_3,0.07159644362371871
51,L_3,0.06962237626265991
52,L_3,0.06770042111908069
53,L_3,0.06582943025733146
54,L_3,0.06400825782213204
55,L_3,0.06223576285351723
56,L_3,0.060510811750641075
57,L_3,0.05883228041987577
58,L_3,0.05719905613926358
59,L_3,0.055610039168321565
60,L_3,0.05406414412941593
61,L_3,0.05256030118440477
62,L_3,0.0510974570279614
63,L_3,0.04967457571692357
64,L_3,0.048290639353136315
65,L_3,0.046944648635559034
66,L_3,0.04563562329586892
67,L_3,0.044362602430401306
68,L_3,0.043124644740005935
69,L_3,0.04192082868825702
70,L_3,0.04075025258742363
71,L_3,0.03961203462067047
72,L_3,0.038505312808115456
73,L_3,0.03742924492360394
74,L_3,0.03638300836836941
75,L_3,0.035365800007123326
76,L_3,0.03437683597155207
77,L_3,0.033415351435687975
78,L_3,0.03248060036715858
79,L_3,0.03157185525790181
80,L_3,0.030688406837557088
1,Y_4,-0.16050494382318423
2,Y_4,-0.1714896464966557
3,Y_4,-0.1671353299045985
4,Y_4,-0.15454297913560125
5,Y_4,-0.13804228310341238
6,Y_4,-0.12020905616997758
7,Y_4,-0.10252784137175383
8,Y_4,-0.08580998598646307
9,Y_4,-0.07045659830311919
10,Y_4,-0.05662330310909147
11,Y_4,-0.04432291368389099
12,Y_4,-0.03348892246743884
13,Y_4,-0.024014324996679597
14,Y_4,-0.01577496927654352
15,Y_4,-0.008643245732618965
16,Y_4,-0.0024957906931964485
17,Y_4,0.0027824820026935266
18,Y_4,0.007296567434625948
19,Y_4,0.01114086513737747
20,Y_4,0.01439941926523664
21,Y_4,0.017146556180678035
22,Y_4,0.01944770890422103
23,Y_4,0.021360303420270156
24,Y_4,0.022934635074706625
25,Y_4,0.02421469613546158
26,Y_4,0.025238935574420834
27,Y_4,0.026040944058621427
28,Y_4,0.026650064044274377
29,Y_4,0.027091928666055795
30,Y_4,0.02738893501515689
31,Y_4,0.027560658162055635
32,Y_4,0.027624212378273647
33,Y_4,0.027594565739638522
34,Y_4,0.02748481383213336
35,Y_4,0.027306417739001575
36,Y_4,0.027069410928302125
37,Y_4,0.026782579119596826
38,Y_4,0.026453616705778105
39,Y_4,0.02608926284969215
40,Y_4,0.025695419967500636
41,Y_4,0.025277256950476768
42,Y_4,0.02483929916107908
43,Y_4,0.02438550696375559
44,Y_4,0.023919344311765175
45,Y_4,0.023443838704192733
46,Y_4,0.022961633648343895
47,Y_4,0.022475034608235554
48,Y_4,0.021986049286714767
49,Y_4,0.021496422973975755
50,Y_4,0.02100766959638226
51,Y_4,0.020521099014345123
52,Y_4,0.020037841044643404
53,Y_4,0.019558866619360307
54,Y_4,0.019085006439110333
55,Y_4,0.01861696743123175
56,Y_4,0.018155347283056997
57,Y_4,0.017700647285344394
58,Y_4,0.017253283690682023
59,Y_4,0.016813597765490976
60,Y_4,0.01638186469158765
61,Y_4,0.015958301453624774
62,Y_4,0.01554307383169607
63,Y_4,0.015136302603600554
64,Y_4,0.014738069048408815
65,Y_4,0.014348419831791597
66,Y_4,0.013967371343831228
67,Y_4,0.013594913551543545
68,Y_4,0.013231013420925468
69,Y_4,0.012875617956863764
70,Y_4,0.012528656903572641
71,Y_4,0.01219004514326237
72,Y_4,0.011859684826386517
73,Y_4,0.011537467262992904
74,Y_4,0.011223274601342507
75,Y_4,0.010916981317004016
76,Y_4,0.01061845553302648
77,Y_4,0.010327560189495495
78,Y_4,0.01004415407874977
79,Y_4,0.009768092760742472
80,Y_4,0.009499229371446044
1,PH_4,-0.03259345500342022
2,PH_4,-0.029640230430341325
3,PH_4,-0.026658510585156368
4,PH_4,-0.023761911380714585
5,PH_4,-0.02102959385845272
6,PH_4,-0.01850797906570005
7,PH_4,-0.016219827230867553
8,PH_4,-0.014171348775948098
9,PH_4,-0.012357621634539307
10,PH_4,-0.010766618293147656
11,PH_4,-0.00938212972140557
12,PH_4,-0.008185836907909841
13,PH_4,-0.007158738146038631
14,PH_4,-0.006282098910299147
15,PH_4,-0.0055380545621265456
16,PH_4,-0.004909965411135718
17,PH_4,-0.004382598822022054
18,PH_4,-0.003942193512660456
19,PH_4,-0.0035764461317554677
20,PH_4,-0.003274448805807016
21,PH_4,-0.0030265978459978198
22,PH_4,-0.0028244875548828685
23,PH_4,-0.002660798535425604
24,PH_4,-0.0025291866541860882
25,PH_4,-0.002424176513447126
26,PH_4,-0.0023410616887032712
27,PH_4,-0.0022758128956496255
28,PH_4,-0.0022249945209874035
29,PH_4,-0.002185689478129883
30,PH_4,-0.002155432054972803
31,PH_4,-0.002132148250458374
32,PH_4,-0.0021141030097639596
33,PH_4,-0.0020998537363020524
34,PH_4,-0.00208820946251535
35,PH_4,-0.002078195086993537
36,PH_4,-0.0020690201233868667
37,PH_4,-0.002060051450702029
38,PH_4,-0.002050789600753583
39,PH_4,-0.0020408481642268826
40,PH_4,-0.002029935940429341
41,PH_4,-0.002017841496501322
42,PH_4,-0.0020044198392174524
43,PH_4,-0.0019895809364193404
44,PH_4,-0.001973279855649817
45,PH_4,-0.001955508314883593
46,PH_4,-0.001936287464599337
47,PH_4,-0.001915661742073591
48,PH_4,-0.0018936936579554225
49,PH_4,-0.001870459392155998
50,PH_4,-0.0018460450910941465
51,PH_4,-0.0018205437715963662
52,PH_4,-0.0017940527484526445
53,PH_4,-0.001766671512956758
54,PH_4,-0.001738499998867794
55,PH_4,-0.0017096371802603255
56,PH_4,-0.0016801799528071491
57,PH_4,-0.0016502222562724672
58,PH_4,-0.0016198544014802032
59,PH_4,-0.0015891625698504289
60,PH_4,-0.0015582284578410299
61,PH_4,-0.001527129042359265
62,PH_4,-0.0014959364464797288
63,PH_4,-0.0014647178876730062
64,PH_4,-0.001433535693259966
65,PH_4,-0.0014024473700026893
66,PH_4,-0.001371505716659913
67,PH_4,-0.0013407589700066616
68,PH_4,-0.0013102509762722384
69,PH_4,-0.0012800213812145687
70,PH_4,-0.0012501058331447132
71,PH_4,-0.001220536194162925
72,PH_4,-0.0011913407556859066
73,PH_4,-0.001162544455048708
74,PH_4,-0.001134169090569331
75,PH_4,-0.0011062335329809626
76,PH_4,-0.0010787539315776785
77,PH_4,-0.001051743913794025
78,PH_4,-0.0010252147772554204
79,PH_4,-0.0009991756736028436
80,PH_4,-0.0009736337836183448
1,MC_4,0.07461428331126761
2,MC_4,0.04932640961102438
3,MC_4,0.03347454997172774
4,MC_4,0.02355897281893968
5,MC_4,0.017346185506220867
6,MC_4,0.013434382495604698
7,MC_4,0.010945979305693897
8,MC_4,0.00933320595020867
9,MC_4,0.008255444629607395
10,MC_4,0.007501926618437281
11,MC_4,0.006943073933976194
12,MC_4,0.00649991492186418
13,MC_4,0.006124893132896597
14,MC_4,0.005789850274728178
15,MC_4,0.005478520613732966
16,MC_4,0.005181858057378983
17,MC_4,0.00489513860000114
18,MC_4,0.004616173053354959
19,MC_4,0.004344212324214666
20,MC_4,0.004079283304138164
21,MC_4,0.003821791455622031
22,MC_4,0.003572287755250568
23,MC_4,0.003331336272222047
24,MC_4,0.0030994428329987906
25,MC_4,0.0028770203196005137
26,MC_4,0.0026643755536476005
27,MC_4,0.002461708559721565
28,MC_4,0.0022691186176913604
29,MC_4,0.0020866137434287697
30,MC_4,0.0019141216060334651
31,MC_4,0.0017515007253211296
32,MC_4,0.001598551300192256
33,MC_4,0.0014550253234538158
34,MC_4,0.00132063582020583
35,MC_4,0.0011950651534072614
36,MC_4,0.0010779724013907476
37,MC_4,0.0009689998460247615
38,MC_4,0.0008677786279347183
39,MC_4,0.0007739336333339046
40,MC_4,0.0006870876795684711
41,MC_4,0.0006068650658241736
42,MC_4,0.0005328945529842302
43,MC_4,0.00046481183319898326
44,MC_4,0.00040226154581584175
45,MC_4,0.00034489889220951466
46,MC_4,0.0002923908979183176
47,MC_4,0.0002444173664307968
48,MC_4,0.00020067156504158254
49,MC_4,0.00016086067944071127
50,MC_4,0.00012470607014242635
51,MC_4,9.19433605082567e-5
52,MC_4,6.232238298447408e-5
53,MC_4,3.560700725784553e-5
54,MC_4,1.157487133495023e-5
55,MC_4,-9.982965933209615e-6
56,MC_4,-2.926243463493522e-5
57,MC_4,-4.644691171735489e-5
58,MC_4,-6.170771474977872e-5
59,MC_4,-7.520462093827108e-5
60,MC_4,-8.708640232516372e-5
61,MC_4,-9.749136947277202e-5
62,MC_4,-0.000106547917147389
63,MC_4,-0.0001143750665975683
64,MC_4,-0.00012108299997210999
65,MC_4,-0.00012677358325832272
66,MC_4,-0.0001315408748511079
67,MC_4,-0.00013547161749756035
68,MC_4,-0.000138645711909947
69,MC_4,-0.00014113667081074575
70,MC_4,-0.0001430120525759965
71,MC_4,-0.00014433387398324072
72,MC_4,-0.0001451590018572237
73,MC_4,-0.00014553952364484938
74,MC_4,-0.0001455230971475898
75,MC_4,-0.00014515327979909982
76,MC_4,-0.00014446983800394853
77,MC_4,-0.00014350903715336916
78,MC_4,-0.00014230391301057888
79,MC_4,-0.00014088452521405484
80,MC_4,-0.0001392781936860058
1,L_4,0.3561516613782006
2,L_4,0.32967425484215696
3,L_4,0.3117827484015058
4,L_4,0.2991898881737457
5,L_4,0.2898091471021538
6,L_4,0.28234143835968145
7,L_4,0.2759841756727974
8,L_4,0.27024737539725474
9,L_4,0.2648371944631179
10,L_4,0.2595822147446971
11,L_4,0.25438684816037993
12,L_4,0.24920194751766825
13,L_4,0.24400632833420757
14,L_4,0.23879520461207293
15,L_4,0.2335730005147047
16,L_4,0.22834892652282132
17,L_4,0.22313429728925321
18,L_4,0.2179409424083356
19,L_4,0.21278029895337033
20,L_4,0.2076629256274166
21,L_4,0.20259827429321245
22,L_4,0.19759461555849753
23,L_4,0.1926590537431622
24,L_4,0.18779759104992838
25,L_4,0.1830152162551405
26,L_4,0.17831600300944467
27,L_4,0.17370320897583388
28,L_4,0.1691793708623401
29,L_4,0.1647463927735432
30,L_4,0.16040562674683828
31,L_4,0.15615794519823548
32,L_4,0.15200380549598755
33,L_4,0.1479433071467706
34,L_4,0.14397624220615074
35,L_4,0.1401021395680698
36,L_4,0.13632030378197169
37,L_4,0.13262984901276767
38,L_4,0.1290297287116136
39,L_4,0.12551876151265906
40,L_4,0.12209565381740134
41,L_4,0.11875901947684504
42,L_4,0.11550739693377765
43,L_4,0.11233926414381933
44,L_4,0.10925305155465613
45,L_4,0.10624715338793711
46,L_4,0.10331993743744211
47,L_4,0.10046975356997799
48,L_4,0.09769494109168289
49,L_4,0.09499383512163699
50,L_4,0.09236477209656384
51,L_4,0.08980609451462651
52,L_4,0.08731615501259954
53,L_4,0.08489331985875648
54,L_4,0.08253597193343976
55,L_4,0.08024251326025261
56,L_4,0.07801136714296893
57,L_4,0.07584097995642924
58,L_4,0.0737298226337473
59,L_4,0.07167639188697826
60,L_4,0.06967921119388398
61,L_4,0.06773683157949423
62,L_4,0.06584783221772364
63,L_4,0.06401082087529789
64,L_4,0.062224434217608614
65,L_4,0.06048733799381297
66,L_4,0.0587982271164683
67,L_4,0.057155825649216487
68,L_4,0.05555888671446991
69,L_4,0.05400619233167379
70,L_4,0.05249655319550839
71,L_4,0.051028808402322816
72,L_4,0.0496018251321472
73,L_4,0.0482144982927932
74,L_4,0.04686575013181158
75,L_4,0.04555452982141949
76,L_4,0.04427981302092718
77,L_4,0.043040601420675735
78,L_4,0.04183592227103859
79,L_4,0.040664827899628976
80,L_4,0.039526395219492035
1,Y_5,-0.5010803087140303
2,Y_5,-0.46854077038743136
3,Y_5,-0.4284361922929171
4,Y_5,-0.3861865782900348
5,Y_5,-0.3448000223530613
6,Y_5,-0.305889679286351
7,Y_5,-0.27022291991967534
8,Y_5,-0.23806467999309486
9,Y_5,-0.2093906913581977
10,Y_5,-0.1840187790245176
11,Y_5,-0.1616887246434043
12,Y_5,-0.14210996983665583
13,Y_5,-0.1249893202926668
14,Y_5,-0.11004630918168325
15,Y_5,-0.09702103036228016
16,Y_5,-0.08567745193382459
17,Y_5,-0.07580408466901109
18,Y_5,-0.0672131641499297
19,Y_5,-0.05973905564129794
20,Y_5,-0.05323630903236499
21,Y_5,-0.047577615590394126
22,Y_5,-0.04265180955337901
23,Y_5,-0.03836199091853197
24,Y_5,-0.034623805459613036
25,Y_5,-0.0313638941196094
26,Y_5,-0.02851851022850789
27,Y_5,-0.02603229556008584
28,Y_5,-0.02385720260358915
29,Y_5,-0.02195154904819868
30,Y_5,-0.020279190406072786
31,Y_5,-0.018808797346275875
32,Y_5,-0.017513225320013388
33,Y_5,-0.01636896521399752
34,Y_5,-0.015355664949469758
35,Y_5,-0.014455713080392903
36,Y_5,-0.013653876500132823
37,Y_5,-0.01293698532616185
38,Y_5,-0.012293658893270996
39,Y_5,-0.011714067550396832
40,Y_5,-0.011189725630812827
41,Y_5,-0.010713311558025783
42,Y_5,-0.010278511568642556
43,Y_5,-0.009879883986919219
44,Y_5,-0.009512741381380268
45,Y_5,-0.009173048278840008
46,Y_5,-0.008857332411686698
47,Y_5,-0.008562607736041391
48,Y_5,-0.00828630768632793
49,Y_5,-0.008026227330254996
50,Y_5,-0.007780473261014993
51,Y_5,-0.007547420213981335
52,Y_5,-0.0073256735262262574
53,Y_5,-0.007114036671307002
54,Y_5,-0.006911483201175248
55,Y_5,-0.006717132513653407
56,Y_5,-0.006530228939356344
57,Y_5,-0.006350123707655833
58,Y_5,-0.006176259408538752
59,Y_5,-0.006008156617097517
60,Y_5,-0.005845402390851697
61,Y_5,-0.005687640387963779
62,Y_5,-0.005534562387400271
63,Y_5,-0.005385901020821154
64,Y_5,-0.005241423551008458
65,Y_5,-0.005100926553438951
66,Y_5,-0.004964231376582672
67,Y_5,-0.004831180273027175
68,Y_5,-0.004701633107906019
69,Y_5,-0.004575464563616162
70,Y_5,-0.004452561770691291
71,Y_5,-0.004332822304156961
72,Y_5,-0.004216152492916451
73,Y_5,-0.004102465996859364
74,Y_5,-0.003991682612590687
75,Y_5,-0.00388372727406063
76,Y_5,-0.003778529219049387
77,Y_5,-0.003676021296510316
78,Y_5,-0.003576139393285546
79,Y_5,-0.003478821961747109
80,Y_5,-0.003384009632547043
1,PH_5,-0.07613471232716545
2,PH_5,-0.10589695872387045
3,PH_5,-0.12756083764110557
4,PH_5,-0.14318156925955233
5,PH_5,-0.15423560161123978
6,PH_5,-0.16179823805142426
7,PH_5,-0.1666668739461669
8,PH_5,-0.16944298720936718
9,PH_5,-0.17058735536109687
10,PH_5,-0.17045777373047305
11,PH_5,-0.1693352392873996
12,PH_5,-0.16744245305156819
13,PH_5,-0.16495714390557822
14,PH_5,-0.16202185084893203
15,PH_5,-0.15875124352738798
16,PH_5,-0.15523770067052053
17,PH_5,-0.15155563193045885
18,PH_5,-0.14776487537541189
19,PH_5,-0.14391340175503559
20,PH_5,-0.14003948922204232
21,PH_5,-0.13617348668318563
22,PH_5,-0.13233925279591724
23,PH_5,-0.12855533594794116
24,PH_5,-0.12483594519905501
25,PH_5,-0.1211917510739284
26,PH_5,-0.11763054692514048
27,PH_5,-0.11415779544909506
28,PH_5,-0.11077708024044831
29,PH_5,-0.10749047861318947
30,PH_5,-0.10429886902452389
31,PH_5,-0.1012021841206604
32,PH_5,-0.098199618546583
33,PH_5,-0.0952897991275403
34,PH_5,-0.0924709237666693
35,PH_5,-0.0897408743571069
36,PH_5,-0.08709730813700227
37,PH_5,-0.08453773119000706
38,PH_5,-0.0820595571867748
39,PH_5,-0.07966015395445271
40,PH_5,-0.0773368800346476
41,PH_5,-0.07508711303242707
42,PH_5,-0.07290827125847175
43,PH_5,-0.07079782991430544
44,PH_5,-0.06875333285891427
45,PH_5,-0.06677240081759221
46,PH_5,-0.06485273674511974
47,PH_5,-0.06299212893085648
48,PH_5,-0.06118845232918498
49,PH_5,-0.05943966851175841
50,PH_5,-0.057743824565456243
51,PH_5,-0.056099051199551615
52,PH_5,-0.05450356027539312
53,PH_5,-0.05295564193027587
54,PH_5,-0.051453661432735574
55,PH_5,-0.04999605587807959
56,PH_5,-0.04858133080959097
57,PH_5,-0.047208056831673714
58,PH_5,-0.04587486626555316
59,PH_5,-0.044580449885417095
60,PH_5,-0.0433235537625877
61,PH_5,-0.04210297623703378
62,PH_5,-0.04091756502892332
63,PH_5,-0.03976621449768081
64,PH_5,-0.03864786305191274
65,PH_5,-0.03756149071038941
66,PH_5,-0.03650611681185526
67,PH_5,-0.03548079786963802
68,PH_5,-0.034484625565723334
69,PH_5,-0.03351672487805708
70,PH_5,-0.032576252334252126
71,PH_5,-0.03166239438454259
72,PH_5,-0.030774365886691794
73,PH_5,-0.02991140869557511
74,PH_5,-0.029072790350289996
75,PH_5,-0.028257802851861292
76,PH_5,-0.027465761524886778
77,PH_5,-0.026696003956788575
78,PH_5,-0.025947889008681335
79,PH_5,-0.025220795892229433
80,PH_5,-0.024514123307231267
1,MC_5,-0.23710924977551398
2,MC_5,-0.22969254002139836
3,MC_5,-0.22079874667156274
4,MC_5,-0.21137327512646834
5,MC_5,-0.20196483524133474
6,MC_5,-0.19287324271652956
7,MC_5,-0.1842478090686799
8,MC_5,-0.17614891641619734
9,MC_5,-0.16858595909074853
10,MC_5,-0.16154044860692723
11,MC_5,-0.1549798819069306
12,MC_5,-0.14886590074470343
13,MC_5,-0.14315895283879854
14,MC_5,-0.13782083288276104
15,MC_5,-0.13281595739767485
16,MC_5,-0.12811189881908697
17,MC_5,-0.1236794991427335
18,MC_5,-0.11949275615979534
19,MC_5,-0.11552859680052038
20,MC_5,-0.1117666040581863
21,MC_5,-0.10818873484978465
22,MC_5,-0.10477904874939221
23,MC_5,-0.10152345728395581
24,MC_5,-0.09840949759781113
25,MC_5,-0.09542613103309797
26,MC_5,-0.09256356547016122
27,MC_5,-0.08981309947398988
28,MC_5,-0.08716698600675439
29,MC_5,-0.08461831345837854
30,MC_5,-0.08216090187949061
31,MC_5,-0.07978921249537843
32,MC_5,-0.07749826879208549
33,MC_5,-0.07528358767356769
34,MC_5,-0.07314111938084657
35,MC_5,-0.07106719503602363
36,MC_5,-0.06905848082512703
37,MC_5,-0.06711193796516744
38,MC_5,-0.0652247877143639
39,MC_5,-0.06339448078241504
40,MC_5,-0.06161867058203055
41,MC_5,-0.059895189835617965
42,MC_5,-0.058222030113739776
43,MC_5,-0.056597323936163145
44,MC_5,-0.055019329113274465
45,MC_5,-0.05348641504636252
46,MC_5,-0.05199705074068487
47,MC_5,-0.05054979431606072
48,MC_5,-0.04914328382662214
49,MC_5,-0.04777622922482931
50,MC_5,-0.04644740532538064
51,MC_5,-0.04515564564260303
52,MC_5,-0.043899836990634274
53,MC_5,-0.04267891474948391
54,MC_5,-0.041491858712138036
55,MC_5,-0.040337689438462436
56,MC_5,-0.039215465050945406
57,MC_5,-0.03812427841547089
58,MC_5,-0.03706325465745564
59,MC_5,-0.036031548969954336
60,MC_5,-0.03502834467583335
61,MC_5,-0.034052851510931195
62,MC_5,-0.033104304099351216
63,MC_5,-0.03218196059573172
64,MC_5,-0.031285101472582684
65,MC_5,-0.030413028433615503
66,MC_5,-0.029565063436478176
67,MC_5,-0.02874054781047951
68,MC_5,-0.02793884145678642
69,MC_5,-0.02715932212023596
70,MC_5,-0.026401384723353436
71,MC_5,-0.025664440754429634
72,MC_5,-0.0249479177026123
73,MC_5,-0.024251258533925107
74,MC_5,-0.023573921202961815
75,MC_5,-0.022915378195728087
76,MC_5,-0.02227511609973377
77,MC_5,-0.021652635197983702
78,MC_5,-0.02104744908398885
79,MC_5,-0.020459084295328875
80,MC_5,-0.019887079963651175
1,L_5,-0.14027149974398237
2,L_5,-0.10687649981555153
3,L_5,-0.07664438258248976
4,L_5,-0.0499089954164821
5,L_5,-0.026592888247486093
6,L_5,-0.006481492856944159
7,L_5,0.010703918656331777
8,L_5,0.025263475766394417
9,L_5,0.03749433186585175
10,L_5,0.04767750534803171
11,L_5,0.05607148786869725
12,L_5,0.0629098548827228
13,L_5,0.06840117225139113
14,L_5,0.07273015601579677
15,L_5,0.07605945624726239
16,L_5,0.07853169261409287
17,L_5,0.08027152743361361
18,L_5,0.08138765845730694
19,L_5,0.08197467174633469
20,L_5,0.08211472936149501
21,L_5,0.08187908637363757
22,L_5,0.08132944260848222
23,L_5,0.0805191401174561
24,L_5,0.07949421979949407
25,L_5,0.07829435122587519
26,L_5,0.07695364935220503
27,L_5,0.07550139092379336
28,L_5,0.07396264227784848
29,L_5,0.07235880908098537
30,L_5,0.07070811740277429
31,L_5,0.06902603446089924
32,L_5,0.06732563640088217
33,L_5,0.06561792959869257
34,L_5,0.06391213119551087
35,L_5,0.062215913884097265
36,L_5,0.060535619357622146
37,L_5,0.058876444296013346
38,L_5,0.05724260229370123
39,L_5,0.055637464718526035
40,L_5,0.0540636831276619
41,L_5,0.05252329554660535
42,L_5,0.05101781863618562
43,L_5,0.04954832752544152
44,L_5,0.0481155248709321
45,L_5,0.04671980051196616
46,L_5,0.04536128292318072
47,L_5,0.04403988351808424
48,L_5,0.04275533472717097
49,L_5,0.04150722265987341
50,L_5,0.040295015059072924
51,L_5,0.039118085168489726
52,L_5,0.03797573205556954
53,L_5,0.03686719786420697
54,L_5,0.03579168241166579
55,L_5,0.034748355491391006
56,L_5,0.033736367197181996
57,L_5,0.03275485654364062
58,L_5,0.031802958622251326
59,L_5,0.030879810501285836
60,L_5,0.029984556050432126
61,L_5,0.029116349847158385
62,L_5,0.028274360300926456
63,L_5,0.02745777211310606
64,L_5,0.02666578817448907
65,L_5,0.025897630988383158
66,L_5,0.025152543695126404
67,L_5,0.024429790763290847
68,L_5,0.023728658403641724
69,L_5,0.023048454753918396
70,L_5,0.022388509875555372
71,L_5,0.021748175597435537
72,L_5,0.021126825236545715
73,L_5,0.02052385322088756
74,L_5,0.019938674636092567
75,L_5,0.019370724713823607
76,L_5,0.01881945827714363
77,L_5,0.01828434915553941
78,L_5,0.01776488958014732
79,L_5,0.017260589567895612
80,L_5,0.016770976301711277
1,Y_6,-0.32786197035040093
2,Y_6,-0.2847204528575872
3,Y_6,-0.2450945823392619
4,Y_6,-0.21015173116606742
5,Y_6,-0.18007493973428484
6,Y_6,-0.1545506610351485
7,Y_6,-0.1330580845815947
8,Y_6,-0.11502403760838942
9,Y_6,-0.09990042405655038
10,Y_6,-0.08719822212851422
11,Y_6,-0.07649803336139943
12,Y_6,-0.06744872076456483
13,Y_6,-0.05976063318057502
14,Y_6,-0.053196947353267035
15,Y_6,-0.04756494368150214
16,Y_6,-0.042708062082168055
17,Y_6,-0.03849905439204129
18,Y_6,-0.034834274548172096
19,Y_6,-0.03162901704792912
20,Y_6,-0.028813762787699607
21,Y_6,-0.02633118149742457
22,Y_6,-0.02413375013116709
23,Y_6,-0.022181864888254667
24,Y_6,-0.020442344780704506
25,Y_6,-0.018887243781879736
26,Y_6,-0.01749290530835526
27,Y_6,-0.016239206758420572
28,Y_6,-0.015108953175243531
29,Y_6,-0.014087388137792938
30,Y_6,-0.013161797083715175
31,Y_6,-0.012321183799500705
32,Y_6,-0.011556005096322479
33,Y_6,-0.010857951995031957
34,Y_6,-0.010219768290315902
35,Y_6,-0.009635099326143337
36,Y_6,-0.009098365328530056
37,Y_6,-0.00860465481261331
38,Y_6,-0.00814963448983507
39,Y_6,-0.007729472809320245
40,Y_6,-0.007340774822202467
41,Y_6,-0.006980526494297179
42,Y_6,-0.006646046938181859
43,Y_6,-0.006334947310956866
44,Y_6,-0.00604509534436476
45,Y_6,-0.005774584651479344
46,Y_6,-0.00552170809798637
47,Y_6,-0.005284934643210935
48,Y_6,-0.005062889151942554
49,Y_6,-0.004854334757009508
50,Y_6,-0.004658157417765311
51,Y_6,-0.004473352373780964
52,Y_6,-0.004299012238147971
53,Y_6,-0.0041343165125312786
54,Y_6,-0.003978522337779108
55,Y_6,-0.0038309563205640622
56,Y_6,-0.0036910072990455726
57,Y_6,-0.003558119929612471
58,Y_6,-0.003431788992951967
59,Y_6,-0.0033115543314689
60,Y_6,-0.003196996341832277
61,Y_6,-0.003087731956474091
62,Y_6,-0.0029834110564755587
63,Y_6,-0.002883713265668504
64,Y_6,-0.0027883450821399028
65,Y_6,-0.002697037308810472
66,Y_6,-0.0026095427494951576
67,Y_6,-0.0025256341409520522
68,Y_6,-0.002445102294981108
69,Y_6,-0.0023677544277208055
70,Y_6,-0.002293412655980562
71,Y_6,-0.002221912642787483
72,Y_6,-0.0021531023763756885
73,Y_6,-0.002086841068635867
74,Y_6,-0.0020229981606148272
75,Y_6,-0.0019614524240323806
76,Y_6,-0.0019020911489973692
77,Y_6,-0.0018448094091723082
78,Y_6,-0.0017895093965803704
79,Y_6,-0.0017360998190813334
80,Y_6,-0.0016844953542817446
1,PH_6,-0.1252687646547579
2,PH_6,-0.18594843759674243
3,PH_6,-0.2255336233528243
4,PH_6,-0.25004643446420055
5,PH_6,-0.26389695483757375
6,PH_6,-0.2702883838905762
7,PH_6,-0.27153249911151456
8,PH_6,-0.26928703920400854
9,PH_6,-0.2647327168798701
10,PH_6,-0.2587042194846716
11,PH_6,-0.25178653650456684
12,PH_6,-0.24438539647400848
13,PH_6,-0.23677851611065187
14,PH_6,-0.22915271867569054
15,PH_6,-0.22163070181533132
16,PH_6,-0.2142902595108932
17,PH_6,-0.20717802591704226
18,PH_6,-0.20031925753392107
19,PH_6,-0.19372476075592143
20,PH_6,-0.18739576973571792
21,PH_6,-0.1813273577499634
22,PH_6,-0.17551080321246468
23,PH_6,-0.16993521353320185
24,PH_6,-0.16458862446203826
25,PH_6,-0.15945873068013633
26,PH_6,-0.15453335877852145
27,PH_6,-0.14980076166517187
28,PH_6,-0.14524979041108105
29,PH_6,-0.1408699830612849
30,PH_6,-0.13665159816769615
31,PH_6,-0.1325856124202925
32,PH_6,-0.12866369580332007
33,PH_6,-0.12487817349273844
34,PH_6,-0.12122198074302844
35,PH_6,-0.11768861492873912
36,PH_6,-0.11427208745286609
37,PH_6,-0.11096687722723111
38,PH_6,-0.1077678867386696
39,PH_6,-0.1046704012457596
40,PH_6,-0.10167005133766455
41,PH_6,-0.09876277888227301
42,PH_6,-0.09594480626180245
43,PH_6,-0.09321260871679167
44,PH_6,-0.09056288957732836
45,PH_6,-0.08799255814178869
46,PH_6,-0.08549870996017926
47,PH_6,-0.08307860928573253
48,PH_6,-0.08072967347084302
49,PH_6,-0.0784494590991094
50,PH_6,-0.0762356496624047
51,PH_6,-0.07408604460937537
52,PH_6,-0.07199854960883434
53,PH_6,-0.06997116788771972
54,PH_6,-0.06800199251838324
55,PH_6,-0.06608919954384378
56,PH_6,-0.0642310418422492
57,PH_6,-0.06242584364317136
58,PH_6,-0.060671995618563394
59,PH_6,-0.05896795048032066
60,PH_6,-0.057312219024491365
61,PH_6,-0.055703366569369375
62,PH_6,-0.054140009741062284
63,PH_6,-0.05262081356574359
64,PH_6,-0.051144488832750724
65,PH_6,-0.049709789697051296
66,PH_6,-0.04831551149343812
67,PH_6,-0.0469604887381861
68,PH_6,-0.045643593296867714
69,PH_6,-0.044363732699624736
70,PH_6,-0.04311984858747735
71,PH_6,-0.041910915275253875
72,PH_6,-0.04073593841848086
73,PH_6,-0.03959395377311188
74,PH_6,-0.038484026038323425
75,PH_6,-0.037405247773788265
76,PH_6,-0.03635673838387227
77,PH_6,-0.03533764316210825
78,PH_6,-0.03434713239009564
79,PH_6,-0.03338440048567022
80,PH_6,-0.03244866519579897
1,MC_6,-0.3037593829213552
2,MC_6,-0.3142630573520749
3,MC_6,-0.31544464924713095
4,MC_6,-0.3112272599060341
5,MC_6,-0.3039189313335942
6,MC_6,-0.2949559210573143
7,MC_6,-0.2852225363744919
8,MC_6,-0.27525491491484183
9,MC_6,-0.2653704262908568
10,MC_6,-0.2557497288500182
11,MC_6,-0.24648872658820198
12,MC_6,-0.23763139875439634
13,MC_6,-0.2291904809237447
14,MC_6,-0.22116043578853684
15,MC_6,-0.21352553593367665
16,MC_6,-0.2062648529145663
17,MC_6,-0.19935529303153493
18,MC_6,-0.19277340419649022
19,MC_6,-0.18649641365395472
20,MC_6,-0.18050278799062786
21,MC_6,-0.17477249981895887
22,MC_6,-0.16928711746635514
23,MC_6,-0.1640297907630018
24,MC_6,-0.15898517857427805
25,MC_6,-0.1541393463254207
26,MC_6,-0.14947965076084474
27,MC_6,-0.14499462224128842
28,MC_6,-0.1406738505271575
29,MC_6,-0.13650787728282773
30,MC_6,-0.13248809686365162
31,MC_6,-0.12860666593269005
32,MC_6,-0.12485642185441348
33,MC_6,-0.12123080947302649
34,MC_6,-0.1177238157052944
35,MC_6,-0.11432991129939137
36,MC_6,-0.1110439990928318
37,MC_6,-0.10786136811909808
38,MC_6,-0.10477765294850928
39,MC_6,-0.10178879769450015
40,MC_6,-0.09889102416585539
41,MC_6,-0.09608080369500156
42,MC_6,-0.09335483222016155
43,MC_6,-0.09071000824388968
44,MC_6,-0.088143413331722
45,MC_6,-0.08565229485221641
46,MC_6,-0.08323405069356608
47,MC_6,-0.08088621572242624
48,MC_6,-0.0786064497778123
49,MC_6,-0.0763925270171869
50,MC_6,-0.07424232645340734
51,MC_6,-0.07215382354032544
52,MC_6,-0.0701250826817611
53,MC_6,-0.06815425055354428
54,MC_6,-0.06623955014154685
55,MC_6,-0.06437927541030074
56,MC_6,-0.06257178652709623
57,MC_6,-0.06081550557552907
58,MC_6,-0.05910891270046045
59,MC_6,-0.05745054263339166
60,MC_6,-0.055838981553449955
61,MC_6,-0.054272864244630195
62,MC_6,-0.052750871514728716
63,MC_6,-0.05127172784561588
64,MC_6,-0.04983419924819466
65,MC_6,-0.04843709129864418
66,MC_6,-0.0470792473353992
67,MC_6,-0.04575954679882462
68,MC_6,-0.044476903697742425
69,MC_6,-0.043230265188898345
70,MC_6,-0.042018610257148585
71,MC_6,-0.04084094848563184
72,MC_6,-0.03969631890649328
73,MC_6,-0.038583788923868864
74,MC_6,-0.03750245330183892
75,MC_6,-0.036451433210935705
76,MC_6,-0.03542987532755885
77,MC_6,-0.034436950981324606
78,MC_6,-0.03347185534596527
79,MC_6,-0.03253380666991033
80,MC_6,-0.03162204554313394
1,L_6,-0.00038117951748888913
2,L_6,0.03464533761161018
3,L_6,0.059361021458062636
4,L_6,0.07618565255868642
5,L_6,0.08714205820005615
6,L_6,0.09380327540844709
7,L_6,0.09736870374066205
8,L_6,0.0987386928813368
9,L_6,0.09858022747480183
10,L_6,0.09738159179324399
11,L_6,0.09549624792856888
12,L_6,0.09317717621992122
13,L_6,0.09060325144534236
14,L_6,0.08789920887938797
15,L_6,0.08515058148655368
16,L_6,0.0824147655584382
17,L_6,0.07972914863084132
18,L_6,0.07711703382666622
19,L_6,0.07459192688944338
20,L_6,0.07216061637999333
21,L_6,0.0698253705509106
22,L_6,0.06758549178039003
23,L_6,0.06543840653573235
24,L_6,0.06338042148769225
25,L_6,0.061407241088026567
26,L_6,0.05951431579214381
27,L_6,0.05769707089440024
28,L_6,0.05595105189264299
29,L_6,0.05427201207348503
30,L_6,0.052655960601603574
31,L_6,0.051099184051147474
32,L_6,0.0495982504759777
33,L_6,0.04815000236586245
34,L_6,0.04675154287579891
35,L_6,0.04540021832485306
36,L_6,0.04409359897902214
37,L_6,0.04282945944351271
38,L_6,0.04160575950964493
39,L_6,0.0404206259699602
40,L_6,0.039272335688669495
41,L_6,0.038159300062288105
42,L_6,0.03708005090498736
43,L_6,0.03603322772907032
44,L_6,0.035017566351842076
45,L_6,0.03403188873807421
46,L_6,0.03307509397667873
47,L_6,0.03214615028720208
48,L_6,0.03124408795360438
49,L_6,0.03036799308762308
50,L_6,0.029517002130554634
51,L_6,0.028690297009651623
52,L_6,0.027887100872958023
53,L_6,0.027106674333923643
54,L_6,0.026348312164321337
55,L_6,0.025611340380707545
56,L_6,0.024895113675854435
57,L_6,0.02419901315221381
58,L_6,0.023522444319558425
59,L_6,0.02286483532350634
60,L_6,0.022225635375700593
61,L_6,0.021604313360029565
62,L_6,0.021000356592470966
63,L_6,0.02041326971496541
64,L_6,0.01984257370621178
65,L_6,0.019287804994461616
66,L_6,0.018748514659307387
67,L_6,0.0182242677111395
68,L_6,0.017714642438417603
69,L_6,0.017219229814186998
70,L_6,0.016737632954393095
71,L_6,0.016269466621526604
72,L_6,0.015814356767985285
73,L_6,0.015371940114281906
74,L_6,0.014941863757874657
75,L_6,0.014523784808959295
76,L_6,0.014117370050051004
77,L_6,0.013722295616608439
78,L_6,0.013338246696320838
79,L_6,0.012964917244998547
80,L_6,0.012602009717283843
1,Y_7,-0.24337205663973183
2,Y_7,-0.2533589519619451
3,Y_7,-0.24680420126504807
4,Y_7,-0.23136066130870442
5,Y_7,-0.21162166888202055
6,Y_7,-0.19033742602012532
7,Y_7,-0.1691093701342975
8,Y_7,-0.1488283367043311
9,Y_7,-0.12995020129686322
10,Y_7,-0.11266868072639458
11,Y_7,-0.09702315216287703
12,Y_7,-0.08296548204177139
13,Y_7,-0.07040105838353634
14,Y_7,-0.059213640099436665
15,Y_7,-0.049280098996893944
16,Y_7,-0.04047888806035579
17,Y_7,-0.03269464947374237
18,Y_7,-0.025820477149413944
19,Y_7,-0.01975878045858935
20,Y_7,-0.014421337354764772
21,Y_7,-0.009728899328527791
22,Y_7,-0.005610568898424746
23,Y_7,-0.0020030817238688597
24,Y_7,0.001149929667883934
25,Y_7,0.003898647528584764
26,Y_7,0.006287733618974614
27,Y_7,0.008356937160582872
28,Y_7,0.010141643420322723
29,Y_7,0.011673364428660231
30,Y_7,0.012980175479516885
31,Y_7,0.01408710204070242
32,Y_7,0.01501646200008758
33,Y_7,0.015788168082778647
34,Y_7,0.016419994980133537
35,Y_7,0.01692781534189898
36,Y_7,0.01732580836225949
37,Y_7,0.017626644275499915
38,Y_7,0.01784164768661835
39,Y_7,0.01798094230566396
40,Y_7,0.018053579334878996
41,Y_7,0.01806765147456145
42,Y_7,0.018030394264773517
43,Y_7,0.017948276262592586
44,Y_7,0.017827079365223625
45,Y_7,0.01767197042468321
46,Y_7,0.017487565156834993
47,Y_7,0.01727798522348852
48,Y_7,0.01704690925855539
49,Y_7,0.01679761851567457
50,Y_7,0.016533037733345232
51,Y_7,0.016255771742763745
52,Y_7,0.015968138281809627
53,Y_7,0.015672197424720438
54,Y_7,0.015369777989869075
55,Y_7,0.015062501246791617
56,Y_7,0.014751802207425573
57,Y_7,0.014438948754727817
58,Y_7,0.01412505883387506
59,Y_7,0.013811115906603135
60,Y_7,0.013497982847490118
61,Y_7,0.013186414441763734
62,Y_7,0.01287706862719431
63,Y_7,0.012570516607549367
64,Y_7,0.012267251951694912
65,Y_7,0.011967698780527449
66,Y_7,0.011672219133328447
67,Y_7,0.011381119595697506
68,Y_7,0.011094657262803431
69,Y_7,0.010813045104177067
70,Y_7,0.01053645678955319
71,Y_7,0.010265031029260104
72,Y_7,0.00999887547727496
73,Y_7,0.009738070240242334
74,Y_7,0.009482671031429798
75,Y_7,0.009232712004714707
76,Y_7,0.00898820830021257
77,Y_7,0.008749158330026936
78,Y_7,0.00851554582978669
79,Y_7,0.008287341699106223
80,Y_7,0.008064505651825244
1,PH_7,-0.036468632199964636
2,PH_7,-0.037060753350399225
3,PH_7,-0.03773424201129012
4,PH_7,-0.03876525379051252
5,PH_7,-0.04024485551181388
6,PH_7,-0.04215761652022363
7,PH_7,-0.04443474738596861
8,PH_7,-0.04698550143177425
9,PH_7,-0.04971514028845108
10,PH_7,-0.05253467150187335
11,PH_7,-0.05536561657833846
12,PH_7,-0.058141839656903414
13,PH_7,-0.06080969402228385
14,PH_7,-0.06332725798910636
15,PH_7,-0.06566312730588121
16,PH_7,-0.06779504121210245
17,PH_7,-0.06970850135002692
18,PH_7,-0.07139547016508058
19,PH_7,-0.07285319134241745
20,PH_7,-0.07408314855730443
21,PH_7,-0.07509016363225025
22,PH_7,-0.0758816268509663
23,PH_7,-0.07646684800944165
24,PH_7,-0.07685651511450675
25,PH_7,-0.07706224742654309
26,PH_7,-0.07709623013916925
27,PH_7,-0.07697091899891166
28,PH_7,-0.07669880435349771
29,PH_7,-0.0762922253383401
30,PH_7,-0.07576322608801166
31,PH_7,-0.07512344695164815
32,PH_7,-0.07438404467968526
33,PH_7,-0.07355563642907156
34,PH_7,-0.07264826320776986
35,PH_7,-0.07167136905377618
36,PH_7,-0.07063379282783049
37,PH_7,-0.0695437700019018
38,PH_7,-0.06840894225674721
39,PH_7,-0.06723637307019735
40,PH_7,-0.06603256779141685
41,PH_7,-0.06480349696254108
42,PH_7,-0.06355462187430007
43,PH_7,-0.06229092153224023
44,PH_7,-0.06101692036996087
45,PH_7,-0.05973671617976754
46,PH_7,-0.05845400784309485
47,PH_7,-0.05717212253624492
48,PH_7,-0.05589404216424793
49,PH_7,-0.05462242883940724
50,PH_7,-0.053359649273427
51,PH_7,-0.05210779799472395
52,PH_7,-0.050868719337119755
53,PH_7,-0.049644028173905154
54,PH_7,-0.04843512939336862
55,PH_7,-0.04724323612923907
56,PH_7,-0.04606938677290441
57,PH_7,-0.044914460804418715
58,PH_7,-0.043779193486773005
59,PH_7,-0.042664189473166726
60,PH_7,-0.04156993538048705
61,PH_7,-0.04049681138422451
62,PH_7,-0.03944510189091587
63,PH_7,-0.03841500534414764
64,PH_7,-0.03740664321937809
65,PH_7,-0.036420068261506934
66,PH_7,-0.03545527201737867
67,PH_7,-0.03451219171336033
68,PH_7,-0.03359071652587814
69,PH_7,-0.032690693290408405
70,PH_7,-0.03181193169195231
71,PH_7,-0.0309542089775341
72,PH_7,-0.03011727422878296
73,PH_7,-0.029300852230221372
74,PH_7,-0.028504646966510356
75,PH_7,-0.02772834477960957
76,PH_7,-0.02697161721461198
77,PH_7,-0.026234123580916213
78,PH_7,-0.02551551325340964
79,PH_7,-0.024815427736454797
80,PH_7,-0.024133502511701495
1,MC_7,0.16892164368714485
2,MC_7,0.12322720370106592
3,MC_7,0.08892201219767885
4,MC_7,0.06234898996059385
5,MC_7,0.041160329100205485
6,MC_7,0.023830795255703027
7,MC_7,0.009359455206976485
8,MC_7,-0.0029201891359834993
9,MC_7,-0.013460749438635762
10,MC_7,-0.022577456573673837
11,MC_7,-0.03049671831876365
12,MC_7,-0.03738695230869762
13,MC_7,-0.04337818329647556
14,MC_7,-0.04857452174894042
15,MC_7,-0.053062134600231896
16,MC_7,-0.05691436287695556
17,MC_7,-0.06019503421268782
18,MC_7,-0.06296063346536475
19,MC_7,-0.06526175071963469
20,MC_7,-0.06714407143087703
21,MC_7,-0.068649075661717
22,MC_7,-0.06981455152121727
23,MC_7,-0.07067498886755073
24,MC_7,-0.07126189471758765
25,MC_7,-0.07160405631952907
26,MC_7,-0.07172776812649356
27,MC_7,-0.0716570328305703
28,MC_7,-0.07141374283047948
29,MC_7,-0.0710178461593019
30,MC_7,-0.0704874994534602
31,MC_7,-0.06983920966082807
32,MC_7,-0.06908796565094295
33,MC_7,-0.06824736056978088
34,MC_7,-0.06732970559162978
35,MC_7,-0.06634613560914196
36,MC_7,-0.06530670733741555
37,MC_7,-0.06422049026922605
38,MC_7,-0.06309565089434771
39,MC_7,-0.06193953057917856
40,MC_7,-0.06075871748951919
41,MC_7,-0.059559112927065505
42,MC_7,-0.05834599243780305
43,MC_7,-0.0571240620375005
44,MC_7,-0.055897509885751484
45,MC_7,-0.054670053725557693
46,MC_7,-0.053444984390427545
47,MC_7,-0.05222520566558581
48,MC_7,-0.051013270774336816
49,MC_7,-0.0498114157450856
50,MC_7,-0.04862158989915489
51,MC_7,-0.047445483684479706
52,MC_7,-0.046284554065620945
53,MC_7,-0.0451400476664027
54,MC_7,-0.04401302184790694
55,MC_7,-0.04290436389160109
56,MC_7,-0.04181480844505539
57,MC_7,-0.04074495337604553
58,MC_7,-0.03969527416983416
59,MC_7,-0.03866613699408189
60,MC_7,-0.037657810546140244
61,MC_7,-0.03667047678840875
62,MC_7,-0.03570424066897794
63,MC_7,-0.03475913891690233
64,MC_7,-0.033835147994128845
65,MC_7,-0.03293219127931673
66,MC_7,-0.03205014555249994
67,MC_7,-0.0311888468437287
68,MC_7,-0.030348095703463
69,MC_7,-0.029527661947538288
70,MC_7,-0.028727288924968696
71,MC_7,-0.02794669735265645
72,MC_7,-0.027185588757223617
73,MC_7,-0.026443648560641547
74,MC_7,-0.02572054884308711
75,MC_7,-0.025015950813478443
76,MC_7,-0.02432950701541697
77,MC_7,-0.023660863293767504
78,MC_7,-0.02300966054482699
79,MC_7,-0.022375536270946735
80,MC_7,-0.021758125958568728
1,L_7,0.32044819731369645
2,L_7,0.28476330565048846
3,L_7,0.25984554430135237
4,L_7,0.2417751247587589
5,L_7,0.2281446960136994
6,L_7,0.21741906162002225
7,L_7,0.20861706527296595
8,L_7,0.20110987315124176
9,L_7,0.19449288168176113
10,L_7,0.1885043539572551
11,L_7,0.1829737274599337
12,L_7,0.17778876208466451
13,L_7,0.17287465035830912
14,L_7,0.16818072245076018
15,L_7,0.16367197322116556
16,L_7,0.15932365125024703
17,L_7,0.1551177928438735
18,L_7,0.15104099221877804
19,L_7,0.14708295818179798
20,L_7,0.14323557202215362
21,L_7,0.1394922656285962
22,L_7,0.13584760498027473
23,L_7,0.13229700608731462
24,L_7,0.12883653702814737
25,L_7,0.1254627765653672
26,L_7,0.12217271048626115
27,L_7,0.11896365357010408
28,L_7,0.11583318936596317
29,L_7,0.11277912268095906
30,L_7,0.10979944140528826
31,L_7,0.10689228540110865
32,L_7,0.10405592088800433
33,L_7,0.10128871921371575
34,L_7,0.0985891391970058
35,L_7,0.09595571242783554
36,L_7,0.09338703104490383
37,L_7,0.09088173760498858
38,L_7,0.08843851672682494
39,L_7,0.08605608824350484
40,L_7,0.08373320163727237
41,L_7,0.08146863156269252
42,L_7,0.0792611742907547
43,L_7,0.07710964492897691
44,L_7,0.07501287529194238
45,L_7,0.07296971231354743
46,L_7,0.0709790169069957
47,L_7,0.06903966319154593
48,L_7,0.06715053801643787
49,L_7,0.06531054072247011
50,L_7,0.06351858309053103
51,L_7,0.06177358943412768
52,L_7,0.060074496799723674
53,L_7,0.05842025524459894
54,L_7,0.05680982816706725
55,L_7,0.05524219266832207
56,L_7,0.05371633992900339
57,L_7,0.05223127558685786
58,L_7,0.05078602010466755
59,L_7,0.04937960912000499
60,L_7,0.04801109377038829
61,L_7,0.04667954098910298
62,L_7,0.04538403376837469
63,L_7,0.04412367138774992
64,L_7,0.04289756960650813
65,L_7,0.04170486081971428
66,L_7,0.04054469417815533
67,L_7,0.03941623567290461
68,L_7,0.03831866818565128
69,L_7,0.03725119150622803
70,L_7,0.036213022318990234
71,L_7,0.03520339415985284
72,L_7,0.03422155734589005
73,L_7,0.03326677887945765
74,L_7,0.03233834232881502
75,L_7,0.03143554768721337
76,L_7,0.03055771121238099
77,L_7,0.029704165248284255
78,L_7,0.028874258030975913
79,L_7,0.02806735348026513
80,L_7,0.02728283097885984
1,Y_8,-0.39094865837732345
2,Y_8,-0.3557415816191294
3,Y_8,-0.3130425340170952
4,Y_8,-0.2687980576741959
5,Y_8,-0.22624985536660283
6,Y_8,-0.18705991407069708
7,Y_8,-0.15194432955212733
8,Y_8,-0.12106787715233666
9,Y_8,-0.09428750071213644
10,Y_8,-0.07130084819641413
11,Y_8,-0.051735378570768535
12,Y_8,-0.03520047610873966
13,Y_8,-0.02131671323047805
14,Y_8,-0.0097311507697648
15,Y_8,-0.00012424232554468154
16,Y_8,0.007788189285315599
17,Y_8,0.014255758689224164
18,Y_8,0.01949579511620737
19,Y_8,0.02369629891556347
20,Y_8,0.027019111426863834
21,Y_8,0.029603033516663713
22,Y_8,0.031566751487943655
23,Y_8,0.033011503613231935
24,Y_8,0.034023464601938246
25,Y_8,0.034675850477469225
26,Y_8,0.03503075990539833
27,Y_8,0.03514077455704668
28,Y_8,0.03505034347134567
29,Y_8,0.03479697636508177
30,Y_8,0.03441226952776035
31,Y_8,0.033922785983822965
32,Y_8,0.033350809405306145
33,Y_8,0.03271498903932834
34,Y_8,0.032030890801683455
35,Y_8,0.031311467742645996
36,Y_8,0.030567461339060943
37,Y_8,0.029807743511517982
38,Y_8,0.0290396078986217
39,Y_8,0.028269017727705816
40,Y_8,0.027500816585895003
41,Y_8,0.026738907499788054
42,Y_8,0.025986404959424867
43,Y_8,0.02524576385705416
44,Y_8,0.02451888873944473
45,Y_8,0.02380722628152928
46,Y_8,0.023111843467984464
47,Y_8,0.02243349360825882
48,Y_8,0.02177267200116197
49,Y_8,0.021129662800137162
50,Y_8,0.020504578403470884
51,Y_8,0.019897392499528224
52,Y_8,0.019307967730977035
53,Y_8,0.018736078799870354
54,Y_8,0.01818143171395758
55,Y_8,0.017643679770727887
56,Y_8,0.01712243678693561
57,Y_8,0.01661728800552461
58,Y_8,0.01612779904711942
59,Y_8,0.015653523217963355
60,Y_8,0.015194007439012001
61,Y_8,0.01474879702064996
62,Y_8,0.014317439473190958
63,Y_8,0.013899487514085089
64,Y_8,0.013494501407857793
65,Y_8,0.013102050753610478
66,Y_8,0.012721715816884709
67,Y_8,0.012353088487366869
68,Y_8,0.011995772930895106
69,Y_8,0.011649385993183955
70,Y_8,0.011313557403316873
71,Y_8,0.01098792981712471
72,Y_8,0.010672158733856444
73,Y_8,0.010365912313877712
74,Y_8,0.01006887112034579
75,Y_8,0.009780727803777083
76,Y_8,0.009501186745029599
77,Y_8,0.009229963669372928
78,Y_8,0.008966785241929653
79,Y_8,0.008711388652774814
80,Y_8,0.008463521198312571
1,PH_8,-0.10432364500915027
2,PH_8,-0.15854522249070896
3,PH_8,-0.20093115500756947
4,PH_8,-0.23373849275755879
5,PH_8,-0.25875064717202767
6,PH_8,-0.27739245134985585
7,PH_8,-0.29081663321763845
8,PH_8,-0.29996511152439403
9,PH_8,-0.3056134281468709
10,PH_8,-0.3084037061979057
11,PH_8,-0.308869656366966
12,PH_8,-0.3074559574430733
13,PH_8,-0.30453356652890246
14,PH_8,-0.30041201528165273
15,PH_8,-0.29534942255576574
16,PH_8,-0.28956073886109635
17,PH_8,-0.2832245945456144
18,PH_8,-0.27648902637787837
19,PH_8,-0.26947629015618596
20,PH_8,-0.2622869198009915
21,PH_8,-0.2550031594613449
22,PH_8,-0.24769187019205066
23,PH_8,-0.24040699393847045
24,PH_8,-0.23319164306097814
25,PH_8,-0.2260798722179394
26,PH_8,-0.2190981802802609
27,PH_8,-0.2122667825070295
28,PH_8,-0.2056006870758656
29,PH_8,-0.19911060495171565
30,PH_8,-0.1928037177882261
31,PH_8,-0.1866843249328227
32,PH_8,-0.1807543875324815
33,PH_8,-0.17501398511993171
34,PH_8,-0.16946169782630002
35,PH_8,-0.164094925456525
36,PH_8,-0.15891015302931988
37,PH_8,-0.15390317098338982
38,PH_8,-0.14906925705187724
39,PH_8,-0.1444033257788033
40,PH_8,-0.13990005077010087
41,PH_8,-0.13555396401682193
42,PH_8,-0.1313595359814006
43,PH_8,-0.12731123958415927
44,PH_8,-0.12340360075343133
45,PH_8,-0.1196312377974669
46,PH_8,-0.11598889150997914
47,PH_8,-0.11247144762545089
48,PH_8,-0.10907395298797196
49,PH_8,-0.10579162658224697
50,PH_8,-0.10261986639219454
51,PH_8,-0.09955425289668188
52,PH_8,-0.09659054987947743
53,PH_8,-0.09372470311808513
54,PH_8,-0.09095283742084058
55,PH_8,-0.0882712524010156
56,PH_8,-0.08567641730854725
57,PH_8,-0.0831649651825491
58,PH_8,-0.08073368653939549
59,PH_8,-0.0783795227705463
60,PH_8,-0.07609955939024184
61,PH_8,-0.07389101924475269
62,PH_8,-0.0717512557711697
63,PH_8,-0.06967774637404173
64,PH_8,-0.06766808597188911
65,PH_8,-0.06571998075221505
66,PH_8,-0.06383124216265003
67,PH_8,-0.061999781156913326
68,PH_8,-0.060223602707034696
69,PH_8,-0.0585008005874656
70,PH_8,-0.056829552432093526
71,PH_8,-0.055208115061547144
72,PH_8,-0.05363482007538233
73,PH_8,-0.05210806970161798
74,PH_8,-0.05062633289453313
75,PH_8,-0.04918814167053467
76,PH_8,-0.04779208767117577
77,PH_8,-0.046436818941977084
78,PH_8,-0.04512103691551342
79,PH_8,-0.043843493587231004
80,PH_8,-0.04260298887261025
1,MC_8,-0.36489373415899945
2,MC_8,-0.3910890756257081
3,MC_8,-0.4027362434400937
4,MC_8,-0.4051023766257262
5,MC_8,-0.40157875109161967
6,MC_8,-0.39436158696798
7,MC_8,-0.38487835557140154
8,MC_8,-0.37406062794113554
9,MC_8,-0.36251871236340827
10,MC_8,-0.35065368385426515
11,MC_8,-0.3387294818134516
12,MC_8,-0.3269195003017877
13,MC_8,-0.31533685084967406
14,MC_8,-0.3040541455455159
15,MC_8,-0.2931165302509242
16,MC_8,-0.28255035087568414
17,MC_8,-0.27236897840543955
18,MC_8,-0.26257677225508785
19,MC_8,-0.253171813165436
20,MC_8,-0.24414781428675403
21,MC_8,-0.23549547657653844
22,MC_8,-0.2272034631258359
23,MC_8,-0.21925910804914456
24,MC_8,-0.21164893737971388
25,MC_8,-0.20435905452791983
26,MC_8,-0.19737542652188111
27,MC_8,-0.1906840964183937
28,MC_8,-0.18427134000759138
29,MC_8,-0.17812377999388743
30,MC_8,-0.17222846742097542
31,MC_8,-0.16657293770592116
32,MC_8,-0.1611452469238854
33,MC_8,-0.15593399272396014
34,MC_8,-0.15092832331562506
35,MC_8,-0.14611793725004849
36,MC_8,-0.14149307616751122
37,MC_8,-0.1370445122484621
38,MC_8,-0.132763531761273
39,MC_8,-0.12864191582353227
40,MC_8,-0.12467191927053767
41,MC_8,-0.1208462483433418
42,MC_8,-0.11715803776087798
43,MC_8,-0.11360082761993032
44,MC_8,-0.11016854046798957
45,MC_8,-0.10685545881338877
46,MC_8,-0.10365620327134344
47,MC_8,-0.1005657114910478
48,MC_8,-0.09757921796566965
49,MC_8,-0.09469223479219988
50,MC_8,-0.09190053342019422
51,MC_8,-0.08920012740629543
52,MC_8,-0.0865872561740265
53,MC_8,-0.08405836976487652
54,MC_8,-0.08161011455644715
55,MC_8,-0.07923931991581011
56,MC_8,-0.0769429857507544
57,MC_8,-0.07471827091787017
58,MC_8,-0.07256248244407962
59,MC_8,-0.07047306551701009
60,MC_8,-0.06844759419926946
61,MC_8,-0.06648376282203934
62,MC_8,-0.0645793780142848
63,MC_8,-0.06273235132516608
64,MC_8,-0.060940692398810475
65,MC_8,-0.05920250266238435
66,MC_8,-0.05751596949031992
67,MC_8,-0.05587936080954365
68,MC_8,-0.05429102011257914
69,MC_8,-0.05274936184742064
70,MC_8,-0.05125286715506785
71,MC_8,-0.04980007992755623
72,MC_8,-0.048389603161194304
73,MC_8,-0.04702009558152176
74,MC_8,-0.04569026851821802
75,MC_8,-0.044398883009818514
76,MC_8,-0.043144747119632613
77,MC_8,-0.04192671344570079
78,MC_8,-0.04074367680898111
79,MC_8,-0.03959457210521847
80,MC_8,-0.03847837230712741
1,L_8,-0.09403383064139739
2,L_8,-0.07478447474390007
3,L_8,-0.0522292670144711
4,L_8,-0.029395519424965526
5,L_8,-0.007860718064603077
6,L_8,0.011592638801453342
7,L_8,0.02865545067554976
8,L_8,0.04329239537629365
9,L_8,0.05561894393434507
10,L_8,0.06582649961746354
11,L_8,0.07413764725095791
12,L_8,0.08078013674547538
13,L_8,0.08597242972900448
14,L_8,0.08991630114722107
15,L_8,0.09279367258944698
16,L_8,0.09476591872083719
17,L_8,0.09597455963668816
18,L_8,0.09654267431184287
19,L_8,0.09657663503445811
20,L_8,0.09616792778811888
21,L_8,0.09539492575215727
22,L_8,0.09432454572689886
23,L_8,0.09301375510843496
24,L_8,0.09151091936243391
25,L_8,0.08985699266501225
26,L_8,0.0880865611976468
27,L_8,0.08622875182922204
28,L_8,0.084308020045412
29,L_8,0.08234483089637361
30,L_8,0.08035624598364262
31,L_8,0.0783564284335327
32,L_8,0.07635707660821871
33,L_8,0.07436779610319617
34,L_8,0.07239641843485055
35,L_8,0.07044927376648856
36,L_8,0.06853142406839348
37,L_8,0.06664686225919277
38,L_8,0.06479868212784048
39,L_8,0.0629892231804241
40,L_8,0.06122019398505767
41,L_8,0.05949277709227425
42,L_8,0.057807718178823596
43,L_8,0.05616540169146071
44,L_8,0.054565914946768615
45,L_8,0.05300910236665908
46,L_8,0.05149461129107454
47,L_8,0.05002193060441014
48,L_8,0.04859042323579236
49,L_8,0.04719935344166476
50,L_8,0.04584790964874292
51,L_8,0.04453522352336665
52,L_8,0.043260385837050136
53,L_8,0.042022459615410186
54,L_8,0.04082049098674534
55,L_8,0.03965351808570255
56,L_8,0.03852057831529868
57,L_8,0.03742071422584214
58,L_8,0.03635297823098225
59,L_8,0.035316436348296135
60,L_8,0.03431017112373373
61,L_8,0.03333328387520898
62,L_8,0.03238489637007907
63,L_8,0.03146415203369659
64,L_8,0.030570216771229338
65,L_8,0.029702279472151264
66,L_8,0.028859552255904444
67,L_8,0.028041270507943163
68,L_8,0.02724669274746747
69,L_8,0.02647510036143415
70,L_8,0.025725797233727362
71,L_8,0.024998109293532324
72,L_8,0.024291384002856877
73,L_8,0.023604989799679735
74,L_8,0.022938315510277005
75,L_8,0.022290769741812554
76,L_8,0.02166178026420181
77,L_8,0.021050793388517314
78,L_8,0.020457273347745338
79,L_8,0.019880701684485323
80,L_8,0.019320576649169467
1,Y_9,-0.43783502353469744
2,Y_9,-0.4072842309762796
3,Y_9,-0.37071442768801605
4,Y_9,-0.3327054472995051
5,Y_9,-0.2957420115007134
6,Y_9,-0.2611427080071967
7,Y_9,-0.22952024303785334
8,Y_9,-0.20106902033053836
9,Y_9,-0.17574364344152973
10,Y_9,-0.15336875079400525
11,Y_9,-0.13370575381897887
12,Y_9,-0.1164926340219103
13,Y_9,-0.10146699169769048
14,Y_9,-0.08837876458001405
15,Y_9,-0.07699664732076736
16,Y_9,-0.06711073407080978
17,Y_9,-0.058532954363381975
18,Y_9,-0.05109627274803156
19,Y_9,-0.04465324574807546
20,Y_9,-0.039074293704053915
21,Y_9,-0.03424589797186726
22,Y_9,-0.03006884287999239
23,Y_9,-0.026456566008703806
24,Y_9,-0.023333646583981515
25,Y_9,-0.02063444177706582
26,Y_9,-0.018301869234592094
27,Y_9,-0.01628632794331639
28,Y_9,-0.014544746494771336
29,Y_9,-0.013039746670991961
30,Y_9,-0.011738910223528617
31,Y_9,-0.010614137272391666
32,Y_9,-0.00964108561011143
33,Y_9,-0.008798681179877992
34,Y_9,-0.00806869100159479
35,Y_9,-0.007435350787601543
36,Y_9,-0.006885040390796055
37,Y_9,-0.006406001048786345
38,Y_9,-0.00598808912525354
39,Y_9,-0.0056225617061737435
40,Y_9,-0.00530188998912588
41,Y_9,-0.005019596915132108
42,Y_9,-0.00477011594127131
43,Y_9,-0.0045486682454942366
44,Y_9,-0.0043511559990588485
45,Y_9,-0.00417406964268995
46,Y_9,-0.004014407365230713
47,Y_9,-0.0038696052129345284
48,Y_9,-0.003737476457813626
49,Y_9,-0.003616159028297897
50,Y_9,-0.003504069958085128
51,Y_9,-0.003399865942310811
52,Y_9,-0.003302409206491274
53,Y_9,-0.003210737995255032
54,Y_9,-0.003124041076550441
55,Y_9,-0.0030416357344395816
56,Y_9,-0.0029629487911890947
57,Y_9,-0.002887500258394069
58,Y_9,-0.002814889268403011
59,Y_9,-0.0027447819823057254
60,Y_9,-0.0026769012100245275
61,Y_9,-0.00261101751233144
62,Y_9,-0.0025469415845396476
63,Y_9,-0.002484517747727154
64,Y_9,-0.0024236183961315184
65,Y_9,-0.002364139269224794
66,Y_9,-0.002305995434304753
67,Y_9,-0.0022491178805437153
68,Y_9,-0.002193450638598909
69,Y_9,-0.002138948351356429
70,Y_9,-0.002085574231366028
71,Y_9,-0.0020332983492162403
72,Y_9,-0.001982096204660569
73,Y_9,-0.001931947538881698
74,Y_9,-0.001882835351995565
75,Y_9,-0.0018347450948597232
76,Y_9,-0.0017876640085604204
77,Y_9,-0.0017415805886893095
78,Y_9,-0.001696484154759779
79,Y_9,-0.0016523645079198047
80,Y_9,-0.0016092116625452866
1,PH_9,-0.07794871693271443
2,PH_9,-0.11130066363501537
3,PH_9,-0.13766768359832682
4,PH_9,-0.15861534005214234
5,PH_9,-0.1752607373737796
6,PH_9,-0.18841874159988733
7,PH_9,-0.1987016454019379
8,PH_9,-0.2065832652370455
9,PH_9,-0.21244045187922211
10,PH_9,-0.21658023515000357
11,PH_9,-0.21925780957596644
12,PH_9,-0.22068865993525416
13,PH_9,-0.22105691810559489
14,PH_9,-0.22052127825272677
15,PH_9,-0.2192193135399528
16,PH_9,-0.217270731244194
17,PH_9,-0.2147799092589214
18,PH_9,-0.21183793418890998
19,PH_9,-0.20852428347277618
20,PH_9,-0.2049082446686787
21,PH_9,-0.20105013373819408
22,PH_9,-0.19700235423907259
23,PH_9,-0.19281032659947406
24,PH_9,-0.18851330844584382
25,PH_9,-0.18414512162095062
26,PH_9,-0.17973479800221376
27,PH_9,-0.17530715384808554
28,PH_9,-0.17088330074333927
29,PH_9,-0.16648110001967548
30,PH_9,-0.1621155666312015
31,PH_9,-0.15779922776184463
32,PH_9,-0.15354244086909566
33,PH_9,-0.14935367538532934
34,PH_9,-0.14523976187907203
35,PH_9,-0.14120611210810366
36,PH_9,-0.1372569130640841
37,PH_9,-0.13339529780791196
38,PH_9,-0.12962349562184672
39,PH_9,-0.12594296375544092
40,PH_9,-0.12235450281521108
41,PH_9,-0.11885835764086784
42,PH_9,-0.11545430532225659
43,PH_9,-0.1121417318395358
44,PH_9,-0.10891969865326008
45,PH_9,-0.10578700042975221
46,PH_9,-0.1027422149593069
47,PH_9,-0.09978374620931278
48,PH_9,-0.09690986135028846
49,PH_9,-0.09411872249915643
50,PH_9,-0.09140841383992392
51,PH_9,-0.0887769647064625
52,PH_9,-0.08622236914449045
53,PH_9,-0.08374260240943698
54,PH_9,-0.08133563480292379
55,PH_9,-0.07899944320251653
56,PH_9,-0.07673202059659863
57,PH_9,-0.0745313838981798
58,PH_9,-0.07239558027768404
59,PH_9,-0.07032269222483349
60,PH_9,-0.0683108415232507
61,PH_9,-0.06635819229798269
62,PH_9,-0.06446295327547581
63,PH_9,-0.06262337937730483
64,PH_9,-0.060837772752913126
65,PH_9,-0.05910448334251465
66,PH_9,-0.05742190904892359
67,PH_9,-0.05578849558622089
68,PH_9,-0.05420273606366252
69,PH_9,-0.0526631703549278
70,PH_9,-0.05116838429555747
71,PH_9,-0.04971700874511478
72,PH_9,-0.04830771854511012
73,PH_9,-0.046939231398960043
74,PH_9,-0.045610306696118895
75,PH_9,-0.04431974429894583
76,PH_9,-0.04306638330778523
77,PH_9,-0.041849100817082215
78,PH_9,-0.0406668106730718
79,PH_9,-0.03951846224162576
80,PH_9,-0.03840303919317027
1,MC_9,-0.17375717775257474
2,MC_9,-0.20329196918733025
3,MC_9,-0.2226691985569439
4,MC_9,-0.2349086294213205
5,MC_9,-0.24207267197718604
6,MC_9,-0.24558390340969494
7,MC_9,-0.24643907015134542
8,MC_9,-0.24534828795545838
9,MC_9,-0.24282607792311037
10,MC_9,-0.23925139239839185
11,MC_9,-0.2349075994429423
12,MC_9,-0.230009444950162
13,MC_9,-0.22472149512505143
14,MC_9,-0.21917095757790533
15,MC_9,-0.21345675459717348
16,MC_9,-0.20765606639790704
17,MC_9,-0.20182914135405824
18,MC_9,-0.19602289930352515
19,MC_9,-0.19027367883750504
20,MC_9,-0.18460936559844077
21,MC_9,-0.17905106406162227
22,MC_9,-0.1736144260589795
23,MC_9,-0.16831071646994847
24,MC_9,-0.16314767432274377
25,MC_9,-0.15813021234093888
26,MC_9,-0.1532609873653646
27,MC_9,-0.14854086654739262
28,MC_9,-0.14396930875015512
29,MC_9,-0.13954467655683778
30,MC_9,-0.13526449123925532
31,MC_9,-0.13112564069832028
32,MC_9,-0.1271245485567777
33,MC_9,-0.1232573111308408
34,MC_9,-0.11951980783849224
35,MC_9,-0.11590778965246118
36,MC_9,-0.11241694942763568
37,MC_9,-0.10904297729069248
38,MC_9,-0.10578160374747628
39,MC_9,-0.10262863272069742
40,MC_9,-0.09957996636085377
41,MC_9,-0.09663162316420655
42,MC_9,-0.09377975067291373
43,MC_9,-0.09102063381570305
44,MC_9,-0.08835069976590697
45,MC_9,-0.0857665200415989
46,MC_9,-0.08326481044525696
47,MC_9,-0.08084242933388688
48,MC_9,-0.07849637462155108
49,MC_9,-0.07622377984200035
50,MC_9,-0.07402190953724788
51,MC_9,-0.07188815418648588
52,MC_9,-0.06982002484706412
53,MC_9,-0.06781514764391978
54,MC_9,-0.06587125821468712
55,MC_9,-0.06398619619371992
56,MC_9,-0.06215789979859191
57,MC_9,-0.060384400566579656
58,MC_9,-0.05866381827559174
59,MC_9,-0.056994356073467645
60,MC_9,-0.055374295831120114
61,MC_9,-0.05380199372826436
62,MC_9,-0.052275876075177495
63,MC_9,-0.05079443536980395
64,MC_9,-0.04935622658635833
65,MC_9,-0.04795986368920143
66,MC_9,-0.04660401636402927
67,MC_9,-0.04528740695719664
68,MC_9,-0.044008807613194895
69,MC_9,-0.04276703759983392
70,MC_9,-0.04156096081046882
71,MC_9,-0.04038948343260926
72,MC_9,-0.03925155177240085
73,MC_9,-0.03814615022474093
74,MC_9,-0.037072299379148466
75,MC_9,-0.03602905425192827
76,MC_9,-0.03501550263563017
77,MC_9,-0.03403076355729053
78,MC_9,-0.033073985837438695
79,MC_9,-0.03214434674235228
80,MC_9,-0.031241050722535562
1,L_9,-0.04535219641162667
2,L_9,-0.03241509364875963
3,L_9,-0.019854803427878077
4,L_9,-0.008193747379663852
5,L_9,0.002411975838849777
6,L_9,0.011910071372396972
7,L_9,0.020310178954362303
8,L_9,0.027658067356469015
9,L_9,0.03401943541662882
10,L_9,0.03946975269208985
11,L_9,0.04408793365347588
12,L_9,0.047952452252131524
13,L_9,0.05113901265666603
14,L_9,0.05371921334366865
15,L_9,0.05575984517800852
16,L_9,0.05732259316362829
17,L_9,0.05846399359897034
18,L_9,0.059235550714483276
19,L_9,0.05968395040258948
20,L_9,0.05985133024959974
21,L_9,0.05977557908538878
22,L_9,0.05949064842324998
23,L_9,0.05902686420511875
24,L_9,0.05841123129722442
25,L_9,0.05766772589863778
26,L_9,0.056817572877722905
27,L_9,0.05587950632691911
28,L_9,0.054870012511004485
29,L_9,0.053803555000061475
30,L_9,0.05269278220665938
31,L_9,0.05154871784172053
32,L_9,0.05038093500240929
33,L_9,0.04919771473418593
34,L_9,0.0480061899864092
35,L_9,0.04681247591999492
36,L_9,0.04562178753657393
37,L_9,0.04443854558880688
38,L_9,0.043266471706679764
39,L_9,0.04210867363908678
40,L_9,0.040967721467170946
41,L_9,0.03984571559834934
42,L_9,0.038744347299712906
43,L_9,0.037664952478112954
44,L_9,0.036608559362909764
45,L_9,0.035575930696949885
46,L_9,0.03456760099251258
47,L_9,0.03358390936218714
48,L_9,0.032625028390229995
49,L_9,0.03169098946810162
50,L_9,0.03078170497870657
51,L_9,0.02989698767738925
52,L_9,0.02903656758395414
53,L_9,0.028200106668820984
54,L_9,0.027387211587799526
55,L_9,0.02659744469376387
56,L_9,0.025830333529593477
57,L_9,0.025085378984991132
58,L_9,0.024362062280046986
59,L_9,0.02365985092055066
60,L_9,0.022978203753918843
61,L_9,0.02231657524007155
62,L_9,0.021674419038520427
63,L_9,0.02105119100120718
64,L_9,0.020446351650127693
65,L_9,0.019859368209389758
66,L_9,0.01928971625297409
67,L_9,0.018736881022005263
68,L_9,0.018200358458701153
69,L_9,0.017679655998275635
70,L_9,0.017174293154844564
71,L_9,0.01668380193276022
72,L_9,0.016207727090712946
73,L_9,0.015745626282332986
74,L_9,0.015297070093849154
75,L_9,0.014861641996567946
76,L_9,0.014438938229483176
77,L_9,0.014028567625176574
78,L_9,0.013630151390288113
79,L_9,0.013243322850190567
80,L_9,0.012867727166069938
1,Y_10,-0.20070398374580045
2,Y_10,-0.19805909287164816
3,Y_10,-0.17951485961105124
4,Y_10,-0.1534424768027427
5,Y_10,-0.12478421712333676
6,Y_10,-0.0963634561027757
7,Y_10,-0.06970181673641594
8,Y_10,-0.04553264426558705
9,Y_10,-0.024121882350374636
10,Y_10,-0.005467244599622724
11,Y_10,0.010579314542398535
12,Y_10,0.024237306252638147
13,Y_10,0.03575353668156139
14,Y_10,0.04537665031018529
15,Y_10,0.053343194419608136
16,Y_10,0.05987068426606264
17,Y_10,0.0651548406796946
18,Y_10,0.06936924148445617
19,Y_10,0.0726663028292604
20,Y_10,0.07517893076218579
21,Y_10,0.07702244899206007
22,Y_10,0.0782965740785079
23,Y_10,0.07908731128623674
24,Y_10,0.07946870650830866
25,Y_10,0.07950442688073715
26,Y_10,0.0792491643870232
27,Y_10,0.07874986882704717
28,Y_10,0.07804682273979013
29,Y_10,0.07717457356833687
30,Y_10,0.07616273900025246
31,Y_10,0.07503670091074012
32,Y_10,0.07381820223273887
33,Y_10,0.07252585970962794
34,Y_10,0.07117560404727329
35,Y_10,0.06978105758239944
36,Y_10,0.06835385828116188
37,Y_10,0.06690393770135884
38,Y_10,0.06543975950150423
39,Y_10,0.06396852415707294
40,Y_10,0.0624963447401863
41,Y_10,0.06102839792283319
42,Y_10,0.059569053763627595
43,Y_10,0.05812198732249528
44,Y_10,0.05669027470569406
45,Y_10,0.05527647576533332
46,Y_10,0.05388270535425433
47,Y_10,0.052510694761013305
48,Y_10,0.051161844714010536
49,Y_10,0.049837271142682375
50,Y_10,0.04853784471206207
51,Y_10,0.04726422500060032
52,Y_10,0.04601689006619225
53,Y_10,0.04479616203872322
54,Y_10,0.04360222928640587
55,Y_10,0.04243516562543145
56,Y_10,0.04129494697602878
57,Y_10,0.040181465811243544
58,Y_10,0.03909454369619029
59,Y_10,0.0380339421739766
60,Y_10,0.036999372218923
61,Y_10,0.03599050244722303
62,Y_10,0.035006966249057615
63,Y_10,0.03404836798376264
64,Y_10,0.03311428836040305
65,Y_10,0.03220428910957394
66,Y_10,0.03131791703803169
67,Y_10,0.030454707545525414
68,Y_10,0.029614187672662863
69,Y_10,0.02879587873956311
70,Y_10,0.02799929862721339
71,Y_10,0.027223963746682088
72,Y_10,0.02646939073549167
73,Y_10,0.025735097915398266
74,Y_10,0.025020606541442076
75,Y_10,0.02432544186833847
76,Y_10,0.023649134056983982
77,Y_10,0.02299121894099184
78,Y_10,0.02235123867068481
79,Y_10,0.021728742249809398
80,Y_10,0.021123285978351093
1,PH_10,-0.11964928938512819
2,PH_10,-0.18512712969457443
3,PH_10,-0.23541894310166647
4,PH_10,-0.27344075636562526
5,PH_10,-0.30155349763212935
6,PH_10,-0.3216721335088456
7,PH_10,-0.33535549607601656
8,PH_10,-0.34387551044825865
9,PH_10,-0.3482713745489776
10,PH_10,-0.3493925205817621
11,PH_10,-0.3479330515087062
12,PH_10,-0.34445958569777185
13,PH_10,-0.3394339262774421
14,PH_10,-0.33323161437309795
15,PH_10,-0.326157173394035
16,PH_10,-0.3184566701856865
17,PH_10,-0.31032808563300956
18,PH_10,-0.3019298874379564
19,PH_10,-0.29338812151281796
20,PH_10,-0.2848022791583352
21,PH_10,-0.27625015044417317
22,PH_10,-0.2677918368629483
23,PH_10,-0.25947306618045113
24,PH_10,-0.25132792785923225
25,PH_10,-0.24338112731413308
26,PH_10,-0.2356498406817458
27,PH_10,-0.22814523807283157
28,PH_10,-0.2208737318986424
29,PH_10,-0.21383799740046294
30,PH_10,-0.20703780463136381
31,PH_10,-0.2004706945687922
32,PH_10,-0.19413252655474186
33,PH_10,-0.18801791968482487
34,PH_10,-0.1821206069482691
35,PH_10,-0.1764337177329816
36,PH_10,-0.17095000164962026
37,PH_10,-0.1656620044096091
38,PH_10,-0.1605622046419815
39,PH_10,-0.15564311899244265
40,PH_10,-0.15089738156455912
41,PH_10,-0.14631780269520148
42,PH_10,-0.1418974111688324
43,PH_10,-0.13762948323827304
44,PH_10,-0.13350756120832888
45,PH_10,-0.12952546383228614
46,PH_10,-0.12567729035238306
47,PH_10,-0.12195741966931205
48,PH_10,-0.11836050584042562
49,PH_10,-0.11488147087138657
50,PH_10,-0.11151549557299499
51,PH_10,-0.1082580090967104
52,PH_10,-0.10510467763302446
53,PH_10,-0.10205139265135728
54,PH_10,-0.09909425897441995
55,PH_10,-0.09622958291055457
56,PH_10,-0.09345386061156793
57,PH_10,-0.09076376677863089
58,PH_10,-0.08815614380293953
59,PH_10,-0.08562799139938976
60,PH_10,-0.08317645676913529
61,PH_10,-0.08079882530946043
62,PH_10,-0.0784925118759697
63,PH_10,-0.0762550525919081
64,PH_10,-0.0740840971918492
65,PH_10,-0.07197740188150026
66,PH_10,-0.06993282269155254
67,PH_10,-0.0679483093009966
68,PH_10,-0.06602189930384883
69,PH_10,-0.06415171289256043
70,PH_10,-0.06233594793131878
71,PH_10,-0.060572875392851507
72,PH_10,-0.05886083513308492
73,PH_10,-0.05719823197899153
74,PH_10,-0.055583532106112964
75,PH_10,-0.05401525968349898
76,PH_10,-0.05249199376511778
77,PH_10,-0.05101236540812744
78,PH_10,-0.049575054999726614
79,PH_10,-0.04817878977560392
80,PH_10,-0.046822341514263774
1,MC_10,-0.4874714510452276
2,MC_10,-0.5034230948871341
3,MC_10,-0.5039824934064864
4,MC_10,-0.4954048690887224
5,MC_10,-0.481636100649306
6,MC_10,-0.46513426782194833
7,MC_10,-0.44741520274859525
8,MC_10,-0.42939970827925034
9,MC_10,-0.41163397021751286
10,MC_10,-0.39442935560597836
11,MC_10,-0.3779510065145605
12,MC_10,-0.36227391451002894
13,MC_10,-0.34741834481062017
14,MC_10,-0.333372149981638
15,MC_10,-0.3201047634243117
16,MC_10,-0.3075759163083653
17,MC_10,-0.29574101195539687
18,MC_10,-0.284554386592831
19,MC_10,-0.2739712372964387
20,MC_10,-0.26394871310722184
21,MC_10,-0.2544464842231011
22,MC_10,-0.24542698901704105
23,MC_10,-0.23685548539972592
24,MC_10,-0.22869998646330753
25,MC_10,-0.22093113071285628
26,MC_10,-0.21352201834797738
27,MC_10,-0.20644803307808096
28,MC_10,-0.19968666134753704
29,MC_10,-0.19321731602483153
30,MC_10,-0.18702116856290288
31,MC_10,-0.1810809917227906
32,MC_10,-0.1753810137595215
33,MC_10,-0.1699067842362195
34,MC_10,-0.16464505119270698
35,MC_10,-0.15958364914161785
36,MC_10,-0.15471139722988828
37,MC_10,-0.15001800684268707
38,MC_10,-0.1454939979122744
39,MC_10,-0.1411306232079283
40,MC_10,-0.13691979991338463
41,MC_10,-0.13285404783777452
42,MC_10,-0.12892643365009945
43,MC_10,-0.12513052057283824
44,MC_10,-0.12146032301547535
45,MC_10,-0.11791026567241965
46,MC_10,-0.11447514665128004
47,MC_10,-0.11115010423642237
48,MC_10,-0.10793058692898562
49,MC_10,-0.10481232643805914
50,MC_10,-0.1017913133285663
51,MC_10,-0.09886377505966831
52,MC_10,-0.09602615617332566
53,MC_10,-0.09327510041619094
54,MC_10,-0.0906074345994019
55,MC_10,-0.08802015402026508
56,MC_10,-0.08551040928741892
57,MC_10,-0.08307549440698997
58,MC_10,-0.08071283600164582
59,MC_10,-0.07841998354744564
60,MC_10,-0.07619460052510743
61,MC_10,-0.07403445639287223
62,MC_10,-0.07193741929765711
63,MC_10,-0.06990144944974588
64,MC_10,-0.06792459309396338
65,MC_10,-0.06600497701719381
66,MC_10,-0.0641408035383168
67,MC_10,-0.06233034593221546
68,MC_10,-0.06057194424451194
69,MC_10,-0.05886400145818001
70,MC_10,-0.057204979977210885
71,MC_10,-0.055593398396116364
72,MC_10,-0.05402782852729139
73,MC_10,-0.052506892661154186
74,MC_10,-0.05102926103658123
75,MC_10,-0.049593649501476926
76,MC_10,-0.048198817345401865
77,MC_10,-0.046843565288046826
78,MC_10,-0.04552673360900797
79,MC_10,-0.04424720040581262
80,MC_10,-0.04300387996848109
1,L_10,0.0349286828693503
2,L_10,0.026736166098411274
3,L_10,0.030680182844902495
4,L_10,0.04081339973403743
5,L_10,0.05358049002549539
6,L_10,0.06690665611249899
7,L_10,0.07963310148354073
8,L_10,0.09116132507100531
9,L_10,0.10122986323587632
10,L_10,0.1097749095706889
11,L_10,0.11684395283882891
12,L_10,0.12254283961952475
13,L_10,0.12700383274969412
14,L_10,0.13036679143554641
15,L_10,0.13276849338816807
16,L_10,0.1343369576374915
17,L_10,0.13518879320108337
18,L_10,0.13542833812896032
19,L_10,0.1351478212535893
20,L_10,0.13442807427375073
21,L_10,0.13333950759220012
22,L_10,0.13194317968106647
23,L_10,0.1302918621440812
24,L_10,0.1284310472728672
25,L_10,0.12639987203818032
26,L_10,0.12423194863920253
27,L_10,0.12195610108663207
28,L_10,0.119597012430174
29,L_10,0.11717578980414364
30,L_10,0.11471045548933703
31,L_10,0.11221637231968025
32,L_10,0.10970661139727765
33,L_10,0.10719226946312214
34,L_10,0.1046827425493092
35,L_10,0.10218596179761033
36,L_10,0.09970859661648634
37,L_10,0.09725622968870304
38,L_10,0.09483350774535369
39,L_10,0.09244427149181193
40,L_10,0.09009166760484627
41,L_10,0.0877782453133121
42,L_10,0.08550603972190571
43,L_10,0.08327664373251802
44,L_10,0.08109127015501531
45,L_10,0.07895080537342161
46,L_10,0.07685585573960677
47,L_10,0.07480678770033516
48,L_10,0.07280376252106924
49,L_10,0.0708467663478906
50,L_10,0.06893563624439604
51,L_10,0.06707008275092709
52,L_10,0.06524970943684029
53,L_10,0.06347402985085897
54,L_10,0.061742482218276336
55,L_10,0.060054442185539646
56,L_10,0.0584092338713702
57,L_10,0.05680613944806892
58,L_10,0.05524440744617164
59,L_10,0.053723259949426574
60,L_10,0.05224189882454636
61,L_10,0.05079951111081366
62,L_10,0.049395273677938535
63,L_10,0.04802835724619106
64,L_10,0.046697929850438635
65,L_10,0.045403159819018275
66,L_10,0.044143218329133836
67,L_10,0.042917281592477624
68,L_10,0.04172453271786232
69,L_10,0.04056416329166048
70,L_10,0.03943537471165708
71,L_10,0.03833737930541547
72,L_10,0.03726940126034383
73,L_10,0.03623067738924746
74,L_10,0.03522045775219098
75,L_10,0.034238006152916126
76,L_10,0.033282600525811834
77,L_10,0.03235353322747099
78,L_10,0.03145011124515378
79,L_10,0.03057165633297887
80,L_10,0.02971750508535145
1,Y_11,-0.4634600355354933
2,Y_11,-0.4084397137051455
3,Y_11,-0.3543664661986779
4,Y_11,-0.30348758555813177
5,Y_11,-0.25688131978226364
6,Y_11,-0.2149341223561723
7,Y_11,-0.17763357749185468
8,Y_11,-0.14474877977265765
9,Y_11,-0.11594004442634008
10,Y_11,-0.09082443668573252
11,Y_11,-0.06901383597431697
12,Y_11,-0.05013606134163364
13,Y_11,-0.0338456687529767
14,Y_11,-0.019828555907544933
15,Y_11,-0.007802948153091936
16,Y_11,0.0024816450213283694
17,Y_11,0.011246531746988331
18,Y_11,0.018686413695334265
19,Y_11,0.02497209313350447
20,Y_11,0.030253117160056412
21,Y_11,0.03466025639959817
22,Y_11,0.038307770445993726
23,Y_11,0.04129544477860782
24,Y_11,0.04371040233732839
25,Y_11,0.0456287028391526
26,Y_11,0.047116747641475464
27,Y_11,0.0482325096186565
28,Y_11,0.04902660742832205
29,Y_11,0.04954324250564154
30,Y_11,0.0498210156237533
31,Y_11,0.049893638185051124
32,Y_11,0.04979055172690905
33,Y_11,0.0495374675270625
34,Y_11,0.049156836723034315
35,Y_11,0.04866826003430707
36,Y_11,0.04808884499737908
37,Y_11,0.04743351758576156
38,Y_11,0.04671529417843899
39,Y_11,0.04594551904863628
40,Y_11,0.04513407185692994
41,Y_11,0.04428954903636614
42,Y_11,0.04341942244080365
43,Y_11,0.042530178180813887
44,Y_11,0.04162743818490676
45,Y_11,0.040716066689501514
46,Y_11,0.03980026357183695
47,Y_11,0.03888364618975072
48,Y_11,0.037969321175626014
49,Y_11,0.0370599474441865
50,Y_11,0.03615779151125243
51,Y_11,0.03526477607961326
52,Y_11,0.034382522725884844
53,Y_11,0.03351238941605445
54,Y_11,0.032655503485186685
55,Y_11,0.031812790636590496
56,Y_11,0.030985000445995493
57,Y_11,0.030172728795572302
58,Y_11,0.02937643760973685
59,Y_11,0.02859647221857101
60,Y_11,0.027833076634467258
61,Y_11,0.02708640699249669
62,Y_11,0.026356543374325647
63,Y_11,0.025643500208699533
64,Y_11,0.02494723541806046
65,Y_11,0.024267658460342154
66,Y_11,0.023604637397011505
67,Y_11,0.02295800510267145
68,Y_11,0.02232756471773051
69,Y_11,0.021713094433522463
70,Y_11,0.021114351688623058
71,Y_11,0.02053107684576359
72,Y_11,0.01996299641052904
73,Y_11,0.01940982584580651
74,Y_11,0.01887127202959594
75,Y_11,0.018347035398202042
76,Y_11,0.017836811811902387
77,Y_11,0.017340294175847072
78,Y_11,0.016857173845120883
79,Y_11,0.016387141839526886
80,Y_11,0.01592988989067514
1,PH_11,-0.09601648922597497
2,PH_11,-0.14463710430530588
3,PH_11,-0.18379879549940725
4,PH_11,-0.2153901328918263
5,PH_11,-0.24082957625952614
6,PH_11,-0.26120287096928085
7,PH_11,-0.2773600472910709
8,PH_11,-0.2899802585987417
9,PH_11,-0.29961577223031005
10,PH_11,-0.30672234705891366
11,PH_11,-0.3116806383136627
12,PH_11,-0.3148116193202441
13,PH_11,-0.3163879568991238
14,PH_11,-0.3166426038829079
15,PH_11,-0.3157754403094795
16,PH_11,-0.3139585166404952
17,PH_11,-0.3113402722088666
18,PH_11,-0.30804898466970854
19,PH_11,-0.3041956290357193
20,PH_11,-0.2998762735989348
21,PH_11,-0.2951741055362869
22,PH_11,-0.29016115541947424
23,PH_11,-0.2848997734489172
24,PH_11,-0.27944389859101953
25,PH_11,-0.27384015335414885
26,PH_11,-0.2681287906737061
27,PH_11,-0.2623445146224365
28,PH_11,-0.2565171929762242
29,PH_11,-0.2506724767513025
30,PH_11,-0.24483233948435004
31,PH_11,-0.23901554711277084
32,PH_11,-0.23323806773023933
33,PH_11,-0.22751342917155173
34,PH_11,-0.22185303126890368
35,PH_11,-0.2162664186797873
36,PH_11,-0.21076151938469306
37,PH_11,-0.20534485326717766
38,PH_11,-0.20002171460083773
39,PH_11,-0.19479633176211192
40,PH_11,-0.18967200705215442
41,PH_11,-0.1846512391349541
42,PH_11,-0.1797358302737755
43,PH_11,-0.17492698026660689
44,PH_11,-0.17022536873746502
45,PH_11,-0.16563122722890183
46,PH_11,-0.16114440235742472
47,PH_11,-0.15676441113397419
48,PH_11,-0.1524904894128276
49,PH_11,-0.14832163431152012
50,PH_11,-0.14425664133917163
51,PH_11,-0.1402941368789166
52,PH_11,-0.13643260659015702
53,PH_11,-0.13267042022654887
54,PH_11,-0.1290058533046671
55,PH_11,-0.12543710600500668
56,PH_11,-0.12196231964038068
57,PH_11,-0.11857959098599892
58,PH_11,-0.11528698472980962
59,PH_11,-0.11208254427040616
60,PH_11,-0.1089643010623839
61,PH_11,-0.10593028268498351
62,PH_11,-0.10297851978875462
63,PH_11,-0.10010705205644509
64,PH_11,-0.09731393329804541
65,PH_11,-0.09459723578561449
66,PH_11,-0.0919550539209344
67,PH_11,-0.08938550731798003
68,PH_11,-0.08688674337245231
69,PH_11,-0.08445693938205232
70,PH_11,-0.0820943042736246
71,PH_11,-0.07979707998664629
72,PH_11,-0.07756354255667681
73,PH_11,-0.07539200293721482
74,PH_11,-0.07328080759385011
75,PH_11,-0.07122833890057846
76,PH_11,-0.06923301536459847
77,PH_11,-0.06729329170277852
78,PH_11,-0.06540765879021744
79,PH_11,-0.06357464349888117
80,PH_11,-0.06179280844214321
1,MC_11,-0.6368684983132357
2,MC_11,-0.6349681800441989
3,MC_11,-0.6185576171129037
4,MC_11,-0.5945346409995559
5,MC_11,-0.5670760620496055
6,MC_11,-0.5386544526383631
7,MC_11,-0.5106844321171693
8,MC_11,-0.48393049325053183
9,MC_11,-0.4587628703555675
10,MC_11,-0.43531730558360976
11,MC_11,-0.41359419915114454
12,MC_11,-0.3935196177287774
13,MC_11,-0.37498237646187815
14,MC_11,-0.35785617491915456
15,MC_11,-0.34201245081294873
16,MC_11,-0.32732751582040787
17,MC_11,-0.3136862099048716
18,MC_11,-0.30098347163566036
19,MC_11,-0.2891246928917901
20,MC_11,-0.2780253933337273
21,MC_11,-0.26761054106178933
22,MC_11,-0.25781371527009933
23,MC_11,-0.24857622551493586
24,MC_11,-0.23984625212897848
25,MC_11,-0.23157804174415642
26,MC_11,-0.22373117351817273
27,MC_11,-0.2162699008785415
28,MC_11,-0.2091625674989662
29,MC_11,-0.20238109298365053
30,MC_11,-0.19590052221638804
31,MC_11,-0.18969863182458088
32,MC_11,-0.18375558727630878
33,MC_11,-0.1780536445039082
34,MC_11,-0.17257689046931005
35,MC_11,-0.16731101765974976
36,MC_11,-0.16224312807342023
37,MC_11,-0.15736156279414026
38,MC_11,-0.15265575374813337
39,MC_11,-0.14811609467943784
40,MC_11,-0.14373382877321217
41,MC_11,-0.13950095070093502
42,MC_11,-0.13541012116222303
43,MC_11,-0.13145459225918424
44,MC_11,-0.1276281422654517
45,MC_11,-0.12392501854756569
46,MC_11,-0.12033988756516423
47,MC_11,-0.11686779102203194
48,MC_11,-0.11350410736559176
49,MC_11,-0.11024451794063948
50,MC_11,-0.10708497719642503
51,MC_11,-0.10402168642664097
52,MC_11,-0.1010510705912795
53,MC_11,-0.09816975782921729
54,MC_11,-0.09537456132209261
55,MC_11,-0.09266246321471551
56,MC_11,-0.09003060033585873
57,MC_11,-0.08747625149667106
58,MC_11,-0.0849968261728534
59,MC_11,-0.08258985440176045
60,MC_11,-0.08025297774727776
61,MC_11,-0.07798394120412311
62,MC_11,-0.07578058592953832
63,MC_11,-0.07364084270450143
64,MC_11,-0.07156272603889895
65,MC_11,-0.06954432884579784
66,MC_11,-0.06758381761926875
67,MC_11,-0.06567942805832137
68,MC_11,-0.06382946108657257
69,MC_11,-0.06203227922342968
70,MC_11,-0.06028630326794613
71,MC_11,-0.05859000926119422
72,MC_11,-0.05694192569710423
73,MC_11,-0.055340630955299265
74,MC_11,-0.053784750932594994
75,MC_11,-0.05227295685257576
76,MC_11,-0.05080396323506708
77,MC_11,-0.04937652600943229
78,MC_11,-0.047989440757472475
79,MC_11,-0.04664154107333421
80,MC_11,-0.04533169702925535
1,L_11,-0.3025399179663275
2,L_11,-0.2493953048246409
3,L_11,-0.20143913238933006
4,L_11,-0.15877880299043734
5,L_11,-0.12122098024014123
6,L_11,-0.08841070720057115
7,L_11,-0.05992207718195559
8,L_11,-0.03531114396924019
9,L_11,-0.01414573817944203
10,L_11,0.003978813725106864
11,L_11,0.01943245824152254
12,L_11,0.03254818047746799
13,L_11,0.04362260844912257
14,L_11,0.05291813498567552
15,L_11,0.060665760198192205
16,L_11,0.067068183813609
17,L_11,0.07230287851568112
18,L_11,0.07652499906780602
19,L_11,0.07987005667828771
20,L_11,0.0824563322715255
21,L_11,0.08438702767644685
22,L_11,0.0857521675382999
23,L_11,0.08663027157053657
24,L_11,0.08708981943461318
25,L_11,0.0871905308264634
26,L_11,0.08698448233714598
27,L_11,0.08651708099364142
28,L_11,0.0858279124606061
29,L_11,0.08495147991780508
30,L_11,0.08391784774316931
31,L_11,0.08275320238948689
32,L_11,0.08148034126911903
33,L_11,0.08011909906056211
34,L_11,0.07868671961644773
35,L_11,0.07719818057221216
36,L_11,0.07566647681328707
37,L_11,0.07410286814086005
38,L_11,0.07251709576721767
39,L_11,0.0709175716576981
40,L_11,0.0693115442049601
41,L_11,0.06770524326162808
42,L_11,0.06610400715973301
43,L_11,0.06451239400129818
44,L_11,0.06293427920660515
45,L_11,0.06137294104877391
46,L_11,0.059831135679842995
47,L_11,0.05831116295981935
48,L_11,0.05681492423212272
49,L_11,0.055343973042984634
50,L_11,0.05389955967565722
51,L_11,0.052482670260158
52,L_11,0.05109406112348637
53,L_11,0.049734288961873346
54,L_11,0.048403737344007325
55,L_11,0.04710263999088869
56,L_11,0.04583110122276726
57,L_11,0.044589113915440175
58,L_11,0.043376575266121604
59,L_11,0.042193300632329685
60,L_11,0.0410390356750917
61,L_11,0.03991346700964266
62,L_11,0.03881623154216952
63,L_11,0.0377469246495838
64,L_11,0.03670510734039954
65,L_11,0.03569031251821428
66,L_11,0.0347020504547429
67,L_11,0.03373981356658169
68,L_11,0.032803080578661895
69,L_11,0.031891320147493456
70,L_11,0.031003994008630544
71,L_11,0.030140559705166863
72,L_11,0.02930047294735719
73,L_11,0.028483189647556004
74,L_11,0.027688167669459418
75,L_11,0.026914868326052565
76,L_11,0.026162757656624448
77,L_11,0.025431307509648456
78,L_11,0.024719996455183847
79,L_11,0.02402831054768187
80,L_11,0.02335574395763117
1,Y_12,-0.34449702818418293
2,Y_12,-0.32508541353263265
3,Y_12,-0.29798088718504473
4,Y_12,-0.2660657925750822
5,Y_12,-0.23296291541801778
6,Y_12,-0.20073916439785092
7,Y_12,-0.1705020679061819
8,Y_12,-0.14277562780190176
9,Y_12,-0.11773602493234027
10,Y_12,-0.09535853682273254
11,Y_12,-0.07550833430785944
12,Y_12,-0.057995909497262896
13,Y_12,-0.04261030361365776
14,Y_12,-0.02913847852570316
15,Y_12,-0.01737610811702316
16,Y_12,-0.007133116582511583
17,Y_12,0.0017639463189907394
18,Y_12,0.009471387086861401
19,Y_12,0.016128897394466372
20,Y_12,0.02186063304443867
21,Y_12,0.026776542622199025
22,Y_12,0.030973768541082553
23,Y_12,0.03453801958243935
24,Y_12,0.03754486101411748
25,Y_12,0.04006089683903607
26,Y_12,0.042144835605958296
27,Y_12,0.04384844089005909
28,Y_12,0.045217372789241934
29,Y_12,0.04629192932533722
30,Y_12,0.04710769757856716
31,Y_12,0.04769612439817517
32,Y_12,0.04808501604077686
33,Y_12,0.04829897534576172
34,Y_12,0.04835978421614781
35,Y_12,0.04828673832186168
36,Y_12,0.04809694012911505
37,Y_12,0.04780555560892747
38,Y_12,0.04742603929999734
39,Y_12,0.04697033179776963
40,Y_12,0.0464490332097282
41,Y_12,0.04587155565131906
42,Y_12,0.04524625745111966
43,Y_12,0.04458056138134253
44,Y_12,0.043881058924138766
45,Y_12,0.043153602319557095
46,Y_12,0.04240338591209032
47,Y_12,0.04163501811474556
48,Y_12,0.040852585138338324
49,Y_12,0.04005970748557194
50,Y_12,0.03925959008126331
51,Y_12,0.03845506679905351
52,Y_12,0.037648640048743735
53,Y_12,0.03684251600496697
54,Y_12,0.036038635985497766
55,Y_12,0.035238704424597714
56,Y_12,0.03444421383209695
57,Y_12,0.033656467081304146
58,Y_12,0.032876597327359564
59,Y_12,0.032105585821467615
60,Y_12,0.03134427785486322
61,Y_12,0.030593397038761946
62,Y_12,0.029853558102391636
63,Y_12,0.02912527837005139
64,Y_12,0.028408988059596674
65,Y_12,0.027705039528469477
66,Y_12,0.027013715579089735
67,Y_12,0.02633523692284002
68,Y_12,0.025669768890798087
69,Y_12,0.025017427469604385
70,Y_12,0.024378284732234693
71,Y_12,0.023752373725834986
72,Y_12,0.02313969287204517
73,Y_12,0.02254020992928079
74,Y_12,0.021953865561162307
75,Y_12,0.021380576550600845
76,Y_12,0.020820238694892794
77,Y_12,0.020272729413483234
78,Y_12,0.019737910096772497
79,Y_12,0.01921562822141711
80,Y_12,0.01870571925497034
1,PH_12,-0.09134788241142025
2,PH_12,-0.13646703319463288
3,PH_12,-0.17313821537935478
4,PH_12,-0.20309892810582245
5,PH_12,-0.22762785144948267
6,PH_12,-0.24768505498914287
7,PH_12,-0.26400976290222794
8,PH_12,-0.2771848051467864
9,PH_12,-0.2876796166349971
10,PH_12,-0.2958793477127734
11,PH_12,-0.30210491945912527
12,PH_12,-0.30662712237216855
13,PH_12,-0.3096767527791281
14,PH_12,-0.3114520772154758
15,PH_12,-0.3121244650223827
16,PH_12,-0.31184274095946546
17,PH_12,-0.31073662402542046
18,PH_12,-0.30891949866830193
19,PH_12,-0.3064906864827532
20,PH_12,-0.3035373352814439
21,PH_12,-0.30013600850656524
22,PH_12,-0.2963540351997148
23,PH_12,-0.2922506652659358
24,PH_12,-0.2878780640445477
25,PH_12,-0.2832821726241272
26,PH_12,-0.27850345487036565
27,PH_12,-0.27357754809697354
28,PH_12,-0.2685358312584895
29,PH_12,-0.2634059221872555
30,PH_12,-0.2582121135395121
31,PH_12,-0.2529757556251541
32,PH_12,-0.24771559308103394
33,PH_12,-0.24244806134487298
34,PH_12,-0.23718754805006004
35,PH_12,-0.23194662375738911
36,PH_12,-0.22673624584304045
37,PH_12,-0.22156593885367415
38,PH_12,-0.2164439542044267
39,PH_12,-0.21137741172198884
40,PH_12,-0.20637242521320265
41,PH_12,-0.20143421396188974
42,PH_12,-0.1965672018164182
43,PH_12,-0.19177510532240455
44,PH_12,-0.18706101217436855
45,PH_12,-0.18242745110326036
46,PH_12,-0.1778764541802762
47,PH_12,-0.17340961239848962
48,PH_12,-0.1690281252901474
49,PH_12,-0.16473284524698342
50,PH_12,-0.1605243171318114
51,PH_12,-0.15640281370047848
52,PH_12,-0.1523683672926764
53,PH_12,-0.14842079819700194
54,PH_12,-0.14455974004906044
55,PH_12,-0.14078466258047662
56,PH_12,-0.13709489200069155
57,PH_12,-0.13348962926175384
58,PH_12,-0.12996796642841082
59,PH_12,-0.12652890135120357
60,PH_12,-0.12317135081854998
61,PH_12,-0.1198941623446123
62,PH_12,-0.11669612473277464
63,PH_12,-0.11357597753953183
64,PH_12,-0.11053241955027997
65,PH_12,-0.10756411636669098
66,PH_12,-0.1046697071948721
67,PH_12,-0.1018478109141968
68,PH_12,-0.09909703149841027
69,PH_12,-0.09641596285323764
70,PH_12,-0.0938031931281523
71,PH_12,-0.09125730855410309
72,PH_12,-0.08877689685376684
73,PH_12,-0.08636055026622265
74,PH_12,-0.08400686822376431
75,PH_12,-0.08171445971483035
76,PH_12,-0.07948194536368226
77,PH_12,-0.07730795925445999
78,PH_12,-0.07519115052455248
79,PH_12,-0.07313018474980296
80,PH_12,-0.0711237451418977
1,MC_12,-0.6749820615560043
2,MC_12,-0.6757433268711982
3,MC_12,-0.6592797993095368
4,MC_12,-0.6336705663853398
5,MC_12,-0.603813346205492
6,MC_12,-0.5726234007847377
7,MC_12,-0.5417822256439773
8,MC_12,-0.5122105638151951
9,MC_12,-0.4843657091096782
10,MC_12,-0.45842758016777413
11,MC_12,-0.43441454418171827
12,MC_12,-0.41225496207326795
13,MC_12,-0.3918308988978661
14,MC_12,-0.3730044003423749
15,MC_12,-0.35563290530084496
16,MC_12,-0.33957793708585526
17,MC_12,-0.3247096787090611
18,MC_12,-0.31090906520224443
19,MC_12,-0.2980684115051493
20,MC_12,-0.2860912068949724
21,MC_12,-0.27489146308197987
22,MC_12,-0.2643928501750315
23,MC_12,-0.254527759266188
24,MC_12,-0.24523637118467712
25,MC_12,-0.23646577459200166
26,MC_12,-0.22816915452914838
27,MC_12,-0.22030505940916426
28,MC_12,-0.21283674688215704
29,MC_12,-0.20573160484968
30,MC_12,-0.1989606418311163
31,MC_12,-0.1924980400484554
32,MC_12,-0.18632076447733392
33,MC_12,-0.18040822139078697
34,MC_12,-0.17474196040268825
35,MC_12,-0.16930541458363968
36,MC_12,-0.16408367380514663
37,MC_12,-0.15906328703045056
38,MC_12,-0.15423208979283268
39,MC_12,-0.14957905357603057
40,MC_12,-0.14509415423448718
41,MC_12,-0.1407682569649867
42,MC_12,-0.13659301566916546
43,MC_12,-0.13256078483262973
44,MC_12,-0.12866454229542285
45,MC_12,-0.12489782150469161
46,MC_12,-0.12125465202766328
47,MC_12,-0.11772950726517077
48,MC_12,-0.11431725844622999
49,MC_12,-0.11101313410552341
50,MC_12,-0.10781268435060307
51,MC_12,-0.10471174931645122
52,MC_12,-0.10170643128363019
53,MC_12,-0.09879307000430855
54,MC_12,-0.09596822083939607
55,MC_12,-0.0932286353611103
56,MC_12,-0.09057124411959906
57,MC_12,-0.08799314131068788
58,MC_12,-0.08549157111519415
59,MC_12,-0.0830639155092533
60,MC_12,-0.08070768337030908
61,MC_12,-0.0784205007253549
62,MC_12,-0.07620010200710449
63,MC_12,-0.07404432220040642
64,MC_12,-0.0719510897757129
65,MC_12,-0.06991842031906492
66,MC_12,-0.06794441077909497
67,MC_12,-0.06602723426119368
68,MC_12,-0.06416513530741712
69,MC_12,-0.06235642560808478
70,MC_12,-0.06059948009747198
71,MC_12,-0.05889273339165396
72,MC_12,-0.057234676531511514
73,MC_12,-0.05562385399825271
74,MC_12,-0.054058860972619006
75,MC_12,-0.05253834081228965
76,MC_12,-0.05106098272494025
77,MC_12,-0.04962551961699969
78,MC_12,-0.04823072610041962
79,MC_12,-0.04687541664177985
80,MC_12,-0.04555844383981111
1,L_12,-0.20263335456226106
2,L_12,-0.1864081906634562
3,L_12,-0.1653975225289226
4,L_12,-0.14091137528622644
5,L_12,-0.11566121700036158
6,L_12,-0.09119376548556865
7,L_12,-0.06833641445069502
8,L_12,-0.047478198585265814
9,L_12,-0.02874631356109609
10,L_12,-0.012116370806820907
11,L_12,0.0025193066536283236
12,L_12,0.015309882142651568
13,L_12,0.026420867163788202
14,L_12,0.0360194079336853
15,L_12,0.04426604411814864
16,L_12,0.0513104424846495
17,L_12,0.05728953332937666
18,L_12,0.062327064911509536
19,L_12,0.06653396337365014
20,L_12,0.07000912095166796
21,L_12,0.0728403835366167
22,L_12,0.07510560161858079
23,L_12,0.07687366655562926
24,L_12,0.07820548985329412
25,L_12,0.07915490490457228
26,L_12,0.07976948363207083
27,L_12,0.08009126799337787
28,L_12,0.08015742044669713
29,L_12,0.08000079954382694
30,L_12,0.0796504676493686
31,L_12,0.07913213789546412
32,L_12,0.07846856719047447
33,L_12,0.07767990160372636
34,L_12,0.07678397986457691
35,L_12,0.07579660011159885
36,L_12,0.07473175444540459
37,L_12,0.0736018352966831
38,L_12,0.07241781712840314
39,L_12,0.07118941655022361
40,L_12,0.06992523353261162
41,L_12,0.06863287606469792
42,L_12,0.06731907029928036
43,L_12,0.06598975796614209
44,L_12,0.06465018260656333
45,L_12,0.06330496598345482
46,L_12,0.06195817584914392
47,L_12,0.060613386103131404
48,L_12,0.05927373024211799
49,L_12,0.05794194889164567
50,L_12,0.05662043211053487
51,L_12,0.05531125707392282
52,L_12,0.054016221666411464
53,L_12,0.05273687445211797
54,L_12,0.05147454143200835
55,L_12,0.05023034994966772
56,L_12,0.04900525006367029
57,L_12,0.0478000336671251
58,L_12,0.04661535160208226
59,L_12,0.0454517289876683
60,L_12,0.04430957895555387
61,L_12,0.043189214964175056
62,L_12,0.04209086184364072
63,L_12,0.041014665706112695
64,L_12,0.03996070284135156
65,L_12,0.038928987703813
66,L_12,0.037919480085942196
67,L_12,0.036932091561942826
68,L_12,0.03596669127713213
69,L_12,0.035023111149881665
70,L_12,0.03410115054595712
71,L_12,0.0332005804787009
72,L_12,0.03232114738284696
73,L_12,0.031462576504735204
74,L_12,0.03062457494722823
75,L_12,0.029806834403659464
76,L_12,0.029009033611603143
77,L_12,0.028230840554102434
78,L_12,0.027471914433177043
79,L_12,0.026731907437919686
80,L_12,0.026010466327244602
