period,variable,value
1,GDP,-0.5537847828849698
2,GDP,-0.502308135469839
3,GDP,-0.45785015059008055
4,GDP,-0.41918938269504263
5,GDP,-0.38530604358953646
6,GDP,-0.3554186861390816
7,GDP,-0.3289167830005882
8,GDP,-0.3053143384751654
9,GDP,-0.2842176446450973
10,GDP,-0.26530261356838303
11,GDP,-0.24829864092841863
12,GDP,-0.23297696092852102
13,GDP,-0.21914211721732424
14,GDP,-0.20662561698450121
15,GDP,-0.1952811310990899
16,GDP,-0.1849808019352098
17,GDP,-0.1756123548951306
18,GDP,-0.16707680101695105
19,GDP,-0.15928658059441078
20,GDP,-0.15216404082901966
21,GDP,-0.14564017043858996
22,GDP,-0.13965353505374584
23,GDP,-0.13414937196764484
24,GDP,-0.12907881327439427
25,GDP,-0.12439821393869457
26,GDP,-0.12006856677299478
27,GDP,-0.11605499027153486
28,GDP,-0.11232627818726522
29,GDP,-0.10885450193330694
30,GDP,-0.10561465855241013
31,GDP,-0.10258435827181782
32,GDP,-0.09974354665062031
33,GDP,-0.09707425710605681
34,GDP,-0.09456039022742495
35,GDP,-0.09218751678973289
36,GDP,-0.08994270179198999
37,GDP,-0.08781434718762697
38,GDP,-0.0857920512621823
39,GDP,-0.08386648285743589
40,GDP,-0.0820292688501672
41,GDP,-0.08027289347416815
42,GDP,-0.07859060823106061
43,GDP,-0.07697635127274405
44,GDP,-0.07542467525900853
45,GDP,-0.07393068280042941
46,GDP,-0.07248996869110176
47,GDP,-0.07109856821968373
48,GDP,-0.06975291092194963
49,GDP,-0.06844977920471766
50,GDP,-0.06718627133058025
51,GDP,-0.06595976830612764
52,GDP,-0.06476790426403416
53,GDP,-0.0636085399720719
54,GDP,-0.06247973914037556
55,GDP,-0.06137974723256283
56,GDP,-0.06030697251705174
57,GDP,-0.05925996912246163
58,GDP,-0.05823742188568261
59,GDP,-0.057238132803335555
60,GDP,-0.056261008917187175
61,GDP,-0.05530505148186886
62,GDP,-0.054369346279182426
63,GDP,-0.053453054957555826
64,GDP,-0.05255540728799973
65,GDP,-0.05167569423937418
66,GDP,-0.050813261786030475
67,GDP,-0.04996750537008229
68,GDP,-0.049137864948778226
69,GDP,-0.04832382056481219
70,GDP,-0.0475248883839904
71,GDP,-0.04674061715056922
72,GDP,-0.04597058501584937
73,GDP,-0.04521439670032761
74,GDP,-0.04447168095392626
75,GDP,-0.04374208828259036
76,GDP,-0.04302528891291789
77,GDP,-0.04232097096950163
78,GDP,-0.0416288388423575
79,GDP,-0.040948611724224475
80,GDP,-0.0402800222996737
1,pi,0.039369097655053475
2,pi,0.0298204030366965
3,pi,0.024307081455457062
4,pi,0.020319993988862067
5,pi,0.017361922040570566
6,pi,0.01510759797735948
7,pi,0.013344038441362362
8,pi,0.011930426526524105
9,pi,0.010772513712490488
10,pi,0.009806260244443078
11,pi,0.008987357770732611
12,pi,0.008284500601479786
13,pi,0.007675048564157172
14,pi,0.00714221791718684
15,pi,0.0066732504595973675
16,pi,0.00625821042931704
17,pi,0.005889185658472789
18,pi,0.005559750199660304
19,pi,0.005264597054562323
20,pi,0.004999282401860933
21,pi,0.0047600436207205655
22,pi,0.004543666752968893
23,pi,0.0043473875845397945
24,pi,0.004168815999522462
25,pi,0.004005876778407277
26,pi,0.0038567622824371133
27,pi,0.003719893938325608
28,pi,0.003593890398705178
29,pi,0.00347754088634439
30,pi,0.003369782651134816
31,pi,0.003269681752690416
32,pi,0.0031764165758981578
33,pi,0.003089263622573734
34,pi,0.0030075852192627934
35,pi,0.0029308188519579902
36,pi,0.002858467891389433
37,pi,0.0027900935130356504
38,pi,0.002725307647697676
39,pi,0.0026637668237965042
40,pi,0.0026051667831279144
41,pi,0.0025492377687811366
42,pi,0.002495740398090442
43,pi,0.002444462045425083
44,pi,0.0023952136697572295
45,pi,0.002347827030600794
46,pi,0.002302152243338955
47,pi,0.0022580556313489307
48,pi,0.0022154178378492612
49,pi,0.002174132165167162
50,pi,0.0021341031132588143
51,pi,0.0020952450929026083
52,pi,0.0020574812921025014
53,pi,0.00202074267694791
54,pi,0.00198496711053478
55,pi,0.00195009857560515
56,pi,0.0019160864883524685
57,pi,0.001882885092399332
58,pi,0.0018504529233156642
59,pi,0.0018187523352333826
60,pi,0.0017877490821514104
61,pi,0.001757411947431594
62,pi,0.0017277124157790281
63,pi,0.001698624382694109
64,pi,0.00167012389699047
65,pi,0.0016421889325047966
66,pi,0.001614799185590233
67,pi,0.001587935895393779
68,pi,0.0015615816842754647
69,pi,0.0015357204160424281
70,pi,0.0015103370699458335
71,pi,0.001485417628631898
72,pi,0.0014609489784504586
73,pi,0.0014369188207125174
74,pi,0.0014133155926522862
75,pi,0.0013901283969946952
76,pi,0.0013673469391568783
77,pi,0.0013449614712243655
78,pi,0.001322962741942346
79,pi,0.0013013419520491113
80,pi,0.0012800907143565188
1,Q,-0.030960676677401003
2,Q,-0.037308649380749556
3,Q,-0.026886614955263195
4,Q,-0.007730642481080912
5,Q,0.015292466023093925
6,Q,0.039295477260709255
7,Q,0.06262413724589999
8,Q,0.08438575833499234
9,Q,0.10415231407457402
10,Q,0.12177411286216505
11,Q,0.1372634611947262
12,Q,0.15072255460618336
13,Q,0.16229925349347174
14,Q,0.17216038385973764
15,Q,0.1804760024176371
16,Q,0.18741047756540918
17,Q,0.19311776834383404
18,Q,0.19773925408131707
19,Q,0.2014030823398385
20,Q,0.2042243918209386
21,Q,0.20630601258342368
22,Q,0.2077394006858677
23,Q,0.20860566149978949
24,Q,0.20897657659360266
25,Q,0.20891558668966512
26,Q,0.2084787062656578
27,Q,0.20771535930752785
28,Q,0.2066691339441709
29,Q,0.20537845836619184
30,Q,0.20387720291674932
31,Q,0.20219521439991087
32,Q,0.200358789018809
33,Q,0.1983910902671184
34,Q,0.19631251775985745
35,Q,0.1941410325295301
36,Q,0.19189244380688242
37,Q,0.1895806617961766
38,Q,0.18721792046750327
39,Q,0.1848149739358553
40,Q,0.18238126958386638
41,Q,0.1799251007134102
42,Q,0.17745374117937326
43,Q,0.17497356416430782
44,Q,0.1724901469921969
45,Q,0.17000836364989885
46,Q,0.16753246648272446
47,Q,0.16506615835294614
48,Q,0.1626126563940247
49,Q,0.16017474835637943
50,Q,0.1577548424203386
51,Q,0.15535501124643578
52,Q,0.15297703094065843
53,Q,0.15062241553101938
54,Q,0.14829244748050338
55,Q,0.14598820469881768
56,Q,0.1437105844603694
57,Q,0.1414603245875603
58,Q,0.13923802221600698
59,Q,0.13704415042094373
60,Q,0.13487907295120818
61,Q,0.1327430572882989
62,Q,0.1306362862225475
63,Q,0.12855886811603498
64,Q,0.1265108460021426
65,Q,0.124492205654226
66,Q,0.12250288274056728
67,Q,0.12054276916922675
68,Q,0.11861171871448711
69,Q,0.1167095520060418
70,Q,0.11483606095278509
71,Q,0.11299101266484204
72,Q,0.11117415293021878
73,Q,0.10938520929603963
74,Q,0.10762389379866373
75,Q,0.10588990538195464
76,Q,0.10418293203854181
77,Q,0.10250265270497777
78,Q,0.1008487389382212
79,Q,0.09922085639779163
80,Q,0.09761866615521403
1,TB,-7.690903345802976
2,TB,-5.552274813171231
3,TB,-4.043666306493359
4,TB,-2.954956205122365
5,TB,-2.1469327561256772
6,TB,-1.5294321359125962
7,TB,-1.043785112385133
8,TB,-0.6515757373106608
9,TB,-0.3274360260831462
10,TB,-0.054423272142691125
11,TB,0.1789486801007439
12,TB,0.3806180579018326
13,TB,0.5562037250506172
14,TB,0.7097971080040254
15,TB,0.8444735278265568
16,TB,0.9626230602772826
17,TB,1.0661652234119434
18,TB,1.1566888232513206
19,TB,1.2355435468052391
20,TB,1.3039004214559244
21,TB,1.3627921695491436
22,TB,1.413140566716937
23,TB,1.455775386549135
24,TB,1.4914478854489042
25,TB,1.5208407305738245
26,TB,1.544575595452243
27,TB,1.5632192100941527
28,TB,1.5772883700694138
29,TB,1.587254227178378
30,TB,1.5935460674998787
31,TB,1.596554707806869
32,TB,1.5966355937171426
33,TB,1.5941116528519361
34,TB,1.5892759374533767
35,TB,1.582394079303955
36,TB,1.5737065727665538
37,TB,1.5634308976194604
38,TB,1.5517634909988298
39,TB,1.538881576476806
40,TB,1.5249448576481204
41,TB,1.510097083289925
42,TB,1.4944674910244609
43,TB,1.4781721363476983
44,TB,1.4613151138292861
45,TB,1.443989677208131
46,TB,1.4262792649893468
47,TB,1.4082584379882666
48,TB,1.3899937350677403
49,TB,1.3715444530815089
50,TB,1.3529633567756159
51,TB,1.3342973241187572
52,TB,1.315587932237871
53,TB,1.296871988833157
54,TB,1.2781820136425288
55,TB,1.2595466742233994
56,TB,1.240991180023632
57,TB,1.222537638425923
58,TB,1.2042053761732794
59,TB,1.1860112293189937
60,TB,1.1679698045937943
61,TB,1.150093714846188
62,TB,1.1323937909898556
63,TB,1.1148792726842025
64,TB,1.0975579797807544
65,TB,1.0804364663885284
66,TB,1.0635201592453842
67,TB,1.0468134819291923
68,TB,1.0303199663015132
69,TB,1.0140423524470852
70,TB,0.9979826782537001
71,TB,0.9821423596685332
72,TB,0.9665222625679598
73,TB,0.9511227670875103
74,TB,0.9359438251764709
75,TB,0.9209850120668632
76,TB,0.9062455722787098
77,TB,0.8917244607219689
78,TB,0.8774203793997669
79,TB,0.8633318101671091
80,TB,0.8494570439536369
1,C,-0.36991199415634707
2,C,-0.37220640651352055
3,C,-0.36546916842192506
4,C,-0.3538607045307692
5,C,-0.33992145083794595
6,C,-0.32517270841650725
7,C,-0.31049970986628184
8,C,-0.29639364463014634
9,C,-0.2831042142985956
10,C,-0.2707354745497848
11,C,-0.25930576606516514
12,C,-0.24878494104476986
13,C,-0.2391172657789138
14,C,-0.2302353135597956
15,C,-0.22206821454935075
16,C,-0.21454639239545487
17,C,-0.20760413231226124
18,C,-0.20118082732879267
19,C,-0.19522143378391046
20,C,-0.18967646736672475
21,C,-0.18450174477582207
22,C,-0.17965799651793582
23,C,-0.17511042640526595
24,C,-0.17082826208853003
25,C,-0.16678432158817807
26,C,-0.1629546088846889
27,C,-0.15931794442606956
28,C,-0.1558556321488998
29,C,-0.15255116217657483
30,C,-0.14938994705286932
31,C,-0.14635908874878995
32,C,-0.14344717346895486
33,C,-0.14064409130786518
34,C,-0.13794087795976218
35,C,-0.13532957590315933
36,C,-0.13280311272355622
37,C,-0.1303551944825031
38,C,-0.12798021227538323
39,C,-0.12567316033753334
40,C,-0.12342956425581247
41,C,-0.12124541801989726
42,C,-0.11911712880506238
43,C,-0.1170414685173044
44,C,-0.11501553125399598
45,C,-0.11303669594050156
46,C,-0.11110259349699922
47,C,-0.10921107797171008
48,C,-0.10736020114824771
49,C,-0.10554819019717289
50,C,-0.10377342799621461
51,C,-0.10203443579101322
52,C,-0.10032985790955622
53,C,-0.09865844827949413
54,C,-0.09701905852892673
55,C,-0.09541062747863438
56,C,-0.0938321718576288
57,C,-0.09228277809474351
58,C,-0.09076159505719511
59,C,-0.08926782762294239
60,C,-0.08780073098756744
61,C,-0.08635960561854687
62,C,-0.08494379278040358
63,C,-0.08355267056352327
64,C,-0.08218565035755694
65,C,-0.08084217371745452
66,C,-0.07952170957642059
67,C,-0.07822375176555503
68,C,-0.07694781680474347
69,C,-0.07569344193357562
70,C,-0.07446018335476715
71,C,-0.07324761466581259
72,C,-0.07205532545744804
73,C,-0.07088292006001791
74,C,-0.06973001642104487
75,C,-0.0685962450992474
76,C,-0.06748124836196169
77,C,-0.06638467937443064
78,C,-0.06530620147075437
79,C,-0.06424548749746524
80,C,-0.06320221922172749
1,N,0.11248196251543906
2,N,0.09320919017166436
3,N,0.08430968367772454
4,N,0.0814262735189048
5,N,0.08187939574410431
6,N,0.08403134078322341
7,N,0.0868990136831614
8,N,0.08990839132199939
9,N,0.09273909702099335
10,N,0.09522626122293185
11,N,0.09729877160013937
12,N,0.09894061392208647
13,N,0.10016684238989564
14,N,0.1010087980418507
15,N,0.10150515474209026
16,N,0.10169662064176814
17,N,0.10162291762666797
18,N,0.10132116691345903
19,N,0.10082513056136978
20,N,0.10016496305850735
21,N,0.09936725689203693
22,N,0.09845524823738526
23,N,0.09744910088043682
24,N,0.09636621922586786
25,N,0.09522156175743755
26,N,0.09402793907003912
27,N,0.09279628843427597
28,N,0.09153592159398151
29,N,0.09025474528807532
30,N,0.08895945556292292
31,N,0.08765570776461028
32,N,0.08634826446625088
33,N,0.08504112367889412
34,N,0.08373762963188977
35,N,0.08244056826179096
36,N,0.08115224936226728
37,N,0.0798745771476342
38,N,0.07860911078497203
39,N,0.07735711626297553
40,N,0.07611961079392303
41,N,0.07489740079016893
42,N,0.07369111431849693
43,N,0.07250122881379412
44,N,0.07132809472664561
45,N,0.07017195568621933
46,N,0.0690329656787877
47,N,0.06791120367201818
48,N,0.0668066860544621
49,N,0.06571937720728525
50,N,0.06464919848014185
51,N,0.063596035804239
52,N,0.0625597461422326
53,N,0.061540162945892464
54,N,0.06053710076783396
55,N,0.05955035915247018
56,N,0.05857972591320787
57,N,0.05762497988736843
58,N,0.056685893246998784
59,N,0.05576223343233245
60,N,0.05485376476489536
61,N,0.05396024978889373
62,N,0.05308145038236968
63,N,0.05221712867349392
64,N,0.051367047792133795
65,N,0.05053097248236472
66,N,0.049708669597770774
67,N,0.04889990849811797
68,N,0.048104461363194594
69,N,0.047322103437234544
70,N,0.04655261321530846
71,N,0.04579577258133548
72,N,0.04505136690589121
73,N,0.044319185110729936
74,N,0.04359901970586534
75,N,0.04289066680414297
76,N,0.04219392611746012
77,N,0.04150860093812891
78,N,0.04083449810831751
79,N,0.040171427980028006
80,N,0.039519204367665525
1,w,-0.6273419761038904
2,w,-0.651224570690993
3,w,-0.646648755043209
4,w,-0.6263145486506828
5,w,-0.5979823958882677
6,w,-0.5663325978317411
7,w,-0.5341186947718793
8,w,-0.5028970654516169
9,w,-0.4734874663757625
10,w,-0.44626285678291616
11,w,-0.4213310112048128
12,w,-0.398647631913074
13,w,-0.37808618369758806
14,w,-0.35948046108607784
15,w,-0.3426500418144052
16,w,-0.32741505829531614
17,w,-0.3136043540333203
18,w,-0.30105959024790324
19,w,-0.2896369151021497
20,w,-0.2792072039782261
21,w,-0.2696554970368895
22,w,-0.26088001896516255
23,w,-0.2527910139139369
24,w,-0.24530953344354114
25,w,-0.23836625603338737
26,w,-0.23190038015494918
27,w,-0.22585861066102156
28,w,-0.2201942449812842
29,w,-0.2148663579581064
30,w,-0.20983907997096912
31,w,-0.20508096093456346
32,w,-0.2005644119666719
33,w,-0.19626521647694628
34,w,-0.19216210279721493
35,w,-0.18823637105567625
36,w,-0.18447156766889722
37,w,-0.18085320151482737
38,w,-0.1773684965161688
39,w,-0.1740061759848428
40,w,-0.17075627464510182
41,w,-0.16760997476220213
42,w,-0.16455946325663
43,w,-0.16159780708398094
44,w,-0.15871884451215248
45,w,-0.15591709023523861
46,w,-0.15318765253220393
47,w,-0.15052616091254295
48,w,-0.14792870289488352
49,w,-0.1453917687416286
50,w,-0.14291220312663397
51,w,-0.1404871628465731
52,w,-0.13811407980268284
53,w,-0.1357906285803217
54,w,-0.13351469804122257
55,w,-0.1312843664192451
56,w,-0.1290978794763479
57,w,-0.1269536313327564
58,w,-0.1248501476350254
59,w,-0.12278607076889925
60,w,-0.12076014686143459
61,w,-0.11877121434949116
62,w,-0.11681819392009436
63,w,-0.1149000796528799
64,w,-0.11301593121633012
65,w,-0.11116486698823531
66,w,-0.10934605798712081
67,w,-0.10755872251559231
68,w,-0.10580212142893936
69,w,-0.10407555395314509
70,w,-0.10237835398587443
71,w,-0.10070988682224734
72,w,-0.09906954625438628
73,w,-0.09745675200001176
74,w,-0.09587094742084351
75,w,-0.09431159749636986
76,w,-0.09277818702274292
77,w,-0.09127021901023619
78,w,-0.08978721325591836
79,w,-0.08832870507101663
80,w,-0.08689424414491521
1,r,0.02523163155553404
2,r,0.03778401359015027
3,r,0.0435390859642972
4,r,0.0452423461930364
5,r,0.04460678919439238
6,r,0.04269156257622665
7,r,0.04014393080471634
8,r,0.03735261695586374
9,r,0.03454486966839205
10,r,0.03184780770913969
11,r,0.029327099936530817
12,r,0.027011275966194525
13,r,0.024906936341875588
14,r,0.023008207680814474
15,r,0.021302566032382522
16,r,0.01977437506929785
17,r,0.01840699234739806
18,r,0.017183983516332924
19,r,0.016089785435426968
20,r,0.01511003294170936
21,r,0.014231684018197981
22,r,0.013443027465385563
23,r,0.012733625173165822
24,r,0.012094220913755782
25,r,0.011516634900305972
26,r,0.010993655430824829
27,r,0.01051893401615235
28,r,0.010086887365248223
29,r,0.009692607767713518
30,r,0.009331782326597213
31,r,0.009000620872184662
32,r,0.008695792051586966
33,r,0.008414366927452592
34,r,0.008153769361718351
35,r,0.007911732463173822
36,r,0.007686260413629895
37,r,0.007475595040088062
38,r,0.007278186559553646
39,r,0.007092667983208164
40,r,0.0069178327242979554
41,r,0.006752615007630891
42,r,0.006596072727268405
43,r,0.006447372442685565
44,r,0.006305776242496412
45,r,0.006170630239118383
46,r,0.0060413544878745755
47,r,0.005917434150421268
48,r,0.0057984117454524505
49,r,0.005683880349759938
50,r,0.005573477630271859
51,r,0.0054668806029752005
52,r,0.0053638010279349144
53,r,0.005263981361206265
54,r,0.005167191194520706
55,r,0.005073224122403467
56,r,0.004981894984023899
57,r,0.004893037433734933
58,r,0.004806501800055609
59,r,0.00472215319790221
60,r,0.004639869863277254
61,r,0.004559541683465072
62,r,0.004481068899132638
63,r,0.004404360957657548
64,r,0.004329335499557624
65,r,0.004255917462126093
66,r,0.0041840382863246855
67,r,0.004113635214690968
68,r,0.0040446506695059024
69,r,0.003977031701772354
70,r,0.003910729502696835
71,r,0.00384569897036745
72,r,0.0037818983251975283
73,r,0.003719288768473617
74,r,0.0036578341790207167
75,r,0.0035975008435900164
76,r,0.0035382572170941967
77,r,0.003480073709272237
78,r,0.0034229224947674034
79,r,0.003366777343955096
80,r,0.0033116134721682296
1,Y_1,-0.09377486463040924
2,Y_1,-0.14167901645731584
3,Y_1,-0.1615169441696819
4,Y_1,-0.1647101145667503
5,Y_1,-0.15838354421849818
6,Y_1,-0.14697014280787613
7,Y_1,-0.13319023468029723
8,Y_1,-0.11867939063217663
9,Y_1,-0.10439018272750121
10,Y_1,-0.0908487212008641
11,Y_1,-0.07831799717465307
12,Y_1,-0.06690148508183781
13,Y_1,-0.05660850515985111
14,Y_1,-0.047395155069912556
15,Y_1,-0.0391896728822074
16,Y_1,-0.03190791337543638
17,Y_1,-0.02546257594134767
18,Y_1,-0.019768509830517488
19,Y_1,-0.014745580030501939
20,Y_1,-0.010320036810037443
21,Y_1,-0.006424985882952107
22,Y_1,-0.003000334785395667
23,Y_1,7.550235479410098e-6
24,Y_1,0.0026463324571666703
25,Y_1,0.004958250694485806
26,Y_1,0.00698067169064385
27,Y_1,0.008746619976785157
28,Y_1,0.010285270201762155
29,Y_1,0.011622395399383633
30,Y_1,0.012780769685280769
31,Y_1,0.01378052674222956
32,Y_1,0.014639476979496776
33,Y_1,0.015373386958884233
34,Y_1,0.015996224897029124
35,Y_1,0.01652037598734003
36,Y_1,0.016956831064785256
37,Y_1,0.017315351841938467
38,Y_1,0.017604615623004412
39,Y_1,0.017832342081887366
40,Y_1,0.01800540438616627
41,Y_1,0.01812992666887134
42,Y_1,0.018211369597325368
43,Y_1,0.01825460556337854
44,Y_1,0.018263984820948046
45,Y_1,0.01824339372289265
46,Y_1,0.018196306057575242
47,Y_1,0.01812582835359142
48,Y_1,0.018034739906742498
49,Y_1,0.017925528184239942
50,Y_1,0.01780042017537671
51,Y_1,0.017661410183733024
52,Y_1,0.017510284491840188
53,Y_1,0.017348643273749912
54,Y_1,0.017177920082956617
55,Y_1,0.01699939920157046
56,Y_1,0.01681423110064686
57,Y_1,0.016623446230377027
58,Y_1,0.016427967331772063
59,Y_1,0.016228620437961094
60,Y_1,0.016026144712781618
61,Y_1,0.015821201256548394
62,Y_1,0.015614380993383819
63,Y_1,0.015406211740966501
64,Y_1,0.01519716455174047
65,Y_1,0.014987659404294291
66,Y_1,0.014778070314569777
67,Y_1,0.014568729928626071
68,Y_1,0.014359933651717206
69,Y_1,0.014151943362317078
70,Y_1,0.013944990754333454
71,Y_1,0.013739280346000188
72,Y_1,0.013534992189742199
73,Y_1,0.013332284313600678
74,Y_1,0.013131294921526331
75,Y_1,0.012932144376942623
76,Y_1,0.012734936991403595
77,Y_1,0.012539762637882423
78,Y_1,0.012346698206191907
79,Y_1,0.012155808916227693
80,Y_1,0.011967149503111181
1,PH_1,0.0009379857977511558
2,PH_1,0.0007578341171981404
3,PH_1,-0.001455133883097927
4,PH_1,-0.0049488578701010096
5,PH_1,-0.009145657012369543
6,PH_1,-0.013629416381681412
7,PH_1,-0.01811723778142239
8,PH_1,-0.022428041261084913
9,PH_1,-0.026454630568112075
10,PH_1,-0.030141232498152423
11,PH_1,-0.03346649380323952
12,PH_1,-0.03643113846320227
13,PH_1,-0.03904929994492797
14,PH_1,-0.04134261105124245
15,PH_1,-0.04333629155501001
16,PH_1,-0.045056643824784436
17,PH_1,-0.04652951738433358
18,PH_1,-0.04777942522808251
19,PH_1,-0.048829088083153
20,PH_1,-0.049699251816596846
21,PH_1,-0.0504086728792125
22,PH_1,-0.0509742017403406
23,PH_1,-0.05141091858924381
24,PH_1,-0.05173229219054048
25,PH_1,-0.05195034395775445
26,PH_1,-0.052075806709932775
27,PH_1,-0.05211827238847211
28,PH_1,-0.05208632607053371
29,PH_1,-0.05198766550259207
30,PH_1,-0.05182920649195129
31,PH_1,-0.0516171751069879
32,PH_1,-0.0513571879311971
33,PH_1,-0.05105432171353869
34,PH_1,-0.0507131737381445
35,PH_1,-0.05033791415203608
36,PH_1,-0.04993233137310433
37,PH_1,-0.04949987157265773
38,PH_1,-0.04904367309955965
39,PH_1,-0.048566596593204545
40,PH_1,-0.04807125142378239
41,PH_1,-0.04756001900179588
42,PH_1,-0.047035073414686955
43,PH_1,-0.046498399776049415
44,PH_1,-0.04595181061122384
45,PH_1,-0.045396960550904746
46,PH_1,-0.044835359560539564
47,PH_1,-0.04426838489661159
48,PH_1,-0.04369729195031962
49,PH_1,-0.04312322411375639
50,PH_1,-0.04254722178261616
51,PH_1,-0.041970230592015996
52,PH_1,-0.04139310896758587
53,PH_1,-0.04081663506204916
54,PH_1,-0.04024151313764469
55,PH_1,-0.03966837944656693
56,PH_1,-0.03909780765482045
57,PH_1,-0.038530313849245476
58,PH_1,-0.03796636116276656
59,PH_1,-0.03740636404897431
60,PH_1,-0.0368506922338303
61,PH_1,-0.036299674369474844
62,PH_1,-0.035753601412719875
63,PH_1,-0.03521272974875187
64,PH_1,-0.034677284078788534
65,PH_1,-0.034147460088878236
66,PH_1,-0.033623426915665534
67,PH_1,-0.03310532942373121
68,PH_1,-0.03259329030803189
69,PH_1,-0.03208741203398584
70,PH_1,-0.0315877786268642
71,PH_1,-0.031094457321336772
72,PH_1,-0.030607500081275933
73,PH_1,-0.030126944999235593
74,PH_1,-0.029652817584384483
75,PH_1,-0.029185131947080337
76,PH_1,-0.02872389188771872
77,PH_1,-0.028269091896973682
78,PH_1,-0.02782071807406396
79,PH_1,-0.027378748969224456
80,PH_1,-0.026943156356138604
1,MC_1,0.03917395901978231
2,MC_1,0.027861500810148467
3,MC_1,0.017533198642706003
4,MC_1,0.008318992453490841
5,MC_1,0.0001355459470756094
6,MC_1,-0.007102982371770885
7,MC_1,-0.01348274901494741
8,MC_1,-0.019087856047020464
9,MC_1,-0.023998411948809733
10,MC_1,-0.02828919288448796
11,MC_1,-0.03202887437821995
12,MC_1,-0.035279727320041594
13,MC_1,-0.038097656782493036
14,MC_1,-0.04053247350820314
15,MC_1,-0.0426283087467396
16,MC_1,-0.044424104995427524
17,MC_1,-0.045954134535099264
18,MC_1,-0.04724851328724775
19,MC_1,-0.04833368945273056
20,MC_1,-0.04923289510595302
21,MC_1,-0.04996655503515585
22,MC_1,-0.05055265124214468
23,MC_1,-0.051007044162121165
24,MC_1,-0.051343753253517935
25,MC_1,-0.05157520046040048
26,MC_1,-0.051712420405916504
27,MC_1,-0.05176524120873197
28,MC_1,-0.051742439649068155
29,MC_1,-0.05165187413257241
30,MC_1,-0.05150059856672881
31,MC_1,-0.05129495991376903
32,MC_1,-0.05104068183992044
33,MC_1,-0.05074293655740325
34,MC_1,-0.05040640666036496
35,MC_1,-0.050035338492038554
36,MC_1,-0.0496335883481867
37,MC_1,-0.04920466262001595
38,MC_1,-0.04875175280591635
39,MC_1,-0.04827776617286959
40,MC_1,-0.04778535272227683
41,MC_1,-0.047276929008469935
42,MC_1,-0.04675469926862118
43,MC_1,-0.04622067424774136
44,MC_1,-0.04567668803978999
45,MC_1,-0.045124413213706534
46,MC_1,-0.04456537444976113
47,MC_1,-0.04400096087558555
48,MC_1,-0.04343243726136876
49,MC_1,-0.042860954208953465
50,MC_1,-0.04228755744907625
51,MC_1,-0.0417131963440246
52,MC_1,-0.0411387316789281
53,MC_1,-0.04056494281324143
54,MC_1,-0.039992534254298634
55,MC_1,-0.03942214170675808
56,MC_1,-0.0388543376450372
57,MC_1,-0.03828963645020518
58,MC_1,-0.03772849914806942
59,MC_1,-0.03717133778119521
60,MC_1,-0.03661851944420262
61,MC_1,-0.03607037000878464
62,MC_1,-0.035527177562397615
63,MC_1,-0.03498919558241375
64,MC_1,-0.03445664586564288
65,MC_1,-0.03392972123147462
66,MC_1,-0.03340858801542575
67,MC_1,-0.032893388368571794
68,MC_1,-0.03238424237716614
69,MC_1,-0.031881250015691115
70,MC_1,-0.03138449294561908
71,MC_1,-0.030894036171281287
72,MC_1,-0.030409929563431894
73,MC_1,-0.02993220926034819
74,MC_1,-0.029460898955617678
75,MC_1,-0.02899601108112119
76,MC_1,-0.028537547893126004
77,MC_1,-0.02808550246884739
78,MC_1,-0.02763985962031937
79,MC_1,-0.02720059673193172
80,MC_1,-0.026767684527538867
1,L_1,0.23948311742203973
2,L_1,0.19781686501658927
3,L_1,0.17053035398237437
4,L_1,0.15256601123545652
5,L_1,0.14063743834144923
6,L_1,0.1326090096771222
7,L_1,0.12709413884599358
8,L_1,0.12319343255829047
9,L_1,0.12032417612157406
10,L_1,0.11810937928857884
11,L_1,0.11630562473053901
12,L_1,0.11475617446266059
13,L_1,0.11336050585939103
14,L_1,0.11205452834707774
15,L_1,0.11079774011304186
16,L_1,0.10956489249024465
17,L_1,0.10834058126445925
18,L_1,0.10711573804308588
19,L_1,0.10588535486922111
20,L_1,0.1046470091862875
21,L_1,0.10339990817721739
22,L_1,0.1021442701336784
23,L_1,0.10088092453087254
24,L_1,0.09961105403040116
25,L_1,0.0983360285929127
26,L_1,0.0970572993741729
27,L_1,0.09577633142679459
28,L_1,0.09449456159244406
29,L_1,0.09321337274581232
30,L_1,0.09193407865033454
31,L_1,0.09065791569590124
32,L_1,0.08938603909300366
33,L_1,0.08811952194396003
34,L_1,0.08685935616104408
35,L_1,0.08560645455788693
36,L_1,0.08436165367218917
37,L_1,0.08312571702849754
38,L_1,0.08189933864804641
39,L_1,0.08068314667692171
40,L_1,0.07947770704601813
41,L_1,0.07828352710418916
42,L_1,0.0771010591846448
43,L_1,0.07593070407726096
44,L_1,0.07477281438814201
45,L_1,0.0736276977738499
46,L_1,0.07249562004207522
47,L_1,0.07137680811371962
48,L_1,0.07027145284376365
49,L_1,0.0691797117001367
50,L_1,0.06810171130124609
51,L_1,0.06703754981395613
52,L_1,0.06598729921471312
53,L_1,0.06495100741722491
54,L_1,0.06392870027066853
55,L_1,0.06292038343283403
56,L_1,0.06192604412293937
57,L_1,0.060945652759087574
58,L_1,0.059979164485492016
59,L_1,0.05902652059468422
60,L_1,0.05808764984994953
61,L_1,0.057162469713216216
62,L_1,0.05625088748356423
63,L_1,0.055352801351424646
64,L_1,0.054468101373419626
65,L_1,0.05359667037264655
66,L_1,0.05273838476904717
67,L_1,0.05189311534432829
68,L_1,0.05106072794571186
69,L_1,0.05024108413260322
70,L_1,0.049434041770067716
71,L_1,0.048639455572811
72,L_1,0.047857177603160196
73,L_1,0.0470870577263502
74,L_1,0.04632894402622908
75,L_1,0.045582683184309865
76,L_1,0.044848120824918444
77,L_1,0.04412510182901151
78,L_1,0.04341347061907427
79,L_1,0.04271307141734668
80,L_1,0.042023748479475806
1,Y_2,0.0016628136050242754
2,Y_2,-0.007170590476122207
3,Y_2,-0.004917028828763012
4,Y_2,0.0034176948416563394
5,Y_2,0.014744076832053763
6,Y_2,0.027184188553997655
7,Y_2,0.03962633410066495
8,Y_2,0.051440605926955596
9,Y_2,0.062297359986408035
10,Y_2,0.07205156126308983
11,Y_2,0.08066930424379457
12,Y_2,0.08818133985195444
13,Y_2,0.09465389017827575
14,Y_2,0.10017051884898978
15,Y_2,0.10482105768222852
16,Y_2,0.10869502178244365
17,Y_2,0.1118778640319907
18,Y_2,0.11444901035121391
19,Y_2,0.11648099690150429
20,Y_2,0.11803927496111209
21,Y_2,0.11918240678397882
22,Y_2,0.11996247731923043
23,Y_2,0.1204256121102507
24,Y_2,0.12061253380107524
25,Y_2,0.1205591166985156
26,Y_2,0.12029691609315443
27,Y_2,0.11985365997334771
28,Y_2,0.11925369760405444
29,Y_2,0.11851840363449768
30,Y_2,0.11766653888660084
31,Y_2,0.11671457037250814
32,Y_2,0.11567695379328925
33,Y_2,0.11456638204189351
34,Y_2,0.11339400324035881
35,Y_2,0.11216961169347095
36,Y_2,0.11090181490876488
37,Y_2,0.10959817956065829
38,Y_2,0.10826535899251151
39,Y_2,0.10690920457146762
40,Y_2,0.10553486294684325
41,Y_2,0.10414686101879725
42,Y_2,0.10274918020224637
43,Y_2,0.10134532137192011
44,Y_2,0.09993836169734485
45,Y_2,0.09853100442006774
46,Y_2,0.0971256224879066
47,Y_2,0.09572429684064225
48,Y_2,0.09432885003655507
49,Y_2,0.09294087581782219
50,Y_2,0.09156176513342476
51,Y_2,0.09019272906938694
52,Y_2,0.08883481907655616
53,Y_2,0.08748894483454074
54,Y_2,0.08615589004579635
55,Y_2,0.08483632641526916
56,Y_2,0.08353082603764665
57,Y_2,0.08223987238542826
58,Y_2,0.08096387006608959
59,Y_2,0.07970315349504208
60,Y_2,0.07845799461242194
61,Y_2,0.07722860975557198
62,Y_2,0.07601516578507328
63,Y_2,0.07481778555003149
64,Y_2,0.07363655276777531
65,Y_2,0.07247151638396102
66,Y_2,0.07132269447110436
67,Y_2,0.07019007771662122
68,Y_2,0.06907363254540524
69,Y_2,0.0679733039166894
70,Y_2,0.06688901783032132
71,Y_2,0.0658206835735418
72,Y_2,0.06476819573581528
73,Y_2,0.06373143601615511
74,Y_2,0.06271027484465483
75,Y_2,0.06170457283753616
76,Y_2,0.06071418210290709
77,Y_2,0.059738947412555476
78,Y_2,0.058778707253454236
79,Y_2,0.05783329477119371
80,Y_2,0.056902538616264
1,PH_2,-0.007890400740126216
2,PH_2,-0.01303905247496903
3,PH_2,-0.017689883870504918
4,PH_2,-0.022059316789400974
5,PH_2,-0.02621830431872246
6,PH_2,-0.030169206755402175
7,PH_2,-0.03388883389767771
8,PH_2,-0.03735011837885134
9,PH_2,-0.04053182610577121
10,PH_2,-0.04342184121057304
11,PH_2,-0.046017222330875095
12,PH_2,-0.04832282568668134
13,PH_2,-0.05034946298507859
14,PH_2,-0.05211208274661476
15,PH_2,-0.05362819312559127
16,PH_2,-0.05491659754177118
17,PH_2,-0.055996439702380205
18,PH_2,-0.0568865207151272
19,PH_2,-0.0576048394526041
20,PH_2,-0.05816830729904782
21,PH_2,-0.05859259371180186
22,PH_2,-0.05889206625412496
23,PH_2,-0.05907979612366192
24,PH_2,-0.05916760686760064
25,PH_2,-0.05916614961733476
26,PH_2,-0.05908499274391246
27,PH_2,-0.0589327174162624
28,PH_2,-0.05871701327729142
29,PH_2,-0.058444770490483404
30,PH_2,-0.05812216589429201
31,PH_2,-0.05775474205762386
32,PH_2,-0.05734747876026509
33,PH_2,-0.0569048569102306
34,PH_2,-0.05643091522090112
35,PH_2,-0.05592930015462688
36,PH_2,-0.055403309734193336
37,PH_2,-0.054855931857448574
38,PH_2,-0.054289877744230094
39,PH_2,-0.053707611113477056
40,PH_2,-0.053111373642679455
41,PH_2,-0.052503207208962455
42,PH_2,-0.05188497335609801
43,PH_2,-0.05125837037780895
44,PH_2,-0.050624948356874665
45,PH_2,-0.04998612245287878
46,PH_2,-0.04934318468947744
47,PH_2,-0.048697314454929475
48,PH_2,-0.04804958789717475
49,PH_2,-0.04740098636668006
50,PH_2,-0.04675240403620864
51,PH_2,-0.04610465480619319
52,PH_2,-0.045458478587077585
53,PH_2,-0.04481454703543372
54,PH_2,-0.044173468808476314
55,PH_2,-0.043535794391443436
56,PH_2,-0.04290202054387997
57,PH_2,-0.04227259440387778
58,PH_2,-0.041647917283559176
59,PH_2,-0.04102834818433391
60,PH_2,-0.040414207056539836
61,PH_2,-0.03980577782484901
62,PH_2,-0.039203311198159015
63,PH_2,-0.0386070272804898
64,PH_2,-0.0380171179975848
65,PH_2,-0.03743374935239936
66,PH_2,-0.03685706352139069
67,PH_2,-0.03628718080245558
68,PH_2,-0.035724201424452984
69,PH_2,-0.03516820722747035
70,PH_2,-0.03461926322231652
71,PH_2,-0.034077419037132156
72,PH_2,-0.03354271025848276
73,PH_2,-0.033015159673828925
74,PH_2,-0.032494778421840426
75,PH_2,-0.031981567056630085
76,PH_2,-0.03147551653162115
77,PH_2,-0.03097660910842611
78,PH_2,-0.03048481919579891
79,PH_2,-0.03000011412342606
80,PH_2,-0.029522454855041402
1,MC_2,0.0618163525141955
2,MC_2,0.03852377083779704
3,MC_2,0.020601898687614223
4,MC_2,0.0065202972326729005
5,MC_2,-0.004753608051589644
6,MC_2,-0.01392258316674876
7,MC_2,-0.021474227890410123
8,MC_2,-0.027754347565729313
9,MC_2,-0.033014089264170265
10,MC_2,-0.03744038807231857
11,MC_2,-0.041175781321385836
12,MC_2,-0.04433143402877083
13,MC_2,-0.046995813887012815
14,MC_2,-0.049240563512495256
15,MC_2,-0.05112455346402688
16,MC_2,-0.05269674231261497
17,MC_2,-0.053998243921147465
18,MC_2,-0.05506385893651081
19,MC_2,-0.05592323679345115
20,MC_2,-0.05660177696032583
21,MC_2,-0.057121341505296866
22,MC_2,-0.05750082761197252
23,MC_2,-0.05775663355934328
24,MC_2,-0.0579030418361176
25,MC_2,-0.05795253655473244
26,MC_2,-0.05791606795204472
27,MC_2,-0.05780327374915971
28,MC_2,-0.057622665012118233
29,MC_2,-0.05738178260575008
30,MC_2,-0.05708732917348528
31,MC_2,-0.05674528068435286
32,MC_2,-0.05636098088629518
33,MC_2,-0.055939221440975365
34,MC_2,-0.05548431005524353
35,MC_2,-0.05500012854489527
36,MC_2,-0.05449018245075613
37,MC_2,-0.05395764356332795
38,MC_2,-0.05340538649109157
39,MC_2,-0.05283602022190884
40,MC_2,-0.05225191547106928
41,MC_2,-0.051655228478684145
42,MC_2,-0.05104792180942676
43,MC_2,-0.050431782615764864
44,MC_2,-0.049808438749049624
45,MC_2,-0.04917937303874263
46,MC_2,-0.04854593600667813
47,MC_2,-0.047909357238852916
48,MC_2,-0.04727075560036532
49,MC_2,-0.04663114844855095
50,MC_2,-0.04599145997404978
51,MC_2,-0.04535252877859989
52,MC_2,-0.04471511478105477
53,MC_2,-0.04407990552883563
54,MC_2,-0.04344752198023981
55,MC_2,-0.04281852381329415
56,MC_2,-0.042193414308807166
57,MC_2,-0.04157264484863229
58,MC_2,-0.04095661906465814
59,MC_2,-0.04034569666948325
60,MC_2,-0.03974019699594116
61,MC_2,-0.03914040226947834
62,MC_2,-0.038546560634733495
63,MC_2,-0.03795888895543361
64,MC_2,-0.03737757540482582
65,MC_2,-0.03680278186224886
66,MC_2,-0.036234646130055816
67,MC_2,-0.03567328398389655
68,MC_2,-0.0351187910683132
69,MC_2,-0.034571244648674934
70,MC_2,-0.03403070522965195
71,MC_2,-0.03349721804968811
72,MC_2,-0.03297081446026449
73,MC_2,-0.03245151319813624
74,MC_2,-0.03193932155816903
75,MC_2,-0.031434236473887864
76,MC_2,-0.030936245512376653
77,MC_2,-0.03044532778972522
78,MC_2,-0.029961454812809395
79,MC_2,-0.02948459125280549
80,MC_2,-0.029014695655480264
1,L_2,0.3462419968479972
2,L_2,0.3376787755255179
3,L_2,0.32868333891881213
4,L_2,0.31980993760900644
5,L_2,0.3113330301599719
6,L_2,0.30336347675187214
7,L_2,0.29592256804758904
8,L_2,0.2889856955485456
9,L_2,0.28250752907343013
10,L_2,0.2764360522575144
11,L_2,0.2707199827005028
12,L_2,0.26531234282168537
13,L_2,0.2601718548288428
14,L_2,0.25526315885379985
15,L_2,0.25055644006560346
16,L_2,0.24602679965316257
17,L_2,0.24165355403815555
18,L_2,0.2374195578253008
19,L_2,0.23331059471829654
20,L_2,0.2293148519909802
21,L_2,0.22542247890672776
22,L_2,0.22162522210418972
23,L_2,0.21791612801415297
24,L_2,0.21428930181126044
25,L_2,0.21073971304610686
26,L_2,0.2072630392683896
27,L_2,0.20385554026667285
28,L_2,0.20051395682171913
29,L_2,0.19723542900901744
30,L_2,0.19401743006092104
31,L_2,0.19085771260916926
32,L_2,0.1877542647888465
33,L_2,0.18470527421517588
34,L_2,0.18170909826620094
35,L_2,0.17876423943715036
36,L_2,0.17586932479352407
37,L_2,0.17302308875433198
38,L_2,0.17022435859652932
39,L_2,0.16747204219624853
40,L_2,0.16476511761967166
41,L_2,0.16210262425243668
42,L_2,0.15948365521608052
43,L_2,0.15690735086692004
44,L_2,0.1543728932098254
45,L_2,0.1518795010887611
46,L_2,0.14942642603947653
47,L_2,0.1470129487086177
48,L_2,0.1446383757588281
49,L_2,0.1423020371918698
50,L_2,0.14000328403203843
51,L_2,0.13774148632061034
52,L_2,0.13551603137911936
53,L_2,0.13332632230517674
54,L_2,0.1311717766695442
55,L_2,0.12905182538741414
56,L_2,0.12696591174046934
57,L_2,0.12491349052940433
58,L_2,0.12289402733926134
59,L_2,0.12090699790224664
60,L_2,0.11895188754469914
61,L_2,0.11702819070661677
62,L_2,0.11513541052366633
63,L_2,0.1132730584629207
64,L_2,0.11144065400471827
65,L_2,0.10963772436404516
66,L_2,0.1078638042457212
67,L_2,0.10611843562843397
68,L_2,0.10440116757334002
69,L_2,0.10271155605353227
70,L_2,0.10104916380118832
71,L_2,0.0994135601696549
72,L_2,0.09780432100811451
73,L_2,0.09622102854681686
74,L_2,0.09466327129114997
75,L_2,0.09313064392308318
76,L_2,0.09162274720873206
77,L_2,0.09013918791098839
78,L_2,0.08867957870632251
79,L_2,0.08724353810500884
80,L_2,0.08583069037414601
1,Y_3,-0.190840991457405
2,Y_3,-0.24674390252153652
3,Y_3,-0.26897717647684166
4,Y_3,-0.2712176514805415
5,Y_3,-0.26202380481965376
6,Y_3,-0.24670730427118076
7,Y_3,-0.22852552744746915
8,Y_3,-0.2094400328748374
9,Y_3,-0.1905986675062189
10,Y_3,-0.1726416861532443
11,Y_3,-0.15589580162848948
12,Y_3,-0.14049688256110682
13,Y_3,-0.12646724330574713
14,Y_3,-0.1137640607684458
15,Y_3,-0.10230945698091147
16,Y_3,-0.09200896405871693
17,Y_3,-0.082762650886014
18,Y_3,-0.0744716362746958
19,Y_3,-0.06704172160128609
20,Y_3,-0.06038524322816748
21,Y_3,-0.05442184144687457
22,Y_3,-0.04907858537934367
23,Y_3,-0.044289729366486605
24,Y_3,-0.03999627211041418
25,Y_3,-0.036145423661431496
26,Y_3,-0.03269004348150856
27,Y_3,-0.029588086470226278
28,Y_3,-0.02680207738022461
29,Y_3,-0.024298623879313197
30,Y_3,-0.022047972335791467
31,Y_3,-0.020023606742504887
32,Y_3,-0.018201889115425526
33,Y_3,-0.016561738605876397
34,Y_3,-0.015084346071454043
35,Y_3,-0.013752920718129679
36,Y_3,-0.012552465502960096
37,Y_3,-0.011469578178303031
38,Y_3,-0.01049227510573094
39,Y_3,-0.009609835235371773
40,Y_3,-0.008812661913211416
41,Y_3,-0.008092160433175904
42,Y_3,-0.007440629486502543
43,Y_3,-0.006851164875430406
44,Y_3,-0.006317574051114283
45,Y_3,-0.005834300207607813
46,Y_3,-0.005396354816140838
47,Y_3,-0.004999257618401169
48,Y_3,-0.004638983215882957
49,Y_3,-0.004311913496318794
50,Y_3,-0.004014795229407885
51,Y_3,-0.003744702243995685
52,Y_3,-0.0034990016689172235
53,Y_3,-0.0032753237811069128
54,Y_3,-0.003071535058386148
55,Y_3,-0.002885714081517339
56,Y_3,-0.0027161299715034786
57,Y_3,-0.0025612230844433083
58,Y_3,-0.0024195877181681395
59,Y_3,-0.0022899566129455395
60,Y_3,-0.0021711870532225334
61,Y_3,-0.002062248399122914
62,Y_3,-0.0019622108955767207
63,Y_3,-0.001870235623866731
64,Y_3,-0.0017855654753071634
65,Y_3,-0.001707517039965332
66,Y_3,-0.001635473315012856
67,Y_3,-0.0015688771476301973
68,Y_3,-0.00150722533655232
69,Y_3,-0.0014500633244719523
70,Y_3,-0.0013969804207342612
71,Y_3,-0.001347605500171724
72,Y_3,-0.001301603129632299
73,Y_3,-0.001258670078832668
74,Y_3,-0.0012185321766924326
75,Y_3,-0.0011809414783382002
76,Y_3,-0.001145673711565522
77,Y_3,-0.0011125259747592974
78,Y_3,-0.001081314661144187
79,Y_3,-0.0010518735868026024
80,Y_3,-0.0010240523021944241
1,PH_3,0.09866810392400527
2,PH_3,0.15450920341906954
3,PH_3,0.18246344856024557
4,PH_3,0.19315492734975587
5,PH_3,0.193347289024268
6,PH_3,0.18733800617867116
7,PH_3,0.17784687947296213
8,PH_3,0.16658419110876427
9,PH_3,0.15461439163443025
10,PH_3,0.1425891353776711
11,PH_3,0.13089673387572498
12,PH_3,0.11975807545334424
13,PH_3,0.10928821540737632
14,PH_3,0.09953592561243542
15,PH_3,0.09050907691297198
16,PH_3,0.08219090523351937
17,PH_3,0.0745504059931625
18,PH_3,0.06754894388718953
19,PH_3,0.06114442236293337
20,PH_3,0.055293879873405366
21,PH_3,0.04995507289918004
22,PH_3,0.04508740782852913
23,PH_3,0.04065245605733911
24,PH_3,0.03661420410391093
25,PH_3,0.032939137077962796
26,PH_3,0.029596219181783744
27,PH_3,0.026556812414393883
28,PH_3,0.02379456001612537
29,PH_3,0.021285251667158726
30,PH_3,0.019006681251339464
31,PH_3,0.01693850395752751
32,PH_3,0.01506209686268148
33,PH_3,0.013360425434657094
34,PH_3,0.011817917289485178
35,PH_3,0.010420343829519512
36,PH_3,0.009154709939104295
37,PH_3,0.008009151634037546
38,PH_3,0.006972841391481007
39,PH_3,0.006035900789545331
40,PH_3,0.005189320035184374
41,PH_3,0.004424883938540867
42,PH_3,0.00373510389048304
43,PH_3,0.0031131554105021664
44,PH_3,0.0025528208496382117
45,PH_3,0.002048436854548555
46,PH_3,0.0015948462222027165
47,PH_3,0.00118735379867216
48,PH_3,0.0008216860992625007
49,PH_3,0.0004939543502981434
50,PH_3,0.00020062067491677352
51,PH_3,-6.153283389822457e-5
52,PH_3,-0.00029543239019877394
53,PH_3,-0.0005037383606628376
54,PH_3,-0.0006888688805812709
55,PH_3,-0.0008530214260193338
56,PH_3,-0.0009981925131710653
57,PH_3,-0.0011261956822491688
58,PH_3,-0.0012386779105978078
59,PH_3,-0.001337134588015931
60,PH_3,-0.001422923176470874
61,PH_3,-0.001497275666404518
62,PH_3,-0.001561309932629436
63,PH_3,-0.001616040084324813
64,PH_3,-0.0016623858958194574
65,PH_3,-0.001701181397643527
66,PH_3,-0.0017331827006959318
67,PH_3,-0.0017590751202687877
68,PH_3,-0.0017794796610530207
69,PH_3,-0.0017949589190848828
70,PH_3,-0.0018060224518461137
71,PH_3,-0.0018131316633696014
72,PH_3,-0.0018167042471977002
73,PH_3,-0.0018171182263645531
74,PH_3,-0.0018147156262008604
75,PH_3,-0.0018098058126662922
76,PH_3,-0.0018026685260790283
77,PH_3,-0.0017935566375129955
78,PH_3,-0.0017826986527530943
79,PH_3,-0.0017703009865188285
80,PH_3,-0.0017565500276718058
1,MC_3,0.34577325875410814
2,MC_3,0.3119364062277224
3,MC_3,0.28247720715625857
4,MC_3,0.25635737184164176
5,MC_3,0.2329364143222321
6,MC_3,0.21178021538414665
7,MC_3,0.19258093150613326
8,MC_3,0.1751088253480815
9,MC_3,0.15918338879676908
10,MC_3,0.14465607461536778
11,MC_3,0.1313999768626483
12,MC_3,0.1193036456403753
13,MC_3,0.10826734476116888
14,MC_3,0.0982007420352044
15,MC_3,0.08902143320712501
16,MC_3,0.08065394768079868
17,MC_3,0.07302903164766247
18,MC_3,0.06608309153440263
19,MC_3,0.05975773183256721
20,MC_3,0.05399935094644854
21,MC_3,0.04875877550581322
22,MC_3,0.04399092293070394
23,MC_3,0.03965448706602842
24,MC_3,0.03571164429320418
25,MC_3,0.03212777876833434
26,MC_3,0.028871225961796653
27,MC_3,0.02591303383924787
28,MC_3,0.023226741025058117
29,MC_3,0.02078817122983026
30,MC_3,0.018575243155424432
31,MC_3,0.016567795036588888
32,MC_3,0.01474742294554266
33,MC_3,0.013097331974848135
34,MC_3,0.011602199421578096
35,MC_3,0.010248049118011793
36,MC_3,0.009022136086840552
37,MC_3,0.007912840738599911
38,MC_3,0.0069095718729286
39,MC_3,0.006002677791098185
40,MC_3,0.005183364873455285
41,MC_3,0.004443623020833173
42,MC_3,0.0037761574028569176
43,MC_3,0.003174325997901088
44,MC_3,0.0026320824489783463
45,MC_3,0.0021439237969136564
46,MC_3,0.0017048426867588922
47,MC_3,0.0013102836755697921
48,MC_3,0.0009561032994856366
49,MC_3,0.0006385335856346601
50,MC_3,0.0003541487198633374
51,MC_3,9.983460478876474e-5
52,MC_3,-0.00012723893566422799
53,MC_3,-0.0003296435291251803
54,MC_3,-0.0005097154105491012
55,MC_3,-0.0006695765494950874
56,MC_3,-0.000811153921948338
57,MC_3,-0.0009361970854055626
58,MC_3,-0.0010462942027741474
59,MC_3,-0.001142886648526686
60,MC_3,-0.0012272823194173991
61,MC_3,-0.001300667761832057
62,MC_3,-0.0013641192184357946
63,MC_3,-0.0014186126881398087
64,MC_3,-0.0014650330854672046
65,MC_3,-0.0015041825781056703
66,MC_3,-0.0015367881747387778
67,MC_3,-0.0015635086291013135
68,MC_3,-0.0015849407205638702
69,MC_3,-0.0016016249663780206
70,MC_3,-0.0016140508159676297
71,MC_3,-0.0016226613733024797
72,MC_3,-0.0016278576894019387
73,MC_3,-0.0016300026633647529
74,MC_3,-0.001629424586974075
75,MC_3,-0.0016264203648640875
76,MC_3,-0.0016212584394305163
77,MC_3,-0.00161418144710143
78,MC_3,-0.001605408630238779
79,MC_3,-0.0015951380267944257
80,MC_3,-0.001583548457883979
1,L_3,0.2957166248896853
2,L_3,0.23483431020598944
3,L_3,0.19557926704222506
4,L_3,0.17010786265921604
5,L_3,0.15342159253257387
6,L_3,0.14233186745060972
7,L_3,0.13480414219802447
8,L_3,0.12954016089713738
9,L_3,0.12571168173024924
10,L_3,0.1227906365361626
11,L_3,0.12044072764245124
12,L_3,0.11844819397117236
13,L_3,0.11667756756495405
14,L_3,0.11504338564705864
15,L_3,0.1134920968275392
16,L_3,0.1119904847788531
17,L_3,0.11051826133153801
18,L_3,0.10906332833925778
19,L_3,0.107618748545781
20,L_3,0.1061808111905677
21,L_3,0.10474779896035792
22,L_3,0.10331920419896808
23,L_3,0.10189523275745602
24,L_3,0.10047649183232098
25,L_3,0.0990637953043985
26,L_3,0.09765804393453996
27,L_3,0.0962601530770757
28,L_3,0.09487101039992295
29,L_3,0.09349145241222026
30,L_3,0.09212225265399789
31,L_3,0.0907641170045183
32,L_3,0.08941768323475745
33,L_3,0.0880835229981165
34,L_3,0.0867621451360887
35,L_3,0.0854539996101265
36,L_3,0.08415948164614602
37,L_3,0.08287893585114157
38,L_3,0.08161266016908601
39,L_3,0.08036090960937299
40,L_3,0.07912389972075509
41,L_3,0.07790180980683764
42,L_3,0.07669478589197187
43,L_3,0.07550294345284493
44,L_3,0.07432636993373146
45,L_3,0.07316512706383947
46,L_3,0.07201925299445058
47,L_3,0.07088876427222494
48,L_3,0.06977365766347679
49,L_3,0.06867391184263855
50,L_3,0.06758948895662796
51,L_3,0.06652033607547438
52,L_3,0.06546638653835798
53,L_3,0.06442756120317739
54,L_3,0.0634037696068697
55,L_3,0.062394911042947844
56,L_3,0.06140087556207722
57,L_3,0.06042154490096721
58,L_3,0.05945679334438828
59,L_3,0.05850648852472947
60,L_3,0.05757049216316812
61,L_3,0.056648660756227875
62,L_3,0.055740846211240806
63,L_3,0.054846896433999016
64,L_3,0.05396665587167452
65,L_3,0.053099966013899234
66,L_3,0.0522466658547262
67,L_3,0.051406592318034565
68,L_3,0.05057958064879421
69,L_3,0.049765464772468064
70,L_3,0.048964077624699766
71,L_3,0.048175251453312196
72,L_3,0.047398818094525084
73,L_3,0.046634609225188646
74,L_3,0.04588245659272524
75,L_3,0.04514219222436933
76,L_3,0.04441364861719995
77,L_3,0.04369665891036881
78,L_3,0.042991057040838665
79,L_3,0.042296677883864674
80,L_3,0.041613357379371
1,Y_4,-0.11023760170288864
2,Y_4,-0.13883624219435695
3,Y_4,-0.14751219753880368
4,Y_4,-0.14467884054198266
5,Y_4,-0.13555229371071395
6,Y_4,-0.12332915456783841
7,Y_4,-0.10993414798267209
8,Y_4,-0.09649483866122753
9,Y_4,-0.0836426532489305
10,Y_4,-0.07170339013052553
11,Y_4,-0.060817440752740766
12,Y_4,-0.05101533524773529
13,Y_4,-0.0422649223159912
14,Y_4,-0.034500568735912535
15,Y_4,-0.027640989847003535
16,Y_4,-0.021599917784722245
17,Y_4,-0.01629228198422077
18,Y_4,-0.011637600016053067
19,Y_4,-0.007561654610123997
20,Y_4,-0.00399713636257561
21,Y_4,-0.0008836792784015732
22,Y_4,0.0018324441824072348
23,Y_4,0.00419880378068617
24,Y_4,0.00625736764479822
25,Y_4,0.008045074334023
26,Y_4,0.009594386780829613
27,Y_4,0.010933809931011677
28,Y_4,0.012088363623709342
29,Y_4,0.013080008094252887
30,Y_4,0.013928022878851644
31,Y_4,0.01464934176817637
32,Y_4,0.015258847380658089
33,Y_4,0.01576962927671565
34,Y_4,0.016193209546742044
35,Y_4,0.01653973962604573
36,Y_4,0.01681817181092008
37,Y_4,0.0170364086279791
38,Y_4,0.017201432877678283
39,Y_4,0.01731942085208364
40,Y_4,0.01739584092706147
41,Y_4,0.017435539455171876
42,Y_4,0.017442815639325992
43,Y_4,0.017421486848364694
44,Y_4,0.01737494564267581
45,Y_4,0.017306209608748683
46,Y_4,0.017217964953895836
47,Y_4,0.017112604683945723
48,Y_4,0.016992262075312445
49,Y_4,0.01685884005640917
50,Y_4,0.016714037030010388
51,Y_4,0.016559369596188957
52,Y_4,0.01639619257335507
53,Y_4,0.016225716661376035
54,Y_4,0.016049024044597904
55,Y_4,0.015867082192807563
56,Y_4,0.015680756083884723
57,Y_4,0.015490819042333633
58,Y_4,0.015297962362396236
59,Y_4,0.015102803862457794
60,Y_4,0.014905895498477312
61,Y_4,0.014707730147780599
62,Y_4,0.014508747660385455
63,Y_4,0.014309340262770599
64,Y_4,0.01410985738838717
65,Y_4,0.013910610000013392
66,Y_4,0.013711874461071874
67,Y_4,0.013513896006097325
68,Y_4,0.013316891854513622
69,Y_4,0.013121054006629638
70,Y_4,0.012926551756187185
71,Y_4,0.012733533949798063
72,Y_4,0.012542131020114507
73,Y_4,0.012352456816518897
74,Y_4,0.012164610254437234
75,Y_4,0.011978676802026997
76,Y_4,0.011794729820919558
77,Y_4,0.011612831775874683
78,Y_4,0.011433035326596955
79,Y_4,0.011255384313544323
80,Y_4,0.011079914648303055
1,PH_4,0.0007143087516996618
2,PH_4,0.0026676113060142676
3,PH_4,0.004230646860907628
4,PH_4,0.005468291895219195
5,PH_4,0.006422359115849233
6,PH_4,0.007125416574144796
7,PH_4,0.007605890424958814
8,PH_4,0.00789025786836367
9,PH_4,0.008003770274355844
10,PH_4,0.007970504030542285
11,PH_4,0.007813161938676875
12,PH_4,0.007552834489990995
13,PH_4,0.007208812546892106
14,PH_4,0.006798480932951867
15,PH_4,0.006337292148525934
16,PH_4,0.005838806619679362
17,PH_4,0.005314782239611387
18,PH_4,0.0047752967457333675
19,PH_4,0.004228889091484412
20,PH_4,0.003682709059912113
21,PH_4,0.003142667271645557
22,PH_4,0.0026135801967304166
23,PH_4,0.002099306724136874
24,PH_4,0.0016028743080998677
25,PH_4,0.0011265937695744339
26,PH_4,0.0006721625657164849
27,PH_4,0.00024075682658494875
28,PH_4,-0.00016688723906172105
29,PH_4,-0.0005504017959280815
30,PH_4,-0.0009097248397370634
31,PH_4,-0.0012450457893953622
32,PH_4,-0.001556758364269243
33,PH_4,-0.0018454199422777878
34,PH_4,-0.002111716652841285
35,PH_4,-0.0023564335228869514
36,PH_4,-0.002580429059358875
37,PH_4,-0.002784613715034031
38,PH_4,-0.0029699317441774565
39,PH_4,-0.0031373460097747236
40,PH_4,-0.0032878253544006072
41,PH_4,-0.00342233419221067
42,PH_4,-0.00354182402027033
43,PH_4,-0.0036472265837748418
44,PH_4,-0.0037394484620285858
45,PH_4,-0.003819366870719266
46,PH_4,-0.0038878265014160147
47,PH_4,-0.00394563724168678
48,PH_4,-0.003993572639092373
49,PH_4,-0.004032368989862765
50,PH_4,-0.0040627249485568435
51,PH_4,-0.004085301568681509
52,PH_4,-0.0041007226963062915
53,PH_4,-0.004109575649337844
54,PH_4,-0.004112412124476362
55,PH_4,-0.004109749282105353
56,PH_4,-0.0041020709665949015
57,PH_4,-0.004089829025838567
58,PH_4,-0.00407344469939435
59,PH_4,-0.0040533100494514656
60,PH_4,-0.004029789413074096
61,PH_4,-0.004003220857852935
62,PH_4,-0.00397391762628767
63,PH_4,-0.00394216955698477
64,PH_4,-0.003908244473135836
65,PH_4,-0.0038723895307866377
66,PH_4,-0.0038348325211568575
67,PH_4,-0.0037957831227604234
68,PH_4,-0.0037554341003385784
69,PH_4,-0.00371396244868122
70,PH_4,-0.003671530480301106
71,PH_4,-0.0036282868566641395
72,PH_4,-0.0035843675632851405
73,PH_4,-0.003539896829492488
74,PH_4,-0.0034949879940599387
75,PH_4,-0.0034497443182155527
76,PH_4,-0.0034042597477771433
77,PH_4,-0.003358619626341822
78,PH_4,-0.0033129013615839017
79,PH_4,-0.0032671750467981667
80,PH_4,-0.003221504039871995
1,MC_4,0.11663329747885996
2,MC_4,0.08563265712874522
3,MC_4,0.06532830777030796
4,MC_4,0.05178614658770919
5,MC_4,0.04252618976382526
6,MC_4,0.03598643103718247
7,MC_4,0.031184236675332593
8,MC_4,0.02750219716014487
9,MC_4,0.024552806287569815
10,MC_4,0.0220930377649808
11,MC_4,0.01997048450545913
12,MC_4,0.018089446322232635
13,MC_4,0.016389613185935396
14,MC_4,0.014832692312560451
15,MC_4,0.013394038599930056
16,MC_4,0.012057431437860167
17,MC_4,0.010811826483109887
18,MC_4,0.009649344413391032
19,MC_4,0.008564032428801363
20,MC_4,0.007551106982885222
21,MC_4,0.006606495052286774
22,MC_4,0.005726559724006159
23,MC_4,0.004907938884868891
24,MC_4,0.004147452756525702
25,MC_4,0.00344205288084134
26,MC_4,0.0027887956795445363
27,MC_4,0.0021848302548010384
28,MC_4,0.0016273941530031226
29,MC_4,0.0011138133179429991
30,MC_4,0.0006415039980668003
31,MC_4,0.00020797531247554644
32,MC_4,-0.00018916824944808768
33,MC_4,-0.0005522247771419219
34,MC_4,-0.00088339351553018
35,MC_4,-0.0011847741293423344
36,MC_4,-0.0014583666477216207
37,MC_4,-0.001706072045103977
38,MC_4,-0.0019296933960185017
39,MC_4,-0.0021309375339044444
40,MC_4,-0.0023114171427125424
41,MC_4,-0.002472653212248928
42,MC_4,-0.0026160777923068396
43,MC_4,-0.0027430369856686824
44,MC_4,-0.0028547941254861023
45,MC_4,-0.0029525330880336184
46,MC_4,-0.003037361697193886
47,MC_4,-0.003110315182162051
48,MC_4,-0.0031723596546924656
49,MC_4,-0.0032243955767216354
50,MC_4,-0.003267261193373393
51,MC_4,-0.003301735910180683
52,MC_4,-0.003328543596848473
53,MC_4,-0.0033483558030424306
54,MC_4,-0.003361794874530127
55,MC_4,-0.0033694369605404015
56,MC_4,-0.003371814905459383
57,MC_4,-0.00336942101996629
58,MC_4,-0.0033627097284460125
59,MC_4,-0.003352100091019345
60,MC_4,-0.0033379781998233568
61,MC_4,-0.0033206994502730874
62,MC_4,-0.0033005906889591167
63,MC_4,-0.0032779522406025316
64,MC_4,-0.0032530598171131553
65,MC_4,-0.003226166312298732
66,MC_4,-0.0031975034861616764
67,MC_4,-0.0031672835430138894
68,MC_4,-0.003135700607848788
69,MC_4,-0.00310293210554608
70,MC_4,-0.003069140047558135
71,MC_4,-0.0030344722307476943
72,MC_4,-0.002999063353022476
73,MC_4,-0.002963036050351067
74,MC_4,-0.0029265018596528612
75,MC_4,-0.0028895621119387374
76,MC_4,-0.0028523087599433045
77,MC_4,-0.002814825144339341
78,MC_4,-0.0027771867024632773
79,MC_4,-0.0027394616233114414
80,MC_4,-0.002701711452392772
1,L_4,0.2617500781703243
2,L_4,0.22956554914637395
3,L_4,0.20844641342933373
4,L_4,0.1943386922175304
5,L_4,0.1846665156144705
6,L_4,0.17779244324774
7,L_4,0.17267720477612605
8,L_4,0.1686627156695476
9,L_4,0.16533366625496618
10,L_4,0.1624292140568781
11,L_4,0.15978663935310075
12,L_4,0.1573054002927483
13,L_4,0.154924212504622
14,L_4,0.1526064470745593
15,L_4,0.1503308422480747
16,L_4,0.1480856094943297
17,L_4,0.1458647072032835
18,L_4,0.14366549760532676
19,L_4,0.14148728515015463
20,L_4,0.13933041531960935
21,L_4,0.13719572850043113
22,L_4,0.13508423759495444
23,L_4,0.1329969454916601
24,L_4,0.13093474892763474
25,L_4,0.12889839477111284
26,L_4,0.12688846724930022
27,L_4,0.1249053926513632
28,L_4,0.12294945315560311
29,L_4,0.12102080469443156
30,L_4,0.11911949584317943
31,L_4,0.11724548602498769
32,L_4,0.11539866213834532
33,L_4,0.1135788532130234
34,L_4,0.11178584299824414
35,L_4,0.11001938055746623
36,L_4,0.1082791890346215
37,L_4,0.10656497279754466
38,L_4,0.10487642317532962
39,L_4,0.10321322299995123
40,L_4,0.10157505014665671
41,L_4,0.09996158024732353
42,L_4,0.09837248872924494
43,L_4,0.096807452310438
44,L_4,0.095266150062591
45,L_4,0.0937482641346731
46,L_4,0.09225348021422103
47,L_4,0.09078148778939743
48,L_4,0.08933198026297492
49,L_4,0.08790465495927909
50,L_4,0.08649921305662851
51,L_4,0.08511535947075004
52,L_4,0.08375280270882468
53,L_4,0.08241125470906624
54,L_4,0.08109043067688501
55,L_4,0.07979004892559731
56,L_4,0.07850983072719503
57,L_4,0.07724950017675965
58,L_4,0.0760087840726192
59,L_4,0.07478741181321093
60,L_4,0.07358511531076517
61,L_4,0.07240162892131018
62,L_4,0.07123668939006736
63,L_4,0.07009003581101987
64,L_4,0.06896140959926453
65,L_4,0.06785055447467188
66,L_4,0.06675721645535894
67,L_4,0.06568114385950756
68,L_4,0.0646220873141235
69,L_4,0.06357979976941946
70,L_4,0.06255403651760502
71,L_4,0.06154455521497837
72,L_4,0.060551115906326905
73,L_4,0.05957348105075766
74,L_4,0.05861141554818772
75,L_4,0.05766468676583006
76,L_4,0.056733064564108024
77,L_4,0.055816321321522214
78,L_4,0.05491423195807775
79,L_4,0.05402657395695347
80,L_4,0.053153127384163626
1,Y_5,-0.3419068766097027
2,Y_5,-0.3314660440558814
3,Y_5,-0.30969790828814797
4,Y_5,-0.2828057325611877
5,Y_5,-0.2544722019630165
6,Y_5,-0.22679517305040278
7,Y_5,-0.2008962901820383
8,Y_5,-0.17730402662975978
9,Y_5,-0.15619378294740288
10,Y_5,-0.1375375190995341
11,Y_5,-0.121196234349101
12,Y_5,-0.10697643268475696
13,Y_5,-0.09466397539756012
14,Y_5,-0.0840438081760956
15,Y_5,-0.07491092937334197
16,Y_5,-0.06707598524491687
17,Y_5,-0.06036762146895658
18,Y_5,-0.054632924014712175
19,Y_5,-0.049736778538175604
20,Y_5,-0.045560659228381956
21,Y_5,-0.042001157576089694
22,Y_5,-0.03896843577969673
23,Y_5,-0.0363847110521762
24,Y_5,-0.03418282855086907
25,Y_5,-0.032304950974901006
26,Y_5,-0.030701375056235446
27,Y_5,-0.0293294747694149
28,Y_5,-0.02815276529164384
29,Y_5,-0.027140078784157237
30,Y_5,-0.02626484182011709
31,Y_5,-0.025504444052639644
32,Y_5,-0.024839688062063384
33,Y_5,-0.024254310974192356
34,Y_5,-0.02373456923632715
35,Y_5,-0.023268878776886368
36,Y_5,-0.022847503600247746
37,Y_5,-0.022462286649670097
38,Y_5,-0.022106417492195114
39,Y_5,-0.02177423203416965
40,Y_5,-0.02146104006401919
41,Y_5,-0.021162976942846568
42,Y_5,-0.02087687622769146
43,Y_5,-0.020600160421984703
44,Y_5,-0.02033074740818039
45,Y_5,-0.020066970433908787
46,Y_5,-0.01980750980018071
47,Y_5,-0.01955133464266095
48,Y_5,-0.01929765340892676
49,Y_5,-0.01904587181959382
50,Y_5,-0.018795557262523126
51,Y_5,-0.018546408709913736
52,Y_5,-0.018298231370525938
53,Y_5,-0.01805091539583163
54,Y_5,-0.017804418051555814
55,Y_5,-0.017558748846608612
56,Y_5,-0.017313957181356275
57,Y_5,-0.017070122137890616
58,Y_5,-0.016827344087611183
59,Y_5,-0.01658573783707443
60,Y_5,-0.01634542707258715
61,Y_5,-0.016106539898227898
62,Y_5,-0.015869205291553203
63,Y_5,-0.015633550326796676
64,Y_5,-0.015399698037421559
65,Y_5,-0.015167765808900948
66,Y_5,-0.0149378642089808
67,Y_5,-0.014710096176770972
68,Y_5,-0.014484556504120508
69,Y_5,-0.014261331553128944
70,Y_5,-0.014040499162551115
71,Y_5,-0.013822128703480914
72,Y_5,-0.013606281251210647
73,Y_5,-0.013393009845722647
74,Y_5,-0.013182359817998935
75,Y_5,-0.012974369163355433
76,Y_5,-0.012769068946415604
77,Y_5,-0.012566483725218533
78,Y_5,-0.012366631984389111
79,Y_5,-0.012169526569340066
80,Y_5,-0.01197517511518874
1,PH_5,-0.03577245157150928
2,PH_5,-0.0600955510138854
3,PH_5,-0.07746113942103415
4,PH_5,-0.08977099402207353
5,PH_5,-0.09836083424321106
6,PH_5,-0.10418283251785014
7,PH_5,-0.10792722900968109
8,PH_5,-0.11010260567355641
9,PH_5,-0.1110894158539665
10,PH_5,-0.11117611737278553
11,PH_5,-0.11058391199779367
12,PH_5,-0.10948395920695318
13,PH_5,-0.10800956722300575
14,PH_5,-0.10626498983058477
15,PH_5,-0.10433189578535453
16,PH_5,-0.10227421562281397
17,PH_5,-0.10014183639129329
18,PH_5,-0.09797346239815986
19,PH_5,-0.09579886020735484
20,PH_5,-0.09364064016824143
21,PH_5,-0.09151568273220483
22,PH_5,-0.08943628805938732
23,PH_5,-0.08741110700807307
24,PH_5,-0.08544589735894254
25,PH_5,-0.08354413900141036
26,PH_5,-0.08170753446351962
27,PH_5,-0.07993641572594919
28,PH_5,-0.07823007414764928
29,PH_5,-0.0765870271609812
30,PH_5,-0.07500523290865559
31,PH_5,-0.07348226201573493
32,PH_5,-0.07201543409394462
33,PH_5,-0.07060192527487737
34,PH_5,-0.06923885199992716
35,PH_5,-0.06792333541101478
36,PH_5,-0.06665254995191625
37,PH_5,-0.06542375917794135
38,PH_5,-0.0642343412603716
39,PH_5,-0.06308180624432125
40,PH_5,-0.06196380676066626
41,PH_5,-0.06087814359304221
42,PH_5,-0.05982276725026865
43,PH_5,-0.058795776485105825
44,PH_5,-0.0577954145254695
45,PH_5,-0.056820063638629875
46,PH_5,-0.05586823852789017
47,PH_5,-0.054938578960874604
48,PH_5,-0.05402984194556411
49,PH_5,-0.05314089370181288
50,PH_5,-0.052270701619905414
51,PH_5,-0.051418326351778364
52,PH_5,-0.05058291414315024
53,PH_5,-0.04976368948455375
54,PH_5,-0.04895994813494773
55,PH_5,-0.04817105055218875
56,PH_5,-0.04739641574931398
57,PH_5,-0.04663551558361064
58,PH_5,-0.04588786947622374
59,PH_5,-0.04515303955307966
60,PH_5,-0.04443062619275759
61,PH_5,-0.04372026396327385
62,PH_5,-0.04302161792726438
63,PH_5,-0.04233438029351622
64,PH_5,-0.041658267392009264
65,PH_5,-0.04099301694942135
66,PH_5,-0.040338385642287006
67,PH_5,-0.03969414690557275
68,PH_5,-0.039060088975249714
69,PH_5,-0.038436013144436634
70,PH_5,-0.037821732213792016
71,PH_5,-0.03721706911801079
72,PH_5,-0.0366218557114888
73,PH_5,-0.03603593169743148
74,PH_5,-0.035459143685878755
75,PH_5,-0.034891344367280676
76,PH_5,-0.034332391789375374
77,PH_5,-0.03378214872618517
78,PH_5,-0.033240482128951504
79,PH_5,-0.03270726264977269
80,PH_5,-0.03218236422958903
1,MC_5,-0.1278794199891895
2,MC_5,-0.12812753477776823
3,MC_5,-0.12577043885825753
4,MC_5,-0.122051246180159
5,MC_5,-0.11773113524093018
6,MC_5,-0.11325642666109222
7,MC_5,-0.10887900189962738
8,MC_5,-0.10473190593288983
9,MC_5,-0.1008766130158309
10,MC_5,-0.09733241920564537
11,MC_5,-0.0940945932803383
12,MC_5,-0.09114548053170352
13,MC_5,-0.08846120655296165
14,MC_5,-0.08601564749055088
15,MC_5,-0.08378271293305237
16,MC_5,-0.0817375960676342
17,MC_5,-0.0798573991481968
18,MC_5,-0.07812138741596505
19,MC_5,-0.07651102758071299
20,MC_5,-0.07500990638690905
21,MC_5,-0.07360358710669722
22,MC_5,-0.07227943847077113
23,MC_5,-0.07102645618436669
24,MC_5,-0.06983508839569422
25,MC_5,-0.06869707116803453
26,MC_5,-0.06760527682951323
27,MC_5,-0.0665535762108896
28,MC_5,-0.06553671471921296
29,MC_5,-0.06455020161715398
30,MC_5,-0.06359021158930626
31,MC_5,-0.06265349755847827
32,MC_5,-0.061737313694462205
33,MC_5,-0.06083934759123935
34,MC_5,-0.05995766065000635
35,MC_5,-0.05909063577943942
36,MC_5,-0.058236931602432124
37,MC_5,-0.05739544243522204
38,MC_5,-0.056565263377739115
39,MC_5,-0.05574565992192316
40,MC_5,-0.054936041547181035
41,MC_5,-0.054135938829059815
42,MC_5,-0.05334498363879272
43,MC_5,-0.05256289205794852
44,MC_5,-0.051789449674348606
45,MC_5,-0.051024498963086515
46,MC_5,-0.05026792849026739
47,MC_5,-0.04951966370732919
48,MC_5,-0.04877965913084493
49,MC_5,-0.04804789172684674
50,MC_5,-0.0473243553402324
51,MC_5,-0.04660905602897697
52,MC_5,-0.04590200817991376
53,MC_5,-0.04520323129797732
54,MC_5,-0.044512747374223983
55,MC_5,-0.04383057874982945
56,MC_5,-0.043156746403777556
57,MC_5,-0.042491268601242096
58,MC_5,-0.04183415984785587
59,MC_5,-0.04118543010227995
60,MC_5,-0.04054508420583544
61,MC_5,-0.03991312149354055
62,MC_5,-0.039289535555788
63,MC_5,-0.03867431412418694
64,MC_5,-0.03806743905884317
65,MC_5,-0.037468886417625906
66,MC_5,-0.03687862659082588
67,MC_5,-0.03629662448709458
68,MC_5,-0.03572283975871395
69,MC_5,-0.03515722705611994
70,MC_5,-0.03459973630322253
71,MC_5,-0.034050312986467754
72,MC_5,-0.03350889845179145
73,MC_5,-0.03297543020465329
74,MC_5,-0.03244984220922913
75,MC_5,-0.0319320651835992
76,MC_5,-0.03142202688841845
77,MC_5,-0.030919652407105636
78,MC_5,-0.030424864416053125
79,MC_5,-0.029937583443751553
80,MC_5,-0.02945772811805184
1,L_5,-0.09217553546889541
2,L_5,-0.06997631159525208
3,L_5,-0.049316529474060115
4,L_5,-0.030731177277724325
5,L_5,-0.014403225824512455
6,L_5,-0.0003134753762781382
7,L_5,0.011667312367645752
8,L_5,0.021722373531309132
9,L_5,0.030055482260849295
10,L_5,0.036871536351878585
11,L_5,0.042365809485804394
12,L_5,0.046718491233775514
13,L_5,0.05009240090672908
14,L_5,0.052632559726026956
15,L_5,0.05446680850062974
16,L_5,0.05570697358842709
17,L_5,0.05645028129958802
18,L_5,0.0567808437498558
19,L_5,0.05677111514230822
20,L_5,0.05648326402319387
21,L_5,0.0559704352469256
22,L_5,0.055277892139728745
23,L_5,0.054444039032068355
24,L_5,0.05350132966899929
25,L_5,0.05247706971086056
26,L_5,0.051394122664909586
27,L_5,0.050271528797497585
28,L_5,0.04912504626901285
29,L_5,0.04796762315504133
30,L_5,0.04680980831398241
31,L_5,0.04566010832013396
32,L_5,0.04452529695127722
33,L_5,0.043410683027684166
34,L_5,0.04232034175825719
35,L_5,0.04125731416419018
36,L_5,0.04022377862145482
37,L_5,0.03922119808837233
38,L_5,0.03825044616000707
39,L_5,0.03731191471303889
40,L_5,0.036405605568910614
41,L_5,0.03553120830528131
42,L_5,0.03468816608225724
43,L_5,0.03387573111690875
44,L_5,0.03309301123391482
45,L_5,0.032339008738821846
46,L_5,0.031612652700653936
47,L_5,0.03091282559004888
48,L_5,0.030238385095543725
49,L_5,0.029588181832154822
50,L_5,0.028961073561251487
51,L_5,0.028355936457371268
52,L_5,0.027771673884682633
53,L_5,0.027207223082049814
54,L_5,0.02666156010000094
55,L_5,0.026133703284381433
56,L_5,0.025622715559228806
57,L_5,0.025127705724674668
58,L_5,0.024647828953791175
59,L_5,0.024182286644656534
60,L_5,0.023730325759990612
61,L_5,0.023291237766043794
62,L_5,0.022864357264598505
63,L_5,0.022449060396602254
64,L_5,0.022044763082775854
65,L_5,0.021650919155249915
66,L_5,0.021267018424631412
67,L_5,0.020892584718673245
68,L_5,0.020527173921725667
69,L_5,0.020170372038220474
70,L_5,0.019821793298435204
71,L_5,0.019481078320575437
72,L_5,0.019147892339689627
73,L_5,0.018821923510995715
74,L_5,0.018502881292768142
75,L_5,0.018190494911934
76,L_5,0.017884511913895968
77,L_5,0.01758469679678051
78,L_5,0.017290829729256545
79,L_5,0.017002705350240465
80,L_5,0.01672013164816229
1,Y_6,-0.22782486584973527
2,Y_6,-0.21033604935291103
3,Y_6,-0.18923876257048589
4,Y_6,-0.1678193220389094
5,Y_6,-0.147707913948632
6,Y_6,-0.12960173891245202
7,Y_6,-0.11368957560609687
8,Y_6,-0.09989913250464545
9,Y_6,-0.0880379714709551
10,Y_6,-0.07787124557739791
11,Y_6,-0.06916248593424043
12,Y_6,-0.06169321726532497
13,Y_6,-0.05527079018845519
14,Y_6,-0.04972993661124338
15,Y_6,-0.04493121701535719
16,Y_6,-0.040758135258618586
17,Y_6,-0.037113877419507835
18,Y_6,-0.03391815818862522
19,Y_6,-0.0311043918440326
20,Y_6,-0.028617260066122047
21,Y_6,-0.02641067453927649
22,Y_6,-0.02444609784854551
23,Y_6,-0.022691173549765225
24,Y_6,-0.021118614986785505
25,Y_6,-0.01970530649752649
26,Y_6,-0.018431576817696846
27,Y_6,-0.01728061104142403
28,Y_6,-0.01623797360319869
29,Y_6,-0.015291220066995346
30,Y_6,-0.014429579966592613
31,Y_6,-0.013643696583104483
32,Y_6,-0.01292541247218182
33,Y_6,-0.012267591879459255
34,Y_6,-0.011663973019128426
35,Y_6,-0.011109044634499163
36,Y_6,-0.010597942393008887
37,Y_6,-0.0101263615581684
38,Y_6,-0.00969048308077344
39,Y_6,-0.00928691080343293
40,Y_6,-0.008912617908910665
41,Y_6,-0.008564901089438815
42,Y_6,-0.00824134119074487
43,Y_6,-0.007939769306260488
44,Y_6,-0.00765823747559818
45,Y_6,-0.0073949932859772366
46,Y_6,-0.007148457792891473
47,Y_6,-0.006917206272421681
48,Y_6,-0.006699951396476664
49,Y_6,-0.006495528487254732
50,Y_6,-0.006302882561006515
51,Y_6,-0.0061210569158352025
52,Y_6,-0.005949183055477397
53,Y_6,-0.005786471772096709
54,Y_6,-0.0056322052371792055
55,Y_6,-0.005485729971513471
56,Y_6,-0.005346450583683807
57,Y_6,-0.005213824182080864
58,Y_6,-0.005087355378616258
59,Y_6,-0.004966591813510627
60,Y_6,-0.00485112014003011
61,Y_6,-0.004740562416144389
62,Y_6,-0.0046345728569924015
63,Y_6,-0.0045328349079555965
64,Y_6,-0.004435058603210271
65,Y_6,-0.004340978178985017
66,Y_6,-0.004250349914502786
67,Y_6,-0.00416295017682256
68,Y_6,-0.0040785736485975475
69,Y_6,-0.003997031720193539
70,Y_6,-0.0039181510297216175
71,Y_6,-0.0038417721363774044
72,Y_6,-0.003767748314083634
73,Y_6,-0.0036959444538381576
74,Y_6,-0.003626236064401897
75,Y_6,-0.0035585083620456744
76,Y_6,-0.003492655441031074
77,Y_6,-0.0034285795173448065
78,Y_6,-0.0033661902389554117
79,Y_6,-0.003305404056524347
80,Y_6,-0.0032461436490961075
1,PH_6,-0.06657115561810312
2,PH_6,-0.11092457026449176
3,PH_6,-0.14029498218015235
4,PH_6,-0.15884282860694582
5,PH_6,-0.16967868604933736
6,PH_6,-0.17510022665692362
7,PH_6,-0.17678723118343975
8,PH_6,-0.175955603593338
9,PH_6,-0.1734765959348683
10,PH_6,-0.1699677026363922
11,PH_6,-0.165861122486399
12,PH_6,-0.16145481560294594
13,PH_6,-0.1569502618404288
14,PH_6,-0.15248017971290526
15,PH_6,-0.14812873940922738
16,PH_6,-0.1439462090832746
17,PH_6,-0.13995950083175845
18,PH_6,-0.13617971461247694
19,PH_6,-0.13260749615947912
20,PH_6,-0.12923681127404182
21,PH_6,-0.12605757863578285
22,PH_6,-0.1230574840606355
23,PH_6,-0.12022321100656316
24,PH_6,-0.11754125734043996
25,PH_6,-0.1149984609727472
26,PH_6,-0.11258232242018429
27,PH_6,-0.1102811872740232
28,PH_6,-0.10808433340312142
29,PH_6,-0.10598199463098897
30,PH_6,-0.10396534321609029
31,PH_6,-0.10202644672187405
32,PH_6,-0.10015821004893168
33,PH_6,-0.09835430997830015
34,PH_6,-0.09660912715182587
35,PH_6,-0.09491767871001962
36,PH_6,-0.09327555361576836
37,PH_6,-0.09167885186644284
38,PH_6,-0.09012412823146451
39,PH_6,-0.08860834077125675
40,PH_6,-0.08712880414223628
41,PH_6,-0.08568314753217125
42,PH_6,-0.0842692769730744
43,PH_6,-0.082885341725076
44,PH_6,-0.08152970440044112
45,PH_6,-0.08020091449219498
46,PH_6,-0.07889768497976715
47,PH_6,-0.07761887169984334
48,PH_6,-0.0763634551908818
49,PH_6,-0.07513052474224405
50,PH_6,-0.07391926440208
51,PH_6,-0.07272894072099857
52,PH_6,-0.07155889203051957
53,PH_6,-0.07040851907596606
54,PH_6,-0.06927727684262175
55,PH_6,-0.06816466743156514
56,PH_6,-0.06707023385759951
57,PH_6,-0.06599355465617728
58,PH_6,-0.0649342391992443
59,PH_6,-0.0638919236316076
60,PH_6,-0.06286626734985837
61,PH_6,-0.06185694995517309
62,PH_6,-0.06086366861957165
63,PH_6,-0.05988613581253406
64,PH_6,-0.058924077341361444
65,PH_6,-0.057977230664398686
66,PH_6,-0.057045343441298996
67,PH_6,-0.05612817228897328
68,PH_6,-0.05522548171580065
69,PH_6,-0.0543370432101369
70,PH_6,-0.05346263446220161
71,PH_6,-0.05260203870109792
72,PH_6,-0.05175504413106589
73,PH_6,-0.05092144345312934
74,PH_6,-0.050101033460099344
75,PH_6,-0.04929361469447784
76,PH_6,-0.048498991160187264
77,PH_6,-0.04771697008026042
78,PH_6,-0.046947361693681196
79,PH_6,-0.04618997908548805
80,PH_6,-0.04544463804505671
1,MC_6,-0.17178932904564453
2,MC_6,-0.18890812722618558
3,MC_6,-0.19596471318112063
4,MC_6,-0.19695415874056238
5,MC_6,-0.19439989222173712
6,MC_6,-0.18987703696533306
7,MC_6,-0.18435938850232794
8,MC_6,-0.1784403114743091
9,MC_6,-0.17247331216106898
10,MC_6,-0.16666143391249255
11,MC_6,-0.1611140455917851
12,MC_6,-0.15588285608119715
13,MC_6,-0.15098469614009097
14,MC_6,-0.14641587444359905
15,MC_6,-0.14216117207981452
16,MC_6,-0.13819942911798863
17,MC_6,-0.1345069687951627
18,MC_6,-0.13105965336420164
19,MC_6,-0.12783407767113245
20,MC_6,-0.12480822281132033
21,MC_6,-0.12196177498149327
22,MC_6,-0.11927623982392117
23,MC_6,-0.11673493480251769
24,MC_6,-0.11432291167107049
25,MC_6,-0.1120268416479457
26,MC_6,-0.10983488351528298
27,MC_6,-0.107736546970303
28,MC_6,-0.1057225585470949
29,MC_6,-0.10378473426068618
30,MC_6,-0.10191586113714127
31,MC_6,-0.10010958855879776
32,MC_6,-0.09836032960023765
33,MC_6,-0.09666317208364916
34,MC_6,-0.09501379882989464
35,MC_6,-0.09340841645198525
36,MC_6,-0.09184369198462715
37,MC_6,-0.09031669663744327
38,MC_6,-0.08882485598140606
39,MC_6,-0.08736590591581922
40,MC_6,-0.08593785380914909
41,MC_6,-0.08453894425629271
42,MC_6,-0.08316762894445495
43,MC_6,-0.08182254016789808
44,MC_6,-0.0805024675773665
45,MC_6,-0.07920633779243332
46,MC_6,-0.07793319654413024
47,MC_6,-0.07668219305096795
48,MC_6,-0.07545256636392075
49,MC_6,-0.0742436334452938
50,MC_6,-0.07305477877281373
51,MC_6,-0.07188544528399635
52,MC_6,-0.07073512649707797
53,MC_6,-0.06960335966376081
54,MC_6,-0.06848971982593308
55,MC_6,-0.06739381466357576
56,MC_6,-0.06631528003444628
57,MC_6,-0.06525377611800483
58,MC_6,-0.06420898408657638
59,MC_6,-0.06318060323606543
60,MC_6,-0.06216834851678787
61,MC_6,-0.06117194841227455
62,MC_6,-0.06019114312033647
63,MC_6,-0.05922568299635916
64,MC_6,-0.05827532722379832
65,MC_6,-0.05733984268125654
66,MC_6,-0.056419002979396456
67,MC_6,-0.05551258764435786
68,MC_6,-0.054620381427338674
69,MC_6,-0.05374217372263134
70,MC_6,-0.052877758078709924
71,MC_6,-0.05202693178898525
72,MC_6,-0.05118949555061424
73,MC_6,-0.05036525318129884
74,MC_6,-0.049554011385361696
75,MC_6,-0.04875557956156933
76,MC_6,-0.047969769646203836
77,MC_6,-0.047196395985784165
78,MC_6,-0.04643527523462109
79,MC_6,-0.045686226273070625
80,MC_6,-0.044949070142943796
1,L_6,-4.8571737201357406e-5
2,L_6,0.020793581321599083
3,L_6,0.036071752222332124
4,L_6,0.04682668534856653
5,L_6,0.05404670785316286
6,L_6,0.05858720654704176
7,L_6,0.06114926913264944
8,L_6,0.06228668516987479
9,L_6,0.0624250069710493
10,L_6,0.061884027327240416
11,L_6,0.06089940529435558
12,L_6,0.05964159998627372
13,L_6,0.05823156503871703
14,L_6,0.0567532990045876
15,L_6,0.05526362769556742
16,L_6,0.05379968192395559
17,L_6,0.05238452483189427
18,L_6,0.051031330921610295
19,L_6,0.04974645292076245
20,L_6,0.04853164727806743
21,L_6,0.047385670905733736
22,L_6,0.04630541296725768
23,L_6,0.04528668606535496
24,L_6,0.04432477013699544
25,L_6,0.043414778386028224
26,L_6,0.04255189633620921
27,L_6,0.041731531358836574
28,L_6,0.040949399797021904
29,L_6,0.040201571242258906
30,L_6,0.03948448396191991
31,L_6,0.03879494141988568
32,L_6,0.03813009688827856
33,L_6,0.03748743102305941
34,L_6,0.03686472575083552
35,L_6,0.03626003672587154
36,L_6,0.035671665844973346
37,L_6,0.03509813476553684
38,L_6,0.03453815999429955
39,L_6,0.033990629854396125
40,L_6,0.0334545834622863
41,L_6,0.0329291917295009
42,L_6,0.032413740329304434
43,L_6,0.031907614522660055
44,L_6,0.031410285712267595
45,L_6,0.030921299581498987
46,L_6,0.030440265672229336
47,L_6,0.029966848258646598
48,L_6,0.029500758380887844
49,L_6,0.02904174691123781
50,L_6,0.028589598535584456
51,L_6,0.028144126543139907
52,L_6,0.02770516832763967
53,L_6,0.02727258151303177
54,L_6,0.02684624062588555
55,L_6,0.026426034245293006
56,L_6,0.026011862568864435
57,L_6,0.025603635340533195
58,L_6,0.025201270092305002
59,L_6,0.024804690657848214
60,L_6,0.024413825920971337
61,L_6,0.02402860876661719
62,L_6,0.023648975206072648
63,L_6,0.023274863651693484
64,L_6,0.022906214319624703
65,L_6,0.02254296874179891
66,L_6,0.02218506937096101
67,L_6,0.021832459264632387
68,L_6,0.021485081835825134
69,L_6,0.021142880659978998
70,L_6,0.02080579932904519
71,L_6,0.020473781344909382
72,L_6,0.02014677004545049
73,L_6,0.019824708557494082
74,L_6,0.019507539771754456
75,L_6,0.019195206335585187
76,L_6,0.018887650659986505
77,L_6,0.018584814937861575
78,L_6,0.018286641170983785
79,L_6,0.01799307120354234
80,L_6,0.017704046760481717
1,Y_7,-0.158685938231655
2,Y_7,-0.19111107773110567
3,Y_7,-0.2017960649576618
4,Y_7,-0.19968480605065217
5,Y_7,-0.19036075375886413
6,Y_7,-0.17727989291156696
7,Y_7,-0.1625542130041881
8,Y_7,-0.14744939066022875
9,Y_7,-0.1327006702467021
10,Y_7,-0.11871310765322593
11,Y_7,-0.10568827992739982
12,Y_7,-0.09370425333217075
13,Y_7,-0.08276585969797952
14,Y_7,-0.07283613035278867
15,Y_7,-0.0638557902170614
16,Y_7,-0.05575520235433447
17,Y_7,-0.048461553969433746
18,Y_7,-0.04190305675364408
19,Y_7,-0.03601128642227367
20,Y_7,-0.030722373858276152
21,Y_7,-0.02597749789052494
22,Y_7,-0.02172296290737722
23,Y_7,-0.017910038533936173
24,Y_7,-0.014494671382042475
25,Y_7,-0.01143713633513827
26,Y_7,-0.008701667984876288
27,Y_7,-0.006256095976652995
28,Y_7,-0.004071497504902721
29,Y_7,-0.0021218737053358967
30,Y_7,-0.00038385274208404245
31,Y_7,0.0011635799583282738
32,Y_7,0.0025393252159247636
33,Y_7,0.003760388956627616
34,Y_7,0.004842078364588113
35,Y_7,0.005798177374938443
36,Y_7,0.006641103524985305
37,Y_7,0.0073820480780626705
38,Y_7,0.008031101193104889
39,Y_7,0.008597363757003196
40,Y_7,0.009089047339326802
41,Y_7,0.009513563577609617
42,Y_7,0.00987760416015581
43,Y_7,0.010187212444000622
44,Y_7,0.010447847628779436
45,Y_7,0.010664442302529024
46,Y_7,0.010841454082162532
47,Y_7,0.010982911988623788
48,Y_7,0.011092458123544147
49,Y_7,0.01117338514961453
50,Y_7,0.011228670019902758
51,Y_7,0.01126100435112354
52,Y_7,0.011272821791604763
53,Y_7,0.011266322695679478
54,Y_7,0.011243496381828004
55,Y_7,0.0112061412215372
56,Y_7,0.01115588277903601
57,Y_7,0.011094190198371297
58,Y_7,0.011022391013325467
59,Y_7,0.010941684537110148
60,Y_7,0.010853153972308172
61,Y_7,0.010757777366922766
62,Y_7,0.010656437529405932
63,Y_7,0.010549931003983585
64,Y_7,0.01043897619730085
65,Y_7,0.010324220738232122
66,Y_7,0.010206248144504075
67,Y_7,0.010085583862453382
68,Y_7,0.009962700739686647
69,Y_7,0.00983802398453642
70,Y_7,0.009711935660943579
71,Y_7,0.009584778762669572
72,Y_7,0.009456860906497095
73,Y_7,0.00932845768026086
74,Y_7,0.009199815678114315
75,Y_7,0.009071155252345638
76,Y_7,0.008942673008267062
77,Y_7,0.008814544066188014
78,Y_7,0.00868692411221235
79,Y_7,0.008559951257551716
80,Y_7,0.008433747724194777
1,PH_7,0.00655198860206115
2,PH_7,0.013126016270421814
3,PH_7,0.017789824263502108
4,PH_7,0.02060322108408581
5,PH_7,0.021753001057272885
6,PH_7,0.021481237824949505
7,PH_7,0.020042228995797225
8,PH_7,0.01767897659633678
9,PH_7,0.014611455413025633
10,PH_7,0.011031850891405126
11,PH_7,0.007103790186577796
12,PH_7,0.0029637453193061044
13,PH_7,-0.0012764903462229068
14,PH_7,-0.0055269017310785335
15,PH_7,-0.009716299529025578
16,PH_7,-0.013789517370036542
17,PH_7,-0.01770485792504863
18,PH_7,-0.02143182660344745
19,PH_7,-0.02494915680508047
20,PH_7,-0.02824311186841349
21,PH_7,-0.03130603961513066
22,PH_7,-0.03413515181257583
23,PH_7,-0.0367315005373916
24,PH_7,-0.03909912484387728
25,PH_7,-0.04124434342390508
26,PH_7,-0.0431751715625596
27,PH_7,-0.04490084334213307
28,PH_7,-0.04643142256240491
29,PH_7,-0.04777748814657898
30,PH_7,-0.048949881858617726
31,PH_7,-0.04995950796605487
32,PH_7,-0.05081717605509332
33,PH_7,-0.051533479561836536
34,PH_7,-0.05211870374771047
35,PH_7,-0.05258275784162643
36,PH_7,-0.052935126918179996
37,PH_7,-0.05318483980027777
38,PH_7,-0.05334044988400761
39,PH_7,-0.053410026299144035
40,PH_7,-0.05340115325417889
41,PH_7,-0.05332093578210371
42,PH_7,-0.053176010412575817
43,PH_7,-0.052972559556342905
44,PH_7,-0.05271632860636799
45,PH_7,-0.05241264494336824
46,PH_7,-0.0520664381868882
47,PH_7,-0.0516822611611862
48,PH_7,-0.0512643111520442
49,PH_7,-0.05081645111944367
50,PH_7,-0.050342230604708084
51,PH_7,-0.049844906131590136
52,PH_7,-0.04932746095090731
53,PH_7,-0.04879262401942492
54,PH_7,-0.048242888137204454
55,PH_7,-0.04768052719480924
56,PH_7,-0.04710761250363299
57,PH_7,-0.04652602820006811
58,PH_7,-0.045937485728003796
59,PH_7,-0.04534353741486774
60,PH_7,-0.044745589164626294
61,PH_7,-0.044144912297283304
62,PH_7,-0.04354265456883967
63,PH_7,-0.042939850408710845
64,PH_7,-0.04233743041350767
65,PH_7,-0.04173623013709046
66,PH_7,-0.04113699821708831
67,PH_7,-0.04054040387779006
68,PH_7,-0.03994704384858425
69,PH_7,-0.039357448736061305
70,PH_7,-0.038772088886574185
71,PH_7,-0.038191379774558616
72,PH_7,-0.03761568695029527
73,PH_7,-0.03704533057910285
74,PH_7,-0.03648058960221949
75,PH_7,-0.035921705547889926
76,PH_7,-0.03536888601945283
77,PH_7,-0.03482230788553151
78,PH_7,-0.0342821201957905
79,PH_7,-0.03374844684413524
80,PH_7,-0.03322138899971456
1,MC_7,0.27366446673243155
2,MC_7,0.2214977994656526
3,MC_7,0.18177406942968047
4,MC_7,0.15050667448463212
5,MC_7,0.12511380799296928
6,MC_7,0.10392021477118563
7,MC_7,0.08582877934375745
8,MC_7,0.07011162821380497
9,MC_7,0.05627725832509505
10,MC_7,0.0439860197803063
11,MC_7,0.032996346732132954
12,MC_7,0.023130536259241073
13,MC_7,0.014252951412351477
14,MC_7,0.006256118341037456
15,MC_7,-0.0009481624532307112
16,MC_7,-0.007434521034743174
17,MC_7,-0.013267701855412097
18,MC_7,-0.018504964756976543
19,MC_7,-0.02319767162706483
20,MC_7,-0.027392355749400323
21,MC_7,-0.03113146201143332
22,MC_7,-0.034453877027411345
23,MC_7,-0.03739532440778095
24,MC_7,-0.03998867263875754
25,MC_7,-0.04226418546726429
26,MC_7,-0.04424973358977794
27,MC_7,-0.04597097945062013
28,MC_7,-0.04745154256130186
29,MC_7,-0.048713150002240864
30,MC_7,-0.04977577505524203
31,MC_7,-0.05065776585510776
32,MC_7,-0.05137596529815803
33,MC_7,-0.051945823050303215
34,MC_7,-0.05238150026045978
35,MC_7,-0.052695967445375386
36,MC_7,-0.05290109593101422
37,MC_7,-0.05300774318964681
38,MC_7,-0.0530258323859197
39,MC_7,-0.05296442643040908
40,MC_7,-0.05283179683004665
41,MC_7,-0.0526354876181603
42,MC_7,-0.052382374640882266
43,MC_7,-0.052078720470398715
44,MC_7,-0.051730225208499306
45,MC_7,-0.05134207343599494
46,MC_7,-0.05091897755482959
47,MC_7,-0.05046521776023619
48,MC_7,-0.04998467887022893
49,MC_7,-0.0494808842292463
50,MC_7,-0.04895702689202814
51,MC_7,-0.04841599828296057
52,MC_7,-0.047860414515287386
53,MC_7,-0.047292640543872846
54,MC_7,-0.04671481231469291
55,MC_7,-0.0461288570640069
56,MC_7,-0.04553651191026941
57,MC_7,-0.04493934087232985
58,MC_7,-0.0443387504383606
59,MC_7,-0.04373600380127585
60,MC_7,-0.04313223386816388
61,MC_7,-0.04252845514345941
62,MC_7,-0.04192557457822763
63,MC_7,-0.04132440147101431
64,MC_7,-0.040725656499224404
65,MC_7,-0.040129979953913895
66,MC_7,-0.03953793924520274
67,MC_7,-0.03895003574022097
68,MC_7,-0.03836671099057266
69,MC_7,-0.037788352401721986
70,MC_7,-0.03721529839245425
71,MC_7,-0.03664784308862882
72,MC_7,-0.03608624059179154
73,MC_7,-0.035530708859849304
74,MC_7,-0.03498143323389444
75,MC_7,-0.03443856964239785
76,MC_7,-0.03390224751134691
77,MC_7,-0.03337257240646622
78,MC_7,-0.03284962843142301
79,MC_7,-0.03233348040385805
80,MC_7,-0.03182417582919382
1,L_7,0.2918172034691881
2,L_7,0.24521999985115
3,L_7,0.2123873151728836
4,L_7,0.18869947645599716
5,L_7,0.1711624042844573
6,L_7,0.15782268795631393
7,L_7,0.14739659659874602
8,L_7,0.13903274683208536
9,L_7,0.13216005602509376
10,L_7,0.12639015268236406
11,L_7,0.12145458902201499
12,L_7,0.11716431913142378
13,L_7,0.11338344208305004
14,L_7,0.11001210070413779
15,L_7,0.10697527032407379
16,L_7,0.10421534792743282
17,L_7,0.10168720282693551
18,L_7,0.09935482945249996
19,L_7,0.09718904937689074
20,L_7,0.09516590586974982
21,L_7,0.09326551999336781
22,L_7,0.09147125796744014
23,L_7,0.08976911146428275
24,L_7,0.08814722600659426
25,L_7,0.08659553433962856
26,L_7,0.08510546576437045
27,L_7,0.08366971165093187
28,L_7,0.08228203343285252
29,L_7,0.0809371034234067
30,L_7,0.07963037150763182
31,L_7,0.07835795260792594
32,L_7,0.07711653109332489
33,L_7,0.07590327919519918
34,L_7,0.07471578713021657
35,L_7,0.07355200309686398
36,L_7,0.0724101816585278
37,L_7,0.07128883928987494
38,L_7,0.07018671606803746
39,L_7,0.0691027426521194
40,L_7,0.06803601182496376
41,L_7,0.06698575397769727
42,L_7,0.06595131600580784
43,L_7,0.06493214315935905
44,L_7,0.06392776345231418
45,L_7,0.06293777428900213
46,L_7,0.06196183101117011
47,L_7,0.060999637108118024
48,L_7,0.06005093586611771
49,L_7,0.05911550326250609
50,L_7,0.058193141935167475
51,L_7,0.0572836760801401
52,L_7,0.05638694714925295
53,L_7,0.05550281023640455
54,L_7,0.05463113105566672
55,L_7,0.05377178342710878
56,L_7,0.052924647197333204
57,L_7,0.05208960653139868
58,L_7,0.05126654852125815
59,L_7,0.05045536206321503
60,L_7,0.04965593696333426
61,L_7,0.04886816323535334
62,L_7,0.0480919305605268
63,L_7,0.047327127883093255
64,L_7,0.04657364311875888
65,L_7,0.04583136295680983
66,L_7,0.04510017273926436
67,L_7,0.044379956402902106
68,L_7,0.04367059647211084
69,L_7,0.0429719740923131
70,L_7,0.04228396909530819
71,L_7,0.0416064600892251
72,L_7,0.0409393245669517
73,L_7,0.040282439027914785
74,L_7,0.03963567910894951
75,L_7,0.03899891972073923
76,L_7,0.03837203518694053
77,L_7,0.037754899383648864
78,L_7,0.0371473858773208
79,L_7,0.036549368059658305
80,L_7,0.03596071927829079
1,Y_8,-0.2650039540385812
2,Y_8,-0.25551576505561524
3,Y_8,-0.23338212570464067
4,Y_8,-0.20572003331339936
5,Y_8,-0.17669665403473103
6,Y_8,-0.14864348007467845
7,Y_8,-0.12276931870778413
8,Y_8,-0.09960779535888792
9,Y_8,-0.07929674068450075
10,Y_8,-0.061751309518791174
11,Y_8,-0.046770094835980644
12,Y_8,-0.03409914219303964
13,Y_8,-0.023469644390274977
14,Y_8,-0.014619297681849433
15,Y_8,-0.007303618448248436
16,Y_8,-0.0013011823472215422
17,Y_8,0.003584733484550825
18,Y_8,0.007526562332200623
19,Y_8,0.010673963352924984
20,Y_8,0.013155863003687443
21,Y_8,0.015082678746424107
22,Y_8,0.016548527087483063
23,Y_8,0.017633308057967284
24,Y_8,0.01840461317039666
25,Y_8,0.01891943675933416
26,Y_8,0.01922568971082604
27,Y_8,0.019363525148130004
28,Y_8,0.019366490977151304
29,Y_8,0.019262526384981275
30,Y_8,0.0190748197311986
31,Y_8,0.018822544583301057
32,Y_8,0.018521489422348644
33,Y_8,0.018184595083817985
34,Y_8,0.017822412479860283
35,Y_8,0.017443491673944423
36,Y_8,0.01705471200119122
37,Y_8,0.016661561672654455
38,Y_8,0.016268374177279166
39,Y_8,0.015878527799224478
40,Y_8,0.015494613693260722
41,Y_8,0.015118577196943697
42,Y_8,0.014751836394190091
43,Y_8,0.01439538136965299
44,Y_8,0.014049857096385452
45,Y_8,0.013715632470966474
46,Y_8,0.013392857641721325
47,Y_8,0.013081511459046699
48,Y_8,0.012781440605182926
49,Y_8,0.012492391727950745
50,Y_8,0.01221403770364741
51,Y_8,0.011945998983825853
52,Y_8,0.01168786083502442
53,Y_8,0.011439187156176015
54,Y_8,0.011199531452388113
55,Y_8,0.010968445453437434
56,Y_8,0.010745485788418309
57,Y_8,0.010530219062590947
58,Y_8,0.010322225626926135
59,Y_8,0.010121102283710392
60,Y_8,0.00992646413162734
61,Y_8,0.009737945719920333
62,Y_8,0.009555201652656822
63,Y_8,0.009377906759987753
64,Y_8,0.009205755932960226
65,Y_8,0.009038463701332232
66,Y_8,0.008875763619467635
67,Y_8,0.008717407513344964
68,Y_8,0.00856316463164015
69,Y_8,0.008412820735438406
70,Y_8,0.008266177154136993
71,Y_8,0.008123049829298136
72,Y_8,0.00798326836341596
73,Y_8,0.007846675086608005
74,Y_8,0.007713124151003056
75,Y_8,0.007582480659952319
76,Y_8,0.007454619837044344
77,Y_8,0.007329426238177406
78,Y_8,0.007206793008558217
79,Y_8,0.007086621185404229
80,Y_8,0.0069688190462692465
1,PH_8,-0.058589720664504547
2,PH_8,-0.10287771619592838
3,PH_8,-0.13720807508510016
4,PH_8,-0.1635746384428853
5,PH_8,-0.18353216443260642
6,PH_8,-0.19831028811924492
7,PH_8,-0.20889432055014356
8,PH_8,-0.21608204733907047
9,PH_8,-0.22052453511997214
10,PH_8,-0.2227561272135723
11,PH_8,-0.22321700429831162
12,PH_8,-0.22227052931532737
13,PH_8,-0.2202168521399929
14,PH_8,-0.2173037689280392
15,PH_8,-0.213735518392014
16,PH_8,-0.20967999214940866
17,PH_8,-0.20527470025856961
18,PH_8,-0.2006317416263379
19,PH_8,-0.19584196649674274
20,PH_8,-0.1909784747091489
21,PH_8,-0.1860995624261216
22,PH_8,-0.18125120743735124
23,PH_8,-0.1764691662639038
24,PH_8,-0.17178074336553717
25,PH_8,-0.1672062826385185
26,PH_8,-0.16276042331218335
27,PH_8,-0.15845315578779698
28,PH_8,-0.15429070755333285
29,PH_8,-0.15027628479910093
30,PH_8,-0.14641069156887682
31,PH_8,-0.14269284507402974
32,PH_8,-0.13912020307149317
33,PH_8,-0.1356891168804645
34,PH_8,-0.13239512162405967
35,PH_8,-0.12923317357939107
36,PH_8,-0.12619784306038762
37,PH_8,-0.1232834700068553
38,PH_8,-0.12048428838106431
39,PH_8,-0.11779452455432392
40,PH_8,-0.11520847407903541
41,PH_8,-0.11272056056815125
42,PH_8,-0.11032537982795458
43,PH_8,-0.10801773189795995
44,PH_8,-0.10579264323175985
45,PH_8,-0.1036453808946473
46,PH_8,-0.10157146034908611
47,PH_8,-0.09956664814001916
48,PH_8,-0.0976269605720894
49,PH_8,-0.09574865928448152
50,PH_8,-0.09392824447143781
51,PH_8,-0.09216244636338841
52,PH_8,-0.09044821547148196
53,PH_8,-0.08878271200402135
54,PH_8,-0.08716329478425218
55,PH_8,-0.08558750993284371
56,PH_8,-0.08405307952329356
57,PH_8,-0.08255789037270367
58,PH_8,-0.08109998309248875
59,PH_8,-0.07967754149236232
60,PH_8,-0.07828888240535566
61,PH_8,-0.07693244598076988
62,PH_8,-0.0756067864750795
63,PH_8,-0.07431056355725194
64,PH_8,-0.07304253413417083
65,PH_8,-0.07180154469338532
66,PH_8,-0.0705865241538589
67,PH_8,-0.06939647721042383
68,PH_8,-0.06823047815397944
69,PH_8,-0.0670876651468699
70,PH_8,-0.06596723493113328
71,PH_8,-0.06486843794626983
72,PH_8,-0.06379057383268635
73,PH_8,-0.0627329872969237
74,PH_8,-0.061695064315066106
75,PH_8,-0.06067622865128535
76,PH_8,-0.05967593866922498
77,PH_8,-0.05869368441482179
78,PH_8,-0.05772898495015558
79,PH_8,-0.05678138591897192
80,PH_8,-0.05585045732561273
1,MC_8,-0.23646839983075893
2,MC_8,-0.26744210417086656
3,MC_8,-0.2829894709983642
4,MC_8,-0.28875048494946637
5,MC_8,-0.2883615469308772
6,MC_8,-0.2841666920728681
7,MC_8,-0.27767938303929157
8,MC_8,-0.26987785992395846
9,MC_8,-0.2613943634029587
10,MC_8,-0.25263662798555786
11,MC_8,-0.2438660999475421
12,MC_8,-0.23524846400356877
13,MC_8,-0.22688641724554284
14,MC_8,-0.21884103448045544
15,MC_8,-0.2111457795542532
16,MC_8,-0.20381575800615528
17,MC_8,-0.19685387565921547
18,MC_8,-0.19025497353982102
19,MC_8,-0.18400862968679732
20,MC_8,-0.1781010752273174
21,MC_8,-0.17251651607891755
22,MC_8,-0.167238051273422
23,MC_8,-0.16224831411410542
24,MC_8,-0.15752992037488492
25,MC_8,-0.15306578036630736
26,MC_8,-0.14883931371499506
27,MC_8,-0.14483459379859803
28,MC_8,-0.14103644081316835
29,MC_8,-0.1374304770548226
30,MC_8,-0.13400315429139165
31,MC_8,-0.13074176051335648
32,MC_8,-0.12763441151753863
33,MC_8,-0.12467003145076991
34,MC_8,-0.12183832546570565
35,MC_8,-0.11912974691193019
36,MC_8,-0.1165354609320251
37,MC_8,-0.11404730590635562
38,MC_8,-0.11165775385887938
39,MC_8,-0.10935987067603876
40,MC_8,-0.10714727678511542
41,MC_8,-0.10501410877517024
42,MC_8,-0.10295498231383349
43,MC_8,-0.10096495660989661
44,MC_8,-0.09903950058963282
45,MC_8,-0.09717446088989144
46,MC_8,-0.095366031720015
47,MC_8,-0.09361072660488472
48,MC_8,-0.09190535199079491
49,MC_8,-0.09024698267266619
50,MC_8,-0.08863293898391444
51,MC_8,-0.08706076567795089
52,MC_8,-0.0855282124218362
53,MC_8,-0.08403321581727734
54,MC_8,-0.08257388286128706
55,MC_8,-0.08114847575789726
56,MC_8,-0.07975539799289834
57,MC_8,-0.07839318158530614
58,MC_8,-0.0770604754318484
59,MC_8,-0.07575603466397988
60,MC_8,-0.07447871094058939
61,MC_8,-0.07322744360349544
62,MC_8,-0.07200125162692403
63,MC_8,-0.07079922629632393
64,MC_8,-0.06962052455602169
65,MC_8,-0.06846436296930385
66,MC_8,-0.06733001223848016
67,MC_8,-0.0662167922363097
68,MC_8,-0.06512406750382752
69,MC_8,-0.06405124317309108
70,MC_8,-0.06299776127664664
71,MC_8,-0.061963097408613825
72,MC_8,-0.060946757705176886
73,MC_8,-0.059948276114980326
74,MC_8,-0.058967211932439485
75,MC_8,-0.05800314756931141
76,MC_8,-0.05705568654203337
77,MC_8,-0.056124451654328715
78,MC_8,-0.05520908335641946
79,MC_8,-0.05430923826387406
80,MC_8,-0.05342458782067056
1,L_8,-0.06956715421047342
2,L_8,-0.0636676560248909
3,L_8,-0.05159460732322553
4,L_8,-0.036979529395369394
5,L_8,-0.021927455915371395
6,L_8,-0.0076016607398734564
7,L_8,0.005409153574449745
8,L_8,0.016860481727134134
9,L_8,0.02670828996266322
10,L_8,0.03502006550393491
11,L_8,0.04192040185664819
12,L_8,0.047558278786343416
13,L_8,0.05208789929084495
14,L_8,0.0556579352974497
15,L_8,0.05840593283821157
16,L_8,0.06045583292876081
17,L_8,0.0619173287800894
18,L_8,0.06288626395496438
19,L_8,0.06344558185294995
20,L_8,0.06366652949892272
21,L_8,0.06360993938596307
22,L_8,0.06332748839313358
23,L_8,0.06286287928784821
24,L_8,0.062252918659261934
25,L_8,0.0615284820612392
26,L_8,0.06071536695035103
27,L_8,0.05983503939537279
28,L_8,0.058905283221171986
29,L_8,0.05794076130882199
30,L_8,0.05695349887991856
31,L_8,0.05595329816597112
32,L_8,0.05494809316160532
33,L_8,0.05394425233960899
34,L_8,0.05294683635914282
35,L_8,0.05195981697842243
36,L_8,0.05098626261788925
37,L_8,0.05002849532232568
38,L_8,0.0490882232445398
39,L_8,0.048166652217947636
40,L_8,0.04726457949658287
41,L_8,0.04638247231331675
42,L_8,0.04552053353441648
43,L_8,0.04467875636502174
44,L_8,0.043856969779970535
45,L_8,0.043054876112375046
46,L_8,0.0422720820236307
47,L_8,0.04150812389884128
48,L_8,0.0407624885571405
49,L_8,0.04003463003372336
50,L_8,0.03932398307661588
51,L_8,0.038629973903735695
52,L_8,0.03795202868238136
53,L_8,0.03728958012198547
54,L_8,0.036642072510085666
55,L_8,0.036008965469543144
56,L_8,0.035389736670805236
57,L_8,0.03478388369537308
58,L_8,0.034190925214655485
59,L_8,0.03361040162125199
60,L_8,0.03304187522671228
61,L_8,0.03248493012036441
62,L_8,0.031939171767371044
63,L_8,0.03140422641031875
64,L_8,0.030879740326987835
65,L_8,0.030365378987160734
66,L_8,0.02986082614312796
67,L_8,0.029365782881699335
68,L_8,0.02887996665982035
69,L_8,0.028403110341153785
70,L_8,0.027934961247064995
71,L_8,0.027475280232216803
72,L_8,0.02702384079232954
73,L_8,0.026580428209498585
74,L_8,0.0261448387387089
75,L_8,0.025716878837774876
76,L_8,0.02529636444180818
77,L_8,0.024883120282429005
78,L_8,0.02447697925124387
79,L_8,0.024077781806585423
80,L_8,0.023685375422113245
1,Y_9,-0.29943034042203
2,Y_9,-0.2879765015240066
3,Y_9,-0.26740106454976875
4,Y_9,-0.2428448554638263
5,Y_9,-0.21735992184530248
6,Y_9,-0.1926730407010745
7,Y_9,-0.16969571151664223
8,Y_9,-0.14884503021800796
9,Y_9,-0.1302447330919948
10,Y_9,-0.11385041114653692
11,Y_9,-0.09952682639162448
12,Y_9,-0.08709505140482798
13,Y_9,-0.07636066686916924
14,Y_9,-0.06713013148663864
15,Y_9,-0.05921982231321656
16,Y_9,-0.05246058295887255
17,Y_9,-0.04669956382103839
18,Y_9,-0.04180047110080525
19,Y_9,-0.03764291901411663
20,Y_9,-0.034121312879669796
21,Y_9,-0.031143522775061577
22,Y_9,-0.02862950206706682
23,Y_9,-0.026509939383230412
24,Y_9,-0.024724991919707822
25,Y_9,-0.023223123118787246
26,Y_9,-0.02196005282724286
27,Y_9,-0.020897819342543995
28,Y_9,-0.020003947913022836
29,Y_9,-0.01925071779296049
30,Y_9,-0.018614518927349378
31,Y_9,-0.01807528916615693
32,Y_9,-0.017616023217752384
33,Y_9,-0.017222345119139452
34,Y_9,-0.01688213668840022
35,Y_9,-0.016585215149413444
36,Y_9,-0.01632305383232793
37,Y_9,-0.01608854052887814
38,Y_9,-0.015875768706135728
39,Y_9,-0.01567985735043694
40,Y_9,-0.015496795724502821
41,Y_9,-0.01532330977736548
42,Y_9,-0.015156747352232165
43,Y_9,-0.014994979696127737
44,Y_9,-0.014836317091496352
45,Y_9,-0.014679436708267709
46,Y_9,-0.014523321019330503
47,Y_9,-0.014367205336712596
48,Y_9,-0.014210533213517423
49,Y_9,-0.014052918620939254
50,Y_9,-0.013894113953284607
51,Y_9,-0.01373398303934867
52,Y_9,-0.013572478447964576
53,Y_9,-0.01340962247100374
54,Y_9,-0.0132454912502993
55,Y_9,-0.013080201587410549
56,Y_9,-0.01291390003818584
57,Y_9,-0.012746753948900688
58,Y_9,-0.012578944138373066
59,Y_9,-0.012410658971809901
60,Y_9,-0.012242089608005454
61,Y_9,-0.01207342623260206
62,Y_9,-0.011904855117041164
63,Y_9,-0.011736556366119946
64,Y_9,-0.011568702237193853
65,Y_9,-0.01140145593143747
66,Y_9,-0.011234970772556719
67,Y_9,-0.011069389701246888
68,Y_9,-0.010904845024785842
69,Y_9,-0.010741458370684664
70,Y_9,-0.010579340801488686
71,Y_9,-0.010418593054822475
72,Y_9,-0.010259305878752125
73,Y_9,-0.010101560437642402
74,Y_9,-0.009945428768029355
75,Y_9,-0.00979097426772005
76,Y_9,-0.009638252204457935
77,Y_9,-0.009487310233133909
78,Y_9,-0.009338188912749611
79,Y_9,-0.00919092221620926
80,Y_9,-0.009045538027578378
1,PH_9,-0.03894302950109573
2,PH_9,-0.06737255584770434
3,PH_9,-0.08932744748579136
4,PH_9,-0.10638636380216233
5,PH_9,-0.11965799200964776
6,PH_9,-0.12993898005003096
7,PH_9,-0.13781733790074965
8,PH_9,-0.14373907277132167
9,PH_9,-0.1480514180953605
10,PH_9,-0.15103113705621712
11,PH_9,-0.15290328546478243
12,PH_9,-0.15385385432429569
13,PH_9,-0.15403846587549733
14,PH_9,-0.1535885059573254
15,PH_9,-0.15261557365491965
16,PH_9,-0.15121481077685403
17,PH_9,-0.14946747164724866
18,PH_9,-0.14744296545556532
19,PH_9,-0.14520052196886515
20,PH_9,-0.14279057964149536
21,PH_9,-0.1402559621856317
22,PH_9,-0.13763288860054582
23,PH_9,-0.13495184813100697
24,PH_9,-0.13223836286959237
25,PH_9,-0.1295136549834087
26,PH_9,-0.1267952317262359
27,PH_9,-0.12409739879367464
28,PH_9,-0.12143171075089679
29,PH_9,-0.11880736593259625
30,PH_9,-0.11623155220819358
31,PH_9,-0.11370974921261937
32,PH_9,-0.11124599199518213
33,PH_9,-0.10884310049276284
34,PH_9,-0.10650287876147352
35,PH_9,-0.10422628748548472
36,PH_9,-0.10201359291164289
37,PH_9,-0.09986449502621773
38,PH_9,-0.09777823749043323
39,PH_9,-0.09575370158055779
40,PH_9,-0.09378948613334259
41,PH_9,-0.09188397527614103
42,PH_9,-0.09003539552108358
43,PH_9,-0.0882418636224206
44,PH_9,-0.08650142643394501
45,PH_9,-0.08481209385774181
46,PH_9,-0.08317186584497047
47,PH_9,-0.08157875429264172
48,PH_9,-0.08003080057616391
49,PH_9,-0.07852608936464729
50,PH_9,-0.07706275928349357
51,PH_9,-0.07563901091566298
52,PH_9,-0.07425311256827974
53,PH_9,-0.07290340417406128
54,PH_9,-0.07158829964665842
55,PH_9,-0.07030628796465929
56,PH_9,-0.06905593322009275
57,PH_9,-0.06783587383317606
58,PH_9,-0.06664482110525387
59,PH_9,-0.06548155725588761
60,PH_9,-0.06434493306744163
61,PH_9,-0.06323386524088347
62,PH_9,-0.062147333549520026
63,PH_9,-0.06108437786271349
64,PH_9,-0.060044095098982765
65,PH_9,-0.059025636157043114
66,PH_9,-0.058028202864051213
67,PH_9,-0.05705104497240346
68,PH_9,-0.056093457229706795
69,PH_9,-0.05515477654085215
70,PH_9,-0.05423437923632818
71,PH_9,-0.053331678456901815
72,PH_9,-0.052446121661452086
73,PH_9,-0.05157718826198425
74,PH_9,-0.05072438738758783
75,PH_9,-0.04988725577726635
76,PH_9,-0.04906535580009244
77,PH_9,-0.048258273599978224
78,PH_9,-0.0474656173614475
79,PH_9,-0.046687015692114114
80,PH_9,-0.04592211611707307
1,MC_9,-0.1009030594377363
2,MC_9,-0.12822208529664297
3,MC_9,-0.14590688004387553
4,MC_9,-0.1569829937115884
5,MC_9,-0.16349003754458172
6,MC_9,-0.16681086315009316
7,MC_9,-0.16789492733313952
8,MC_9,-0.167402958715873
9,MC_9,-0.16580116516813562
10,MC_9,-0.16342300052807923
11,MC_9,-0.16051000263181076
12,MC_9,-0.15723906981855806
13,MC_9,-0.15374090049380695
14,MC_9,-0.15011263382745307
15,MC_9,-0.1464266519624498
16,MC_9,-0.14273681432858157
17,MC_9,-0.13908295224743278
18,MC_9,-0.1354941675067519
19,MC_9,-0.13199129498892304
20,MC_9,-0.12858877044078051
21,MC_9,-0.1252960669067235
22,MC_9,-0.12211881242616214
23,MC_9,-0.11905966786793254
24,MC_9,-0.11611902118792958
25,MC_9,-0.11329553907104963
26,MC_9,-0.11058660635910704
27,MC_9,-0.10798867626270889
28,MC_9,-0.10549754906400334
29,MC_9,-0.10310859315920473
30,MC_9,-0.10081691941902352
31,MC_9,-0.09861751766656755
32,MC_9,-0.09650536238856515
33,MC_9,-0.09447549347309735
34,MC_9,-0.09252307671333737
35,MC_9,-0.09064344796754951
36,MC_9,-0.08883214417470367
37,MC_9,-0.08708492385889041
38,MC_9,-0.08539777928922596
39,MC_9,-0.0837669420760755
40,MC_9,-0.08218888366442359
41,MC_9,-0.08066031191944263
42,MC_9,-0.07917816477842947
43,MC_9,-0.07773960175973152
44,MC_9,-0.07634199396688358
45,MC_9,-0.07498291309980244
46,MC_9,-0.07366011988029793
47,MC_9,-0.07237155221280449
48,MC_9,-0.07111531333014863
49,MC_9,-0.06988966011584827
50,MC_9,-0.06869299174679647
51,MC_9,-0.06752383876144212
52,MC_9,-0.06638085262726745
53,MC_9,-0.06526279585621465
54,MC_9,-0.06416853269668979
55,MC_9,-0.06309702041497506
56,MC_9,-0.06204730116657822
57,MC_9,-0.06101849444860923
58,MC_9,-0.06000979011717767
59,MC_9,-0.05902044194861973
60,MC_9,-0.05804976171971664
61,MC_9,-0.057097113779664005
62,MC_9,-0.0561619100851342
63,MC_9,-0.05524360566913734
64,MC_9,-0.05434169451436024
65,MC_9,-0.05345570580209861
66,MC_9,-0.05258520050868987
67,MC_9,-0.05172976832240008
68,MC_9,-0.050889024854946174
69,MC_9,-0.05006260912318307
70,MC_9,-0.049250181277903045
71,MC_9,-0.04845142055814554
72,MC_9,-0.04766602345086821
73,MC_9,-0.04689370203726149
74,MC_9,-0.0461341825083825
75,MC_9,-0.045387203834125006
76,MC_9,-0.04465251657082429
77,MC_9,-0.04392988179401101
78,MC_9,-0.043219070143972194
79,MC_9,-0.04251986097285271
80,MC_9,-0.04183204158303133
1,L_9,-0.03621094784180533
2,L_9,-0.026549719814509425
3,L_9,-0.017106463771782075
4,L_9,-0.008257425290701892
5,L_9,-0.0001941248073782023
6,L_9,0.007005463156146817
7,L_9,0.01333193469718084
8,L_9,0.018816055200492992
9,L_9,0.023510885914468874
10,L_9,0.02748060205456212
11,L_9,0.030793566268384323
12,L_9,0.03351810890868119
13,L_9,0.03572002952357765
14,L_9,0.03746119129259151
15,L_9,0.038798807161359306
16,L_9,0.039785160867100246
17,L_9,0.04046759811047573
18,L_9,0.040888681949005294
19,L_9,0.041086444180614815
20,L_9,0.04109468873173333
21,L_9,0.04094331873087788
22,L_9,0.04065866912512969
23,L_9,0.04026383334621621
24,L_9,0.03977897690463636
25,L_9,0.03922163368191509
26,L_9,0.038606982613472084
27,L_9,0.03794810373647435
28,L_9,0.037256213431272035
29,L_9,0.03654087925051703
30,L_9,0.035810215098371186
31,L_9,0.035071057754357066
32,L_9,0.03432912587362336
33,L_9,0.03358916266597015
34,L_9,0.03285506347960888
35,L_9,0.032129989506270114
36,L_9,0.03141646879194151
37,L_9,0.03071648568952184
38,L_9,0.030031559831388104
39,L_9,0.02936281563527797
40,L_9,0.028711043288956347
41,L_9,0.028076752090061288
42,L_9,0.02746021694894447
43,L_9,0.026861518795414284
44,L_9,0.02628057956590289
45,L_9,0.025717192386290267
46,L_9,0.025171047507805727
47,L_9,0.024641754499304398
48,L_9,0.024128861148879615
49,L_9,0.023631869481222766
50,L_9,0.023150249254311913
51,L_9,0.02268344925978032
52,L_9,0.022230906715531223
53,L_9,0.02179205500664456
54,L_9,0.021366330001169987
55,L_9,0.020953175140815242
56,L_9,0.020552045482613704
57,L_9,0.020162410846183552
58,L_9,0.019783758201978714
59,L_9,0.019415593418781688
60,L_9,0.019057442473421986
61,L_9,0.018708852212145455
62,L_9,0.018369390741050196
63,L_9,0.018038647512390826
64,L_9,0.017716233164196078
65,L_9,0.01740177916241688
66,L_9,0.01709493728760245
67,L_9,0.016795379001785855
68,L_9,0.016502794725746582
69,L_9,0.016216893052017692
70,L_9,0.015937399914838807
71,L_9,0.015664057734648934
72,L_9,0.015396624551600664
73,L_9,0.01513487315989961
74,L_9,0.014878590252478336
75,L_9,0.014627575583553515
76,L_9,0.014381641154948919
77,L_9,0.014140610430655506
78,L_9,0.013904317582911548
79,L_9,0.013672606772090342
80,L_9,0.013445331461855154
1,Y_10,-0.12813364102662778
2,Y_10,-0.15197933512538275
3,Y_10,-0.15347186989768413
4,Y_10,-0.14271766634792127
5,Y_10,-0.12587453317474506
6,Y_10,-0.10662456821591987
7,Y_10,-0.08710547777946674
8,Y_10,-0.06849964222196694
9,Y_10,-0.051405660588567596
10,Y_10,-0.036071771674882576
11,Y_10,-0.02254168105600537
12,Y_10,-0.010744940914509709
13,Y_10,-0.000552323580809885
14,Y_10,0.008190824036913694
15,Y_10,0.015645003394721434
16,Y_10,0.02196554324270213
17,Y_10,0.02729683466465591
18,Y_10,0.031769743925414894
19,Y_10,0.03550090061084324
20,Y_10,0.03859305046880476
21,Y_10,0.04113597359383735
22,Y_10,0.04320766488688431
23,Y_10,0.04487559695362701
24,Y_10,0.04619796246777168
25,Y_10,0.047224840516195986
26,Y_10,0.047999260381569146
27,Y_10,0.048558153487959305
28,Y_10,0.048933194209293505
29,Y_10,0.049151535693117
30,Y_10,0.04923644953764214
31,Y_10,0.049207879184519125
32,Y_10,0.0490829169463132
33,Y_10,0.04887621410743302
34,Y_10,0.048600332785197306
35,Y_10,0.04826604737391079
36,Y_10,0.047882602513356964
37,Y_10,0.0474579336769551
38,Y_10,0.046998855691509946
39,Y_10,0.046511223792087365
40,Y_10,0.04600007118499211
41,Y_10,0.045469726536780795
42,Y_10,0.044923914322602766
43,Y_10,0.044365840546507704
44,Y_10,0.04379826598288065
45,Y_10,0.04322356877516154
46,Y_10,0.04264379795918259
47,Y_10,0.04206071924805133
48,Y_10,0.04147585421835311
49,Y_10,0.04089051386896435
50,Y_10,0.04030582737993486
51,Y_10,0.03972276677621434
52,Y_10,0.039142168096421584
53,Y_10,0.03856474957776501
54,Y_10,0.03799112729235552
55,Y_10,0.037421828605572104
56,Y_10,0.03685730377217882
57,Y_10,0.03629793593912636
58,Y_10,0.03574404978418906
59,Y_10,0.03519591898574186
60,Y_10,0.03465377269019633
61,Y_10,0.03411780111912325
62,Y_10,0.03358816043725734
63,Y_10,0.03306497698485542
64,Y_10,0.03254835096279617
65,Y_10,0.03203835964597379
66,Y_10,0.03153506018960977
67,Y_10,0.031038492083801075
68,Y_10,0.030548679303697153
69,Y_10,0.030065632195941473
70,Y_10,0.02958934913625551
71,Y_10,0.029119817988129713
72,Y_10,0.028657017388394074
73,Y_10,0.028200917881859706
74,Y_10,0.027751482924164315
75,Y_10,0.02730866976933717
76,Y_10,0.02687243025635997
77,Y_10,0.026442711507081964
78,Y_10,0.026019456546203124
79,Y_10,0.02560260485262711
80,Y_10,0.025192092850273577
1,PH_10,-0.0675713280878976
2,PH_10,-0.11848264546581064
3,PH_10,-0.15742547640483573
4,PH_10,-0.18676093892735593
5,PH_10,-0.20839045978554502
6,PH_10,-0.22385060661306577
7,PH_10,-0.2343871666913138
8,PH_10,-0.2410120978387243
9,PH_10,-0.24454801814032184
10,PH_10,-0.24566343951388625
11,PH_10,-0.244900987938747
12,PH_10,-0.24270021198499223
13,PH_10,-0.239416147711705
14,PH_10,-0.23533450983756396
15,PH_10,-0.2306841701280702
16,PH_10,-0.2256474344814681
17,PH_10,-0.22036852099880574
18,PH_10,-0.21496055984201384
19,PH_10,-0.20951137364414826
20,PH_10,-0.2040882491173242
21,PH_10,-0.19874187256845594
22,PH_10,-0.19350957170666822
23,PH_10,-0.1884179816026486
24,PH_10,-0.18348523264495395
25,PH_10,-0.17872274188391307
26,PH_10,-0.17413667555168272
27,PH_10,-0.1697291392562541
28,PH_10,-0.16549914294694562
29,PH_10,-0.1614433799062794
30,PH_10,-0.15755685247105697
31,PH_10,-0.15383337170714867
32,PH_10,-0.15026595368034004
33,PH_10,-0.14684713113290826
34,PH_10,-0.14356919617068634
35,PH_10,-0.14042438688672754
36,PH_10,-0.13740502861042223
37,PH_10,-0.13450363860390901
38,PH_10,-0.13171300147114523
39,PH_10,-0.12902622124888571
40,PH_10,-0.1264367550708872
41,PH_10,-0.12393843240144217
42,PH_10,-0.12152546309203643
43,PH_10,-0.1191924369004493
44,PH_10,-0.11693431660391637
45,PH_10,-0.11474642641936386
46,PH_10,-0.11262443709935253
47,PH_10,-0.11056434878979
48,PH_10,-0.10856247250424544
49,PH_10,-0.10661541088109416
50,PH_10,-0.10472003873642191
51,PH_10,-0.10287348380152145
52,PH_10,-0.10107310793381719
53,PH_10,-0.09931648900990744
54,PH_10,-0.09760140364557542
55,PH_10,-0.09592581083714552
56,PH_10,-0.09428783657900702
57,PH_10,-0.09268575948146134
58,PH_10,-0.09111799738959875
59,PH_10,-0.08958309498628438
60,PH_10,-0.0880797123493928
61,PH_10,-0.08660661442423083
62,PH_10,-0.08516266136586317
63,PH_10,-0.08374679970216718
64,PH_10,-0.08235805426638439
65,PH_10,-0.08099552084728003
66,PH_10,-0.07965835950543745
67,PH_10,-0.0783457885054215
68,PH_10,-0.0770570788153296
69,PH_10,-0.07579154912743516
70,PH_10,-0.07454856135607534
71,PH_10,-0.07332751657153982
72,PH_10,-0.07212785133139128
73,PH_10,-0.07094903437332883
74,PH_10,-0.06979056363634616
75,PH_10,-0.06865196357949632
76,PH_10,-0.06753278277003558
77,PH_10,-0.06643259171505697
78,PH_10,-0.06535098091293229
79,PH_10,-0.06428755910295246
80,PH_10,-0.06324195169348844
1,MC_10,-0.3047531063906555
2,MC_10,-0.3317587864315726
3,MC_10,-0.3414463310759829
4,MC_10,-0.340715890069216
5,MC_10,-0.3339207237861893
6,MC_10,-0.3237859803565475
7,MC_10,-0.3120029966447209
8,MC_10,-0.2996076636567607
9,MC_10,-0.2872213106982103
10,MC_10,-0.2752040378440214
11,MC_10,-0.2637522796907036
12,MC_10,-0.25296083698265104
13,MC_10,-0.24286226452101478
14,MC_10,-0.2334518263452279
15,MC_10,-0.2247032510985736
16,MC_10,-0.21657862384699766
17,MC_10,-0.20903454232330004
18,MC_10,-0.202025895506864
19,MC_10,-0.195508131460987
20,MC_10,-0.1894385681334902
21,MC_10,-0.1837771008926471
22,MC_10,-0.17848653285648597
23,MC_10,-0.17353267242532233
24,MC_10,-0.16888429018156143
25,MC_10,-0.16451299385637086
26,MC_10,-0.16039305860669434
27,MC_10,-0.1565012360764144
28,MC_10,-0.15281655687242582
29,MC_10,-0.14932013540590794
30,MC_10,-0.14599498240237238
31,MC_10,-0.14282582804770852
32,MC_10,-0.13979895724715408
33,MC_10,-0.1369020575311777
34,MC_10,-0.1341240795541409
35,MC_10,-0.131455109773768
36,MC_10,-0.12888625469115228
37,MC_10,-0.12640953591968976
38,MC_10,-0.12401779530259167
39,MC_10,-0.12170460928997393
40,MC_10,-0.11946421180309053
41,MC_10,-0.11729142484528254
42,MC_10,-0.11518159616016367
43,MC_10,-0.11313054328314934
44,MC_10,-0.11113450337984965
45,MC_10,-0.10919008831219579
46,MC_10,-0.10729424441929573
47,MC_10,-0.10544421654413964
48,MC_10,-0.10363751587897771
49,MC_10,-0.10187189124121905
50,MC_10,-0.1001453034279724
51,MC_10,-0.0984559023308569
52,MC_10,-0.09680200652352636
53,MC_10,-0.09518208506257984
54,MC_10,-0.09359474126830715
55,MC_10,-0.09203869827518657
56,MC_10,-0.09051278616337485
57,MC_10,-0.08901593050175471
58,MC_10,-0.08754714215059373
59,MC_10,-0.08610550818766441
60,MC_10,-0.08469018383592523
61,MC_10,-0.08330038528369958
62,MC_10,-0.0819353832998371
63,MC_10,-0.08059449755672318
64,MC_10,-0.07927709158332241
65,MC_10,-0.07798256827880305
66,MC_10,-0.07671036592478077
67,MC_10,-0.07545995464093552
68,MC_10,-0.07423083323475635
69,MC_10,-0.07302252640154734
70,MC_10,-0.07183458223562159
71,MC_10,-0.07066657001790777
72,MC_10,-0.06951807824901486
73,MC_10,-0.06838871290022383
74,MC_10,-0.06727809585791977
75,MC_10,-0.06618586353969558
76,MC_10,-0.06511166566277991
77,MC_10,-0.06405516414759903
78,MC_10,-0.06301603214120313
79,MC_10,-0.06199395314699595
80,MC_10,-0.06098862024872885
1,L_10,0.033160740529422285
2,L_10,0.007727251482499881
3,L_10,-0.0008951923853146792
4,L_10,5.859221285889914e-5
5,L_10,0.006134422607533782
6,L_10,0.014627815238338171
7,L_10,0.023932202926570872
8,L_10,0.03312548397827609
9,L_10,0.04170830406443653
10,L_10,0.04943888105674838
11,L_10,0.056229202452357546
12,L_10,0.06208018622383343
13,L_10,0.06704153108506727
14,L_10,0.07118716848744754
15,L_10,0.07460053501748427
16,L_10,0.07736599152952735
17,L_10,0.0795640586130582
18,L_10,0.08126899376453899
19,L_10,0.08254778048647173
20,L_10,0.08345994609206736
21,L_10,0.08405784509412417
22,L_10,0.08438718453621392
23,L_10,0.08448765572940686
24,L_10,0.08439359225144102
25,L_10,0.0841346086567576
26,L_10,0.08373619573382726
27,L_10,0.08322026117742878
28,L_10,0.08260561230761947
29,L_10,0.08190838193160158
30,L_10,0.08114240086053846
31,L_10,0.08031952175407839
32,L_10,0.07944989937236456
33,L_10,0.07854223228384381
34,L_10,0.07760397080379952
35,L_10,0.07664149554435261
36,L_10,0.07566027051502865
37,L_10,0.07466497426704297
38,L_10,0.07365961214848567
39,L_10,0.07264761234415011
40,L_10,0.07163190801824962
41,L_10,0.07061500756185529
42,L_10,0.06959905466826802
43,L_10,0.06858587971611164
44,L_10,0.06757704372849782
45,L_10,0.06657387599377522
46,L_10,0.06557750627581461
47,L_10,0.0645888924063596
48,L_10,0.06360884393583141
49,L_10,0.06263804241953654
50,L_10,0.061677058831200386
51,L_10,0.06072636852313196
52,L_10,0.05978636409035689
53,L_10,0.058857366443213696
54,L_10,0.05793963434787742
55,L_10,0.05703337265591447
56,L_10,0.05613873941130889
57,L_10,0.055255851995595226
58,L_10,0.05438479244806706
59,L_10,0.05352561207789113
60,L_10,0.052678335467820143
61,L_10,0.05184296395461249
62,L_10,0.051019478658859495
63,L_10,0.05020784312635628
64,L_10,0.04940800563416199
65,L_10,0.04861990120683966
66,L_10,0.04784345338184511
67,L_10,0.04707857575747879
68,L_10,0.046325173352079425
69,L_10,0.045583143799099925
70,L_10,0.04485237839926042
71,L_10,0.0441327630480316
72,L_10,0.04342417905418814
73,L_10,0.04272650386302348
74,L_10,0.04203961169597815
75,L_10,0.04136337411685931
76,L_10,0.040697660533478876
77,L_10,0.04004233864237933
78,L_10,0.039397274823320436
79,L_10,0.03876233448934451
80,L_10,0.03813738239749953
1,Y_11,-0.3232592959566329
2,Y_11,-0.28748119622475415
3,Y_11,-0.2500343530562217
4,Y_11,-0.21358107186832026
5,Y_11,-0.17959475280516748
6,Y_11,-0.14876224221407783
7,Y_11,-0.12130341437549404
8,Y_11,-0.09717004869880133
9,Y_11,-0.07616851613135898
10,Y_11,-0.05803450582515022
11,Y_11,-0.04247768050958041
12,Y_11,-0.02920758106199293
13,Y_11,-0.01794793142070721
14,Y_11,-0.008443849769470366
15,Y_11,-0.0004647950539661478
16,Y_11,0.006194983877836721
17,Y_11,0.011717400409571534
18,Y_11,0.016262210768820073
19,Y_11,0.019969016424990448
20,Y_11,0.022959348093489092
21,Y_11,0.025338694685196436
22,Y_11,0.0271984042946706
23,Y_11,0.028617423049606603
24,Y_11,0.02966386068918372
25,Y_11,0.030396385012475245
26,Y_11,0.030865454575055178
27,Y_11,0.031114402565433255
28,Y_11,0.031180386139855226
29,Y_11,0.031095215556317866
30,Y_11,0.030886076797533756
31,Y_11,0.030576160357995544
32,Y_11,0.03018520770313604
33,Y_11,0.02972998571280685
34,Y_11,0.029224698266833344
35,Y_11,0.028681343053964307
36,Y_11,0.028110020703703758
37,Y_11,0.0275192024579472
38,Y_11,0.026915961813878644
39,Y_11,0.02630617487537281
40,Y_11,0.025694693539603436
41,Y_11,0.025085495110468394
42,Y_11,0.02448181146267407
43,Y_11,0.023886240472131837
44,Y_11,0.023300842072596355
45,Y_11,0.022727220988759077
46,Y_11,0.02216659792653993
47,Y_11,0.02161987076696681
48,Y_11,0.021087667106305424
49,Y_11,0.02057038930802431
50,Y_11,0.02006825307830394
51,Y_11,0.019581320443092118
52,Y_11,0.019109527888539465
53,Y_11,0.018652710325722695
54,Y_11,0.018210621452882693
55,Y_11,0.017782951012235926
56,Y_11,0.017369339372250107
57,Y_11,0.016969389808798065
58,Y_11,0.016582678808681015
59,Y_11,0.01620876467565044
60,Y_11,0.01584719468140046
61,Y_11,0.01549751097130181
62,Y_11,0.015159255406253803
63,Y_11,0.014831973497384118
64,Y_11,0.014515217568929867
65,Y_11,0.014208549266068515
66,Y_11,0.013911541508360572
67,Y_11,0.013623779975496074
68,Y_11,0.013344864199925366
69,Y_11,0.013074408330457829
70,Y_11,0.012812041621818131
71,Y_11,0.012557408697275533
72,Y_11,0.012310169624647767
73,Y_11,0.012069999840086642
74,Y_11,0.011836589948959319
75,Y_11,0.01160964542873958
76,Y_11,0.011388886255027384
77,Y_11,0.011174046468542207
78,Y_11,0.010964873698117454
79,Y_11,0.010761128652299784
80,Y_11,0.010562584590073091
1,PH_11,-0.05187345277594177
2,PH_11,-0.09140154174260541
3,PH_11,-0.12276947187118527
4,PH_11,-0.14773701883186258
5,PH_11,-0.16760081115115247
6,PH_11,-0.18333706264750452
7,PH_11,-0.19569753667152537
8,PH_11,-0.2052732989916966
9,PH_11,-0.21253764233066663
10,PH_11,-0.21787545944309447
11,PH_11,-0.22160372865867956
12,PH_11,-0.22398611116028658
13,PH_11,-0.22524359726044202
14,PH_11,-0.22556246017706466
15,PH_11,-0.22510034096703133
16,PH_11,-0.22399100883784806
17,PH_11,-0.22234816075599606
18,PH_11,-0.22026850731548056
19,PH_11,-0.21783431543977616
20,PH_11,-0.2151155281496254
21,PH_11,-0.2121715480792141
22,PH_11,-0.20905274874932023
23,PH_11,-0.20580176202215694
24,PH_11,-0.20245457923919824
25,PH_11,-0.19904149571579238
26,PH_11,-0.195587922522838
27,PH_11,-0.1921150851677285
28,PH_11,-0.18864062546237426
29,PH_11,-0.18517912024943622
30,PH_11,-0.18174252855721362
31,PH_11,-0.17834057703838185
32,PH_11,-0.17498109212745258
33,PH_11,-0.17167028616235772
34,PH_11,-0.16841300371051118
35,PH_11,-0.16521293348462615
36,PH_11,-0.16207279050226409
37,PH_11,-0.15899447251516932
38,PH_11,-0.15597919419370126
39,PH_11,-0.15302760208498842
40,PH_11,-0.15013987296000325
41,PH_11,-0.1473157978156096
42,PH_11,-0.14455485349520378
43,PH_11,-0.14185626362943735
44,PH_11,-0.13921905037121474
45,PH_11,-0.13664207820200405
46,PH_11,-0.13412409091545918
47,PH_11,-0.13166374273594486
48,PH_11,-0.12925962440078662
49,PH_11,-0.1269102849233293
50,PH_11,-0.12461424965693821
51,PH_11,-0.12237003519596311
52,PH_11,-0.12017616157671487
53,PH_11,-0.118031162178215
54,PH_11,-0.1159335916675919
55,PH_11,-0.11388203228741234
56,PH_11,-0.11187509874098854
57,PH_11,-0.10991144189596394
58,PH_11,-0.10798975149551925
59,PH_11,-0.1061087580397366
60,PH_11,-0.10426723397645911
61,PH_11,-0.10246399432091403
62,PH_11,-0.1006978968060178
63,PH_11,-0.09896784165028887
64,PH_11,-0.0972727710173514
65,PH_11,-0.09561166822984493
66,PH_11,-0.09398355679092922
67,PH_11,-0.0923874992582841
68,PH_11,-0.09082259600837159
69,PH_11,-0.0892879839226014
70,PH_11,-0.08778283502178198
71,PH_11,-0.08630635507073367
72,PH_11,-0.08485778217108768
73,PH_11,-0.08343638535700232
74,PH_11,-0.08204146320572506
75,PH_11,-0.08067234247254415
76,PH_11,-0.07932837675765277
77,PH_11,-0.07800894521074002
78,PH_11,-0.07671345127768284
79,PH_11,-0.07544132149250533
80,PH_11,-0.0741920043167622
1,MC_11,-0.40633696006775927
2,MC_11,-0.4232768857882928
3,MC_11,-0.42233270765265807
4,MC_11,-0.41132274671517244
5,MC_11,-0.3950835152022468
6,MC_11,-0.3765444406625592
7,MC_11,-0.35744060024083363
8,MC_11,-0.33876368717101113
9,MC_11,-0.32104678232421585
10,MC_11,-0.3045436788122617
11,MC_11,-0.2893413645620918
12,MC_11,-0.27543018876893227
13,MC_11,-0.26274728708415074
14,MC_11,-0.25120315025318923
15,MC_11,-0.24069760439566193
16,MC_11,-0.2311291731605422
17,MC_11,-0.22240033241260995
18,MC_11,-0.21442024153644948
19,MC_11,-0.20710594767882076
20,MC_11,-0.20038268679213203
21,MC_11,-0.1941836696625546
22,MC_11,-0.1884495922773291
23,MC_11,-0.18312801616708782
24,MC_11,-0.17817270557777617
25,MC_11,-0.17354297166580884
26,MC_11,-0.16920305122920556
27,MC_11,-0.1651215336197892
28,MC_11,-0.16127084115022736
29,MC_11,-0.15762676343887114
30,MC_11,-0.1541680434120296
31,MC_11,-0.15087601127890127
32,MC_11,-0.1477342621875892
33,MC_11,-0.1447283731349224
34,MC_11,-0.1418456548350186
35,MC_11,-0.13907493452629316
36,MC_11,-0.13640636603772122
37,MC_11,-0.13383126379713764
38,MC_11,-0.13134195782096955
39,MC_11,-0.12893166706173134
40,MC_11,-0.12659438879979631
41,MC_11,-0.12432480204674298
42,MC_11,-0.12211818317883257
43,MC_11,-0.1199703322422274
44,MC_11,-0.1178775085684633
45,MC_11,-0.11583637451180508
46,MC_11,-0.11384394627187926
47,MC_11,-0.11189755089774242
48,MC_11,-0.10999478868551449
49,MC_11,-0.1081335002828919
50,MC_11,-0.10631173790208094
51,MC_11,-0.10452774011956402
52,MC_11,-0.10277990980808067
53,MC_11,-0.10106679480452142
54,MC_11,-0.09938707096821874
55,MC_11,-0.09773952732833688
56,MC_11,-0.09612305305756882
57,MC_11,-0.09453662604288006
58,MC_11,-0.09297930285324445
59,MC_11,-0.0914502099297542
60,MC_11,-0.0899485358456535
61,MC_11,-0.08847352450315424
62,MC_11,-0.08702446915073025
63,MC_11,-0.0856007071192602
64,MC_11,-0.08420161518818646
65,MC_11,-0.08282660550402203
66,MC_11,-0.0814751219832743
67,MC_11,-0.08014663714035844
68,MC_11,-0.07884064928848857
69,MC_11,-0.07755668006801895
70,MC_11,-0.07629427226236422
71,MC_11,-0.07505298786657506
72,MC_11,-0.07383240637796783
73,MC_11,-0.07263212328198344
74,MC_11,-0.07145174870975982
75,MC_11,-0.07029090624678902
76,MC_11,-0.06914923187456379
77,MC_11,-0.06802637302933072
78,MC_11,-0.06692198776400735
79,MC_11,-0.06583574400101933
80,MC_11,-0.06476731886530211
1,L_11,-0.21275669565008595
2,L_11,-0.17366818179392865
3,L_11,-0.1380462541393614
4,L_11,-0.10626395723866626
5,L_11,-0.07833249504120621
6,L_11,-0.054063136357025164
7,L_11,-0.033166444162970245
8,L_11,-0.015311817202969874
9,L_11,-0.00016227932344449377
10,L_11,0.01260605319305805
11,L_11,0.023293887655563263
12,L_11,0.032174327919707514
13,L_11,0.039491777494047656
14,L_11,0.04546272995315582
15,L_11,0.05027756066967042
16,L_11,0.05410278351329851
17,L_11,0.05708345468829458
18,L_11,0.05934554159225519
19,L_11,0.060998158106738386
20,L_11,0.062135618477512755
21,L_11,0.06283929218554465
22,L_11,0.06317925970335206
23,L_11,0.06321577866218597
24,L_11,0.06300057479462469
25,L_11,0.06257797398666917
26,L_11,0.0619858920697234
27,L_11,0.061256698344964465
28,L_11,0.06041796771211416
29,L_11,0.05949313494307186
30,L_11,0.058502063257661815
31,L_11,0.057461538013949036
32,L_11,0.05638569506675075
33,L_11,0.05528639219706514
34,L_11,0.05417353097896655
35,L_11,0.053055335527247324
36,L_11,0.05193859375225845
37,L_11,0.050828866029312955
38,L_11,0.04973066555916756
39,L_11,0.04864761414401303
40,L_11,0.04758257662109253
41,L_11,0.04653777677520751
42,L_11,0.04551489718446886
43,L_11,0.0445151651339637
44,L_11,0.043539426453588485
45,L_11,0.042588208893885704
46,L_11,0.041661776442703004
47,L_11,0.04076017580183102
48,L_11,0.03988327608293727
49,L_11,0.0390308026430258
50,L_11,0.0382023658586203
51,L_11,0.0373974855325664
52,L_11,0.036615611535728496
53,L_11,0.03585614120615323
54,L_11,0.035118433958937136
55,L_11,0.03440182349973193
56,L_11,0.03370562798237142
57,L_11,0.03302915840549926
58,L_11,0.03237172550342554
59,L_11,0.03173264535197461
60,L_11,0.031111243880132842
61,L_11,0.030506860452282496
62,L_11,0.029918850663203825
63,L_11,0.02934658846840243
64,L_11,0.02878946775528392
65,L_11,0.02824690344592006
66,L_11,0.02771833220933425
67,L_11,0.027203212850127015
68,L_11,0.02670102643064015
69,L_11,0.026211276175529732
70,L_11,0.025733487200413088
71,L_11,0.025267206100027362
72,L_11,0.02481200042595957
73,L_11,0.02436745807936863
74,L_11,0.023933186640120292
75,L_11,0.023508812650315934
76,L_11,0.023093980867235395
77,L_11,0.02268835349817621
78,L_11,0.022291609427493857
79,L_11,0.021903443444287293
80,L_11,0.02152356547758419
1,Y_12,-0.22548355968651104
2,Y_12,-0.22951969437716224
3,Y_12,-0.21876381389205646
4,Y_12,-0.2002428491074717
5,Y_12,-0.17831898787261535
6,Y_12,-0.15557346467837796
7,Y_12,-0.13347760469045875
8,Y_12,-0.11281745087791631
9,Y_12,-0.0939616715193258
10,Y_12,-0.07702989156472001
11,Y_12,-0.06199784149193915
12,Y_12,-0.04876249215121148
13,Y_12,-0.0371819158034993
14,Y_12,-0.027099243183598663
15,Y_12,-0.01835666537639099
16,Y_12,-0.010803250837820254
17,Y_12,-0.004298961444179761
18,Y_12,0.0012836302486164616
19,Y_12,0.006058980451725796
20,Y_12,0.010128983462428034
21,Y_12,0.0135837888559796
22,Y_12,0.01650280641159741
23,Y_12,0.01895576775729136
24,Y_12,0.0210037693681772
25,Y_12,0.022700255998029262
26,Y_12,0.024091924673090456
27,Y_12,0.025219541996615136
28,Y_12,0.026118674856553885
29,Y_12,0.026820338697202895
30,Y_12,0.027351569573529598
31,Y_12,0.02773592705155187
32,Y_12,0.027993935149618752
33,Y_12,0.028143468245095234
34,Y_12,0.028200088390683043
35,Y_12,0.028177339910910846
36,Y_12,0.028087006551283232
37,Y_12,0.02793933586969275
38,Y_12,0.027743235013155156
39,Y_12,0.027506441522734355
40,Y_12,0.027235672359018664
41,Y_12,0.026936753939138584
42,Y_12,0.02661473562143204
43,Y_12,0.026273988761740013
44,Y_12,0.025918293191841225
45,Y_12,0.02555091273156486
46,Y_12,0.025174661137691658
47,Y_12,0.024791959711201773
48,Y_12,0.02440488762642341
49,Y_12,0.024015225908205873
50,Y_12,0.02362449586373595
51,Y_12,0.02323399267172416
52,Y_12,0.022844814741356932
53,Y_12,0.022457889374871257
54,Y_12,0.02207399519930434
55,Y_12,0.02169378177355481
56,Y_12,0.02131778672519146
57,Y_12,0.020946450726442148
58,Y_12,0.020580130579612072
59,Y_12,0.020219110648043794
60,Y_12,0.019863612838986328
61,Y_12,0.01951380531880773
62,Y_12,0.019169810118365327
63,Y_12,0.01883170976661419
64,Y_12,0.018499553073304104
65,Y_12,0.018173360166571076
66,Y_12,0.017853126878083138
67,Y_12,0.0175388285569111
68,Y_12,0.017230423383247335
69,Y_12,0.016927855244306938
70,Y_12,0.01663105622705392
71,Y_12,0.01633994877566054
72,Y_12,0.016054447555711584
73,Y_12,0.015774461061996592
74,Y_12,0.015499893002205434
75,Y_12,0.015230643484872361
76,Y_12,0.014966610036430432
77,Y_12,0.014707688469185376
78,Y_12,0.014453773619335562
79,Y_12,0.01420475997181407
80,Y_12,0.013960542186662012
1,PH_12,-0.04884161508449952
2,PH_12,-0.08609438449739823
3,PH_12,-0.11585684195038402
4,PH_12,-0.1397949727421649
5,PH_12,-0.15911332324893937
6,PH_12,-0.17470249884109282
7,PH_12,-0.18723735022905938
8,PH_12,-0.19724144742015662
9,PH_12,-0.20512987056876883
10,PH_12,-0.21123799138281238
11,PH_12,-0.2158411491526099
12,PH_12,-0.21916836295641268
13,PH_12,-0.22141209885216812
14,PH_12,-0.22273539475180923
15,PH_12,-0.22327718816718503
16,PH_12,-0.22315639909431462
17,PH_12,-0.2224751322207294
18,PH_12,-0.22132124141859721
19,PH_12,-0.21977042096615224
20,PH_12,-0.21788793674596316
21,PH_12,-0.21573007700681476
22,PH_12,-0.21334537990154523
23,PH_12,-0.2107756799388452
24,PH_12,-0.20805700516248837
25,PH_12,-0.2052203496617179
26,PH_12,-0.2022923408700085
27,PH_12,-0.1992958173470707
28,PH_12,-0.19625032991973373
29,PH_12,-0.1931725768927698
30,PH_12,-0.19007678234031775
31,PH_12,-0.18697502512506112
32,PH_12,-0.18387752517940656
33,PH_12,-0.18079289266103116
34,PH_12,-0.17772834482235503
35,PH_12,-0.17468989477949787
36,PH_12,-0.17168251580875854
37,PH_12,-0.16871028432069887
38,PH_12,-0.16577650425041363
39,PH_12,-0.16288381524713436
40,PH_12,-0.160034286738561
41,PH_12,-0.15722949967834676
42,PH_12,-0.1544706175532552
43,PH_12,-0.15175844802482977
44,PH_12,-0.14909349640488698
45,PH_12,-0.14647601201126526
46,PH_12,-0.1439060283170435
47,PH_12,-0.14138339769030023
48,PH_12,-0.13890782142019542
49,PH_12,-0.13647887563679123
50,PH_12,-0.13409603365491624
51,PH_12,-0.1317586852050685
52,PH_12,-0.12946615295559086
53,PH_12,-0.12721770667903556
54,PH_12,-0.12501257537082064
55,PH_12,-0.12284995758913121
56,PH_12,-0.12072903025081709
57,PH_12,-0.11864895608815537
58,PH_12,-0.11660888994523222
59,PH_12,-0.11460798406987778
60,PH_12,-0.11264539253714323
61,PH_12,-0.11072027492287696
62,PH_12,-0.10883179933072154
63,PH_12,-0.106979144862536
64,PH_12,-0.10516150361061043
65,PH_12,-0.10337808223986777
66,PH_12,-0.10162810321936006
67,PH_12,-0.09991080575459972
68,PH_12,-0.09822544646548213
69,PH_12,-0.0965712998486293
70,PH_12,-0.09494765855780947
71,PH_12,-0.09335383353157001
72,PH_12,-0.09178915399327739
73,PH_12,-0.09025296734531887
74,PH_12,-0.08874463897622036
75,PH_12,-0.08726355199682066
76,PH_12,-0.08580910691936451
77,PH_12,-0.08438072129139361
78,PH_12,-0.08297782929459012
79,PH_12,-0.0815998813172268
80,PH_12,-0.08024634350757537
1,MC_12,-0.43289520457621034
2,MC_12,-0.45387923367957567
3,MC_12,-0.4540035936378367
4,MC_12,-0.44233519267426535
5,MC_12,-0.42448682385122055
6,MC_12,-0.4038672575689276
7,MC_12,-0.3825029272325507
8,MC_12,-0.36155829529166233
9,MC_12,-0.34166480940524496
10,MC_12,-0.3231283304726238
11,MC_12,-0.3060594599317115
12,MC_12,-0.2904550061005783
13,MC_12,-0.2762485346307247
14,MC_12,-0.26334140122731436
15,MC_12,-0.2516215015910486
16,MC_12,-0.24097432653131082
17,MC_12,-0.23128922761961312
18,MC_12,-0.22246272961985405
19,MC_12,-0.21440004697896728
20,MC_12,-0.20701553085130633
21,MC_12,-0.20023250010002802
22,MC_12,-0.1939827369806047
23,MC_12,-0.1882058191929149
24,MC_12,-0.1828483914245272
25,MC_12,-0.17786343660191603
26,MC_12,-0.1732095804095653
27,MC_12,-0.16885044624877452
28,MC_12,-0.16475406788938263
29,MC_12,-0.1608923612073067
30,MC_12,-0.15724065307021096
31,MC_12,-0.15377726366562192
32,MC_12,-0.15048313774999036
33,MC_12,-0.14734152004981008
34,MC_12,-0.1443376701269818
35,MC_12,-0.14145861228126214
36,MC_12,-0.13869291641160436
37,MC_12,-0.13603050614045492
38,MC_12,-0.13346249088840098
39,MC_12,-0.13098101895287936
40,MC_12,-0.1285791489846633
41,MC_12,-0.12625073756550087
42,MC_12,-0.12399034086876441
43,MC_12,-0.12179312863320028
44,MC_12,-0.1196548088997923
45,MC_12,-0.11757156215571343
46,MC_12,-0.1155399836998725
47,MC_12,-0.11355703319415124
48,MC_12,-0.11161999049542023
49,MC_12,-0.10972641697799485
50,MC_12,-0.10787412165632511
51,MC_12,-0.10606113150516033
52,MC_12,-0.10428566545077794
53,MC_12,-0.10254611157350224
54,MC_12,-0.10084100711989148
55,MC_12,-0.0991690209737122
56,MC_12,-0.09752893827910511
57,MC_12,-0.0959196469479863
58,MC_12,-0.09434012581745232
59,MC_12,-0.09278943425239958
60,MC_12,-0.09126670301426383
61,MC_12,-0.08977112623922948
62,MC_12,-0.088301954388851
63,MC_12,-0.08685848805315567
64,MC_12,-0.08544007250124391
65,MC_12,-0.08404609288748174
66,MC_12,-0.08267597003280149
67,MC_12,-0.08132915671061482
68,MC_12,-0.08000513437558186
69,MC_12,-0.07870341028111563
70,MC_12,-0.07742351493819064
71,MC_12,-0.07616499987387275
72,MC_12,-0.07492743565311012
73,MC_12,-0.07371041013180676
74,MC_12,-0.07251352691313041
75,MC_12,-0.07133640398244187
76,MC_12,-0.07017867249925111
77,MC_12,-0.06903997572724214
78,MC_12,-0.06791996808572882
79,MC_12,-0.06681831430792691
80,MC_12,-0.06573468869321458
1,L_12,-0.12826010451418773
2,L_12,-0.13104936223257255
3,L_12,-0.12265843163420867
4,L_12,-0.10848463165484463
5,L_12,-0.09181602815549758
6,L_12,-0.07459792100300724
7,L_12,-0.0579379975708607
8,L_12,-0.04242631505287752
9,L_12,-0.028337397330185476
10,L_12,-0.015757354869619093
11,L_12,-0.004663382025209304
12,L_12,0.005026937341249827
13,L_12,0.013425415273157415
14,L_12,0.020655072892393857
15,L_12,0.026839492363352653
16,L_12,0.03209685948193372
17,L_12,0.036536893979321916
18,L_12,0.04025953000037099
19,L_12,0.04335463232041565
20,L_12,0.04590230251634899
21,L_12,0.04797349953687862
22,L_12,0.04963080666772506
23,L_12,0.050929244560060934
24,L_12,0.05191707232394817
25,L_12,0.052636544950828736
26,L_12,0.05312461142477861
27,L_12,0.053413547569922025
28,L_12,0.053531523351119506
29,L_12,0.0535031075140084
30,L_12,0.05334971407965605
31,L_12,0.05308999590515047
32,L_12,0.0527401906656277
33,L_12,0.05231442444351068
34,L_12,0.05182497777425055
35,L_12,0.051282518584346175
36,L_12,0.05069630602041687
37,L_12,0.05007436873852633
38,L_12,0.0494236608176658
39,L_12,0.048750198088536874
40,L_12,0.04805917733159442
41,L_12,0.047355080496735175
42,L_12,0.0466417658293924
43,L_12,0.045922547551596346
44,L_12,0.04520026553889005
45,L_12,0.04447734625190844
46,L_12,0.04375585602208313
47,L_12,0.04303754765166644
48,L_12,0.04232390116666167
49,L_12,0.04161615945511112
50,L_12,0.040915359430601025
51,L_12,0.040222359280068905
52,L_12,0.03953786228453932
53,L_12,0.038862437639947144
54,L_12,0.038196538651573006
55,L_12,0.037540518628808923
56,L_12,0.03689464476611149
57,L_12,0.03625911026031811
58,L_12,0.035634044883336276
59,L_12,0.03501952420198204
60,L_12,0.03441557761293978
61,L_12,0.0338221953400008
62,L_12,0.03323933452253348
63,L_12,0.03266692450820583
64,L_12,0.0321048714490387
65,L_12,0.031553062287657765
66,L_12,0.03101136820991966
67,L_12,0.03047964763071635
68,L_12,0.029957748771551773
69,L_12,0.02944551188128375
70,L_12,0.02894277114511234
71,L_12,0.028449356321356287
72,L_12,0.027965094140702355
73,L_12,0.02748980949834595
74,L_12,0.02702332646570075
75,L_12,0.026565469145067674
76,L_12,0.026116062387769166
77,L_12,0.025674932393720224
78,L_12,0.02524190720818301
79,L_12,0.024816817129496613
80,L_12,0.024399495039856868
