c1,c2,c3,c4,c5,c6,c7,c8,c9,c10,c11,c12,c13,c14,c15,c16,c17,c18,c19,c20,c21,c22,c23,c24,c25,c26,c27,c28,c29,c30,c31,c32,c33,c34,c35,c36,c37,c38,c39,c40,c41,c42,c43,c44,c45,c46,c47,c48,c49,c50,c51,c52,c53,c54,c55,c56,c57,c58,c59,c60,c61,c62,c63,c64,c65,c66,c67,c68,c69,c70,c71,c72,c73,c74,c75,c76,c77,c78,c79,c80
0.09999999999999984,-2.5844114875815117e-18,0.0,0.0,0.0,0.0,0.0,0.0,0.0,0.0,0.0,0.0,0.0,1.835476159907621e-17,4.017585008292798e-18,0.0,0.0,0.0,0.0,0.0,0.0,0.0,0.0,0.0,0.0,0.0,0.0,0.0,0.0,0.0,0.0,0.0,0.0,0.0,0.0,0.0,0.0,0.0,0.0,-3.0012777144919486e-18,-1.716992740228236e-18,-3.1374434097820392e-18,-3.9591777399814004e-18,6.337402291920028e-19,9.56552448420405e-19,3.2991387244129242e-19,4.430122103699181e-19,2.386667946654268e-18,-7.608413488211667e-18,1.1355021252240548e-19,2.8911977794571486e-18,0.0,0.0,0.0,0.0,0.0,0.0,0.0,0.0,0.0,0.0,0.0,0.0,0.0,0.0,0.0,0.0,0.0,0.0,0.0,0.0,0.0,0.0,0.0,0.0,0.0,0.0,0.0,0.0,0.0
0.0,0.8000000000000009,0.0,0.0,0.0,0.0,0.0,0.0,0.0,0.0,0.0,0.0,0.0,1.3673006272315149e-18,-2.854256080059818e-19,0.0,0.0,0.0,0.0,0.0,0.0,0.0,0.0,0.0,0.0,0.0,0.0,0.0,0.0,0.0,0.0,0.0,0.0,0.0,0.0,0.0,0.0,0.0,0.0,8.793625302133306e-19,2.9739197370672673e-19,1.786904750807298e-18,4.494604946389219e-19,-1.0412640067485724e-19,-2.4534436878254602e-20,3.0175341028804544e-19,2.0376732476595103e-19,6.706678046130557e-19,1.0204705093205274e-18,-1.0389163920125897e-18,2.808200132749114e-19,0.0,0.0,0.0,0.0,0.0,0.0,0.0,0.0,0.0,0.0,0.0,0.0,0.0,0.0,0.0,0.0,0.0,0.0,0.0,0.0,0.0,0.0,0.0,0.0,0.0,0.0,0.0,0.0,0.0
-0.0,-0.0,-0.0,-0.0,-0.0,-0.0,-0.0,-0.0,-0.0,-0.0,-0.0,-0.0,-0.0,-0.0,-0.0,-0.0,-0.0,-0.0,-0.0,-0.0,-0.0,-0.0,-0.0,-0.0,-0.0,-0.0,-0.0,-0.0,-0.0,-0.0,-0.0,-0.0,-0.0,-0.0,-0.0,-0.0,-0.0,-0.0,-0.0,-0.0,-0.0,-0.0,-0.0,-0.0,-0.0,-0.0,-0.0,-0.0,-0.0,-0.0,-0.0,-0.0,-0.0,-0.0,-0.0,-0.0,-0.0,-0.0,-0.0,-0.0,-0.0,-0.0,-0.0,-0.0,-0.0,-0.0,-0.0,-0.0,0.0,0.0,0.0,0.0,0.0,0.0,0.0,0.0,0.0,0.0,0.0,0.0
5.871119417819367e-17,1.076800264918989e-15,6.476472942204114e-29,-2.0932944996166935e-28,1.4530642923797833e-28,-4.294529156454362e-15,-5.610489559690508e-17,1.2615843914898716e-16,-5.107585985460922e-15,2.3529954240103623e-25,-2.0185334237847697e-17,-7.150379472971453e-18,-3.727775161856865e-28,1.313286599969484e-16,1.5014072880865386e-16,-6.358496451735335e-16,-2.3268924012943214e-16,-2.3139779657948615e-15,-2.8481104817031508e-16,-1.4677546811775487e-16,-3.0018643573235983e-16,-3.1496081194446936e-16,-1.999278066602678e-16,-1.2748050339282864e-16,-2.9074521262777147e-16,-1.0768312519759555e-16,-2.771398292462891e-17,-2.8488537851367525e-29,-2.0306953482679872e-29,-7.441053738528183e-30,-9.535258191436459e-30,3.481787808424645e-29,-1.1432347638323267e-29,-3.1085163684852264e-29,-2.9845422112083133e-29,-1.359100677439131e-30,4.6650459716457243e-29,9.737835903078525e-29,5.863156768929672e-29,-1.8270673206782227e-16,-1.205555744158201e-16,-5.850059975670382e-16,-9.097469565444945e-17,-7.523695244394405e-17,-7.192989714360035e-17,-1.634046280130367e-16,-1.0838682364150121e-16,-5.138825766731449e-17,-2.9110515238324015e-16,-2.2724346101897768e-17,-1.6140974367343106e-17,-8.503593250251983e-22,4.1586880758755415e-29,-3.0122818657971753e-22,-3.477049090673369e-29,1.1876352102875821e-29,-4.8500361926011174e-29,7.53869757973332e-29,-6.86896137017106e-29,-3.947822633245565e-29,8.996605339016997e-29,7.540995423206667e-29,-7.495109745565556e-29,-9.466032204151453e-29,-1.4548509910847853e-29,-3.627383221586859e-29,-1.273182625993407e-30,3.1056279445938006e-30,0.0,0.0,0.0,0.0,0.0,0.0,0.0,0.0,0.0,0.0,0.0,0.0
0.028758139586078518,0.06796334723017936,-8.83452610236868e-15,2.889588911899272e-14,-2.109446412053926e-14,-0.29620287018455627,-0.07475022773465531,0.057526475819463095,-0.2624692371247265,-4.902328210355295e-11,-0.04258525711601399,-0.015085246780703696,-1.132989250535061e-13,-0.2557200479262831,-0.011464182725648144,-0.03411820928720495,-0.007661341008615135,-0.1632659408813666,-0.013845136557131644,-0.00946322853878912,-0.02224067459392121,-0.026475244559340416,-0.017378218459840496,-0.015050312267429485,-0.018117852953703693,-0.014585748487055952,-0.001017486037054379,3.802704409694012e-15,2.2246758891675333e-15,9.472378509038121e-16,1.900167538694855e-15,-2.995482641861099e-15,-3.4812294934138075e-15,3.636196865308053e-15,3.577662409261861e-15,8.671848798777749e-16,-7.184298316891366e-15,-9.368064790011552e-15,-5.835443019610181e-15,-0.0032278192428671507,-0.0050386421433787285,0.022834608851678206,0.002289455568809547,0.0017214480778385357,-0.0005236559670139836,0.0071386351859392535,0.0017799228904571312,0.013646061489354221,-0.016064668794213085,0.015188998313710051,-0.004521907900816884,-1.769762678029786e-8,-3.0277801877727944e-15,-6.269144099788039e-9,3.719149643190804e-15,-1.558208644241029e-15,5.5578205884836144e-15,-7.848752898022147e-15,8.197259492571569e-15,4.478160937945184e-15,-8.99606805767215e-15,-8.578910945064187e-15,8.502013546407187e-15,1.1513238964788561e-14,1.6290792906594873e-15,4.20048827840416e-15,1.0109320336085299e-15,-9.005778209160086e-16,-0.0,-0.0,-0.0,-0.0,-0.0,-0.0,-0.0,-0.0,-0.0,-0.0,-0.0,-0.0
-0.019282477606182583,0.09316128652416922,-7.481385575344855e-14,1.6249314938820353e-13,-1.4070754246304062e-13,-0.4052017708497655,0.21354120718307143,0.22470936053124446,-0.36184904531402506,-4.0972708530775615e-11,-0.00985198775136284,-0.0034899323515728406,7.887141646793981e-14,-0.2672474689440154,-0.051725084078791686,-0.047009729536910794,-0.018805731677489487,-0.21392716529446143,-0.029598428657330866,-0.01581693180330599,-0.02690264015829589,-0.0356302952486654,-0.02161408326948784,-0.015208391974292038,-0.030615453007481225,-0.01254719328340813,-0.0024100399129946245,2.5471296706210955e-14,1.2878681364227212e-14,8.127253293371711e-15,1.3311860723829905e-14,-2.2537311400865925e-14,-1.287697343139137e-14,2.4474960799572818e-14,2.538496522021531e-14,8.897418224379766e-15,-4.91500893871407e-14,-6.956783490709786e-14,-3.7664860796859295e-14,0.024567241779990603,0.02038400215941496,0.09999494025592215,0.025781348743902303,0.037896466991821975,0.02297736953323338,0.058366229313416604,0.047597905787538,0.0452233173070089,0.07432887036580683,0.05026272789200298,0.013270308899816598,1.1956688887609933e-6,-6.371258278311853e-14,4.235493929768673e-7,2.2293996162598134e-14,-1.3403741616133592e-14,2.956871449423759e-14,-5.69246434834612e-14,5.327096133929388e-14,2.7844490844301848e-14,-6.727958045734869e-14,-6.183900874544338e-14,5.576420183694298e-14,7.295617812041384e-14,7.702804560507376e-15,2.756987145474402e-14,5.4970044089311566e-15,-6.0016949457840676e-15,0.0,0.0,0.0,0.0,0.0,0.0,0.0,0.0,0.0,0.0,0.0,0.0
-0.006754371097640627,0.03206641968923068,-7.324486611141104e-15,1.2034504483978798e-14,-1.8374649051745726e-14,-0.14021510954665675,-0.07955692640737148,-0.01440110369300789,-0.12283411439156529,-5.390630472568382e-11,-0.04834525607834732,-0.017125647888706696,-6.353537016146597e-14,-0.2201347948425409,-0.01660410965540399,-0.014471374557804602,-0.001801098337390127,-0.08711364740983003,-0.006444010650412226,-0.0042066179307933835,-0.008566723042089056,-0.012609156107730026,-0.00733114338826827,-0.007006037433477623,-0.008239361910617034,-0.00559826074256839,0.0002534623006299461,3.20817424695086e-15,1.9010567143096433e-15,1.1966408480952118e-15,1.6162254162223775e-15,-3.0032384636906472e-15,-2.509238223842751e-15,3.000354783749045e-15,3.4417062770217463e-15,1.0802978233431008e-15,-5.735651912471939e-15,-9.289885082427599e-15,-4.844448399281213e-15,0.009342348854068209,0.005285661294649083,0.04516209040892746,0.007894220635266125,0.012203338520062015,0.008119475215565202,0.02217642819417784,0.017058195200663453,0.019902643850209387,0.023697737677042443,0.021057154774253246,0.0012104435742871973,-1.5607672798925117e-7,-7.489994844892327e-15,-5.528805421493691e-8,3.1579137696711146e-15,-1.5151069636612974e-15,4.1313537106276395e-15,-7.418046652042167e-15,6.979634823052915e-15,3.709443716073347e-15,-8.574133196874389e-15,-8.123674223341636e-15,7.348907241505843e-15,9.638366466140916e-15,2.039768779142007e-15,3.131225514336484e-15,9.670522590046112e-16,-1.0079280441698088e-15,0.0,0.0,0.0,0.0,0.0,0.0,0.0,0.0,0.0,0.0,0.0,0.0
-0.008663435155492638,0.03238477989042309,-9.129148965710592e-15,1.1218039573636199e-14,-1.7748593641195062e-14,-0.1416597316073357,0.25927122856400475,0.23823417744939587,-0.12354767393337755,-4.6653056820870706e-11,-0.04553385832929597,-0.016129748563096066,4.323585809913849e-14,-0.19536930039809325,-0.017411272170486325,-0.013440938819154792,-0.0016537132732412285,-0.06821065693489095,-0.010246248145610273,-0.005537197594007431,-0.012174016055363057,-0.014291431877282577,-0.010285958372997525,-0.0090922064240073,-0.010510403195165833,-0.00855393779730024,0.00028866417882538657,2.9794632952529722e-15,1.7369926438754048e-15,7.876731778789924e-16,1.350955506913881e-15,-3.160257664801774e-15,-1.781492684610089e-15,3.218636524899459e-15,3.590515385004361e-15,7.479291746357133e-16,-5.543310995697758e-15,-9.378575059830109e-15,-5.043818362126436e-15,0.009968893547776952,0.005928039767200044,0.04185443744313751,0.01069967855342182,0.015377925394765126,0.010677336333269682,0.025516000873716027,0.022480408254618618,0.02516439284041654,0.02946354593827568,0.030055128311514502,0.0016419570253420582,-1.3335813124171252e-7,1.4943056883669998e-14,-4.724029960653183e-8,5.285078127185825e-15,2.733682957072684e-16,1.0028045665940843e-14,-5.572000860977527e-15,1.0577832753219852e-14,6.54816167537472e-15,-4.199258882670333e-15,-4.4434029445448484e-15,8.566219837895528e-15,1.6362882142501637e-14,5.932593221258801e-15,6.746328916736987e-15,7.325060854744976e-16,-7.323855600415641e-16,0.0,0.0,0.0,0.0,0.0,0.0,0.0,0.0,0.0,0.0,0.0,0.0
0.0004107980918355494,0.017754408453352417,-8.301786543023603e-16,-1.6694456635442928e-15,7.620145263855106e-16,-0.07749483391875925,0.25751143549602445,-0.00461239089428937,-0.06918660028667699,-4.144275009705281e-11,-0.031974839623622436,-0.01132665103283059,2.4154612824075924e-14,-0.16057920977611406,-0.0063821651293960524,-0.019664192818579434,-0.0027685066657513052,-0.07580964644333865,-0.011549904180948254,0.001892490810433806,0.003623616151598846,0.003339167043758818,0.0025403370400387975,0.0026810646486400604,0.0004570997458066435,0.0023145451397566623,5.284717142528765e-5,-2.5447743583139497e-16,-1.489222519807597e-16,-1.4370271741611586e-16,-9.685233626102983e-17,2.0673051729914136e-16,-3.883462863097674e-16,-1.2311419077573493e-16,-3.848727721795868e-17,-6.620491698516794e-17,6.702925989730202e-16,4.865134563318528e-16,3.658978764863043e-16,0.006106028992031794,0.00240977104683198,0.028129991428766536,0.008096513601252926,-0.0022753328792761477,-0.0013239311104712855,-0.0017331217678911402,-0.0025616373581919326,-0.004333774173341437,0.0005605069872687699,-0.005358775002314621,-0.00023297622604563187,-2.095721651182283e-7,-1.8203618406123696e-14,-7.423808343919146e-8,-2.4341834632297415e-15,-1.843494509281158e-15,-5.800184818013683e-15,-1.2106634717061923e-15,-3.69466013279403e-15,-2.455901001282593e-15,-3.9689875665731696e-15,-3.2409330056174275e-15,-1.6021393566000087e-15,-7.062508072580534e-15,-4.041984833560836e-15,-3.727397033525225e-15,-3.798105606375445e-18,9.923798667662788e-17,0.0,0.0,0.0,0.0,0.0,0.0,0.0,0.0,0.0,0.0,0.0,0.0
-0.009074233247328173,0.014630371437070666,-8.29897031046627e-15,1.2887485234370125e-14,-1.8510608166529025e-14,-0.06416489768857629,0.0017597930679799536,0.24284656834368512,-0.05436107364670043,-5.210306723817909e-12,-0.013559018705673524,-0.004803097530265479,1.9115872942874057e-14,-0.034790090621979235,-0.011029107041090249,0.006223253999424681,0.0011147933925100785,0.00759898950844774,0.001303656035337988,-0.007429688404441217,-0.015797632206961898,-0.017630598921041366,-0.012826295413036334,-0.011773271072647355,-0.010967502940972465,-0.010868482937056891,0.00023581700740009885,3.2339407310843648e-15,1.8859148958561628e-15,9.313758952951076e-16,1.4478078431749093e-15,-3.3669881821009135e-15,-1.3931463983003187e-15,3.3417507156751906e-15,3.629002662222316e-15,8.141340916208811e-16,-6.213603594670775e-15,-9.865088516161951e-15,-5.409716238612735e-15,0.003862864555745145,0.0035182687203679456,0.013724446014370896,0.0026031649521688935,0.01765325827404104,0.012001267443740976,0.02724912264160722,0.02504204561281053,0.02949816701375764,0.02890303895100673,0.035413903313829084,0.0018749332513878602,7.621403394790499e-8,3.31466752897937e-14,2.6997783841761032e-8,7.719261590415565e-15,2.116862804988427e-15,1.582823048395452e-14,-4.361337389271333e-15,1.4272492886013873e-14,9.004062676657306e-15,-2.30271316097158e-16,-1.2024699389274168e-15,1.0168359194495533e-14,2.342539021508216e-14,9.974578054819637e-15,1.047372595026221e-14,7.363041910808723e-16,-8.31623546718191e-16,0.0,0.0,0.0,0.0,0.0,0.0,0.0,0.0,0.0,0.0,0.0,0.0
0.011382161217303935,0.33804651086437265,-3.527107045773436e-14,1.032858822536489e-13,-6.554785046782305e-14,-1.4699009806716772,0.16547244155769675,0.261779111675372,-1.314439835147688,6.689436261687564e-11,-0.0185532585598599,-0.006572238913569527,-6.05206738115492e-14,-0.2750872901219794,-0.016607134573679436,-0.19143708046293917,-0.09601539022440538,-0.7657716447964845,-0.07438830727943842,-0.05855321750227289,-0.0583241802255195,-0.13066633801536315,-0.08127748050428464,-0.05620789540767006,-0.1739091452212385,-0.013965754536746892,-3.9242260453874344e-5,1.0889435534301358e-14,6.948901809764462e-15,3.3168888935546884e-15,5.123638711227455e-15,-8.930891030116568e-15,-1.3244871428646735e-14,1.2803941877561123e-14,1.267020731305705e-14,1.941867854652593e-15,-1.9141493166878413e-14,-3.331159628003616e-14,-1.9373393654596254e-14,-0.06539547785438292,-0.03849621168130223,-0.12101542516708351,-0.017470695163003768,-0.007938869195272697,-0.03360605654109773,0.0072696758136588605,0.005286805854865754,-0.052654860912454374,0.09148758871397479,-0.007805533913699352,-0.013260637748147482,1.1032942907885486e-6,-4.0585510248900283e-14,3.9082695726344687e-7,1.0224334963010885e-14,-5.553092616719345e-15,1.1208150081541815e-14,-3.048727141098979e-14,2.142450942625755e-14,1.0753545488035797e-14,-3.669374196219716e-14,-3.394136438266957e-14,2.5170640677865752e-14,2.6773836022766626e-14,1.25354057669389e-15,9.01546661655652e-15,2.5440470429162947e-15,-4.656483148357101e-15,0.0,0.0,0.0,0.0,0.0,0.0,0.0,0.0,0.0,0.0,0.0,0.0
0.000543403205736513,0.016742677939944314,-6.852034298225491e-16,-6.49383034725656e-16,1.5928873785357726e-15,-0.07309073438570446,0.25521812892961837,-0.004281621178313622,-0.06529201600059059,-4.259894034150136e-11,-0.03211471566818149,-0.011376200214724533,1.2203515400758091e-14,-0.16283311119384558,-0.0059679564643407785,-0.01673363067590862,-0.0022711286664845514,-0.07969515139286419,-0.006386161102813017,0.001893175830126967,0.0036062554165834956,0.0034256463801862805,0.002617444016709379,0.002677149782026678,0.0007459269655536486,0.002292067676152597,4.875080242207252e-5,-3.8770670862269786e-16,-2.318722062080596e-16,-1.712250557178779e-16,-1.760941834184999e-16,3.405788298251069e-16,-2.958012642027269e-16,-2.587569099758452e-16,-1.999659444267148e-16,-1.1253875905369624e-16,9.939419562340224e-16,8.850115031433166e-16,5.884973352213459e-16,0.005299930019544156,0.002040189595701245,0.029007105811283265,0.004914563037189085,-0.0023701588943387153,-0.001388339449991107,-0.001986292310404266,-0.002816343573237627,-0.004441814320682491,-9.639612329271e-5,-0.005438607501938793,-0.00026106924325354145,-2.1993576280326255e-7,-1.7686943608648714e-14,-7.790924654744197e-8,-2.5648726517835503e-15,-1.7659998793043583e-15,-5.950071115961894e-15,-8.59551884607989e-16,-3.989132478451029e-15,-2.6010471419585835e-15,-3.54986101568901e-15,-2.8707219376616292e-15,-1.9165480979146706e-15,-7.461230882573752e-15,-4.055510225254264e-15,-3.891481237995819e-15,-1.863507236751924e-17,1.183420964803643e-16,0.0,0.0,0.0,0.0,0.0,0.0,0.0,0.0,0.0,0.0,0.0,0.0
-0.0088915574722402,0.015049645172199644,-1.0193509830196005e-14,1.8413899662487476e-14,-2.3932082078488987e-14,-0.06599144064798243,0.0016595996404382802,0.2426487654415767,-0.05598633027869916,-5.427972037398215e-12,-0.013784258882847405,-0.0048828857923941555,1.3986482710859408e-14,-0.036216961478781645,-0.011567254951820144,0.006109068058662187,0.0010717284597359167,0.00695297762707087,0.0012382889609465144,-0.007689929190815063,-0.015336284509912977,-0.019961002262779956,-0.012472042475774355,-0.012179444911747616,-0.010946658802947012,-0.009964280404547426,0.00023766713104765035,4.238111910560205e-15,2.313941037028559e-15,1.2521034756265168e-15,2.0039470819619e-15,-4.223275544036775e-15,-2.0411671993693094e-15,4.185042657815924e-15,4.637302135117215e-15,1.2522800144065959e-15,-8.21007849557964e-15,-1.2404601644441895e-14,-6.6707468504982686e-15,0.0038123979770649462,0.003480379799541564,0.013751530940759746,0.002602329494046314,0.017979436272267238,0.011710077095016338,0.029476381148310235,0.02445933853962472,0.030178913556272537,0.028640990836997934,0.03300507875081333,0.00181977045971813,1.1542527452944114e-7,3.1135888819429924e-14,4.088783089705506e-8,8.632713785523908e-15,1.6615550906203705e-15,1.710645231168532e-14,-6.363985626983696e-15,1.643891088070677e-14,1.0152198298412267e-14,-2.4608209163976693e-15,-3.3354162210403576e-15,1.2235231141112402e-14,2.6499164468871656e-14,1.0498267021181254e-14,1.1668410398979267e-14,1.0434008361330758e-15,-1.0686786598779933e-15,0.0,0.0,0.0,0.0,0.0,0.0,0.0,0.0,0.0,0.0,0.0,0.0
-0.010545071464530808,-0.002662190386403917,-1.1154109289370346e-14,2.3576284709420904e-14,-2.8947663081710254e-14,0.011306596637792654,-0.11907822433489688,-0.0076442019735315425,0.013373021547155575,4.4171919259847006e-11,0.02254292912791616,0.007985525322264325,-9.492370425032177e-14,0.15002944691615452,-0.005989149036459069,0.026261552485099825,0.0038337352637634265,0.10037113907207064,0.008799218002415165,-0.010780155526216258,-0.021301393315715404,-0.026251855509193237,-0.016955180050184707,-0.016697924433111078,-0.013083167415884073,-0.013780262774298647,0.0002073082824699885,5.307504015566176e-15,2.8681971810795144e-15,1.5121179758729335e-15,2.488459574404899e-15,-5.2436320895064444e-15,-1.845564452295991e-15,5.089141419939889e-15,5.53880229496663e-15,1.607017719321535e-15,-1.0657213683789308e-14,-1.5414093939185115e-14,-8.463424386469726e-15,-0.0019251780756036525,0.0014995394849895804,-0.018464440366634048,-0.0028245253477829206,0.022799074640632917,0.014668677061545392,0.03516743314024714,0.03054482912664451,0.038813229876166117,0.032050716122193804,0.04313116522538659,0.0023356300366811035,3.9620279345532064e-7,-5.233272328720114e-15,1.4034943651920976e-7,6.327246399643763e-15,-1.5117603659107076e-15,9.35689006656157e-15,-1.1871275618578427e-14,1.3077992411927618e-14,7.222030412568265e-15,-1.257501546418306e-14,-1.1604896279936162e-14,1.2551933439666132e-14,1.8952306960112383e-14,3.8729731927036e-15,7.704780461623921e-15,1.2035994337667057e-15,-1.22462824083576e-15,0.0,0.0,0.0,0.0,0.0,0.0,0.0,0.0,0.0,0.0,0.0,0.0
0.009857142129812816,0.0031279967549989116,8.044020823051087e-15,-7.605786315877572e-15,1.6239268342032328e-14,-0.013337340890883948,-0.07933345139957215,0.027884828732708603,-0.015042211172831518,-4.1857166015088385e-11,-0.02097285567669516,-0.007429348206516915,-1.1015828405477011e-13,-0.14505683620418322,0.005311463410394063,-0.025118088312306493,-0.0037057163050791464,-0.09638356895499217,-0.008471704100936213,0.010088580731340448,0.019959599120179815,0.024567369777880353,0.015882671888322653,0.015657382363689236,0.012206291650861583,0.01294057038333815,-0.00019363384757422605,-2.8712866352572728e-15,-1.6694149645199891e-15,-6.638304066707998e-16,-1.1720185385977232e-15,3.216317154397457e-15,3.339436165523763e-16,-3.114752280793103e-15,-3.3011435683103258e-15,-5.945695975515469e-16,6.023946012177266e-15,9.369638099357581e-15,5.3478857465044794e-15,0.0019581648853346906,-0.00132026115397924,0.01805927401890333,0.00279855936512703,-0.021321418832302794,-0.013726900210201884,-0.03287506739663953,-0.02857653826694692,-0.036358195388857505,-0.029886417983954486,-0.04045027261250298,-0.0021815664939721113,-2.885515684004738e-7,1.6360315682250534e-14,-1.022154576418342e-7,-2.2614998788386664e-15,2.0206717975907433e-15,-1.6545919867410862e-15,8.421884588811346e-15,-5.1928812533781476e-15,-2.653049190317633e-15,1.0831171795293656e-14,9.518913395992064e-15,-6.574365532392667e-15,-6.29707174688835e-15,7.157429672991984e-16,-2.2078254213761705e-15,-4.059435976038733e-16,5.673213218898822e-16,-0.0,-0.0,-0.0,-0.0,-0.0,-0.0,-0.0,-0.0,-0.0,-0.0,-0.0,-0.0
-0.03908242954549017,0.022921779712173924,-2.6357955284997526e-15,2.5931115037053315e-14,-1.619695741526449e-15,-0.09891811711151076,0.06991405598097253,0.10860201271420063,-0.090680134045862,4.969558004567489e-11,0.04633792298189831,0.016414577504700423,-2.0850021489795474e-15,0.12749529188965297,0.020165458003381747,-0.014993955482756506,-0.006478374591786655,-0.03342317205516307,-0.0048687122047353865,-0.003747951938864438,-0.011632957429040688,-0.008688883133797311,-0.0077211007894784495,-0.005278094548629804,-0.006773738056424622,-0.007673525712220493,-0.0019181920330843898,2.3795289250523845e-16,2.9529138994205486e-17,-4.2181930245565127e-16,1.0735284633806147e-16,1.9967740917039112e-17,-4.3602562148089185e-16,5.298498233184821e-16,9.685388100131712e-17,-2.2103607850386603e-16,-1.4238137742735473e-15,2.929514045183707e-16,-7.470074135884735e-16,-0.024420468417336947,-0.0181530254506185,-0.06613817798776622,-0.013853629014305112,-0.023876011240373814,-0.01814359807862757,-0.03796573245807125,-0.03422745353480186,-0.024310876881625153,-0.07257179812326495,-0.02470773178592933,-0.008704396605928349,4.101589569386206e-7,9.380025392133994e-15,1.4529321918143634e-7,9.707237130638248e-16,6.217317727351717e-16,2.7340485636083916e-15,2.2743673306303453e-16,1.933468113448771e-15,1.3151329809074886e-15,1.063435566802762e-15,1.0264561147407622e-15,9.70677349230771e-16,3.2363902621146845e-15,4.3178475682553114e-16,2.015467776474354e-15,-4.7122686260634195e-17,2.724051999970645e-16,-0.0,-0.0,-0.0,-0.0,-0.0,-0.0,-0.0,-0.0,-0.0,-0.0,-0.0,-0.0
0.010104420462982364,0.22559946138790304,1.0143958774348523e-14,-4.211837517974007e-14,2.5445173072760213e-14,-0.9175352462286639,0.07932830727417131,0.009780333118560663,-1.0301369703589918,8.954499270374714e-11,0.004332794914635566,0.0015348335307273728,6.527638026233103e-14,0.1137182415580548,0.0035066635982924886,0.020980635809608697,0.002968361831132107,0.13144147716518673,0.011231128326094375,0.007392726058714799,0.014471270976487548,0.02093781818622897,0.012430008532860358,0.01205308722833667,0.01333276732745016,0.009728392474714471,-0.0002631764228767091,-5.731140649595722e-15,-3.1876587885205407e-15,-1.6947135498750662e-15,-2.189977039190358e-15,6.306225361873188e-15,-4.2468702309387534e-15,-5.000915331812106e-15,-4.748016217321043e-15,-1.1554956455598865e-15,8.938405071945677e-15,1.742965711570325e-14,9.391997651353029e-15,-0.009043883804234994,-0.005253026982660891,-0.043980370040262666,-0.008618183812739884,-0.015100714669976738,-0.0098113381046134,-0.02631635748530441,-0.02134694385298987,-0.02601046848223512,-0.028174034191887184,-0.028623182880151518,-0.0018347052127548637,2.0804647180650525e-8,-3.508996151055974e-15,7.369764040832133e-9,-7.392048035256006e-15,1.2399269101734147e-15,-1.1889841909121342e-14,1.1298469289950383e-14,-1.4475137812523195e-14,-8.737343965046647e-15,1.1600380663442633e-14,1.0332520352651952e-14,-1.3805071172610299e-14,-2.1778961305211667e-14,-5.955604584855638e-15,-9.134511125682023e-15,-3.5564201550329743e-16,6.833437408394623e-16,-0.0,-0.0,-0.0,-0.0,-0.0,-0.0,-0.0,-0.0,-0.0,-0.0,-0.0,-0.0
0.001003192891292848,0.2232104972874129,-1.1620240513756328,2.357873929321505,1.0990647210786425e-15,-0.9073808655203723,-1.0234843865171703,0.003190516576017742,-1.0182336802332805,1.2762700328167553e-10,0.023776386574888144,0.008422460807450653,1.0294965080465984e-14,0.24364748169189912,-0.0016212105938989336,0.04372459511265798,0.00628629258570004,0.21846440390887442,0.01885702064188989,-0.0019174254569042258,-0.003924430908053459,-0.0017256165357003982,-0.002211297285148588,-0.0023660441013075998,0.002043846262640589,-0.00217068949370239,-8.425717579538409e-5,-1.2984375531272749e-15,-7.567450399047572e-16,-4.2016615178145577e-16,-9.333573271352567e-17,1.9179088100628547e-15,-5.7694515968864145e-15,-7.702192132107214e-16,-1.1458856535369512e-16,1.6539979061732537e-16,1.0303771260488622e-16,4.488308310693927e-15,2.2934877232150454e-15,-0.010727444308080201,-0.003965904998969458,-0.060039357927211275,-0.011076310628011244,0.00458471285882858,0.002853012086838494,0.004038249389835176,0.0050228608424730745,0.007500527159416537,-0.0005212952713773157,0.008614261296292898,0.00018085612856528487,3.561468304276385e-7,-8.056149462306307e-15,1.261601593775858e-7,-2.1081686924245616e-15,-4.2309636635804174e-17,-4.130352664131909e-15,1.3519701406287568e-15,-3.5911420600376735e-15,-2.730694817684965e-15,1.0399853102034224e-15,5.544234473254417e-16,-3.2930175273722436e-15,-6.0069299827693885e-15,-2.6738011987312217e-15,-2.765222203643752e-15,6.056352913238193e-16,-3.2921005263543225e-16,-0.0,-0.0,-0.0,-0.0,-0.0,-0.0,-0.0,-0.0,-0.0,-0.0,-0.0,-0.0
0.022075824920030768,0.2292922200117153,-1.1620240513756106,-6.358166078369967e-14,2.2284146552309334,-0.9332722693821289,-0.016761154710159615,-0.9563783931248665,-1.047988007161981,3.891631641464647e-11,-0.02114747513369596,-0.007491204768649776,-5.636111784841365e-14,-0.06147589117569564,0.010007455001866214,-0.009434958550505749,-0.0015117470842868205,0.014808476252600917,0.0009899835779205552,0.01964469067360851,0.03870027454343883,0.05077951173076042,0.031710816231582215,0.03105953427387514,0.028160665547483924,0.025433489902438718,-0.0004983847891312475,-1.1452077803579356e-14,-6.177942692870935e-15,-3.1884180709109748e-15,-4.8376428146105265e-15,1.2125709992454412e-14,-2.6143110252401867e-15,-1.0641275725424454e-14,-1.0922755948224176e-14,-2.840629512664622e-15,2.0733491236245183e-14,3.447777490971924e-14,1.8737931798616156e-14,-0.006690544143463526,-0.00687012250380852,-0.022180285192387208,-0.0052497943752261985,-0.04099571699200441,-0.026478117350298248,-0.06625149615452068,-0.056045414143873595,-0.0701521039876117,-0.06448278150035228,-0.07772386102304214,-0.00448476648421261,-4.1811744166067275e-7,2.1778910680923005e-14,-1.481123992495876e-7,-1.2097778041436689e-14,4.756688715835666e-15,-1.651575203219712e-14,2.6063168146763143e-14,-2.5427560843030052e-14,-1.4432043572993993e-14,2.9917640681723714e-14,2.677221808353861e-14,-2.6330479408147597e-14,-3.5948149504991813e-14,-6.0879529137197025e-15,-1.4349232594525466e-14,-1.5037446254106575e-15,1.8769168137806296e-15,-0.0,-0.0,-0.0,-0.0,-0.0,-0.0,-0.0,-0.0,-0.0,-0.0,-0.0,-0.0
0.006569707965681673,0.14662637193256822,9.120047181769635e-15,-1.6909888210518793e-14,2.0233850261234435e-14,0.14365895111085625,0.051557128354334555,0.006361871239502757,-0.16953509032224992,5.789228480007915e-11,0.0028087937282233987,0.0009949768867401588,6.867230620326773e-14,0.07334730475621637,0.0022860697227385413,0.01364749198280822,0.0019375810542471225,0.08545173298519122,0.007306425778360887,0.004810222829066649,0.009412652211686608,0.013614550232541687,0.008084211413656747,0.007837008966352374,0.008669532367572268,0.006322587296875321,-0.00017111805585563817,-3.474735001780968e-15,-1.957948040522412e-15,-1.0696070113801967e-15,-1.7765200588780527e-15,3.3130350144932417e-15,2.7278952186904937e-15,-3.4126206404925704e-15,-3.8923397737884285e-15,-1.1853155288272785e-15,7.053737152940215e-15,9.94663840436773e-15,5.393387997441425e-15,-0.005881948366965875,-0.003419755464421807,-0.028593978882686003,-0.00560611323590807,-0.009824231095105532,-0.00638128564148601,-0.01711262530783074,-0.013883482319910727,-0.016913041703441763,-0.018320456877996546,-0.01860479562896646,-0.0011929501416951473,1.6829576055259073e-8,8.80334706684904e-15,5.961649274823116e-9,-3.475622223687145e-15,1.6337065825153403e-15,-4.566199521626563e-15,8.342732574223905e-15,-7.784086800566335e-15,-4.093035993018161e-15,9.694524647229647e-15,8.816386142725743e-15,-7.991668712522175e-15,-1.0650217698727952e-14,-1.5344165174156724e-15,-3.756857557365648e-15,-1.045675623834827e-15,9.45495860549219e-16,0.0,0.0,0.0,0.0,0.0,0.0,0.0,0.0,0.0,0.0,0.0,0.0
2.8790347601210352e-5,-0.0001737911992599655,-1.5118470631136579e-15,4.937279312094693e-16,9.20607658620842e-16,0.0007489732847587311,0.591406540640914,4.9089363510016586e-5,0.0006891430574990873,2.795023420076945e-13,-0.00010050882837257642,-3.560388225016503e-5,4.762256386833354e-14,0.0017912185712353962,9.481162047139177e-5,0.00010425308206369764,5.581526866923035e-5,0.0003399604743999651,5.622490612521217e-5,4.190962838891526e-5,6.213196107710271e-5,6.595023371882097e-5,4.9262131699928724e-5,3.44343488242825e-5,4.421738857259729e-5,1.0638278160427546e-5,-6.617963031643698e-7,-2.0943607997688864e-16,-3.248853063934111e-16,-5.197051431753742e-16,-1.9665938380581148e-16,-9.543928126193535e-17,6.95751711664733e-16,1.340955251612062e-16,1.6258769318167474e-16,-1.9978882320712597e-16,1.7318793913330405e-16,-5.9533354301445e-17,-8.154184833141312e-17,-4.3027748302346465e-5,-4.443370953907545e-5,-0.00014332459502729692,-4.348100092105272e-5,-8.368120389629092e-5,-4.4204687765865376e-5,-9.836291481385193e-5,-9.281148811766321e-5,-8.959338387929013e-5,-0.0001118921294035683,-5.502696541110675e-5,-6.5715672498914175e-6,-1.8737062087463267e-9,-3.7547182381018824e-14,-6.637371990265433e-10,-4.4333387673669036e-15,-3.685650889224797e-15,-1.1070760693435477e-14,-3.353265505038488e-15,-6.632379253270359e-15,-4.436754912900186e-15,-8.967171100380876e-15,-7.106992487406993e-15,-2.546532115084077e-15,-1.3020624105855169e-14,-8.650838824707632e-15,-6.444892593415986e-15,-2.0639982837977497e-16,4.3771857993873085e-16,0.0,0.0,0.0,0.0,0.0,0.0,0.0,0.0,0.0,0.0,0.0,0.0
6.069145455594053e-6,-3.234243882474036e-5,-1.485815481356152e-16,5.5632136621188095e-15,-2.403257801730199e-16,0.00014001304625691754,5.587611512466526e-5,0.5912977675978917,0.0001243995637862291,-8.402611339360445e-14,-1.8964221411381105e-5,-6.717816899378246e-6,-1.6640186822054983e-14,-9.861430932596355e-5,1.8525719403629116e-5,1.402772424559742e-5,1.0660776245994588e-6,8.926982235059458e-5,6.371882909760709e-6,3.804918923623474e-6,8.140624652250815e-6,1.2446233788193934e-5,6.890406295501486e-6,6.7775141619836635e-6,8.540025859862021e-6,5.862574137411885e-6,-1.1673781027624821e-7,-4.642097943561607e-18,-4.2937411152766637e-17,-9.402423242943598e-17,-6.013353576411882e-17,-1.0188915800353237e-16,-2.1252841621139402e-19,1.9916557645470105e-16,1.597468360557362e-16,-1.4986678392177456e-16,1.6459239676501873e-16,2.0059159753723431e-16,1.1010965989053846e-16,-7.090880333320462e-6,-3.4317218872182567e-6,-3.523733744926735e-5,-5.815625259038903e-6,-9.935907508570282e-6,-6.897318302168612e-6,-1.908187039001495e-5,-1.4954928161979911e-5,-1.785309753975344e-5,-2.2084730879556055e-5,-2.0597258750558126e-5,-1.422656020450321e-6,-3.4180371234689196e-10,1.0337513193528014e-13,-1.2107294730369802e-10,1.086196415536627e-14,8.979986252255285e-15,2.8693626530802585e-14,9.203048643863134e-15,1.7569783357887994e-14,1.2618145047743066e-14,2.279687961874813e-14,1.8446912175688787e-14,6.2001531834964104e-15,3.368192460439862e-14,2.0891883375055096e-14,1.7148775909550267e-14,5.328912071123832e-17,-1.664948508212498e-17,0.0,0.0,0.0,0.0,0.0,0.0,0.0,0.0,0.0,0.0,0.0,0.0
-1.0655464560153685e-17,3.054758037637815e-17,0.0,0.0,0.0,0.0,0.0,0.0,0.5,0.0,0.0,0.0,0.0,5.233624879109373e-18,1.2043164740226983e-17,0.0,0.0,0.0,0.0,0.0,0.0,0.0,0.0,0.0,0.0,0.0,0.0,0.0,0.0,0.0,0.0,0.0,0.0,0.0,0.0,0.0,0.0,0.0,0.0,-4.215492964604396e-18,4.3190806490215765e-18,-2.4828714553438727e-17,1.4221897573510283e-18,4.919983373794559e-18,2.0246540982073566e-18,4.716885087312309e-18,-7.947219709503021e-20,-6.824060976016698e-19,-4.360509240784249e-18,4.557453924093e-19,-1.6910261931137496e-18,0.0,0.0,0.0,0.0,0.0,0.0,0.0,0.0,0.0,0.0,0.0,0.0,0.0,0.0,0.0,0.0,0.0,0.0,0.0,0.0,0.0,0.0,0.0,0.0,0.0,0.0,0.0,0.0,0.0
-0.007914102582473995,0.4311562006203786,-1.1035518934980496e-13,2.6623945829425145e-13,-2.06764378054532e-13,-1.8748792966610746,0.3790119158385156,0.4864541691535522,-1.6760815530939428,2.5928424455857493e-11,-0.028379892445582578,-0.010053190003881307,1.8857585922638513e-14,-0.5422120356042506,-0.06830444315840387,-0.2385072804656273,-0.11487880578861483,-0.9792098571882218,-0.10390470198186422,-0.07438937013938497,-0.08523319808693694,-0.16628276227992395,-0.10292301953614494,-0.07144946506584295,-0.20460976904865696,-0.026510319852644668,-0.002448852169116058,3.64547371099425e-14,1.9874299980922466e-14,1.1478906306733595e-14,1.8487475327494528e-14,-3.155223855342836e-14,-2.6162222555974017e-14,3.736580450480609e-14,3.81495710870885e-14,1.0878268012944262e-14,-6.8463022508956e-14,-1.0314155814530111e-13,-5.717181871272228e-14,-0.0408048529321993,-0.01807373423650646,-0.021139268227387112,0.008266780119632573,0.02999816198538544,-0.010617675074893806,0.0656356069461979,0.05293767903959193,-0.007355813622835779,0.16594017056149712,0.04246247554409542,1.2651026726743136e-5,2.3029860350449517e-6,-1.0459226806295751e-13,8.158013919212912e-7,3.259853874271876e-14,-1.901141383577638e-14,4.087474350864023e-14,-8.762554985952164e-14,7.488447866999145e-14,3.869870708244221e-14,-1.0423027169991287e-13,-9.601398871434485e-14,8.11361713941652e-14,9.998573407951888e-14,8.99128107854683e-15,3.667722393016764e-14,8.061790087365746e-15,-1.0683844068207887e-14,-0.0,-0.0,-0.0,-0.0,-0.0,-0.0,-0.0,-0.0,-0.0,-0.0,-0.0,-0.0
-0.007482948971476232,0.04104377679712708,-1.1041150139429249e-14,1.9831141150429952e-14,-2.3195901165882313e-14,-0.17800618255870992,-0.06219702711333281,-0.009469717317279625,-0.1608633767185228,7.648077995400785e-11,0.022881629143665715,0.00810550518544003,-7.119029915929273e-14,0.18680823501987767,-0.023467775180976657,-0.019016058436074956,-0.003259679100262786,-0.1085571344661454,-0.008958453046527414,-0.005623374486587118,-0.01100189516697486,-0.015715482527588816,-0.00918242853460602,-0.00849628914583954,-0.010759401545648318,-0.00662433879342432,0.0001513854102327333,3.840423522229891e-15,2.154871974773918e-15,1.1203712802254638e-15,1.992544211095257e-15,-3.764744935085037e-15,-3.3312673132682924e-15,3.981693258659768e-15,4.526535839884154e-15,1.3185656617630744e-15,-8.356895758159018e-15,-1.1146994132765589e-14,-6.247527748775716e-15,0.009177313543052354,0.005319216642534858,0.04284151922352965,0.007794179807933799,0.013642521305184058,0.008959913263611726,0.02380959344519898,0.019229257061662498,0.022196058440374193,0.027446149529428823,0.023785709305439346,0.0017629832882188558,4.34911087535155e-7,-1.0508520949344698e-14,1.540613220006592e-7,3.886696867005611e-15,-1.8457094798659124e-15,5.098266999774674e-15,-9.632712403009646e-15,8.854055736630575e-15,4.587547907392725e-15,-1.1234315958797826e-14,-1.0138821138181821e-14,9.015054268042493e-15,1.2014589308773414e-14,1.3213626329592274e-15,4.408147216374247e-15,1.2201400029551934e-15,-1.0008947622798902e-15,0.0,0.0,0.0,0.0,0.0,0.0,0.0,0.0,0.0,0.0,0.0,0.0
9.629279024916117e-6,0.00019764418346576173,-8.857776377063809e-16,7.124231096113657e-15,-2.520993530075578e-16,-0.0008589980962784738,0.0005459130545314554,0.00016489950042284575,-0.0007688455765593498,-2.063811890828865e-13,0.0016824558901150184,0.0005959870626339305,1.7584030388294742e-14,-0.0003868216705967115,-4.7864963311279826e-5,-9.432864921219046e-5,-3.941399647023394e-5,-0.00044057582418712563,-7.201950288127348e-5,-4.1837178862800994e-5,-6.138553062089985e-5,-7.338408601390283e-5,-4.532033159992261e-5,-3.4675014252520146e-5,-6.313064366287314e-5,-2.3194795481969587e-5,-7.061629311483523e-6,-7.57201640224586e-17,-1.222552264873339e-16,8.706959109896707e-17,-5.3253992648648726e-17,-4.4779322637517884e-17,3.878612925669657e-17,8.268178748070108e-17,1.5769306266153394e-17,2.2377089114984444e-17,-5.197347016812378e-17,-5.44756155265565e-17,-8.365780114460462e-17,-5.23926439807249e-5,-3.420659651259225e-5,-0.0002680410315739105,-4.370021023105599e-5,-7.111372712463076e-6,-8.212532476030033e-6,-3.571303332942646e-5,1.696151852626296e-6,7.06170551564214e-6,1.0489402090133996e-5,2.7782937013784617e-5,1.1265697788077753e-5,1.8151518323988345e-9,9.798569496546378e-17,6.429927162161421e-10,-7.075523758741346e-17,-1.9592071488311584e-17,-7.633263205382621e-17,1.9927807503465147e-17,2.6609729860645572e-17,3.69325985814206e-18,4.771717115181223e-19,-2.1148734201455457e-16,-4.787770027863244e-17,2.924978389704466e-17,1.0957995252422892e-17,1.1211791029718113e-16,9.612437284147243e-17,2.0493262818832426e-17,0.0,0.0,0.0,0.0,0.0,0.0,0.0,0.0,0.0,0.0,0.0,0.0
-3.652833236009613e-7,9.53904999854511e-7,-3.6418844856408924e-16,3.4450626954388677e-15,-6.640535305720075e-17,-4.380389788639301e-6,-1.1000629984527805e-5,3.559529899804227e-7,-3.0809526638066372e-6,-5.0517546906959027e-14,4.392770449720711e-7,1.5560790473633664e-7,8.432202955372945e-15,7.600693897626223e-5,-8.255366768824348e-7,1.0656234366895895e-6,2.5595384479284096e-6,-9.988698657251845e-6,9.556840700696179e-7,1.0118810535709582e-6,7.167138472548744e-7,-4.10490753706972e-7,4.394969358872008e-7,-2.930846845226338e-7,-3.368900249830098e-7,-1.2550691261595265e-6,1.9812489367434824e-9,-4.5896155722148873e-17,-5.834881198636933e-17,8.2277865152295e-17,-6.797645115491514e-17,-2.235968232926104e-17,3.930998975253002e-17,2.5107670000679154e-17,-8.126848548096078e-18,-1.1788547188786242e-17,1.2766245409803551e-17,-1.133395235048668e-17,-1.4558964787406988e-17,-4.871247153309762e-8,-1.2470717638051157e-6,3.4093026346031634e-6,-4.774587946582819e-7,-1.3116072966432123e-6,-1.775496338972634e-7,7.430152799489937e-7,-2.490673105523361e-7,8.108593246522344e-7,9.612681759693537e-7,3.4638944415825825e-6,9.593181636263857e-8,5.951085065260635e-11,4.026877133006826e-17,2.1080879166524718e-11,-3.216414139557559e-17,-2.653974460610193e-18,-3.391917388744391e-17,6.215078803942823e-17,-3.7519939566314155e-17,-1.0960770164938735e-17,2.2670620923784707e-17,-1.1826096533892657e-16,-6.535663040622769e-17,-1.3243768903379683e-17,1.742477560066525e-17,2.5899350164626895e-17,4.862430084104553e-17,-2.858718841339312e-17,-0.0,-0.0,-0.0,-0.0,-0.0,-0.0,-0.0,-0.0,-0.0,-0.0,-0.0,-0.0
-0.004962256068049942,0.30823252254140604,-1.1700466789538961e-14,3.88061504303005e-15,-1.80207731315294e-14,-1.2759152450237714,-0.04595089124505496,-0.009281354941536608,-1.3539983085823704,-3.465213655378364e-11,0.05039869658316321,0.017853051193532764,-2.0142903969780743,-0.40881022122762317,-0.04374279656696284,-0.017295279138234563,-0.00357761206248526,-0.08716318354949956,-0.006797367946045433,-0.003921595206521634,-0.0076722669063509835,-0.010702203259181833,-0.00605278117964801,-0.005052980611170084,-0.008329541357934265,-0.003615215515771911,4.159765149003325e-5,2.200900696618308e-15,1.2442145904307813e-15,3.375418194540899e-16,1.4185758263480687e-15,-1.5672148496486806e-15,-7.060109898758629e-15,2.936844468734628e-15,3.4886735356421222e-15,1.2763638012742512e-15,-7.32296057618749e-15,-5.981188472826427e-15,-3.936570631473973e-15,0.009431329787444594,0.005447478916342272,0.04228813948233305,0.007069625592100217,0.012355604325385346,0.008225045096702441,0.021620781496277306,0.01736291062040552,0.018678711005894914,0.027085166875713527,0.019282631958321216,0.0017150644653112553,9.022644816647521e-7,-3.261787620239652e-14,3.196148896986829e-7,-4.0007934268845493e-16,-3.2827831750669024e-15,-4.084511848135506e-15,-8.782811164896024e-15,1.157660025243339e-15,-5.418186285444523e-16,-1.3222430575431254e-14,-1.1826676571707813e-14,3.81255105001238e-15,-9.503610611450073e-16,-4.593416743981223e-15,-1.5987632986528608e-15,1.2998318955975313e-15,-1.2323417181307867e-15,-0.0,-0.0,-0.0,-0.0,-0.0,-0.0,-0.0,-0.0,-0.0,-0.0,-0.0,-0.0
0.013747804846484779,0.08737211879037986,-6.766177865182515e-14,6.017439016334297e-14,-5.624888640472716e-14,-0.3812538081844733,0.407268260784072,0.11125712648194234,-0.3358914218904341,2.7928116268044005e-11,2.7863696920472543,0.9870334776267795,-3.520931327116734e-13,-0.04114112298100025,-0.0038501530454493494,-0.04378497296476676,-0.025297186675329632,-0.16929610447736168,-0.039216249038516476,-0.023095109159067824,-0.030264694127581346,-0.032282847969686106,-0.021328869428811077,-0.014244734567420854,-0.03015955097577287,-0.007375071082660657,-0.004721286191728277,5.030796398508634e-15,7.171477378482127e-17,-1.0614238306253164e-14,4.7163047371520446e-15,-8.10911029509794e-15,-1.4308730299605193e-14,1.4734171970932363e-14,1.7008808730524886e-14,2.132253575174759e-15,-5.810470769610849e-14,-8.875363077366607e-15,-1.831285070014754e-14,-0.04206204855490241,-0.025529223214515298,-0.21482876231011921,-0.0346725285498766,-0.01565149050024369,-0.013407854837063516,-0.0457348260552171,-0.016464568842669017,-0.01675337395236545,-0.0206195945795221,-0.008122399770812217,0.005333768749303766,1.2738728871574868e-7,-4.5768644520343945e-14,4.512519570456629e-8,1.0602432128666362e-14,-3.807977169742078e-16,1.6908660178013193e-14,-3.208083770330752e-14,2.7644290778029378e-14,1.1041599160561415e-14,-3.703823561167585e-14,-1.4149755226763665e-14,1.7200249556768297e-14,3.352335387996606e-14,-3.2478147331528744e-14,2.8235680098197206e-14,1.3400818928205727e-15,5.398048467449183e-15,0.0,0.0,0.0,0.0,0.0,0.0,0.0,0.0,0.0,0.0,0.0,0.0
-1.0844205324261464e-6,8.569308782084937e-6,9.816811711997565e-16,-3.285513756934246e-15,-7.329728701428119e-16,-3.630563297458237e-5,8.11525235443218e-6,-3.2580825682384525e-6,-3.5294474695776445e-5,-1.0530999595939777e-13,6.2679952116480925e-6,2.220351863451434e-6,7.12692861913139e-15,-0.0005016147290970241,-3.83334764235024e-6,-7.810978714400668e-6,-7.087181079908216e-6,-4.269768262359161e-6,-4.044519552841209e-6,-3.796464490478885e-6,-5.259390580925993e-6,-2.2542943342199776e-6,-3.83422469012381e-6,-1.7155344532680432e-6,-2.1208766406296664e-6,1.1066889941076484e-6,3.343625887936468e-8,-1.3744560629265553e-16,-1.8402728002964724e-17,3.2424746783243916e-16,1.2258338924554373e-16,2.679936876200286e-16,-1.6188281572895984e-15,-2.0236143640069123e-16,1.1710816840026698e-16,8.064598998322865e-17,8.165812901010606e-16,4.810409611932775e-16,6.447131262457029e-16,2.4706850264398473e-6,4.371487558014197e-6,2.577048327811932e-6,2.7700958165817135e-6,6.505738306825375e-6,3.0790072774654418e-6,3.5366241276931314e-6,6.060030106698356e-6,4.202522946576369e-6,5.0235973793722815e-6,-1.6131777183696487e-6,1.2586646723523317e-7,-1.0645874203182893e-8,4.39401343259497e-15,-3.77115528475475e-9,2.1446005360166324e-16,3.4985912306561814e-16,8.276355926452948e-16,8.385946607652338e-16,5.709262862506745e-16,3.1016097233463895e-16,1.6134557948299158e-15,9.334868952194754e-16,9.620342394007558e-18,9.912995102113915e-16,1.2569573767735194e-15,9.328377711971655e-17,3.671294849776449e-16,-1.662260736835672e-16,-0.0,-0.0,-0.0,-0.0,-0.0,-0.0,-0.0,-0.0,-0.0,-0.0,-0.0,-0.0
-0.007482951445510894,0.04104384599656322,-1.1041163547161402e-14,1.9831193763625092e-14,-2.319592142804316e-14,-0.17800618265592033,-0.0621970271198877,-0.009469717318330255,-0.16086378466726403,-6.17599190489184e-11,0.022881629147048065,0.008105505186638183,-7.119051559316244e-14,-0.2599993323795512,-0.02346778176685778,-0.019016058438179283,-0.0032596791006413383,-0.10855713447785609,-0.008958453047486867,-0.005623374487180648,-0.011001895168134107,-0.015715482529236918,-0.009182428535564325,-0.00849628914671176,-0.010759401546802674,-0.006624338794095514,0.0001513854102465429,3.8404273982438485e-15,2.154873687764013e-15,1.120372397682077e-15,1.9925463087911995e-15,-3.76474819884442e-15,-3.3312694857273273e-15,3.981696420432555e-15,4.526539516034818e-15,1.3185673136573236e-15,-8.356903271416112e-15,-1.1147003821206066e-14,-6.247532548142708e-15,0.009177316405441373,0.00531921928796902,0.04284152127327764,0.0077941787696795516,0.01364251529574496,0.008959911739795512,0.023809595440214708,0.01922925817306489,0.022196055223220053,0.027446127703888237,0.023785710326790475,0.0017629883457782694,4.3491108745824154e-7,-1.0508529164451771e-14,1.540613219734122e-7,3.886700329751068e-15,-1.8457112201982687e-15,5.0982717629675705e-15,-9.632720138927938e-15,8.85406388572521e-15,4.5875522283754914e-15,-1.1234324653757391e-14,-1.0138829215438738e-14,9.0150621510739e-15,1.2014600787350173e-14,1.3213644355871701e-15,4.408151567029266e-15,1.2201411034868872e-15,-1.000895637542534e-15,0.0,0.0,0.0,0.0,0.0,0.0,0.0,0.0,0.0,0.0,0.0,0.0
-0.007130537707244053,-0.04170330424091637,3.0090424239474505e-14,-2.3972109515906957e-14,2.6795868115435988e-14,0.1820187224048514,-0.20474338280695384,-0.05561871967469537,0.16020015694740955,-1.622013672427715e-11,0.03900078299775791,0.013815495690492362,1.4936323069083724e-13,0.010451680226358047,0.0009533612377711884,0.020966839568368246,0.012432544223907807,0.07960427025201365,0.019104880761938715,0.011238898441712821,0.014580499321341119,0.015383652281893643,0.010217121508712361,0.006725802195847736,0.01453429068572175,0.0033891359458285276,0.002350066078784542,-2.088781962787689e-15,4.0700447771827756e-17,4.553469279427849e-15,-2.3262468287560745e-15,3.315877973128158e-15,8.8444966402918e-15,-6.5232341936038386e-15,-7.980151691823554e-15,-1.0776342408566072e-15,2.5799753564579434e-14,3.2564559617151927e-15,7.52989711579984e-15,0.021255235713911066,0.012887597339495103,0.10840518893983982,0.017530559730228556,0.008322834281965327,0.007019857932250872,0.02367855059873399,0.008954714243594316,0.00922164019092415,0.011355710631584996,0.005007710441354331,-0.002575679613041598,-1.9206838994946502e-8,1.5373441760969002e-14,-6.803754765125826e-9,-5.131694903614184e-15,-3.173522264359176e-16,-8.819117537185999e-15,1.3633146620289213e-14,-1.3451849196129825e-14,-5.447560784387284e-15,1.488836239788236e-14,5.1764454737106565e-15,-7.824328013748285e-15,-1.661933031179435e-14,1.3523122178823513e-14,-1.3170361190268194e-14,-1.0977619254553603e-15,-2.3199730952379003e-15,-0.0,-0.0,-0.0,-0.0,-0.0,-0.0,-0.0,-0.0,-0.0,-0.0,-0.0,-0.0
0.005812854057555971,-0.012161633824389992,3.1455150324296198e-15,-5.6381304710313525e-16,2.580559969534107e-15,0.05286377976650371,-0.07257382922634181,0.019861714278227246,0.04653790297107957,-3.940207479478098e-11,-0.014852641431828718,-0.005261345745402155,-9.504993402953408e-14,-0.11176806587081167,0.006776966195174513,0.015598286162153446,0.024968630738769648,-0.048536289115895366,0.01640881419467764,0.010940681430421343,0.009470616501759656,0.00356284296657479,0.00672743461146051,-0.0012963061100955012,0.01751847149221355,-0.003437988537286869,0.005346351986987527,1.0803361807375731e-16,-6.228387702182784e-16,3.784242367106956e-16,4.135617324527993e-16,5.655444673752524e-16,1.0579265664891718e-15,-1.0659592618351782e-15,-1.0273152794053071e-15,8.365410014039937e-16,8.198197439820054e-16,1.756845109390034e-15,2.075616441293823e-15,-0.006673998192561885,-0.01607081101151047,0.007082576476152369,-0.01159978896350156,-0.019819948093173473,-0.007183986053309821,-0.009014170824367824,-0.013866719833947171,-0.0015113909864115347,-0.03100717763567357,0.0035785362011043044,-0.018413552953322785,-1.7566081799394022e-7,9.547560454407235e-15,-6.22254492961289e-8,1.172565024014711e-16,6.258520969469218e-16,1.489255631588754e-15,3.2964896205129806e-15,4.361130497202539e-16,6.165286460213014e-16,5.132614443882798e-15,3.69878544387759e-15,-9.984614731025219e-16,1.972517468558834e-15,2.6936871055777056e-15,9.780367655857495e-16,2.378185515793556e-16,-1.28075387980999e-16,-0.0,-0.0,-0.0,-0.0,-0.0,-0.0,-0.0,-0.0,-0.0,-0.0,-0.0,-0.0
-0.009017351995805079,0.03928703816227586,-1.0372501295011793e-14,1.9452233766181416e-14,-2.1013820094025515e-14,-0.1704491752582258,-0.012611540515503322,-0.01786006283442022,-0.15339595452447602,-2.946511968692216e-11,0.026063964922211885,0.00923280425110848,-2.8051533484746998e-14,-0.15180790870761615,-0.02237285344405433,-0.02333763913280311,-0.015495931304779631,-0.06229976080333042,-0.015667646442353533,-0.010164427980422976,-0.013732287411481069,-0.01448004333548418,-0.010854877545325969,-0.006165692052835329,-0.01768955383020652,-0.003556645406158701,-0.0026354958204905326,3.5288880525148105e-15,2.5432228397746045e-15,1.5202141425521328e-15,1.6444332398398344e-15,-3.684210001613795e-15,-2.813665239219369e-15,3.8052080897027995e-15,4.237516559658218e-15,5.967150030409173e-16,-6.4650734903314006e-15,-1.1187918508819973e-14,-6.293499179398058e-15,0.010823234836158432,0.012565193711060707,0.030811369691708845,0.012251404971561531,0.02119358372440996,0.010911484347950803,0.023802619058307994,0.022618344660808254,0.0186338253430248,0.03806903195596392,0.01729034779502401,0.010914505094445243,4.495191091259333e-7,-1.480982105190917e-14,1.5923601448928653e-7,2.7994364737988345e-15,-2.387438079175651e-15,3.1806997171224163e-15,-9.706993459526353e-15,6.444889788078626e-15,3.410049898894407e-15,-1.2406592774122463e-14,-1.1157618333923822e-14,8.405007791330878e-15,8.998225923480794e-15,6.643357457912156e-16,2.2850867579274814e-15,9.104127041297356e-16,-1.372125817920515e-15,-0.0,-0.0,-0.0,-0.0,-0.0,-0.0,-0.0,-0.0,-0.0,-0.0,-0.0,-0.0
6.087315830133539e-6,-3.479640551356113e-5,-3.332238751631381e-16,1.6650022580635684e-15,-4.438404057336079e-16,0.0001501007490520578,4.63638711530166e-5,8.258005401661114e-6,0.00013655267809457652,5.248194801887485e-15,-2.0537868359469786e-5,-7.275259887064221e-6,-3.7741955925500014e-14,2.3218781677072253e-5,1.93341821391956e-5,1.8593399075293837e-5,4.744799806916954e-6,8.521327415177782e-5,8.241482012576323e-6,5.657280200838754e-6,1.0476155528246602e-5,1.2194575563691016e-5,8.123159065679467e-6,7.2051859765159405e-6,9.010008603267763e-6,4.81059044396426e-6,-1.2547295526945206e-7,2.8392163915392867e-16,3.991047403134069e-16,6.060572624581117e-16,2.1818712316992706e-16,-3.045500954714766e-16,2.1173291228627925e-16,4.706454831392569e-17,1.7594726866258403e-16,-1.5250646769114142e-16,8.968347433695917e-17,-6.475009087665812e-16,-8.717496128065506e-17,-8.375167634947912e-6,-5.5303479199667425e-6,-3.4197227374331905e-5,-6.91887313264386e-6,-1.2852589330746973e-5,-8.056747927719777e-6,-1.8731644551394934e-5,-1.6542890190945973e-5,-1.865720786631885e-5,-2.2786412130170982e-5,-1.8135546058265382e-5,-1.474299696572078e-6,6.4528286394783725e-9,-1.1334179789165468e-15,2.2858264384465217e-9,-3.473900201870559e-16,-4.2677741062161936e-16,1.7025075152635503e-17,-1.7179869796035735e-16,-5.82907451536753e-16,-3.1271056275834457e-17,-6.004476786864118e-16,-5.309816376744824e-16,3.6413288990053744e-16,4.053840220718714e-16,3.682878220682921e-16,-5.40503509022803e-16,3.4972769159601726e-17,-5.526015814808562e-16,-0.0,-0.0,-0.0,-0.0,-0.0,-0.0,-0.0,-0.0,-0.0,-0.0,-0.0,-0.0
0.024830615633992116,0.04491675321624138,1.716406895333119e-15,2.4729842081247797e-14,4.728217617398579e-15,-0.19647956829600927,0.1629339049707744,0.13331670098778084,-0.17184740868366744,-1.3412257427806702e-10,-0.07354316262936979,-0.02605166276853021,-1.632152064836381e-14,-0.5006968978962713,-0.09623525930745527,-0.01627681504235759,-0.0029047900789761,-0.1209905160571112,-0.019092250437507386,-0.009874085236332783,-0.013906254352887787,-0.01670459408399942,-0.008535246363364524,-0.00836140351486447,-0.007578973140924026,-0.004698343285309019,-0.0006018210549753294,-9.354172286810396e-16,-3.012539114088464e-16,-5.86656051944999e-16,-1.6446339333056443e-16,1.7046582633843676e-15,-2.383544882548655e-15,-1.0120977955923884e-15,-1.5548214841301592e-15,-8.083002003715798e-16,2.272167907356637e-15,4.376919968921642e-15,2.3606041266524244e-15,-0.05583177288177701,-0.04330615354376886,-0.24903951065123672,-0.05115765571183395,-0.04328374702550668,-0.026877060571259926,-0.07375963329474186,-0.043936093422756756,-0.03687511388049657,-0.06853750584216027,-0.025306318292602364,-0.010824759101506603,-5.126671578890851e-7,1.2664947268050348e-14,-1.8160535045566584e-7,-8.8632614954464015e-16,1.1330519773351776e-15,3.202860843789389e-16,4.413165245131779e-15,-1.5850470365375437e-15,-5.951225853638842e-16,5.5724537409739626e-15,4.501995746265294e-15,-2.5177216795201406e-15,-1.5820623810427139e-15,6.150720194739087e-16,-7.311285963178414e-16,2.5026035551228823e-16,2.0070002036104022e-16,-0.0,-0.0,-0.0,-0.0,-0.0,-0.0,-0.0,-0.0,-0.0,-0.0,-0.0,-0.0
0.0,0.0,0.0,0.0,0.0,0.0,0.0,0.0,0.0,0.0,0.0,0.0,0.0,0.8999999999999995,-4.162594057768046e-18,0.0,0.0,0.0,0.0,0.0,0.0,0.0,0.0,0.0,0.0,0.0,0.0,0.0,0.0,0.0,0.0,0.0,0.0,0.0,0.0,0.0,0.0,0.0,0.0,0.0,0.0,0.0,0.0,0.0,0.0,0.0,0.0,0.0,0.0,0.0,0.0,0.0,0.0,0.0,0.0,0.0,0.0,0.0,0.0,0.0,0.0,0.0,0.0,0.0,0.0,0.0,0.0,0.0,0.0,0.0,0.0,0.0,0.0,0.0,0.0,0.0,0.0,0.0,0.0,0.0
-0.013884910668044986,-0.00963687250463967,2.2766688769969706e-14,-1.1944215522259999e-14,8.421333192954592e-15,0.04180356104255918,-0.2843003107300412,-0.0700198271587422,0.03736599416345038,-7.012625833915327e-11,-0.009344466237155694,-0.0033101497740213328,8.542176113747717e-14,-0.2096831670380666,-0.015650754823607893,0.006495456832718516,0.01063144032667612,-0.007509395997705892,0.01266086545304612,0.007032276865374627,0.006013771360758712,0.0027744916222792308,0.0028859742742632522,-0.0002802375637904959,0.0062949257681108725,-0.0022091248164904658,0.0026035284266409386,1.1194727151795977e-15,1.941882494567113e-15,5.7500769532080964e-15,-7.1002910169428635e-16,3.1264841277945994e-16,6.3352019008033654e-15,-3.522934188371843e-15,-4.538428346470311e-15,2.6104256297266277e-18,2.006403974180875e-14,-6.0334058358973485e-15,2.6855101199514698e-15,0.030597587715252183,0.018173262591771464,0.15356728771080377,0.025424783802786236,0.020526179649967204,0.01513933644736447,0.04585498547024925,0.02601291631573879,0.029124290036188778,0.03505345579559813,0.026064867107900132,-0.0013652356135230876,-1.7528342413909633e-7,7.883199427984924e-15,-6.209175837966724e-8,-1.9736675260152222e-15,-1.8324330977298144e-15,-4.687619620382309e-15,6.215063871181146e-15,-6.472227581957386e-15,-1.7380984612845551e-15,6.31414046084512e-15,-2.9471224749853864e-15,-4.753781067694996e-16,-6.9809094810215506e-15,1.556282282192265e-14,-1.0039204225774532e-14,-1.3078858721798948e-16,-3.327981252315971e-15,-0.0,-0.0,-0.0,-0.0,-0.0,-0.0,-0.0,-0.0,-0.0,-0.0,-0.0,-0.0
0.027911008639931338,0.02555575308928661,-2.225790104816962e-14,3.2030336697934815e-14,-1.2886204222848466e-14,-0.1130817607496738,0.4274697390243224,0.13927005456513725,-0.09453162779156363,1.0927084377269808e-10,-0.11763560267070815,-0.04167080855361128,-1.3926149577523564e-13,-0.7755666615231571,-0.08429899442773993,-0.007107991932642569,-0.0010154515882014284,-0.07092637613176332,-0.014613656527687912,-0.007136776073714367,-0.008688822965794448,-0.009478343134147159,-0.004271124093493903,-0.004526695781542947,-0.002411707263870412,-0.0017671254268145358,-0.0006053491370385576,1.9664996920264063e-16,-8.400454682456983e-16,-4.610715616428449e-15,1.506100839504348e-15,-8.152317137175864e-16,-7.710630477343365e-15,3.725011335929671e-15,4.543596961794606e-15,1.0408467032246229e-17,-1.892666768665611e-14,3.677225549977437e-15,-2.797414428018043e-15,-0.0590729029445851,-0.045236633508642446,-0.26338425740404864,-0.05391305651635916,-0.04893352471734717,-0.030550662674290414,-0.0831832283239312,-0.052004111634701186,-0.04608679470330904,-0.08037169929725844,-0.03533735575155226,-0.011739324820190054,-7.292320340492779e-7,-4.8653333629282145e-15,-2.583205111167569e-7,2.0455726363417275e-15,1.0306091880849401e-15,5.567162672387376e-15,-5.923640815182934e-15,7.245301735031203e-15,2.692450710241118e-15,-6.425589592419276e-15,1.4574343068287513e-15,2.1503153386513427e-15,9.244409927953968e-15,-1.2688141940660506e-14,9.22392221444741e-15,7.565180780672423e-16,2.4496593058940435e-15,-0.0,-0.0,-0.0,-0.0,-0.0,-0.0,-0.0,-0.0,-0.0,-0.0,-0.0,-0.0
4.983425763745734e-9,-1.3938776795706012e-7,2.700706834365931e-20,-1.0597825770910183e-19,4.08138806818795e-20,1.9584577171963252e-10,1.3215884350739268e-11,2.1181859849102057e-12,8.21727264280601e-7,2.7845691247313285e-10,-6.8176185784933854e-12,-2.4150534305955673e-12,1.3013832171412969e-17,1.9230973259522311e-7,1.3265881819802194e-8,4.2425469307158315e-12,7.631720057528884e-13,2.3610542493458736e-11,1.9344168510705457e-12,1.1966710795256136e-12,2.337269413446157e-12,3.322914835367247e-12,1.932149824818125e-12,1.7586107048989482e-12,2.3273702327313948e-12,1.3533117198768264e-12,-2.784702990573705e-14,-7.807418465675745e-21,-3.450459931513243e-21,-2.2508823503002487e-21,-4.22536919291257e-21,6.5741599401744375e-21,4.3759640407952876e-21,-6.368729361814423e-21,-7.404835889970445e-21,-3.3273949879233794e-21,1.5133883293271363e-20,1.9515334854616043e-20,9.667320099331099e-21,-5.7656845675220045e-9,-5.328673700394346e-9,-4.128796297482843e-9,2.0913439849796586e-9,1.2104752727222435e-8,3.0694065629572088e-9,-4.0185458164814515e-9,-2.2386910400259606e-9,6.480278228411149e-9,4.3962971292346025e-8,-2.0573025533903874e-9,-1.0187393711553862e-8,1.1392155347601986e-16,1.6547613398745057e-20,3.819788974064924e-17,-6.97497570170051e-21,3.5055351246668814e-21,-9.594454734971308e-21,1.5582387864256486e-20,-1.6414644846649313e-20,-8.703715012293016e-21,1.7514175811815472e-20,1.6269943079045147e-20,-1.5878716272078386e-20,-2.312118934946568e-20,-3.6310164196550695e-21,-8.763483511329095e-21,-2.2167906678664023e-21,1.7630333392185342e-21,-0.0,-0.0,-0.0,-0.0,-0.0,-0.0,-0.0,-0.0,-0.0,-0.0,-0.0,-0.0
3.828299713227568e-5,-0.00024757784270268874,-1.4272545171847742e-14,8.082659464905383e-15,-1.4141173437617544e-14,0.001065828688784413,0.00016500841483728108,0.004990616576144656,0.0009994950991244578,-1.7761704248781614e-12,-0.0008020755196853546,-0.0002841243184106696,-8.057941490769196e-14,-0.006556266638866944,0.00015688986530708012,0.00011435175089116255,6.310882987873795e-6,0.0006924705314409479,3.9978602206014306e-5,2.5178674141791244e-5,6.59482400771761e-5,7.591096524029421e-5,5.421958874367553e-5,5.100335931204725e-5,6.834751607322418e-5,4.687680192172899e-5,4.496396270348841e-7,1.41853856356242e-15,2.3530986096804454e-16,-1.7266117484759236e-15,1.3133959915975934e-15,-2.0670666250053253e-15,-3.587662825466193e-15,3.253894123511113e-15,4.053875742839565e-15,7.312605050663862e-16,-1.2684441611952184e-14,-2.698276315570306e-15,-3.970432244727915e-15,-3.3486951754028e-5,-9.893122442156362e-6,-0.00016207581497246787,-1.766009501244384e-5,-5.2321356362577904e-5,-4.3631908536120844e-5,-9.57980688687572e-5,-9.754384189585193e-5,-0.00011697210157156484,-0.0001481951381546262,-0.00014902777441706642,-1.1595829171724103e-5,1.1045121489253084e-7,-2.9843131886529395e-15,3.9125834360291065e-8,3.283524827797896e-15,3.6251713730419367e-16,6.167244082719067e-15,-6.608645871366979e-15,7.843307431380045e-15,3.620884429359087e-15,-6.586443503879471e-15,-2.183746779000811e-15,4.8434486644562166e-15,1.0911049780000973e-14,-4.6792755364887176e-15,7.452626987120976e-15,5.598202901638464e-16,8.640315109673705e-16,-0.0,-0.0,-0.0,-0.0,-0.0,-0.0,-0.0,-0.0,-0.0,-0.0,-0.0,-0.0
0.003042103982392431,-0.019113253723886912,-9.70179543105638e-15,-7.820366896725517e-16,-3.473297758485164e-15,0.08233197862072782,0.26437082562268616,0.0009627369986363253,0.0763152920856365,-9.156583853712987e-11,-0.04329036451339676,-0.015335021463745732,-4.2376297728766235e-14,-0.2683137295463626,0.011779358972105724,0.009054471353694095,0.001883027606864002,0.049371669365361984,0.0044386153052756476,0.002712130487030215,0.005151483144190591,0.007150339980594546,0.004209902678790842,0.0037837043718832565,0.005098918358166163,0.002884341054936383,-3.977721656527433e-6,-2.864619242381877e-16,-7.740972451948094e-16,-2.2974450940353876e-15,3.571733509379365e-16,-4.528313021687326e-16,-1.7394280611415035e-15,1.4832227096574188e-15,2.0445516576858487e-15,8.745218612611822e-17,-8.514412283326932e-15,1.9985582969077128e-15,-1.1875980005450762e-15,-0.0032076361386579396,-0.001920580398509972,-0.0141826659448971,-0.0027377432385507564,-0.00559747097364107,-0.003629973906296926,-0.009327792100721138,-0.00797047166281454,-0.009094716557778179,-0.011686051480959287,-0.009882007196651915,-0.00090295756998743,-3.2701609119041516e-7,-1.454598745320443e-14,-1.1584099506754861e-7,-3.5161760713667026e-16,-4.649641657664704e-16,-9.203558922238085e-16,-3.728179032587922e-15,9.870611902696018e-16,-3.3330060843047125e-16,-5.411621009247607e-15,-8.608343355309631e-16,-1.7539244429690307e-16,-8.45495107599497e-17,-8.623934032689098e-15,2.5024344212447427e-15,-5.355988686405281e-17,1.384925642545108e-15,-0.0,-0.0,-0.0,-0.0,-0.0,-0.0,-0.0,-0.0,-0.0,-0.0,-0.0,-0.0
0.0,0.0,0.0,0.0,0.0,0.0,0.0,0.0,0.0,0.0,0.0,0.0,0.0,0.0,0.8999999999999996,0.0,0.0,0.0,0.0,0.0,0.0,0.0,0.0,0.0,0.0,0.0,0.0,0.0,0.0,0.0,0.0,0.0,0.0,0.0,0.0,0.0,0.0,0.0,0.0,0.0,0.0,0.0,0.0,0.0,0.0,0.0,0.0,0.0,0.0,0.0,0.0,0.0,0.0,0.0,0.0,0.0,0.0,0.0,0.0,0.0,0.0,0.0,0.0,0.0,0.0,0.0,0.0,0.0,0.0,0.0,0.0,0.0,0.0,0.0,0.0,0.0,0.0,0.0,0.0,0.0
-0.007483464128809558,0.04104683736001449,-9.88435603098654e-15,1.6689785733591417e-14,-2.041568406824563e-14,-0.17801663002600138,-0.06220392344031485,-0.009470044727636368,-0.16087463164527085,-6.173612146813753e-11,0.02288541158917441,0.00810684506519487,-7.475012591285248e-14,-0.260032750052109,0.42333877994325925,-0.019018443759632037,-0.0032599550998169595,-0.10856317937315736,-0.008957154449303284,-0.005623442791974226,-0.011003791973898953,-0.01571391726710674,-0.009183942864331465,-0.008497223413602399,-0.010760233571326579,-0.00662510028107527,0.00015139077975806308,3.4105508456091454e-15,1.8222248726427477e-15,1.0155552629514433e-15,1.7809123616316436e-15,-3.2645376790022756e-15,-2.79281157994126e-15,3.4682895531046215e-15,3.936613804499728e-15,1.2678284693510495e-15,-7.46696539543013e-15,-9.788655796690401e-15,-5.425143388420731e-15,0.009178227121832356,0.005319497987981225,0.04284348935610934,0.0077934586626299575,0.013642973113576169,0.00896106134772783,0.023808568956135232,0.01923143443497163,0.022198142207903948,0.027447030395771656,0.023788255819924796,0.0017630571499596505,4.1409189919044104e-7,-9.318143304766872e-15,1.4668640857110965e-7,3.4545215405020844e-15,-1.5872172492701466e-15,4.533731643248296e-15,-8.442913520906006e-15,7.809608902262011e-15,4.046410143536956e-15,-9.729597761081265e-15,-8.823983720586325e-15,7.891689953587487e-15,1.0656973270589154e-14,1.2426541868381434e-15,3.9996095380723525e-15,1.0654471940026596e-15,-9.309489825796324e-16,-0.0,-0.0,-0.0,-0.0,-0.0,-0.0,-0.0,-0.0,-0.0,-0.0,-0.0,-0.0
0.003949446885697384,0.008195960941438745,-1.0568218726451462e-14,5.662693092005343e-15,-7.311459641660041e-15,-0.035817719049750334,0.0286451835976425,0.021894229395787848,-0.03146245537601964,-4.697040110140739e-12,-0.01201087490280824,-0.004254688693522386,-8.053114852725462e-14,-0.028298233345637913,-0.06869498363599669,-0.002899742130531492,-0.0010385800094515516,-0.02364417409375706,-0.0019281844965855814,-0.0013803396163864353,-0.00203526902112697,-0.004906124061094176,-0.0009431957631038692,-0.0010002178972765702,-0.0014912778150771356,-0.0005945075475997713,-3.965719987035274e-5,2.2653573527931894e-16,-2.874935833656124e-16,-1.9872336057937746e-15,6.687701185228978e-16,-8.248400020839805e-16,-3.1732606281201414e-15,2.0462292171685915e-15,2.6313328409546246e-15,1.599048536896836e-16,-9.536557526250577e-15,5.5061613968559e-16,-2.166261155356581e-15,-0.00955042286524778,-0.0075321310522000855,-0.04558337378240664,-0.00583584317288757,-0.005574841230922187,-0.004073685049349941,-0.019905600651258352,-0.0038047958849710345,-0.004772280709601826,-0.008878742528413225,-0.0036530192878512923,-0.0015772471842772815,-9.94940915177361e-9,-2.041970632542586e-15,-3.524444717431008e-9,1.748970666037567e-15,6.780009884799878e-16,3.711374136649467e-15,-3.9024051250638965e-15,4.492729354927275e-15,1.81171066088875e-15,-3.854712774067239e-15,3.7937714123214654e-17,1.9836206402011043e-15,5.97523716638602e-15,-5.3309169522847534e-15,5.112721611799634e-15,2.9861940362630993e-16,1.0318247665769298e-15,-0.0,-0.0,-0.0,-0.0,-0.0,-0.0,-0.0,-0.0,-0.0,-0.0,-0.0,-0.0
0.02084538646788866,0.036938000140751624,-7.311726501223734e-15,1.6576553637450764e-14,5.64536903249966e-16,-0.161585250049589,0.1341078698638641,0.11136425419213426,-0.14122950156168973,-1.2934817470670014e-10,-0.06142339923500611,-0.02175840181138343,-9.611320557350952e-14,-0.4743012592165,-0.027663273021050074,-0.013489104911898626,-0.0019183775333887437,-0.09781204055570773,-0.017235924464751914,-0.008539863727401426,-0.011935033214623863,-0.01189301431064303,-0.007643724820736645,-0.007401919494758407,-0.006141574216851014,-0.004121602828907591,-0.0005613371363866835,-8.168367527387415e-16,-1.3724100631505065e-15,-2.285323823081797e-15,5.598916523177671e-16,1.2053812957300908e-15,-3.1099411129164685e-15,3.367192068829571e-16,5.324305724419847e-16,1.8581623935745417e-16,-6.805532199407e-15,5.748621898052367e-15,1.4362465862582468e-15,-0.04623084161446846,-0.03572781753497102,-0.2032661528165926,-0.04526670060459384,-0.037614229049186036,-0.02275496268694283,-0.05372233877211656,-0.040029118861909796,-0.03199744295751803,-0.05952796913034996,-0.02157397483784725,-0.009237188213055537,-3.917343413458985e-7,7.324722108058442e-15,-1.3876655113630129e-7,2.929851130554453e-16,1.624266479143353e-15,2.7729340515125342e-15,1.4764552977212349e-15,1.766761528873945e-15,5.668060648084919e-16,3.1703914922907558e-15,5.646946118139733e-15,-1.7666937305790452e-15,3.0553904935753295e-15,-4.7279584443154296e-15,4.3586933527187255e-15,1.8475960367267333e-16,1.1377121610471855e-15,-0.0,-0.0,-0.0,-0.0,-0.0,-0.0,-0.0,-0.0,-0.0,-0.0,-0.0,-0.0
-0.0023066219560833154,-0.0637453131399786,3.53362354832363e-15,-7.59770062256477e-15,9.6273869488247e-15,0.27559019242671023,-0.06553103735256689,0.0055751800874856965,0.25673046535105515,-5.008853312520809e-11,-0.007293103576163875,-0.0025834825170527316,-1.2619890017669538e-13,-0.08185099135129943,0.010120984646698033,0.41237040961802157,-0.0011713653525296365,-0.04727788562488003,-0.007194980479863871,-0.005949975729535446,-0.012005463620298584,-0.011699598919533316,-0.00878771779469268,-0.009587616750100527,0.004489550990528716,-0.008504791720942387,5.991774265583433e-5,-8.631832192885678e-16,-6.863507296078514e-16,-3.106960162444503e-16,-5.849359213376035e-16,1.0416926400500087e-15,3.2162089603333498e-15,-1.3116433566060168e-15,-1.6387809051151408e-15,-4.511903830382788e-16,3.2452049603747273e-15,2.9057596359035733e-15,2.171402276525468e-15,-0.10290951948914782,0.0009769063813099374,0.009848444095579514,0.0042602221223518215,0.009571138434939333,0.005873942597039712,0.010789836877495323,0.011128384442288338,0.0181260166162743,-0.008007992522361099,0.02144899134631086,0.00023714785680329202,-3.1773438384699837e-7,1.4018632314891382e-14,-1.125530726008748e-7,4.7977203845378285e-18,1.4973564355152654e-15,1.3396667063634377e-15,4.138069296712637e-15,-8.30683579831118e-16,-1.4776190344093043e-17,6.3302006616491974e-15,4.996406039471137e-15,-1.9991415838454923e-15,1.9103770346396688e-17,2.2287361252296105e-15,3.03670072754752e-16,-4.87607351440573e-16,1.907402202923483e-16,0.0,0.0,0.0,0.0,0.0,0.0,0.0,0.0,0.0,0.0,0.0,0.0
0.0002466883640935544,-0.03940169539050705,1.486347753529643e-14,8.862992419278953e-15,2.9794299265823394e-14,0.17121972913010508,-0.07010937306348679,0.010491243881416482,0.15363721142078074,-4.331529800137873e-11,-0.008947757291823285,-0.0031696210383957706,-8.995950747371305e-14,-0.09053714594006156,0.015249000929615725,-0.018450232308078653,0.299624895408973,-0.06427581080707222,0.008280706326982853,-0.006347539969965563,-0.010915105062555512,-0.008927784725807646,-0.009000326120250807,-0.010151032804617773,0.014144545370803436,-0.009354310156943196,-6.702468791143463e-5,-4.825317532164166e-15,-2.862284217426649e-15,-1.1407265336624876e-15,-2.2823622960103528e-15,4.46590273943863e-15,4.5576017689411414e-15,-5.1985763473517845e-15,-5.91892372165424e-15,-1.644626241415083e-15,1.0622905281624125e-14,1.401804449916185e-14,7.761683595849752e-15,0.0040760315750957565,-0.1656063630016348,0.015172172923613635,-0.006949802171249617,0.009235844609051393,0.00437491592453147,0.006387250067179997,0.009876465844033684,0.01825696087481828,-0.022881915194381916,0.022202747123981847,-1.4349097356085327e-5,-4.639004773323534e-7,2.0446388132826655e-14,-1.6433041713835457e-7,-3.969861191253962e-15,3.1750906439497228e-15,-4.022782892338103e-15,1.295705455536804e-14,-9.972578140801169e-15,-4.596041817097892e-15,1.588385209147556e-14,1.4499401127052166e-14,-1.098449128867085e-14,-1.2811709260218512e-14,2.5178045610122013e-16,-4.852048981855683e-15,-1.247378214074091e-15,1.0768283698769865e-15,0.0,0.0,0.0,0.0,0.0,0.0,0.0,0.0,0.0,0.0,0.0,0.0
-0.0038257652716084784,-0.05024136026679114,-2.275654725618571e-15,1.3689148578507316e-14,-8.268067082060317e-15,0.21759353845974239,-0.06301614744811362,0.001138819958664229,0.20050688444612055,-3.625029060590926e-11,0.0005657007424585625,0.00020039177598716215,-7.727088494500618e-14,-0.03936977872157519,0.02209838342598153,0.007246146692064367,0.006897346766310536,0.3142201177555921,-0.005241193275836512,-0.005700108345473908,-0.011289923683016043,-0.011752119185435903,-0.008979247686704698,-0.009068493125209421,-0.004076170459486854,-0.007873923905304624,7.31748557751736e-5,1.987361638040239e-15,9.738141366764227e-16,5.748837928025609e-16,5.675786750702219e-16,-2.0803970414771963e-15,1.829947130773226e-15,1.6096126444307127e-15,1.4322838343229773e-15,3.983546368859347e-16,-3.09514891154591e-15,-5.993399411646747e-15,-3.159704554796121e-15,-0.00162598666797202,-0.0035560583347242934,-0.09172788630721536,0.0033806456196805897,0.010336636106311128,0.006439028169529548,0.01297955679901219,0.013409797954324768,0.01861130881008151,0.00779439448066236,0.021611718296075083,0.0007247562305622824,-1.1259530413176627e-8,4.661730235907807e-15,-3.988535271994136e-9,3.070780273067866e-15,1.983183899870891e-16,5.131774405401543e-15,-3.4284711412750924e-15,5.392075862363482e-15,3.3183684513329854e-15,-2.605578168795112e-15,-2.672614930271955e-15,4.7516900807127616e-15,8.627346997391133e-15,2.9446508640947147e-15,4.03395791051317e-15,9.343837338029208e-17,-3.660713102558141e-16,0.0,0.0,0.0,0.0,0.0,0.0,0.0,0.0,0.0,0.0,0.0,0.0
-0.0018340225411692518,-0.018023283502209917,3.011509605230781e-15,1.231067804013412e-14,3.0531642327188857e-16,0.07884653207679433,-0.06773377219496632,0.004599260511181826,0.0673850549862319,-1.5682984284215525e-11,0.0011785289225585895,0.0004174778042772883,-9.074132159510273e-14,-0.009527435695479742,0.008437205304796882,-0.019134220476874884,0.02592494550418445,-0.0924723427886366,0.245073900781586,-0.006156459262769801,-0.01294160315632023,-0.012561154310353045,-0.006537774547011158,-0.00968080527963152,0.0005013377055905537,-0.00858592809342108,-1.1695530481277279e-5,1.4275389294130392e-16,-8.451294863439096e-17,1.686920899992104e-16,1.0888621855166391e-16,3.184396819796481e-17,-1.5641017192574916e-17,-1.383659712178704e-16,-1.594968498864846e-16,-2.9786429543840406e-17,1.2765823130138592e-16,2.7807002980829615e-16,2.415431530203723e-17,0.005760421124870763,-0.015398483841567745,0.028519843387583434,-0.14829968776778155,0.010567816348556965,0.0067852770632406915,0.013512694992259648,0.009057169219441292,0.019473222921497557,0.0005315032401933019,0.022702099052648986,0.0005070103930243826,-4.257927525770875e-8,5.8328477748407894e-15,-1.508312730980376e-8,6.042788087985803e-16,6.529656080779098e-16,1.6544820352659974e-15,6.201051033974391e-16,8.235814012175736e-16,7.820507871472361e-16,1.3236723706052782e-15,1.3267984247620112e-15,2.374301241804694e-16,1.8235829548746585e-15,1.3456294898106014e-15,8.050431180914342e-16,1.4740312304358467e-16,-5.573915573997162e-17,0.0,0.0,0.0,0.0,0.0,0.0,0.0,0.0,0.0,0.0,0.0,0.0
0.004965105616666304,-0.009358816320313103,3.369152238261524e-15,5.195965611647112e-15,1.8348670521805803e-15,0.04065746952506042,-0.0733562599481339,0.01793066300375394,0.0357491073461621,-3.238217788965005e-11,-0.011845958025671375,-0.004196269138027893,-1.0981149065663267e-13,-0.08882640280566252,0.0036034923766573306,-0.016669780116556007,0.00027355956247354245,-0.0022373722195997204,-0.008284178778244583,0.1327254164682335,-0.013710841188093134,-0.014386421786624899,-0.009655880779686833,-0.011158977745532612,0.0006023446441862457,-0.010458385080393841,-0.0002050741595243086,-1.797832035530446e-16,-7.066796781252637e-17,-1.0454826363960435e-16,-1.3269363376827673e-16,1.5697673152625488e-16,5.471988662691842e-16,-1.1010500117347635e-16,-2.6531552871198145e-16,6.3701235982650154e-18,1.0271942006994988e-15,1.4121509335514223e-16,5.0571750213075164e-17,0.0016288802003243496,-0.0021360688256371217,-0.00674535806328451,0.003707196628148923,-0.20307466435208255,0.004281327192727302,0.010235192639596121,0.008132186586633165,0.018327569301336923,-0.008910480649550063,0.022015119994088526,-0.0007843160992912375,-1.0793610165572414e-7,9.256502646097505e-15,-3.8234891794085917e-8,8.553812810503882e-16,1.0080553049362495e-15,2.2386493878257316e-15,1.2876988151048793e-15,9.832735314621703e-16,1.0509953005747853e-15,2.6438473557409232e-15,2.025873730790978e-15,4.0099137310907165e-17,2.3058548718441455e-15,1.8429504726396028e-15,1.0889879381588136e-15,1.259192420249488e-16,-2.0542785576069367e-16,0.0,0.0,0.0,0.0,0.0,0.0,0.0,0.0,0.0,0.0,0.0,0.0
0.0035041716402005726,-0.030433304696084826,9.132684065008905e-15,-6.353188959017965e-15,1.1005632131375945e-14,0.13237119374536502,-0.07047528306039547,0.01695180128720996,0.11735029263533828,-4.639558337931889e-11,-0.015618645583309294,-0.005532692273354621,-6.865086779172878e-14,-0.11635261926906298,0.003298921326220821,-0.01882108405522319,-0.002831560156775692,-0.08052358347489592,-0.007630640079364142,-0.004496010078423154,0.27970010350458746,-0.004352841603126268,-0.007894104483171476,-0.007379137734714534,0.005229233535732109,-0.009855487462987937,-0.00014486109950244186,-1.4874518354358776e-15,-9.896086738250583e-16,-4.3768291819985354e-16,-8.520117429413268e-16,1.5655262722692372e-15,2.7291807959424685e-15,-1.9561745998424688e-15,-2.2014692989571878e-15,-5.85613617313502e-16,3.84607739163928e-15,4.595848787123955e-15,2.5436747724504115e-15,0.0027300291906412685,0.00015478337501611614,0.0176398385896267,0.003442656302915253,0.0042065744946803,-0.13537208374181614,-0.0012958617979998098,0.005700162127507237,0.010231695380321518,-0.015534045900674486,0.02097144047535244,-0.0007026120180573843,-2.8993087648963116e-7,1.5980679265588905e-14,-1.0270405911818254e-7,-5.210001708455261e-16,1.6810977671551897e-15,7.48894250355689e-16,5.247993710919398e-15,-2.121843826707898e-15,-9.480261790110968e-16,7.366720884467527e-15,6.3559316987942005e-15,-3.306389453795553e-15,-1.8408332664672262e-15,1.6786062325392657e-15,-4.535728237595885e-16,-6.988546750083583e-16,3.7042418594751015e-16,0.0,0.0,0.0,0.0,0.0,0.0,0.0,0.0,0.0,0.0,0.0,0.0
0.004312093667991047,-0.006284671872863895,1.725882729714952e-15,-1.0625006360484068e-14,8.087246819700085e-15,0.027750094264579313,-0.07293098290167431,0.017001634846443788,0.021172861682443606,-3.8039387631206837e-11,-0.010987361175689377,-0.003892122908923209,-1.3293402935187593e-13,-0.11802888262145318,0.04034144513654463,-0.021488612222004,-0.0030106137392472204,-0.07723339267187633,-0.008076845305976896,-0.00596703080175,-0.012067873346787918,0.1826528542745877,-0.009164898732515145,-0.009493559244882177,0.005310355455698214,-0.010017969936558187,-0.00018714215432380182,-1.7064311059444623e-15,-1.0188363040294947e-15,-5.520153094260451e-16,-7.360734900510608e-16,2.1556214904890656e-15,1.1545023768967674e-15,-2.414252117403629e-15,-3.1294375457691085e-15,-2.9967195482409835e-16,2.2291086733867924e-15,6.094091348688878e-15,3.223675764215458e-15,0.003475993704012632,0.0002292642700788479,0.01758353178509082,0.0038235782155150123,0.007035784062485727,0.0037007612189070504,-0.18870624235875455,0.007912684448520505,0.01529085259575838,-0.014128497773353333,0.02146452508935703,-0.000676360096067284,-1.910878478393575e-7,1.204714257463467e-14,-6.769026363057371e-8,-1.1320712631279615e-15,1.6326170590724138e-15,-2.7193671654270194e-16,5.530908776887324e-15,-2.9623825722394366e-15,-1.3014584062014172e-15,7.139934357676132e-15,6.423267458829881e-15,-3.961103604761746e-15,-3.4705762151606436e-15,1.1206767641378021e-15,-1.2223747997418509e-15,-3.493331225942718e-17,5.724702679389492e-16,0.0,0.0,0.0,0.0,0.0,0.0,0.0,0.0,0.0,0.0,0.0,0.0
0.009379464742205199,0.004903224703457336,2.1556631484090502e-14,2.3315693583246037e-14,3.2098959794972515e-14,-0.020676288845503845,-0.07668888570893305,0.027228799549248422,-0.02422305238195943,-3.574863190167858e-11,-0.020977714497885366,-0.007431069377670071,-1.3728863904803306e-13,-0.13293982903110824,-0.008012025882636964,-0.02699957480140054,-0.004877641306048688,-0.12773100422100991,-0.010480780716542652,-0.005914967976822848,-0.01729532583878985,-0.012243457427620806,0.17800446058539943,-0.009505667922622335,0.014046615613162143,-0.011446879897074547,-0.0003722521063195607,-5.317506383120204e-15,-2.7965492585788748e-15,-1.316312914102961e-15,-2.376541456359081e-15,5.043063422070199e-15,2.397419144356912e-15,-5.124256656141794e-15,-5.549949432891458e-15,-1.912689212473957e-15,1.2249359045413288e-14,1.5410046188132612e-14,8.319175150930463e-15,0.0028053489932076126,-0.0003494157120004069,0.028992855997471152,0.00427880347566789,0.004342618973070781,0.004267217768883483,0.00464735934944285,-0.23563542391722495,0.012267484757895178,-0.032554683009202036,0.021189641589382656,-0.0015144483670500998,-4.1494283010897347e-7,2.0547729291459372e-14,-1.469878381481279e-7,-4.370924093047273e-15,3.1960334548416777e-15,-4.644714575062726e-15,1.368984633092042e-14,-1.0434453164008795e-14,-5.3957335782262194e-15,1.661533444930682e-14,1.495483804202808e-14,-1.1768965264188531e-14,-1.387427370563288e-14,-4.521247145791523e-16,-5.512904853490591e-15,-1.6482639229861576e-15,8.912547178789654e-16,0.0,0.0,0.0,0.0,0.0,0.0,0.0,0.0,0.0,0.0,0.0,0.0
0.006428752197718495,-0.013351858917591412,1.5814624588087567e-14,-1.5382060079236024e-14,2.2076410383157948e-14,0.058325800442264285,-0.07894305868574931,0.02226273579928294,0.049181184459949435,-4.2960950124356774e-11,-0.017161280524608743,-0.006079149671005201,-1.3195503189169208e-13,-0.12188641680869511,6.677941363021895e-5,-0.02209472642107277,-0.0013167326335895857,-0.06364848814520753,-0.0033834797665304767,0.06661900437427863,-0.016110249313777088,-0.015460052425948754,0.005318907753864818,0.10448697114778198,0.009906349167401372,-0.01141978418142183,-0.0002646397104929229,-3.686109286879429e-15,-1.806516720946849e-15,-1.1006167895812946e-15,-1.8198858253304736e-15,3.5290988079560716e-15,3.006037878715372e-15,-3.6216337316124054e-15,-4.154110345630253e-15,-1.0862706400049415e-15,8.565955507761528e-15,1.0242645292770223e-14,5.7950324438642e-15,0.0023928574086722874,-0.001783300393322775,0.009768386133302909,0.00018729415960770594,-0.10995212373427378,0.004703320984528564,0.009810804690594331,-0.01368110923880304,-0.20572789342820516,-0.02360249981753749,0.02308534215094611,-0.0010630584493347287,-3.3239919013503353e-7,1.814416551481257e-14,-1.1774787951756095e-7,-2.7121644554289434e-15,2.6758143393516865e-15,-2.32579257245657e-15,9.716020570864855e-15,-6.8387532951904716e-15,-3.2013467961134587e-15,1.250574189503485e-14,1.115782695529612e-14,-7.919226451766977e-15,-8.211549037722929e-15,5.143272762642425e-16,-2.7331233842150238e-15,-1.2655098816266726e-15,7.58413735702476e-16,0.0,0.0,0.0,0.0,0.0,0.0,0.0,0.0,0.0,0.0,0.0,0.0
0.012250518263235071,0.009025594588342054,-2.6864685968050714e-14,-5.753721951477245e-15,-4.35144899873346e-14,-0.03865100091101635,-0.0758910646954954,0.032370612094876614,-0.039374213326075505,-4.4852131570514057e-11,-0.02612607218680168,-0.009254804902892802,-1.2336417541250203e-13,-0.1665202583312007,-0.003419428696512219,-0.026864285555246732,-0.004876420278656784,-0.11837483282795892,-0.010537360604170144,-0.006111782238228467,-0.016532568579888343,-0.012561389095334717,-0.008976672985066311,-0.009804885587449194,0.17503962899264272,-0.01191053597163517,-0.0004624810907367264,1.0225541035966923e-14,-1.9673109091363814e-15,4.924793244417018e-15,1.019848285167683e-14,-4.185634966592935e-15,-1.1016724069056992e-15,8.443679821410375e-16,4.429683322623438e-15,1.3771594471449514e-14,-2.3521497757066648e-14,-9.597766296291667e-15,5.926322832197418e-15,0.0014186497055276306,-0.0014253360223269692,0.02310269545219475,0.003627528112313592,0.0032739138167773864,0.002682233321534927,0.002859191521834831,0.0014281453794768952,0.011259988597663308,-0.2230859937673355,0.02012889763127341,-0.0020180444581855694,1.0540526696753734e-7,-1.326996972568686e-14,3.73383751636046e-8,2.8011331711235435e-15,-6.007219442469196e-15,7.321042556517005e-15,-1.9218675336878224e-16,1.7640307829764488e-14,1.0037015664249572e-14,4.407509962448473e-15,-1.5845458343537382e-15,9.053374195457526e-15,3.093210443328235e-14,1.0709176868386219e-14,1.4581472910390386e-14,4.931784050438076e-15,-1.851890689666983e-15,0.0,0.0,0.0,0.0,0.0,0.0,0.0,0.0,0.0,0.0,0.0,0.0
0.018122649496267528,0.031828189289419086,-7.664022919545453e-15,2.4746455837147453e-14,-1.617781271422175e-14,-0.1384195564728814,-0.07798358577285122,0.04139934557923159,-0.12572597707309055,-4.481354023460092e-11,-0.031236972029782043,-0.011065271496839864,-1.0758383731505246e-13,-0.19437985113185702,-0.00596906596430028,-0.027892102873288423,-0.005151299340003577,-0.10845647622139681,-0.010534937563659582,-0.007211497144857935,-0.019328297911428656,-0.020740129549924432,-0.014377427220269072,-0.01149685879832638,-0.006196887024554196,0.07078536862205238,-0.0006435057476373584,2.4698541486784984e-15,1.3110112949978245e-15,1.1058389582744151e-15,1.4839832423936958e-15,-1.3795808005473982e-15,-7.90483283165978e-15,2.5201640931568134e-15,3.534190897903271e-15,8.992408318335863e-16,-4.647405547312191e-15,-4.915198649872099e-15,-2.8796280204724186e-15,-0.0006937846302800223,-0.0031746718649413395,0.015257760989902315,0.0024120840381618306,0.0026995558070239136,0.0019654416409205532,0.008086621248567466,0.005017208245105982,0.011991601399519653,-0.017493746072874326,-0.19161539910584974,-0.002952000314058975,-4.56341834314436e-8,6.1812007751443176e-15,-1.616528774074542e-8,3.193794044594355e-15,-5.099867656124542e-16,5.79405759731823e-15,-4.530172361061377e-15,7.18937067925682e-15,3.4683869706578876e-15,-4.027889108438504e-15,-4.169340420350763e-15,5.786390466237373e-15,1.0405345524483467e-14,2.765353145222621e-15,3.985187971888537e-15,1.871666152605285e-15,-8.858275829231128e-16,0.0,0.0,0.0,0.0,0.0,0.0,0.0,0.0,0.0,0.0,0.0,0.0
0.019297569438838466,0.0399020410254145,9.612110739439991e-16,-6.21922001199697e-14,-8.255990151217451e-15,-0.17350727838685975,-0.07905754173111498,0.043141492532706195,-0.15718055422244245,-4.4427469421084053e-11,-0.031726111206955315,-0.011238542382076284,-1.5228397410660994e-14,-0.19211746712429603,-0.006879124222699789,-0.03040246307561567,-0.005288250952369654,-0.13508595418485797,-0.00549974126496324,-0.0081769873252905,-0.0192093562011057,-0.01861297059562948,-0.013373877014784648,-0.012961659451965897,-0.0046633908698033195,-0.013435186680228967,0.06526483713994755,2.2896169362282853e-15,1.0916946642269587e-15,5.450349117150329e-16,6.97992251327084e-16,-2.1976285740750665e-15,1.1550891163338263e-15,1.3712026167020327e-15,1.0995971950769505e-15,3.842330972794908e-16,-3.337487615165974e-15,-5.331457149378454e-15,-2.9028127023973063e-15,-0.00037506601510655806,-0.0034045800502595608,0.022691757715858286,-0.0009094614471712229,0.003847720190416607,0.0015257347819351986,0.005271887862634661,0.0030147127826722097,0.014430589007785264,-0.02047145529153097,0.019160074434666663,-0.20944143999713546,-6.447247540103122e-8,5.573579622461757e-15,-2.283849570594061e-8,2.854404175436327e-15,2.901888536593844e-17,5.123713990643601e-15,-3.0644650021157786e-15,4.984229772858414e-15,3.1286702911204337e-15,-2.489520551048275e-15,-3.0442535317611547e-15,4.477829879042107e-15,7.908901488120145e-15,2.9322369520777636e-15,3.086455732637488e-15,7.548791202061316e-16,-7.26959968825098e-16,0.0,0.0,0.0,0.0,0.0,0.0,0.0,0.0,0.0,0.0,0.0,0.0
-0.003565270086762067,-0.06838312911701448,2.766240697269683e-15,-6.651078617212974e-15,8.20702600436572e-15,0.29557260911808936,-0.08299501763466877,0.005265473250270884,0.2759487782176967,-4.8347591874021936e-11,-0.005611603505413092,-0.0019878340403975043,-1.5127025262200913e-13,-0.0714420420896385,0.008795472654163724,0.47235574584848544,-0.0017452816312923092,-0.06762372242094287,-0.009371873880823842,-0.007533079046070609,-0.015157572022465211,-0.01537874811555109,-0.0112323444845944,-0.012069507292191453,0.003859074599969721,-0.010595225227646754,8.73842066489123e-5,-5.182837851281851e-16,-5.220498764919196e-16,-2.2094907608378046e-16,-4.2296705665277974e-16,7.340128249242582e-16,3.2894228522778994e-15,-1.018433108575688e-15,-1.3252393268353061e-15,-3.5576064221452393e-16,2.693296724691977e-15,1.967562333952682e-15,1.7271630401075676e-15,-0.11734017637873653,0.0017717443517176231,0.01654701835621545,0.005852029797366654,0.01267682179873853,0.00785126344047378,0.015316066521357377,0.015148701439735958,0.023564210903862497,-0.005879363733569048,0.027582114488601758,0.0004874132299880609,-3.1245755605557215e-7,1.4857832270097576e-14,-1.1068382831434433e-7,4.905903315733123e-16,1.497760476439006e-15,2.1817406614419964e-15,3.573911052111838e-15,1.452143504310076e-16,5.537494945611221e-16,5.903664701561723e-15,4.5048175365834515e-15,-1.1834580217945853e-15,1.5217991667883384e-15,2.733081944024239e-15,9.048044775403102e-16,-4.1495655899742e-16,9.860614547471154e-17,-0.0,-0.0,-0.0,-0.0,-0.0,-0.0,-0.0,-0.0,-0.0,-0.0,-0.0,-0.0
0.00023873926490457448,-0.03955288982165635,1.4925980671393787e-14,8.932781181418467e-15,2.9918279349319026e-14,0.17187717312010883,-0.07054487652420549,0.010533297311633074,0.15422574337561837,-4.344290312373492e-11,-0.008965397596576549,-0.0031758698758692964,-9.05077069183249e-14,-0.0907706885668094,0.015298179713875896,-0.01856810091314814,0.3011548526253274,-0.06473852121688015,0.008312072015047654,-0.006386959840540183,-0.010984530549027243,-0.008992838625726026,-0.00905770874175624,-0.010213461936951072,0.014203714676489359,-0.009410355853201428,-6.718146341959731e-5,-4.8452935541578875e-15,-2.8742852623203256e-15,-1.145187378680176e-15,-2.2915941889167964e-15,4.4841318550236384e-15,4.576833992413833e-15,-5.220289405307122e-15,-5.943653953406965e-15,-1.6514228764884338e-15,1.0667002726317427e-14,1.4076089005268496e-14,7.793729419065479e-15,0.004108197308676405,-0.16644765880111273,0.015302589933174418,-0.0069757874206798345,0.00929992369741935,0.004408344201379526,0.006449261795124773,0.009950702356701344,0.018377754811528143,-0.02296527404636596,0.02234569902181122,-1.2252199044394764e-5,-4.657400712277831e-7,2.0538129425736056e-14,-1.649820681852978e-7,-3.985400621833871e-15,3.1890737465055873e-15,-4.037101729630042e-15,1.3011531372089358e-14,-1.0012734108223092e-14,-4.613924265297302e-15,1.5951341353574778e-14,1.4561151140139607e-14,-1.1029629682258828e-14,-1.2862509692130635e-14,2.54696175671834e-16,-4.871462946611341e-15,-1.252262255013713e-15,1.081109164261267e-15,-0.0,-0.0,-0.0,-0.0,-0.0,-0.0,-0.0,-0.0,-0.0,-0.0,-0.0,-0.0
-0.012128365788699783,0.006115488842747779,-1.4643108237086254e-14,3.21545741089308e-14,-3.505297886719235e-14,-0.026778800009571172,-0.12727320593823258,-0.010277612366901792,-0.020919566549068916,6.0101328865473e-11,0.027645459181005413,0.009793027032240238,-1.2502122904603313e-13,0.18887660294499997,-0.009118185710669288,-0.01643245888966961,0.0019757780577919176,0.13763751426706358,-0.015083070779978667,-0.011512567792908114,-0.022638491952480813,-0.028625578464943856,-0.01851815825990149,-0.01777812585715608,-0.016230744676612122,-0.014540944930052436,0.00024179219739419675,6.321821042771404e-15,3.439602854919809e-15,1.8214871315844942e-15,2.9220525138106156e-15,-6.30102842964374e-15,-2.4731861835840587e-15,6.158552906536414e-15,6.6878259796697185e-15,1.9334527310351316e-15,-1.2788191258196078e-14,-1.8517530221793667e-14,-1.0213273836574618e-14,0.009516676526322362,0.0033011866206000703,-0.02694096452576256,0.012121872756363835,0.02496626161623425,0.016099096668593948,0.03927580354816218,0.03420366670572341,0.042136029452983795,0.0391947013128369,0.046563840057503456,0.0027076724029215645,5.103287894228096e-7,-8.526221935803267e-15,1.8077701426995684e-7,7.334597256662618e-15,-2.0353002928745465e-15,1.0589155480771097e-14,-1.4509742937038122e-14,1.5314641577466507e-14,8.380754281431774e-15,-1.570136958795339e-14,-1.4427555462124213e-14,1.4931867741458753e-14,2.1942439237726763e-14,4.13133737081293e-15,8.834228231128339e-15,1.507963162545585e-15,-1.491197543657348e-15,-0.0,-0.0,-0.0,-0.0,-0.0,-0.0,-0.0,-0.0,-0.0,-0.0,-0.0,-0.0
-0.0018324618950568744,-0.018031672322976026,3.0566436378516123e-15,1.198065956044885e-14,2.5537520492005737e-16,0.07888296506569055,-0.06771946817008104,0.0046010946166515024,0.06741788693821135,-1.5693385199825515e-11,0.0011738897754238926,0.0004158344496487832,-8.800539027116578e-14,-0.009512677108881335,0.008442035014936962,-0.01913058200473504,0.025925157966066082,-0.09244889322449884,0.2450756023172875,-0.006155518158497432,-0.012939509693819686,-0.012557994529843563,-0.006536001923818931,-0.009679051046058497,0.0005035519050944917,-0.008584381238484151,-1.1726199181625399e-5,1.5034233194910425e-16,-7.892474532303486e-17,1.6887758413666312e-16,1.1665154390647088e-16,2.531335002838657e-17,-2.2620409247781488e-17,-1.3195765409381236e-16,-1.4963025158355542e-16,-2.676856957682323e-17,1.0304505093576818e-16,2.585169471948199e-16,1.2766847218512447e-17,0.005758586026216441,-0.01539933589411714,0.02851067683635813,-0.1483012107037125,0.010565325729533734,0.006783506310231191,0.013507854951052861,0.009053347955492988,0.019468635000209237,0.0005258416666476666,0.022696727039330226,0.0005066435084917299,-4.228170396658432e-8,5.834554037693745e-15,-1.4977716741384992e-8,6.160978025593659e-16,6.520095237361424e-16,1.6734821039621763e-15,6.040080244799653e-16,8.468004638443507e-16,7.941783266568266e-16,1.3091965376866032e-15,1.315378695355438e-15,2.572606898100979e-16,1.860491319020196e-15,1.3524466594887293e-15,8.2368950101822465e-16,1.4500025844069458e-16,-5.471569265724677e-17,0.0,0.0,0.0,0.0,0.0,0.0,0.0,0.0,0.0,0.0,0.0,0.0
0.004965105617157935,-0.00935881632295265,3.3331756860030905e-15,5.2754294829468e-15,1.8348670364548925e-15,0.040657469536524,-0.07335625994361561,0.01793066300433019,0.03574910735649317,-3.23821778929221e-11,-0.011845958027132295,-0.004196269138545405,-1.098114897948664e-13,-0.08882640280100527,0.0036034923781773495,-0.016669780115406502,0.00027355956253686864,-0.002237372212200255,-0.008284178777742153,0.13272541646852484,-0.013710841187431296,-0.014386421785627188,-0.009655880779127124,-0.011158977744978194,0.0006023446448836164,-0.01045838507990493,-0.00020507415953395847,-1.797832011633852e-16,-7.066796605251367e-17,-1.045482635814808e-16,-1.3269363132246287e-16,1.5697672946953577e-16,5.471988640710787e-16,-1.1010499915515953e-16,-2.653155256044413e-16,6.370124548549911e-18,1.0271941929477368e-15,1.4121508719972833e-16,5.0571746626454366e-17,0.001628880199745426,-0.002136068825903291,-0.006745358066175607,0.0037071966276895603,-0.20307466435285945,0.004281327192168388,0.010235192638069188,0.008132186585427859,0.01832756929988822,-0.008910480651333121,0.02201511999239223,-0.0007843160994068403,-1.079361015619991e-7,9.256502646637504e-15,-3.82348917608851e-8,8.553812847732285e-16,1.008055304635509e-15,2.238649393811033e-15,1.2876988100355238e-15,9.832735387757952e-16,1.0509953043944658e-15,2.6438473511829232e-15,2.0258737271953274e-15,4.009914355667545e-17,2.30585488346934e-15,1.8429504747870817e-15,1.0889879440324293e-15,1.2591924126794503e-16,-2.0542785543856575e-16,-0.0,-0.0,-0.0,-0.0,-0.0,-0.0,-0.0,-0.0,-0.0,-0.0,-0.0,-0.0
0.003524762767264958,-0.030703405295517017,9.602970580223337e-15,-7.888939629179586e-15,1.2107971388978423e-14,0.13354808679506067,-0.07170011364902189,0.01715324094531527,0.11838160065758757,-4.6721496107561344e-11,-0.015749471931308406,-0.005579035723615113,-6.866713379393618e-14,-0.11714655422877655,0.0032563234945770033,-0.019156560401155917,-0.002882948106673024,-0.08206278253192927,-0.007770294939980988,-0.004579829306997247,0.2835702153807893,-0.004472255262446661,-0.008039558775777821,-0.007514738730897012,0.005261504198543994,-0.010018837146493934,-0.0001463153440314424,-1.7114082994844055e-15,-1.0881208522176044e-15,-5.078153941279301e-16,-9.762322829012628e-16,1.7598175737261323e-15,2.8795278193591622e-15,-2.1492745444629915e-15,-2.4284508661690012e-15,-6.838640332486767e-16,4.3044434386517456e-15,5.171040925424686e-15,2.830437238002478e-15,0.0028031112194535322,0.0001768144238448048,0.018049400310757073,0.0035197314798422518,0.004316600217964121,-0.1372313701627266,-0.0012246714974146961,0.005853077409520752,0.010459322119405774,-0.015647147017190985,0.021356020861645172,-0.0007057740889723603,-3.0093031170184795e-7,1.659013144075135e-14,-1.0660045899705697e-7,-7.134811392439768e-16,1.793737531575841e-15,4.972042675412835e-16,5.717303260727663e-15,-2.5888497973877375e-15,-1.1957683192297085e-15,7.907345893481995e-15,6.865238728005354e-15,-3.767392419076578e-15,-2.4913340548481288e-15,1.5892384215313504e-15,-7.047786033372417e-16,-7.686760316988445e-16,4.220096497644774e-16,0.0,0.0,0.0,0.0,0.0,0.0,0.0,0.0,0.0,0.0,0.0,0.0
0.004165918860512676,-0.0030240122047234482,1.4444758772195496e-15,-1.1789446898480906e-14,8.58531356605037e-15,0.013678739341019873,-0.08955350635393546,0.018451943168909406,0.00790302734421917,-3.564401956964907e-11,-0.010228034418179396,-0.0036231417567579374,-1.5719965171566665e-13,-0.1156703777457219,0.043681309646776266,-0.026454905092017336,-0.0037657668238115396,-0.09915072427179078,-0.010125074656296494,-0.007380156911474916,-0.01488979768583819,0.2069307442105776,-0.011391688112198883,-0.01169743082450581,0.004974163622795559,-0.012107099039953575,-0.00019833710448108972,-1.874462177294102e-15,-1.0794272517837963e-15,-6.155734177851807e-16,-8.120890831698311e-16,2.3500395286381594e-15,1.1615431518119671e-15,-2.6149286660075615e-15,-3.42330078310936e-15,-3.461895194573022e-16,2.330369709248347e-15,6.629578186664625e-15,3.4457986081740145e-15,0.004896474007878178,0.0007992222377642024,0.024406663795499172,0.005152349853576634,0.009411009973191052,0.005131155163742631,-0.21302267200440492,0.01097825197655805,0.019701398064582296,-0.013353490047152286,0.02691112116115488,-0.0005938789899372856,-1.865898794736845e-7,1.3306076940968186e-14,-6.609691951462053e-8,-1.1883818617601513e-15,1.8161389422749385e-15,-2.0183207401338997e-16,5.9652193977344605e-15,-3.1672951928372606e-15,-1.38597478137198e-15,7.709189599928348e-15,6.970962721940594e-15,-4.259426869250077e-15,-3.7161187198089895e-15,1.24262955046207e-15,-1.3278533581502906e-15,-9.980735892653206e-18,6.248979410159094e-16,-0.0,-0.0,-0.0,-0.0,-0.0,-0.0,-0.0,-0.0,-0.0,-0.0,-0.0,-0.0
0.00938160491347237,0.0048911537995160615,2.1976556410665368e-14,2.213524922987718e-14,3.3303843466586736e-14,-0.02062381313384166,-0.07667403998431471,0.02723182043146717,-0.024176093102645364,-3.573734715912342e-11,-0.020983523269319522,-0.0074331270557613655,-1.3602761456987859e-13,-0.13286686817734775,-0.008004913128251221,-0.02699414388546284,-0.004876100738056372,-0.12770060255002177,-0.010477099654795208,-0.005912928392448233,-0.0172923655901081,-0.012237783371867313,0.17800691698955298,-0.0095033622084707,0.014049688540845791,-0.011445336409512494,-0.00037229855073642816,-5.54064375041081e-15,-2.891858988320961e-15,-1.386249214381625e-15,-2.4993490388105047e-15,5.234525107376181e-15,2.5256635273204567e-15,-5.309832689442563e-15,-5.768842272433939e-15,-2.010009209659127e-15,1.2696680978207894e-14,1.5977420007945422e-14,8.60131414269099e-15,0.002802767075666014,-0.00035128013763711913,0.028980729587405888,0.004275881983057558,0.00433807947988985,0.0042647485549691605,0.004639412600103345,-0.2356407654067654,0.012261358115501999,-0.03256260735849825,0.021183776531008707,-0.0015149839588988732,-4.2383322472498116e-7,2.098500562585164e-14,-1.5013713915764685e-7,-4.575944295929545e-15,3.2945994938291612e-15,-4.933264578158245e-15,1.4133649122779191e-14,-1.0917249112376924e-14,-5.653930330562258e-15,1.7108309537443722e-14,1.5425730085322273e-14,-1.222941682222349e-14,-1.4561340884751595e-14,-5.726951063741236e-16,-5.780937880973742e-15,-1.714567579405535e-15,9.42737625539529e-16,0.0,0.0,0.0,0.0,0.0,0.0,0.0,0.0,0.0,0.0,0.0,0.0
0.006432618696905662,-0.013373666650074027,1.657318530527034e-14,-1.7514602012308468e-14,2.4253106731441285e-14,0.0584206049799454,-0.07891623837956017,0.022268193468121728,0.049266022892492746,-4.294056676560036e-11,-0.017171774968025803,-0.0060828671845180576,-1.2980243468486772e-13,-0.12175462961255092,7.962953246583573e-5,-0.0220849145831517,-0.00131394920054402,-0.06359356389992013,-0.0033768294032125983,0.06662268923398904,-0.01610490111025924,-0.01544980154899573,0.0053233456610811535,0.10449113674353253,0.009911900832798255,-0.011416995723873145,-0.0002647236186577667,-4.0892219828741534e-15,-1.978697022420079e-15,-1.2269604834433718e-15,-2.0417458232429666e-15,3.874988410440568e-15,3.237729878761525e-15,-3.956887481532121e-15,-4.549558150810359e-15,-1.262083568128962e-15,9.374076103712269e-15,1.1267641962680367e-14,6.304716120670989e-15,0.0023881927928362735,-0.0017866688292496235,0.00974647830157298,0.00018201607574788178,-0.10996032505002507,0.004698859965615723,0.009796447890878773,-0.013690759456040567,-0.2057389620489705,-0.02361681622640792,0.02307474628979808,-0.0010640260621614427,-3.484602300464397e-7,1.893422202397589e-14,-1.234372838008855e-7,-3.0825382826945332e-15,2.8538853830215214e-15,-2.8470588074650917e-15,1.0517780046650054e-14,-7.710948417618409e-15,-3.6677900634516755e-15,1.3396339050386379e-14,1.2008536148022789e-14,-8.751054710004952e-15,-9.452759408884548e-15,2.965204530030493e-16,-3.2173326967297058e-15,-1.3852977100307065e-15,8.51423981894609e-16,-0.0,-0.0,-0.0,-0.0,-0.0,-0.0,-0.0,-0.0,-0.0,-0.0,-0.0,-0.0
0.012417804371405224,0.009378439239616673,-2.7209310910222532e-14,-6.196104938620984e-15,-4.3901103400339404e-14,-0.0401730197635221,-0.07746412924780165,0.032863602868903476,-0.04082393330282156,-4.52098773800611e-11,-0.026448396564420877,-0.009368983919508132,-1.2513661340972134e-13,-0.16832650935034008,-0.0035920721047635077,-0.027405929200795546,-0.0049735611840212085,-0.12088395826797815,-0.01075679178955793,-0.006241245796473934,-0.016862512687620002,-0.012847877404760429,-0.00917168102417455,-0.010010296617217012,0.17790434155175697,-0.012141896061533106,-0.00046944458843306563,1.0330964848984378e-14,-2.025286041491438e-15,4.9860796393994576e-15,1.0332084047053266e-14,-4.20197727029005e-15,-1.0883327769126682e-15,8.083272660118565e-16,4.4435586060157825e-15,1.3970997894011348e-14,-2.37865474865024e-14,-9.599364649836754e-15,6.1003224777321164e-15,0.0014875968515037905,-0.0014229790433336771,0.023699240667870044,0.003726193169797637,0.0033955620522468184,0.0027711900437178113,0.0030239042693138464,0.001546892977572606,0.01155728981299628,-0.2266693035256273,0.02058215267469297,-0.002042996937885121,1.0599274272232329e-7,-1.337877045106181e-14,3.7546480401764335e-8,2.789879253183636e-15,-6.079382940673415e-15,7.359649775500253e-15,-7.610338043353691e-17,1.7796401827797885e-14,1.0129802689175943e-14,4.610789891245274e-15,-1.4839802701803684e-15,9.075589909016063e-15,3.1248442642442404e-14,1.0848751252491642e-14,1.474538767144557e-14,4.995072347430205e-15,-1.8683317123968464e-15,0.0,0.0,0.0,0.0,0.0,0.0,0.0,0.0,0.0,0.0,0.0,0.0
0.018130333830818017,0.031805655068756114,-6.677499079875887e-15,2.197316268688969e-14,-1.3345748422534634e-14,-0.13832159272401812,-0.07796217305242567,0.04141267543378364,-0.12563863542574172,-4.4792229251130556e-11,-0.031254981030018406,-0.011071650939662222,-1.0462083181549372e-13,-0.1942341976027676,-0.005953784540315768,-0.027884085735421157,-0.005148547653802492,-0.10840423743043562,-0.010528114351565839,-0.007207944883034194,-0.01932458336241379,-0.020730354949392578,-0.01437408795637498,-0.011493411159126405,-0.006190861239868485,0.07079985291380092,-0.0006437116451964238,1.9452655147917397e-15,1.0870020575515548e-15,9.414703990529759e-16,1.195282218348669e-15,-9.293771451439104e-16,-7.604394267767624e-15,2.083989176933007e-15,3.019799570832277e-15,6.704074173824698e-16,-3.595747040788258e-15,-3.5811907062107185e-15,-2.2163315220379235e-15,-0.0006997616258726179,-0.0031794330754132535,0.015232561757232763,0.002405759593812454,0.002689600032710722,0.0019601382197489982,0.008069714228373508,0.0050058512734358915,0.011979547772922717,-0.017514494338245357,-0.19165844565528523,-0.0029536797536175324,-6.655052204352545e-8,7.21099817728803e-15,-2.3574615352459287e-8,2.7119739135068794e-15,-2.7816698460665343e-16,5.116152465082673e-15,-3.4868299782880325e-15,6.054699784413289e-15,2.8615066937363545e-15,-2.868785861384496e-15,-3.0622000961469303e-15,4.704056728383383e-15,8.79060933114963e-15,2.4821240110798783e-15,3.355239827009623e-15,1.7159623272690471e-15,-7.648489216873227e-16,-0.0,-0.0,-0.0,-0.0,-0.0,-0.0,-0.0,-0.0,-0.0,-0.0,-0.0,-0.0
0.01929761642197192,0.03990177603266823,9.704272204493543e-16,-6.221810984559964e-14,-8.229544078020126e-15,-0.17350612638807533,-0.07905721582056711,0.04314155884990527,-0.15717952332304552,-4.4427221872741967e-11,-0.031726238731052216,-0.011238587555749099,-1.5228925218325832e-14,-0.19211586670230854,-0.006878968077851124,-0.030402343848049105,-0.005288217131270472,-0.13508528678021453,-0.005499660457422592,-0.00817694255039454,-0.019209291212320446,-0.01861284603744705,-0.013373823087479688,-0.012961608833931142,-0.004663323409533085,-0.01343515279577936,0.06526483612035576,2.28471916806501e-15,1.089602821341587e-15,5.43499708200442e-16,6.952966589464711e-16,-2.193426391882897e-15,1.157904299435461e-15,1.3671292405009047e-15,1.0947927306108315e-15,3.8209708796064967e-16,-3.3276694065370706e-15,-5.319004353346275e-15,-2.8966200594992557e-15,-0.00037512269659594404,-0.003404620980443647,0.022691491506742132,-0.0009095255808657698,0.0038476205350393825,0.0015256805741903096,0.005271713411947337,0.0030145955189580078,0.014430454508390665,-0.020471629254652898,0.019159945678276138,-0.20944145175482468,-6.466761003884878e-8,5.5831730794305345e-15,-2.290761948935137e-8,2.8499043748604813e-15,3.1182429108548944e-17,5.117380181673274e-15,-3.054724494880741e-15,4.973632316044282e-15,3.1230032320810575e-15,-2.478700876447932e-15,-3.0339182324020323e-15,4.46772299465608e-15,7.893820280579628e-15,2.9295909712903676e-15,3.080572603105557e-15,7.534239472128267e-16,-7.258300373236759e-16,-0.0,-0.0,-0.0,-0.0,-0.0,-0.0,-0.0,-0.0,-0.0,-0.0,-0.0,-0.0
-0.0019552592385402396,0.0015897392707550195,1.4236982101533417e-15,-4.666300960644527e-15,4.017445953332112e-15,-0.006812738210275491,0.009694930350241264,-0.0025125884842196584,-0.006613710932807671,3.54028895045011e-12,0.0025222568092877003,0.0008934750894840135,-9.55452541445408e-15,0.00821976107396422,0.0018819906812802196,-0.010931499282387003,-0.0004150401631355535,-0.0005713833373139708,0.00018953864534062545,5.0745063442387096e-5,0.0004969113442522988,0.0005663742786428265,0.0005467828448598444,0.00021091048124431458,0.0017448555370528774,0.00035109828154616495,0.0001249779978048447,-7.519150930905067e-16,-3.825601193384603e-16,-2.3172501656727515e-16,-3.4433884374999897e-16,6.846477648359314e-16,3.778431127135157e-16,-6.808213040914225e-16,-7.577792592209026e-16,-2.245939398664361e-16,1.4069815121579753e-15,2.055619959834941e-15,1.0971476471692978e-15,-0.01617571353306709,0.000509320195186879,-0.007608395615815481,0.00013372516619033882,1.2752139508305376e-5,0.00020106876627527315,0.0003678210128192341,0.0007330019364432924,0.00019041809887757698,0.000596079792590319,0.0004111381676404812,8.994872429917072e-5,-5.914963542103488e-9,3.8437114674063353e-16,-2.0952950063408233e-9,-8.682474658746883e-16,2.079638041253426e-16,-1.3188956301063037e-15,1.547722191065463e-15,-1.802650000502355e-15,-1.016344495116211e-15,1.6325899544146928e-15,1.5513927552927217e-15,-1.710033149583025e-15,-2.6162858943749525e-15,-6.373746810871518e-16,-1.0065032773697095e-15,-1.8617786647239958e-16,1.9222169072686449e-16,0.0,0.0,0.0,0.0,0.0,0.0,0.0,0.0,0.0,0.0,0.0,0.0
-0.0013354940598280021,0.0009509297297237093,1.025873100641054e-15,7.108874748270799e-16,2.4347951312080124e-15,-0.004077704707321537,0.0031398348796195115,-0.0016448780072920088,-0.003906227312022584,2.3743564692193383e-12,0.002150195247676974,0.0007616773534933714,2.1130758837824787e-17,0.005433065227160903,0.0013588577181258732,-0.000861921792362138,-0.003489289772143201,-0.0027450864816026717,-0.0003241289741835776,3.824594328455868e-5,0.0005243286576000627,0.00036079754060666517,0.00027216729028978513,0.00010421677515525238,0.0010601009880643923,0.00023547774977774463,9.686263412962386e-5,-4.4177146440201746e-16,-2.572720424235146e-16,-1.253822385840667e-16,-2.0536232445644555e-16,4.0685513988108963e-16,2.1086962918316434e-16,-4.180642574224993e-16,-4.625031332072062e-16,-1.4114463142862384e-16,8.488286485712027e-16,1.2518513730214199e-15,6.7217410442658e-16,0.0002636003896680072,-0.012004095081835121,-0.0035133530240510523,-0.0018715878923897676,-3.586031181364502e-5,0.00010246810231503415,0.00027922854710021226,0.0006133309249500565,9.706251061941763e-5,0.000556876377827452,0.000307022276967815,6.481966037183739e-6,8.792738891979662e-10,4.415208759267449e-16,3.114709110687524e-10,-5.072136031510883e-16,1.5070261488151988e-16,-7.419387930410097e-16,9.633306638024369e-16,-1.0658321716118566e-15,-5.857666990988187e-16,1.0304882331095379e-15,9.842000094004526e-16,-1.0350852691253366e-15,-1.544299074764122e-15,-3.4875240795002533e-16,-6.066766025544494e-16,-9.75070819849674e-17,1.0471942037068972e-16,0.0,0.0,0.0,0.0,0.0,0.0,0.0,0.0,0.0,0.0,0.0,0.0
-0.005647546823443611,0.003958118015900252,-1.5421003364727105e-15,1.7543590918468815e-15,-2.4259829155072016e-15,-0.01705571728631978,0.0282789223429074,-0.004091934688943512,-0.01590918266546424,1.1535702277163293e-11,0.00676723640185179,0.002397201239556365,2.44704888939112e-15,0.030438563768132428,0.007036345465003996,0.003054275156044587,0.0013136240036539391,-0.024286456593825514,0.0002905206431673235,-0.0011073964483504963,0.0003872026657629251,-0.0004455620901724674,0.00037099475700212546,-0.0001506627684407,-0.0010717540449043269,0.0006897519426287799,0.00023713720432364468,3.6611380282843154e-16,1.7662143069115547e-16,6.39543561813397e-17,1.9873914590820608e-16,-3.6246951495215804e-16,-4.335960632111323e-16,4.343158083227798e-16,4.983302188297309e-16,1.2366277511972603e-16,-9.298233171286542e-16,-1.0538176990524623e-15,-6.0841652381167e-16,-0.0032683739665838657,-0.0011989756738623623,-0.04514364542590753,-6.785070155757262e-5,-0.0007310996621563677,0.00036457990542113376,0.0010566917638124577,0.003131931248242798,0.00016706048030238008,0.007409490796987585,0.0011283256872721631,0.0004979934033139876,7.433418802632147e-8,-3.751902357324222e-15,2.633187233047241e-8,6.193976056305462e-17,-4.56120839668176e-16,-2.742591906500583e-16,-1.2249222237129547e-15,4.3870308834455907e-16,1.223199100939114e-16,-1.783934313042198e-15,-1.5163378738338968e-15,7.085642343980786e-16,2.904076384826879e-16,-5.456445993675859e-16,1.7161133182250025e-17,1.2624892564860888e-16,-6.939055690484326e-17,0.0,0.0,0.0,0.0,0.0,0.0,0.0,0.0,0.0,0.0,0.0,0.0
-0.0014887437492955092,0.00054053352455142,4.936170473919316e-16,1.7195950102119492e-17,7.453193043428707e-16,-0.0023108060064496827,0.004248832368430481,-0.0018059416613586492,-0.002204058379029994,3.014224719263704e-12,0.0022054788583055628,0.0007812608188923757,-1.0402854465482059e-16,0.008659797358805666,0.000684634296361766,-6.915473712285423e-5,0.0008739252694487786,-0.0008641155650005146,-0.004721307294531172,4.77093886509905e-5,0.0003348403789210933,0.00021658860694575272,0.0004034927014522472,7.142789369416981e-5,0.00031623183753779854,0.00025234522431687986,7.019806451097613e-5,-1.4117097190650898e-16,-8.434377848522873e-17,-4.905246096623524e-17,-6.187228744579239e-17,1.2588206788373923e-16,6.359252007858362e-17,-1.1687540048451344e-16,-1.3669870412402385e-16,-4.4868491912754627e-17,2.3949088824966054e-16,3.922418403187063e-16,1.9164892018311011e-16,0.00027552715466382425,-0.0012816136307637835,-0.0004290173849494068,-0.00932907175447175,0.000355999293414808,0.00022319400875727978,0.0005181180766260747,0.0005170561916679864,9.724782860365833e-5,0.0015677374888150469,0.00037519161254298355,2.9695919108207016e-5,1.182200048275985e-8,-2.472975950220085e-16,4.1877825088892445e-9,-2.0393545737612423e-16,7.133007931015244e-18,-3.5289174823617494e-16,2.481875129089948e-16,-3.967723036051643e-16,-2.3316855502228716e-16,2.0874948006474468e-16,2.1662063359621526e-16,-3.4548528842720027e-16,-6.214212405800908e-16,-2.1889901242555675e-16,-2.462983784645411e-16,-3.0305589453659544e-17,3.3277443054629854e-17,0.0,0.0,0.0,0.0,0.0,0.0,0.0,0.0,0.0,0.0,0.0,0.0
-0.003086366451007569,-0.0018555948972649285,6.813440252683858e-16,-4.624383422898939e-16,8.693922774564491e-16,0.008091008169798582,0.0004938419768511637,0.007674220719455771,0.007323863350914007,2.3441375817314096e-12,0.00393157733074479,0.0013927076713473054,2.0641613023877413e-15,0.010582919567423741,0.0004000020644591377,0.0021675769445022386,0.001105476060179042,0.01278439495878827,0.0006413532025853777,-0.0055905018950803045,0.0010188502731816756,0.0009182249164576172,-9.602774532744178e-5,-0.003978507217125302,0.0003922557236408343,0.0006540776177339898,0.0002222007105817491,-1.6547621429350768e-16,-1.1772571595145e-16,-5.631312311402014e-17,-8.23187398534987e-17,1.454303941096354e-16,1.6463292591685964e-16,-1.4702166562856384e-16,-1.8061524815853384e-16,-5.785035733262507e-17,2.539805977188603e-16,4.747987361691399e-16,2.3772997597583763e-16,0.0005500023835453917,0.00025506291805933815,-0.0012744838542599463,0.00020882455436929917,-0.021386188764874695,1.8218112449334e-5,0.0006454839542378559,0.0017347555130314961,-0.009755931335769246,0.0027215450044038823,0.0003330104667876275,6.187678863728955e-5,1.9311838294662562e-8,1.8920882644522732e-15,6.84095558313537e-9,-2.112073078269184e-18,2.055999086416753e-16,2.1025585584109343e-16,4.977430326406869e-16,-9.362122618716054e-17,-6.537796951159965e-18,7.605444031255117e-16,6.673707891410097e-16,-2.7653075992748987e-16,-4.915927558117843e-18,1.9604447520613242e-16,9.886637891349039e-17,-3.939965012863009e-17,5.450139967481151e-17,0.0,0.0,0.0,0.0,0.0,0.0,0.0,0.0,0.0,0.0,0.0,0.0
-0.002339034560345867,-0.00036916051880636467,3.059927684088422e-15,-4.845720476665062e-15,5.5135936154438706e-15,0.0016559102129402687,0.0005557331679710829,0.008818100775474446,0.0012911637083166873,1.7223219386719637e-12,0.0027046090754800547,0.00095807089382702,6.424228396974047e-16,0.007228257548915264,0.0006829258828695698,0.0014390822657019727,0.0004861688043518471,0.006935508223738048,0.0008755658901918076,0.0006709792981794171,-0.015372807527402929,0.002184091387868024,0.001168653916742445,0.0009167125018752665,0.0024305110359656916,0.0005645508847529132,0.00016519089840985623,-9.886226758809624e-16,-5.209841815964944e-16,-2.977157008559484e-16,-4.602407240906394e-16,9.351827097615998e-16,5.53900547017672e-16,-9.414491143353272e-16,-1.0586988345886767e-15,-3.0834888616301075e-16,1.9351747197836042e-15,2.8119111969581296e-15,1.5157884444431317e-15,0.00034039516345901006,-1.7154604466956353e-5,-0.0006453408605002869,-7.873395165968856e-5,-0.00026526779719713103,-0.015435636025269877,-0.001284218286753463,0.00023938590397794865,-0.0006123623798433863,8.989734391408059e-5,0.000323682090726569,5.469632337524359e-5,-2.0532995661004217e-8,3.714987178747413e-15,-7.273533296934133e-9,-8.316946624167147e-16,5.852695899980754e-16,-9.013462021046902e-16,2.4146215469942604e-15,-1.935478584589947e-15,-9.768011617978389e-16,2.957676233912261e-15,2.6982371811375827e-15,-2.1395332204889463e-15,-2.5398986018227183e-15,-1.8084933361596762e-16,-8.740116306259324e-16,-2.496390701512387e-16,2.283648454623883e-16,0.0,0.0,0.0,0.0,0.0,0.0,0.0,0.0,0.0,0.0,0.0,0.0
-0.0043214966423964505,0.003589088079909235,-1.2071581705399313e-15,2.1622280391368655e-15,-1.92406126223063e-15,-0.015529322239058136,0.004469557927152642,0.01585354282918922,-0.01409545075134774,5.65236535859684e-12,0.00518971578589459,0.0018383860672445006,-1.4285831488826671e-15,0.012786745990395108,0.00802061643162367,-0.001971559511636477,-0.0012125302656232483,-0.003940876534555536,-0.00038327431618026634,-1.288269198060186e-5,-0.00041502544227170474,-0.009953667171407096,-0.00032748359835126,0.00025566062066892267,-0.0009564145359918911,0.0007590379059869201,0.00021105714967150637,3.084248562365617e-16,1.6949628512905628e-16,6.797301182714523e-17,1.6090868852756598e-16,-3.2758132261418757e-16,-3.3413278668722143e-16,3.849873316628913e-16,4.539464953467741e-16,9.389747627969088e-17,-6.744172081834013e-16,-9.37115236218517e-16,-5.418853121664743e-16,-0.0004417698843161297,-0.0002602982955483959,-0.0029515388292122384,-0.0001623623611946427,0.0004187045751858282,-0.0010881487195842875,-0.03973503197136254,0.001222836418921441,0.00026312127442022234,0.003301198164104076,0.0007277834145379432,0.00010016738513580532,6.305795629907027e-8,1.4793788542478905e-15,2.233742135189363e-8,5.680684000873992e-16,4.3280813587043776e-17,1.0631376688450319e-15,-6.429701035045459e-16,1.1534439031331052e-15,6.722736849865463e-16,-4.780144016192407e-16,-4.796076491134284e-16,9.009934839897118e-16,1.7734980798431822e-15,5.104425205707747e-16,7.728314931498814e-16,6.350726100024533e-17,-8.629941766892823e-17,0.0,0.0,0.0,0.0,0.0,0.0,0.0,0.0,0.0,0.0,0.0,0.0
-0.0035253823898167254,0.0019088278269047052,8.404531278188714e-16,8.401755638966925e-15,9.362198618496282e-16,-0.008253936646779975,0.001898392547147265,0.015533563220673704,-0.0074424635179458675,4.6919350164008956e-12,0.004020434909183651,0.001424184257143502,2.7583461472825228e-17,0.011211113096536707,-0.000790344180257861,0.0001943795345375088,-0.00017007737962129624,-0.001891238741784443,-0.0002955077226866211,-0.0005251582561204987,0.0004815795485870909,0.00022941937261519027,-0.008052442824447503,-0.0005431089966757867,0.00036813417038341625,0.0007603810120686241,0.0002244984927886611,-1.8284418601323724e-16,-9.113821433997692e-17,-7.5161845191751e-17,-9.291737213221357e-17,1.659613401023541e-16,4.340232084754742e-17,-1.7077216570417436e-16,-1.9560934249860957e-16,-6.5244440900361e-17,2.718474101494321e-16,5.409135731436135e-16,2.726340305096179e-16,0.00015061575504343781,0.00030214580161912777,0.001171503797678371,-0.0004972904137496065,0.001440463158292249,-0.00011869531537109026,0.0005467295028856748,-0.04171341347299597,-0.0024834539683641892,0.0014884125566837225,0.0004546422833909856,-1.0419532174916288e-5,2.9022350768505412e-8,2.7594947186661172e-15,1.0280772255823337e-8,6.887234332046522e-17,2.9902212993266376e-16,4.377670565425751e-16,5.882187886236667e-16,5.310269141426921e-17,9.121832732308003e-17,9.555699218673926e-16,8.553234098973263e-16,-2.600280985669309e-16,2.63418133931137e-16,3.4409586792118084e-16,2.0591051701642842e-16,-3.592812333409141e-17,6.387022642306464e-17,0.0,0.0,0.0,0.0,0.0,0.0,0.0,0.0,0.0,0.0,0.0,0.0
-0.0016008636505963677,-0.0016557624430063825,7.208813488522596e-16,-1.024433914350882e-15,1.2875553935582701e-15,0.007222892614711798,0.000693263250437652,0.007058073926462612,0.0063771606687062395,8.279098857508362e-13,0.0014016909041156664,0.000496529893931997,1.1773602785939545e-17,0.005171811915352903,0.00016624786772362864,0.0008298814178274497,0.00035435877492318924,0.004203224945614878,0.000582112960366563,0.0028761189821373415,0.00030448073543575547,0.0003794379324572319,0.0008056392070596135,-0.002666982130833842,0.000583162081632126,0.00033295448158010825,8.375362786234619e-5,-2.299766310216385e-16,-1.2837671788412561e-16,-7.547977605682219e-17,-1.1031489613469047e-16,2.1937524550103556e-16,1.44676899947932e-16,-2.136480761616802e-16,-2.402840686017028e-16,-7.647157010596567e-17,4.4296500267069583e-16,6.627509128154612e-16,3.4811427239649545e-16,0.0002855336226927141,0.00019178972618336755,-0.0002210139220398578,-7.716172068542823e-5,-0.003581954392677093,-7.314039757398905e-5,0.00021297587231388328,-0.0004178116866069013,-0.008292436513063415,0.0005655090227003748,6.157802642324337e-5,0.00010391911861452161,-2.442385970304941e-9,1.8351281670516953e-15,-8.651817698708811e-10,-8.234960569399439e-17,2.2075239797931403e-16,7.189489825085311e-17,6.525132830250334e-16,-2.7697694215016994e-16,-9.939300108031189e-17,9.111034639142978e-16,8.048246164732782e-16,-4.4142271195629777e-16,-2.600541526940178e-16,1.5303298469364503e-16,-3.0106037266614567e-17,-5.403550605680868e-17,5.468797241839889e-17,0.0,0.0,0.0,0.0,0.0,0.0,0.0,0.0,0.0,0.0,0.0,0.0
-0.004675552478041737,0.024220832341960537,-2.1105055878030272e-14,4.829644175165422e-14,-3.868884141984421e-14,-0.10520122955186482,0.014995336479689795,0.024517203630192372,-0.09448146928304886,1.2111100945492969e-11,0.006790416369187304,0.002405412426979623,1.8530732400925926e-14,0.004234313720989863,0.0005611357381140175,-0.01599031009198784,-0.008624321106093543,-0.050171234000676496,-0.005580194658385811,-0.002657969826290837,-0.004193296660676228,-0.00825403961032401,-0.006543869043890779,-0.002287317013964527,-0.0172833902420423,-0.00012064083390399334,0.0002654556707427613,6.681810411796822e-15,3.570108996114321e-15,1.9167117273480926e-15,3.2461564283816788e-15,-6.313385038881811e-15,-4.784819696633618e-15,6.642210394544381e-15,7.387831957694391e-15,2.1112791174420255e-15,-1.372259948321e-14,-1.8948702739131462e-14,-1.0412489720862772e-14,-0.008626222169733393,-0.006059249163036219,-0.007152513015721358,-0.0020451972941685492,-0.0007902137624226188,-0.003733510436498467,-0.0019614174068617106,-0.0024157122899725538,-0.0039195331028434475,-0.09717630375585659,0.00017241149664895528,-0.0011038020290844324,3.948250250540241e-7,-1.3768311580549433e-14,1.398613800362639e-7,6.887863844566428e-15,-2.8859735166967203e-15,9.504958278763766e-15,-1.5747276183625974e-14,1.5381129708365912e-14,8.19253094664323e-15,-1.7960286162593098e-14,-1.6467573194761664e-14,1.5353972982869302e-14,2.1199181894366135e-14,3.1902540402811755e-15,8.049691611476762e-15,1.817992854306054e-15,-1.6460329915241865e-15,0.0,0.0,0.0,0.0,0.0,0.0,0.0,0.0,0.0,0.0,0.0,0.0
-0.006802891626302821,-0.007065115478532218,4.68830109747959e-15,-7.138499261776425e-15,8.988429271898986e-15,0.030723170785749085,0.001312822070606495,0.0427532914928301,0.027794211394598586,1.972955926518948e-12,0.004734076964138217,0.001676982226229225,-3.0319562600502027e-15,0.017639107927596858,5.2033665506616003e-5,0.0051567022771237935,0.002072545092125572,0.02129212117049871,0.002421202449959034,0.0016800237914783558,0.003390375938383144,0.0035662256174780796,0.002585638553626239,0.002099546100054308,0.003779619081559947,-0.012773680860650248,0.0004057865478080704,-1.4866825928628573e-15,-7.84025948568101e-16,-4.921256630956338e-16,-7.974486120891762e-16,1.2308830613586564e-15,2.1178823405863418e-15,-1.4723358886034797e-15,-1.790015083928857e-15,-4.926077010927745e-16,3.0624355573454962e-15,3.8758477791807755e-15,2.1260366845455825e-15,0.001830664772114897,0.00130628501499602,0.0013011072716272356,0.0002807852523947099,0.0008235302638855383,0.001174037217377201,0.0013135112140426567,0.0018645765655855816,-1.2708878549556807e-5,0.0052911301469976985,-0.029204310122973344,0.0005751116657293914,-4.61967864073043e-8,1.0721312321390586e-14,-1.636458074126843e-8,-6.195280737646379e-16,1.4158546430671366e-15,2.2186807930717147e-16,4.144794737039138e-15,-1.995762824383259e-15,-7.147774221173969e-16,5.7211707078504666e-15,5.078365255484767e-15,-2.853609911079884e-15,-1.9507500631603696e-15,9.795625581107566e-16,-3.3810036939029813e-16,-5.442451195990291e-16,3.904134780307273e-16,0.0,0.0,0.0,0.0,0.0,0.0,0.0,0.0,0.0,0.0,0.0,0.0
-0.0023081890614927896,-0.0028667620853472372,1.8461817825823966e-15,-4.513367619669254e-15,4.025090185979695e-15,0.012517614813987008,0.00010762113193087038,-0.0035576537629549774,0.011092063074116513,1.8757475292736024e-14,0.0039239411037978985,0.00139000264205421,2.7177703672641857e-15,0.005873161748174978,9.385568268526332e-5,0.0019824907561463876,0.001225077857041081,0.0057620285318066055,0.0014211827302639196,0.000777305798545857,0.0014084154524207132,0.0015216192080692863,0.0011440557764424606,0.0006866168410940448,0.0018570508254759392,0.0006186530026187496,-0.004025199450676189,-7.361822984806449e-16,-4.1158676265084336e-16,-1.9820353111249136e-16,-3.3071362440261885e-16,7.235269302037075e-16,3.149996249021324e-16,-7.065492960701794e-16,-7.629362702247725e-16,-2.1045194415992148e-16,1.3992965571160479e-15,2.1562651207889934e-15,1.082079900406458e-15,0.000399045297955134,0.00010707819840651184,0.0003569708761163814,-0.00033739473504595144,-0.0001267392758698214,0.00022466213052390517,0.00010040144417846715,0.0002697210925304481,-3.9143992122945045e-5,0.0010355128931923024,0.0002114132492054669,-0.009108711838726925,-9.175771706291078e-9,1.3005039827180437e-15,-3.250391706414524e-9,-7.695414724899855e-16,2.9984539034161836e-16,-1.083758494988491e-15,1.6784243931064634e-15,-1.6700829974710312e-15,-8.9491707626937e-16,1.902877301032141e-15,1.795979216962724e-15,-1.656558812658447e-15,-2.3609141831264037e-15,-3.970248673310457e-16,-9.584279516452308e-16,-1.5276011168703567e-16,2.7567533523883723e-16,0.0,0.0,0.0,0.0,0.0,0.0,0.0,0.0,0.0,0.0,0.0,0.0
0.0011425805390270073,0.03372907826371356,2.45875130818136e-15,-4.598627601501204e-15,7.528883961160283e-15,-0.14640322946459347,0.030084654625666694,0.00487920929247775,-0.13268386606505428,8.662237139801376e-12,-0.0012440027147462428,-0.00044067100256904264,-3.2863601220641846e-14,-0.023150570957620274,-0.00043168117641649567,-0.06175785862714935,-0.004373467538096398,-0.07565243187789966,-0.002809921904047433,-0.0011360485610468,-0.001943786076438814,-0.006432693531285648,-0.0019883368533371412,-0.001335004817850252,-0.011250498560181304,-0.0005984506890907593,0.00013022518516470896,-1.3052298339731892e-15,-3.6755027714152013e-16,-6.683825380175886e-16,-9.283220808942836e-16,1.3398533027268013e-15,-2.6365396323356366e-16,-7.990613370112366e-16,-1.0323071745994952e-15,-9.709931658592106e-16,3.1019709599806504e-15,3.15093956142935e-15,1.2991763107887611e-15,-0.05388495644916515,0.0009787426994596147,-0.011346174424727226,0.0009927764938370703,-0.0014028246571054267,-0.0005077148253469698,0.004770159444247563,0.002168352505527115,0.0006683472771686412,0.012760608555575809,0.0003214487311162899,-0.0008311934349359093,1.9066912123973687e-8,1.3262272303435856e-15,6.754194285508757e-9,-1.1813014000110654e-15,6.623446760272365e-16,-2.0818947506664766e-15,1.962245986979419e-15,-3.2095242864898756e-15,-1.802350740825017e-15,2.090429108325767e-15,1.7949460856250764e-15,-2.6177214652312293e-15,-4.893071343591798e-15,-1.0919094480547644e-15,-2.2334803006442817e-15,-3.1108451991409077e-16,9.54757547534691e-17,-0.0,-0.0,-0.0,-0.0,-0.0,-0.0,-0.0,-0.0,-0.0,-0.0,-0.0,-0.0
0.0006736221251921072,0.02460998471364388,2.032375412036566e-15,9.757821059535333e-15,4.2718477974485436e-15,-0.10694304774298971,0.010117437945361235,0.003741174524365891,-0.0960136343972146,6.1701266339348085e-12,0.0010338651377209,0.0003662326306514406,-3.0800513334202396e-15,-0.01860821248706224,0.00032294761937747164,-0.008395252857277193,-0.03181214550516752,-0.05071502584593604,-0.011326785247152962,-0.0008407694830398554,-0.0016163915912895466,-0.0055987855391126445,-0.0017754962371881926,-0.0011508981371508486,-0.01025018699580606,-0.00042222832520782944,0.00019144224917865547,-9.129337456821305e-16,-1.8413318831392113e-16,-3.553095710789263e-16,-5.40426638647979e-16,6.718999041675159e-16,-2.10617797549897e-16,-4.038046474165455e-16,-5.750675843453301e-16,-7.942310399215287e-16,2.0727868588925368e-15,1.5654449665720138e-15,2.552460581742428e-16,-0.00012409036573692985,-0.041742137979460615,-0.007898053659512141,-0.0028296649446910836,-0.0013006354751796314,-7.051808391240844e-5,0.004429580213819383,0.002072757108281579,0.000340429430439881,0.012038069890533246,0.0003209419312449156,-0.0009529065772390887,4.091707762759417e-8,-2.506651330916542e-16,1.4494317197602352e-8,-7.03279600509963e-16,4.050954796106756e-16,-1.3085017916017457e-15,7.212365058714413e-16,-2.1490451487424825e-15,-1.1966501179417872e-15,4.890762544723674e-16,7.095197579498815e-16,-1.5262308252580068e-15,-3.4455793707144398e-15,-9.791877110911235e-16,-1.5579096381300302e-15,-3.036513754657806e-16,3.2037448943228954e-17,0.0,0.0,0.0,0.0,0.0,0.0,0.0,0.0,0.0,0.0,0.0,0.0
0.001732178733625185,0.10878163891843876,-1.4217655553166667e-14,2.6350534063630487e-14,-2.704664604872799e-14,-0.4724472254896561,0.10756091854535295,0.026927754914296966,-0.42625695277024034,3.778902530597273e-11,-0.003998999518799268,-0.0014165910623277031,-9.73556856137878e-15,-0.03819914650484665,0.006619846503510553,-0.07948116732978854,-0.029999699357368206,-0.32858446811059777,-0.01563187621819296,-0.008858974355921216,-0.010075084451107934,-0.02730384180850182,-0.00866566709582166,-0.007198307629304275,-0.03337088537065563,-0.002920274024316791,0.00010868345232326562,4.741668092737804e-15,2.5819898561424966e-15,1.5265819600031561e-15,2.246223116476699e-15,-3.8561467221422795e-15,-3.9248003026125805e-15,4.873143560658935e-15,4.981543036359166e-15,1.5567727038149816e-15,-8.746155961805502e-15,-1.3714120210219201e-14,-7.369232920053442e-15,-0.0006331298251546002,0.006750561901943029,-0.14591916487173245,0.0049793681500051425,-0.00794853684858066,-0.0024231121952737653,0.014005035924466561,0.009002331391049646,0.00042531529369521046,0.034430541515173926,0.0011203519955913306,-0.001872459657622881,4.1204961000327553e-7,-1.581219887348938e-14,1.4596295506118314e-7,4.336726239006961e-15,-2.2924910694850767e-15,5.0020849229048416e-15,-1.1680770010609244e-14,9.196882714037834e-15,4.729109386359921e-15,-1.3653391997285087e-14,-1.278541952022871e-14,1.0221234217401498e-14,1.2392996426682876e-14,1.3365327639866416e-15,4.774534058987677e-15,1.0656230068313067e-15,-1.794366834204009e-15,-0.0,-0.0,-0.0,-0.0,-0.0,-0.0,-0.0,-0.0,-0.0,-0.0,-0.0,-0.0
-0.00011063901757020086,0.01588637109780168,-7.013638038472329e-16,3.921979371810339e-15,-2.3298844279189647e-15,-0.06908600910868433,0.010836375267688261,0.0020168092330800228,-0.061644267771516784,6.175487233611555e-12,0.0010160839280047955,0.0003599338795135847,-3.1588649727586995e-15,-0.003745625115165264,-0.0014497451414162955,-0.0035469317100119183,-0.013047201787175123,-0.024321290773413645,-0.02513058781578644,-0.0005682430070380556,-0.0007272983308717794,-0.0037400007578629484,-0.0022196916422245173,-0.0009139016690874723,-0.0066209415870292125,-0.0002135536371293368,6.459545953520602e-5,2.982718167834247e-16,2.9941800880896036e-16,3.411313653714824e-17,1.1923352445708729e-16,-3.1676107369525414e-16,-7.546571079135834e-16,5.362619750429967e-16,5.581095951035165e-16,-1.022222585186196e-16,-6.512984138176651e-16,-1.1793190097809369e-15,-9.089329886112739e-16,-7.074679774511887e-5,0.0034907997038411617,0.0015549235433905638,-0.022172377327165635,0.00025656659490545553,-0.0001270655905734883,0.0032364059582101444,0.0029983351009462648,0.0002592029700672837,0.00839355343780334,0.00042047112010426996,-0.0006050596625740408,6.325538433636127e-8,-2.101770579045599e-15,2.2407357378915733e-8,3.2081614944956743e-16,-2.0989624239915148e-16,2.085100420714856e-16,-1.3566558958842864e-15,6.139152000286705e-16,2.213519244989246e-16,-1.7702339085922835e-15,-1.5116695384112746e-15,9.047322703302752e-16,5.328372449476587e-16,-2.6423069836280496e-16,1.1503104698411376e-16,1.1224856403055834e-16,-1.680860730544897e-16,-0.0,-0.0,-0.0,-0.0,-0.0,-0.0,-0.0,-0.0,-0.0,-0.0,-0.0,-0.0
0.001282083000001082,0.02054773672117318,-1.0654328101631159e-15,5.674465302988128e-15,-3.4230357343678488e-15,-0.089386799813379,-0.0023572291870300865,0.026398686924931625,-0.07969168692958715,4.041871065557315e-13,-0.0018533201218396416,-0.0006565133873786488,-2.5465062789349273e-15,-0.028044782408154653,-0.005444140608229453,-0.0034595739472595755,-0.0013144234507076055,-0.05215134219319122,-0.0014217110022846301,-0.018370219138770467,-0.0016752593946470031,-0.003871343533595546,-0.0035852892810976735,-0.00913398313247714,-0.008037664449646407,-0.00036422837124853785,0.00016538018692235424,3.6292603687472507e-16,4.09344044278472e-16,1.5867223723271858e-17,1.319380902489769e-16,-4.625199478422882e-16,-9.28256105778266e-16,5.974556080114733e-16,6.725792182272182e-16,-9.503074459547176e-17,-8.339663442739123e-16,-2.017151755237672e-15,-7.879649536934555e-16,0.00023883029524759071,0.00022791897995216853,0.014367022751426557,0.0005867112801258656,-0.030804937714597583,-0.0008889681210684873,0.0023623997526201557,0.002789273170894853,-0.018386314469210747,0.006699552555062488,-0.0004570922054046322,-0.0009690770143323769,5.088726795026012e-8,-1.99650407399354e-15,1.8026120792951277e-8,4.4097259181069598e-16,-1.964987037259353e-16,4.195044343074237e-16,-1.5162699004928763e-15,8.776932622391846e-16,5.129995345515515e-16,-1.9114557460853887e-15,-1.7336832079697905e-15,1.0549109357990327e-15,9.242351796581326e-16,-5.354992951151067e-18,2.304568339879005e-16,2.1489082553156214e-16,-1.657838942709484e-16,-0.0,-0.0,-0.0,-0.0,-0.0,-0.0,-0.0,-0.0,-0.0,-0.0,-0.0,-0.0
0.0006100367014311984,0.01223024242002386,3.14958990064799e-15,-1.571404169317721e-15,4.794019145368798e-15,-0.05322449148595129,-0.000974916658705924,0.018633119489512823,-0.04734229569873291,2.5301017909338904e-13,-0.0010810599670089684,-0.00038295075553226925,-1.3697550255505012e-17,-0.01479350212035845,-0.002773532721234494,-0.001954788654560445,-0.0005203170361696831,-0.017980660662888164,-0.0007914415300417014,-0.0007166676217674803,-0.024745287934035624,-0.005361369322409791,-0.001380572117522327,-0.0013214897242966573,-0.00595753998082143,-0.00010603879385747574,8.673922278231427e-5,-9.03785759880893e-16,-2.648407058201183e-16,-4.226038497088419e-16,-5.816222647214135e-16,7.680928193470098e-16,1.949401909599724e-16,-6.039183290872502e-16,-7.459512256648677e-16,-6.216811303086479e-16,1.942613700689458e-15,2.1135867190813406e-15,7.524740543738571e-16,-3.557008510817292e-5,-0.0005425758229850651,0.004109900582252463,0.0003343892865170945,0.000558631693075387,-0.02096851881138282,0.004278977358378041,0.001589321444095612,0.0022228608726471344,0.006402569245707896,-8.945638709189224e-5,-0.000492949920174398,-1.3767855572861686e-8,2.3012801620860012e-15,-4.8770747079772995e-9,-7.113158181946424e-16,5.369842179956642e-16,-1.0256960305709689e-15,1.4764886901866657e-15,-1.9567063712070318e-15,-1.0672899594477854e-15,1.6768089343045543e-15,1.5727386406567725e-15,-1.7361947575736858e-15,-2.848920861074286e-15,-5.937119314775122e-16,-1.2003497080055917e-15,-2.2417652195316296e-16,1.5396654716325371e-16,-0.0,-0.0,-0.0,-0.0,-0.0,-0.0,-0.0,-0.0,-0.0,-0.0,-0.0,-0.0
0.001417675092218702,0.03400246859522802,-5.982123493514201e-15,1.5075597580160272e-14,-1.1017194904372508e-14,-0.1479849302154138,0.0037129962385636975,0.041143421784070405,-0.1314687829260735,4.600763048972436e-12,-0.002366550702068533,-0.0008383183236966799,-5.618708349425577e-15,-0.03374840635404653,0.002847790510805305,-0.010359662167142283,-0.004598602584681094,-0.06785303314512062,-0.0045820100022792324,-0.002236879069411118,-0.006708727785711652,-0.04622304769176767,-0.005717680342248934,-0.003071340059634673,-0.019395293463518877,-0.0008476509409161166,4.402352485190159e-5,1.68176991278915e-15,1.3279720188408559e-15,4.794321283132715e-16,6.738529981795439e-16,-1.5982210719175319e-15,-1.95475002412356e-15,2.202730019195842e-15,2.1025737894576876e-15,6.664336298838139e-17,-3.1405349910818076e-15,-5.66448333876319e-15,-3.843705890478719e-15,-0.0023414756613515378,-0.0016806700610953731,0.006051658667801719,0.00037729079604591334,0.00039801882784579645,-0.0021616504041277974,-0.041885380375744415,0.0028184465162268604,0.0028416132334000994,0.015880704465010085,0.0003003113192373416,-0.0011446924440847179,1.4089107084435376e-7,-5.688471940567757e-15,4.990874044300442e-8,1.949386095390349e-15,-7.78682350295055e-16,2.2877455293162376e-15,-5.3892719512950214e-15,3.7902657036407634e-15,1.8931687312514566e-15,-6.5747046085404504e-15,-5.774166569407318e-15,4.49092795475057e-15,4.676901406794389e-15,1.7668926076117707e-16,1.4707615675720232e-15,2.9601957800420686e-16,-6.613635966800217e-16,-0.0,-0.0,-0.0,-0.0,-0.0,-0.0,-0.0,-0.0,-0.0,-0.0,-0.0,-0.0
0.0006941379781564981,0.020113599493590154,-2.5916009627074045e-15,1.704078190531529e-14,-6.2905740622222125e-15,-0.0876956048187235,0.00017885520851664162,0.03041126918092586,-0.07680033974190933,2.1639534360392793e-12,-0.0010604993155563062,-0.00037566742504893566,1.8825304711507293e-15,-0.021607997809502167,-0.00385418006958759,-0.0030646305624742504,-0.0013726597786807946,-0.022857918408767535,-0.0022535326561456473,-0.0026067374340612705,-0.001535384703793259,-0.007407658352060832,-0.03711448552015976,-0.0037122673588146967,-0.017225272734971594,-0.0002613348133474004,0.00012068410413794166,9.230863945284026e-16,1.024523083565683e-15,1.6535441687783562e-16,2.0189467357002943e-16,-1.1796925198484697e-15,-1.246986891522562e-15,1.4393868052921178e-15,1.3824454333674678e-15,-3.5239454503635146e-16,-1.5205280345294045e-15,-3.681154999269698e-15,-2.74474441106687e-15,-0.0011660938501913516,-0.0007059521562155279,0.0029235394829317794,-0.0006973550209030655,0.0025779112661796807,-0.0011633192577032469,0.00509763958922545,-0.02739263965736218,-0.0003976278992165916,0.016378944843172722,-8.369827267752704e-5,-0.0008726316534891412,9.36221237447025e-8,-3.1887347409367798e-15,3.316436059814691e-8,1.32849190901544e-15,-3.630817719155889e-16,1.5479713068123937e-15,-3.678202136818948e-15,2.2961263561713066e-15,1.2286959692583305e-15,-4.562671382937626e-15,-3.846700787203174e-15,2.856883538300651e-15,2.7290850746165777e-15,3.6570980534683356e-17,8.051804062908384e-16,6.732104888516023e-17,-3.0969365121707245e-16,-0.0,-0.0,-0.0,-0.0,-0.0,-0.0,-0.0,-0.0,-0.0,-0.0,-0.0,-0.0
-0.0004435265078702926,0.01908512846175557,-1.4865689573542964e-15,6.4389503793763914e-15,-3.901970495726946e-15,-0.08315974660157106,0.0003066496032011312,0.058396008882830745,-0.07330378808034498,-2.3871006914884603e-12,-0.003401006967821293,-0.0012047603533944184,-1.8191699945396158e-16,-0.03473053758571394,-0.004259075962103438,-0.0018298790035577708,-0.0008841237424092256,-0.027804890550942197,-0.001951162717758726,-0.01797398100010347,-0.0019091006502843534,-0.004054041502049524,-0.006274310249521436,-0.021091466717709832,-0.010049283143427514,-3.8503172248162044e-5,0.0001910868690389654,5.669986793203633e-16,5.471777683473036e-16,6.522573531356447e-17,1.6395294474314368e-16,-7.438155447287998e-16,-8.660397002190319e-16,7.065494476542408e-16,7.958707917080714e-16,-1.5393178284229426e-16,-1.2072999879721138e-15,-2.0245333472941006e-15,-7.87477100020731e-16,-0.00019173976781618543,-1.731799772967976e-5,0.007076908177727586,0.0009747942816428863,0.028008025461883263,-0.0021088747611907174,0.0017612062772786945,0.005480301328471798,-0.04533984916322935,0.008091675255533181,-0.0011655564700623518,-0.0008206469629241332,4.694697589696353e-8,-2.280331667996318e-15,1.663032602342725e-8,6.826594931612409e-16,-2.0260330615695223e-16,9.6598162357639e-16,-1.8957028398245194e-15,1.5114680747131633e-15,8.794856410034709e-16,-2.187830470965406e-15,-2.085449295258194e-15,1.5159931858424763e-15,1.800411589426144e-15,2.936637340492314e-16,7.123753066216489e-16,1.8417107941878407e-16,-1.9802210012300065e-16,-0.0,-0.0,-0.0,-0.0,-0.0,-0.0,-0.0,-0.0,-0.0,-0.0,-0.0,-0.0
0.003939151913880697,0.04058180244287022,-1.834301159391623e-14,2.6138270934921097e-14,-3.081297341177095e-14,-0.17663981048476257,0.007118867597689708,0.029034405097290897,-0.15659685640820661,4.350837413265451e-12,-0.0039004410550030812,-0.001381678070136215,-2.241913283476769e-15,-0.043015459206218874,-0.005217228911781986,-0.016476301792763066,-0.007883380725230704,-0.07550254762591752,-0.006800533360855121,-0.004773364966397655,-0.007158745435422844,-0.01833757620324788,-0.011795449832909725,-0.006196263568776391,-0.04642716301441359,-0.0017367787045718364,-5.929786102408589e-5,5.902067128104884e-15,1.6419993210215183e-15,2.609982752559844e-15,4.0088743700146515e-15,-4.126087117886089e-15,-3.1492243739881766e-15,4.4638782714940416e-15,5.069226064636835e-15,3.985446067058351e-15,-1.1401331152779824e-14,-1.3399160264235602e-14,-5.3319549797023715e-15,-0.007474134438628635,-0.005402596603718276,0.0010827414457680647,-0.0011065488361718557,0.0009737467816567227,-0.003227721061510506,0.006879549167194565,0.002834437346726724,0.0026007837922866874,-0.03589282954838162,-0.0008896904175880165,-0.0018860563220135084,2.669277426472812e-7,-1.613895078014231e-14,9.455551147868721e-8,4.252335609998642e-15,-3.3097390317203528e-15,5.6493884213572616e-15,-1.008274212960517e-14,1.1478741551575098e-14,6.092957221881603e-15,-1.1151803388968049e-14,-1.1168994291864344e-14,1.0689834029279915e-14,1.6520804435711956e-14,3.0482726005487416e-15,6.721461394249772e-15,1.6683600430159248e-15,-1.838653581708853e-15,-0.0,-0.0,-0.0,-0.0,-0.0,-0.0,-0.0,-0.0,-0.0,-0.0,-0.0,-0.0
0.00031802500852058186,0.00679181982492234,8.026127879613448e-16,1.871874918022018e-16,1.4284489596177866e-15,-0.029587319708254203,-0.0008170346209840801,0.019871174242149615,-0.02614548671946303,-8.011271228392116e-13,-0.0017961118748808468,-0.0006362481457979457,-3.2012956596492777e-15,-0.011911417673087076,-0.0023207087873187444,-0.0010675585436489316,-0.0002765585546228589,-0.018455863729146458,-0.0007575365573539765,-0.0004765968244893026,-0.000144234143451107,-0.00151556082779663,-0.0004908232261976372,-0.0009463808931148082,-0.003966013717775403,-0.006446057296942125,4.329726303952252e-5,-2.730179050743333e-16,2.3914705188277463e-17,-1.184487399470722e-16,-2.2654722617192896e-16,2.86027346231148e-16,-9.705813489386756e-17,-1.4729538720516998e-16,-2.94223515732597e-16,-3.232011519798646e-16,6.682833134858757e-16,7.1975437434227175e-16,-5.657811987847624e-17,0.0003321242620315045,0.0002004394763464991,0.0059120822855576495,0.0005381415704164292,0.0007898700014136697,4.1626155781795095e-5,0.001543434662510961,0.0006206738207526478,0.0018823880468503463,0.004763557801633243,-0.0075640607038031235,-0.00020169971625758767,-1.2143238065911728e-8,1.084629871869121e-15,-4.301576365875072e-9,-9.948590698160695e-17,2.1267953084776105e-16,-1.8002882009255153e-16,4.058584582249188e-16,-6.689083970308541e-16,-2.9489256115810666e-16,3.8320220063949304e-16,5.088071632516974e-16,-4.481752500392314e-16,-9.720138899058943e-16,-8.170655836849468e-17,-3.8424488084229353e-16,-4.3883455964460305e-17,8.12148779170031e-17,-0.0,-0.0,-0.0,-0.0,-0.0,-0.0,-0.0,-0.0,-0.0,-0.0,-0.0,-0.0
0.00011304945709602055,0.0016350431430480648,4.0309416948550107e-16,-6.692474126727103e-16,7.422436300205985e-16,-0.007119310877329925,-0.00029686590987604186,0.0002917750563751084,-0.0062845502715743766,-4.802666962859589e-13,0.00012413847777874073,4.397436340837432e-5,7.425711054102559e-16,-0.0034089084384590763,-0.0006196503352170181,-0.00010394573308317997,9.505949183878265e-6,-0.003403218969939599,-0.0008491743126345213,-1.395687403227719e-5,-9.125743158713719e-5,-0.0008065479615676165,-0.0003011338684281003,-0.00016976938333388515,-0.0014435730229286439,-8.027800360159086e-6,-0.0011256719120721818,-9.838041279666237e-17,-4.419601822275382e-17,1.9840358786219294e-17,-9.343690358990207e-17,2.0244347302580164e-16,-8.414491370752731e-17,2.551771860382406e-17,-1.5019256164449175e-16,-2.1432652623523108e-16,4.025269313964187e-16,5.564740651721679e-16,1.6737024305504067e-17,-2.111202857133295e-5,-1.4948536259336185e-5,0.0009504075358062085,0.0005079056460715061,-4.140937933206714e-6,1.0792348181229385e-5,0.0007903696605741792,0.00035818317644302,0.00030371968525673556,0.0016643521788660006,-3.422298857416785e-5,-0.0026082845074420677,-1.3359252492732824e-9,1.8658052451256568e-15,-4.73233245930908e-10,-3.1146278201500445e-16,-7.178364842601274e-17,-1.7903587301165311e-16,3.3287884720719836e-16,-1.6739132823820344e-16,-3.4236879129220204e-16,2.2188376306793442e-16,1.4509159395790026e-16,-3.4224276380042745e-17,-3.881299334462992e-16,-5.871514815351694e-16,-3.4646361164817276e-16,-1.610525939854193e-16,9.112598005761956e-17,-0.0,-0.0,-0.0,-0.0,-0.0,-0.0,-0.0,-0.0,-0.0,-0.0,-0.0,-0.0
0.0002988946739645202,0.0395623569020311,-5.5363633317122866e-15,1.4493053227065356e-14,-1.0804544154194961e-14,-0.17166284920861066,0.04947975918455209,0.005282986765169296,-0.15598499937154303,7.461330679818756e-12,-0.001612797696270552,-0.0005713115970949018,-4.325723884921214e-15,-0.03583515164759093,-0.002150915759337067,-0.08527390550307738,-0.005597924700993058,-0.0828951690156259,-0.002802637180024475,-0.0012425701479480014,-0.0016638131847384573,-0.00625132394838499,-0.001484562945896876,-0.0012718322838614676,-0.009300507022822297,-0.000370406506782148,0.00027687127294132735,1.8976610947880713e-15,1.0426807023306464e-15,3.6086160995905774e-16,8.861566207835834e-16,-1.6104293066601262e-15,-1.875595120135458e-15,1.8610439806139224e-15,2.0537809234091514e-15,6.828142755535907e-16,-3.800067200297519e-15,-5.171717404538477e-15,-2.8531752159737463e-15,0.007962759267035458,0.0011611843990019534,-0.027322334488756435,0.0007855475792398968,-0.002522202310079911,-0.000997189148465031,0.004184529748519301,0.00204490216203162,-1.0674506931847316e-5,0.011391143659657646,-6.048923494446259e-5,-0.0011640940127111464,1.6524582707452067e-7,-9.221312058521428e-15,5.8536080496047304e-8,1.3760035653293199e-15,-1.193109081368e-15,1.1254869005453015e-15,-4.794797689182896e-15,3.130403154458966e-15,1.6112612283226593e-15,-5.980771473273974e-15,-5.468018778391358e-15,3.850458936731317e-15,4.016695828937049e-15,-9.420858314141017e-17,1.3222843838720769e-15,6.085348113228676e-16,-4.976595124170424e-16,-0.0,-0.0,-0.0,-0.0,-0.0,-0.0,-0.0,-0.0,-0.0,-0.0,-0.0,-0.0
9.567738143600709e-5,0.028396248852439847,-6.373879562934116e-15,1.6340220351165576e-14,-1.2888180308467548e-14,-0.1233629908257428,0.01657273427861574,0.004171936517363197,-0.11095302662253445,5.50080150876159e-12,0.0016240380906942676,0.0005752933535821697,-1.3109427188109534e-15,-0.026239871603089625,-0.0021226584161382536,-0.01076489560610416,-0.04001812082971988,-0.059458282507811086,-0.012724749597953854,-0.000911645406482292,-0.0011328536621075082,-0.005598220750145112,-0.0016321821116487233,-0.0011960451491895919,-0.0092846664234667,-0.00028348217627193525,0.00031723484007897975,2.2196614742176125e-15,1.1883400322834142e-15,5.621712821482854e-16,1.22508804072109e-15,-2.0149851951238765e-15,-1.773945795843531e-15,2.2705933402460243e-15,2.557829725862262e-15,7.306799672407193e-16,-4.4006058335550745e-15,-6.547220561230577e-15,-3.630469654720963e-15,-0.00035165455983478727,0.005986341343402625,-0.01589507598546663,-0.006542569427607541,-0.0021573072388483454,-0.00044291424695075713,0.004153861294580454,0.002215820300345206,-0.00017663339983803664,0.011536175962018683,0.0001305714137121699,-0.0012979273503876025,1.8318669620468553e-7,-8.541046061110543e-15,6.489138865026068e-8,1.9168348428434984e-15,-1.242731020775699e-15,2.145880779373272e-15,-5.74946267343787e-15,4.401476667350385e-15,2.1832034315140053e-15,-6.856641698136828e-15,-6.297859673990838e-15,4.890657778471267e-15,5.813224406822881e-15,2.813226020432953e-16,2.1854994581256075e-15,5.287316841188708e-16,-6.491988298181753e-16,-0.0,-0.0,-0.0,-0.0,-0.0,-0.0,-0.0,-0.0,-0.0,-0.0,-0.0,-0.0
0.0029707844044444508,0.14725330697582603,-2.357941754017518e-14,4.60759819871539e-14,-4.208882752782944e-14,-0.6398204531746094,0.23994090052099443,0.056471977840246795,-0.5762747458576866,1.890972746206855e-11,-0.02177800207914831,-0.0077145603432712,-7.340687388910288e-15,-0.15768869830560084,-0.021086732798894187,-0.08425503703732069,-0.03128068969658723,-0.48048295313760075,-0.017748135884184807,-0.015499457073167588,-0.01424117903279939,-0.035989489838163545,-0.011302186821768501,-0.010830308714266742,-0.04449733213479211,-0.0038857250631466225,0.00032689223967033486,7.21487185606097e-15,4.058137096359996e-15,2.1182037422091443e-15,3.7274033530784894e-15,-5.893422921431044e-15,-7.158064643106633e-15,7.47856638761294e-15,7.76180396184864e-15,2.294288092124996e-15,-1.3855366048076058e-14,-2.0291451820988186e-14,-1.091936334362137e-14,-0.02271745923526129,-0.004135049716994908,0.008234040276907214,0.0005186056298318968,-0.021991926936380603,-0.008916476476668203,0.005187634547604879,0.008031320155232644,-0.00878488340725002,0.03680944461736151,-0.004629512268316326,-0.004295597270974806,4.5936455343201243e-7,-2.4691257630977e-14,1.6272362745070183e-7,6.109391249276159e-15,-3.9228433597807115e-15,7.140697968952704e-15,-1.7620790940191748e-14,1.4000772829630026e-14,7.190539398536618e-15,-2.1328849636665208e-14,-1.957478677476948e-14,1.548297223685801e-14,1.8523052407890492e-14,1.2722264133628415e-15,6.663105889605705e-15,1.9433166793663072e-15,-2.461006559885603e-15,-0.0,-0.0,-0.0,-0.0,-0.0,-0.0,-0.0,-0.0,-0.0,-0.0,-0.0,-0.0
1.4002838364044574e-5,0.022540128865793055,-3.824169638048228e-15,9.809136159656415e-15,-7.560638747374029e-15,-0.09806762295852425,0.03109925530048963,0.00606297194476392,-0.0873458338988804,-2.0221405649859734e-12,-0.0014943234688122528,-0.0005293437171413577,3.801113422648981e-16,-0.041042427266631924,-0.003963682327159303,-0.005618988698224414,-0.01253576325473283,-0.03397657099291475,-0.04826830874392637,-0.0007366249983058315,-0.0006056194664362659,-0.0042919487894424214,-0.0017557116127326256,-0.0012904130219566904,-0.007087725993090085,-8.271818750242577e-5,0.0001631196869680546,1.2806734032154392e-15,7.055134660647081e-16,3.1413675863041185e-16,7.513749630025842e-16,-1.195445351470428e-15,-9.383781483581614e-16,1.3748552258685943e-15,1.5114803422737914e-15,4.19776166662946e-16,-2.674204249066566e-15,-3.8414449850581235e-15,-2.0798711918744887e-15,-0.0014333710650882908,-0.002710901140204087,-0.005379231999554458,0.018361764168869057,-0.0009214319452180715,-0.001249398820722952,0.0019218280710597874,0.0017782239257597859,-0.0019237866664613822,0.007819953154920317,-0.000759737482389629,-0.0016543236716905427,9.848640316920492e-8,-5.300170819452733e-15,3.488746502488027e-8,1.0854574302472956e-15,-8.449412798839427e-16,1.1443806181273544e-15,-3.337920217263152e-15,2.6042810132533843e-15,1.2043317048460519e-15,-4.054619321323564e-15,-3.788022663080916e-15,2.8850863997252117e-15,3.2015044811496978e-15,9.269002855542872e-17,1.201388605604958e-15,3.6633297795856325e-16,-4.443920648416599e-16,-0.0,-0.0,-0.0,-0.0,-0.0,-0.0,-0.0,-0.0,-0.0,-0.0,-0.0,-0.0
-0.0006938337902086553,0.020215201241546077,-4.438722690730587e-15,1.2086868332647415e-14,-1.0215437227675034e-14,-0.08799056657902848,-0.0012042731489178213,0.043549084398003896,-0.07801443183154966,-4.837455507023992e-12,-0.0007961925751378482,-0.0002820403654765283,5.384581669432009e-15,-0.04408116212247548,-0.005596847740041301,-0.0011208166086861399,-3.406621704725096e-5,-0.038941388532392374,-0.0007180158939132306,-0.027862450175780158,-0.0007768816635658621,-0.003167724837516604,-0.004282525819162284,-0.01570372718038251,-0.008310659686887297,0.0002126048313169013,0.0004216373566135105,1.5873368213879913e-15,9.024826428075228e-16,3.981017085164743e-16,8.1528074810704875e-16,-1.5676623627843338e-15,-1.2178125484754659e-15,1.4846186455885213e-15,1.7548995012803136e-15,4.534140281475709e-16,-3.4635868651193015e-15,-5.42464987335204e-15,-1.9406572389135618e-15,0.00010151346783040735,-0.00012245867047926736,0.01156164455010815,0.0004347641136826265,0.030460179176953373,-0.001693727025009052,0.0019605445121969947,0.004013211696894024,-0.034692224371713196,0.007914704513484347,-0.0010556251257228476,-0.0013677422616291137,1.0548381084552567e-7,-5.329070518200751e-15,3.736620130399457e-8,1.4030755145359777e-15,-8.320990006740245e-16,1.6996142861094008e-15,-3.858073287042556e-15,3.318273877954278e-15,1.8328070050318168e-15,-4.572587468138092e-15,-4.292630035727095e-15,3.395620635539533e-15,4.3555623380354465e-15,6.407620179328655e-16,1.6737140905635995e-15,5.293038865964386e-16,-3.4977573210160406e-16,-0.0,-0.0,-0.0,-0.0,-0.0,-0.0,-0.0,-0.0,-0.0,-0.0,-0.0,-0.0
-0.0010356952607504118,0.013169289119201703,-7.843461714445117e-16,5.170204331195694e-15,-1.6423982956576993e-15,-0.057290763517153925,-4.3005524851204096e-5,0.033312327130866085,-0.05103528723335367,-2.137349089638837e-12,-0.00010936445738423474,-3.8740868091633325e-5,-8.340026846452111e-15,-0.021936685240046678,-0.0030275513855337914,-0.0005731568341228647,-5.3458614036173526e-5,-0.011369634452418289,0.00017272414211767353,1.593555154521918e-6,-0.046107319683497336,-0.00327562130403907,-0.00019033924821125183,-0.00040015527461598503,-0.003557538168338644,0.00041561639652012663,0.0002611093310799028,3.0249324072409525e-16,1.874543637761141e-16,-7.686532959409994e-17,2.0488588576454103e-16,-2.3779317508354957e-16,-3.3668167676242726e-16,3.135045890738629e-16,3.2178502803025056e-16,1.403473182166132e-16,-6.185802566041581e-16,-6.774576500933997e-16,-3.7830527538488587e-16,-0.00010695930394307045,-0.000993272459991712,0.0025577358627501532,1.0126114734044874e-5,-0.000248229701491574,0.020662520053074274,0.0022787234708918675,0.0012559508031100167,0.001131669474761384,0.00540718433165327,-0.00023425089620168933,-0.0006801888257830861,4.3490978958274355e-8,-1.6025765033542046e-15,1.5406086354345857e-8,1.0568071233337206e-16,-9.454224148838585e-17,4.7920577864477446e-17,-6.63311752809994e-16,3.242884155323123e-16,2.74086484976978e-16,-7.1425062804063005e-16,-8.035654609981283e-16,4.575447290079385e-16,5.029027982407103e-16,-7.20174213678438e-17,1.9017953334382467e-16,2.72161204554706e-16,-8.57002616058235e-17,-0.0,-0.0,-0.0,-0.0,-0.0,-0.0,-0.0,-0.0,-0.0,-0.0,-0.0,-0.0
-0.00023911541540384829,0.04536727712846442,-1.5241789079291827e-14,3.852409525845261e-14,-3.123777807818264e-14,-0.19747088915119038,0.013218910524336753,0.0820734729475992,-0.1753085618591772,2.922117880620941e-12,-0.0042462859666491815,-0.00150418891527885,1.231420602579471e-14,-0.05565480633731107,-0.012328272591896164,-0.015890755336501163,-0.0075802433339124,-0.0838554822532839,-0.00594924529368685,-0.002743349867240341,-0.009117848165168804,-0.06874469758224261,-0.007546573992183866,-0.003439517926663826,-0.02362018992685807,-0.0004180932725872626,0.00023233026220017015,5.555472861435075e-15,3.1261918208393915e-15,1.800450073140192e-15,2.7961988600358673e-15,-5.094137152689264e-15,-3.771371615424145e-15,5.862752986094848e-15,6.3149271172630194e-15,1.682868180907189e-15,-1.0102028901028023e-14,-1.6277905582258518e-14,-9.174032744784705e-15,-0.0055533937624044375,-0.004022464692244469,-0.0032615561651193493,-0.0010221151577585073,-0.0012318295152205089,-0.006020248651496455,0.03237227434111404,0.0017328255293751703,0.001227818779255669,0.015702460093299387,-0.0009159726450269805,-0.0020692055662112734,3.146017582788544e-7,-1.4639027767168375e-14,1.1144338173210218e-7,5.53557373197269e-15,-2.6716978252482147e-15,7.112258800825486e-15,-1.3688393540708099e-14,1.2143291742891743e-14,6.353736459084882e-15,-1.5888154280063112e-14,-1.4623552529038553e-14,1.276513755837247e-14,1.6512686816288734e-14,1.9988320724916966e-15,6.1167078399960095e-15,1.0689555047648387e-15,-1.7714333982197765e-15,-0.0,-0.0,-0.0,-0.0,-0.0,-0.0,-0.0,-0.0,-0.0,-0.0,-0.0,-0.0
-0.001337126566300667,0.025441623987913206,-1.4320959092413058e-14,2.831317923107635e-14,-2.7115839684818154e-14,-0.11090996299902488,0.0031705922061360608,0.05773149886778536,-0.09717150284143744,-1.6051872361408184e-12,-0.0005784477577666708,-0.0002049072323730423,1.6304767610177862e-14,-0.0406517054557413,-0.0042007931739196204,-0.0036721295756020262,-0.001944618921246713,-0.02876320985299532,-0.002999137857850067,-0.0036736335531953566,-0.0015427628939996933,-0.00823732978379548,-0.051522872440489566,-0.005015702942334359,-0.01875251744170341,0.0003317446046259585,0.0003443796895385258,4.671078553088798e-15,2.7115511825767954e-15,1.3006410665287134e-15,2.260093053287242e-15,-4.458601638325792e-15,-2.8723759142412754e-15,4.513948190541601e-15,4.8780239028842865e-15,1.412277831987829e-15,-9.388466714881201e-15,-1.3322491626632073e-14,-7.43085315089149e-15,-0.002053959653311862,-0.001140321244084053,0.0025924203188798095,-0.0018955693457851377,0.0036708891290235237,-0.0022102084410950454,0.004812031409160213,0.025535662160927772,-0.004606266606446716,0.016690591476097194,-0.0005501199127760008,-0.0014012384583604598,2.62382238653463e-7,-1.1704701581082474e-14,9.294532914838643e-8,4.602341682682373e-15,-2.174291708416716e-15,6.0662556634662415e-15,-1.1354964067882296e-14,1.0209175430003772e-14,5.5769530020720034e-15,-1.3203958000291789e-14,-1.2005234441887849e-14,1.055573946470857e-14,1.4046394958763986e-14,1.9748068053678344e-15,5.353625905154549e-15,1.1584460719341032e-15,-1.0649159031067272e-15,-0.0,-0.0,-0.0,-0.0,-0.0,-0.0,-0.0,-0.0,-0.0,-0.0,-0.0,-0.0
-0.0017695036935953406,0.01793173968033775,-6.690279055399144e-15,1.5994223380652483e-14,-1.266344449251466e-14,-0.07813744461182534,0.0011116952293528297,0.06763819462330242,-0.06882489392687116,-2.8248013816770017e-12,-0.0026766786872206333,-0.0009481769345504214,6.704381710381609e-15,-0.034217180059678734,-0.004250835848240261,-0.0010809613421074579,-0.0005629959126907122,-0.02427373775007249,-0.0014163141164854646,-0.015452440498721985,-0.0016960207519332437,-0.003810499254333336,-0.005629763549631012,-0.024361682507286375,-0.009714631566312396,0.0002557783955895645,0.0002713705527250917,2.1885660744151984e-15,1.1901563179850123e-15,5.899186598475267e-16,1.0746303492454893e-15,-2.194811284476865e-15,-1.7227536111619317e-15,2.040876133531484e-15,2.3764314506879167e-15,5.688184725384625e-16,-4.6627452772546145e-15,-6.119315552736903e-15,-2.7312414507793464e-15,-3.8868361510244816e-5,7.231263989313172e-5,0.0067159721670084944,0.0008499875424089248,0.02483688800779505,-0.0023456747599673493,0.0018137213614332543,0.0049653450277691935,0.041260361253110944,0.008407442063103699,-0.001276878068929465,-0.0007917969585454321,1.1497881603849706e-7,-5.8218961161072634e-15,4.072967733414652e-8,2.1428558744625805e-15,-9.8527125194779e-16,3.0172483172295483e-15,-5.088486526182778e-15,5.03902472145224e-15,2.8130351438246005e-15,-5.7833009509267685e-15,-5.556636509118208e-15,4.827365351498194e-15,6.740299115858594e-15,1.1930300544017466e-15,2.621425730126318e-15,7.808060424407414e-16,-5.854191381569493e-16,-0.0,-0.0,-0.0,-0.0,-0.0,-0.0,-0.0,-0.0,-0.0,-0.0,-0.0,-0.0
0.0016983372186286782,0.07227710638482951,-3.508881154643313e-14,7.919615693547735e-14,-6.198943688479001e-14,-0.3144495916100296,0.024990846602791772,0.0636399449347197,-0.2798436206827419,8.744344745129305e-12,-0.00155907898557785,-0.000552282476160425,1.5623897352514296e-14,-0.0747709013504313,-0.006343516259675925,-0.036368703061049217,-0.01842307419936373,-0.13969336910896085,-0.013763145795144564,-0.008314981035609134,-0.013002579476056942,-0.029653574071839287,-0.020550601738921828,-0.009587137547135326,-0.07047644905576955,-0.0024148989734710563,0.00014854366381365417,1.0999281344512402e-14,5.675165220001793e-15,4.344917320704399e-15,5.5998382548052604e-15,-9.543277568959028e-15,-7.233044103166782e-15,1.1594487266169756e-14,1.1562068439776156e-14,3.663580266868381e-15,-1.9609725446223945e-14,-3.198343399155366e-14,-1.7759937728693635e-14,-0.018775928408311958,-0.013438985254621349,-0.008976151610624133,-0.004016701549608211,-0.000886077229085206,-0.008498016209247457,0.0037823305277113555,-0.0011106623551928978,-0.002520459245656664,0.032329806097639,-0.0018835963252490815,-0.00374584830613276,6.146486929180611e-7,-3.057944374110622e-14,2.1773091579650173e-7,1.0938534191518023e-14,-5.373758651243855e-15,1.3674257988214137e-14,-2.694071527550863e-14,2.3618966274305845e-14,1.2451181195818665e-14,-3.145706894320687e-14,-2.8628702483686524e-14,2.513302358156687e-14,3.175200732345966e-14,4.224238104753595e-15,1.1983040433076938e-14,2.1271393257143828e-15,-3.777814667186046e-15,-0.0,-0.0,-0.0,-0.0,-0.0,-0.0,-0.0,-0.0,-0.0,-0.0,-0.0,-0.0
-0.005934975671323892,0.00024310402912086637,4.474956959918114e-15,-6.713172852656327e-15,8.092974990337859e-15,-0.001144518466049238,0.0007297588279549048,0.06933549228618471,-0.000216215149972096,-2.4774064935118425e-12,0.0012181991879704006,0.0004315304549758006,-7.0599150503852275e-15,-0.006953221311932208,-0.002600836353123015,0.004120384253690681,0.0018270608059890838,0.0020262139953461586,0.00170635824225473,0.0012223625661894142,0.0032759818583864217,0.002005659928592786,0.0020963333361859564,0.0011114488027091688,-0.00041230689144525906,-0.02088558756523234,0.00045031243347135627,-1.0423767874002797e-15,-4.488946239638585e-16,-4.600395760820645e-16,-6.765700271214326e-16,1.0775269520004264e-15,3.2400048112972302e-15,-1.3674500682596622e-15,-2.145111265272488e-15,-5.680720763233564e-16,2.4758945032531946e-15,3.2934067577968312e-15,9.808896584073183e-16,0.001926185296038942,0.001307135655574966,0.007007414959066827,0.0006853711861227244,0.0013276726242784443,0.0009810864738947914,0.0024724949912039067,0.0020632116745295673,0.0016443503961105688,0.009544412787596894,0.053708002864505305,0.0002178556229452005,-5.3037871111666005e-8,3.8064860516352755e-15,-1.878794209213034e-8,-8.227876998080304e-16,8.435818391143477e-16,-1.1758019269803694e-15,3.2306429602529295e-15,-3.155084294727657e-15,-1.0981579675514105e-15,3.713952915207445e-15,3.707687750691473e-15,-2.6825232605130935e-15,-3.850773686253004e-15,2.6596109137346747e-16,-1.1386441527011985e-15,-5.732217899497684e-16,5.006248138574018e-16,-0.0,-0.0,-0.0,-0.0,-0.0,-0.0,-0.0,-0.0,-0.0,-0.0,-0.0,-0.0
-0.0019815487017288804,-0.0012411825471249933,1.0485913988589996e-15,6.949511952364631e-15,3.349172356634334e-15,0.005428356440714509,-5.525816293958509e-5,-0.0028157191024523586,0.0048915661818047795,-1.7055575475631866e-12,0.003629041949720283,0.0012855386369990875,-9.48025598598039e-15,-0.0031402249037206006,-0.0006318005044449722,0.0019916848834775373,0.0013250890857260727,0.0024737264205077717,0.0006059059969330676,0.0008238264957217837,0.0013776980349801406,0.0007320079513857287,0.0008779674083156403,0.0005356086791407459,0.0004047552628288955,0.0006148476642965784,-0.005662653498216965,-4.199828265028718e-16,-4.644782401390668e-16,2.2640899072555334e-16,-1.7690477421523496e-16,1.1808004515755214e-15,-5.022041905954322e-16,-6.199217227580184e-17,-7.983480409548073e-16,-6.025245109806782e-16,1.6364597798972767e-15,3.2221241453440073e-15,7.451986245085994e-16,0.0002362833865618291,-3.725509575927739e-5,0.001025853887413269,9.75692655027982e-5,-0.00033846207634073184,0.00011257217775942872,0.0006956326707218251,0.00041186795880983156,9.491467822353447e-5,0.0023868518046652,-9.916774565574146e-6,0.018262758086207767,-5.84586941372059e-9,9.031748682488217e-15,-2.0708192827259735e-9,-1.7944223526745048e-15,-5.197102540633896e-16,-1.1234564650873233e-15,2.240723150435459e-15,-7.503911621138437e-16,-1.6942700040346609e-15,1.895977784946545e-15,1.3173328856526297e-15,-4.249120178010858e-16,-1.6278227096753869e-15,-2.786362107226687e-15,-1.4951037866007576e-15,-7.487163114563036e-16,5.028471852741165e-16,0.0,0.0,0.0,0.0,0.0,0.0,0.0,0.0,0.0,0.0,0.0,0.0
0.0017187126434780908,-0.030830394591082787,-2.9954513495939377e-15,-5.363949076971765e-15,-3.675012297919852e-15,0.13364687361882216,-0.06809849882683398,0.012137755035583753,0.12194263764949861,-4.01942282501881e-11,-0.009165928187054433,-0.003246905103778448,-1.163492998363282e-13,-0.08747697580265663,0.01378645740443536,0.0505513867636431,0.002511990775174699,0.09671331099758446,-0.0022478124963532633,-0.005531724036134044,-0.010743147642629123,0.0023918080651401784,-0.004531176380140715,-0.008852449398311632,0.045379062743734516,-0.009261306146214432,3.316958158213609e-5,1.6771196239513847e-15,-1.0284582903014875e-15,9.211440098948142e-16,1.898674178151916e-15,-1.9261372745983989e-16,1.9242324948821356e-15,-8.715928545394221e-16,-2.989469243037535e-16,2.9481875813301334e-15,-3.453627696675347e-15,9.530875042293369e-17,2.956119702903577e-15,-0.014178283868839882,-0.0025404979290161982,-0.03244972425664236,0.0005647837506704775,0.0073644286251952325,0.003988624102304987,-0.005203591107786446,0.00348211783712916,0.015110537881504382,-0.05800755868640312,0.02104074513246698,-0.0006875798251068316,-1.1443278597911395e-7,6.243165513202225e-15,-4.0536254380134247e-8,5.861629516374921e-16,-2.670829089745011e-16,2.516740406218954e-15,3.0067651632801896e-15,3.270287193438814e-15,2.176778610090015e-15,5.65036255599673e-15,3.403821617813529e-15,4.393414437659425e-16,6.922296653580168e-15,3.8968016805149355e-15,3.686282077803161e-15,8.147183864891895e-16,-2.4069145596285597e-16,0.0,0.0,0.0,0.0,0.0,0.0,0.0,0.0,0.0,0.0,0.0,0.0
0.002699922847820185,-0.02255938024886744,-1.4617343124151946e-16,3.010669917656506e-15,8.439942219312489e-16,0.09813215462374618,-0.06996840077920517,0.014145353645073671,0.08716040776242462,-3.75251623040986e-11,-0.010277807206262705,-0.0036407730884005433,-1.0077082169824103e-13,-0.09033555502859356,0.01231225907582303,-0.015043840656847796,0.0743359369047609,0.005184347550352429,0.03206270898894675,-0.005812409958082017,-0.006848732858970697,0.004153918897730558,-0.005610646858071257,-0.009277463641494454,0.04931943225868976,-0.009650699397858353,-0.000146631650889923,7.377243900438488e-16,-1.6092708262200261e-15,7.920725631592929e-16,1.6104243246373495e-15,6.691450740956095e-16,1.9172016042704592e-15,-1.8849138266538952e-15,-1.3562709828469007e-15,2.7794035613026656e-15,-1.8002412206695646e-15,3.0148018542721315e-15,4.459805807069015e-15,0.002157307183527774,-0.04246501990166574,-0.005838828509556705,-0.020681914321884425,0.007406131397864676,0.0017603706634235136,-0.0076200695830049335,0.0041548952510141995,0.015512867464439337,-0.06425915156482925,0.021443587277798278,-0.0003864029129525754,-1.6209633069976598e-7,7.39045152243953e-15,-5.742041499990918e-8,-5.027137095150413e-16,4.773886977865284e-17,1.075697254561857e-15,5.262587163926199e-15,9.642494441946873e-16,1.0563510123427087e-15,7.962317408776627e-15,5.808073117975559e-15,-1.8476162317292487e-15,3.6707111434936415e-15,3.3927029741456265e-15,2.27643774461987e-15,7.338636662864157e-16,-2.4216442376938505e-17,-0.0,-0.0,-0.0,-0.0,-0.0,-0.0,-0.0,-0.0,-0.0,-0.0,-0.0,-0.0
-0.0006700791184923931,-0.04081165149055823,4.1200979454782844e-15,-6.898664968902928e-16,6.089888131186656e-15,0.17684116176906256,-0.0667280857688921,0.007740503742221771,0.1620391500587807,-3.996869278111676e-11,-0.005764479377140378,-0.0020419882338450304,-1.0303405213617037e-13,-0.0715964278508648,0.016741401169602675,0.07897854237063534,0.036454761839532036,0.10359108482551233,0.005967854298712136,-0.005244325235359056,-0.009837756413096045,0.002761883356755143,-0.006317602829145363,-0.008393336852859236,0.01631132767240719,-0.008766442814564191,9.553323908297319e-6,-5.380032743195358e-16,-7.9022551980592675e-16,-1.74683944997151e-16,-3.5881771154214497e-16,6.705792547204111e-16,2.674322671246243e-15,-1.3135771396334618e-15,-1.5252114157748836e-15,7.105514823776351e-17,1.328372401585123e-15,2.5387637605837843e-15,1.986960305952413e-15,-0.02033410914043474,-0.020548537095325208,-0.032960344190971914,-0.004119195727440319,0.0080153654462951,0.004439906192282385,-0.004105696365742287,0.007431904404643014,0.015480029382677037,-0.021472526214099365,0.021478450378270713,3.0659813910018585e-5,-1.8803670761369107e-7,1.2097613676134401e-14,-6.660943922704524e-8,2.2880321726752304e-16,1.4209606860567977e-15,1.6911274190123012e-15,3.835464976409206e-15,-2.3317530267843287e-16,3.3205251883959427e-16,6.1278405816795335e-15,4.9322033352460064e-15,-1.6995318594212026e-15,1.2103322834943019e-15,2.20108201238822e-15,1.3086792788138515e-15,-2.0255312046319552e-16,2.8952385229086165e-16,-0.0,-0.0,-0.0,-0.0,-0.0,-0.0,-0.0,-0.0,-0.0,-0.0,-0.0,-0.0
0.0018951233036063788,-0.02298893364702212,3.762759895488446e-15,6.529629237651111e-15,6.247533839730663e-15,0.10008057005364095,-0.07009233121029511,0.012652783640486146,0.08838444687360772,-3.478529035966037e-11,-0.008690777320033058,-0.0030785893867275246,-1.0110645725259022e-13,-0.07931409483676857,0.011486067173044965,-0.01492303307666699,0.09997833203338642,-0.031605904928521646,0.060462344951225884,-0.005627091209760562,-0.012806509809261332,0.0008753340004988052,0.004378705641052599,-0.008970700748779023,0.03222037837042205,-0.00954229444241251,-0.00012300841530079795,-4.614226399912882e-16,-1.5033747387591941e-15,2.788884992915857e-16,5.459541013946713e-16,1.2882377166863385e-15,1.8417807689050658e-15,-2.1261433357509736e-15,-1.9457339382681015e-15,1.3193866840646371e-15,1.0274235147104993e-15,4.5850486231630964e-15,4.1477205866110474e-15,0.0026161692020995543,-0.056434455464265454,0.005778057270966188,-0.03780535827209034,0.0075423073952861725,0.004934412491433391,-0.0036825503349393494,-0.00803371965921314,0.015443632350328803,-0.043460921925527696,0.021824505050711488,-0.00023573192481675108,-1.9899342365916915e-7,9.656959849030977e-15,-7.049070668518194e-8,-9.240014183384282e-16,7.871956758290183e-16,2.4532262007104963e-16,5.752376166251403e-15,-1.1272903223432095e-15,-9.278095412115542e-17,8.076043177711361e-15,6.517482630675776e-15,-3.147443446797414e-15,1.5856269162869997e-16,2.3435106210782955e-15,6.057547292926965e-16,2.1771743867407584e-16,1.7075212495508073e-16,-0.0,-0.0,-0.0,-0.0,-0.0,-0.0,-0.0,-0.0,-0.0,-0.0,-0.0,-0.0
0.0008056655177860982,-0.030492876092039815,-9.908095421850618e-16,5.869378334370213e-15,-4.5387400040446556e-15,0.13219975223622704,-0.06778721143646635,0.01012314145452654,0.12052820419463751,-3.648727588829969e-11,-0.00660068843745468,-0.0023382038936620156,-9.601740578771808e-14,-0.07181692933656987,0.014518240907675903,-0.00465206704473945,0.006357508784208073,0.15340019346663827,-0.003755272064961831,0.024501338911973043,-0.008788316518733656,-0.0046418836981242636,-0.004168790284586696,-0.008964269980702311,0.01851218868526383,-0.009096702879443223,-3.0285733296441027e-5,1.4011569965041515e-15,-9.780429937459643e-17,5.94030845929321e-16,1.0163786143676635e-15,-8.319175785819289e-16,1.4076714007291684e-15,2.2129594934954753e-16,3.7883671657561507e-16,1.453003097349273e-15,-2.491376700973744e-15,-2.073081388741777e-15,1.1400701716292647e-17,-0.00010588669678303007,-0.004453672640947182,-0.04825700977761677,0.0016504759658785317,-0.03755648586927236,0.003470192031227147,0.002762770107284074,0.0038857849475940312,0.015993021079695295,-0.024807764081795525,0.02141243844765292,-0.00021715306732318393,-6.834404700031443e-8,6.239177633050992e-15,-2.4209946842511805e-8,1.574583072178332e-15,1.57865510534043e-16,3.477116026260536e-15,2.4873804698051383e-16,3.624358749950637e-15,2.403694039585416e-15,1.918831814894467e-15,8.899999750697971e-16,1.970976282295959e-15,6.671215097343707e-15,3.083103453049217e-15,3.3034929248558836e-15,4.4178365296170553e-16,-2.8387319813317046e-16,0.0,0.0,0.0,0.0,0.0,0.0,0.0,0.0,0.0,0.0,0.0,0.0
0.004379230505653529,-0.016590408249952497,-2.4160309850563654e-15,-3.1136065794963588e-15,-4.578490407538606e-15,0.0722054485074682,-0.07144988014204003,0.017315134183896984,0.06352096184886992,-3.966201136629745e-11,-0.012825075480550965,-0.004543108148389264,-1.0984210118404469e-13,-0.10703044259780749,0.014237269839841115,-0.009644490481550732,6.913373240948636e-5,0.017401166202227574,-0.0009937177465836671,0.0013357169050656988,0.0011227087805720255,0.0313611874128886,0.0022862152945013173,0.0019397631650465341,0.047611819427993717,-0.009966281904102288,-0.00011710792737361093,1.6138410056489501e-15,-1.0780620575410662e-15,9.60187017481144e-16,2.0222593814290527e-15,-3.958420630234083e-17,1.3011436206296013e-15,-1.0457908519103653e-15,-4.627178479530981e-16,3.1538727545808798e-15,-3.7663945258946835e-15,5.892215655586477e-16,3.1734253305458914e-15,5.194811042541355e-5,-0.0018790521899340158,-0.010824864256985487,-0.0006575597295447973,-0.004813520871987565,-0.0026640119369631056,-0.0361642041141528,-0.007202977060888368,-0.007046068336967253,-0.06398559564976644,0.021015301917505284,-0.0009375007483114564,-1.1268981610817597e-7,6.097932291939973e-15,-3.991883111385962e-8,4.1752992442615163e-16,-3.2867411676393694e-16,2.3912179371783382e-15,3.282971335478644e-15,3.119155366878555e-15,2.07580858468363e-15,5.821516366835272e-15,3.720824920855626e-15,1.9965192125999425e-16,6.705228036815354e-15,3.8400785160107345e-15,3.5452978182127128e-15,9.077740814204594e-16,-2.0239289269909685e-16,-0.0,-0.0,-0.0,-0.0,-0.0,-0.0,-0.0,-0.0,-0.0,-0.0,-0.0,-0.0
0.003941632016979717,-0.015428361618718314,-9.774438330544941e-16,-8.584306970494754e-15,9.104559215267832e-16,0.06718706704300585,-0.07111279146411538,0.01632674047327935,0.058812618054590746,-3.882295848026623e-11,-0.011533943449015949,-0.004085742227850288,-1.2187226757539632e-13,-0.1056081402172489,0.021534762429885133,-0.015020101185582361,-0.00016077621394936488,0.01748872859083631,-0.002598896194984969,-0.0033365377354124073,-0.0052063643919353884,0.06686369851627116,-0.002537243713710769,-0.005387252041466548,0.037744253622626345,-0.009370912445640565,-0.00013001668231224855,2.734243172789019e-16,-1.3100424611474665e-15,3.7497785252845586e-16,1.0511468270929155e-15,9.944700699353157e-16,1.39333914811842e-15,-1.911707061790565e-15,-1.7550953453202636e-15,2.086541355110416e-15,-1.599409918880884e-15,3.4809434088121966e-15,3.923770093536205e-15,0.0016284775204485915,-0.0015552253606774126,-0.010279226347923777,0.0004436523756593283,0.002904870761378128,0.0005438320419256593,-0.07163785746473134,-0.00053631817541992,0.007395643829433493,-0.05164554297993667,0.01991182836389751,-0.0007674943590037087,-1.4715264058062895e-7,9.37801030605919e-15,-5.212681623413272e-8,-3.8860463732863214e-16,4.856044068815533e-16,1.2659211607381122e-15,5.021954628727331e-15,6.013772660819485e-16,7.26784338171726e-16,7.53852988884924e-15,5.702856995708966e-15,-1.9165863265053873e-15,2.789032389013469e-15,3.0313784897727582e-15,1.850773625906635e-15,6.484472033573874e-16,1.7989873698225287e-16,-0.0,-0.0,-0.0,-0.0,-0.0,-0.0,-0.0,-0.0,-0.0,-0.0,-0.0,-0.0
0.009020301430919775,0.0018688941056319772,8.982386640744462e-15,9.569339019790925e-15,1.3407005922623363e-14,-0.007596097564428987,-0.07561610047501509,0.02638508224315956,-0.011470782925938172,-3.854964856070457e-11,-0.020397095334475663,-0.0072253929544515766,-1.3438024533088613e-13,-0.13595389918748593,-0.001102056659708305,-0.02478175049724846,-0.0038513860706102486,-0.099660382903915,-0.007880299922263174,-0.0026599523001133384,-0.016051594416715213,0.003230873488813578,0.09400178467712292,-0.004377930066798737,0.05661433338342147,-0.011124729402224486,-0.0003568128601107203,-1.493143566115529e-15,-2.7143714469283177e-15,1.9533673339195313e-16,7.448319714365776e-16,2.8863753232947547e-15,1.7772225729332996e-15,-3.844754594404453e-15,-3.3075647549142524e-15,2.1256641282878247e-15,3.1217079752206333e-15,9.565525638405414e-15,8.062926031018483e-15,0.002277819929873727,-0.0009153105937858512,0.020564393001712464,0.002710040158078742,-0.0006614019171987842,0.00377184435252199,-0.010782372922264577,-0.12792877691630458,0.0026065846938784928,-0.08121721274061558,0.02060439004100821,-0.0014617868132064215,-2.772482141899096e-7,1.3156174985311771e-14,-9.821139909988719e-8,-2.65603082831545e-15,1.0053511864288378e-15,-1.6179042486666114e-15,1.0677327817260857e-14,-3.5193380595198346e-15,-1.5569761751180552e-15,1.4251926949036246e-14,1.1384686087387165e-14,-6.813953810138637e-15,-2.6422119370501505e-15,2.5023554268437497e-15,-3.489971814305847e-16,6.586029461250778e-17,2.9048499698810863e-16,-0.0,-0.0,-0.0,-0.0,-0.0,-0.0,-0.0,-0.0,-0.0,-0.0,-0.0,-0.0
0.005897126258815681,-0.007059761719582131,5.826305566201859e-15,5.627069720731997e-16,6.5518755137831074e-15,0.030829700743782704,-0.07404623967688491,0.019955259804195772,0.025788645771288705,-3.41730935794677e-11,-0.01396129051726027,-0.004945596835448851,-1.1798233463502673e-13,-0.10035847922776259,0.002191637085632536,-0.019013892830675068,6.507109004296726e-5,-0.03156157933226444,0.00011004995395679666,0.09207485457446427,-0.014469792069343226,-0.011757064906051074,0.01258995428435051,-0.002772040411439703,0.018804906796363454,-0.010673302606599511,-0.00024180728212706322,-7.872460734147924e-16,-9.878724437087707e-16,-8.202937848495247e-17,3.5196666485503496e-17,1.217307149386267e-15,1.1715197894048326e-15,-1.4803085356924984e-15,-1.4561516029880476e-15,6.450825703729786e-16,2.095137225670007e-15,3.667062671887663e-15,2.874771584764884e-15,0.0019184959927247424,-0.002310163032058474,0.0016533673148197436,-0.0015650617436606198,-0.14248545004554944,0.004265034846596471,0.00681598451113162,-0.021222935781795228,0.001534638680253552,-0.03184354888220072,0.021837768637629137,-0.0009375407149727286,-1.6668718419369036e-7,1.1156965680155909e-14,-5.9046661645226197e-8,-4.458945547573766e-16,1.1233663404538982e-15,7.913637607826453e-16,4.696681063068498e-15,-8.749156960660875e-16,1.3744224280631881e-17,6.877013890182784e-15,5.514773879329744e-15,-2.5434206994572713e-15,2.4331865394041463e-16,1.9977202720871485e-15,5.134811144454129e-16,1.3075803786611186e-17,2.2650217426485038e-17,-0.0,-0.0,-0.0,-0.0,-0.0,-0.0,-0.0,-0.0,-0.0,-0.0,-0.0,-0.0
0.00791823917347513,-0.004551370078208419,-1.3877593672296539e-14,-4.069587309631313e-15,-2.2914666104789976e-14,0.020126209382579,-0.07368578096795775,0.024096537315157974,0.015064961489185343,-4.1494782443302425e-11,-0.018718344028860967,-0.006630718190382345,-1.1980055845490528e-13,-0.13271844881481798,0.0062944789659026305,-0.02033625436600583,-0.0022036068740459345,-0.04561539850718833,-0.005672846176846471,-0.000672465886869613,-0.010670470052905931,0.013360205907431567,0.005230297844212887,-0.0012328837986640697,0.09816774121296307,-0.010899086181789376,-0.0003165532308568869,5.681039335379137e-15,-1.682311978708563e-15,2.712093116347253e-15,6.026091451049572e-15,-1.943315589228017e-15,4.859862565805222e-19,-5.003227759942535e-16,1.781477400228449e-15,8.462799666610574e-15,-1.3637629385573523e-14,-3.485966613610967e-15,5.231404502302745e-15,0.001418009509955089,-0.001636972644605124,0.005047349148761883,0.001508777857206291,-0.0033042118986214447,0.0015852590705941311,-0.02034904840455785,-0.013571965172348365,-0.002857340322657376,-0.12768427011771144,0.02077889845337521,-0.0012838363496130737,-1.7405020805933935e-8,-1.969766903013453e-15,-6.1654930917647546e-9,1.3401449582923118e-15,-2.9867262224799627e-15,4.733999061537745e-15,2.4712579390650016e-15,1.0038946765221372e-14,5.8953243381510975e-15,6.314944576578077e-15,2.072731120089381e-15,3.9582923444319904e-15,1.8507039164040897e-14,7.346784391137293e-15,8.955658010774068e-15,3.027643547119843e-15,-8.258659910293015e-16,-0.0,-0.0,-0.0,-0.0,-0.0,-0.0,-0.0,-0.0,-0.0,-0.0,-0.0,-0.0
0.0045185547439572,-0.01777480679001561,-5.008049277165149e-15,6.779413489484729e-15,-1.074490088052801e-14,0.0770936227989648,-0.0703521781334952,0.017105714614513497,0.06962142075977845,-3.94719506704273e-11,-0.012442456939953281,-0.004407570746512985,-1.0105721268091799e-13,-0.10212406967616763,0.01071934315825436,-0.00885033834939138,0.0016499674651833818,0.07961764778532224,0.0008381534391700385,0.0002498714923168385,-0.011206470201294751,-0.0015223800022519684,-0.005185336652121731,0.0002460917063922717,0.033161735784441586,0.002892723443386239,-0.00011830463793820725,2.5515249315650373e-15,-1.2042066931158384e-16,1.1846557508656046e-15,2.1387763550713886e-15,-1.2608090809431542e-15,-3.2361093587739405e-16,5.619937487187444e-16,1.2708238099112473e-15,2.7926700387920572e-15,-5.218726321723543e-15,-3.2514692385337203e-15,4.659868145692879e-16,-0.0003857917149451574,-0.002954135974850062,-0.029292282545105356,-0.0018489209513861203,-0.0030684821712998103,0.0031970001910585372,-0.0028495942776453767,0.002417088044317911,-0.003749840143743813,-0.04681830828915966,-0.011390802159436903,-0.0009525223697280713,-5.093410814740356e-8,4.554608888826486e-15,-1.80427138351637e-8,1.937145625723418e-15,-6.099954072681428e-16,4.347809458505049e-15,-3.752044840015013e-16,5.815048852122926e-15,3.415390413044327e-15,1.5503447429778375e-15,4.9158380490722546e-17,3.3023263096777657e-15,1.0122074655699494e-14,4.0053120912965466e-15,4.77894953453688e-15,1.1322617268287171e-15,-5.176780351902439e-16,-0.0,-0.0,-0.0,-0.0,-0.0,-0.0,-0.0,-0.0,-0.0,-0.0,-0.0,-0.0
0.00408343103609919,-0.015108168096083372,-5.289595927353734e-15,2.1507135515468296e-15,-1.0102566022626141e-14,0.06583273088355106,-0.07097863665644304,0.01657623081328543,0.05743525193566477,-3.658171988902436e-11,-0.011790462259376596,-0.0041766105193737305,-1.0766920184025148e-13,-0.09692133386540298,0.011452197008029196,-0.013742519148956918,0.0036831020003837956,0.005064376884692938,0.03103406420561199,-0.002036770758730836,-0.006884735972081663,0.01640418161534354,0.0036920283452171786,-0.003339588830924834,0.05305656336438529,-0.009588410558882425,-0.00019087940331921895,2.6990998399064325e-15,-8.021719232291541e-16,1.376666012873943e-15,2.7810592261354722e-15,-8.847245873672168e-16,6.951631552154472e-16,-3.162906868765794e-16,5.426533376931534e-16,3.923242692827489e-15,-6.0185606538926645e-15,-1.741623541006825e-15,2.361847642180027e-15,0.0012946551730011824,-0.003947181571173294,-0.006582105731803506,-0.019971340373550462,0.0007762129188908175,0.0013188091235737847,-0.020677188700727437,-0.008688636259230982,0.0033974741167266662,-0.0697058439639899,0.02036462694796913,-0.000613944871740189,-6.026972935050626e-8,2.5814502254541213e-15,-2.1349730496678275e-8,1.1095989837453017e-15,-9.623175891320637e-16,3.2774509336248027e-15,1.5363753572297244e-15,5.141268488724854e-15,3.200547301549105e-15,3.864735791293021e-15,1.7717116652664844e-15,2.019508764771789e-15,9.680031933169238e-15,4.378749655444351e-15,4.7642633065419336e-15,1.322341055206922e-15,-4.578190165365074e-16,-0.0,-0.0,-0.0,-0.0,-0.0,-0.0,-0.0,-0.0,-0.0,-0.0,-0.0,-0.0
0.028757553340761247,0.06796657578735137,-8.373419690651812e-15,2.796370899330035e-14,-1.9423281596888357e-14,-0.29621605888777974,-0.07475837710441895,0.05752600712474946,-0.262480971720539,-4.89896023729298e-11,-0.04258298632263753,-0.015084442383114021,-1.1460046110310361e-13,-0.2557487326681242,-0.01146546187684691,-0.034119449786525737,-0.007660842809435412,-0.16327607080169934,-0.013844994007830513,-0.009463237803554415,-0.022241492670136035,-0.02647580086893606,-0.017378957771572928,-0.01505107989261663,-0.01811872571323468,-0.01458665788229049,-0.0010174761620114262,4.228616060572669e-15,1.981255161243623e-15,8.998516141204825e-16,1.9045670503674856e-15,-2.7445278285412357e-15,-3.2408567461305577e-15,3.5248321081844857e-15,3.739606909553574e-15,1.1335296697567387e-15,-6.829455907769598e-15,-9.684369359065787e-15,-4.967740917918966e-15,-0.003227268340240248,-0.005038657930623326,0.022838245054275744,0.002289608522102726,0.0017218152486825164,-0.0005230123174648581,0.0071398612703436224,0.0017817350604965186,0.013647878452137746,-0.016062522263273683,0.015191900740256547,-0.004521753404639016,-2.1488693065068965e-8,3.0134199374438177e-15,-7.612076917076234e-9,4.6615954775502105e-15,-6.655838579988473e-16,7.383009991887214e-15,-6.988819826108073e-15,9.39061446141067e-15,5.414506410650988e-15,-6.424208461024634e-15,-7.40748910046074e-15,8.72532764529991e-15,1.4070415079829379e-14,4.19345928766541e-15,5.1344522612216584e-15,1.2712050521760851e-15,-1.3972726434665444e-15,-0.0,-0.0,-0.0,-0.0,-0.0,-0.0,-0.0,-0.0,-0.0,-0.0,-0.0,-0.0
0.028758172963962027,0.06796273202650191,-7.895031553743047e-15,2.9461862307186836e-14,-1.9863470131574978e-14,-0.2962010693114206,-0.07475014600655393,0.057526612150753484,-0.2624677102624051,-4.900058752334865e-11,-0.042584993372116915,-0.015085153353027432,-1.0904625365284248e-13,-0.25575145563664664,-0.011463667926862294,-0.03411826347988943,-0.00766138593653855,-0.16326469249798828,-0.013844683207459737,-0.009463129140792014,-0.02224080856693113,-0.026474587441460286,-0.017378343538057308,-0.015050315634635067,-0.018117787292825302,-0.014585745713205872,-0.0010174882108011023,3.694889393656544e-15,2.0408428327235886e-15,1.0285699441332565e-15,2.067984695527546e-15,-2.9284942536149334e-15,-2.9558717284822807e-15,3.371281200429009e-15,3.5457838361534084e-15,1.0099334519498127e-15,-6.479480112135186e-15,-9.74774843229398e-15,-5.6684356351341255e-15,-0.0032278445649254897,-0.0050386204216869455,0.022834395009283474,0.002289223530572415,0.0017212454152573061,-0.0005235976885379435,0.007138041609224765,0.0017801782033088711,0.013646046464711698,-0.01606476796865723,0.01518901991450623,-0.004521957550178017,-2.129542994497472e-8,-1.515917457630992e-15,-7.543616460943641e-9,4.166157716628138e-15,-9.85823125716327e-16,6.4149826395247794e-15,-7.506210502885404e-15,8.293442857316327e-15,4.773458203309689e-15,-7.831548465234045e-15,-7.768373869501215e-15,8.267205459545585e-15,1.2178665027585405e-14,3.0863129432918e-15,4.547261632924739e-15,9.236042435079363e-16,-1.206770530013819e-15,0.0,0.0,0.0,0.0,0.0,0.0,0.0,0.0,0.0,0.0,0.0,0.0
0.028758416996336533,0.0679621436313628,-4.936222225178362e-15,2.2274766950851583e-14,-1.4110669783690064e-14,-0.2961933318054624,-0.0747539660942866,0.05752747492804544,-0.26246368495498973,-4.8997027423055387e-11,-0.04258149916284706,-0.015083915577031698,-1.1679034592954957e-13,-0.2557312110032817,-0.011461833226211129,-0.03411983854625094,-0.00766121805224757,-0.16325988854399953,-0.013840664049069988,-0.00946230861397436,-0.022242691490423086,-0.026469049197955615,-0.017379783358099348,-0.015050781673877734,-0.01811770434171108,-0.014586238037451597,-0.0010175014152013235,2.8428439563380914e-15,1.5819045577277e-15,8.333968071267083e-16,1.1231946494502254e-15,-2.05396647954936e-15,-1.4354600337416263e-15,2.499024620263142e-15,2.178287374930526e-15,6.191932194153056e-16,-4.585217165426305e-15,-7.347804858002414e-15,-4.190773784347478e-15,-0.0032275399490376507,-0.005039003365131427,0.022831580384087405,0.0022865538534435565,0.0017199004913901223,-0.0005228309516272696,0.007132254969039297,0.0017813995902198003,0.013646606844422987,-0.016066849942344648,0.015190327916200296,-0.004522089813543571,-6.20045612842927e-8,5.9912554477298984e-15,-2.196427048191663e-8,3.900891812126755e-15,9.985702848711119e-17,6.5591284539838604e-15,-4.7780699014366285e-15,7.0085256195690724e-15,4.163280013949316e-15,-3.846074840756579e-15,-4.3930355031515965e-15,6.449029638298661e-15,1.1049328854505687e-14,3.57539158962566e-15,4.841284702940672e-15,5.340576676748634e-16,-9.92760562259029e-16,0.0,0.0,0.0,0.0,0.0,0.0,0.0,0.0,0.0,0.0,0.0,0.0
0.02875714288949296,0.06796891878396404,-9.010193521325276e-15,2.8871404061300204e-14,-2.1110203405073706e-14,-0.296226954646202,-0.07475884478665298,0.057525210536384326,-0.26249106709877257,-4.900648637553081e-11,-0.042582109088672694,-0.015084131634938236,-1.1138164531375535e-13,-0.2556803909327365,-0.011467280591419965,-0.03412081318303408,-0.0076617579475411705,-0.16328073808311805,-0.013846241631512234,-0.00946395729929959,-0.02224219144439229,-0.026477257869614006,-0.017379499896867642,-0.015051481488694712,-0.018119318538107523,-0.01458667670523267,-0.0010174656435026175,3.782938798494975e-15,2.085315109918497e-15,1.111822336760209e-15,2.0559199093528088e-15,-2.9362423555609394e-15,-3.823369993008936e-15,3.4878384266455333e-15,3.77603375435369e-15,1.04903344482487e-15,-7.082415657273705e-15,-9.524015927925543e-15,-5.471691543325911e-15,-0.0032266754148301416,-0.005037975732829345,0.022840265590336466,0.0022904241662146715,0.0017231714734048194,-0.0005224542130585784,0.007141685711593444,0.0017826045329587506,0.013649036940153935,-0.01606112028405129,0.015192316278293642,-0.004521705415973352,-1.803335027460801e-8,-1.029093594104451e-15,-6.388069187892727e-9,4.202247777380267e-15,-1.0634560647124786e-15,6.637464510889715e-15,-7.558124509241762e-15,8.864997844042378e-15,4.882193742137533e-15,-7.970323699587539e-15,-7.741715284267464e-15,8.544807906871786e-15,1.2805121213945903e-14,3.001200847251478e-15,4.836561230845147e-15,1.2005939850390028e-15,-1.1690711543688991e-15,0.0,0.0,0.0,0.0,0.0,0.0,0.0,0.0,0.0,0.0,0.0,0.0
0.02875784746178138,0.06796492451789206,-8.791586157145866e-15,2.8992055723560477e-14,-2.1314073476223443e-14,-0.29621014908158066,-0.07475170176452582,0.057526025837650686,-0.26247597796802147,-4.901333883125703e-11,-0.0425839894014583,-0.015084797710108918,-1.141180880098581e-13,-0.2557166989126211,-0.01146505127405241,-0.034119374858454996,-0.007661907501737605,-0.16326920094242633,-0.01384546440448096,-0.009463605030635022,-0.022241419726055024,-0.02647558692678151,-0.017378816892072355,-0.015050697821542421,-0.018118306479852297,-0.01458589384446884,-0.0010174800306824619,3.624715518301788e-15,2.208944065454708e-15,8.97749151000564e-16,1.8444748838759163e-15,-3.1176163011398376e-15,-3.479810882404466e-15,3.4576917168860714e-15,3.746120053573225e-15,1.0088832889937333e-15,-6.832680562799252e-15,-1.073955999001561e-14,-5.0790975741174765e-15,-0.0032274284514582983,-0.005038222630349397,0.022835930014471977,0.0022897329650487046,0.001722145618713261,-0.0005231429680993864,0.007139244192713302,0.0017809864404087254,0.013646970793462476,-0.01606364189377142,0.015189600628887929,-0.004521901265386806,-1.9914882363546646e-8,-8.99087588014929e-15,-7.0545767882059365e-9,3.2566126926291387e-15,-1.731881924026524e-15,4.149735286626147e-15,-8.180798713916107e-15,7.345101221792863e-15,4.115097721399476e-15,-9.680492390879366e-15,-9.27222414195049e-15,7.77714721093997e-15,9.949292925678337e-15,1.3549123942638373e-15,3.4152777856171544e-15,1.2229801048250009e-15,-1.0604934819851394e-15,0.0,0.0,0.0,0.0,0.0,0.0,0.0,0.0,0.0,0.0,0.0,0.0
0.028757808522369192,0.06796574916938218,-8.258808488455585e-15,2.8484290362498776e-14,-2.047168122864911e-14,-0.2962137495005249,-0.07475196909215143,0.05752577583204322,-0.26247955509913856,-4.897927420372712e-11,-0.042583476897049194,-0.015084616162410414,-1.0794616023452203e-13,-0.2556631004814831,-0.011465403066527958,-0.03412000381669308,-0.007662279953232642,-0.16327058991593354,-0.013845664677974316,-0.009463825608029804,-0.022241807905816046,-0.026475758760145456,-0.017379133978142544,-0.0150508825375254,-0.018118526211634057,-0.014585926801106057,-0.0010174768096537546,3.885485134442021e-15,2.0032382780592086e-15,7.888477818472705e-16,1.8964990736558845e-15,-3.008252546066966e-15,-2.900094205930796e-15,3.4112494393629227e-15,3.6817921707645386e-15,1.0933865680565428e-15,-7.171781908262634e-15,-9.558835423669614e-15,-5.564764005149965e-15,-0.0032273010812221255,-0.005038018724041683,0.022836121690069173,0.0022898196291621336,0.0017224884458203365,-0.0005229804199698965,0.007139423708437232,0.0017815079138326852,0.013647309816586777,-0.016063315995225636,0.015189787774666352,-0.004521892158217644,-2.058219098044021e-8,-7.247147262948923e-15,-7.29096182106187e-9,3.2756598537087223e-15,-1.681233469161183e-15,4.319273336807022e-15,-8.005257817684948e-15,7.347078570258132e-15,3.824846063158127e-15,-9.150953837292913e-15,-9.087013297558962e-15,7.822156706274409e-15,1.023143935158243e-14,1.3191210367880888e-15,3.4490435252179058e-15,1.2315702069007122e-15,-1.0109778883557073e-15,0.0,0.0,0.0,0.0,0.0,0.0,0.0,0.0,0.0,0.0,0.0,0.0
0.02875525750783259,0.06797916797792741,-9.330245893270096e-15,2.410637795865598e-14,-1.8492056814017343e-14,-0.29626875187096613,-0.07477585397823455,0.05752315728378193,-0.26253053962328454,-4.897072561446409e-11,-0.04257301103636957,-0.015080908773940962,-1.199209594792144e-13,-0.2556457446696435,-0.01147207402182859,-0.0341274709223693,-0.007663380220874838,-0.16330369139469003,-0.013846121132187184,-0.00946523671260724,-0.02224679464973574,-0.02647749571696533,-0.017383204212066298,-0.015054063281812942,-0.01812211285790955,-0.014588455281765443,-0.0010174349403247597,3.1241368097844218e-15,1.7872105486090016e-15,9.59463932242035e-16,1.6811628286262476e-15,-2.0383400502671685e-15,-2.950625793227285e-15,2.693832831070352e-15,2.3279404801419114e-15,9.655784778101743e-16,-6.1835225903088164e-15,-7.471158755205679e-15,-4.6668367626466746e-15,-0.003223770227818379,-0.0050362784611751085,0.022849516954781424,0.002290884292594083,0.0017265027161840285,-0.0005192992316404222,0.0071441338482359645,0.0017889371862034507,0.013655481071524245,-0.016054907492585244,0.015198799482681775,-0.004521332822415321,-4.7290204478115054e-8,-7.390794981381126e-15,-1.6751911183775774e-8,2.645045608403802e-15,-1.4675020749147104e-15,3.4803169621418945e-15,-6.69499023570127e-15,5.8794643568151235e-15,3.051020967475162e-15,-8.076552166342955e-15,-7.59661070279011e-15,6.5178368401830536e-15,7.81261832953275e-15,9.623280982493454e-16,2.5277435986901955e-15,9.520238073893129e-16,-9.595203970222214e-16,0.0,0.0,0.0,0.0,0.0,0.0,0.0,0.0,0.0,0.0,0.0,0.0
0.02875989586012312,0.06795298257956639,-5.959835876366116e-15,2.8749841199884045e-14,-1.6244106215192194e-14,-0.2961555422051297,-0.07474182957787376,0.05752954921535498,-0.2624285496797552,-4.9252024507643815e-11,-0.0425883603122493,-0.015086346045668662,-1.1335888327120084e-13,-0.256917980642245,-0.01145739457809988,-0.03411434175445055,-0.007659446933673169,-0.1632399784045377,-0.01383960152758621,-0.009460832392890436,-0.022239062531955598,-0.02646746477278505,-0.017376869688000583,-0.01504869325658049,-0.018115296161978257,-0.014584986929489318,-0.0010175315200674263,2.9640042117166056e-15,1.8879092625427066e-15,9.043360625694516e-16,1.614757324409763e-15,-2.4637273369307883e-15,-3.238545701798153e-15,2.894706039408339e-15,2.9984456534664375e-15,6.108054724140118e-16,-4.755534686732228e-15,-7.581318027370449e-15,-4.683830861311743e-15,-0.0032297463521838397,-0.005040610427577535,0.02282424063699933,0.0022854830056017418,0.0017166407876500471,-0.0005252673256064103,0.0071291094059557055,0.001776181028170285,0.01364152180676221,-0.016072162318731136,0.015185673792681485,-0.004522428571684989,-4.765022594398367e-8,-7.487515663352962e-15,-1.687944394104869e-8,2.63018840612236e-15,-1.5269903681565341e-15,3.3525551342359116e-15,-6.708205994053539e-15,5.7600145339053635e-15,3.1046320718320992e-15,-8.1840520345147e-15,-7.682141399001382e-15,6.344262307709843e-15,7.661646221111572e-15,8.79170240805059e-16,2.372454581587627e-15,6.07798130754566e-16,-9.685611420759722e-16,0.0,0.0,0.0,0.0,0.0,0.0,0.0,0.0,0.0,0.0,0.0,0.0
0.028751438619699074,0.06800003369676379,-8.248413468770552e-15,2.887280817580873e-14,-2.073766893271881e-14,-0.29636320279700434,-0.0748053129034294,0.0575178864626116,-0.26261380030014,-4.8921601379165606e-11,-0.04256464088233884,-0.015077943760982638,-1.1005770637329785e-13,-0.25607330399005745,-0.011485228858674807,-0.034135456305631154,-0.007664545564496918,-0.16336299111824504,-0.013853352677119879,-0.00946841332261587,-0.022250656528810926,-0.02648944538644129,-0.017386542368079395,-0.01505795128738333,-0.018127535444227967,-0.014591601800722609,-0.0010173494823734865,3.716866036870739e-15,2.2275797445242e-15,9.94259168213929e-16,1.8390387995669e-15,-3.3030385001108543e-15,-3.2733430129890404e-15,3.4340805274555294e-15,3.688018815067004e-15,9.61633930949899e-16,-6.921452052896811e-15,-9.885815896012865e-15,-4.9242806743328385e-15,-0.003219633099114335,-0.005033732786335007,0.02287283350112048,0.002296548277473161,0.0017338085122446368,-0.0005155699020297582,0.007160025630522006,0.001797325499320313,0.013665924647829711,-0.016040061219026132,0.015210040551781347,-0.004520365198009012,-1.677917678339085e-8,-1.2707229712520244e-14,-5.943796092937849e-9,2.887240287840435e-15,-2.065680304149202e-15,3.4452926924903427e-15,-8.612344081455858e-15,7.0880438177904274e-15,3.764642522258677e-15,-1.0476280211788399e-14,-9.96220501264694e-15,7.79075815816508e-15,9.22076904241632e-15,7.522989337679903e-16,3.1091073264319847e-15,1.0491939965445063e-15,-1.0364434922596914e-15,0.0,0.0,0.0,0.0,0.0,0.0,0.0,0.0,0.0,0.0,0.0,0.0
0.028759258635178617,0.06797633565395403,-1.6876699242480833e-14,4.489075029430813e-16,-2.779749641432487e-14,-0.296163649081673,-0.07473809765230123,0.057528947094136564,-0.262432488903809,-4.886639050501253e-11,-0.04259050138811759,-0.015087104492602282,-1.3288096545895615e-13,-0.25562456329517036,-0.011465078704045631,-0.03411436840827511,-0.007660457040792662,-0.16324192260991394,-0.013842107165677053,-0.009461783130200766,-0.022238940596937214,-0.026470491735321924,-0.017376811020705117,-0.015048853378362648,-0.018115602524479895,-0.01458474504032007,-0.001017517981333237,6.587004881889971e-15,-1.0174156594625973e-15,3.674936311004927e-15,6.577979241355884e-15,-2.0634347594758363e-15,-1.5761624341014966e-15,1.2631575251380205e-15,2.5890572427645607e-15,8.446749511399264e-15,-1.3316504611623028e-14,-6.5668227962753435e-15,2.697982524978895e-15,-0.0032331696155716966,-0.005044364499364766,0.022805245776438502,0.002283871182650054,0.0017160310285209755,-0.0005261187973154451,0.007125153852017377,0.0017682925431014539,0.01363790961934445,-0.01611490129433517,0.015185319691406267,-0.0045213688498815996,-2.3639318496083023e-8,-1.2344042334374296e-14,-8.373908679790219e-9,1.6344453206021186e-15,-4.233298245726966e-15,3.6010324332781506e-15,-1.2623010661826591e-15,1.0216672129533729e-14,5.725586376193515e-15,7.979005220850341e-16,-2.7255065569690597e-15,6.120509894714429e-15,1.7576480389754677e-14,5.662914769433307e-15,8.2154904010384e-15,2.6775798121650237e-15,-1.843751302421704e-15,-0.0,-0.0,-0.0,-0.0,-0.0,-0.0,-0.0,-0.0,-0.0,-0.0,-0.0,-0.0
0.02875633728762912,0.06797303759404823,-1.0401695953983166e-14,2.956960798000052e-14,-2.3015663889637773e-14,-0.2962433488092607,-0.07476557644071567,0.05752425511976867,-0.26250621924322337,-4.902208480915224e-11,-0.042579969680858434,-0.01508337377888979,-1.1174776299187685e-13,-0.25575096899991984,-0.011470442812821353,-0.03412222677476918,-0.007661676310861244,-0.16329203156761413,-0.013847198675084868,-0.009464325757844984,-0.02224283206404998,-0.026479056839097154,-0.017380048390267064,-0.015052139711529708,-0.018120288822114215,-0.014587319553210635,-0.001017452451551407,4.1248149373798135e-15,2.3900544661230577e-15,1.2384649384659711e-15,2.1292288945705046e-15,-2.6902457311317514e-15,-5.768015716848891e-15,3.719400289198488e-15,3.868349763820187e-15,9.897516830908567e-16,-7.696304556093819e-15,-8.938607714015492e-15,-6.268442671607306e-15,-0.003225588372532336,-0.005037538990446478,0.022845918389080188,0.002291390635558868,0.0017245559651682463,-0.0005216034188218935,0.007144890327131724,0.0017844064967245641,0.01365138819679925,-0.016057620809557638,0.015195041942399455,-0.004521470196807355,-1.492869169808956e-8,-1.1293375281899312e-14,-5.28828710099434e-9,3.2412953902196927e-15,-2.308143955566062e-15,3.570127162115398e-15,-8.761629211505879e-15,6.829279545657386e-15,3.54572043179471e-15,-1.1039365217400505e-14,-9.936608841035826e-15,8.173020822796287e-15,8.96621740939673e-15,6.805008070507391e-16,3.025550099966284e-15,1.6801943542519613e-15,-9.325265077963029e-16,-0.0,-0.0,-0.0,-0.0,-0.0,-0.0,-0.0,-0.0,-0.0,-0.0,-0.0,-0.0
0.028757300350293738,0.0679703002022878,-8.458232787463601e-15,2.4706727091677365e-14,-2.1044119087288953e-14,-0.29623495114665527,-0.07475893996466859,0.057524581006124266,-0.26249831866840084,-4.9129866273735574e-11,-0.042581298418279206,-0.01508384446601024,-1.0488422032836668e-13,-0.25591743969833464,-0.011466096176918274,-0.03412195427041979,-0.007662526269121849,-0.16328400771335932,-0.01384707111144774,-0.009464486898255802,-0.0222428076007316,-0.026478135324524286,-0.017379967843855326,-0.015051781035854231,-0.01811976433166506,-0.014586669081344419,-0.0010174582069675346,4.8318331731852615e-15,1.8986901505008518e-15,2.3308438895409034e-15,2.1392002948772624e-15,-1.8102301284184197e-15,-4.284490638657651e-15,5.344628363031268e-15,3.004458986259164e-15,-4.500681189456355e-16,-5.93558551925293e-15,-5.998305441724437e-15,-6.541957568966459e-15,-0.003227286368524879,-0.005037745447818729,0.022836801788945937,0.002290612926556801,0.0017239619706112676,-0.0005228156222405023,0.007141950989020027,0.0017821181496394222,0.013649628860173572,-0.016060149656379454,0.015191104071539034,-0.004521742629132923,-1.6720309289812034e-8,2.5060575876286996e-14,-5.922942873790719e-9,6.517387584768903e-16,-3.7891444106980495e-15,6.2113940333285996e-15,-5.336658222850422e-15,1.124542080468592e-14,2.0218156206528847e-15,-7.761410260329644e-15,-9.29195418830646e-15,1.2176245006021603e-14,1.4394480055172557e-14,-5.2714566767939814e-15,2.8051784131140224e-15,-9.087429653563548e-16,-3.8864965430610836e-16,-0.0,-0.0,-0.0,-0.0,-0.0,-0.0,-0.0,-0.0,-0.0,-0.0,-0.0,-0.0
0.004941681366712916,0.0004902018828405046,2.185715619187384e-14,-6.226123654305138e-14,5.5528872003594927e-14,-0.002425412791590458,-0.06946991040619432,0.016539036819152964,-0.0005151327335383643,-2.379238771891532e-11,-0.009269133020364948,-0.00328346400902875,-2.276018635551807e-13,-0.08203536570890646,0.016190866738576504,0.022570566539530334,-0.0003894902396144607,0.011408976780854587,-0.005638365388911978,-0.0063435128489330705,-0.013094751425636384,-0.006259038231350415,-0.007863478903586421,-0.010076183630645726,0.023766116128761876,-0.009904436939269219,-0.00013632447820275073,-8.736316591500942e-15,-5.269965543968486e-15,-2.787936178658309e-15,-4.269279296271439e-15,9.491255424476434e-15,5.787589671885108e-15,-9.05972712071593e-15,-9.938447399369232e-15,-2.8613593455466902e-15,1.921766016530127e-14,2.6660332899400396e-14,1.571710888220766e-14,-0.22052081921087535,-0.0015510899429330587,-0.008457376221796665,0.0022388132805649633,0.0076274089754511595,0.004187268798632948,0.0024613297471975464,0.006254707901517874,0.016465173541171912,-0.03495059722462821,0.0208915820937153,-0.0009345888684225699,-4.718659890071952e-7,3.4894313468169084e-14,-1.671520887901138e-7,-8.01127622063983e-15,5.488229653912135e-15,-9.274106758757691e-15,2.3552857520738416e-14,-1.833575867495412e-14,-9.594913030200567e-15,2.962543793683144e-14,2.5006642912213492e-14,-2.05088382280155e-14,-2.4115357638892485e-14,-6.585074771302929e-16,-9.113241517941285e-15,-2.0846967603548887e-15,1.5345796737380452e-15,-0.0,-0.0,-0.0,-0.0,-0.0,-0.0,-0.0,-0.0,-0.0,-0.0,-0.0,-0.0
0.0052442827321729545,0.002994567144659952,3.0773881288256016e-14,-4.763116199708415e-15,6.4071620470937e-14,-0.013019147982520395,-0.07038923815151599,0.017360906984190187,-0.011979777109787853,-2.4156377520471505e-11,-0.009912962110992537,-0.0035115316872250816,-1.0522956694244571e-13,-0.08857903752323518,0.019373266775570084,-0.0190820880148888,0.04842474616571642,-0.04203551003705855,0.017899020712955332,-0.006445383967189289,-0.010208711775817853,-0.004188583173516592,-0.008253408191589876,-0.010218492728018603,0.0284998172184781,-0.01007000741206679,-0.00023983732074665782,-1.1051646228645005e-14,-6.364425564302615e-15,-2.8363910614132776e-15,-5.1253912237221755e-15,1.0552269990000785e-14,6.676223984663932e-15,-1.127211685880615e-14,-1.2527636303624317e-14,-3.588818498976475e-15,2.2812132203900937e-14,3.2131293895450546e-14,1.7532578219639833e-14,0.002527182354482603,-0.2438376962332143,0.007205358615015682,-0.012284263008804544,0.007638708200008312,0.002669265860045258,8.049652821717417e-5,0.0064552250992825555,0.016582819811170057,-0.041314204345774146,0.021128123735939936,-0.0006993484154448696,-5.616561471876326e-7,3.3834117942970244e-14,-1.9895902790153326e-7,-1.0268961651024802e-14,6.079697693628699e-15,-1.2491139947084008e-14,2.752641978790237e-14,-2.4067455019560825e-14,-1.2038128815617382e-14,3.2614463243432615e-14,2.977688104680995e-14,-2.5349554974749246e-14,-3.2452823997462657e-14,-2.5041361317244933e-15,-1.2611877558611971e-14,-2.5096352529206778e-15,2.297495665252858e-15,-0.0,-0.0,-0.0,-0.0,-0.0,-0.0,-0.0,-0.0,-0.0,-0.0,-0.0,-0.0
-0.00026048431713638243,0.005581278581499191,4.342600683586451e-15,-1.2471869057845851e-15,4.199294645874708e-15,-0.02444387249183575,-0.06756146977362126,0.0062411422431482245,-0.020423422443899143,-3.3457580543261943e-12,0.0021875705077607707,0.0007749170298499541,-1.0045622599749528e-13,-0.020220735549176406,0.0330306852056064,0.02622268510031752,0.015393960266850833,-0.014981572748044117,-0.0025233791182349805,-0.006033831797840344,-0.012031252063771761,-0.008412505349374913,-0.00898850518261148,-0.009431696157964301,0.0012223448375571786,-0.008754758057162488,-4.6322587623214784e-5,-3.155148618247572e-16,-4.2977067786297325e-16,-1.353504024158104e-16,-7.213620097749763e-16,3.714443291985225e-16,2.3703341013894645e-15,-6.390220282114532e-16,-1.0519687776575358e-15,-2.8559691732332963e-16,1.1164124851560303e-15,7.441074461154997e-16,5.162813053160234e-16,-0.006281824075478982,-0.00824873781743229,-0.19314246200174742,0.0016056955029384264,0.009937389622902826,0.005941577793845382,0.009033205599473673,0.012065200057124519,0.018588805079782892,-0.0004560956487189779,0.022352902535375127,0.00025613828834227393,3.6010150096674856e-10,1.0066243649497224e-14,1.2756204565270383e-10,9.698781466470621e-16,1.6492588769802307e-15,2.199696004358962e-15,2.0097709427122467e-15,2.039096506988824e-16,4.512694675499824e-16,4.270994347311867e-15,3.132729940417374e-15,-6.951283590569856e-16,1.6939155115633751e-15,2.09142452686834e-15,1.8134675982901317e-15,-3.891383420032162e-16,-5.943329047844046e-17,-0.0,-0.0,-0.0,-0.0,-0.0,-0.0,-0.0,-0.0,-0.0,-0.0,-0.0,-0.0
0.0009180255313864752,0.020253279648670228,9.04896673294903e-15,4.2946129872342695e-15,1.1049992169271715e-14,-0.08787722589297861,-0.06931957310224145,0.008152800413059411,-0.0795601530300451,1.1547862606048678e-11,0.0021420191426362455,0.0007587810797498126,-1.0582582158137917e-13,0.008210196911991338,0.010580019301423667,-0.02007712824483461,0.037744121077350146,-0.08869136067077316,0.018129462719131635,-0.006336515202598038,-0.013641957347315157,-0.010996927952573841,-0.0051390881429462555,-0.009874802202208677,0.005230817714034256,-0.0091145357479447,-0.0001114669278962675,-1.9597170695930475e-15,-1.3147485531475465e-15,-4.0111144602208103e-16,-7.783727281214656e-16,2.324615251221436e-15,-5.898400729759364e-16,-2.1548321236899765e-15,-2.2276159273687095e-15,-6.201529742250232e-16,3.947973839802929e-15,6.844851374000183e-15,3.46758512604246e-15,0.00518540658917223,-0.020836642850097405,0.026697202165393324,-0.20499095333157963,0.010051066824849172,0.0063791379044242195,0.011283557884544883,0.006556308106727223,0.019111155119410975,-0.006081274195339735,0.022693641499097295,0.00017149876089323323,-4.248424067383449e-8,9.095589071118644e-15,-1.5049461750081906e-8,-1.7316568331391118e-15,1.5860250822938069e-15,-1.6301379386616528e-15,5.398604669864205e-15,-4.139835905965888e-15,-1.9597441877321837e-15,6.703895746614841e-15,6.249873445765577e-15,-4.793232963600689e-15,-5.1955225076642554e-15,5.753231738514047e-17,-2.007699780636081e-15,-8.812700728556665e-17,2.8017738972273465e-16,0.0,0.0,0.0,0.0,0.0,0.0,0.0,0.0,0.0,0.0,0.0,0.0
0.007485236332931654,0.010617400617057089,6.0290655117219784e-15,-5.232887915575307e-16,7.167803524494854e-15,-0.0464942766961047,-0.06974901951682856,0.020579442071268803,-0.03993415476327828,-2.1520401118348e-11,-0.011890332628076834,-0.004211988235985755,-1.1333484161177408e-13,-0.08322864112256051,0.003688190598166484,-0.015892669280186286,0.0006289008692007813,0.016235934516024803,-0.0076698787858376395,0.009534912124935934,-0.013237874279771354,-0.01303857301212837,-0.008983634049674618,-0.010780453046968003,0.002838039043357411,-0.010379860583033107,-0.0002861235374411702,-1.2409512281907918e-15,-6.464119139848905e-16,-4.3969160856988546e-16,-5.983335271435e-16,1.2568152469004596e-15,3.8744079953013797e-16,-1.0455494270858002e-15,-1.2484050094587844e-15,-2.653660863315793e-16,2.957085802585406e-15,3.2168860572686153e-15,1.674134248713066e-15,0.0006477422577881742,-0.0029326443298034856,-0.01187156538055228,0.002952575089821847,-0.22711276031326189,0.003340466865138735,0.007829100475278331,0.006081160087764698,0.01664236765988755,-0.013236963637017754,0.020317416324263447,-0.001121688333050818,-1.0914476505975919e-7,1.0826317193190173e-14,-3.866304392939674e-8,-2.642012452748917e-16,1.4485855665284325e-15,6.341345297347609e-16,3.600612168729465e-15,-1.4120973877846919e-15,-2.6960322285392653e-16,5.27685898803186e-15,4.361807610513961e-15,-2.3958979413440444e-15,-1.1013902614796998e-15,1.1700017694687666e-15,-2.645912136164248e-16,-3.500254278764683e-18,-5.962130837519835e-17,-0.0,-0.0,-0.0,-0.0,-0.0,-0.0,-0.0,-0.0,-0.0,-0.0,-0.0,-0.0
0.011656138287403481,0.022400261995164532,2.3063398412786178e-14,-3.335146732875143e-14,3.610563095350194e-14,-0.09754635814980328,-0.07224310869148699,0.028412736010281818,-0.08715858200950288,-2.753940071043069e-11,-0.01872142589464558,-0.006631809899337407,-7.216767423873065e-14,-0.1236928923044358,0.0047095677177534856,-0.02010656040639252,-0.003259858796330867,-0.06648397761046458,-0.0068302922426452355,-0.0036014389339263995,-0.009180442515231568,0.0039006951154106195,-0.006546629205488568,-0.005755356339801537,0.015810765844904453,-0.011305635652443533,-0.0004096267746945977,-6.076620959482919e-15,-3.618346164198358e-15,-1.845693883718934e-15,-2.9990962359587717e-15,6.344182478286906e-15,3.87264733032245e-15,-6.487710630686077e-15,-6.980971260083856e-15,-1.9663995177925083e-15,1.2615535152931832e-14,1.825752788896344e-14,9.846498017193903e-15,0.00017193079943239148,-0.0020144168433555904,0.00902800879529165,0.0016112170338958528,0.00017040172351693285,-0.21376523025317037,-0.01223200587103259,-0.00019191168104665108,0.0046402621619329575,-0.03417268944520319,0.019553113298223092,-0.0018756740036959176,-3.622798139169113e-7,2.7988688048911492e-14,-1.283326819762226e-7,-5.132302993727085e-15,3.8758847354062146e-15,-5.324327312529152e-15,1.61728899450968e-14,-1.230696809996364e-14,-6.697084622146304e-15,2.0194223176518637e-14,1.779163484044329e-14,-1.3981614120527985e-14,-1.5972982274704758e-14,-3.8571489079708667e-16,-5.9509436027566584e-15,-1.731680399749438e-15,1.2449788462882871e-15,-0.0,-0.0,-0.0,-0.0,-0.0,-0.0,-0.0,-0.0,-0.0,-0.0,-0.0,-0.0
0.008019103801423707,0.02286668910723497,5.350020045830536e-15,-2.339217354911901e-14,1.7906865290350653e-14,-0.0994504335817985,-0.07137870397586862,0.021499345008654993,-0.08931280641259298,-2.5428487482146133e-11,-0.011402461261961198,-0.004039166455545596,-1.5076495445229284e-13,-0.11651628977422072,0.04474021069795191,-0.021836342384824584,-0.00311288535771636,-0.06683286400976401,-0.007510325450376388,-0.005749747413546835,-0.011700699551667212,0.01997015755421542,-0.008574502208661313,-0.009074292773071023,0.009853626713234932,-0.010328384135908556,-0.0003094667514057033,-3.730492825076834e-15,-2.1455495204742383e-15,-1.185832954021339e-15,-1.618318632462425e-15,4.365179107775515e-15,1.1619691866204437e-15,-4.4768673129858206e-15,-5.439979391206561e-15,-8.040699377136556e-16,5.4917220732192495e-15,1.2361390222786867e-14,6.5423927416092965e-15,0.002300813535834053,-0.0007480549473905676,0.012995843971732762,0.002917104140200781,0.0054841436488137895,0.0024983376401166084,-0.23173726593528218,0.00537689284725289,0.013273557870673849,-0.021670965961572346,0.02005585817904202,-0.0011757546933848367,-2.0425742985630517e-7,1.5708908379404503e-14,-7.235540769540322e-8,-3.310634415219245e-15,2.529031467368162e-15,-3.2421413486220766e-15,1.0248466211251585e-14,-7.599702713038478e-15,-3.880592532332417e-15,1.2479500298075576e-14,1.1265587250755867e-14,-8.719770085490888e-15,-1.0065096589024977e-14,2.3955192295609256e-17,-3.8315321915842786e-15,-2.742356259770732e-16,1.0093107066111722e-15,-0.0,-0.0,-0.0,-0.0,-0.0,-0.0,-0.0,-0.0,-0.0,-0.0,-0.0,-0.0
0.013543920742730585,0.03187692538514782,2.9233732441574644e-14,2.0396497218363495e-14,4.598661269398499e-14,-0.13851412484124842,-0.07403871301813787,0.03208329643571629,-0.1255967854442705,-2.314961185940578e-11,-0.021590146693914094,-0.007648015133998999,-1.5024915248325237e-13,-0.1299203615408045,-0.008086890729446964,-0.027471410915923068,-0.005145596935220268,-0.12496673470308277,-0.010233393627273706,-0.005589729495443018,-0.0176401546897333,-0.010385488598001482,0.0384567737687703,-0.008918755975797105,0.019581923945245844,-0.011772043749928117,-0.0005160119404562845,-7.868905564066793e-15,-4.154391775570207e-15,-2.040697306020978e-15,-3.5166404396773486e-15,7.565552098770365e-15,2.6972191461356965e-15,-7.46806683460253e-15,-8.033899164550538e-15,-2.7346391315415517e-15,1.7330748717025437e-14,2.2827900061565408e-14,1.226077612474214e-14,0.0014385892165097141,-0.0014124264143707199,0.025176127781706435,0.003378241351803358,0.0024629022355542604,0.0031096208220285594,0.0010428612940008427,-0.2744287088859138,0.009749940179688272,-0.04124858052246666,0.019421723684006603,-0.0020581375749109338,-4.346633042168126e-7,2.528957167263575e-14,-1.539735463084373e-7,-6.978921999067274e-15,4.2947512066248685e-15,-8.239188739673673e-15,1.9489526782557838e-14,-1.6122846474487068e-14,-8.557439617955055e-15,2.3198896175482088e-14,2.0933082256369608e-14,-1.7595021569865e-14,-2.194563505410649e-14,-1.8428624898039216e-15,-8.740821954326046e-15,-2.2376288021516862e-15,1.3370256527211776e-15,0.0,0.0,0.0,0.0,0.0,0.0,0.0,0.0,0.0,0.0,0.0,0.0
0.008711942739345852,0.004648685644031032,1.9779617250466305e-14,-2.3539415581313155e-14,2.956922031368818e-14,-0.020180600646021833,-0.0741187012471783,0.024415602407739927,-0.01927025140359974,-3.3427614840387294e-11,-0.016925610446906422,-0.0059956667588040614,-1.347416141898301e-13,-0.11530319283854784,0.00015743027075506847,-0.02120556049937075,-0.0011099581720893875,-0.05205924025781716,-0.002063460419279448,0.07566514904940612,-0.015526476627534282,-0.013931985237399995,0.007871087927802662,-0.004648356981015855,0.01294159381565241,-0.011145886075043871,-0.0003392174123042525,-5.117378384011081e-15,-2.5547646416599488e-15,-1.54159572590192e-15,-2.47346665849789e-15,4.972761292381206e-15,3.1724302360930217e-15,-4.9297189833258085e-15,-5.555267959448084e-15,-1.4919378114119259e-15,1.1294685695072004e-14,1.436782789251104e-14,8.014143278288971e-15,0.001423570935091489,-0.002476991435390355,0.005738436380956252,-0.0007832685077096342,-0.1187415089939777,0.0037600443475935574,0.007344218379346837,-0.01697828547525574,-0.22550414318282394,-0.02812857421544472,0.021064088312889105,-0.0013628437921455307,-3.3330126078234993e-7,2.0465092765735303e-14,-1.1806742523090515e-7,-4.2260592132251845e-15,3.2734037266034994e-15,-4.460471288779286e-15,1.2883208140262635e-14,-1.0094056552067243e-14,-5.004798860363386e-15,1.610752755054364e-14,1.4421705874884574e-14,-1.1191110039858415e-14,-1.2794493150836422e-14,-3.47357332167718e-16,-4.508848535140407e-15,-1.575831781551168e-15,1.0275085672512233e-15,-0.0,-0.0,-0.0,-0.0,-0.0,-0.0,-0.0,-0.0,-0.0,-0.0,-0.0,-0.0
0.0175554240852997,0.03884702419731424,-3.086057366757632e-14,-1.59494066493486e-14,-4.773813292952641e-14,-0.1689691291523507,-0.07365036940986545,0.0387442829364929,-0.15106499753862387,-3.4132155804878136e-11,-0.027406726407139453,-0.009708459201656125,-1.353662053377583e-13,-0.1677422162282452,-0.0032385028238861935,-0.027726590037524746,-0.005247394141480245,-0.115267567108546,-0.010428023956349798,-0.005882416585228346,-0.0169703045504815,-0.010795399189991511,-0.008277424112586827,-0.009366668661499992,0.02570354817731397,-0.012519838089242757,-0.0006461618742058849,1.1429561902766707e-14,-3.2332184365612957e-15,5.731297744379266e-15,1.2180521868733388e-14,-3.808346880467918e-15,-1.6600461015021919e-15,-1.7980993412107282e-16,4.282624815986569e-15,1.689247581157586e-14,-2.7152379093153628e-14,-7.922297772221412e-15,9.605043966999287e-15,-0.0002724566015906782,-0.0027674916164508435,0.018406373073415735,0.00257647117713661,0.0010780711312934864,0.0012169503230791655,-0.001328468316229312,-0.0021535601594710437,0.008480658020378147,-0.26602372518232875,0.018255842875296878,-0.002713740695548832,1.1372445695617572e-7,-1.676332339152375e-14,4.02853342138802e-8,1.800692291366789e-15,-7.167124902339281e-15,6.479927262516347e-15,2.5713869909526804e-15,1.8643778019275698e-14,1.0551484652152359e-14,8.453072067768876e-15,6.986542298964758e-16,8.041685662100843e-15,3.3629464110537746e-14,1.2049659625828224e-14,1.6217936382936956e-14,5.971869128883168e-15,-2.066016396800647e-15,-0.0,-0.0,-0.0,-0.0,-0.0,-0.0,-0.0,-0.0,-0.0,-0.0,-0.0,-0.0
0.020229035478645754,0.04535726587521345,-6.849149817980927e-15,2.237858412549886e-14,-1.4064150112020689e-14,-0.1977093169351294,-0.0730994529925207,0.04285056078503773,-0.17511904417761515,-3.7725018893478197e-11,-0.0304500660212163,-0.010786520770971511,-1.0574885093540271e-13,-0.1862729123771197,-0.0056658791194185544,-0.026979749052214886,-0.005092703583669255,-0.1007390803970799,-0.009957804108041436,-0.006848739027199405,-0.018805876620019986,-0.019699210779693124,-0.013869488480943949,-0.01089897130324134,-0.0051563066235962825,-0.009794174263314427,-0.0007142640999164601,1.9934279428889188e-15,1.0398316044119437e-15,9.7421814951714e-16,1.3033151889899842e-15,-8.144644748453274e-16,-8.488227136117362e-15,2.111017919726539e-15,3.170734065929917e-15,7.903847648479199e-16,-3.8737161089784126e-15,-3.355013184368908e-15,-2.0625355566035146e-15,-0.00160365964611882,-0.003765997468468826,0.011780942718119379,0.0017096024495806637,0.0014705825341675683,0.0011048917304733016,0.006007605578376468,0.003278124891163252,0.010130656467379076,-0.02030831966914051,-0.1990452433052628,-0.0031952432602932027,-4.437121470154903e-8,6.554642463753042e-15,-1.5717898151149747e-8,2.617254229005537e-15,-3.744088532910137e-16,4.940841573514137e-15,-3.5217204024338705e-15,6.069219404632304e-15,2.7686001018332698e-15,-2.9271969079751894e-15,-3.1906429538413727e-15,4.643231812541562e-15,8.734178835446248e-15,2.3194403318236023e-15,3.310216378931287e-15,1.8870790714568356e-15,-8.225814029404264e-16,-0.0,-0.0,-0.0,-0.0,-0.0,-0.0,-0.0,-0.0,-0.0,-0.0,-0.0,-0.0
0.02062617002994313,0.049908478431211184,2.0221110309411957e-15,-6.717637440752343e-14,-6.015111192159798e-15,-0.21742665258126748,-0.07365468429182577,0.04345595783816152,-0.19320475421176866,-3.793229384386409e-11,-0.030459139187208408,-0.010789734816349884,-8.876059126139815e-15,-0.18185212958594393,-0.006454280299149234,-0.029092624122732714,-0.005133598132213148,-0.12693451330100888,-0.004763307632427216,-0.007763538168927708,-0.018416004983698907,-0.01734342446375244,-0.012672384241163267,-0.012299771310424068,-0.0036869655858439384,-0.012985857051670421,-0.0007503498723946851,1.8528703699634197e-15,8.470842125746451e-16,3.943958167037476e-16,4.989447667221444e-16,-1.7546701266905965e-15,1.1342589954991955e-15,9.523808918324956e-16,6.698676750707428e-16,2.703294719873145e-16,-2.597483028946273e-15,-4.0316537949002076e-15,-2.1994854367186504e-15,-0.0011115133472680964,-0.003816546232390779,0.019423138044445475,-0.0014671609560654303,0.0028013375675015766,0.0008086563408177209,0.0034910982255107795,0.00155740373010782,0.012707985252328281,-0.02233758599301546,0.017264617476657373,-0.20971552854148723,-6.194729987824536e-8,5.5451566109374415e-15,-2.1943986583618697e-8,2.341749922547539e-15,1.7460347336931154e-16,4.304002614304617e-15,-2.148865755121566e-15,3.8641533801244906e-15,2.506710997819443e-15,-1.504566611906352e-15,-2.1512420590579994e-15,3.3959782274956644e-15,6.277297553555597e-15,2.56691405297053e-15,2.4509688117253385e-15,7.073600523533178e-16,-6.565424238722168e-16,0.0,0.0,0.0,0.0,0.0,0.0,0.0,0.0,0.0,0.0,0.0,0.0
0.0,0.0,0.0,0.0,0.0,0.0,0.0,0.0,0.0,0.0,0.0,0.0,0.0,-2.0202779112345605e-17,-3.470656645164808e-18,0.0,0.0,0.0,0.0,0.0,0.0,0.0,0.0,0.0,0.0,0.0,0.0,0.0,0.0,0.0,0.0,0.0,0.0,0.0,0.0,0.0,0.0,0.0,0.0,0.4464227326781595,-1.2822859453261952e-18,-5.387669762757301e-18,8.549653277189385e-20,-1.6897328860401818e-18,-1.4939869987209815e-18,-2.533888432039208e-18,-8.340447721565593e-19,-7.225096425362117e-19,-2.6401307061415365e-18,-1.6979839397732001e-18,-4.627234359789139e-19,0.0,0.0,0.0,0.0,0.0,0.0,0.0,0.0,0.0,0.0,0.0,0.0,0.0,0.0,0.0,0.0,0.0,0.0,0.0,0.0,0.0,0.0,0.0,0.0,0.0,0.0,0.0,0.0,0.0
0.0,0.0,0.0,0.0,0.0,0.0,0.0,0.0,0.0,0.0,0.0,0.0,0.0,-1.3800194638154887e-17,7.341790966835896e-19,0.0,0.0,0.0,0.0,0.0,0.0,0.0,0.0,0.0,0.0,0.0,0.0,0.0,0.0,0.0,0.0,0.0,0.0,0.0,0.0,0.0,0.0,0.0,0.0,0.0,0.4464227326781599,-1.6008380084957075e-18,5.054588958746348e-20,-2.1491242384330306e-19,-3.3238420510363734e-18,-9.515918890804356e-19,-5.745659442535376e-19,-8.975511600040415e-19,-1.6473639058108138e-18,8.687169961439016e-19,7.592383059566286e-20,0.0,0.0,0.0,0.0,0.0,0.0,0.0,0.0,0.0,0.0,0.0,0.0,0.0,0.0,0.0,0.0,0.0,0.0,0.0,0.0,0.0,0.0,0.0,0.0,0.0,0.0,0.0,0.0,0.0
0.0,0.0,0.0,0.0,0.0,0.0,0.0,0.0,0.0,0.0,0.0,0.0,0.0,-1.5763327241251624e-17,4.356990464021431e-18,0.0,0.0,0.0,0.0,0.0,0.0,0.0,0.0,0.0,0.0,0.0,0.0,0.0,0.0,0.0,0.0,0.0,0.0,0.0,0.0,0.0,0.0,0.0,0.0,0.0,0.0,0.44642273267816,2.3977325454475974e-18,3.9097543145659865e-19,-2.035915112370272e-18,5.494597073914008e-18,-8.856941951524972e-19,1.1178163013341765e-18,-2.0190683012472648e-18,9.333545530636051e-19,-6.535355307828647e-19,0.0,0.0,0.0,0.0,0.0,0.0,0.0,0.0,0.0,0.0,0.0,0.0,0.0,0.0,0.0,0.0,0.0,0.0,0.0,0.0,0.0,0.0,0.0,0.0,0.0,0.0,0.0,0.0,0.0
0.0,0.0,0.0,0.0,0.0,0.0,0.0,0.0,0.0,0.0,0.0,0.0,0.0,-4.6822704245746945e-18,3.274902682749303e-19,0.0,0.0,0.0,0.0,0.0,0.0,0.0,0.0,0.0,0.0,0.0,0.0,0.0,0.0,0.0,0.0,0.0,0.0,0.0,0.0,0.0,0.0,0.0,0.0,0.0,0.0,0.0,0.44642273267815996,6.708856458543572e-19,-2.0259591739594614e-18,-2.1176862994684876e-19,1.6597953829454257e-19,-2.6363472301286e-19,5.864849654889715e-20,-1.0783600063677756e-18,-5.1820347118932387e-20,0.0,0.0,0.0,0.0,0.0,0.0,0.0,0.0,0.0,0.0,0.0,0.0,0.0,0.0,0.0,0.0,0.0,0.0,0.0,0.0,0.0,0.0,0.0,0.0,0.0,0.0,0.0,0.0,0.0
0.0,0.0,0.0,0.0,0.0,0.0,0.0,0.0,0.0,0.0,0.0,0.0,0.0,3.459382420516683e-17,2.823594992185629e-18,0.0,0.0,0.0,0.0,0.0,0.0,0.0,0.0,0.0,0.0,0.0,0.0,0.0,0.0,0.0,0.0,0.0,0.0,0.0,0.0,0.0,0.0,0.0,0.0,0.0,0.0,0.0,0.0,0.4464227326781601,1.1447361524509735e-19,7.492824834817475e-19,-1.6506097466228048e-18,8.998237793500185e-18,-5.329850995740335e-19,-4.1118693568035216e-19,1.6434978332402272e-19,0.0,0.0,0.0,0.0,0.0,0.0,0.0,0.0,0.0,0.0,0.0,0.0,0.0,0.0,0.0,0.0,0.0,0.0,0.0,0.0,0.0,0.0,0.0,0.0,0.0,0.0,0.0,0.0,0.0
0.0,0.0,0.0,0.0,0.0,0.0,0.0,0.0,0.0,0.0,0.0,0.0,0.0,2.000069741698928e-18,1.5074231678144525e-19,0.0,0.0,0.0,0.0,0.0,0.0,0.0,0.0,0.0,0.0,0.0,0.0,0.0,0.0,0.0,0.0,0.0,0.0,0.0,0.0,0.0,0.0,0.0,0.0,0.0,0.0,0.0,0.0,0.0,0.4464227326781605,1.2241017605128862e-18,1.0418177240884148e-19,1.4131021517763214e-19,1.3212505022884434e-19,3.6835372919996344e-19,-1.0609625711441115e-19,0.0,0.0,0.0,0.0,0.0,0.0,0.0,0.0,0.0,0.0,0.0,0.0,0.0,0.0,0.0,0.0,0.0,0.0,0.0,0.0,0.0,0.0,0.0,0.0,0.0,0.0,0.0,0.0,0.0
0.0,0.0,0.0,0.0,0.0,0.0,0.0,0.0,0.0,0.0,0.0,0.0,0.0,-1.7725754735014957e-17,-6.890732259489938e-20,0.0,0.0,0.0,0.0,0.0,0.0,0.0,0.0,0.0,0.0,0.0,0.0,0.0,0.0,0.0,0.0,0.0,0.0,0.0,0.0,0.0,0.0,0.0,0.0,0.0,0.0,0.0,0.0,0.0,0.0,0.4464227326781597,8.813320312186028e-19,2.934246031168273e-19,-1.1096186861524375e-18,3.1552575720203007e-19,-1.9982020200078521e-19,0.0,0.0,0.0,0.0,0.0,0.0,0.0,0.0,0.0,0.0,0.0,0.0,0.0,0.0,0.0,0.0,0.0,0.0,0.0,0.0,0.0,0.0,0.0,0.0,0.0,0.0,0.0,0.0,0.0
0.0,0.0,0.0,0.0,0.0,0.0,0.0,0.0,0.0,0.0,0.0,0.0,0.0,-4.333081218937632e-18,2.8083574661106025e-19,0.0,0.0,0.0,0.0,0.0,0.0,0.0,0.0,0.0,0.0,0.0,0.0,0.0,0.0,0.0,0.0,0.0,0.0,0.0,0.0,0.0,0.0,0.0,0.0,0.0,0.0,0.0,0.0,0.0,0.0,0.0,0.44642273267816013,2.3930792433163695e-18,6.963801870152643e-18,1.0400120582865622e-18,-3.4208445701211486e-20,0.0,0.0,0.0,0.0,0.0,0.0,0.0,0.0,0.0,0.0,0.0,0.0,0.0,0.0,0.0,0.0,0.0,0.0,0.0,0.0,0.0,0.0,0.0,0.0,0.0,0.0,0.0,0.0,0.0
0.0,0.0,0.0,0.0,0.0,0.0,0.0,0.0,0.0,0.0,0.0,0.0,0.0,-6.423732026777898e-18,1.9741839626006115e-19,0.0,0.0,0.0,0.0,0.0,0.0,0.0,0.0,0.0,0.0,0.0,0.0,0.0,0.0,0.0,0.0,0.0,0.0,0.0,0.0,0.0,0.0,0.0,0.0,0.0,0.0,0.0,0.0,0.0,0.0,0.0,0.0,0.4464227326781599,-2.5850329135039584e-18,-1.083188080722788e-18,-6.1955432226754575e-19,0.0,0.0,0.0,0.0,0.0,0.0,0.0,0.0,0.0,0.0,0.0,0.0,0.0,0.0,0.0,0.0,0.0,0.0,0.0,0.0,0.0,0.0,0.0,0.0,0.0,0.0,0.0,0.0,0.0
0.0,0.0,0.0,0.0,0.0,0.0,0.0,0.0,0.0,0.0,0.0,0.0,0.0,1.0927775014130372e-17,-2.8514942219772086e-19,0.0,0.0,0.0,0.0,0.0,0.0,0.0,0.0,0.0,0.0,0.0,0.0,0.0,0.0,0.0,0.0,0.0,0.0,0.0,0.0,0.0,0.0,0.0,0.0,0.0,0.0,0.0,0.0,0.0,0.0,0.0,0.0,0.0,0.4464227326781602,2.9217596310938896e-19,2.48566674383652e-18,0.0,0.0,0.0,0.0,0.0,0.0,0.0,0.0,0.0,0.0,0.0,0.0,0.0,0.0,0.0,0.0,0.0,0.0,0.0,0.0,0.0,0.0,0.0,0.0,0.0,0.0,0.0,0.0,0.0
0.0,0.0,0.0,0.0,0.0,0.0,0.0,0.0,0.0,0.0,0.0,0.0,0.0,-3.508278508130232e-18,-4.0741608297437505e-19,0.0,0.0,0.0,0.0,0.0,0.0,0.0,0.0,0.0,0.0,0.0,0.0,0.0,0.0,0.0,0.0,0.0,0.0,0.0,0.0,0.0,0.0,0.0,0.0,0.0,0.0,0.0,0.0,0.0,0.0,0.0,0.0,0.0,0.0,0.44642273267816013,7.446820037474508e-19,0.0,0.0,0.0,0.0,0.0,0.0,0.0,0.0,0.0,0.0,0.0,0.0,0.0,0.0,0.0,0.0,0.0,0.0,0.0,0.0,0.0,0.0,0.0,0.0,0.0,0.0,0.0,0.0,0.0
0.0,0.0,0.0,0.0,0.0,0.0,0.0,0.0,0.0,0.0,0.0,0.0,0.0,1.9484190443575278e-17,8.036974361150405e-19,0.0,0.0,0.0,0.0,0.0,0.0,0.0,0.0,0.0,0.0,0.0,0.0,0.0,0.0,0.0,0.0,0.0,0.0,0.0,0.0,0.0,0.0,0.0,0.0,0.0,0.0,0.0,0.0,0.0,0.0,0.0,0.0,0.0,0.0,0.0,0.4464227326781602,0.0,0.0,0.0,0.0,0.0,0.0,0.0,0.0,0.0,0.0,0.0,0.0,0.0,0.0,0.0,0.0,0.0,0.0,0.0,0.0,0.0,0.0,0.0,0.0,0.0,0.0,0.0,0.0,0.0
0.0013724059673331295,0.0026429568315827086,1.7719780474323278e-15,-3.901604628428877e-15,4.547995758427552e-15,-0.011503697646932601,0.01103031251309119,0.003537765303571043,-0.010416637861534002,-7.0666690223333346e-12,-0.0038374178870558048,-0.0013593529720694493,-1.0005738993505553e-14,-0.02738911250732339,-0.004998293480688073,-0.012044315964468266,-0.0007072836899122056,-0.0017791535698046081,6.606180532372722e-5,-9.650200215154387e-5,-9.975688800690348e-5,0.0001686662727495735,0.0001570733448813931,-7.153597523383462e-5,0.0015264710501679717,-0.00011015486300226805,2.302499449496154e-5,-7.008058930326464e-16,-4.2132155444512103e-16,-2.6707743306067546e-16,-3.633170683179723e-16,7.988739464283305e-16,4.109194052958987e-16,-7.476139123391791e-16,-8.317037668707711e-16,-2.3061375390809076e-16,1.585158372889586e-15,2.2072325314013397e-15,1.2998811234931127e-15,-0.01818719492628189,-0.000548416762288412,-0.011059330539831266,-0.0005972157839639532,-0.0014747816095517805,-0.000912773154994259,-0.0018545109090986167,-0.0013926890280587991,-0.0012790551000044152,-0.004075745343204522,-0.0011065165186005812,-0.0005121288574469738,-5.4300518435731386e-8,2.111536761205468e-15,-1.92352180184388e-8,-7.406145340254472e-16,3.9040955642002235e-16,-9.873512980692875e-16,1.891773031281965e-15,-1.6919373901521933e-15,-8.813102743125598e-16,2.3021256704788498e-15,1.935480949046269e-15,-1.7528687612822887e-15,-2.270155510201118e-15,-1.930429704981187e-16,-8.78195515440241e-16,-1.622358941418236e-16,1.3592699271766405e-16,0.0,0.0,0.0,0.0,0.0,0.0,0.0,0.0,0.0,0.0,0.0,0.0
0.0009509928353039268,0.0017120081641714773,1.4301054249664242e-15,1.098564471271011e-15,3.0377001313389155e-15,-0.007463727435124488,0.004031797777597024,0.0025396047958335106,-0.0066642616532728675,-4.359664930888922e-12,-0.0022149227268760704,-0.0007846061805868487,-3.021623448693954e-16,-0.017331027305935158,-0.0053950906025223705,-0.0014045222458835239,-0.003929231599889687,-0.0037695913415949772,-0.00043846502601657667,-6.339947259306851e-5,0.00013041231186343077,9.279679622578487e-5,3.8516356022726776e-6,-9.18099223114284e-5,0.0009348466382516164,-8.018604326389177e-5,2.899807430522555e-5,-5.155727216458561e-16,-3.0383749579791657e-16,-1.4826530616676282e-16,-2.2135372195077956e-16,5.1357459173422e-16,2.986960219239276e-16,-5.267838594600876e-16,-5.859028401392145e-16,-1.7638817315311643e-16,1.118993865746349e-15,1.4807500824306018e-15,8.057357564226202e-16,-0.0006853530252779838,-0.01360718802035616,-0.0059689764019730356,-0.0025190344714726854,-0.0010793765214719261,-0.0006748621044504872,-0.0012656766126449086,-0.0008501027334560858,-0.0009290215557350128,-0.0026879780098408097,-0.0007437797662839514,-0.00041669165735049816,-3.4280511091922696e-8,1.2249487224764915e-15,-1.2143403490750494e-8,-5.24171207017009e-16,2.6215513217082185e-16,-6.900601949555479e-16,1.2506178571032972e-15,-1.2227923131904261e-15,-6.2587838107516e-16,1.4605825893096754e-15,1.3202844077624398e-15,-1.225753160381899e-15,-1.6731063619848519e-15,-1.8864999305661298e-16,-6.432171715012076e-16,-1.3603525514549734e-16,9.476412063132279e-17,-0.0,-0.0,-0.0,-0.0,-0.0,-0.0,-0.0,-0.0,-0.0,-0.0,-0.0,-0.0
0.009085271603024444,0.023810257970653868,-3.0867858433900455e-15,1.440833207205225e-14,-4.816689537525135e-15,-0.10398280162716343,0.11518372137505924,0.039461064858587566,-0.09178630702946336,-4.8558406914778286e-11,-0.03212426425395767,-0.01137958267105044,-2.1438914967327984e-15,-0.19313356224543657,-0.0477850434811587,0.005364526507393253,0.0024916857795830544,-0.10228591895840483,-7.49399490359604e-5,-0.005511545524647019,-0.0040463068663380165,-0.005437134869126237,-0.002275785292521459,-0.003169643354760474,-0.006605528647204961,-0.0016451427710727907,-5.915052227255612e-5,5.626099366918823e-16,8.661456857681339e-16,-2.261692938760609e-16,1.4617219828150176e-16,-5.920052200079797e-16,-2.269636446656868e-15,1.0812420671215385e-15,8.927191910278485e-16,-5.813407281850181e-16,-1.4330122765157372e-15,-1.8779620252481298e-15,-1.59412388851165e-15,-0.024676088120385187,-0.014143828850409622,-0.19844289872881088,-0.006826542817154318,-0.016040335385252145,-0.008635588129310423,-0.015973010183611844,-0.007410198897212568,-0.012542979595982526,-0.013954743429173884,-0.00941835600752262,-0.0035281941639821782,-1.66117589336229e-7,2.323934649930221e-15,-5.884489147284559e-8,9.77453344734476e-16,9.205051120222384e-17,1.8506792132890365e-15,-1.7242573428115125e-15,1.9248686172404844e-15,1.122189001670154e-15,-2.1345558867074477e-15,-1.673263883456668e-15,1.913622047957523e-15,2.6437732021592655e-15,6.688918953074216e-17,8.906017242913473e-16,3.6185482217982115e-16,-5.493543284564943e-17,-0.0,-0.0,-0.0,-0.0,-0.0,-0.0,-0.0,-0.0,-0.0,-0.0,-0.0,-0.0
0.0022224857407206725,0.004195089091459956,2.1222160506635767e-15,1.6146499596249971e-15,3.293885479965092e-15,-0.01835705057181603,0.017696607858524387,0.007240057089880368,-0.0159904279639503,-1.6039986509591804e-11,-0.006480627660841898,-0.002295674000308099,-1.7400868877448086e-15,-0.05854389251594606,-0.0039155382840661765,-0.001796631219772201,0.0025722563389687708,-0.005796590376267202,-0.01754096465968528,-0.00016003711482989518,-0.00016004690853792778,-0.00014906211008692578,0.0005516948930860469,-0.00039089590092134424,0.0005141743298392228,-0.00014505150457306613,1.606305660208216e-5,-5.93793786113553e-16,-3.184361195018081e-16,-2.1369850812921091e-16,-2.3964530985123105e-16,6.194886831008428e-16,6.475693236499488e-17,-5.566625414904716e-16,-6.20519928479392e-16,-2.7287893657705956e-16,1.187058489367044e-15,1.787423451094087e-15,9.0324137236124e-16,-0.002108680960575788,-0.007108496094531051,-0.008679585584988013,-0.0357416762244178,-0.002051624807981606,-0.0017110690738581097,-0.003146686623289116,-0.002963770850768142,-0.002974024490844836,-0.004844982483816456,-0.002086761418568242,-0.0012547878769008634,-6.623108013841796e-8,1.7615376748457478e-15,-2.3461456926515214e-8,-5.839374192878794e-16,3.155697952460787e-16,-7.285549871980874e-16,1.429013764262034e-15,-1.3212208650276551e-15,-7.198538646071198e-16,1.6571823227265305e-15,1.5045972384610443e-15,-1.3651590357906183e-15,-1.8829036430450714e-15,-2.4841522162728335e-16,-6.978715115652236e-16,-8.866080548548052e-17,9.507230122182383e-17,-0.0,-0.0,-0.0,-0.0,-0.0,-0.0,-0.0,-0.0,-0.0,-0.0,-0.0,-0.0
0.0013410379393136102,-0.00019815343527969224,8.296904943329643e-16,1.4536046879369799e-16,1.1385457561368021e-15,0.000765620418520732,0.0012160076993426036,0.010582995124927283,0.0011315401699214305,-1.0710533564381808e-11,-0.003729072821107902,-0.0013209732094937648,3.5737599499104205e-17,-0.033934803005641924,-0.00015207455130925165,0.0006791450525072816,0.00041796423257555257,0.0067437139480413825,0.0002706968849609744,-0.0035854340276207405,4.0537304382572866e-5,0.0001660710855898804,-0.0004508039086659541,-0.002727475256944748,-3.109811822007222e-5,-4.966504225386719e-5,3.5121386688526426e-5,-2.192393484129411e-16,-1.0520429432852463e-16,-8.999650011087793e-17,-1.1633747668248894e-16,2.0379720402457903e-16,1.4011539635828816e-16,-2.2835712238180226e-16,-2.5179178654135076e-16,-9.497138425240113e-17,4.752977403223889e-16,4.410553345120513e-16,4.2717436281904552e-16,-0.000978725538460906,-0.0008693082610204981,-0.003790246793564965,-0.0005727573682277464,-0.01458982062021436,-0.0010570323611326902,-0.0017331246743157818,-0.0009831784226729378,-0.007415399513857203,-0.002795677321483005,-0.0012552135364847763,-0.0005387323662281232,-3.781829999294947e-8,1.0179376576850263e-15,-1.3396617053161251e-8,-1.7330327319903228e-16,1.6140404062370697e-16,-1.7239938599314823e-16,5.898902159033132e-16,-4.36836285827947e-16,-1.7038533327414603e-16,7.513821797567526e-16,6.264495369661987e-16,-5.159820277893731e-16,-5.609474542032031e-16,5.506685938041227e-17,-1.8299377768662415e-16,-3.05680869434444e-17,4.7501192926168345e-17,-0.0,-0.0,-0.0,-0.0,-0.0,-0.0,-0.0,-0.0,-0.0,-0.0,-0.0,-0.0
0.0007972163658277676,0.0003547994160995635,1.4645598723530099e-15,-1.7297514878735667e-15,2.5688963061115463e-15,-0.0015808859604024598,0.0007003806142700627,0.006556690406235993,-0.0012805596561589617,-5.438279569028879e-12,-0.002192241542677701,-0.000776571680291519,-2.3369244515100747e-18,-0.017544058662093902,-0.0009592183273993438,0.0002176388208526339,5.1663863832017e-5,0.0021229574768545714,0.00027775234760990433,0.0001880855298123326,-0.006340976767081736,0.0006455476985861059,0.00025130654231251593,0.0002131201420075254,0.0008092411581769749,-1.787753158063192e-5,1.0990306136041591e-5,-4.268772406880186e-16,-2.4280228910958257e-16,-1.5381438369779556e-16,-2.0902976186826048e-16,4.4012840402906557e-16,2.9404507635809753e-16,-4.480464631829904e-16,-4.979939884113891e-16,-1.398087900632774e-16,9.042890235071513e-16,1.291921685533444e-15,7.049844306786316e-16,-0.0005633420263109782,-0.0005496401218848876,-0.0018428337404554202,-0.0004018970938714912,-0.0008538233675979066,-0.006620212586373232,-0.0016308345725243052,-0.0009912970077880147,-0.0009841678445625598,-0.0023301370051233123,-0.0006454547656709232,-0.00028365147943828974,-3.4475481080975966e-8,1.5332715841114039e-15,-1.2212468951688277e-8,-4.17350712218934e-16,2.525328477106729e-16,-5.006971508344297e-16,1.1195956599905714e-15,-9.631375499191212e-16,-4.966602027506634e-16,1.3676303723303474e-15,1.1953514793996874e-15,-1.0227236598340472e-15,-1.2683698964946525e-15,-1.0446889198522148e-16,-4.68969955669407e-16,-9.998305206391418e-17,9.874937997162766e-17,-0.0,-0.0,-0.0,-0.0,-0.0,-0.0,-0.0,-0.0,-0.0,-0.0,-0.0,-0.0
0.003438913969567095,0.005518744511321236,-1.1622411683885074e-15,3.816669530083801e-15,-1.5076213343734642e-15,-0.024177860458660803,0.006269848710022125,0.02825956575509313,-0.020911189799429995,-1.0652621581723864e-11,-0.00932925213302509,-0.003304760385094868,-3.2118197112318263e-15,-0.04220465489756682,-0.03248239652642461,-0.003346812821336622,-0.0017356725498154514,-0.00627088325086641,-0.000643985453120158,-0.0003392565235433891,-0.0017378017632583742,-0.010195920869713378,-0.001206499255975125,-0.00039914061174896103,-0.0015187597424961476,-0.0003342052751142272,-3.760712584083473e-5,2.2417760994633366e-16,1.507780056793926e-16,7.279428623788317e-17,1.3798627674469253e-16,-5.185372288922003e-17,-3.0628393451338874e-16,1.883500183474377e-16,7.384472882494268e-17,4.780132924490125e-17,-3.9194623295440225e-16,-4.582707561629791e-16,-3.6093312901044456e-16,-0.003446008090426651,-0.0026061664721599644,-0.009672757305251222,-0.0017661983836067653,-0.0028740064491376235,-0.0034744974325156695,-0.041935009523232855,-0.0035860335895600425,-0.0029946630349392137,-0.007222761103310505,-0.0026863060472461613,-0.0012350425862222918,-4.820266765707223e-8,5.577652779844403e-16,-1.7075137843794833e-8,2.8697655224429415e-16,7.820348639062812e-18,5.381933860361625e-16,-3.594302903836015e-16,5.500218968134596e-16,3.125770669511332e-16,-3.3603832342764874e-16,-3.587242620062148e-16,4.952169385550574e-16,8.015030550329456e-16,2.7083498327279215e-16,2.858756620339086e-16,3.940216559312691e-17,-1.0563270691314586e-16,-0.0,-0.0,-0.0,-0.0,-0.0,-0.0,-0.0,-0.0,-0.0,-0.0,-0.0,-0.0
0.0018590809184094188,0.0019079465236681496,1.0720411990609604e-15,4.087633916819256e-15,1.5516145094589238e-15,-0.008392782260743158,0.0018640506718011582,0.013538177355905777,-0.007110580292928544,-1.1628303172315477e-11,-0.004766521954880059,-0.0016884754218833803,-9.175977126167258e-16,-0.04069022792680827,0.0012644303358167622,-0.0006180718655775073,-0.0003628734255131605,-0.0021021408230426854,-0.00027163439457762685,-0.00039755571299421555,-0.00040995686011328827,-0.0003246718649598327,-0.0041657164702936485,-0.0005515997014451634,-0.00012346914699294672,-0.00013505325924873475,-5.417945602457078e-6,-2.517612014887558e-16,-1.0033280569291563e-16,-7.08692863131511e-17,-1.12588749726949e-16,2.4978100914028677e-16,6.869622112009771e-17,-2.615157432874491e-16,-3.01539587488255e-16,-1.267226501701128e-16,6.742112964566494e-16,7.786599656210811e-16,3.9507046093435983e-16,-0.0013511385037352091,-0.000966807579336765,-0.0026966284019135337,-0.0009877238812931667,-0.0008593728264308702,-0.0012074003335479416,-0.002044189063188395,-0.021601261847236944,-0.0026709788897914624,-0.004132366462112602,-0.001363430647648941,-0.0006271572079640203,-4.18937942856843e-8,1.2079918530780457e-15,-1.4840305351754873e-8,-1.9732448193986779e-16,1.7449166925275781e-16,-1.728429549940814e-16,6.777800312624234e-16,-5.036827251877686e-16,-2.2691280911547074e-16,8.308524579861551e-16,7.385468489498901e-16,-5.869991577339056e-16,-6.530741604438814e-16,3.947095957978978e-17,-2.5952630782511253e-16,-1.0718130933166177e-16,4.42429399614295e-17,0.0,0.0,0.0,0.0,0.0,0.0,0.0,0.0,0.0,0.0,0.0,0.0
0.00018775630498421212,-0.00018438933574045445,2.3976804663629523e-16,-1.75521328754145e-16,4.0234989256691896e-16,0.0007891791715357271,0.0002822858177994077,0.002347352722102357,0.0007510019874501114,-1.7384556260138629e-12,-0.0006860705566769214,-0.0002430311416990144,-1.0446323279759318e-16,-0.005316071410996124,-5.552014980178099e-5,6.369521460649376e-5,3.0011003120313582e-5,0.0006678105645879059,9.771428834189407e-5,0.0005579613984901015,-3.131108037299966e-5,1.3298851013946131e-5,0.000100664884272419,-0.0005821049420835053,7.448468811169691e-5,-4.274347789576257e-6,8.706490404105074e-7,-6.685116603912014e-17,-3.453554846436072e-17,-2.164566011076275e-17,-3.437545063189555e-17,6.328604643959478e-17,4.7164381823867156e-17,-7.096344576430455e-17,-7.852438633426698e-17,-2.5416954776306496e-17,1.4961027497709493e-16,1.9449051429133305e-16,1.2763771288981313e-16,-0.0001498405469973315,-0.00012296655086329987,-0.0005173960000404242,-0.0001259707343199928,-0.000946062686751476,-0.0001829477111078856,-0.0002923737107027338,-0.0004072975387006527,-0.0018948252144484078,-0.000590171031252824,-0.00021723294446157135,-6.991145812052752e-5,-8.474221721679335e-9,2.641646409916584e-16,-3.001877478650247e-9,-5.825025369196056e-17,4.355974761512806e-17,-5.779385154225855e-17,1.7887044804599753e-16,-1.3376596984435608e-16,-6.10084490381993e-17,2.252683275311653e-16,1.927657760298009e-16,-1.5539022402130946e-16,-1.7384906759698069e-16,5.571631901517963e-18,-5.760904977082288e-17,-1.8058036702829918e-17,1.3620823141764232e-17,-0.0,-0.0,-0.0,-0.0,-0.0,-0.0,-0.0,-0.0,-0.0,-0.0,-0.0,-0.0
0.0027029938351657724,0.0057816935159156835,-4.714706042110295e-15,4.460667825708872e-15,-7.333658438903172e-15,-0.02522306252284651,0.003939963484810163,0.011312079626887976,-0.022197297584022273,-1.0791150861905639e-11,-0.005533434039502866,-0.0019601435727690966,-1.3788878186903389e-15,-0.043074539309535254,-0.0015669464742686793,-0.0038505724490037908,-0.001975226747569465,-0.011047014358561801,-0.001226519608524281,-0.000676765986620799,-0.001472806033957493,-0.0020547709872841633,-0.001713379546959444,-0.0007551992248796494,-0.0036752068550038597,-0.0005283511780589406,-6.167007025699118e-5,1.5689912733192767e-15,5.775012625710378e-17,7.775333866957101e-16,1.310975246935652e-15,-8.118219482519642e-16,-4.880828590853411e-16,6.948727376532571e-16,9.670261942205651e-16,1.5660377051237655e-15,-3.1386866044566937e-15,-2.5382436588978668e-15,-2.8858597200482684e-16,-0.003151999613641138,-0.0023271048820000706,-0.004749204120434801,-0.0011818227303866712,-0.001735093191133729,-0.001919297501570925,-0.002760093832754681,-0.0027598685285547485,-0.0023329929455015593,-0.023947442324712364,-0.0015940153987782787,-0.0008583366526204938,1.664708695093144e-8,-3.1932466915193684e-15,5.897003031480934e-9,7.882650036414717e-16,-8.995948041652751e-16,1.292982456396921e-15,-1.3712618171383013e-15,2.825882624638128e-15,1.556963871644972e-15,-1.1718053790954627e-15,-1.6304208217357705e-15,2.1158613730608673e-15,4.4677128071111366e-15,1.2263210564720852e-15,1.9850837124030695e-15,5.433468134747944e-16,-4.3654898437506143e-16,-0.0,-0.0,-0.0,-0.0,-0.0,-0.0,-0.0,-0.0,-0.0,-0.0,-0.0,-0.0
0.0006136907538391631,-0.0004007564404804303,6.420250258399063e-16,-6.850848477635275e-16,1.2506039721120937e-15,0.0016959970110367398,0.0005398385652097313,0.007392709607677851,0.001721390317981164,-5.006255213801049e-12,-0.0020971179488749776,-0.0007428754439798535,-7.735118933323547e-16,-0.015397287621682184,-0.00010836201404636492,0.0003071370059318016,0.0001238477059715797,0.001944277620321786,0.00022301407652219185,0.00013081167887701438,0.0001351564584316618,0.0002356172504551115,0.0001270876784657321,0.00012077340992876189,0.00031439502590755407,-0.0016525723972629833,2.6952036468713067e-6,-1.9612095324911954e-16,-9.95206003457911e-17,-5.769816620090962e-17,-1.0415113713234774e-16,2.3482880699468305e-16,1.1662006920784353e-16,-2.2297281751616325e-16,-2.745365556928646e-16,-8.379166213625837e-17,4.561803367899469e-16,6.741114418133162e-16,2.9786113401699827e-16,-0.0003559047288297979,-0.0002910245187852554,-0.0011396540076212098,-0.0002686647951177006,-0.0005137280735688794,-0.00032398910490156,-0.0007635219072218372,-0.0006667709656979681,-0.000604299885630271,-0.0013134816348948936,-0.003960131414711454,-0.00018171471201917916,-2.684841755531929e-8,1.0070514684285694e-15,-9.510685774292008e-9,-1.6044775688537742e-16,1.3996916483295127e-16,-1.69488585906675e-16,5.867642578174063e-16,-4.641534910842884e-16,-2.1122726946367704e-16,7.157129607931974e-16,6.583092837508623e-16,-4.791271408963287e-16,-5.81640364627612e-16,3.1390915989243123e-17,-1.8957088166311998e-16,-3.7245153420334533e-17,6.064354564750619e-17,-0.0,-0.0,-0.0,-0.0,-0.0,-0.0,-0.0,-0.0,-0.0,-0.0,-0.0,-0.0
0.0002580126772061425,-0.00021798113372698355,3.480806614075348e-16,-6.8546913179784e-16,6.923068349769254e-16,0.0009356292883371325,0.00017359512410151937,0.0005478005961794116,0.000891625957291136,-2.1162406160814055e-12,-0.0005502514167372803,-0.0001949190629590805,3.7837008617884756e-16,-0.00626341955901276,-8.383725584266223e-5,0.0001502925286100678,0.00011777450259959585,0.0005723510826089769,0.00016821165457884746,7.904966604980063e-5,8.562890620382872e-5,0.0001335520740285532,8.443766587810418e-5,4.334522363547301e-5,0.0002005170074488395,3.594856932070654e-6,-0.0005557253982303266,-8.961976698509833e-17,-7.456689215514344e-17,5.042564283674086e-18,-4.942136120659663e-17,1.6230935996222563e-16,3.2637721532223225e-17,-7.038011111903388e-17,-1.561154283765046e-16,-8.08486874431163e-17,2.8471763220027427e-16,4.716602250114804e-16,1.624644130358214e-16,-0.00017689295238973527,-0.00016503927007813812,-0.00047749861255558305,-0.00016765679203428207,-0.0002646010962154184,-0.00015663897782156033,-0.00035890012275108474,-0.0003224487659905694,-0.000250949120353793,-0.0006429884721580938,-0.00022690851092511228,-0.0013181295909644765,-1.0113957623659248e-8,1.1592575223226306e-15,-3.58273154959167e-9,-2.1533487902490299e-16,-1.0901447626373644e-17,-1.4590985098156024e-16,3.7417875877051485e-16,-1.9054926698554502e-16,-2.1717737883781623e-16,3.8153719025334726e-16,2.9531187716726135e-16,-1.691354278035579e-16,-3.0251196240641684e-16,-2.5770520298950513e-16,-1.954163026792537e-16,-8.587201996585647e-17,5.889682334018082e-17,-0.0,-0.0,-0.0,-0.0,-0.0,-0.0,-0.0,-0.0,-0.0,-0.0,-0.0,-0.0
-0.00019830750223973675,0.005022489884337211,-1.3049104515991525e-15,3.840729142030306e-15,-2.5427722328223602e-15,-0.02179195063711721,0.025151428917730045,-0.00100890923690829,-0.019920136187050855,8.883642860458256e-14,-0.0020572267864861194,-0.0007287445435279955,3.353121866272597e-15,-0.007705711306608377,-0.0013438574031066082,-0.02327056054603951,-2.0753719346351968e-5,-0.0015770687771027184,8.6348760669517e-5,0.0001249398537306296,0.0002485483821881885,3.649537157451007e-5,0.0001308971493775332,0.00018967987605175357,-0.0006390012969398734,0.00019767435506786165,9.127644138593246e-6,4.314969785209461e-16,2.190299187357974e-16,1.449866889576889e-17,2.0560708514100606e-16,-4.100188074581895e-16,-4.253895352402896e-16,4.13353210217006e-16,4.953933107466189e-16,1.8627110789851006e-16,-1.0100739381247496e-15,-1.1353620850142403e-15,-6.464093874388177e-16,0.006086028445211665,0.0002017643290062035,0.0016437263376923856,0.0001484311158509797,6.271576781077523e-5,6.851617376492684e-5,0.000477402365092905,0.00020968576612204523,-3.650992670954445e-5,0.001575460076793787,-0.0001640721156111892,4.450241017941625e-5,1.8096498932717393e-8,-3.536843953129791e-15,6.41043769820016e-9,1.6555697172582603e-16,-4.1444738258040646e-16,-1.30752529253079e-16,-1.214738070095755e-15,5.338482557169417e-16,2.455212411722671e-16,-1.6905466625601067e-15,-1.4603471051097437e-15,7.993850182236968e-16,5.16978550344199e-16,-3.634338410760748e-16,1.1233369126921455e-16,1.648142318358673e-16,-2.798421734002413e-17,-0.0,-0.0,-0.0,-0.0,-0.0,-0.0,-0.0,-0.0,-0.0,-0.0,-0.0,-0.0
3.2250959582817284e-5,-0.00020209946304482963,-8.05956169168064e-16,2.446521208473276e-16,-5.717504462668924e-16,0.000870670784107303,0.0028404763846486096,9.293122306977076e-6,0.0008070076390362766,-9.804908733113525e-13,-0.0004637399565704162,-0.0001642735575829762,-5.630574396865029e-15,-0.0030068153387808635,0.00012480801768839915,9.324369914432136e-5,1.8744679115756017e-5,0.0005272044887648995,4.606782817828135e-5,2.8118579623534032e-5,5.4362292785875e-5,7.513486826384059e-5,4.446474988861349e-5,4.018798943394813e-5,5.403102540521299e-5,3.113685003320414e-5,-3.0257069530585954e-8,2.2394696839267686e-17,-2.396582501956019e-17,-1.555774250539187e-16,5.102593317942707e-17,-7.932684379097323e-17,-2.1748734986560817e-16,1.6045991945469722e-16,2.1565197102291513e-16,2.1672085050969206e-17,-7.513302564869783e-16,1.961070158557531e-17,-1.752044551764084e-16,-3.3145109683937465e-5,-1.957388320184654e-5,-0.00015066761466893793,-2.827375957637189e-5,-5.827849651471577e-5,-3.830516611939276e-5,-9.808289550955965e-5,-8.416526454258599e-5,-9.649152996279291e-5,-0.00012369821135785908,-0.00010611162181830093,-9.535915076886974e-6,1.215409384069417e-9,-4.545851237896336e-16,4.305420152187426e-10,1.1463966060529217e-16,2.2578638799795073e-17,2.1844832181894548e-16,-3.416789087244429e-16,3.194723075864432e-16,1.2018299920529577e-16,-3.739486938366151e-16,-5.685947884330098e-17,1.5237726247866641e-16,4.0045427950893334e-16,-4.597337923271914e-16,3.635048834948519e-16,2.271100514840846e-17,8.704533184914907e-17,-0.0,-0.0,-0.0,-0.0,-0.0,-0.0,-0.0,-0.0,-0.0,-0.0,-0.0,-0.0
1.2338801405347428e-5,-6.652770562878061e-5,-6.272595105231983e-16,2.614016087054027e-15,-1.1009044555024275e-15,0.00028864469348599683,0.00011120533481601014,1.4709228779206735e-5,0.00026021881603556117,2.3671658398139474e-14,-3.8210214126083674e-5,-1.3535447444197872e-5,-1.2516897210374167e-15,-0.0012537541616729781,3.805657612796228e-5,2.9898975972587134e-5,2.8333624964949876e-6,0.0001826080281662647,1.2705621971258298e-5,7.970027065782483e-6,1.7467139241982094e-5,2.452131665108859e-5,1.4683160296444123e-5,1.4049811823250733e-5,1.7603230331281355e-5,1.1908365478600909e-5,-2.422029384410148e-7,2.2621996882449e-16,9.832439421237911e-17,-4.137013136743497e-17,9.891764686883853e-17,-1.9256280319246908e-16,-1.5068034267508285e-16,1.7856421845779267e-16,2.2001335343236187e-16,1.1323100855973282e-16,-5.369462719970449e-16,-4.929180584211153e-16,-2.7252643989784933e-16,-1.4787834934586005e-5,-7.346870150557364e-6,-7.15461591310012e-5,-1.1564594893117379e-5,-2.0513656523598644e-5,-1.4434889619474522e-5,-3.785035176992159e-5,-3.100631060193321e-5,-3.663194219266641e-5,-4.483769952779453e-5,-4.170530899778006e-5,-2.8745564867390916e-6,8.270396790425151e-9,-7.812309781565704e-16,2.929675197292545e-9,1.906574851916653e-16,-9.718230632425725e-17,1.980592288145983e-16,-4.596393500301734e-16,4.0663845845827723e-16,2.3995155121601686e-16,-5.164564278318752e-16,-4.642220489847856e-16,4.1759380807993046e-16,5.699688417377158e-16,2.583638578526153e-17,2.3710119718493436e-16,9.525750722633265e-17,1.5989606427039433e-17,-0.0,-0.0,-0.0,-0.0,-0.0,-0.0,-0.0,-0.0,-0.0,-0.0,-0.0,-0.0
-6.383125342879225e-7,4.3077582960127495e-6,-8.558242638199935e-16,3.4045051739513124e-16,-6.873484716175577e-16,-1.8446477457568785e-5,-1.9058484552385401e-7,-1.383206689280682e-6,-1.7014196724135967e-5,3.186262226816325e-15,1.7842823000922412e-6,6.320576781135222e-7,-6.06043268629487e-15,-0.0001388409669604253,-2.484303385551441e-6,-2.4647600999189514e-6,-1.833757336382085e-6,-7.134366751324889e-6,-2.12201134898525e-6,-1.3179494263207198e-6,-1.3544657217576796e-6,-2.336411296423597e-6,-1.0600099140236222e-6,-7.091580507977675e-7,-1.0192209258212886e-6,4.3383179672364046e-8,1.767926297424925e-8,4.0842260223107744e-17,-1.3029790321576925e-17,-1.494295912557788e-16,6.137140880393876e-17,-9.68257550203222e-17,-2.375470279409052e-16,1.796745078605327e-16,2.374550202725173e-16,2.863132500294894e-17,-7.965893009830957e-16,-3.1317824712718564e-17,-2.0542922136545747e-16,1.0560849356941033e-6,1.3583019091693725e-6,3.1668287652761285e-6,1.515334821127092e-6,2.4527810771068667e-6,9.724964565619465e-7,2.9910574723854656e-6,2.054995362740839e-6,1.8480755156848733e-6,2.567781730433232e-6,5.123324461686002e-7,2.2464955425640882e-7,5.998823943144348e-9,-3.4034262822078053e-16,2.125001412293336e-9,1.528696895717508e-16,3.058346548914478e-17,2.921932195827292e-16,-3.739485569130087e-16,3.919182171902321e-16,1.616996383654412e-16,-3.892332504984701e-16,-7.322334154541264e-17,2.061172515092793e-16,5.160026356238804e-16,-4.193330179175654e-16,4.153300229243833e-16,2.9348265332097976e-17,8.142742323286309e-17,-0.0,-0.0,-0.0,-0.0,-0.0,-0.0,-0.0,-0.0,-0.0,-0.0,-0.0,-0.0
-0.0001486151868658646,0.004005395449377915,-8.809679125915775e-16,2.265707787458688e-15,-1.6900619804985474e-15,-0.017382215292892703,0.021905873320066934,-0.0008209104627225869,-0.015882189468525758,-4.410813457907986e-13,-0.0019021809049080162,-0.0006738216536756361,2.929959768091093e-15,-0.007354489945073568,-0.001041316142318,-0.0189091418368737,-7.322712971549049e-6,-0.0010692242484676166,9.085092286065526e-5,0.00011421398835442243,0.0002252857557363443,6.145055002686877e-5,0.00012516451388405042,0.0001708704817774602,-0.0004977925900302171,0.0001730709653238735,7.487829757338379e-6,2.707843508509048e-16,1.4013894447429909e-16,1.4187565626492534e-17,1.3311385804057633e-16,-2.675870026818668e-16,-2.995949893040322e-16,2.7824960513618723e-16,3.3323832814459326e-16,1.1297309607044764e-16,-6.66658005449034e-16,-7.402912938626756e-16,-4.332200713169773e-16,0.004942952251308226,0.00015598634972699646,0.00128282178534085,0.00010939039963980639,2.663997391910458e-5,4.034268626040352e-5,0.00034924488138546593,0.0001366041624106165,-6.827230002479651e-5,0.0012326529666088339,-0.00017481131984129126,3.216478245606547e-5,9.908600589566776e-9,-2.704731080357016e-15,3.509986425407465e-9,6.119073758805046e-17,-3.086399948968914e-16,-1.9376823836593652e-16,-8.432274057886943e-16,2.858690372266886e-16,1.0917116468607269e-16,-1.221950709308431e-15,-1.0344470750617862e-15,4.986382925564689e-16,2.0324589714296937e-16,-3.471493156821185e-16,9.293851594597213e-18,1.0170222369924799e-16,-2.084714936758864e-17,-0.0,-0.0,-0.0,-0.0,-0.0,-0.0,-0.0,-0.0,-0.0,-0.0,-0.0,-0.0
6.036844549896939e-6,-3.250404271103949e-5,-3.53144468044691e-16,1.3036947142053785e-15,-5.773817193323528e-16,0.00014103843528207968,5.469762006958799e-5,7.164190541351429e-6,0.0001271288849518101,1.1811201436053941e-14,-1.8704632653170468e-5,-6.6258611220758134e-6,-9.21891907042075e-16,-0.0006240148575140358,1.8592599468386085e-5,1.4580479875250525e-5,1.29838896246456e-6,8.946265585324528e-5,6.140044373811854e-6,3.8522334532203915e-6,8.522443140123938e-6,1.1941619786580436e-5,7.168195341090631e-6,6.874888345823737e-6,8.606849811296759e-6,5.8605879271597515e-6,-1.1823133035620484e-7,1.1341577656934702e-16,4.769228068810795e-17,-2.813302755609688e-17,5.1858283359688135e-17,-9.977323150125136e-17,-8.649663527637735e-17,9.720064266502515e-17,1.2060026858686825e-16,5.71949400051547e-17,-3.0563037659786383e-16,-2.441221448229321e-16,-1.4476650076086068e-16,-7.219894482149044e-6,-3.5435697651126323e-6,-3.50322839475404e-5,-5.6103055949666205e-6,-9.963989018000551e-6,-7.0506153251329786e-6,-1.846476000978498e-5,-1.5146570835460256e-5,-1.7924878863863063e-5,-2.1924231169323862e-5,-2.0490278892369084e-5,-1.4024423730600737e-6,4.380992925212623e-9,-4.0204915060981103e-16,1.5519069511616918e-9,1.0175417775788753e-16,-4.6216390719137716e-17,1.1265019902485236e-16,-2.455918164203146e-16,2.20453689702931e-16,1.2646421387501362e-16,-2.743389091667959e-16,-2.321871884247594e-16,2.1616832281465534e-16,3.072653996524667e-16,-9.124899220054557e-18,1.3826879097928386e-16,4.839019502907392e-17,1.2106113079298773e-17,0.0,0.0,0.0,0.0,0.0,0.0,0.0,0.0,0.0,0.0,0.0,0.0
1.0395240396757593e-5,-5.619659936379994e-5,-1.2754087033619319e-15,3.6339353893081486e-15,-2.4304646266675305e-15,0.0002435464685306507,9.366053631103349e-5,1.2408433378795345e-5,0.0002206281635383625,1.7134772312042426e-14,-3.358748572525248e-5,-1.1897908928645465e-5,1.781267014094627e-15,-0.0007429084461231353,3.167912155877e-5,2.6234192933952214e-5,3.026415692640474e-6,0.0001524244390202625,9.934681302732687e-6,6.806189028742001e-6,1.5607584538052857e-5,1.9290620595065605e-5,1.3077389875320945e-5,1.2072066201826968e-5,1.494939276364617e-5,1.0028076987033452e-5,-2.0279311667837183e-7,4.389123588620401e-16,1.8022460989101978e-16,8.417870249921134e-17,2.784028816387779e-16,-4.0274088141774674e-16,-2.0710158094508622e-16,3.95360097503734e-16,4.780065458240345e-16,2.042454446003393e-16,-9.317137501491858e-16,-1.2172705596884047e-15,-6.346852600922334e-16,-1.2757514092416664e-5,-6.528754294065929e-6,-5.974410677378793e-5,-9.25967105411868e-6,-1.7441796278023066e-5,-1.2592193607352734e-5,-3.060008150942835e-5,-2.6982744568200308e-5,-3.1297417495283254e-5,-3.7924294184052076e-5,-3.521562920673884e-5,-2.3809116551153235e-6,1.8472009385426058e-8,-1.5700054719389955e-15,6.543457251340706e-9,3.6648681085439873e-16,-2.413240332715396e-16,4.366824354666854e-16,-1.0283236539582942e-15,9.043115836908707e-16,4.545379650591381e-16,-1.1857875356904118e-15,-1.0914149985048887e-15,9.120307566603006e-16,1.2224978528638022e-15,7.012847396667308e-17,5.1540476529171e-16,9.655111992632482e-17,-7.528912283655002e-17,0.0,0.0,0.0,0.0,0.0,0.0,0.0,0.0,0.0,0.0,0.0,0.0
-1.367424687817323e-6,8.23336132793209e-6,-8.13583933090936e-16,1.8384944686799217e-16,-6.184986124807868e-16,-3.548026120477592e-5,-6.7971177745981925e-6,-2.2484324760292917e-6,-3.236739033561805e-5,1.7577683946538226e-15,4.042522828421427e-6,1.4320085993119078e-6,-5.854864789679742e-15,-6.327032773839695e-5,-4.730069784740259e-6,-4.22505421237386e-6,-1.9900847550191723e-6,-1.7940401008795097e-5,-2.8639815360264752e-6,-1.7831051129900026e-6,-2.383207700410445e-6,-3.779468750100469e-6,-1.925311754347318e-6,-1.5393428457150528e-6,-2.058651411109699e-6,-6.64480001738397e-7,3.195938677875451e-8,2.7294227725889777e-17,-1.872954629823791e-17,-1.459502488271628e-16,5.5224567600037674e-17,-8.491766550735701e-17,-2.271362022600702e-16,1.6807537395108154e-16,2.230558633507509e-16,2.178861145562446e-17,-7.599263411114568e-16,-2.3240281457546347e-18,-1.8818214171982314e-16,1.927882500669811e-6,1.7860202262762427e-6,7.3982809623886265e-6,2.1931783682838733e-6,3.6560282877327513e-6,1.823771269836648e-6,5.221913103393259e-6,3.883799114598842e-6,4.0127237476845165e-6,5.215619650529757e-6,2.9871282760941547e-6,3.940533891177938e-7,5.476431913903286e-9,-2.923248470271314e-16,1.9399511655965203e-9,1.406979745309562e-16,3.606580839067008e-17,2.787372794916077e-16,-3.446596563207109e-16,3.6561574850362453e-16,1.4657153384514923e-16,-3.565388283424074e-16,-4.560622701237036e-17,1.803415099334093e-16,4.793192437497357e-16,-4.181784186770504e-16,3.9880134180940547e-16,2.3512006220172184e-17,7.990617083026874e-17,0.0,0.0,0.0,0.0,0.0,0.0,0.0,0.0,0.0,0.0,0.0,0.0
1.0395336119414692e-5,-5.619761848395968e-5,-1.2754083513988315e-15,3.633935298758233e-15,-2.430463936393584e-15,0.00024355090906693329,9.36536389146193e-5,1.2408784710480808e-5,0.00022063210716812971,1.713486366125526e-14,-3.358695721441583e-5,-1.1897721710849093e-5,1.8308599483887338e-15,-0.0007429067968928479,3.167957310946107e-5,2.6234117085189126e-5,3.0308676540641647e-6,0.0001524246774328019,9.934891217532686e-6,6.806152290693715e-6,1.5607539726428496e-5,1.929066045101286e-5,1.3077356601790682e-5,1.2072011654891125e-5,1.4949714049500257e-5,1.002801524151661e-5,-2.0279756446106954e-7,4.3891224437167683e-16,1.802245448757752e-16,8.417867502267259e-17,2.7840282750642944e-16,-4.027407715821528e-16,-2.0710148664546244e-16,3.9535997614296936e-16,4.780064076204846e-16,2.042454070868635e-16,-9.317135124255975e-16,-1.2172702204444798e-15,-6.3468507570754775e-16,-1.2757581135693685e-5,-6.531273456574272e-6,-5.974449863235383e-5,-9.25988122809918e-6,-1.744182574614555e-5,-1.2592239513915885e-5,-3.06002893668374e-5,-2.698283089984073e-5,-3.1297418943913396e-5,-3.792495529090413e-5,-3.5215588593734774e-5,-2.380928362565207e-6,1.847200459686011e-8,-1.570004626572381e-15,6.543455555056589e-9,3.664867589667466e-16,-2.4132392206125196e-16,4.3668244580747184e-16,-1.028323318052566e-15,9.043114139688427e-16,4.545378958292214e-16,-1.185787074843981e-15,-1.0914145867905822e-15,9.120305199053344e-16,1.2224976777016518e-15,7.012855070196176e-17,5.154047231266257e-16,9.655108978038556e-17,-7.528909775990261e-17,-0.0,-0.0,-0.0,-0.0,-0.0,-0.0,-0.0,-0.0,-0.0,-0.0,-0.0,-0.0
-1.3674247917479117e-6,8.233361980849118e-6,-8.135839332483815e-16,1.8384944717115638e-16,-6.184986128458753e-16,-3.5480264017264545e-5,-6.797126756049176e-6,-2.248432509661505e-6,-3.2367392942286006e-5,1.7577715047285499e-15,4.042524300246233e-6,1.4320091206834815e-6,-5.9090062698791426e-15,-6.32703186712163e-5,-4.730070187049825e-6,-4.22505452253352e-6,-1.990084814643577e-6,-1.794040269821788e-5,-2.8639816881044384e-6,-1.7831052060595896e-6,-2.3832078765450353e-6,-3.7794689950044214e-6,-1.9253118982786296e-6,-1.5393429750261415e-6,-2.0586515849752106e-6,-6.644801000608144e-7,3.1959386927972424e-8,2.7294227784139164e-17,-1.872954626370352e-17,-1.4595024880774135e-16,5.522456763271326e-17,-8.491766556261672e-17,-2.271362023234609e-16,1.6807537401175626e-16,2.230558634196017e-16,2.178861147760438e-17,-7.59926341254406e-16,-2.3240283065615004e-18,-1.8818214181527573e-16,1.927882610677114e-6,1.7860202894431796e-6,7.398281448719251e-6,2.1931784622607278e-6,3.656028479720058e-6,1.8237713939855454e-6,5.221913422875469e-6,3.8837993871632e-6,4.0127240585911e-6,5.215620049436301e-6,2.9871286132045717e-6,3.9405341997131494e-7,5.476431929190129e-9,-2.923248466657837e-16,1.939951171233542e-9,1.4069797465175306e-16,3.6065808416013207e-17,2.78737279724668e-16,-3.446596564225641e-16,3.656157487325025e-16,1.4657153397632568e-16,-3.5653882839053984e-16,-4.5606227063920235e-17,1.8034151010314594e-16,4.793192441148225e-16,-4.1817841854934816e-16,3.988013419731642e-16,2.3512006241141642e-17,7.990617081252397e-17,-0.0,-0.0,-0.0,-0.0,-0.0,-0.0,-0.0,-0.0,-0.0,-0.0,-0.0,-0.0
5.196663873239903e-6,-2.8092366895587596e-5,-6.38193962898265e-16,1.817055267095658e-15,-1.2155946573499035e-15,0.0001217476343218825,4.682887369288587e-5,6.20258060473508e-6,0.00011029079159327822,8.56829736742366e-15,-1.6791297704999442e-5,-5.948088300588844e-6,8.399025211201437e-16,-0.00037148866673075015,1.5836222769924204e-5,1.3114365833170886e-5,1.5097683490462804e-6,7.620006503469566e-5,4.965414623423393e-6,3.4019738293972225e-6,7.8022474310059e-6,9.642843204665887e-6,6.53744223878799e-6,6.0350342026703275e-6,7.473173929052395e-6,5.013592988468063e-6,-1.0137339078139465e-7,2.1946992394922363e-16,9.009962435972545e-17,4.199940545030745e-17,1.392333667588323e-16,-2.0141972054098484e-16,-1.0368850536331896e-16,1.9778031034215e-16,2.391366425241036e-16,1.0213467550179937e-16,-4.663159405072265e-16,-6.086284761209786e-16,-3.1745358557251285e-16,-6.377455386008831e-6,-3.2619935654460883e-6,-2.986691739344278e-5,-4.628324784885671e-6,-8.718524490318315e-6,-6.294870494063444e-6,-1.529652935562988e-5,-1.3488765305096022e-5,-1.5646035030512788e-5,-1.8958365112769202e-5,-1.7605762733916674e-5,-1.1901898559369919e-6,9.23923338981066e-9,-7.851713445221577e-16,3.2728723474922667e-9,1.8332706604685688e-16,-1.2063832096474085e-16,2.1850889770577856e-16,-5.143659684628737e-16,4.523735396922642e-16,2.2735564142301446e-16,-5.931041599249588e-16,-5.457281050265546e-16,4.561196455283591e-16,6.1153411380436775e-16,3.4807625989307985e-17,2.5794307207251736e-16,4.82893075951226e-17,-3.759512064424597e-17,-0.0,-0.0,-0.0,-0.0,-0.0,-0.0,-0.0,-0.0,-0.0,-0.0,-0.0,-0.0
5.1967589710598305e-6,-2.8093379644647693e-5,-6.381936130932219e-16,1.8170551772639228e-15,-1.2155939713433145e-15,0.0001217520471179806,4.682201109753691e-5,6.202929858948402e-6,0.0001102947105193472,8.568390112344179e-15,-1.6790771374439313e-5,-5.947901855127283e-6,8.88924003196296e-16,-0.0003714870215267134,1.583667142755403e-5,1.3114290235976329e-5,1.5141942124790725e-6,7.620030100276112e-5,4.965623215008292e-6,3.4019372486280927e-6,7.802202772356154e-6,9.642882675289136e-6,6.53740907068243e-6,6.034979894767054e-6,7.473493226236464e-6,5.013531543357395e-6,-1.0137781201772893e-7,2.194698101652236e-16,9.00995597465048e-17,4.1999378146666964e-17,1.3923331296364754e-16,-2.0141961138265e-16,-1.0368841165505649e-16,1.9778018972947193e-16,2.391365051723095e-16,1.0213463822156364e-16,-4.663157042639618e-16,-6.08628138962742e-16,-3.1745340232643126e-16,-6.377521968575186e-6,-3.2644979420175033e-6,-2.986730665620238e-5,-4.628533670212803e-6,-8.718553666762392e-6,-6.294916054836913e-6,-1.5296735797985624e-5,-1.3488850962183255e-5,-1.56460362776684e-5,-1.895902210204013e-5,-1.7605722149390276e-5,-1.1902064466257987e-6,9.239228638734164e-9,-7.851705038798628e-16,3.2728706644762475e-9,1.8332701453792703e-16,-1.2063821038972714e-16,2.1850890813069888e-16,-5.143656345866988e-16,4.523733711058289e-16,2.2735557267978157e-16,-5.93103701806116e-16,-5.457276957543463e-16,4.561194102646737e-16,6.115339398942038e-16,3.4807702354669844e-17,2.5794303025590895e-16,4.8289277638668723e-17,-3.7595095725407805e-17,-0.0,-0.0,-0.0,-0.0,-0.0,-0.0,-0.0,-0.0,-0.0,-0.0,-0.0,-0.0
-0.0007871470598830284,0.0316657065636916,-7.340492097380778e-15,8.654727871841375e-15,-1.1983697573726467e-14,-0.13760855823027224,0.17486561796947564,-0.005469944302468629,-0.12458064033058942,-3.771079672686721e-12,-0.017034169741157536,-0.006034122408844828,1.6955465843282655e-14,-0.06039661519710795,-0.014800931816468849,-0.007981747510833779,-0.003432727053228796,-0.1586221540637905,-0.00010297618900389746,0.0008677475144547984,0.0016381966245647653,0.0004051011531329162,0.0011224085851435062,0.001267395101064252,-0.001200786437204604,0.0012653511856596633,5.823761092183996e-5,1.9571333070772413e-15,9.736222385190754e-16,5.083736175646257e-16,1.1730429782349305e-15,-1.6982895719879836e-15,-2.1635100592035182e-15,1.9685719813615645e-15,2.258716521213555e-15,8.649981480532907e-16,-4.316309091099481e-15,-5.1891568935791525e-15,-2.673871463685883e-15,0.0039098770331061055,0.0032845237034168358,0.05316517348504857,0.0013657936591101522,1.800572777203773e-5,0.0001907535930700299,0.0024197808211182787,0.00044983699150448616,-0.0006800738602848347,0.005058051045517122,-0.0014948786032406942,0.00012556296922402245,1.9476754341852354e-8,-1.4892027889485997e-14,6.89937318918441e-9,6.275731236678569e-16,-2.0085508608735697e-15,-3.928166967159505e-16,-5.308977356745224e-15,2.6982087232535617e-15,1.1283830509994456e-15,-7.540160965571667e-15,-6.571587343733273e-15,3.670773881237713e-15,2.7206605526626673e-15,-1.4765353530530743e-15,5.842648763736211e-16,6.4047254404809e-16,-4.722691547198937e-16,-0.0,-0.0,-0.0,-0.0,-0.0,-0.0,-0.0,-0.0,-0.0,-0.0,-0.0,-0.0
0.003024577355977763,-0.018999973722583042,2.4048511170772124e-16,-3.455198381383307e-15,4.256033019111797e-15,0.08184411549259056,0.2616021992317544,0.000977800886775032,0.07585739090924283,-9.05999397517524e-11,-0.04286979029021636,-0.015186038778727071,2.7835484636665614e-14,-0.26459184813113557,0.011705684068880642,0.009006709037735532,0.0018859816565709375,0.04903741619190571,0.004423901872980475,0.002703406214548759,0.005122690980964406,0.007116451927171759,0.004186088571189995,0.0037600351888354647,0.005067054496440887,0.00286020263276767,-4.29311994250008e-6,-6.721762957427122e-16,-5.773747971941584e-16,-5.554631172757245e-16,-3.3392208432245834e-16,6.192052644902165e-16,1.0070274047298532e-15,-5.903340922113487e-16,-6.936461043694078e-16,-1.9646655980200794e-16,7.208686988934224e-16,2.1855379103812194e-15,1.1597523778609635e-15,-0.0031952557373834366,-0.0019204045967518687,-0.014111669978558415,-0.002733411505188353,-0.00557885557914199,-0.0036112642546532415,-0.009286469275821536,-0.007928056816162285,-0.009041329365343275,-0.011618580293879549,-0.009807652275512519,-0.0008976923023648601,-3.912425680684918e-7,-1.0555432495879811e-14,-1.3859234670145372e-7,-2.061964309087938e-15,-8.412321198211388e-16,-4.246006293615109e-15,5.707526604823484e-16,-3.470340968136236e-15,-2.121961724447975e-15,-9.062062405131543e-16,-1.170568099506706e-16,-2.4458420420341003e-15,-5.9013453801658316e-15,-3.554102539436952e-15,-2.299132889697323e-15,-3.458363242874479e-16,4.356039607638318e-16,-0.0,-0.0,-0.0,-0.0,-0.0,-0.0,-0.0,-0.0,-0.0,-0.0,-0.0,-0.0
-8.140201493992776e-6,4.7000062450942066e-5,-4.90576000997582e-15,8.611382464091242e-15,-9.005222785207004e-15,-0.00020331451768959677,-4.74367833852997e-5,-1.237404630122697e-5,-0.0001800727562737957,6.566214699161555e-14,1.8905161272799727e-5,6.696895653450269e-6,1.2915184007951588e-15,-0.00039433785193265124,-2.8421214320928942e-5,-1.983965385539988e-5,-7.306383299483263e-6,-0.00011422887625991148,-1.7821362754800263e-5,-8.94315379963165e-6,-1.0037629750324798e-5,-2.593989902394724e-5,-8.339616117081732e-6,-8.203026176748272e-6,-1.1553646696358271e-5,-4.79181311970875e-6,1.861828891551361e-7,1.6708415612203036e-15,7.937995096967572e-16,4.732023514948379e-16,8.861615316506372e-16,-1.4332447779464206e-15,-7.315841233945809e-16,1.4936176558772502e-15,1.5538121195337545e-15,6.91897685038425e-16,-3.5279799722639793e-15,-4.2783097258925456e-15,-2.192581162075624e-15,9.47514975699143e-6,7.888534550835989e-6,4.5873269774459105e-5,1.3475768650231095e-5,1.8989990229624515e-5,8.790742424123234e-6,3.435654381920109e-5,1.9182533356798482e-5,2.226108448770852e-5,2.983099469740844e-5,1.9435991423654235e-5,2.2019275332975227e-6,6.764451837906426e-8,8.323249023141718e-16,2.396214797426624e-8,2.05512242060943e-15,-2.9205807167666253e-16,3.480187658356576e-15,-3.0363179182381005e-15,4.3338688945923164e-15,2.4513900363392403e-15,-2.8531029304722157e-15,-2.6412540479364457e-15,3.719646699729703e-15,6.6076087858939375e-15,1.5843432823464473e-15,2.9844754966799495e-15,3.809246990178159e-16,-3.8884375599723653e-16,-0.0,-0.0,-0.0,-0.0,-0.0,-0.0,-0.0,-0.0,-0.0,-0.0,-0.0,-0.0
-7.278421473347199e-6,4.263614556768432e-5,-4.358797423649847e-15,5.382162454823053e-15,-6.406616760754252e-15,-0.0001841897745298056,-4.0316987117842054e-5,-1.1369651832789895e-5,-0.00016485831215505285,4.1699672724311065e-14,1.849386516142804e-5,6.551199608731003e-6,-9.963535098686793e-15,-0.0003457758085451153,-2.5326536737002735e-5,-1.9366401125867172e-5,-7.915778545716353e-6,-9.986839520977636e-5,-1.568387569609283e-5,-8.502905582583479e-6,-1.0248372371117022e-5,-2.2124828721446024e-5,-8.4150738233967e-6,-7.630450772593111e-6,-1.0545428638167923e-5,-4.032917265590716e-6,1.6767880641642367e-7,1.0293170047356808e-15,4.3128659917618657e-16,1.1498633210280016e-17,6.201247104196508e-16,-9.950007092414133e-16,-8.428192608662806e-16,1.1819655722620827e-15,1.3173756773838488e-15,4.453256581167031e-16,-3.4532317609054096e-15,-2.5124076975361643e-15,-1.6283315661785169e-15,9.085472457472547e-6,7.889299165442543e-6,4.0457358983603324e-5,1.191166652264688e-5,1.782117755994881e-5,8.494104194920155e-6,2.970314275564176e-5,1.8359901582948924e-5,2.0405481637171706e-5,2.704532845713026e-5,1.6883748278089235e-5,2.0123687403561796e-6,4.963772592769158e-8,-4.274215232483668e-17,1.758348709989581e-8,1.4614695336267304e-15,-1.0531748008382235e-16,2.5488522801889026e-15,-2.4079614370205342e-15,3.2073975886937004e-15,1.704514122444547e-15,-2.321964136524904e-15,-1.6311732598526947e-15,2.509466306263071e-15,4.7479625118721376e-15,1.6718033586621937e-16,2.4767932602777133e-15,2.6617897676979475e-16,-8.238247167516787e-17,0.0,0.0,0.0,0.0,0.0,0.0,0.0,0.0,0.0,0.0,0.0,0.0
0.0007627519063538369,0.011355867928856166,-2.689393454403022e-15,1.6605917128954026e-15,-2.1653146228557944e-15,-0.049645599444248255,0.2128917215368251,-0.002905587329974707,-0.04422433047226355,-3.94101849269907e-11,-0.027861356859809096,-0.009869505841683253,1.4204783272302376e-14,-0.14485266547349385,-0.004150109778378987,-0.0011348661593847354,-0.0012995073228971221,-0.07579062947466039,0.0017532160305044077,0.0016332576454971062,0.0030878623082548134,0.0031626279521779744,0.0023924719484019973,0.0023054423101251825,0.001349429786766641,0.0019346870407857453,3.3453014735109894e-5,2.9827088563471044e-16,5.886794733484917e-17,-7.916539609090231e-17,2.3680188953547425e-16,-2.466936837548119e-16,-6.064571048701902e-16,3.9638980364524933e-16,4.95951834528076e-16,1.8979535046286152e-16,-9.65341022113368e-16,-6.842548736000313e-16,-3.2916462951424846e-16,0.0010548557405968256,0.0011973563756137394,0.02635602368227368,-0.00029588085936038043,-0.002276012954353925,-0.0013633631578771645,-0.002343315941530007,-0.0029744476455455214,-0.004112688077221352,-0.001700913808939096,-0.004916096618758919,-0.0002918767692958574,-1.7346794542475294e-7,-1.3607983563915469e-14,-6.144865582187661e-8,-1.227609784012383e-15,-1.4555316267960954e-15,-3.2672529856187764e-15,-1.845395269936525e-15,-1.3972952755762804e-15,-1.0899486069349716e-15,-3.867352299181916e-15,-3.0583333698096663e-15,-1.5435999124686771e-16,-3.22224055269298e-15,-2.9011449609411382e-15,-1.7101884630574406e-15,1.165775209760167e-16,2.262867320862621e-17,-0.0,-0.0,-0.0,-0.0,-0.0,-0.0,-0.0,-0.0,-0.0,-0.0,-0.0,-0.0
-4.965638614861907e-6,2.890290286594051e-5,-2.982107683165489e-15,4.373548680382198e-15,-4.868939199478143e-15,-0.00012493539329018295,-2.8140993907347583e-5,-7.664323906355169e-6,-0.00011130777479284639,3.359913569111096e-14,1.2135877822289943e-5,4.298969272737325e-6,-3.4393038112824557e-15,-0.0002379655367568232,-1.730478182435749e-5,-1.271996383054442e-5,-4.981811090205436e-6,-6.882075813158741e-5,-1.0776109360352213e-5,-5.6476830097572845e-6,-6.606353548899419e-6,-1.5418062713209026e-5,-5.450979536314289e-6,-5.1162403071697895e-6,-7.129456421336668e-6,-2.827591402369571e-6,1.1403210457989063e-7,8.429064442609815e-16,3.7854701019945116e-16,1.324545461635941e-16,4.75212806147801e-16,-7.655684532262111e-16,-5.178833270877817e-16,8.528642304768673e-16,9.205465934883447e-16,3.562911275853362e-16,-2.26549369368361e-15,-2.1115555482103073e-15,-1.2114628092014267e-15,6.012773734897161e-6,5.129344212086775e-6,2.7771038927528585e-5,8.168243823614909e-6,1.1903554006695282e-5,5.6030867453401475e-6,2.057234130446136e-5,1.2160120058119197e-5,1.3769751943683075e-5,1.8338678651253832e-5,1.1668525713595863e-5,1.359735540520112e-6,3.714824719898921e-8,2.0908069270113104e-16,1.315925977544925e-8,1.1109297752641048e-15,-1.1902514880287825e-16,1.9093432570595006e-15,-1.735724167286352e-15,2.390344679170615e-15,1.3104310035462706e-15,-1.6534937139118164e-15,-1.3339921689649642e-15,1.959215203187745e-15,3.5904686926773746e-15,4.923099384123658e-16,1.747812775950707e-15,2.0412760555860376e-16,-1.3652011902343351e-16,0.0,0.0,0.0,0.0,0.0,0.0,0.0,0.0,0.0,0.0,0.0,0.0
-0.00020586691432575568,0.0024102477202986756,-1.2184027277356753e-15,2.0667852150364993e-15,-2.2395847254717044e-15,-0.010540275828402211,0.022717232502336912,-0.0008916590524498094,-0.009145003414044072,-1.4926576991968572e-12,-0.0022076069802519165,-0.0007820146770794201,3.7367140538914074e-15,-0.008602050891326483,-0.0012014097714877865,0.00037171252649610914,-0.0014687220882051524,0.0010210999967206315,-0.013404831260265582,0.0001395008379657497,0.00030683137790693294,0.00010248899756047738,1.986859854677933e-5,0.00020252766055964798,-0.00039830704672346015,0.00020741826881681273,1.1981121680413576e-5,3.8091391337243707e-16,1.72251905364475e-16,6.056452853783346e-17,2.3848241829684017e-16,-3.7865951208146596e-16,-1.5628990755688327e-16,3.8237526186216876e-16,4.495988079385993e-16,1.808917521974634e-16,-8.957995205928189e-16,-1.1235647550505115e-15,-5.589719612118204e-16,0.00011158176415754566,0.0010615625018965248,0.0005038169009885327,0.008290484059197361,-1.5931016560721138e-5,2.0804881845620497e-6,0.0002760217244847123,0.0002827095361252109,-0.00014647465661212064,0.0010384599715707393,-0.0002672489525485648,2.758002076542963e-5,6.335743058276163e-9,-2.450105283207411e-15,2.2443503398485716e-9,2.4027259709952227e-16,-3.393446746481224e-16,1.0720175159814594e-16,-1.0149884709415089e-15,6.919451324311203e-16,2.9603871431079585e-16,-1.3136797334373385e-15,-1.1970274941975266e-15,7.82272044482811e-16,7.456139945783793e-16,-1.3090561231290045e-16,3.0172133851462196e-16,1.1708211814890723e-16,-8.613379282539944e-17,-0.0,-0.0,-0.0,-0.0,-0.0,-0.0,-0.0,-0.0,-0.0,-0.0,-0.0,-0.0
-1.3738120963548286e-6,8.267882323901286e-6,-8.127982665268456e-16,1.8161252743350225e-16,-6.170021182346686e-16,-3.562987115899404e-5,-6.85387421848045e-6,-2.2560655077801718e-6,-3.250291560415507e-5,1.7469144905258732e-15,4.063048594144479e-6,1.4392795719826614e-6,-5.887542381276806e-15,-6.281388230206486e-5,-4.749526439891451e-6,-4.241168486819468e-6,-1.9919425370518227e-6,-1.803404346108151e-5,-2.870080182606608e-6,-1.7872840405789254e-6,-2.3927955175747948e-6,-3.7913158671124374e-6,-1.9333456827645464e-6,-1.5467596738241752e-6,-2.0678347635188525e-6,-6.706423782621789e-7,3.208417695296854e-8,2.7024043318895926e-17,-1.884046706309764e-17,-1.4600195437736705e-16,5.5053161370305035e-17,-8.4669702245829e-17,-2.2700854932699267e-16,1.6783189046760892e-16,2.227614672877319e-16,2.166287666990004e-17,-7.593522701745409e-16,-1.5747594693959627e-18,-1.8779133026341875e-16,1.935722938239743e-6,1.7900326346735397e-6,7.435002194830579e-6,2.198867544504428e-6,3.666742685570491e-6,1.8315086110139343e-6,5.240713240263029e-6,3.900378185696273e-6,4.031954704852429e-6,5.238920477888778e-6,3.0087691479076092e-6,3.955155945436831e-7,5.465056462669997e-9,-2.9135828751040426e-16,1.935921567502846e-9,1.4047227924644111e-16,3.621431853118637e-17,2.7846826407606943e-16,-3.4402643432725044e-16,3.6505883382257774e-16,1.4629163590812643e-16,-3.558086792560212e-16,-4.4934400462891525e-17,1.7977998736157477e-16,4.785663816378892e-16,-4.182212787272027e-16,3.9848378728701473e-16,2.345255816241797e-17,7.995245376934612e-17,-0.0,-0.0,-0.0,-0.0,-0.0,-0.0,-0.0,-0.0,-0.0,-0.0,-0.0,-0.0
-3.683137370651971e-6,2.115230023997571e-5,-6.257460306698879e-16,2.0029279076647674e-15,-1.4079860343313512e-15,-9.13075902134269e-5,-2.392700435090976e-5,-5.3641820509212865e-6,-8.249967467458273e-5,5.3971696124842356e-14,1.0511592479787994e-5,3.723588335410933e-6,9.18616745545076e-16,0.0006311954633598581,-1.2216546749029195e-5,-1.015816435612901e-5,-3.376558830630121e-6,-5.100681909415086e-5,-6.303198270884254e-6,-3.775500355919646e-6,-5.665021327411412e-6,-9.292353539469401e-6,-4.644038907770345e-6,-4.0768143872281046e-6,-5.3656032264523744e-6,-2.484705060114498e-6,8.063894956596137e-8,2.4771884743285736e-16,9.364310549929699e-17,3.4958014484063945e-17,1.777643870128923e-16,-2.339800434640419e-16,-6.924277699219575e-17,2.297215432726666e-16,2.756021015212869e-16,1.362177654068143e-16,-6.256516464868679e-16,-6.779017908822218e-16,-3.3041669097490153e-16,4.666244217075329e-6,3.595714002649535e-6,2.0423787068483793e-5,4.996396835573756e-6,8.226085881591444e-6,4.533569620750029e-6,1.3224142815719277e-5,9.694422129681705e-6,1.0740051448675692e-5,1.3581011977612921e-5,9.727611651719906e-6,9.066244638630385e-7,1.0803422506284569e-8,-3.663247501410614e-16,3.826965042019897e-9,2.9472137262216895e-16,-9.47292107349667e-17,4.2335634555052897e-16,-5.107715224592656e-16,6.631397178960108e-16,3.3361889452921593e-16,-5.053891218085513e-16,-4.820854559264894e-16,5.522463928434342e-16,8.894206954601649e-16,1.7923549822013286e-16,4.411455678695327e-16,8.677063808066413e-17,-5.923097738950217e-17,-0.0,-0.0,-0.0,-0.0,-0.0,-0.0,-0.0,-0.0,-0.0,-0.0,-0.0,-0.0
-1.373822448612228e-6,8.267947368527633e-6,-8.127982822238463e-16,1.81612557625693e-16,-6.170021546378267e-16,-3.563015134351274e-5,-6.854768502149174e-6,-2.2560688675415765e-6,-3.250317528976047e-5,1.7472242027869774e-15,4.0631951567321195e-6,1.4393314897915749e-6,-5.915753221070829e-15,-6.281297934661485e-5,-4.749566509011935e-6,-4.241199356919944e-6,-1.9919489608972646e-6,-1.8034211760921082e-5,-2.8700948490348475e-6,-1.787293308658967e-6,-2.3928130611449426e-6,-3.791340258137394e-6,-1.9333600108199986e-6,-1.546772550125238e-6,-2.067852098635056e-6,-6.706521682342143e-7,3.208419189032028e-8,2.7024049127453862e-17,-1.884046361970131e-17,-1.4600195244129832e-16,5.5053164628031424e-17,-8.466970775571102e-17,-2.270085556469224e-16,1.6783189651781333e-16,2.227614741532317e-16,2.1662878861216972e-17,-7.5935228442636e-16,-1.5747755046395393e-18,-1.8779133978103407e-16,1.9357338909922854e-6,1.790039190902762e-6,7.435050655952857e-6,2.1988766170295327e-6,3.666761806762403e-6,1.8315209779328411e-6,5.2407450636537665e-6,3.900405324339984e-6,4.031985667220784e-6,5.2389602375334535e-6,3.008802718656112e-6,3.955186675630891e-7,5.465057969135837e-9,-2.913582515560913e-16,1.9359221011547685e-9,1.4047229128215762e-16,3.621432105026649e-17,2.784682872918393e-16,-3.4402644449017985e-16,3.6505885663078697e-16,1.4629164897876474e-16,-3.5580868407391935e-16,-4.493440561847459e-17,1.7978000428176114e-16,4.785664180151821e-16,-4.182212660099743e-16,3.9848380360241406e-16,2.3452560252803548e-17,7.995245200051369e-17,-0.0,-0.0,-0.0,-0.0,-0.0,-0.0,-0.0,-0.0,-0.0,-0.0,-0.0,-0.0
-0.00020410872335956633,0.0024001184781908586,-9.07941933140839e-16,1.0829619579741586e-15,-1.532921848347877e-15,-0.010496562926629099,0.02272841973581984,-0.000889074495679487,-0.009105502878807164,-1.5190872995147087e-12,-0.0022126137969178655,-0.0007837882736273107,3.1290366381389244e-15,-0.008918433691640863,-0.001195558927330092,0.0003765964782679513,-0.001467043876706519,0.00104534718948581,-0.01340175862907395,0.00014133806734115709,0.0003095515278309966,0.00010696591353600694,2.2095692876719186e-5,0.00020447196741324252,-0.0003957424151900219,0.00020857763177928868,1.1942436013977407e-5,2.566488117901925e-16,1.2513161044501757e-16,4.307559632691002e-17,1.491851233831409e-16,-2.6132034766815893e-16,-1.2129541732236746e-16,2.67171880279982e-16,3.112702835066524e-16,1.126215364302632e-16,-5.816579459956771e-16,-7.835684896640789e-16,-3.931548260267824e-16,0.00010934682957071305,0.001059809341587141,0.0004940954825147856,0.008288059936149558,-1.9910655360786717e-5,-9.147500771855494e-8,0.00026966858761852565,0.00027806668774971654,-0.00015159889149932138,0.001031971655544258,-0.0002718249226885853,2.714632044053196e-5,9.181267902442681e-10,-2.26703305734128e-15,3.25233684363152e-10,9.228019394148761e-17,-2.919288394724619e-16,-1.0549184295287246e-16,-7.587420450397799e-16,3.5913416398630207e-16,1.2858105467992146e-16,-1.0602110171128276e-15,-9.55374003266765e-16,5.050887567829929e-16,2.9893090856384785e-16,-2.2088759635875398e-16,8.015194175423889e-17,7.382522975930219e-17,-5.657299917820789e-17,0.0,0.0,0.0,0.0,0.0,0.0,0.0,0.0,0.0,0.0,0.0,0.0
-1.8415687110118584e-6,1.0576150274585414e-5,-3.128730305304999e-16,1.0014639572276148e-15,-7.039930287007114e-16,-4.5653795772935745e-5,-1.1963502303607693e-5,-2.6820910676353853e-6,-4.1249837945061304e-5,2.69858480951015e-14,5.255796315863953e-6,1.8617941946168285e-6,4.588422565060833e-16,0.0003155977305056165,-6.108273463308606e-6,-5.079082257357736e-6,-1.6882794525581763e-6,-2.5503409884231343e-5,-3.151599189103154e-6,-1.887750211374893e-6,-2.8325107084406078e-6,-4.646176840618324e-6,-2.322019490031336e-6,-2.0384072225324534e-6,-2.6828016518557706e-6,-1.2423525425949445e-6,4.031947538272432e-8,1.2385942422164266e-16,4.6821552397415055e-17,1.7479004512466553e-17,8.888219453567817e-17,-1.1699002331494412e-16,-3.4621392740110183e-17,1.14860774774007e-16,1.3780105492524488e-16,6.810888310839608e-17,-3.1282583743979444e-16,-3.389508954705227e-16,-1.6520834899827048e-16,2.333122144726299e-6,1.7978570347900248e-6,1.0211893673258508e-5,2.498198458895742e-6,4.113043009346058e-6,2.2667848446156914e-6,6.6120715058392056e-6,4.8472111377614725e-6,5.370025799717353e-6,6.790506086773357e-6,4.863805882108445e-6,4.5331223932678377e-7,5.401711355057083e-9,-1.8316238051757397e-16,1.9134825570967136e-9,1.4736068893725605e-16,-4.736460469043817e-17,2.116781779813192e-16,-2.5538576766132153e-16,3.3156986577289397e-16,1.6680944999957255e-16,-2.526945675562393e-16,-2.4104272880329157e-16,2.7612319978275087e-16,4.447103566770288e-16,8.961774129124637e-17,2.205727913845567e-16,4.338531947878275e-17,-2.961548720000612e-17,-0.0,-0.0,-0.0,-0.0,-0.0,-0.0,-0.0,-0.0,-0.0,-0.0,-0.0,-0.0
2.8634877751721425e-6,-1.5225988206133735e-5,-9.354250502674412e-16,2.18107662517506e-15,-2.0787041551164876e-15,6.645898315460056e-5,2.7896760530163482e-5,3.2304887638927463e-6,6.0553100918516194e-5,-9.735875576910625e-14,-1.0037605658838832e-5,-3.5556849648124263e-6,2.8607669185908636e-15,-1.755445175758098e-5,8.36837441784848e-6,7.452961864472034e-6,5.429266304511577e-7,4.237290909140594e-5,1.882021902668967e-6,1.616738438521955e-6,4.592035098765108e-6,4.344769808013253e-6,3.851355926520105e-6,3.462601544281715e-6,4.161896249388337e-6,3.005772815751893e-6,-5.3831167209833346e-8,3.246352228877606e-16,1.1588992647113138e-16,7.245263648891161e-17,1.95738459502229e-16,-2.8134625452184874e-16,-1.0087739502166064e-16,2.627163417971561e-16,3.18496705871068e-16,1.7938542265481778e-16,-7.675712671818383e-16,-1.1444578663603635e-15,-3.655158356656522e-16,-3.609349272361081e-6,-1.650818388725925e-6,-1.6560662111577578e-5,-2.032685659021702e-6,-4.4401018473087576e-6,-3.612443652119905e-6,-7.541750572264732e-6,-7.75136919587902e-6,-8.886731125209095e-6,-1.0672285973153568e-5,-1.0350438906094173e-5,-6.263715459227906e-7,1.2687965720578457e-8,-8.667389298465868e-16,4.49453874001436e-9,2.756510618839147e-16,-1.6842061695040403e-16,3.079365116936497e-16,-6.589136232037486e-16,6.538872515084023e-16,3.5643589060093193e-16,-7.614035451308569e-16,-7.032373350109763e-16,6.2253103285311e-16,8.942196390160984e-16,1.2527750948358137e-16,3.8638563458754585e-16,1.0968146806971555e-16,-3.0017348205527447e-17,-0.0,-0.0,-0.0,-0.0,-0.0,-0.0,-0.0,-0.0,-0.0,-0.0,-0.0,-0.0
-1.3738223797563683e-6,8.267946973069038e-6,-8.12798270525268e-16,1.8161252018014637e-16,-6.170021283149539e-16,-3.563014963643375e-5,-6.8547680548786895e-6,-2.2560687671841206e-6,-3.250317374735594e-5,1.7472231937529417e-15,4.063194960182502e-6,1.4393314201851e-6,-5.86909366197916e-15,-6.281299114709152e-5,-4.749566280615961e-6,-4.241199166975651e-6,-1.991948897769133e-6,-1.803421080728822e-5,-2.8700947311942843e-6,-1.787293238074961e-6,-2.3928129552358532e-6,-3.791340084415319e-6,-1.9333599239988106e-6,-1.5467724739091433e-6,-2.067851998321029e-6,-6.706521217844722e-7,3.2084190382745005e-8,2.7024044496249285e-17,-1.8840465370397328e-17,-1.4600195309485267e-16,5.505316130465412e-17,-8.466970338135861e-17,-2.270085543523986e-16,1.6783189222307495e-16,2.2276146900073744e-16,2.1662876314570724e-17,-7.593522727295476e-16,-1.5747628309888289e-18,-1.8779133360375985e-16,1.93573380375081e-6,1.7900391236766992e-6,7.435050274130779e-6,2.1988765236193157e-6,3.666761652975636e-6,1.8315208931784506e-6,5.2407448164269355e-6,3.900405143098762e-6,4.031985466436273e-6,5.238959983649266e-6,3.0088025367909282e-6,3.955186506141627e-7,5.465057768734603e-9,-2.9135824470749298e-16,1.9359220300821058e-9,1.4047228577222262e-16,3.621432282126842e-17,2.7846827937702257e-16,-3.4402643494109713e-16,3.65058844233122e-16,1.4629164274162453e-16,-3.558086746254611e-16,-4.493439660568817e-17,1.7977999395729003e-16,4.785664013871029e-16,-4.182212693608531e-16,3.984837953550191e-16,2.3452558630591196e-17,7.995245310786133e-17,0.0,0.0,0.0,0.0,0.0,0.0,0.0,0.0,0.0,0.0,0.0,0.0
2.8636597461690086e-6,-1.5226582814048273e-5,-9.354248618455934e-16,2.1810764785785454e-15,-2.078703869735834e-15,6.646157912877327e-5,2.78895959542632e-5,3.2309698550139833e-6,6.055537685913614e-5,-9.735850897975433e-14,-1.0037111486807686e-5,-3.5555099111193573e-6,2.867975875545429e-15,-1.755276729064536e-5,8.368662948511705e-6,7.4529042632378385e-6,5.429555234512542e-7,4.2374094982356776e-5,1.881982726110379e-6,1.6188655461076207e-6,4.5919410978936235e-6,4.344722086652904e-6,3.851307903790609e-6,3.462525711941004e-6,4.1620209538150645e-6,3.0056884109235666e-6,-5.3837914446408665e-8,3.2463517572698356e-16,1.1588990203430123e-16,7.245262395119586e-17,1.9573843647445956e-16,-2.8134620704175166e-16,-1.0087735881247641e-16,2.627162943310862e-16,3.1849664961967784e-16,1.793854091849062e-16,-7.675711682349111e-16,-1.1444577284734744e-15,-3.6551576329549064e-16,-3.6094546433092846e-6,-1.6509253981844746e-6,-1.6561400139394915e-5,-2.0327382851146954e-6,-4.443437188482201e-6,-3.612490509357098e-6,-7.5419015653031e-6,-7.751481092396947e-6,-8.886724161864115e-6,-1.0672756607283162e-5,-1.035039116822763e-5,-6.264007153334512e-7,1.2687966162930303e-8,-8.66738227552663e-16,4.494538896789603e-9,2.7565108218050606e-16,-1.6842053519724255e-16,3.079366182791545e-16,-6.589134547707416e-16,6.538872438791477e-16,3.5643590563692346e-16,-7.61403271644844e-16,-7.032371006109516e-16,6.22530957024241e-16,8.942196895137462e-16,1.2527761321349624e-16,3.8638568190623385e-16,1.0968145800064697e-16,-3.001734199401145e-17,-0.0,-0.0,-0.0,-0.0,-0.0,-0.0,-0.0,-0.0,-0.0,-0.0,-0.0,-0.0
-1.3738223797560248e-6,8.267946973062971e-6,-8.127982705252655e-16,1.8161252018013868e-16,-6.170021283149498e-16,-3.5630149636409996e-5,-6.854768054893283e-6,-2.2560687671868934e-6,-3.250317374734592e-5,1.747223193753695e-15,4.063194960219645e-6,1.4393314201721548e-6,-5.897057579622171e-15,-6.281299114707542e-5,-4.74956628062017e-6,-4.241199166961166e-6,-1.991948897765709e-6,-1.8034210807298325e-5,-2.870094731191883e-6,-1.7872932380749576e-6,-2.392812955235162e-6,-3.791340084413755e-6,-1.933359923997438e-6,-1.546772473909019e-6,-2.0678519983181086e-6,-6.706521217847797e-7,3.2084190382811576e-8,2.7024044496248555e-17,-1.884046537039779e-17,-1.4600195309485274e-16,5.5053161304653744e-17,-8.466970338135785e-17,-2.2700855435239813e-16,1.6783189222307416e-16,2.2276146900073656e-16,2.166287631457031e-17,-7.593522727295454e-16,-1.5747628309870748e-18,-1.8779133360375862e-16,1.9357338037579893e-6,1.7900391236767098e-6,7.43505027413982e-6,2.198876523618836e-6,3.666761652980924e-6,1.8315208931805174e-6,5.24074481642495e-6,3.9004051431001605e-6,4.031985466440659e-6,5.23895998363167e-6,3.008802536792939e-6,3.955186506132715e-7,5.4650577672148485e-9,-2.913582447074894e-16,1.9359220296462875e-9,1.4047228577222176e-16,3.621432282126862e-17,2.784682793770214e-16,-3.4402643494109486e-16,3.650588442331198e-16,1.462916427416237e-16,-3.5580867462545905e-16,-4.493439660568652e-17,1.7977999395728857e-16,4.785664013870993e-16,-4.182212693608529e-16,3.9848379535501854e-16,2.345255863059114e-17,7.995245310786113e-17,0.0,0.0,0.0,0.0,0.0,0.0,0.0,0.0,0.0,0.0,0.0,0.0
1.4316579020939607e-6,-7.612696799118127e-6,-4.677126168526391e-16,1.0905383788848012e-15,-1.0393522180919587e-15,3.3228193590238276e-5,1.3951962553080258e-5,1.6150038364334167e-6,3.0275412488975435e-5,-4.867950127926676e-14,-5.0190499154303694e-6,-1.7779300092567072e-6,1.4313501005773058e-15,-8.778068112369335e-6,4.184042943590214e-6,3.7265097328609624e-6,2.7144886872553754e-7,2.1185861600253594e-5,9.410305396158274e-7,8.073056654555033e-7,2.296064549821592e-6,2.172408764691349e-6,1.9257019746256992e-6,1.7313386882979068e-6,2.080885772480033e-6,1.5029286102925392e-6,-2.691220997506787e-8,1.6231763502426815e-16,5.794497545398068e-17,3.6226324513312894e-17,9.786924126499895e-17,-1.4067315100097338e-16,-5.0438715615420994e-17,1.3135819463161192e-16,1.5924838106122866e-16,8.969271806236507e-17,-3.8378568306438295e-16,-5.722290021236284e-16,-1.8275795401790568e-16,-1.804621950709725e-6,-8.253556896364062e-7,-8.279962041903889e-6,-1.0163165164682662e-6,-2.2183832530765556e-6,-1.806198397450752e-6,-3.7707997896265498e-6,-3.875628649686407e-6,-4.443369044300112e-6,-5.33590766952512e-6,-5.175243321995835e-6,-3.1317118827071127e-7,6.343982638761596e-9,-4.3336981607026757e-16,2.247269291546998e-9,1.378255207936632e-16,-8.421034935178158e-17,1.5396820255407197e-16,-3.2945689581837816e-16,3.2694362956882695e-16,1.7821793778247129e-16,-3.807019093084353e-16,-3.516187847054993e-16,3.112655543409871e-16,4.471097942592233e-16,6.263870287683721e-17,1.9319279363442932e-16,5.484073906939292e-17,-1.5008677208522127e-17,-0.0,-0.0,-0.0,-0.0,-0.0,-0.0,-0.0,-0.0,-0.0,-0.0,-0.0,-0.0
1.431829873085002e-6,-7.6132914070103265e-6,-4.677124309227978e-16,1.0905382392892782e-15,-1.0393519348679193e-15,3.323078956432959e-5,1.3944797977123392e-5,1.61548492752843e-6,3.0277688429518255e-5,-4.867925448987747e-14,-5.018555743421206e-6,-1.777754955562434e-6,1.4290895881486071e-15,-8.776383645340179e-6,4.184331474254672e-6,3.72645213161965e-6,2.714777617259969e-7,2.1187047491156446e-5,9.409913630547897e-7,8.094327730359147e-7,2.295970548946436e-6,2.172361043324875e-6,1.9256539518929167e-6,1.731262855968065e-6,2.0810104769033826e-6,1.5028442054618434e-6,-2.6918957221247058e-8,1.6231758786349215e-16,5.794495101715092e-17,3.62263119755982e-17,9.786921823722994e-17,-1.4067310352087617e-16,-5.043867940623855e-17,1.3135814716554338e-16,1.5924832480983927e-16,8.969270459245317e-17,-3.837855841174558e-16,-5.722288642367388e-16,-1.8275788164774566e-16,-1.8047273216544132e-6,-8.254626990933606e-7,-8.280700069690827e-6,-1.016369142556723e-6,-2.2217185942419598e-6,-1.8062452546785304e-6,-3.7709507826507813e-6,-3.875740546198889e-6,-4.443362080948217e-6,-5.336378303640103e-6,-5.175195584114324e-6,-3.132003576654196e-7,6.343983081538723e-9,-4.3336911377633197e-16,2.2472694484105014e-9,1.378255410902532e-16,-8.421026759862161e-17,1.539683091395775e-16,-3.2945672738537144e-16,3.2694362193957466e-16,1.782179528184621e-16,-3.807016358224226e-16,-3.516185503054773e-16,3.1126547851212136e-16,4.47109844756874e-16,6.263880660674855e-17,1.9319284095311712e-16,5.484072900032364e-17,-1.500867099700594e-17,0.0,0.0,0.0,0.0,0.0,0.0,0.0,0.0,0.0,0.0,0.0,0.0
2.0012534930246838e-6,-1.0450898248834437e-5,9.132051590691713e-16,-1.313594112219647e-16,1.6319041636987485e-15,4.6498674888167305e-5,1.808324130650118e-5,2.380483812635829e-6,4.0405659429147636e-5,-2.866223137329835e-13,-4.814460691399714e-6,-1.705457064741474e-6,-8.41459789866049e-16,7.421497515132436e-5,6.473914906676089e-6,3.6396263051870103e-6,-1.4186397064566611e-7,3.103710017629588e-5,2.9951286607653524e-6,1.2324581674862056e-6,1.8190961701676072e-6,5.599879575778735e-6,1.6193298856491307e-6,2.012313197282185e-6,2.731252437070772e-6,1.908096854755955e-6,-4.06583535643806e-8,-2.6504991190904867e-16,-1.457366989419709e-16,-1.78134700297881e-16,-1.2675590063465054e-16,2.570335547143286e-16,2.4237349412836273e-16,-2.610541854217579e-16,-3.0230415838949643e-16,-7.94924269848233e-17,4.874653552729603e-16,8.130605899579241e-16,4.1163714799166943e-16,-2.0505721362365514e-6,-8.951059058487442e-7,-1.2205462435316616e-5,-2.4830715526845146e-6,-3.2082211508330822e-6,-1.8438225653962882e-6,-7.707632449417028e-6,-4.158507289205089e-6,-5.4626169193932665e-6,-7.4659231319936045e-6,-6.578343663970229e-6,-5.190271723489369e-7,-1.212951305797922e-8,-1.3473855530976408e-15,-4.296714624273348e-9,-4.937953999174774e-16,5.885305306201502e-18,-9.405660618540443e-16,4.747816381453008e-16,-9.863376019438673e-16,-5.53864590365689e-16,3.7653782952625e-16,3.551090704373254e-16,-7.935171959893902e-16,-1.5226039028584308e-15,-5.810178572262066e-16,-6.108947253421639e-16,-2.2142666416563085e-17,9.652720531341591e-17,-0.0,-0.0,-0.0,-0.0,-0.0,-0.0,-0.0,-0.0,-0.0,-0.0,-0.0,-0.0
-1.3697528793945995e-6,8.246704295128413e-6,-8.109428147720231e-16,1.8134615397235473e-16,-6.136795630343223e-16,-3.5535626137670715e-5,-6.817950627817645e-6,-2.251233212093485e-6,-3.242104890685879e-5,1.1627841823803933e-15,4.053411089780065e-6,1.4358656174688454e-6,-5.880612262619109e-15,-6.266217412145069e-5,-4.7364042363881755e-6,-4.233812368668862e-6,-1.9922545114251206e-6,-1.797107077987758e-5,-2.8640108862132176e-6,-1.7847947843286905e-6,-2.3891232507600617e-6,-3.779952431698194e-6,-1.9300737957636204e-6,-1.542681840174437e-6,-2.0622996450036376e-6,-6.667668103062476e-7,3.2001546835697785e-8,2.648380122384625e-17,-1.9137792508709263e-17,-1.463663861766474e-16,5.4795144105106325e-17,-8.414627912197396e-17,-2.265161909757911e-16,1.6730095156620343e-16,2.221468657994401e-16,2.1500960491173766e-17,-7.583645072937456e-16,8.314115722696046e-20,-1.8695350199879522e-16,1.9315683462353524e-6,1.7882285895482151e-6,7.410223022002134e-6,2.193831312145057e-6,3.660249824028621e-6,1.8277761652400177e-6,5.225071119719896e-6,3.891957496121298e-6,4.0208796806252525e-6,5.223779143268297e-6,2.9954132734950983e-6,3.94463543128123e-7,5.4403692286385475e-9,-2.941080966844813e-16,1.9271764512169908e-9,1.3946653665447342e-16,3.622662061348846e-17,2.765526492666003e-16,-3.430611264526566e-16,3.6305059130580747e-16,1.4516345389445367e-16,-3.5504379233586665e-16,-4.4210660043725444e-17,1.7816340266306778e-16,4.754655754992572e-16,-4.1940945673356547e-16,3.972413844829746e-16,2.3407599739516146e-17,8.014993810176181e-17,-0.0,-0.0,-0.0,-0.0,-0.0,-0.0,-0.0,-0.0,-0.0,-0.0,-0.0,-0.0
-0.0006892642323649343,0.004254835747195526,-4.655705666198605e-16,2.1086594197767594e-15,-1.042132603202288e-15,-0.018553960694169196,-0.00015988426580108958,0.031077408420764546,-0.016353531237024398,-5.136572827423889e-13,-0.002047333456663863,-0.0007252399663108824,-1.7782598895039373e-15,-0.006056928515825188,-0.0013149362597511247,0.0003976631100091858,8.323823668598173e-5,6.982811110785581e-5,0.000124318618763596,4.604800813168344e-5,-0.020481482788372772,-0.0005096825355307029,8.451306039127065e-5,6.951021961614166e-5,-0.0009086622294170009,0.00033803809865205205,2.684233191087375e-5,1.7592829968261048e-16,1.0073825262387179e-16,-3.540923068310814e-17,1.0499747146977353e-16,-1.6413584027485748e-16,-1.8485721923824667e-16,1.9007404004784078e-16,2.1022608406795629e-16,7.85134892318705e-17,-4.040476256982987e-16,-4.290951849973671e-16,-2.4041907734441744e-16,0.0004142717595873855,0.00033390024443633644,0.00168369816961158,0.00026882866230972934,0.000495555888517367,0.01017161159456317,0.0015352834220926758,0.0007052141373359289,0.0005670463419796643,0.0026487558057691975,-0.0001240264026192507,0.0001287330566388475,3.313585069793086e-9,2.5276417837828238e-15,1.173792498097815e-9,4.701469165589078e-16,2.3186799117464986e-16,1.0352918840859719e-15,-1.2204262421400123e-16,8.693341495039351e-16,6.0407539484383935e-16,2.81682839738241e-16,1.333276939341062e-16,5.260450082059159e-16,1.4974861366012694e-15,6.626981661955041e-16,7.320107475266051e-16,1.3062610848724705e-16,-2.501535364188271e-17,-0.0,-0.0,-0.0,-0.0,-0.0,-0.0,-0.0,-0.0,-0.0,-0.0,-0.0,-0.0
2.5593150473210555e-7,-1.9741505420719097e-6,-8.088532545227572e-16,1.795187326917311e-16,-6.107359847546997e-16,8.491315596924152e-6,5.812192681117041e-7,0.00013190212779335263,8.385451889453816e-6,-4.781313980516312e-14,-1.9039225151971975e-5,-6.744385955867831e-6,-5.865947101679884e-15,-0.0002055863841904275,1.565690566938824e-6,6.124054635419056e-7,-9.848521224238695e-7,8.508233381442715e-6,-4.858360954227618e-7,-3.339249100254734e-7,2.810691745189631e-7,4.882802377062055e-8,3.1997567469088053e-7,4.807845632464552e-7,6.618259214511882e-7,8.770809368116249e-7,2.982186851479121e-8,2.6085215222836958e-17,-1.940966183036865e-17,-1.4642711047754866e-16,5.4577269201342086e-17,-8.36800864819401e-17,-2.259384539865341e-16,1.6674478289221854e-16,2.2151967584993418e-16,2.1369219975702195e-17,-7.570489586929148e-16,1.4718099672643506e-18,-1.860068872113706e-16,2.1377100893162845e-7,7.60041532610707e-7,-2.0338729540651933e-7,7.257660009817228e-7,6.659338891205469e-7,-7.303413429022803e-8,2.3212246256263007e-7,-3.6853327064653864e-7,-8.423666734447841e-7,-1.0206000975108304e-6,-2.29204710181154e-6,-8.854177404959603e-8,5.2217054977197625e-9,-2.6916808088377442e-16,1.8497178073730113e-9,1.4142707248159319e-16,3.84561950674323e-17,2.823959215395308e-16,-3.395787373993264e-16,3.6588063847723884e-16,1.4746334595889963e-16,-3.482074722545187e-16,-3.867242185656632e-17,1.7842476204708774e-16,4.816223542999082e-16,-4.1452728779630917e-16,4.0050838791358677e-16,2.326714455468797e-17,8.022227887095637e-17,-0.0,-0.0,-0.0,-0.0,-0.0,-0.0,-0.0,-0.0,-0.0,-0.0,-0.0,-0.0
9.977675024404125e-7,-5.208318432221425e-6,4.549240173257897e-16,-6.530815144294486e-17,8.146326004550539e-16,2.3175443430108954e-5,9.026963744509325e-6,1.1855901936394563e-6,2.0135517836105264e-5,-1.4329382011505283e-13,-2.398827154780473e-6,-8.497518165352066e-7,-4.2816413032766786e-16,3.697759273891683e-5,3.2270939523216024e-6,1.811108658380228e-6,-7.493091148130022e-8,1.548078681766706e-5,1.4916481813664853e-6,6.125754355391712e-7,9.046484571628521e-7,2.792045412555307e-6,8.056988996287134e-7,1.0029490221272406e-6,1.3613360891653897e-6,9.526077368278966e-7,-2.0262695284033854e-8,-1.3245782842596896e-16,-7.289920871700855e-17,-8.935236603008654e-17,-6.326112641189283e-17,1.2833411221415335e-16,1.207185484640328e-16,-1.3017699622514312e-16,-1.5068953107981305e-16,-3.969881616410821e-17,2.4218212665292524e-16,4.0648791615858266e-16,2.054210772243539e-16,-1.0212944532987377e-6,-4.4391005250983415e-7,-6.087190844923401e-6,-1.2369941285372561e-6,-1.5965820687923187e-6,-9.181392090083354e-7,-3.8429054745414855e-6,-2.071209455698476e-6,-2.7229367713385306e-6,-3.7220660621777336e-6,-3.2828039343855175e-6,-2.58693174911365e-7,-6.053181433890636e-9,-6.742137106921594e-16,-2.144256992850055e-9,-2.4659139851137483e-16,3.0151950708111944e-18,-4.696776756972906e-16,2.366760914417593e-16,-4.923871064579913e-16,-2.766113941331518e-16,1.875352313610018e-16,1.7744704700148918e-16,-3.9635879468219764e-16,-7.602661327060357e-16,-2.9132194178437557e-16,-3.046165580028312e-16,-1.1023102710377447e-17,4.8419730101168637e-17,-0.0,-0.0,-0.0,-0.0,-0.0,-0.0,-0.0,-0.0,-0.0,-0.0,-0.0,-0.0
-0.000678149598890202,0.004185111965108,-9.268627214900432e-16,2.2425722440639286e-15,-1.886041878036895e-15,-0.018250689987403666,-0.00016246701009671374,0.030653037539943605,-0.016084758732318225,-3.97717374648912e-13,-0.0020255607739544787,-0.0007175272902823806,-1.3733405524551048e-15,-0.006087749704736176,-0.001293245214937127,0.00039205084113301113,8.246677050576979e-5,6.797484110059019e-5,0.00012206258638241536,4.5458474842624806e-5,-0.020147394132616313,-0.0005021132993895441,8.357625118733309e-5,6.849831340932206e-5,-0.0008937125740801302,0.00033246034006442467,2.642676010318203e-5,3.16198585039518e-16,1.75845788185687e-16,5.574578546673636e-17,1.7289736822244361e-16,-2.9864957567430495e-16,-3.0787937776209573e-16,3.258236103215716e-16,3.679248196297365e-16,1.2224106992687333e-16,-6.642815128026158e-16,-8.5299007054958605e-16,-4.545305619370912e-16,0.00040763298647986123,0.000328389326177453,0.0016583078689702778,0.00026494563535711717,0.00048749925054286794,0.010005862966214337,0.0015114690145192145,0.0006934740339383143,0.0005578673092265447,0.0026059163996068196,-0.00012169464611865254,0.0001266258852801324,9.604916333474941e-9,3.1235513099372155e-15,3.402410813958194e-9,7.167470064067558e-16,2.200257851928091e-16,1.4971569065868353e-15,-3.783171086258803e-16,1.3675027815274167e-15,8.813756668595819e-16,6.508523531959661e-17,-6.917161599948885e-17,9.33048435606241e-16,2.260968971490265e-15,9.43326296917183e-16,1.0365887783085692e-15,1.4365988143162972e-16,-7.45841765900985e-17,-0.0,-0.0,-0.0,-0.0,-0.0,-0.0,-0.0,-0.0,-0.0,-0.0,-0.0,-0.0
7.09816358450656e-6,-3.920133096195387e-5,-3.3040371702535447e-15,7.515750616145882e-15,-6.4220635916662575e-15,0.00016779950949262766,6.351619755827122e-5,8.572580481215254e-6,0.00015496404154857836,-6.431262657679342e-14,-2.7817779018023973e-5,-9.854068982748004e-6,4.241103110975791e-15,-0.0004252140268947745,2.0517158828699803e-5,2.1595110149026424e-5,4.284322366286946e-6,9.875301028822875e-5,4.40732119607926e-6,5.0940399603471115e-6,1.3779794777368145e-5,8.76434305928703e-6,1.129547197826174e-5,9.04366050122618e-6,1.0614400518285604e-5,6.755667675156248e-6,-1.3444445696676894e-7,1.1467670852412917e-15,6.17898406088599e-16,3.3978719506703968e-16,5.889570783366699e-16,-1.0732561938512082e-15,-5.4117305077531135e-16,1.16120108105898e-15,1.255452816655295e-15,3.9859006592434084e-16,-2.2303463353987348e-15,-3.317902379327087e-15,-1.8713641495988928e-15,-9.692701854350603e-6,-5.562240716304858e-6,-3.851258313343117e-5,-4.762852886288699e-6,-1.2625418796551995e-5,-1.0104222503391315e-5,-1.661492926600605e-5,-2.1149789152735526e-5,-2.2777094918525993e-5,-2.5606332930217136e-5,-2.4074489444067117e-5,-1.4833067248844387e-6,5.0372226623091526e-8,-6.022335673207901e-15,1.7843673889713312e-8,8.487790996523572e-16,-8.028068279539702e-16,6.81151297730497e-16,-3.0408630815358515e-15,2.0663480639912422e-15,9.898065677097692e-16,-3.864561896464584e-15,-3.432211282495782e-15,2.433143121941504e-15,2.5306656305814715e-15,-2.0820466928200196e-16,8.737771681460191e-16,1.9271026180690975e-16,-3.0117534948974415e-16,-0.0,-0.0,-0.0,-0.0,-0.0,-0.0,-0.0,-0.0,-0.0,-0.0,-0.0,-0.0
-1.0227221469969174e-6,6.331957968553865e-6,-9.827291250531766e-16,5.606932043718781e-16,-9.429866885451525e-16,-2.734430952847818e-5,-3.6886856148017566e-6,-1.834710748188459e-6,-2.4849343902020016e-5,-1.4818087359619839e-15,2.6813163618935876e-6,9.498197656126226e-7,-5.690823131013627e-15,-8.449520700403049e-5,-3.7382005357396397e-6,-3.1733043086424136e-6,-1.785236464734086e-6,-1.3144707576159065e-5,-2.6611230118440175e-6,-1.5389115338624333e-6,-1.7099880656586866e-6,-3.3672036899913448e-6,-1.3735141162545207e-6,-1.0985296569385294e-6,-1.5428865980272291e-6,-3.3364178377455215e-7,2.5461235328474296e-8,8.486179985729481e-17,1.2174010768939568e-17,-1.295540820716928e-16,8.494182436413452e-17,-1.3906572182686308e-16,-2.5526204992366327e-16,2.2702647263801403e-16,2.8694564451903107e-16,4.182088952521489e-17,-8.750050142059962e-16,-1.6857180452315938e-16,-2.828177673145596e-16,1.4565660267787654e-6,1.518105172998883e-6,5.529997266334108e-6,1.9690060187746935e-6,3.047739650216055e-6,1.3311747506171282e-6,4.427977130231463e-6,2.8533976345342455e-6,2.9036647286288023e-6,3.973647055301182e-6,1.8106034071484536e-6,3.226344787282431e-7,8.024757126361834e-9,-5.957666752134437e-16,2.842660596927627e-9,1.838201889007795e-16,-4.028813748068641e-18,3.1399725121234385e-16,-4.986131638260052e-16,4.706923994690641e-16,1.967635086884175e-16,-5.519049024019551e-16,-2.1787871463735348e-16,3.030448926367017e-16,6.080772003590611e-16,-4.3057248221597025e-16,4.44244905249951e-16,3.325665543348713e-17,6.515222845615935e-17,-0.0,-0.0,-0.0,-0.0,-0.0,-0.0,-0.0,-0.0,-0.0,-0.0,-0.0,-0.0
-0.0012292283051864449,0.00412833974306722,-4.696286934702065e-15,1.1699954952199464e-14,-1.0468665258673553e-14,-0.018087638540185497,0.00035983002895012545,0.050504342690608224,-0.01546141420136324,-1.2463496898165204e-12,-0.0038435967542112324,-0.0013615417515228418,1.077547967131957e-14,-0.009723932548116928,-0.006590006882584147,0.00106082415051038,0.00017317642570523488,9.994024552362488e-5,0.00028695831834979474,0.00027320218033936286,0.0005508103351770402,-0.023260377078856483,0.0003313800898733671,0.0004032147006249953,-0.0015037821350630187,0.0006139743304200329,4.9286275847148545e-5,1.8968044696035484e-15,1.026582616044271e-15,5.875793159604615e-16,9.556923495979867e-16,-1.8359281238331053e-15,-1.0586437070584228e-15,1.9583885805087614e-15,2.209980011155036e-15,6.238084027259049e-16,-3.5028796085015302e-15,-5.5380983699168005e-15,-3.0245855860397444e-15,0.0005669398425756526,0.0005296540583900752,0.0026550262804832564,0.000376775264507904,0.0004419643184233218,0.0004095322183410012,0.024996810844823556,0.0008440019652583034,0.00025921390157495337,0.004192186084542319,-0.0003610894659659576,0.0002085901130326539,6.48303464228138e-8,6.902864693757667e-16,2.2965265940452988e-8,2.4929714421852856e-15,-4.3613832295781304e-16,4.016080715861121e-15,-4.067653986304956e-15,5.195848314504848e-15,2.9205386728654376e-15,-4.0219822439198786e-15,-3.8273417439002696e-15,4.672752346811705e-15,7.6486971980656e-15,1.8758664139834877e-15,3.1533480098546372e-15,3.6449887497690493e-16,-5.247470791036165e-16,-0.0,-0.0,-0.0,-0.0,-0.0,-0.0,-0.0,-0.0,-0.0,-0.0,-0.0,-0.0
5.7480519395140326e-5,-0.0003617757704655721,-9.074464381236013e-16,4.949530898533017e-16,-8.370077497499242e-16,0.001558309011017854,0.00026265345291433387,0.004826020565832068,0.0014448055799802535,-1.7641617649707053e-12,-0.0008284343102244717,-0.0002934615605910532,-5.60836607086515e-15,-0.005228146155559633,0.00022270529343534987,0.00017126955655502512,3.4472711200835804e-5,0.0009398235531323924,8.293415060062734e-5,5.069306691543495e-5,9.739145630048537e-5,0.0001325461994817398,7.961931623246266e-5,7.174816830052821e-5,9.650097984375331e-5,5.5231001416006046e-5,-5.271051248938352e-8,7.051689852013476e-17,2.3886193186650135e-18,-1.3173910646312067e-16,7.709832850530596e-17,-1.2229153997359649e-16,-2.344518007836461e-16,2.0701266967044093e-16,2.6438027837981634e-16,3.707600163927365e-17,-8.27638648533585e-16,-1.1860324469463254e-16,-2.4875322056045783e-16,-6.037752807841929e-5,-3.548905172039124e-5,-0.0002684975291424102,-5.087284969343249e-5,-0.0001047496326577981,-6.851154025546285e-5,-0.00017338485707941336,-0.00015050871628996613,-0.00017218051803010083,-0.00022078661703677893,-0.00018849319895855148,-1.7061428768399473e-5,1.541929739310589e-10,3.0181284174370184e-16,5.4620605633891394e-11,2.543782467446786e-16,7.621013997187868e-17,5.242888547702832e-16,-3.732854269872141e-16,5.725404728773827e-16,2.7953100509729603e-16,-3.058707689681543e-16,-1.856335010740011e-17,3.124500092972228e-16,8.296518781372557e-16,-2.548702814878934e-16,5.618207906923256e-16,2.819431568263222e-17,6.775434776617879e-17,-0.0,-0.0,-0.0,-0.0,-0.0,-0.0,-0.0,-0.0,-0.0,-0.0,-0.0,-0.0
3.4576139338444056e-6,-1.906550304815059e-5,-1.6734688148435156e-15,3.733163733371446e-15,-3.210276304331294e-15,8.15984540544012e-5,3.117938907196866e-5,4.149508378727267e-6,7.537445507506636e-5,-3.179931185265981e-14,-1.360865715977389e-5,-4.820681274745986e-6,1.8632234286544562e-15,-0.000213525155123104,9.959868907626449e-6,1.0516564210665014e-5,2.0356915833438788e-6,4.8151533164675136e-5,2.057940898781755e-6,2.446048054855422e-6,6.7244183634713825e-6,4.17686965254558e-6,5.513327776669655e-6,4.414268249070213e-6,5.169827626124264e-6,3.3188574994572294e-6,-6.522246226174102e-8,5.695827293174784e-16,3.054286919940385e-16,1.6197764263761417e-16,2.943417526285138e-16,-5.356887115827102e-16,-2.7823872174469896e-16,5.82944660681842e-16,6.320818925715828e-16,1.985148993155694e-16,-1.1389412284760265e-15,-1.644576802837593e-15,-9.358145926036103e-16,-4.718815391624148e-6,-2.6779891587432726e-6,-1.8760847216507327e-5,-2.263750879010615e-6,-6.096091379067405e-6,-4.927378659565837e-6,-8.004087193806828e-6,-1.0310866848490152e-5,-1.111163462995229e-5,-1.2460725466635684e-5,-1.1799792821645523e-5,-7.17758932485459e-7,2.520776503567281e-8,-2.9977958790497333e-15,8.929506767952395e-9,4.268875377342608e-16,-3.9631198376168427e-16,3.498871735509343e-16,-1.5223607901946716e-15,1.0402728861659896e-15,4.970438942566986e-16,-1.93114383379104e-15,-1.703145221828072e-15,1.2139052938791776e-15,1.2754145435633442e-15,-1.2163399987575839e-16,4.50652652542384e-16,9.655015449038457e-17,-1.4575172046364798e-16,-0.0,-0.0,-0.0,-0.0,-0.0,-0.0,-0.0,-0.0,-0.0,-0.0,-0.0,-0.0
-0.0009888591421038746,0.0032343173575599213,-2.837347505136856e-15,7.307587146128785e-15,-6.652072272526979e-15,-0.014183887168760142,0.00041841114795611827,0.04441731318454802,-0.012067003740440205,-1.9630705268866584e-12,-0.003620687612213606,-0.0012825792268279204,7.291204553168965e-15,-0.010697146548017797,-0.005341939899586824,0.0009644179200361176,0.00016124696340872867,0.0005596415991366202,0.000281733964089906,0.00025236240892582507,0.0005044754842915633,-0.0191889926962283,0.0003139328927863052,0.00036979672814549267,-0.001196154042744014,0.0005358632408131313,4.08164779242389e-5,1.2103553876610148e-15,6.50273674665546e-16,3.7458365438825666e-16,6.088935442358429e-16,-1.1817052306118597e-15,-7.112660206526433e-16,1.2550652083724786e-15,1.4372041581632658e-15,3.944259064582627e-16,-2.222142508615592e-15,-3.525801915136231e-15,-1.9070409564095557e-15,0.0004396577534470402,0.00042071680378501464,0.0020649897094083465,0.0002854777249513829,0.0003126724163141961,0.0003051277620883457,0.02060702511887208,0.0006238952410179321,0.0001286381256517426,0.003359372151804622,-0.0003928047446120199,0.0001638986628388007,3.4027531470672384e-8,2.9903956942698085e-15,1.2053788991937033e-8,1.8515632848459057e-15,-6.158189862463422e-17,3.260123051027541e-15,-2.3595952504214193e-15,3.745856358245436e-15,2.1721074565492267e-15,-1.9895049753478908e-15,-1.9808073250093244e-15,3.1300583351893528e-15,5.71721114194029e-15,1.7135661653619036e-15,2.434535885544019e-15,2.4422754285901447e-16,-3.358039469690928e-16,-0.0,-0.0,-0.0,-0.0,-0.0,-0.0,-0.0,-0.0,-0.0,-0.0,-0.0,-0.0
9.068221631819056e-6,-4.970851093611181e-5,-2.6203450257933126e-15,6.258745180996095e-15,-4.874777905903729e-15,0.00021482936113119836,7.94106489254559e-5,1.1130604894594478e-5,0.00019619611103876574,-1.3832684046072682e-13,-3.2295280832729645e-5,-1.1440162960823418e-5,4.765706614617756e-15,-0.0006136240542987905,2.7118788194721977e-5,2.5478434628820915e-5,4.657809710554036e-6,0.0001288067195425106,7.839649339900877e-6,6.580784071271826e-6,1.5687301908865635e-5,1.4635815703048462e-5,1.2950630589238117e-5,1.100913985726172e-5,1.333540842403746e-5,8.428522113235597e-6,-1.7642220956604873e-7,8.644056440035313e-16,4.520876252150866e-16,2.1732468036557438e-16,4.504828361342835e-16,-8.177072619249048e-16,-3.7207545309674606e-16,7.47990216828203e-16,8.338773104381611e-16,3.4153880688480775e-16,-1.8165950031369915e-15,-2.317208893524735e-15,-1.2554749995231797e-15,-1.1812367186625806e-5,-6.764869330936797e-6,-5.053575199625068e-5,-7.523599087496657e-6,-1.622504605376457e-5,-1.1981551390543761e-5,-2.4596942628402288e-5,-2.5400503879760176e-5,-2.816535407293781e-5,-3.330761457241471e-5,-3.004175895431643e-5,-1.9962977710515495e-6,3.6023847409253e-8,-3.876819861053311e-15,1.2760956351902669e-8,6.337116599111063e-16,-5.570208721620879e-16,6.068479863282271e-16,-2.10090580826317e-15,1.5843235706212903e-15,8.315336037278255e-16,-2.6225129940506583e-15,-2.334131208569942e-15,1.7373470636556115e-15,2.0554149635199773e-15,2.6050966902184758e-17,7.698614001414425e-16,2.0644686062342246e-16,-1.3660312730381103e-16,-0.0,-0.0,-0.0,-0.0,-0.0,-0.0,-0.0,-0.0,-0.0,-0.0,-0.0,-0.0
-1.3738223797542986e-6,8.26794697309392e-6,-8.127982705252697e-16,1.8161252018015463e-16,-6.170021283149641e-16,-3.563014963654368e-5,-6.854768054745477e-6,-2.2560687671689223e-6,-3.25031737474492e-5,1.747223193729201e-15,4.063194960228368e-6,1.4393314201730168e-6,-5.8503971724160856e-15,-6.281299114720224e-5,-4.749566280636503e-6,-4.24119916698161e-6,-1.9919488977765397e-6,-1.8034210807404187e-5,-2.8700947312000886e-6,-1.7872932380738088e-6,-2.3928129552424004e-6,-3.7913400844335243e-6,-1.933359924000472e-6,-1.5467724739101703e-6,-2.0678519983269732e-6,-6.706521217837862e-7,3.208419038332286e-8,2.7024044496251152e-17,-1.8840465370396435e-17,-1.4600195309485223e-16,5.505316130465498e-17,-8.466970338135996e-17,-2.2700855435240015e-16,1.6783189222307655e-16,2.2276146900073907e-16,2.166287631457159e-17,-7.593522727295495e-16,-1.5747628309945784e-18,-1.877913336037622e-16,1.9357338037492534e-6,1.7900391236774084e-6,7.435050274124697e-6,2.1988765236202707e-6,3.6667616529713833e-6,1.831520893174888e-6,5.240744816429431e-6,3.900405143096394e-6,4.031985466432179e-6,5.2389599836300345e-6,3.008802536785678e-6,3.9551865062114653e-7,5.465057769142035e-9,-2.9135824470750264e-16,1.93592203009913e-9,1.4047228577222388e-16,3.621432282126695e-17,2.784682793770223e-16,-3.440264349411013e-16,3.650588442331245e-16,1.4629164274162606e-16,-3.5580867462546664e-16,-4.4934396605694425e-17,1.797799939572933e-16,4.785664013871038e-16,-4.182212693608523e-16,3.9848379535502047e-16,2.3452558630591813e-17,7.995245310786086e-17,-0.0,-0.0,-0.0,-0.0,-0.0,-0.0,-0.0,-0.0,-0.0,-0.0,-0.0,-0.0
-0.0011012068836465075,0.001711116302929406,-4.883678252671142e-15,6.400044268056086e-15,-9.055141882054101e-15,-0.0075388174718762245,0.0002996991488208265,0.030537403105097633,-0.00616269724169132,-1.1504869726338092e-12,-0.001714745003000257,-0.0006074250406844289,8.644304708291936e-15,-0.005669807522488579,-0.0004962399397593087,0.0009913097049535037,0.00023212909448205353,0.003472631188940484,0.00032770532920167923,0.0001497394103033173,0.0006807650522434713,5.43470015049518e-5,-0.013111904648130165,0.0002255086088123756,-0.0015262131755780035,0.00045355282323276356,4.291861935491525e-5,1.578955420489536e-15,8.276677773417428e-16,4.2297988821130266e-16,7.91284215116102e-16,-1.487254861727359e-15,-7.764664984841521e-16,1.4254492944252234e-15,1.5857430094576341e-15,5.943213351079233e-16,-3.3075678919823907e-15,-4.331544054585532e-15,-2.3198107523723075e-15,0.0004030843191893152,0.00036577817254273854,0.0008588944424298923,0.00020795131646104858,0.00047813692633398564,0.00021875363877468443,0.0011040022027576904,0.017832203264457724,0.00040901662107116564,0.003837165413437501,-0.0001511086952630332,0.00018520922947514137,6.025802981439398e-8,-2.9530247650778336e-16,2.1345585143346398e-8,1.876092343745792e-15,-4.363901396346354e-16,2.977113598568654e-15,-3.2974708670859882e-15,4.03935194510128e-15,2.311182942268178e-15,-3.3703818648934618e-15,-3.164082544755448e-15,3.663259154558429e-15,5.945713214372877e-15,1.4289514131631701e-15,2.479230290742767e-15,4.2707189022399475e-16,-2.955861074532835e-16,-0.0,-0.0,-0.0,-0.0,-0.0,-0.0,-0.0,-0.0,-0.0,-0.0,-0.0,-0.0
-1.3738223797544688e-6,8.267946973120954e-6,-8.127982705252698e-16,1.81612520180152e-16,-6.170021283149605e-16,-3.56301496366575e-5,-6.854768054806906e-6,-2.2560687671744043e-6,-3.2503173747573434e-5,1.7472231937632182e-15,4.063194960217598e-6,1.4393314201669697e-6,-5.890499724653628e-15,-6.281299114709996e-5,-4.749566280624511e-6,-4.241199167042199e-6,-1.991948897772959e-6,-1.8034210807369567e-5,-2.8700947311931175e-6,-1.7872932380742446e-6,-2.3928129552390177e-6,-3.7913400844253e-6,-1.9333599240003823e-6,-1.5467724739107471e-6,-2.0678519983304147e-6,-6.706521217842711e-7,3.20841903832076e-8,2.7024044496250548e-17,-1.8840465370396783e-17,-1.4600195309485232e-16,5.505316130465456e-17,-8.466970338135938e-17,-2.270085543524003e-16,1.6783189222307616e-16,2.2276146900073843e-16,2.1662876314571094e-17,-7.593522727295488e-16,-1.5747628309926353e-18,-1.877913336037616e-16,1.9357338037504893e-6,1.7900391236748673e-6,7.435050274123736e-6,2.1988765236173133e-6,3.6667616529690718e-6,1.8315208931781622e-6,5.240744816430008e-6,3.9004051430977295e-6,4.0319854664394425e-6,5.2389599836364796e-6,3.008802536792558e-6,3.955186506173543e-7,5.4650577675446834e-9,-2.913582447075008e-16,1.9359220296467912e-9,1.4047228577222316e-16,3.621432282126734e-17,2.784682793770218e-16,-3.440264349411001e-16,3.650588442331229e-16,1.4629164274162522e-16,-3.558086746254654e-16,-4.4934396605693014e-17,1.797799939572925e-16,4.785664013871024e-16,-4.182212693608526e-16,3.9848379535501913e-16,2.345255863059176e-17,7.995245310786076e-17,0.0,0.0,0.0,0.0,0.0,0.0,0.0,0.0,0.0,0.0,0.0,0.0
4.534110815909635e-6,-2.485425546805511e-5,-1.3101725128966516e-15,3.1293725904980408e-15,-2.4373889529518557e-15,0.00010741468056559278,3.9705324462734865e-5,5.565302447263591e-6,9.809805551936625e-5,-6.916342023035724e-14,-1.6147640416329013e-5,-5.7200814804162864e-6,2.3682692089185126e-15,-0.0003068120271493762,1.3559394097361228e-5,1.2739217314413839e-5,2.328904855276585e-6,6.440335977127779e-5,3.919824669949508e-6,3.2903920356372567e-6,7.843650954435758e-6,7.31790785152962e-6,6.475315294623226e-6,5.50456992863144e-6,6.667704212025343e-6,4.214261056619438e-6,-8.82111047836126e-8,4.3220282200176353e-16,2.2604381260754287e-16,1.0866234018278656e-16,2.2524141806714043e-16,-4.0885363096245095e-16,-1.8603772654837251e-16,3.7399510841410017e-16,4.16938655219079e-16,1.7076940344240235e-16,-9.082975015684914e-16,-1.1586044467623635e-15,-6.277374997615885e-16,-5.906183593311265e-6,-3.382434665453105e-6,-2.5267875998129348e-5,-3.7617995437463e-6,-8.1125230268814e-6,-5.990775695272543e-6,-1.2298471314204163e-5,-1.2700251939888238e-5,-1.4082677036469822e-5,-1.665380728620057e-5,-1.5020879477166102e-5,-9.981488855276825e-7,1.8011923703847627e-8,-1.938409930526656e-15,6.38047817570963e-9,3.168558299555507e-16,-2.7851043608104343e-16,3.0342399316411003e-16,-1.0504529041315823e-15,7.921617853106401e-16,4.1576680186391032e-16,-1.3112564970253272e-15,-1.1670656042849686e-15,8.686735318278014e-16,1.0277074817599816e-15,1.3025483451089797e-17,3.8493070007071783e-16,1.0322343031171048e-16,-6.83015636519052e-17,-0.0,-0.0,-0.0,-0.0,-0.0,-0.0,-0.0,-0.0,-0.0,-0.0,-0.0,-0.0
-0.0011058928486365424,0.0017368270399211964,-3.603301183652847e-15,3.3544291809978835e-15,-6.7032445052043185e-15,-0.007649955525413904,0.0002589404576095488,0.03053162345832287,-0.006264127256051181,-1.0821242524623901e-12,-0.0016981852057618716,-0.0006015589582686353,6.220720559690198e-15,-0.005368172375504887,-0.0005103040137665928,0.0009781851412575717,0.00022969087983296276,0.003406070702444556,0.0003235243176820263,0.0001463043011577656,0.0006727113591652193,4.6626495476836464e-5,-0.013118554255656627,0.00021984043874420577,-0.0015330989169642846,0.00044922904522658305,4.301012588688144e-5,1.1625851354092645e-15,6.083865918703141e-16,3.192798233737835e-16,5.747565127614352e-16,-1.0919862445098779e-15,-5.995282515652909e-16,1.0646215879333373e-15,1.1843357240220572e-15,4.304571957516816e-16,-2.4310097673849558e-15,-3.2131971722981466e-15,-1.7120922035299841e-15,0.0004091737007171672,0.00036929289606727075,0.0008850227383451553,0.00021192040822205137,0.00048657154553985747,0.00022491961560699425,0.0011168645294398231,0.017845282517601174,0.00042353400921437074,0.0038543814867144136,-0.00013567166516816057,0.00018624538086031784,4.287691708556136e-8,1.6120808546053556e-15,1.5188563150018966e-8,1.5737835615178594e-15,-1.6487337955873158e-16,2.6941634446058955e-15,-2.2785076420399107e-15,3.2814465677195687e-15,1.913736288499645e-15,-2.094104028677257e-15,-2.0304287161493514e-15,2.8272566019649523e-15,4.9667560455391574e-15,1.4244809073158803e-15,2.113317663957318e-15,3.2855298386107964e-16,-2.3093747314377713e-16,-0.0,-0.0,-0.0,-0.0,-0.0,-0.0,-0.0,-0.0,-0.0,-0.0,-0.0,-0.0
1.59121294935793e-5,-8.711318618657124e-5,-9.335230029805457e-17,1.8024629019855266e-15,-2.8361289445455254e-16,0.0003771005270297682,0.0001351957995848739,1.9849668323530167e-5,0.000340286681455983,-4.7874055594860487e-14,-4.907232935263973e-5,-1.7383203682775185e-5,8.728509359428983e-16,-6.64018965684291e-6,4.969864795283517e-5,4.004691499511004e-5,6.217093417959869e-6,0.00023179912942095814,1.8376489208700335e-5,1.1576766915429558e-5,2.324554889242e-5,3.2942361751069886e-5,1.9444482658766963e-5,1.810274234696633e-5,2.2853939835882295e-5,1.4391802126763972e-5,-3.19406859040991e-7,3.387120041767132e-17,5.04339991520361e-17,-6.218315555319414e-17,-1.1217679162295432e-17,-1.2928209797952527e-16,-5.0570826341133816e-17,2.821160910479856e-17,7.025316685025502e-17,-5.963079153892343e-17,-2.1299404340461532e-16,-1.73594773158322e-16,1.066147314286317e-16,-1.9391080524264117e-5,-1.0872909521389325e-5,-9.114086591143136e-5,-1.612716480872092e-5,-2.8424141420900175e-5,-1.8961137208067418e-5,-5.0115004294177797e-5,-4.070200684178107e-5,-4.72313270159552e-5,-5.803528842184975e-5,-5.1351072226833946e-5,-3.755495458872957e-6,2.085349457661209e-9,-3.840475331685548e-15,7.387064015468744e-10,-2.890185632261447e-16,-2.8201876222116456e-16,-8.123143709351419e-16,-4.707517221215045e-16,-3.690754773675686e-16,-2.495102521065935e-16,-9.073766297751752e-16,-7.966707267103304e-16,-1.209243172007748e-16,-9.197461924859992e-16,-6.458334203410473e-16,-4.1815433560316173e-16,5.270655333579809e-17,1.0919940921645133e-17,-0.0,-0.0,-0.0,-0.0,-0.0,-0.0,-0.0,-0.0,-0.0,-0.0,-0.0,-0.0
-1.3738223797517204e-6,8.26794697307533e-6,-8.127982705252728e-16,1.8161252018016648e-16,-6.170021283149485e-16,-3.5630149636454983e-5,-6.854768054973795e-6,-2.25606876719002e-6,-3.2503173747390306e-5,1.7472231937763567e-15,4.063194960179414e-6,1.4393314201687882e-6,-5.921005796677048e-15,-6.281299114703449e-5,-4.749566280617281e-6,-4.241199167006638e-6,-1.99194889776872e-6,-1.803421080727521e-5,-2.870094731189235e-6,-1.7872932380712455e-6,-2.3928129552371534e-6,-3.7913400844161877e-6,-1.9333599239969904e-6,-1.54677247390602e-6,-2.067851998320505e-6,-6.706521217831333e-7,3.2084190382844326e-8,2.7024044496248647e-17,-1.8840465370397045e-17,-1.4600195309485198e-16,5.505316130465427e-17,-8.466970338135814e-17,-2.270085543523984e-16,1.678318922230743e-16,2.2276146900073705e-16,2.1662876314569633e-17,-7.593522727295473e-16,-1.574762830986157e-18,-1.8779133360375847e-16,1.935733803757162e-6,1.7900391236829779e-6,7.43505027412981e-6,2.1988765236172607e-6,3.6667616529812936e-6,1.8315208931811776e-6,5.24074481642954e-6,3.900405143101991e-6,4.031985466449177e-6,5.238959983635581e-6,3.008802536800382e-6,3.955186505774462e-7,5.465057764411519e-9,-2.9135824470748735e-16,1.93592202848641e-9,1.40472285772221e-16,3.621432282126867e-17,2.784682793770232e-16,-3.4402643494109466e-16,3.6505884423311846e-16,1.4629164274162381e-16,-3.558086746254584e-16,-4.4934396605685106e-17,1.7977999395728842e-16,4.78566401387102e-16,-4.1822126936085275e-16,3.98483795355018e-16,2.3452558630591292e-17,7.995245310785993e-17,-0.0,-0.0,-0.0,-0.0,-0.0,-0.0,-0.0,-0.0,-0.0,-0.0,-0.0,-0.0
-0.0015611719263483408,0.005332530113642305,-3.3221757129467677e-15,6.903538646041466e-15,-6.3778928993270625e-15,-0.023314078029884847,0.00020473322170106215,0.055986429774058176,-0.020184034716530606,-1.2872877456028187e-12,-0.003712984892064737,-0.0013152742799523113,6.328216483582211e-15,-0.011514467172284703,-0.001932131663043027,0.000982784674558726,-5.0057701351037724e-5,-0.0024482673628837795,-0.00034095395046047217,-0.008516651907120473,0.0009467647230265578,0.0003964943426358104,-0.0014924662520299059,-0.01340524218383587,-0.0021499769741096905,0.0007258045417139118,6.166434012560392e-5,1.0867441550998613e-15,5.878569327195436e-16,2.731095940123057e-16,5.188793473731257e-16,-1.1171406208468906e-15,-8.358189182563665e-16,1.0310954678008666e-15,1.217115041263677e-15,2.82553298561232e-16,-2.3672154957498315e-15,-3.0698810951883535e-15,-1.4471911101453123e-15,0.0008019068048694151,0.000832294485121143,0.004095520648164639,0.0008997191360528248,0.014671698677029981,0.00037877340090517836,0.0014031999279851806,0.003634328736678143,0.027107888876823916,0.005601641419997565,-0.0003327178307075663,0.00026824362643762306,3.2678762951933175e-8,3.081026419218031e-15,1.1576006240012555e-8,1.7216512956085153e-15,2.3627133840802515e-17,3.154538727797842e-15,-2.0467655803749526e-15,3.551782022927925e-15,2.1172985344345585e-15,-1.633434252097763e-15,-1.7216946483546932e-15,2.8028646755013656e-15,5.318383397325151e-15,1.7689485310238475e-15,2.29225513740912e-15,3.9231785514792333e-16,-2.5335402070880733e-16,-0.0,-0.0,-0.0,-0.0,-0.0,-0.0,-0.0,-0.0,-0.0,-0.0,-0.0,-0.0
-1.3738223797541046e-6,8.267946973099854e-6,-8.127982705252719e-16,1.816125201801524e-16,-6.170021283149607e-16,-3.563014963656527e-5,-6.854768054813581e-6,-2.25606876718179e-6,-3.2503173747485926e-5,1.7472231937513287e-15,4.0631949602058255e-6,1.4393314201678425e-6,-5.916592754015428e-15,-6.281299114713623e-5,-4.749566280625022e-6,-4.241199167006531e-6,-1.9919488977738427e-6,-1.8034210807367965e-5,-2.8700947312116323e-6,-1.7872932380751348e-6,-2.3928129552373732e-6,-3.791340084418312e-6,-1.933359923999908e-6,-1.546772473909268e-6,-2.0678519983261605e-6,-6.706521217836096e-7,3.208419038262148e-8,2.7024044496250545e-17,-1.884046537039668e-17,-1.4600195309485218e-16,5.5053161304654755e-17,-8.466970338135954e-17,-2.270085543523999e-16,1.6783189222307616e-16,2.227614690007385e-16,2.1662876314571042e-17,-7.593522727295493e-16,-1.5747628309923027e-18,-1.877913336037613e-16,1.9357338037518953e-6,1.7900391236856801e-6,7.435050274127307e-6,2.1988765236323862e-6,3.6667616529742247e-6,1.8315208931778103e-6,5.240744816425463e-6,3.900405143092417e-6,4.031985466434282e-6,5.238959983632127e-6,3.0088025367895433e-6,3.9551865061287996e-7,5.465057765841155e-9,-2.9135824470750067e-16,1.935922028993057e-9,1.4047228577222287e-16,3.621432282126715e-17,2.784682793770224e-16,-3.4402643494109974e-16,3.650588442331229e-16,1.4629164274162507e-16,-3.558086746254652e-16,-4.493439660569235e-17,1.7977999395729207e-16,4.785664013871034e-16,-4.1822126936085285e-16,3.984837953550194e-16,2.3452558630591776e-17,7.995245310786048e-17,-0.0,-0.0,-0.0,-0.0,-0.0,-0.0,-0.0,-0.0,-0.0,-0.0,-0.0,-0.0
7.956064746789696e-6,-4.355659309329168e-5,-4.667615014902468e-17,9.012314509927592e-16,-1.4180644722727321e-16,0.0001885502635149119,6.759789979244769e-5,9.924834161738597e-6,0.00017014334072801483,-2.3937027797420954e-14,-2.453616467633233e-5,-8.691601841382349e-6,4.3672777457097494e-16,-3.320094828380579e-6,2.4849323976418195e-5,2.0023457497558732e-5,3.1085467089799095e-6,0.00011589956471048536,9.188244604350857e-6,5.788383457720138e-6,1.1622774446210144e-5,1.6471180875539514e-5,9.722241329385203e-6,9.051371173491487e-6,1.1426969917944629e-5,7.19590106338308e-6,-1.5970342951589484e-7,1.6935600208834853e-17,2.521699957601782e-17,-3.10915777765976e-17,-5.6088395811481936e-18,-6.46410489897625e-17,-2.5285413170566094e-17,1.4105804552398208e-17,3.5126583425127126e-17,-2.981539576946145e-17,-1.0649702170230648e-16,-8.679738657916052e-17,5.330736571431668e-17,-9.695540262133458e-6,-5.436454760696286e-6,-4.557043295572562e-5,-8.063582404361473e-6,-1.4212070710458453e-5,-9.480568604033346e-6,-2.505750214709366e-5,-2.035100342089268e-5,-2.361566350799751e-5,-2.901764421092954e-5,-2.5675536113418183e-5,-1.8777477294252178e-6,1.0426747293861253e-9,-1.9202376658427806e-15,3.693532009658907e-10,-1.4450928161307213e-16,-1.4100938111058142e-16,-4.061571854675721e-16,-2.3537586106075187e-16,-1.8453773868378592e-16,-1.2475512605329674e-16,-4.536883148875866e-16,-3.9833536335516346e-16,-6.046215860038956e-17,-4.598730962430021e-16,-3.2291671017052237e-16,-2.090771678015809e-16,2.635327666789928e-17,5.459970460822601e-18,-0.0,-0.0,-0.0,-0.0,-0.0,-0.0,-0.0,-0.0,-0.0,-0.0,-0.0,-0.0
-0.0015695934520853732,0.005378711988227857,-3.366817420491413e-15,6.2590291111179015e-15,-6.4981238116311325e-15,-0.023514041153418788,0.00013390661147285628,0.055975847929041166,-0.020364391167079443,-1.2658045288346574e-12,-0.0036871853742133525,-0.0013061351524715876,5.5972333632772664e-15,-0.011527012022938883,-0.0019585279236016104,0.0009615800380221453,-5.3501326237670465e-5,-0.002570778876119188,-0.0003509427861280284,-0.008522883885253293,0.0009344981154940067,0.0003787891298606524,-0.0015027227421946052,-0.01341479502215853,-0.002162072270476981,0.0007182729576078686,6.183414467648218e-5,1.1183364933585668e-15,5.833675241081276e-16,3.1941081182857243e-16,5.511963716234227e-16,-1.0941388194241427e-15,-8.384252962235569e-16,1.0573485343749942e-15,1.2295936733219061e-15,3.335335919947227e-16,-2.358002501428208e-15,-3.106475940660072e-15,-1.5618557547341108e-15,0.0008121638858434136,0.0008381364424944353,0.004143728412865897,0.0009084181103248395,0.014686898047198608,0.00038879100060115523,0.00142998574556395,0.0036558414627463095,0.0271328370147321,0.005632382517266936,-0.0003057667324427087,0.0002702378583566776,3.3569565295852276e-8,4.90615466766105e-15,1.1891560915652752e-8,1.910747310604391e-15,1.4319977843597445e-16,3.623447535898626e-15,-1.907907975606432e-15,3.841317276335079e-15,2.2982055267051674e-15,-1.2869587449031e-15,-1.4257702578331543e-15,2.9634648623316257e-15,5.927677191838126e-15,2.1180854923104033e-15,2.559622902248705e-15,3.8038500339769523e-16,-2.700108488943048e-16,-0.0,-0.0,-0.0,-0.0,-0.0,-0.0,-0.0,-0.0,-0.0,-0.0,-0.0,-0.0
1.0344036050984432e-5,-5.385585503440738e-5,-1.0589212405813542e-14,1.9734254116876167e-14,-1.8420525636702e-14,0.0002348709092483433,0.0001152155149475754,1.0252165459402672e-5,0.00022025954565797144,-3.272719917737696e-13,-4.6325826682131686e-5,-1.641029255408431e-5,1.1084946945080972e-14,-0.0008482573882553169,2.691966508245882e-5,3.1829936953934655e-5,1.761920423989373e-6,0.00014972783852749473,-1.830748402289072e-6,4.287629657571954e-6,2.1666698492098958e-5,4.1065242880385455e-6,1.787960498912505e-5,1.4222595336799256e-5,1.5625872919389943e-5,1.2538230297293094e-5,-1.7419848467965833e-7,3.369453341801828e-15,1.4534225458490977e-15,1.382980010339101e-15,1.8588301573042677e-15,-2.8677020775512993e-15,-1.5832343950125939e-15,3.1911841359767813e-15,3.2978565294689492e-15,1.5217251577975288e-15,-6.2841770616311135e-15,-9.204002531342087e-15,-4.707720377392483e-15,-1.472018631118543e-5,-5.774357211017581e-6,-5.8251525658055185e-5,-1.954248189160055e-6,-1.3845111603125172e-5,-1.5592506937863678e-5,-1.6106105040864707e-5,-3.24590742686826e-5,-3.515396742125773e-5,-3.8654169800517125e-5,-4.229718245412506e-5,-1.8390010562971912e-6,1.3857263906414466e-7,-9.07345206297141e-15,4.908746689124583e-8,3.155041523989705e-15,-1.7015779260675453e-15,4.04121743412656e-15,-7.424961360070342e-15,7.188987705786899e-15,3.8315336905724435e-15,-8.534828853436434e-15,-7.838201287465914e-15,7.259500885652459e-15,9.910336459521144e-15,1.5270618878498879e-15,3.933236483775108e-15,7.022776620200632e-16,-1.0137133165332658e-15,-0.0,-0.0,-0.0,-0.0,-0.0,-0.0,-0.0,-0.0,-0.0,-0.0,-0.0,-0.0
-1.3477639940153826e-6,8.132288859110904e-6,-8.395020425367312e-16,2.3136150120284244e-16,-6.63444865925872e-16,-3.503852534209886e-5,-6.56441496811292e-6,-2.230253001936243e-6,-3.194834312952643e-5,9.22247807493934e-16,3.94646620177536e-6,1.3979818488224565e-6,-5.9016636472705364e-15,-6.495208959455099e-5,-4.681765748282189e-6,-4.16101431552856e-6,-1.9875322993021426e-6,-1.7656997772413823e-5,-2.874745621042969e-6,-1.7765071959355388e-6,-2.338224796175493e-6,-3.7810356338201044e-6,-1.888312641577113e-6,-1.5109390597861007e-6,-2.0284876739713666e-6,-6.390537527929112e-7,3.164546665603665e-8,3.5518203242981216e-17,-1.5176868985910928e-17,-1.4251752024163815e-16,5.97396454313554e-17,-9.18997529338595e-17,-2.3100245813798343e-16,1.7587842496212292e-16,2.310775915238909e-16,2.5499158402111936e-17,-7.7520311197187605e-16,-2.477651316741041e-17,-1.9966104675428215e-16,1.8986509101032073e-6,1.775505327658002e-6,7.288301006116752e-6,2.1939776865710855e-6,3.6319063165471684e-6,1.7922377241276079e-6,5.200209577421591e-6,3.8186300822931494e-6,3.9434186817573225e-6,5.141584872119027e-6,2.9022161251724367e-6,3.908877855648669e-7,5.814444235099018e-9,-3.142345224548246e-16,2.059687419174915e-9,1.4842736704776355e-16,3.192538599295974e-17,2.886589852434451e-16,-3.6274780546791785e-16,3.831856281239013e-16,1.5595211888556117e-16,-3.773279803295668e-16,-6.469373556229757e-17,1.9808221317616914e-16,5.035546634477369e-16,-4.143770339331734e-16,4.084038000384334e-16,2.5223174822430074e-17,7.739805322892617e-17,-0.0,-0.0,-0.0,-0.0,-0.0,-0.0,-0.0,-0.0,-0.0,-0.0,-0.0,-0.0
-0.0004989129224036075,0.0005073702738728563,-1.0128222219104007e-14,2.0584073295873993e-14,-1.794842375908952e-14,-0.002241664008478701,0.00020364728148550837,0.011592389158188499,-0.0017970154357274072,-4.527120436534858e-13,-0.000543673541251252,-0.00019258894024133593,1.2271422143634239e-14,-0.0018189628867824705,-0.0002984682027425858,0.0004084138712982155,9.080281591720784e-5,0.0012194104584104853,0.0001262070468481595,6.674352435039513e-5,0.00026204307090581946,3.227799162065844e-5,8.067996073544278e-5,0.00010813824001835049,-0.005030126056398474,0.00020029652615167728,1.900907946443002e-5,3.2163355163048344e-15,1.5758061687700938e-15,1.2899874360032573e-15,1.643092599960783e-15,-2.871700984913667e-15,-1.6427718861187688e-15,3.2883481427269788e-15,3.3129128965522735e-15,1.1860714276149515e-15,-5.872796617370744e-15,-9.292300005656183e-15,-5.0534827745901865e-15,0.00018213217995443452,0.00016727156029974904,0.00044432974869155806,9.742628145972861e-5,0.00020424533334710668,0.00011546174612995242,0.00046554577670830904,0.0003591565923873576,0.00015659931286467687,0.0067255931994835635,-6.664850036831926e-5,8.454410480814684e-5,1.3364636627016813e-7,-6.769126124564998e-15,4.734240210630046e-8,3.4358323790801243e-15,-1.4019393231087158e-15,4.623143734867419e-15,-7.505832515524081e-15,7.360243020899685e-15,3.975571395232307e-15,-8.490486717888995e-15,-7.70514232614907e-15,7.428259833136543e-15,1.0172018372765979e-14,1.757986790441949e-15,4.0367801372838565e-15,6.057836281578326e-16,-9.993097714013762e-16,-0.0,-0.0,-0.0,-0.0,-0.0,-0.0,-0.0,-0.0,-0.0,-0.0,-0.0,-0.0
-5.74240811564641e-7,3.256163599213158e-6,-8.385013173929075e-16,2.304904180855324e-16,-6.620345792870015e-16,-1.403418181355576e-5,-3.037565151161305e-6,6.169832019137411e-5,-1.2480647966374188e-5,-2.241739213549147e-14,-7.0568734417666655e-6,-2.4998012145049326e-6,-5.879452019221458e-15,-0.00013305562884983216,-1.6775869332136204e-6,-1.8504424003510566e-6,-1.5071742031607695e-6,-5.033080163368249e-6,-1.741026114531037e-6,-1.0848725326049273e-6,-1.0253927578296025e-6,-1.9553070439181316e-6,-8.15900366991796e-7,-5.46321579859999e-7,-7.535112025820911e-7,9.695195744442502e-8,3.065018349140952e-8,3.532663903188494e-17,-1.53063020647744e-17,-1.4254719669665626e-16,5.963429755563643e-17,-9.167678805971087e-17,-2.3072660496542307e-16,1.756129858703676e-16,2.3077778122429233e-16,2.543440800682724e-17,-7.745724131981834e-16,-2.411275936674243e-17,-1.9921037788249897e-16,1.0802124095847556e-6,1.2857385337055886e-6,3.6592796952027805e-6,1.4943441863324372e-6,2.2050906645844204e-6,8.67603412049598e-7,2.8202526423834402e-6,1.7888745706248126e-6,1.625693725907533e-6,2.194193138009018e-6,3.825829299076847e-7,1.6089173726949892e-7,5.710185529902969e-9,-3.023453497655808e-16,2.0227551951723947e-9,1.4936118817390598e-16,3.2988946060036507e-17,2.9144267002153543e-16,-3.610874973674016e-16,3.8453154548671123e-16,1.5704660871789672e-16,-3.7406969461218837e-16,-6.205337065782404e-17,1.982050380301511e-16,5.064841374857295e-16,-4.120516845053921e-16,4.0995861169950903e-16,2.515546642708135e-17,7.743283495446179e-17,-0.0,-0.0,-0.0,-0.0,-0.0,-0.0,-0.0,-0.0,-0.0,-0.0,-0.0,-0.0
5.167904942413568e-6,-2.690374778518343e-5,-5.295898092975336e-15,9.866229145921626e-15,-9.210534206201977e-15,0.00011733106361208061,5.758288969894335e-5,5.1197883942323536e-6,0.00011003413338069513,-1.636093048195611e-13,-2.3149673729169037e-5,-8.200456325011396e-6,5.552363291978193e-15,-0.00042422648693824655,1.3446216878093555e-5,1.5902277845593912e-5,8.759008047670616e-7,7.480897423339764e-5,-9.22365523093284e-7,2.139090311621811e-6,1.0825936026354186e-5,2.0435809679839142e-6,8.933787217791244e-6,7.10649077726054e-6,7.806741682229834e-6,6.266595670673076e-6,-8.70077885962784e-8,1.6845634799808538e-15,7.265652619300421e-16,6.910335099670012e-16,9.294245898558307e-16,-1.4338650592420554e-15,-7.920719002739549e-16,1.59579018909727e-15,1.6492552959337724e-15,7.608123295393321e-16,-3.143542016441363e-15,-4.6013763638929565e-15,-2.3540041912813346e-15,-7.3542878404715695e-6,-2.8823457084712935e-6,-2.9103347956439323e-5,-9.715384709588194e-7,-6.912518189010519e-6,-7.790646953706954e-6,-8.038957750139377e-6,-1.6217648519451886e-5,-1.7564584730625485e-5,-1.9311454098723175e-5,-2.1138241212043032e-5,-9.183942017815596e-7,6.92904030206603e-8,-4.536828566557296e-15,2.4545179965400594e-8,1.5776535142119475e-15,-8.505829199028041e-16,2.0210230877082416e-15,-3.712826428727059e-15,3.5949078728558456e-15,1.9158678094595152e-15,-4.2677135646449765e-15,-3.918676562016125e-15,3.629700246724091e-15,4.9556777722968235e-15,7.623896377508229e-16,1.9673375679904157e-15,3.5114900283468023e-16,-5.065891605777974e-16,-0.0,-0.0,-0.0,-0.0,-0.0,-0.0,-0.0,-0.0,-0.0,-0.0,-0.0,-0.0
-0.0004937168899069891,0.0005204968692099886,-4.847492997542434e-15,1.0710852228948963e-14,-8.75888418943453e-15,-0.0022985053415716617,0.00014632845189498078,0.011401342182439905,-0.0018563798916059475,-3.0117974851242794e-13,-0.0005175728077230186,-0.00018334311121345195,6.684569613017411e-15,-0.0014189583136661264,-0.000303817331093495,0.00038653137988628336,8.846536703443495e-5,0.001131180832996098,0.00012528799135378115,6.378699010748847e-5,0.00024730601880304943,3.074050044850238e-5,7.11511393052852e-5,9.976809889277836e-5,-0.004938952628095431,0.0001908099204854323,1.8722649871981683e-5,1.5365551817833145e-15,8.474459038363655e-16,6.005374474137468e-16,7.19058678875765e-16,-1.4395761600663514e-15,-8.515708573571242e-16,1.692767172896243e-15,1.666037274704926e-15,4.326333293365144e-16,-2.744284628404791e-15,-4.693257814809865e-15,-2.6955974146088358e-15,0.00018518461160829195,0.0001665099727019959,0.00046156728279295325,9.607018403392606e-5,0.00020609380497750403,0.00012016421249547565,0.0004628414679851678,0.00036657015619595285,0.00016908137906477628,0.00661149946200376,-4.651734195409444e-5,8.364586462057962e-5,6.448498574690626e-8,-2.2744031742973607e-15,2.284292659682143e-8,1.8556211036092865e-15,-5.571116533109749e-16,2.5962506487591062e-15,-3.795564232641724e-15,3.768525181272049e-15,2.0603796710621154e-15,-4.227181084623602e-15,-3.791314793052486e-15,3.79988711350639e-15,5.220999410010946e-15,9.914736244279402e-16,2.072527989285607e-15,2.571592812868317e-16,-4.929630747424362e-16,-0.0,-0.0,-0.0,-0.0,-0.0,-0.0,-0.0,-0.0,-0.0,-0.0,-0.0,-0.0
6.785708681028749e-6,-3.6601506421081195e-5,1.8907752993848668e-15,-2.504134937682619e-15,3.907131862739218e-15,0.00016190973343323112,5.803475337490597e-5,8.566820285215111e-6,0.00014307395270627207,7.433960120522276e-14,-1.7772396148384863e-5,-6.2956290499163975e-6,-4.095266630089399e-15,0.0004897453299214163,2.205284032992642e-5,1.460175430290893e-5,1.3349905466993654e-6,0.00010323325985650336,1.0034721453811095e-5,4.84825956682598e-6,7.719781811382992e-6,1.7824525478813312e-5,6.638563238369349e-6,7.19319506190369e-6,9.563578094136381e-6,6.13973435656785e-6,-1.411009721714583e-7,-5.882442361799653e-16,-2.7937322471930357e-16,-2.330329516989087e-16,-3.3600939564964527e-16,6.721788041553674e-16,7.640820314554365e-16,-6.691328762018309e-16,-9.224177111821987e-16,-2.729234976415282e-16,1.2488508771253477e-15,1.960853713249029e-15,6.940064603458772e-16,-7.510930136384155e-6,-3.992091387652635e-6,-4.038573057273143e-5,-8.280497987341485e-6,-1.1880765570982197e-5,-7.0053277010534275e-6,-2.4919589665890673e-5,-1.5481614066198758e-5,-1.9128124091583262e-5,-2.5304522060336364e-5,-2.1594588579047422e-5,-1.6974574813684395e-6,-2.982627411792999e-8,-2.464629695847281e-15,-1.0565550952744382e-8,-9.72192638634526e-16,5.164380807624049e-18,-1.9432069395784635e-15,1.236163251709786e-15,-2.3304929059403735e-15,-1.2343205480084678e-15,8.959597753286366e-16,1.0649083844868096e-15,-1.7321993790126634e-15,-3.5186240079193052e-15,-1.0070109121957178e-15,-1.3730740065858908e-15,-1.6884957447223756e-16,2.458670641428228e-16,-0.0,-0.0,-0.0,-0.0,-0.0,-0.0,-0.0,-0.0,-0.0,-0.0,-0.0,-0.0
-1.3737454647990983e-6,8.267532100909655e-6,-8.127768389899701e-16,1.815841361140886e-16,-6.169578415344825e-16,-3.562831441553262e-5,-6.854110238659504e-6,-2.2559716637558785e-6,-3.2501552027288836e-5,1.7480658259859373e-15,4.0629935129789415e-6,1.4392600602434162e-6,-5.891586417000478e-15,-6.280743995006588e-5,-4.749316315160149e-6,-4.241033658725564e-6,-1.9919337663022063e-6,-1.803304067362246e-5,-2.869980989396585e-6,-1.7872382840106258e-6,-2.392725452920617e-6,-3.79113804622994e-6,-1.933284677065717e-6,-1.5466909401751335e-6,-2.067743596682068e-6,-6.705825287001374e-7,3.208259103348682e-8,2.70173768150994e-17,-1.8843632042090423e-17,-1.4600459453697365e-16,5.504935268675619e-17,-8.466208432529755e-17,-2.2699989361925105e-16,1.678243077136618e-16,2.2275101354780527e-16,2.16597827602783e-17,-7.593381173280165e-16,-1.5525367556368056e-18,-1.8778346715994993e-16,1.9356486686346336e-6,1.7899938741946294e-6,7.4345925079387725e-6,2.1987826655917966e-6,3.6666269866644296e-6,1.831441488982246e-6,5.240462356789307e-6,3.900229661598149e-6,4.031768652155793e-6,5.2386731608289915e-6,3.0085577651296328e-6,3.954994102124364e-7,5.464719691394219e-9,-2.9138618110721695e-16,1.9358022707692662e-9,1.404612661044493e-16,3.621438136829786e-17,2.784462533971758e-16,-3.4401242324579403e-16,3.650324284288103e-16,1.4627765188237436e-16,-3.557985191047049e-16,-4.492232598990269e-17,1.7976035970115289e-16,4.785265182677511e-16,-4.1823268383372763e-16,3.984682318043374e-16,2.3450644744005415e-17,7.995524000636133e-17,0.0,0.0,0.0,0.0,0.0,0.0,0.0,0.0,0.0,0.0,0.0,0.0
-0.004167857587063399,-0.0005676223786651899,1.4902679548122387e-15,-2.5459901642751723e-15,2.22643863795907e-15,0.002353860071364826,0.0012201854709765136,0.06927128421682305,0.0028334703562367045,-5.472410001195667e-13,-0.0020918815270807955,-0.0007410205129467779,8.432270026797683e-16,-7.550180513143152e-5,-0.0015188074680929295,0.0025901572634093296,0.0006107692433954154,0.0053460418672742985,0.0008297525670112083,0.0005981118872204463,0.0020190723176599667,0.00164548537678469,0.0013544591291555438,0.0009080071078327721,-0.0001960120159858652,-0.013082405833236624,0.00015018074266587108,-2.2166486493102762e-16,-8.917295744620049e-17,-1.599287965107167e-16,-1.873163273273567e-16,1.7739917965101384e-16,1.577878188800171e-15,-3.6625081943422303e-16,-6.90640020981292e-16,-1.5291195251341988e-16,5.894778674287047e-16,6.441447698619506e-16,7.663252970688903e-17,0.0015579851110423056,0.0013627242042383375,0.004313253666053241,0.0007978380670527911,0.0014117685361406012,0.0009102205333998012,0.0020124860783667215,0.0017582986643787431,0.000990442814707586,0.006663503358690997,0.036322454003730985,0.000695500873744559,-3.4272902510852843e-8,8.334267212328041e-15,-1.21407078151689e-8,6.701527170458163e-16,9.11519060393122e-16,1.8594296391311715e-15,1.4904223757548387e-15,4.627880964776459e-16,7.478116474185997e-16,2.6088275553134356e-15,2.331360716924598e-15,-1.6532891398143805e-16,1.522906409154782e-15,1.7423519652442316e-15,1.0409927974513713e-15,-2.482428732150671e-16,1.735773089307068e-16,-0.0,-0.0,-0.0,-0.0,-0.0,-0.0,-0.0,-0.0,-0.0,-0.0,-0.0,-0.0
-1.3521198092627514e-6,8.130966627191474e-6,-8.12748906240059e-16,1.815596463590293e-16,-6.16918482395619e-16,-3.5040040485928056e-5,-6.755384698276075e-6,-4.6673393694982244e-7,-3.195633893029369e-5,1.0948254057735281e-15,3.7550474132957017e-6,1.3301743525633444e-6,-5.890889452865618e-15,-6.471344100815778e-5,-4.665223540263571e-6,-4.176357786771029e-6,-1.9784877408830016e-6,-1.767974445252121e-5,-2.838248946453538e-6,-1.767875617015512e-6,-2.3559688332553104e-6,-3.740005528193827e-6,-1.9032475299710002e-6,-1.5196852537778587e-6,-2.0313652501692466e-6,-6.503054254013567e-7,3.205548739447805e-8,2.7012046435931926e-17,-1.884726657469742e-17,-1.4600541006979816e-16,5.5046438327702403e-17,-8.465585600321932e-17,-2.269921471910226e-16,1.6781687331052308e-16,2.227426271526324e-16,2.1658020413255804e-17,-7.593205403104872e-16,-1.533981261156657e-18,-1.8777082191450006e-16,1.9127499922657803e-6,1.7762930385614848e-6,7.333050545945187e-6,2.1792054525010303e-6,3.6266945531047966e-6,1.805564952299699e-6,5.1738303090197215e-6,3.8434057214550916e-6,3.9668951952194846e-6,5.155395448952865e-6,2.9388639733118208e-6,3.890659982401014e-7,5.4618022880116625e-9,-2.9105349744230683e-16,1.934768820573216e-9,1.4048740240421315e-16,3.624412722690558e-17,2.7852417271446794e-16,-3.4396594006125647e-16,3.650701421258805e-16,1.4630831211179217e-16,-3.557072954294573e-16,-4.484841927006397e-17,1.797638131380417e-16,4.786085935165462e-16,-4.1816756928418884e-16,3.98511791262785e-16,2.344876175064893e-17,7.995620946573695e-17,-0.0,-0.0,-0.0,-0.0,-0.0,-0.0,-0.0,-0.0,-0.0,-0.0,-0.0,-0.0
3.392838729828826e-6,-1.830065928777125e-5,9.453784267226613e-16,-1.2520653954820972e-15,1.9535589152095143e-15,8.095446193766329e-5,2.901729865102297e-5,4.283384522550724e-6,7.153660712635945e-5,3.71698199552629e-14,-8.886151918152196e-6,-3.1477981748138374e-6,-2.0355319344434032e-15,0.000244871950135449,1.1026366204326196e-5,7.300828997193556e-6,6.674726902573696e-7,5.1616424920732445e-5,5.017328139146463e-6,2.4241094985009706e-6,3.859863741002851e-6,8.912219664008117e-6,3.3192596680690183e-6,3.596579957735996e-6,4.781765554088319e-6,3.069859540619599e-6,-7.055012161929154e-8,-2.941218082710257e-16,-1.396868241943709e-16,-1.1651812910241349e-16,-1.6800407187104995e-16,3.360884384458406e-16,3.8203843839540557e-16,-3.345645319990633e-16,-4.612063254355613e-16,-1.3646150166454251e-16,6.244168251795668e-16,9.804268269379972e-16,3.470010977178374e-16,-3.755443084907985e-6,-1.996025382963278e-6,-2.0192780780072224e-5,-4.140224023510875e-6,-5.940341157848023e-6,-3.5026430513541624e-6,-1.2459735288409487e-5,-7.740762735799606e-6,-9.564016235257056e-6,-1.2652201503562895e-5,-1.0797260059966156e-5,-8.487242479686928e-7,-1.4913074942399857e-8,-1.2323181350449852e-15,-5.2827534724245645e-9,-4.860947214556964e-16,2.5826007944767575e-18,-9.716003021373693e-16,6.180777194926219e-16,-1.1652423016372614e-15,-6.1715860860839e-16,4.479758498264498e-16,5.324536765659224e-16,-8.660976415762852e-16,-1.7593065590562745e-15,-5.03510189776133e-16,-6.865324789313388e-16,-8.442452042557703e-17,1.2293443669890973e-16,-0.0,-0.0,-0.0,-0.0,-0.0,-0.0,-0.0,-0.0,-0.0,-0.0,-0.0,-0.0
-0.004171395463611932,-0.0005444199572580845,3.7459100555838405e-16,-8.149578481723887e-16,-2.157127487748669e-16,0.002251612622230321,0.001185008455460247,0.06925515284719036,0.0027427672504284958,-5.89303047290537e-13,-0.0020804833630174214,-0.0007369828687150298,2.3859671859740015e-15,-0.0003511033891385451,-0.0015324046658107219,0.0025802558060017515,0.0006093814777261476,0.0052814221764742745,0.000823122297211661,0.0005947715435161668,0.0020136925831770944,0.0016340264789885038,0.0013499329968340707,0.0009033388987786152,-0.00020198267439688544,-0.013083864018789259,0.00015024457135313384,1.6293383954951377e-16,8.915080374882995e-17,-1.504895767802796e-17,3.0493424230124915e-17,-2.3628851985468296e-16,1.1436682991100517e-15,4.355898522353874e-17,-1.4065864234026262e-16,2.301812591001382e-17,-2.1633950159816326e-16,-5.662598838148648e-16,-3.847411368832054e-16,0.0015625076654245224,0.0013652358343300053,0.0043375628355440225,0.0008030143933145742,0.0014192836715207983,0.0009145528421432721,0.002027781903214954,0.0017678693971125376,0.001002280184906683,0.00667818119701372,0.036329408331158934,0.0006964443154900962,-1.5753506637342723e-8,9.387502145404486e-15,-5.580464350624007e-9,1.2391748252873504e-15,8.688061442334649e-16,2.9475141894037613e-15,6.922490331987927e-16,1.8234797249744135e-15,1.4694185802280226e-15,1.9605819132252015e-15,1.6076700779741418e-15,8.873381958723801e-16,3.560192962517451e-15,2.2943469709583635e-15,1.8359052069748963e-15,-1.369008101382215e-16,2.976820643224375e-17,-0.0,-0.0,-0.0,-0.0,-0.0,-0.0,-0.0,-0.0,-0.0,-0.0,-0.0,-0.0
9.68905456331701e-6,-5.2720376711075315e-5,7.033403867639539e-16,-1.3417715964097696e-16,1.6799968477054916e-15,0.00022963379750928387,7.976361122091931e-5,1.2274350969817414e-5,0.00020584085396783516,1.0061406763026166e-13,-2.8422662016030482e-5,-1.0068340541126459e-5,3.922989079574263e-18,0.0010275167312066107,3.0902260715554306e-5,2.3529833736024844e-5,3.898527329807235e-6,0.0001408281588053777,1.2583095531186319e-5,7.326731084006543e-6,1.3332447795702405e-5,2.1887496445188502e-5,1.1202350092129139e-5,1.0716759022284075e-5,1.3778848667866475e-5,8.43111423762149e-6,-1.9682553350496625e-7,-2.113718220780202e-16,-2.1285144882928652e-16,4.4914586048634687e-17,-1.1674236972123612e-16,5.003504761939558e-16,-9.681664354607741e-17,-7.039773479448783e-17,-3.908412158934741e-16,-2.7666534983608424e-16,7.288143726496449e-16,1.4227398559588395e-15,3.393206641519774e-16,-1.1654255965988479e-5,-6.751924189274976e-6,-5.618960873953014e-5,-1.0747865069986328e-5,-1.769003728462136e-5,-1.1228244210901252e-5,-3.2357231115944005e-5,-2.4244469942015214e-5,-2.8199969545922878e-5,-3.555479346923501e-5,-3.043954222213019e-5,-2.3303891641402854e-6,-1.3863357461741067e-8,3.9410188449175046e-15,-4.910905257993678e-9,-7.218261316157594e-16,-1.510174131460834e-16,-4.412155263058704e-16,1.0029146218158053e-15,-3.6779209500163913e-16,-7.107372079047769e-16,9.080118373935892e-16,6.658155771247009e-16,-2.678790068185135e-16,-7.625758779574026e-16,-1.1362426424368667e-15,-6.084119862923998e-16,-3.1222315743371837e-16,2.2706332994653853e-16,-0.0,-0.0,-0.0,-0.0,-0.0,-0.0,-0.0,-0.0,-0.0,-0.0,-0.0,-0.0
-1.373822379753487e-6,8.267946973096366e-6,-8.127982705252722e-16,1.8161252018015105e-16,-6.170021283149602e-16,-3.563014963654081e-5,-6.854768054855026e-6,-2.2560687671865943e-6,-3.2503173747460535e-5,1.7472231937594372e-15,4.063194960207058e-6,1.4393314201710555e-6,-5.911763211822159e-15,-6.281299114712282e-5,-4.749566280624088e-6,-4.241199167020679e-6,-1.991948897771731e-6,-1.8034210807364614e-5,-2.8700947311986376e-6,-1.7872932380750268e-6,-2.392812955238152e-6,-3.7913400844188275e-6,-1.9333599239992723e-6,-1.5467724739122534e-6,-2.0678519983247756e-6,-6.706521217849495e-7,3.208419038595932e-8,2.702404449625034e-17,-1.8840465370396666e-17,-1.4600195309485235e-16,5.505316130465477e-17,-8.466970338135967e-17,-2.270085543523998e-16,1.6783189222307606e-16,2.2276146900073887e-16,2.166287631457094e-17,-7.59352272729551e-16,-1.5747628309920265e-18,-1.877913336037613e-16,1.935733803758335e-6,1.7900391236804317e-6,7.435050274130661e-6,2.1988765236202576e-6,3.666761652972091e-6,1.8315208931785038e-6,5.240744816429102e-6,3.900405143098063e-6,4.0319854664332736e-6,5.238959983633558e-6,3.008802536794514e-6,3.9551865059603634e-7,5.465057766433602e-9,-2.913582447074987e-16,1.935922029344461e-9,1.4047228577222343e-16,3.6214322821267793e-17,2.7846827937702346e-16,-3.440264349410999e-16,3.6505884423312294e-16,1.462916427416257e-16,-3.5580867462546457e-16,-4.493439660569112e-17,1.7977999395729224e-16,4.785664013871046e-16,-4.1822126936085275e-16,3.984837953550205e-16,2.345255863059182e-17,7.995245310786047e-17,-0.0,-0.0,-0.0,-0.0,-0.0,-0.0,-0.0,-0.0,-0.0,-0.0,-0.0,-0.0
-3.143042055947117e-5,-7.128370986450362e-5,6.857027389962535e-16,6.377308846422763e-18,1.651696639406926e-15,0.0003092289011981539,9.353885959511534e-5,0.0006547540689646665,0.0002839845281502286,9.487415959959062e-14,-4.6493552955851155e-5,-1.6469707301238653e-5,-5.837829092640224e-17,0.0010215368411048717,1.8102786012583448e-5,5.2056354969693685e-5,9.883428225211784e-6,0.0002346681186844673,1.2203512477052348e-5,1.4539164853195486e-5,3.219221004757797e-5,3.392597295009033e-5,2.23603725565801e-5,2.167454187360188e-5,9.463469088189027e-6,2.2194829367536983e-5,-0.00010592550720717173,-2.076986728189073e-16,-2.1074150328499598e-16,4.649084330219484e-17,-1.1410108137321554e-16,4.970877683414669e-16,-1.038337404967298e-16,-6.574449876697927e-17,-3.847767928520444e-16,-2.747230277123675e-16,7.206083263486737e-16,1.4112141030762122e-15,3.3364576732767263e-16,2.4380395839486857e-6,6.416294424289681e-6,-2.7905350363161675e-5,2.1326372935977382e-6,-6.320787706721648e-6,-1.9894398241289565e-6,-8.904311575081733e-6,-4.5235990968390694e-6,-2.2932709919134543e-5,3.193276198805811e-5,-3.12041519718084e-5,0.00033988540851097413,-1.3873539552126627e-8,4.042624328917914e-15,-4.914512119149829e-9,-7.06007460698083e-16,-1.4343279598297148e-16,-4.047520134374191e-16,1.0029740538076609e-15,-3.3826891147627683e-16,-6.917535475084045e-16,9.215486479853743e-16,6.758630245817967e-16,-2.512292925140917e-16,-7.116618680481243e-16,-1.1109160623112098e-15,-5.844993005163159e-16,-3.1117697104165174e-16,2.261446246799482e-16,-0.0,-0.0,-0.0,-0.0,-0.0,-0.0,-0.0,-0.0,-0.0,-0.0,-0.0,-0.0
-1.3738223797542833e-6,8.267946973092382e-6,-8.12798270525271e-16,1.81612520180155e-16,-6.170021283149574e-16,-3.563014963653652e-5,-6.8547680548411905e-6,-2.256068767184905e-6,-3.250317374746262e-5,1.7472231937567495e-15,4.063194960197855e-6,1.4393314201917475e-6,-5.90097088666311e-15,-6.281299114710628e-5,-4.749566280622827e-6,-4.241199167014794e-6,-1.9919488977704173e-6,-1.8034210807354537e-5,-2.8700947311959656e-6,-1.7872932380757646e-6,-2.3928129552300125e-6,-3.7913400844182316e-6,-1.9333599239991355e-6,-1.5467724739097517e-6,-2.0678519983256514e-6,-6.706521217837908e-7,3.208419038291941e-8,2.7024044496249938e-17,-1.8840465370396768e-17,-1.460019530948523e-16,5.505316130465459e-17,-8.466970338135913e-17,-2.270085543523997e-16,1.6783189222307572e-16,2.2276146900073823e-16,2.1662876314570632e-17,-7.593522727295491e-16,-1.5747628309904617e-18,-1.8779133360376074e-16,1.9357338037569885e-6,1.7900391236814852e-6,7.435050274122612e-6,2.1988765236197417e-6,3.666761652973159e-6,1.831520893168882e-6,5.240744816426931e-6,3.900405143099648e-6,4.031985466437336e-6,5.238959983633068e-6,3.008802536791252e-6,3.955186506121335e-7,5.465057766293768e-9,-2.913582447074976e-16,1.9359220292375333e-9,1.4047228577222252e-16,3.621432282126766e-17,2.784682793770221e-16,-3.440264349410985e-16,3.650588442331216e-16,1.4629164274162465e-16,-3.5580867462546383e-16,-4.4934396605690203e-17,1.797799939572912e-16,4.785664013871029e-16,-4.182212693608534e-16,3.9848379535501904e-16,2.3452558630591548e-17,7.995245310786059e-17,0.0,0.0,0.0,0.0,0.0,0.0,0.0,0.0,0.0,0.0,0.0,0.0
4.8445272816576645e-6,-2.6360188355531803e-5,3.516701933819759e-16,-6.70885798204835e-17,8.399984238527433e-16,0.00011481689875461775,3.988180561047262e-5,6.137175484907769e-6,0.00010292042698389344,5.0307033815131526e-14,-1.4211331008019949e-5,-5.034170270561387e-6,2.2039381679315715e-18,0.0005137583656033068,1.5451130357775523e-5,1.1764916868008448e-5,1.949263664902575e-6,7.041407940267493e-5,6.2915477655934145e-6,3.6633655420020796e-6,6.666223897846786e-6,1.0943748222589912e-5,5.6011750460648854e-6,5.3583795111408905e-6,6.889424333926889e-6,4.2155571188123465e-6,-9.841276675361978e-8,-1.0568591103900984e-16,-1.0642572441464301e-16,2.2457293024317263e-17,-5.837118486061805e-17,2.5017523809697737e-16,-4.840832177303918e-17,-3.5198867397243463e-17,-1.9542060794673648e-16,-1.3833267491804204e-16,3.6440718632482193e-16,7.113699279794184e-16,1.6966033207598775e-16,-5.82712798299493e-6,-3.375962094635102e-6,-2.809480436976484e-5,-5.3739325349933824e-6,-8.845018642310153e-6,-5.6141221054533145e-6,-1.6178615557967096e-5,-1.2122234971008669e-5,-1.4099984772959767e-5,-1.7777396734607104e-5,-1.5219771111067926e-5,-1.1651945820659355e-6,-6.931678730223961e-9,1.970509422458748e-15,-2.455452628790573e-9,-3.6091306580787933e-16,-7.550870657304176e-17,-2.2060776315293495e-16,5.014573109079012e-16,-1.838960475008188e-16,-3.553686039523878e-16,4.540059186967928e-16,3.329077885623489e-16,-1.3393950340925595e-16,-3.812879389787009e-16,-5.681213212184332e-16,-3.0420599314619955e-16,-1.5611157871685906e-16,1.1353166497326924e-16,-0.0,-0.0,-0.0,-0.0,-0.0,-0.0,-0.0,-0.0,-0.0,-0.0,-0.0,-0.0
-3.6275024140398645e-5,-4.4923091168289e-5,3.3401757885482995e-16,7.350796532341946e-17,8.116552678844955e-16,0.0001944101316302768,5.365652471520665e-5,0.000648616785782503,0.0001810624270150346,4.456672377300675e-14,-3.228201485233011e-5,-1.1435463669921283e-5,-9.384960231357704e-17,0.0005077758764618443,2.6514020800171012e-6,4.029124447950988e-5,7.934109635805826e-6,0.00016425295543564478,5.911833482315658e-6,1.087572659803296e-5,2.552588060978714e-5,2.298202244855188e-5,1.6759109934109237e-5,1.6316080160211647e-5,2.573935200697826e-6,1.7979217221344206e-5,-0.00010582709278462448,-1.0200480794388883e-16,-1.0431238177708267e-16,2.403604340466257e-17,-5.572551894734225e-17,2.4690570602028783e-16,-5.5429990500871476e-17,-3.053901632279475e-17,-1.8934838259184622e-16,-1.3638688397602593e-16,3.5618519553266196e-16,6.998239521106936e-16,1.6397537857598423e-16,8.2652596160708e-6,9.792322988377396e-6,1.8988632263010404e-7,7.50667397988335e-6,2.5243927730901004e-6,3.6247703131570384e-6,7.274587285841226e-6,7.598826307099538e-6,-8.832506722983602e-6,4.971044123382635e-5,-1.598417176403211e-5,0.00034105062218718016,-6.9415439295802786e-9,2.0720993269582695e-15,-2.458947235565613e-9,-3.4508708734222356e-16,-6.792760294335032e-17,-1.8413396435910457e-16,5.015009245934192e-16,-1.5435565400740857e-16,-3.3637574041353546e-16,4.675251584451733e-16,3.429384517876366e-16,-1.1727337581243691e-16,-3.303494376178927e-16,-5.427904440953369e-16,-2.802837533353097e-16,-1.5506302916529508e-16,1.1261112473010112e-16,-0.0,-0.0,-0.0,-0.0,-0.0,-0.0,-0.0,-0.0,-0.0,-0.0,-0.0,-0.0
-0.007483466405795885,0.0410458819114095,-9.096169451391919e-15,1.4276531150777045e-14,-1.8271390316183005e-14,-0.1780126203545287,-0.06221123242667247,-0.009469264351706022,-0.16087121386506814,5.3935093700658654e-11,0.022886354425631836,0.008107179052156346,-7.966774078859106e-14,0.11368385610344035,0.04958514133430578,-0.019017835605791913,-0.003258062031040302,-0.1085657589672954,-0.008954831303305712,-0.005622308969890349,-0.0110037145929493,-0.01571180708150425,-0.00918394416786881,-0.008497390957360747,-0.01076017729159419,-0.006625981892580904,0.00015138385753086183,3.0640849775653754e-15,1.6737467820786513e-15,9.227672845313457e-16,1.60920837207193e-15,-2.924092219881357e-15,-2.6417492842727275e-15,3.180166684911727e-15,3.618341968891048e-15,1.0997820698460732e-15,-6.578264322697114e-15,-8.881102752448854e-15,-4.917211295809694e-15,0.009178140479173688,0.005318442315050502,0.042844170862465,0.00779203365613057,0.013641288192104197,0.008961031095849855,0.023806536618847057,0.019231343288062825,0.022198440471466616,0.02744685200920132,0.023790559910334172,0.001762996212478091,3.9917447726704284e-7,-8.576931872491893e-15,1.414021153799694e-7,3.091741479487879e-15,-1.4592178631965364e-15,4.006457631731504e-15,-7.699571253870591e-15,7.023085462504367e-15,3.608093893175395e-15,-8.905182889830503e-15,-8.126839778364183e-15,7.149101066847728e-15,9.50427465625483e-15,1.0891823392502856e-15,3.4651717771447676e-15,9.6698630463334e-16,-8.89809332143761e-16,-0.0,-0.0,-0.0,-0.0,-0.0,-0.0,-0.0,-0.0,-0.0,-0.0,-0.0,-0.0
0.00022301453821897558,0.00044038506948951566,-5.178667027652001e-16,-4.722613809008386e-16,1.407777845445758e-16,-0.0019164581944801156,0.001796552985356346,0.0005761737198631861,-0.001735600858515527,-3.8859039481492803e-13,-0.0006233483935442994,-0.0002208126704848814,-7.580104840626399e-15,-0.0020691281210511296,-0.0032940202523376516,-0.0019734828369579625,-0.00011762031122304486,-0.0003089428812037146,7.946375994990427e-6,-1.755787135972938e-5,-1.8702552337829362e-5,2.3799552521265123e-5,2.3748123342368197e-5,-1.3244012578392325e-5,0.00024751053694479954,-1.8686803302899745e-5,3.796625005899678e-6,-8.984928425266647e-17,-8.87085907495387e-17,-1.9028282379851346e-16,-5.484849369243979e-18,4.8197932418306035e-17,-1.588240881283178e-16,4.369133965210839e-17,8.467281646376435e-17,-1.7153950730550633e-17,-4.943009072988798e-16,3.6531041663160854e-16,2.809875157012857e-17,-0.002971671209708007,-8.78830838530868e-5,-0.0018007609854266923,-9.545532931194696e-5,-0.00023747117577383505,-0.00014740709003780857,-0.00029798523093460555,-0.00022380485380070825,-0.000205091550634676,-0.0006611465834997137,-0.0001778914087345383,-8.333795258950866e-5,-3.511742548823914e-9,5.878047370849547e-17,-1.2439870420490527e-9,1.6982340265787316e-17,1.0089288800828536e-16,1.1354889097596152e-16,-2.980499278056268e-17,8.322492413722951e-17,-7.016613759923167e-19,2.6041647604918737e-17,2.7612772905705556e-16,-1.1172561711405418e-16,9.977189379699685e-17,-4.507988755499198e-16,2.5136399554840015e-16,-3.72424174760211e-18,1.0244861881324458e-16,-0.0,-0.0,-0.0,-0.0,-0.0,-0.0,-0.0,-0.0,-0.0,-0.0,-0.0,-0.0
0.0011466262597362056,0.0022191725719539167,7.3527793694334865e-16,-3.270043253919814e-15,3.35403778125814e-15,-0.009658691081090685,0.009219520952850575,0.0029570999356580167,-0.0087462859476106,-6.672449171812549e-12,-0.003205776967848292,-0.0011356027874222779,-1.454453923619376e-14,-0.025448275345633393,-0.0017137705505267126,-0.01007937164142805,-0.0005935800351968777,-0.0015065880180808822,5.251316227862826e-5,-8.247516181603572e-5,-8.590101767401854e-5,0.00013742237118849398,0.00012940720526752862,-6.142390016628214e-5,0.0012747989308528156,-9.287079616751616e-5,1.929243954324475e-5,-5.854707524400638e-16,-3.875568324094827e-16,-3.76098984979013e-16,-2.6183334058312825e-16,6.1203535964850195e-16,1.4005825967799466e-16,-4.846701553617027e-16,-5.036912768238652e-16,-1.7864898833636043e-16,6.268201530418205e-16,1.921451178324319e-15,9.445760572342513e-16,-0.015211624839182498,-0.00045698678514533996,-0.009243605216981234,-0.0004974447508005723,-0.001230029782284705,-0.0007616653967221617,-0.0015461610711718509,-0.0011610133706167955,-0.0010658169996848258,-0.003404098248260507,-0.0009224281247325624,-0.00042799983325731317,-4.116662384478732e-8,1.5403056655588454e-15,-1.458271513929782e-8,-5.059524182346158e-16,3.7587047996536018e-16,-5.843970259624672e-16,1.3038576361130164e-15,-1.1122053333774313e-15,-6.240683320745989e-16,1.6487354248779852e-15,1.6421792365166258e-15,-1.3496370695147881e-15,-1.5053656970503416e-15,-5.875585072248803e-16,-3.6803627823939246e-16,-1.2082428288226437e-16,1.9741442347809631e-16,-0.0,-0.0,-0.0,-0.0,-0.0,-0.0,-0.0,-0.0,-0.0,-0.0,-0.0,-0.0
-0.007482373604961926,0.041040581908344545,-9.610507764319731e-15,1.8232722760373315e-14,-1.99769635148635e-14,-0.17799015954243372,-0.062195718973017323,-0.00946856711250384,-0.16085068767010344,4.661140439655596e-11,0.0228822431138076,0.008105722675992019,-7.219593017117727e-14,0.0900460197637604,0.07322403667075611,-0.019015686213095687,-0.003259284836418095,-0.10854758618822662,-0.008955476513265255,-0.005622476208456811,-0.011002240855257021,-0.015711232263220232,-0.009182654422038465,-0.008496019385977853,-0.01075866317153898,-0.006624246830238092,0.00015136774970321508,3.3229066844215196e-15,1.817660456442832e-15,1.0112661888950282e-15,1.7432191632486879e-15,-3.2236812075416855e-15,-2.830687608437789e-15,3.424632887519402e-15,3.8905354307370765e-15,1.1943857143563379e-15,-7.197929117184012e-15,-9.631618507698558e-15,-5.371262553107333e-15,0.009176918685870925,0.0053186307169860725,0.04283740691984721,0.0077921102587383655,0.013640784218817032,0.008959790757720404,0.02380476123304246,0.01922870954140846,0.02219499988827958,0.027443237721233218,0.023785093173367036,0.001762773661542841,4.110918462100437e-7,-9.395642688945034e-15,1.4562368072241885e-7,3.348707050546317e-15,-1.5961409212639003e-15,4.353807176973606e-15,-8.337182234945303e-15,7.589566540448753e-15,3.934743800638193e-15,-9.704362407732226e-15,-8.767328531203322e-15,7.746025955463409e-15,1.0285593115909011e-14,1.1580443411433334e-15,3.764742868402408e-15,1.0517244344307771e-15,-9.21065452180079e-16,-0.0,-0.0,-0.0,-0.0,-0.0,-0.0,-0.0,-0.0,-0.0,-0.0,-0.0,-0.0
0.0002044277055965778,0.0003787082050355165,-5.016463975960982e-16,4.2879088674786175e-16,4.304292429088591e-17,-0.0016506186601786385,0.0008656765155399021,0.0005473234580320185,-0.0014745027615466998,-2.781591999586973e-13,-0.0004752654870198919,-0.00016835631962023199,-5.9729565681464835e-15,-0.0016693493416537989,-0.003316365434212999,-0.00030816292583855915,-0.0008522735623910594,-0.0008336782837703637,-9.77436506062466e-5,-1.55010197067573e-5,2.5837910451574937e-5,1.630632970208462e-5,-1.0919755017488672e-6,-2.1407066143369607e-5,0.00020024257771749114,-1.8017685313198165e-5,6.307126432953659e-6,-8.508262920960777e-17,-8.461885214890948e-17,-1.7811283182963447e-16,6.9213810509378965e-18,2.6718045118535765e-17,-1.6260268969134343e-16,5.3568509673917724e-17,9.568990838401029e-17,-1.6957291054223733e-17,-5.155544100467447e-16,3.198212583501007e-16,-1.3100147281700365e-17,-0.00014638267378643864,-0.0029428107596876636,-0.0012842886922231377,-0.0005429284407885061,-0.00022992372248243416,-0.00014421641965964264,-0.0002686749928255508,-0.0001800785137462029,-0.00019702752289979186,-0.0005764627078535316,-0.0001579645070752721,-8.977829209571392e-5,-1.971617292044773e-9,-2.675395083956277e-17,-6.984186788457346e-10,2.6393623930410544e-17,9.289004445880185e-17,1.280373877537697e-16,-7.274522756555186e-17,9.90990384470321e-17,1.0167711425903218e-17,-3.9584059872373796e-17,2.411221081340288e-16,-8.63650427532967e-17,1.1423183606658348e-16,-4.595632823169004e-16,2.5785326550975264e-16,-6.069509372929627e-18,1.0051993599227672e-16,-0.0,-0.0,-0.0,-0.0,-0.0,-0.0,-0.0,-0.0,-0.0,-0.0,-0.0,-0.0
0.0007438369224658303,0.00134972669582128,3.3955770289296436e-16,1.007001742558689e-15,1.8347215894384944e-15,-0.005883851647695558,0.003152490979275057,0.0019878037557364875,-0.005254337217906973,-4.0768577367059975e-12,-0.0017315366386595583,-0.0006133732487027652,-6.188382618458262e-15,-0.0157891668018527,-0.0020881429868370434,-0.0011048165767710099,-0.0030809290875314,-0.0029716742472269075,-0.0003463852826872994,-5.144720009962182e-5,9.979060877360849e-5,6.901848162844066e-5,1.0797725431124087e-6,-7.348304550859452e-5,0.0007304943476293587,-6.350239628393831e-5,2.27545835830036e-5,-3.884549899601933e-16,-2.6440539703000997e-16,-2.6460211858433755e-16,-1.2392854937840143e-16,3.2976576303840684e-16,1.815030700505391e-17,-2.5730909166110027e-16,-2.504556913669487e-16,-1.19308661822465e-16,1.4319210869631573e-16,1.1923453753883615e-15,4.630149173356992e-16,-0.0005351156530015564,-0.010660815486881723,-0.004669946051140325,-0.001971762428831031,-0.0008421712015162158,-0.0005269931407966589,-0.0009866506060876167,-0.0006622522383868011,-0.0007239727796422541,-0.002101125179640463,-0.0005798306854257084,-0.0003261287126479214,-2.1925356847585107e-8,6.931903246582502e-16,-7.76675875871171e-9,-2.821985225403871e-16,2.4717341855145027e-16,-2.787717375078473e-16,6.646868851569633e-16,-6.211620272756255e-16,-3.5862298369008276e-16,8.226314903354912e-16,1.0200541457463012e-15,-8.088616550699753e-16,-8.708212831519824e-16,-5.696690861006411e-16,-1.1980906190217294e-16,-8.687938468477713e-17,1.5597988140595846e-16,-0.0,-0.0,-0.0,-0.0,-0.0,-0.0,-0.0,-0.0,-0.0,-0.0,-0.0,-0.0
-0.007479765056690117,0.04102800535823214,-6.014083208081839e-15,9.206895774157421e-15,-1.3867603414515646e-14,-0.17792737876449782,-0.06217331154964089,-0.00946520771802848,-0.16079682619390834,5.0344610738441726e-11,0.02287916844209452,0.008104633515445495,-7.646459805008784e-14,0.10187892133716568,0.060990536780725794,-0.01901244224685627,-0.003260155677408099,-0.10850332811730849,-0.008949720638110491,-0.005620845979849349,-0.011001513510785887,-0.01570094968123227,-0.009181763858360944,-0.008493817531539846,-0.010755206595200666,-0.006621837316580449,0.00015130864356120195,2.68152171605945e-15,1.025226865038735e-15,9.705395425893595e-16,1.2084989929668475e-15,-2.2670925277121656e-15,-4.48554265380639e-16,2.343886851609464e-15,2.520175577780984e-15,1.2725314423384351e-15,-5.169772173795556e-15,-7.518627423387198e-15,-3.748539584614939e-15,0.009174443661784801,0.005317531749056724,0.04281893082139026,0.007787541678055522,0.013636500026703705,0.008958099537705837,0.02379148803324015,0.01922432984185372,0.022188456168945946,0.02743064671265729,0.023776828495931185,0.0017620905723066064,3.712977659206687e-7,-6.491764176366366e-15,1.315271708636459e-7,2.8163943431745755e-15,-8.69229052548012e-16,3.596619541821034e-15,-5.853589296214184e-15,5.6271834287099705e-15,2.9841206309485026e-15,-5.973529262756914e-15,-5.932972531167006e-15,5.5830664842645474e-15,8.199415198300982e-15,1.6828534051160392e-15,3.67875612630897e-15,5.030236071636614e-16,-9.632557496508578e-16,-0.0,-0.0,-0.0,-0.0,-0.0,-0.0,-0.0,-0.0,-0.0,-0.0,-0.0,-0.0
0.0017159950735277007,0.004507120903771451,-1.1319487245019675e-15,2.393875194972411e-15,-1.0802706899729797e-15,-0.01968228581528385,0.021764958671383776,0.007456215447827031,-0.01737480285030519,-1.5232134558967968e-12,-0.006067849014735028,-0.0021494527922209525,-6.424031062283008e-15,-0.011854677207006035,-0.03377630980760223,0.0010100640782712022,0.00046892296853197785,-0.01934598640728243,-1.6526183981491924e-5,-0.0010432920938800857,-0.0007669892432117933,-0.0010305244376204751,-0.00043190800340188186,-0.000600376821835472,-0.001250169537583993,-0.0003113798492027943,-1.1152972563078225e-5,8.358112697632445e-17,9.044413708277766e-17,-1.918215048754145e-16,4.3596824324422714e-17,-1.2845575292884036e-16,-4.959101060736926e-16,2.9541537755999565e-16,2.9477471157056447e-16,-8.78894146602623e-17,-8.733452690345841e-16,-2.0151800619367867e-16,-3.7460664122549838e-16,-0.004662103245671253,-0.002671527863237043,-0.03749994960176714,-0.001288421712095656,-0.003028398591542252,-0.0016304968601613381,-0.0030148244204711238,-0.0013971122694015966,-0.0023672524954925322,-0.0026333261830128914,-0.0017778407105752932,-0.0006664991737273249,-2.8853037719830495e-8,3.408431528975765e-16,-1.0220795422688792e-8,2.816413177231185e-16,1.0263421907775216e-16,5.642630959490268e-16,-4.931188106148061e-16,5.798487295546433e-16,2.8585502422441097e-16,-5.027852383306897e-16,-1.637906143178393e-16,3.8382780975256773e-16,8.104439215299918e-16,-3.7552356526303954e-16,5.449004924031864e-16,5.3442313651019455e-17,6.736383503679686e-17,-0.0,-0.0,-0.0,-0.0,-0.0,-0.0,-0.0,-0.0,-0.0,-0.0,-0.0,-0.0
0.007367714266502949,0.01931376646741581,-1.8433586629745214e-15,8.754093516363049e-15,-1.7903459227173662e-15,-0.08434259444561121,0.09341409141926972,0.032001988747527854,-0.07445170029650328,-4.7036458504341865e-11,-0.026049436047849008,-0.009227657595438043,-9.172203942565692e-15,-0.18157660161810488,-0.014013943598559666,0.004347449264307752,0.0020186255914491865,-0.0829561503784452,-6.108798478935992e-5,-0.004470909915415545,-0.003283835864467453,-0.004409049906270163,-0.001847400496257107,-0.0025714034031390936,-0.005357922554260061,-0.0013341485603304958,-4.79614803630056e-5,1.4376729867589755e-16,3.5264186666056976e-16,-3.7332274002364943e-16,-5.610963983917326e-17,-1.260058625239459e-16,-1.2231105398947152e-15,5.648770146953806e-16,3.589361541892682e-16,-4.632914944400482e-16,-9.877662898505155e-16,-4.615682423735177e-16,-7.484758056863783e-16,-0.020011212545564313,-0.011469348796255526,-0.16093637373675238,-0.005536072178047996,-0.013006809341399797,-0.00700216183481623,-0.012954175011962082,-0.006007214470354569,-0.010170551769556078,-0.011316599954305756,-0.0076378798065147285,-0.0028612314949784,-1.4789364776396713e-7,2.770176448286051e-15,-5.2389308536620464e-8,6.196112357226672e-16,3.9695513551175806e-16,1.3394185828279948e-15,-6.3519702192343e-16,9.807228291334165e-16,5.866170779682034e-16,-5.456356876398167e-16,-1.69727857335204e-16,7.262285705029042e-16,1.504902178468392e-15,-2.58065083870505e-16,9.07065828586563e-16,1.0681707673676852e-16,4.642724150846513e-17,-0.0,-0.0,-0.0,-0.0,-0.0,-0.0,-0.0,-0.0,-0.0,-0.0,-0.0,-0.0
-0.0074887117159989055,0.041075281549420396,-8.929476494962387e-15,1.665855303267084e-14,-1.9321717106550534e-14,-0.1781384854297205,-0.06225112041639476,-0.009476209663582294,-0.1609852973301994,6.452526515497853e-11,0.022901470560795487,0.008112533736963717,-7.376856952498944e-14,0.14813885122525636,0.015432185664091455,-0.019031361397721717,-0.0032610711410236367,-0.10864069689662817,-0.008962023042001173,-0.005626662912978069,-0.011011372853906036,-0.01572361741511384,-0.009190315700362372,-0.008503232121001325,-0.0107676934280373,-0.006630248004869217,0.0001514929006136914,3.2828236610423583e-15,1.6749692090737357e-15,1.0639848089737398e-15,1.764934571966289e-15,-3.032105515262191e-15,-2.7108828476015484e-15,3.258890170777206e-15,3.72768544166347e-15,1.3033938796594678e-15,-6.954555883145133e-15,-9.235845315601975e-15,-5.0437423020568986e-15,0.009184541593350224,0.005322502562281985,0.04287367621273743,0.007798017983135078,0.013651441926062427,0.008967273931224654,0.02382390826449498,0.019244642386475115,0.02221376049459746,0.02746538087320784,0.02380625464730738,0.0017642615830040663,4.0581129149634276e-7,-9.593334291182347e-15,1.4375311625295226e-7,3.1614201923722834e-15,-1.5952763138770759e-15,4.050907187407784e-15,-8.003659167519949e-15,7.239964866112433e-15,3.754855976558019e-15,-9.291930764186313e-15,-8.446134098210919e-15,7.393672263540746e-15,9.860600234676113e-15,1.1679313313703042e-15,3.6316853676086736e-15,1.021962630727032e-15,-9.56626200164513e-16,0.0,0.0,0.0,0.0,0.0,0.0,0.0,0.0,0.0,0.0,0.0,0.0
0.00019216307586011506,0.0003738857498046278,-6.203817109555367e-16,3.2200087770919984e-16,-3.2143029330712543e-16,-0.001635495484440724,0.0015341455366864327,0.0006283040200363709,-0.0014261469525906068,-3.9416917212659503e-13,-0.0005602721376389817,-0.00019846876673075296,-6.029832985498432e-15,-0.0019254644317421709,-0.0035802132241433415,-0.00016083020644320142,0.0002220427287830556,-0.0005235318935171841,-0.0015307267211996862,-1.5752059296666133e-5,-1.639300988181059e-5,-1.685156541150746e-5,4.606873303327288e-5,-3.564145038370712e-5,4.265758056970782e-5,-1.3345456098593579e-5,1.431986168956099e-6,-2.570818347895856e-17,-4.77438880641882e-17,-1.6423107998007595e-16,3.4053361873806107e-17,-2.886921101478895e-17,-2.2071858673743407e-16,1.1768619099230812e-16,1.6705752422560421e-16,-1.822869685266087e-18,-6.518964213753562e-16,1.5849322873679232e-16,-1.060947603450264e-16,-0.00018168030842254554,-0.0006173361464910172,-0.0007483174930539759,-0.003110864970330413,-0.00017496260723212648,-0.00014715333390232817,-0.00026871402984930014,-0.00025413930593801165,-0.0002548817053560353,-0.00041661350762300345,-0.00017860539863106203,-0.00010888695509728816,-3.6932886567419823e-10,-1.4011038951247326e-16,-1.3082986959094186e-10,8.728724335093489e-17,6.36365491174881e-17,2.1118267232241114e-16,-2.1607634951352382e-16,2.4546361933467095e-16,8.128054602124166e-17,-2.0799769440680712e-16,8.91121119101967e-17,5.692570231561089e-17,3.0825080064405857e-16,-4.4045073629592226e-16,3.3478179969610614e-16,1.5385399630663122e-17,8.802964777274848e-17,0.0,0.0,0.0,0.0,0.0,0.0,0.0,0.0,0.0,0.0,0.0,0.0
0.0020270544824183175,0.0038405830631324757,1.3000689050366631e-15,1.39196026252745e-15,2.7119600917765242e-15,-0.01680477699162849,0.016143882981031178,0.006606652485220916,-0.014640297392292488,-1.5634750684291e-11,-0.005910452823929362,-0.002093697337364748,-7.719539462652097e-15,-0.056721252412132495,-0.0003463618157829453,-0.0016456576322163015,0.002346105173770613,-0.005316686238916649,-0.01601631342633794,-0.00014815846861374244,-0.0001492873036382618,-0.0001405462114164832,0.0005010534245038869,-0.00035897265447469736,0.00046663277521076535,-0.0001335792710677345,1.4704981830738092e-5,-5.613910928560142e-16,-3.4942436921238675e-16,-3.457734658470182e-16,-1.826351344486616e-16,5.417494242421958e-16,-1.1633328256572615e-16,-4.004157767172318e-16,-4.1010171848670065e-16,-2.2870919538798025e-16,4.408585331308866e-16,1.788995110084994e-15,7.368214427891053e-16,-0.0019224784091438612,-0.006487282960647398,-0.007913486139846772,-0.03262605836719179,-0.001868520154101142,-0.0015595917091622022,-0.0028661798032108767,-0.002700447366998266,-0.0027094837968640486,-0.0044161472785355545,-0.0019002882222808235,-0.0011449940981518038,-5.741570969791997e-8,1.3928084715843188e-15,-2.0338732308540415e-8,-4.528801929843794e-16,3.451108899873494e-16,-4.736731358889537e-16,1.0959069461872201e-15,-9.752269128394423e-16,-5.800659838224406e-16,1.3184600527782321e-15,1.4692875913202198e-15,-1.2012228679009377e-15,-1.419349211346732e-15,-6.577508334659832e-16,-3.0313299356678154e-16,-7.395593782272933e-17,1.7042301114666454e-16,-0.0,-0.0,-0.0,-0.0,-0.0,-0.0,-0.0,-0.0,-0.0,-0.0,-0.0,-0.0
-0.007482637332895196,0.04104225704209682,-1.030712590426548e-14,1.8134260788806446e-14,-2.1640423156137146e-14,-0.17799768250622877,-0.062195585596590386,-0.009469154390592907,-0.16085649804559385,7.07119902635478e-11,0.02288179378632419,0.008105563507856366,-7.230906016498042e-14,0.16816365533628191,-0.00483455585267232,-0.019015860490130446,-0.0032596165427664398,-0.10855166588373408,-0.008957072251242473,-0.005622983006152567,-0.011002044757386285,-0.015713404621255294,-0.009182516859442977,-0.00849611105099207,-0.010758991731729927,-0.00662420221937477,0.0001513763849093154,3.625812939844798e-15,1.9647246545138562e-15,1.1008422553684291e-15,1.9103629542769396e-15,-3.4831141164228806e-15,-3.017149051148139e-15,3.713844172228353e-15,4.219140125860045e-15,1.341540684107135e-15,-7.786473799605863e-15,-1.0421141652355429e-14,-5.803477114818365e-15,0.009177056746013823,0.005318945053275814,0.04283905908372467,0.007793176907333948,0.013641706736643257,0.008959818460065876,0.023807143363756604,0.01922886754300227,0.02219540132020188,0.02744423501131326,0.02378514040699661,0.0017628830159617706,4.2387364941801886e-7,-9.867174526139522e-15,1.501514601423085e-7,3.6472787670872966e-15,-1.7350653897795602e-15,4.7847157622797356e-15,-8.972435273610383e-15,8.297096287850241e-15,4.309962367336387e-15,-1.0396050361122986e-14,-9.438446876065983e-15,8.420150932085063e-15,1.1306368427332887e-14,1.3340017581184041e-15,4.167703174886354e-15,1.1360144907207048e-15,-1.0019524374154461e-15,-0.0,-0.0,-0.0,-0.0,-0.0,-0.0,-0.0,-0.0,-0.0,-0.0,-0.0,-0.0
5.454878823860643e-5,-2.4112282036464396e-9,-7.788795108005355e-16,1.8999512737516244e-16,-5.714927600112947e-16,-3.6733320878611264e-6,4.386615079260162e-5,0.0004390562585932724,1.4711189575340057e-5,-2.320558613695094e-13,-0.00015144495499886315,-5.364731070467085e-5,-5.899678141634946e-15,-0.0007898406857991801,-0.0006991075960450157,2.4083300486524792e-5,1.5437703615927585e-5,0.00026319716144309805,8.418097452823155e-6,-0.0001512991533763654,-6.995998223440633e-7,3.1346479370875813e-6,-2.0729591518777452e-5,-0.0001152807032725518,-3.3626480601736562e-6,-2.7402413203296762e-6,1.4966228847235722e-6,1.822766067873522e-17,-2.29985066071961e-17,-1.496177625114578e-16,5.040989808513744e-17,-7.652258268514404e-17,-2.2152622223636575e-16,1.5870397321304306e-16,2.1271573301002514e-16,1.7821015130257398e-17,-7.400457636610744e-16,1.580092556790907e-17,-1.7058609369754104e-16,-3.887900178538671e-5,-3.446100385201268e-5,-0.00015062535986483722,-2.1685558474053373e-5,-0.0006047307931060936,-4.224872571808523e-5,-6.703284483629202e-5,-3.710225972987044e-5,-0.00030519457849649285,-0.00011134527612618664,-4.933860798097699e-5,-2.206990083083675e-5,3.9037526042679834e-9,-2.497924631454204e-16,1.3828509666862626e-9,1.335552740188514e-16,4.2707299391097207e-17,2.7168252244488564e-16,-3.2027888262925186e-16,3.4762609727431134e-16,1.3961006704891092e-16,-3.255469367345781e-16,-1.979880992783785e-17,1.5911270856942677e-16,4.562183825521772e-16,-4.1577819815779157e-16,3.911230585183443e-16,2.2291261487000208e-17,8.181915992393806e-17,-0.0,-0.0,-0.0,-0.0,-0.0,-0.0,-0.0,-0.0,-0.0,-0.0,-0.0,-0.0
0.0012837543427597197,-0.00018167861013409503,9.399484018782017e-18,2.58250661777372e-16,5.315054929133085e-16,0.0006983777793433496,0.0011584986411941884,0.010139448946675735,0.001052105780226673,-1.0475181509835277e-11,-0.003569501209738846,-0.0012644471415625752,-5.909307876330364e-15,-0.033271024144129344,0.0005375873194026074,0.0006465908142116292,0.0003985454852435339,0.00644466880424804,0.0002565897188313198,-0.00343769426568722,3.6448561901123545e-5,0.00015543131219930217,-0.00043394200717475844,-0.0026152797346857045,-3.185404546722607e-5,-4.8259618836128805e-5,3.3688575775377226e-5,-1.9099796001967564e-16,-1.2667932131387384e-16,-2.3296674853997487e-16,-5.946775444906624e-17,1.2102895416593557e-16,-8.113650745724557e-17,-6.089361629207343e-17,-2.988181869878543e-17,-6.849980128445512e-17,-2.828104447366007e-16,4.478921592136421e-16,2.37967340784171e-16,-0.0009359864324618752,-0.0008312780964039598,-0.003624849297718802,-0.0005467115436153508,-0.013977788418316308,-0.0010111260915960975,-0.0016557031048743001,-0.0009382938610816412,-0.007102169634176124,-0.002673929314710629,-0.0011998833372210515,-0.0005158754106650207,-3.118379921243677e-8,7.07814447751512e-16,-1.104643578062602e-8,-3.4445246448203204e-17,1.9497357542962584e-16,1.0167942376470608e-16,2.4564744930076373e-16,-7.412824106941812e-17,-2.723903883708791e-17,3.9519554866099426e-16,5.812549540643925e-16,-3.3665361190254653e-16,-8.514205592014375e-17,-3.6498397233771903e-16,2.1424196768263858e-16,-8.947346564271259e-18,1.2543378946035357e-16,-0.0,-0.0,-0.0,-0.0,-0.0,-0.0,-0.0,-0.0,-0.0,-0.0,-0.0,-0.0
-0.007482934493446696,0.04104392349492693,-1.0288909440740283e-14,1.8222388454914942e-14,-2.1741834748718328e-14,-0.1780055472619189,-0.062196827319622526,-0.009469666804143914,-0.1608638694416065,6.554460618658201e-11,0.02288270217780768,0.008105885293155637,-7.071601224925481e-14,0.15141223825860553,0.01196442350051362,-0.0190168875974866,-0.0032601264007933893,-0.10855546822845154,-0.008957674453767358,-0.0056233953909069516,-0.011002638128435842,-0.01571414943841907,-0.009182989647408383,-0.008496461293469539,-0.010759450041992075,-0.006624330949228799,0.00015138348075263624,3.618889932139268e-15,1.9946267231974174e-15,1.0816214630915768e-15,1.888730921746947e-15,-3.511595792183568e-15,-3.0669786878611033e-15,3.7247857150026674e-15,4.2386927043447695e-15,1.284351300647915e-15,-7.834915665566979e-15,-1.0476705208501301e-14,-5.8402999391733044e-15,0.00917752020657881,0.005319403190816143,0.042840776650359465,0.007793663447970584,0.013642553695335895,0.008960261367289307,0.023808262653275476,0.019229835295467988,0.02219634018425453,0.02744569113459024,0.023785755359401348,0.0017629466546267506,4.2429363473974346e-7,-9.858319716360852e-15,1.5030023420382878e-7,3.659775472200797e-15,-1.7334002788314344e-15,4.799661129621019e-15,-9.031540900061917e-15,8.318024027557438e-15,4.301490415867454e-15,-1.0496444666169518e-14,-9.4948906033129e-15,8.453770012746742e-15,1.1301931116708128e-14,1.2901567048772533e-15,4.158574638973339e-15,1.1280101183847946e-15,-9.740078405304861e-16,-0.0,-0.0,-0.0,-0.0,-0.0,-0.0,-0.0,-0.0,-0.0,-0.0,-0.0,-0.0
6.18462914445603e-5,3.639883118477501e-5,-6.97312525232234e-16,4.6920270337133094e-17,-4.1543201977736926e-16,-0.00016097649396702458,4.869688364139849e-5,0.0005176900912598058,-0.00013403416025177482,-2.2379303007163457e-13,-0.00016978593841428173,-6.014435404221943e-5,-5.897699887785768e-15,-0.0007890658614911005,-0.0007456924036453117,1.30200744472698e-5,2.1047186418133872e-6,0.0001503287801140457,1.915482598588098e-5,1.3127965887213252e-5,-0.0005052304057016927,4.740021717051917e-5,1.799678950206312e-5,1.535488655102163e-5,6.210623821110525e-5,-2.0870969565829013e-6,9.036036700773737e-7,-6.490596176502973e-18,-3.7816045330889365e-17,-1.5809265534701181e-16,3.8651361106973816e-17,-5.016682442555244e-17,-2.041338977336874e-16,1.3271636526246182e-16,1.8375877561633224e-16,1.0602744008298512e-17,-6.882368465466193e-16,9.976257864379374e-17,-1.325570579823083e-16,-4.2738431422489465e-5,-4.1796575756105475e-5,-0.00013870604970864833,-2.9671232039562424e-5,-6.404210927515577e-5,-0.0005231526301610574,-0.00012408493184156016,-7.471203215658502e-5,-7.401543709752467e-5,-0.00017954306908081808,-4.8179801707814577e-5,-2.2098222255052586e-5,2.7476404998632426e-9,-1.706428590477373e-16,9.733140260814364e-10,1.0770811247790578e-16,5.600391180341352e-17,2.3919279933627106e-16,-2.56193858118399e-16,2.895037538447107e-16,1.0731875782580644e-16,-2.485949893992368e-16,4.877263384447522e-17,9.95864600914932e-17,3.790270707711141e-16,-4.264288773564112e-16,3.615514025176387e-16,1.5625018866976875e-17,8.771368579099994e-17,0.0,0.0,0.0,0.0,0.0,0.0,0.0,0.0,0.0,0.0,0.0,0.0
0.0007326235573183204,0.00033493452216249716,5.497378125556259e-16,-1.4411579444743073e-15,1.7754662800320123e-15,-0.0014911399320247632,0.0006379894126357135,0.006034489736134058,-0.001211523695129485,-5.210494249681917e-12,-0.002014313457880496,-0.0007135430818969305,-5.8923370978839e-15,-0.01687983424025106,-0.0002230161117976888,0.000196123303965003,4.556657693083777e-5,0.0019366040051092877,0.0002528711020186953,0.0001713826617902443,-0.00584054406409095,0.0005905894414431527,0.0002294340442925221,0.00019466971191941745,0.0007429995723005524,-1.7130348251620172e-5,1.0150822843111923e-5,-3.701589123261925e-16,-2.4539553763325253e-16,-2.883459970966497e-16,-1.3934859846359026e-16,3.253068658775925e-16,4.8678127685252053e-17,-2.4950536054850246e-16,-2.4114297711945756e-16,-1.0770110972401822e-16,8.30215959046284e-17,1.2004755153022116e-15,4.689294680084118e-16,-0.000516729391776417,-0.0005042601205142886,-0.001689275908960446,-0.00036783746730673436,-0.0007824478050927028,-0.006093391675209615,-0.00149629361843818,-0.0009087758993608174,-0.0009020860620939386,-0.00214012678241979,-0.000591260536013088,-0.00026076308589815454,-2.6475754333753682e-8,1.1325259392019246e-15,-9.378675006313158e-9,-2.480406985293876e-16,2.708287996417517e-16,-1.8812693127128618e-16,6.980662819708782e-16,-5.317605414740096e-16,-3.163512792825806e-16,9.172147756526253e-16,1.067709077146376e-15,-7.723741875776782e-16,-7.025948045583224e-16,-5.149913579455386e-16,-3.798007619102254e-17,-7.033065614539434e-17,1.713755407595074e-16,-0.0,-0.0,-0.0,-0.0,-0.0,-0.0,-0.0,-0.0,-0.0,-0.0,-0.0,-0.0
-0.007486012345206098,0.0410603245988727,-8.247269518004828e-15,1.1029542139511395e-14,-1.5843546136213412e-14,-0.1780731988950287,-0.06223240657351978,-0.009472474928988743,-0.16092743577243462,2.492570550406658e-11,0.022897306454956957,0.00811105865923909,-8.093458881555844e-14,0.020031748071870203,0.14336276525217673,-0.019026417501262365,-0.003260483890077063,-0.10859890794902209,-0.008956374721574824,-0.005624462635450458,-0.011009301152064072,-0.015714410228291446,-0.00918846856882717,-0.00850073697576938,-0.010764042150090875,-0.006628166260744921,0.00015143171260506208,2.5735324027104245e-15,1.348253666660143e-15,7.984120388624568e-16,1.3797047231023527e-15,-2.3647475368028174e-15,-2.2420875479805245e-15,2.5544577262036386e-15,2.8571731169939837e-15,1.0500678513018086e-15,-5.829886373744948e-15,-7.300543598959004e-15,-4.051958646376539e-15,0.00918179367300191,0.005320859826877908,0.04285705392792844,0.00779366968000943,0.013646297835910603,0.008964953511453676,0.023811924270124817,0.01923941529210021,0.022206773926917403,0.02745559341531025,0.023798625046652176,0.0017635226608307927,3.763584348002792e-7,-6.985652696359988e-15,1.333198436477654e-7,2.6258418868211676e-15,-1.1658091476069043e-15,3.472644951486284e-15,-6.376214559665546e-15,5.899717057485468e-15,3.0533682027038126e-15,-7.324382537106378e-15,-6.647527147796398e-15,5.946141463762322e-15,8.015211119882682e-15,1.0677994219160181e-15,2.9578367903230623e-15,8.714856799062869e-16,-7.494282365472304e-16,-0.0,-0.0,-0.0,-0.0,-0.0,-0.0,-0.0,-0.0,-0.0,-0.0,-0.0,-0.0
0.0012826322211051317,0.002069414034463711,-1.1925358022737425e-15,1.4192100795234714e-15,-1.0284544481979695e-15,-0.009065517601124227,0.0023333629784616423,0.010549785261750813,-0.007842491059900675,-1.1044836182615689e-12,-0.0034790854263311083,-0.001232418582902138,-7.295128181065307e-15,-0.006542357624739084,-0.021410418119153576,-0.001254205309076907,-0.0006501095999663627,-0.002360765849408718,-0.0002433084273819658,-0.00012849947068271897,-0.0006514705327883196,-0.003810964526640297,-0.0004525901370632758,-0.00015070229547585183,-0.000569298933518513,-0.00012556449019960407,-1.4009060327232483e-5,8.299814587643941e-17,2.1755452215325815e-17,-1.260154029348936e-16,9.328359961735395e-17,-7.421818416855232e-17,-3.2312725312760027e-16,2.0788283172998826e-16,2.1456883970057058e-16,3.229659956564699e-17,-8.51461923803988e-16,-9.025180770782115e-17,-2.7706458020323307e-16,-0.001284685512846002,-0.0009713073983310262,-0.0036039230781887382,-0.0006572926080529566,-0.0010693770849102696,-0.0012954168572270872,-0.01565318063598874,-0.0013348600990105669,-0.0011138891878959513,-0.002691456308401081,-0.000999714300938522,-0.00046075395878030564,-1.3784081156093037e-8,-5.803809300713029e-18,-4.882822986797522e-9,2.2017181013742939e-16,5.30974017569866e-17,4.442715810508615e-16,-4.097595807874511e-16,5.071545521132193e-16,2.3010440963687197e-16,-4.0159084230880697e-16,-1.0676719631816595e-16,3.002300810556013e-16,6.903153401092887e-16,-3.228851346419982e-16,4.707116082399828e-16,3.1738595080162504e-17,4.652371939076606e-17,-0.0,-0.0,-0.0,-0.0,-0.0,-0.0,-0.0,-0.0,-0.0,-0.0,-0.0,-0.0
0.0021532793411271024,0.003467233349275465,-1.3857131289782938e-15,2.0837508013495748e-15,-1.1528717295807765e-15,-0.015189203757940382,0.003919865263540154,0.017705034504541618,-0.013139016516047276,-9.539752690334391e-12,-0.005840774501128353,-0.002069014741416662,-8.463757093741941e-15,-0.03578136238514887,-0.011082101110592777,-0.0021019300981571123,-0.001089609116566294,-0.0039496923466003425,-0.00040627582055242684,-0.00021442593418527945,-0.0010917111856804224,-0.006392495735020012,-0.0007582616319328541,-0.00025189558820647655,-0.0009539807337129345,-0.00021029649249338766,-2.352996635519803e-5,9.70520061844799e-17,3.0787410828595713e-17,-1.182906434468119e-16,1.0744023755491525e-16,-3.93185370136132e-17,-3.5836545256037963e-16,2.064948088065631e-16,1.7621260582388212e-16,3.668616364590926e-17,-8.644389094135725e-16,-7.48567282732816e-17,-2.918739146517232e-16,-0.00215708383129993,-0.0016311425079327366,-0.006052650915965219,-0.001104529394796793,-0.0017969756965700353,-0.0021750083222669176,-0.026271106623823648,-0.0022425434237560464,-0.0018718280693319023,-0.004520018048044956,-0.001679512425128412,-0.000773452175659565,-2.7994380635554815e-8,2.5401613443600354e-16,-9.916627820298906e-9,2.5018568635558096e-16,7.89183976759698e-17,5.253123554785295e-16,-3.8817753668834957e-16,5.454353120267036e-16,2.5684891400668003e-16,-3.4897001974447767e-16,-7.558795658251837e-17,3.194451199982194e-16,7.584146359475206e-16,-2.626147002449793e-16,4.969732691521909e-16,2.875606452504789e-17,2.774505038174391e-17,-0.0,-0.0,-0.0,-0.0,-0.0,-0.0,-0.0,-0.0,-0.0,-0.0,-0.0,-0.0
-0.007479307178424973,0.04102322123788155,-8.878995014688445e-15,1.9457993033063204e-14,-1.9294841380667674e-14,-0.17791496385185024,-0.062174502644838016,-0.00946423139833636,-0.16078297023532215,7.596019950417423e-11,0.022872560908316113,0.008102292886692232,-7.37137074152714e-14,0.18475282000173984,-0.02153392391753141,-0.019007124919205264,-0.0032565047326738495,-0.10850570273132353,-0.008950695897272896,-0.005619418586173929,-0.010997282792242874,-0.015704074445305628,-0.009178596561431582,-0.008492545264331216,-0.010754181328785837,-0.0066220944469640875,0.00015130271432567605,3.2103814434510078e-15,1.7814164955914914e-15,9.802652932217023e-16,1.683856964660663e-15,-3.124875831716422e-15,-2.8279635713115535e-15,3.3577363793293013e-15,3.823426137899219e-15,1.1325903021625757e-15,-6.893398050723142e-15,-9.368097140480289e-15,-5.246546854712724e-15,0.009172992076727646,0.005315656603569312,0.042820605678867224,0.007788242465498518,0.013634059875809134,0.008955904342057864,0.023794301519743006,0.0192204219062103,0.02218590748920242,0.02743188832223226,0.02377676943000387,0.0017620377419884949,4.067955127316275e-7,-8.887378023234021e-15,1.4410176320230936e-7,3.284370601695115e-15,-1.5297242235788526e-15,4.295781605451088e-15,-8.09906764154173e-15,7.424235531821632e-15,3.826120653020453e-15,-9.410590251820554e-15,-8.506015195878689e-15,7.554281670640182e-15,1.005235124168271e-14,1.1423936869213513e-15,3.663737440299705e-15,9.954008513821484e-16,-9.114017762661378e-16,-0.0,-0.0,-0.0,-0.0,-0.0,-0.0,-0.0,-0.0,-0.0,-0.0,-0.0,-0.0
6.6209687277231895e-6,1.646789505543486e-5,-8.080087600725978e-16,1.9968423195459256e-16,-6.101298074054866e-16,-7.17009379994888e-5,1.1659095331117964e-6,5.5959133140452037e-5,-6.306228224935126e-5,-2.363783697204282e-14,-1.6435146824720514e-5,-5.821926709103127e-6,-5.891199407409602e-15,-0.0001582644836196836,-7.884458078534779e-5,-6.896884664640466e-6,-3.5516877884991696e-6,-2.706314096659805e-5,-4.036968001003563e-6,-3.4960633770355977e-6,-4.154463775544591e-6,-5.185669454443109e-6,-1.9844984961594794e-5,-3.91781485454218e-6,-2.5976873414514777e-6,-1.2508437689163504e-6,8.771280405135243e-9,2.5905686068680027e-17,-1.9279191947649045e-17,-1.463129999861435e-16,5.455167861372352e-17,-8.357067701183842e-17,-2.267194448946548e-16,1.6668761039637348e-16,2.2144461366282405e-16,2.1093791731513485e-17,-7.563506247205845e-16,1.8486603451393575e-18,-1.860606020475609e-16,-3.8750976568719335e-6,-2.367920210513717e-6,-4.164542880792457e-6,-2.0492686909654085e-6,-3.0134963709813275e-8,-3.3612224841582875e-6,-3.5518188145496645e-6,-8.898698956355582e-5,-7.455411020063301e-6,-1.253292282586867e-5,-2.8560027261163372e-6,-2.3014395881731273e-6,5.283610040169645e-9,-2.860868697270442e-16,1.871646646447963e-9,1.3959337178593161e-16,3.697491530790986e-17,2.7768251518069076e-16,-3.410505098002729e-16,3.6282411343611456e-16,1.4527653543483384e-16,-3.5217897852639917e-16,-4.170180036985318e-17,1.7719557745319085e-16,4.756500912655293e-16,-4.1806946829361814e-16,3.9730778673682716e-16,2.297915647385644e-17,8.01461922991804e-17,-0.0,-0.0,-0.0,-0.0,-0.0,-0.0,-0.0,-0.0,-0.0,-0.0,-0.0,-0.0
0.0018498638065825102,0.0019071593666467113,3.441394091842052e-16,4.236222481018199e-15,1.0894317484427114e-15,-0.008388547286012417,0.001850112926301353,0.013477934223882129,-0.007109179402003314,-1.1598104599300244e-11,-0.0047423381112482905,-0.0016799086249703625,-6.911140122510827e-15,-0.04066316049907391,0.0013342989324118405,-0.0006192855368992358,-0.00036317361008776443,-0.002109006720152346,-0.0002730153404189887,-0.0003974697551313712,-0.0004103959211127161,-0.00032659485816414016,-0.004149578618048811,-0.000550619610567557,-0.00012478998149555328,-0.00013505027364139703,-5.365987590169913e-6,-2.4973629650507237e-16,-1.3420169392684502e-16,-2.2236643805366154e-16,-6.98301145109398e-17,1.9052576726349692e-16,-1.3777257322099624e-16,-1.1838913839063204e-16,-1.0658797518823728e-16,-1.1221364731563659e-16,-2.74559937252865e-17,8.473775705434833e-16,2.470177091764129e-16,-0.0013435717691516723,-0.0009610076417681274,-0.0026784636028971127,-0.0009815235789324636,-0.0008523610375458717,-0.0012005429476599962,-0.002030791341858436,-0.021504841763128144,-0.002655881911780947,-0.0041099486943840914,-0.0013549291753746973,-0.0006241040558874626,-3.741248743545109e-8,9.785493387983341e-16,-1.3252863662156513e-8,-8.09380681700603e-17,2.230364497095155e-16,7.314823859145173e-17,3.943270954006507e-16,-1.9564799622609914e-16,-1.1116607704800016e-16,5.469674877906677e-16,7.580296075932185e-16,-4.651663477429966e-16,-2.5292987572284727e-16,-3.863287728094369e-16,1.092572836879752e-16,-9.257134805521777e-17,1.2770986978911182e-16,0.0,0.0,0.0,0.0,0.0,0.0,0.0,0.0,0.0,0.0,0.0,0.0
-0.0074829512226955676,0.041043851061374904,-1.0857879876586869e-14,1.9360974608260857e-14,-2.2817743054724168e-14,-0.17800606784152814,-0.06219717594186016,-0.009469695818027448,-0.16086350432516716,7.027519945163932e-11,0.022881935636070955,0.008105613756196024,-7.15103983580649e-14,0.16673852374298595,-0.003406041164433459,-0.0190162561755076,-0.0032597559016521857,-0.10855683875687985,-0.008958231892464603,-0.005623364032183454,-0.011002079310627796,-0.015715138169643282,-0.009182569474999902,-0.008496339226559034,-0.010759419394586519,-0.006624356879379764,0.00015138489570538227,3.7854131982835305e-15,2.1108595158350667e-15,1.11192890083122e-15,1.968839365111411e-15,-3.6968015549350785e-15,-3.2500597634367418e-15,3.91277563300066e-15,4.4481799130970226e-15,1.3186691856034586e-15,-8.221800950069072e-15,-1.0972072010935817e-14,-6.133424638222443e-15,0.00917736191383002,0.00531924077011165,0.042841348847096915,0.00779403167198143,0.013642506492487926,0.008960000571255398,0.02380924742267769,0.0192293974646371,0.022196141006999556,0.02744599634362659,0.023785776358901754,0.0017629767338657332,4.3212645300467286e-7,-1.0384887373183703e-14,1.5307490320731516e-7,3.822965119310816e-15,-1.818834662775261e-15,5.010206904348913e-15,-9.473106671482027e-15,8.707740338714481e-15,4.511331618444491e-15,-1.1036100841759315e-14,-9.968327826963744e-15,8.864119481777816e-15,1.1824608057176996e-14,1.3133969075701496e-15,4.346154455889774e-15,1.194863621333931e-15,-9.946914364652682e-16,-0.0,-0.0,-0.0,-0.0,-0.0,-0.0,-0.0,-0.0,-0.0,-0.0,-0.0,-0.0
7.056575588775192e-6,-1.1948595766984244e-8,-8.022981751159642e-16,1.7446007297709656e-16,-5.995916841304226e-16,-1.9312441908438504e-7,5.821705276006098e-6,0.00010314016360630336,1.219850022792155e-6,-4.0308600399679754e-14,-2.674232096245588e-5,-9.473102632638462e-6,-5.8855811647097255e-15,-0.00018511971715090022,-0.00012362008743901275,-1.3806874546753385e-6,-6.444005342955441e-7,1.195221269339979e-5,1.516982985614801e-6,2.3265195032734342e-5,-3.7982134032320484e-6,-3.194554626465521e-6,2.5868679171146706e-6,-2.7683043246625755e-5,1.2767325321964446e-6,-8.623676043094679e-7,7.11747276562061e-8,2.4124655929068258e-17,-2.0312397884550885e-17,-1.4694756115954151e-16,5.356095318238636e-17,-8.194604266520202e-17,-2.2501556985303947e-16,1.647668493969436e-16,2.1937523335119775e-16,2.053551982711773e-17,-7.528406227397009e-16,6.835131585674457e-18,-1.8225355581780254e-16,-4.792342707468664e-6,-3.7312291560197747e-6,-1.579661386631641e-5,-3.4570531818520417e-6,-3.8811580234507493e-5,-6.383120620135913e-6,-7.886649769381458e-6,-1.438780984715273e-5,-8.104621241021714e-5,-2.126000131620187e-5,-6.745632843844476e-6,-2.7435277493673813e-6,5.08948340906146e-9,-2.7978816431751165e-16,1.8028799350824258e-9,1.3795732770429295e-16,3.8106991057521055e-17,2.7600327510751563e-16,-3.3627609600614936e-16,3.5929768179265935e-16,1.436791522091985e-16,-3.460504234385297e-16,-3.659128757453374e-17,1.7306816435192651e-16,4.71079004170634e-16,-4.1795181082676684e-16,3.9599165535485577e-16,2.2677045962692176e-17,8.054664484943044e-17,0.0,0.0,0.0,0.0,0.0,0.0,0.0,0.0,0.0,0.0,0.0,0.0
0.00017795221145131183,-0.00016784187678469415,-5.827326558816951e-16,1.1244656545696925e-17,-2.3052404554957135e-16,0.000718115542573164,0.000262755553169045,0.0022397006408302294,0.0006847780842182444,-1.6946504025772226e-12,-0.0006512010157552902,-0.00023067908219611284,-5.999884070564326e-15,-0.0052566174653910615,5.860153204887444e-5,5.659295321449236e-5,2.6671114656530763e-5,0.0006197933748440445,9.04581049818909e-5,0.0005311216991059558,-3.229909403933841e-5,8.912390144152699e-6,9.421085344743513e-5,-0.0005575154931768037,6.907237007522051e-5,-4.753186612483382e-6,8.636381040988864e-7,-3.714461982927703e-17,-5.2080684584950196e-17,-1.6672469742497022e-16,2.2083656270378734e-17,-2.3831059949422054e-17,-1.8149076716521276e-16,9.965491308458545e-17,1.4730828380994984e-16,-2.6122566490655132e-18,-6.156758122695669e-16,1.851978529897249e-16,-6.522264031784518e-17,-0.0001411766920338505,-0.00011565517364145492,-0.0004867308577204969,-0.000118116631164089,-0.000899917796392008,-0.00017290133151312998,-0.00027400739355713105,-0.00038510865959031395,-0.0018057150978831058,-0.0005584342805988697,-0.0002044699937404034,-6.637695302219716e-5,-2.6448251028584586e-9,-3.833739603017656e-17,-9.36893379524117e-10,8.446775973102375e-17,7.79741389499736e-17,2.2275853395108894e-16,-1.7226139498092067e-16,2.3645018881037783e-16,8.758034133067702e-17,-1.3950504639561103e-16,1.401652301105064e-16,3.049121623515209e-17,3.1142107308642997e-16,-4.129460130136387e-16,3.431017710674896e-16,6.058699140240521e-18,9.299768686845002e-17,-0.0,-0.0,-0.0,-0.0,-0.0,-0.0,-0.0,-0.0,-0.0,-0.0,-0.0,-0.0
-0.00748044845128236,0.04103185416118323,-1.259833800562148e-14,1.893173139912886e-14,-2.5478439532011653e-14,-0.17794733300079676,-0.06217453456362249,-0.009466680544795639,-0.16080928954858678,6.777002679445904e-11,0.022872641860979332,0.00810232156306824,-7.160612306928182e-14,0.1587223524292358,0.004822089969470648,-0.019009136904588417,-0.0032586012882808617,-0.10852121674218095,-0.008956417394181671,-0.005621668127314198,-0.010997673338960828,-0.015711518675992322,-0.009178940599589321,-0.008493288856920148,-0.010755744830434046,-0.006621970135977437,0.00015133762203809522,4.413156202298607e-15,1.9888749592133856e-15,1.352696864211946e-15,2.5601317627637526e-15,-3.9861689939381696e-15,-3.2732656055479574e-15,3.923890687091643e-15,4.753078128481675e-15,2.1541729365478756e-15,-9.774297213650599e-15,-1.1556966990420477e-14,-5.746707077715937e-15,0.009173730487246708,0.005317048229192476,0.042825551386096415,0.007791870326495898,0.01363796364178059,0.008956559705249579,0.02380217104131706,0.019221583219237302,0.022187909938803457,0.027433082856407647,0.023777261109339358,0.0017624862900793002,4.458365873290549e-7,-1.1304100870987723e-14,1.5793153115586487e-7,3.974095391866266e-15,-2.188772556807629e-15,5.4213184499004085e-15,-9.507100922172342e-15,9.764444527176568e-15,5.106538860120931e-15,-1.0786507679486281e-14,-1.0106165156036012e-14,9.386768222847107e-15,1.367705462734281e-14,1.9570653830332705e-15,5.2152443473628056e-15,1.5175683852979498e-15,-1.073682042809634e-15,-0.0,-0.0,-0.0,-0.0,-0.0,-0.0,-0.0,-0.0,-0.0,-0.0,-0.0,-0.0
0.00016973388967092673,0.0003742083940094106,-1.118620871602219e-15,4.700706194654311e-16,-1.0949928010182594e-15,-0.0016320615276551045,0.00024262485478756887,0.0007138077217926062,-0.0014374143880742675,-3.290912854874571e-13,-0.0003462379118842917,-0.00012265006012461354,-5.969351182807144e-15,-0.0016504671893120368,-0.0012422529645281617,-0.0002479571216486858,-0.00012702011981234598,-0.0007171960863322739,-8.050678124839745e-5,-4.462175331408744e-5,-9.560479294447161e-5,-0.00013385181969657466,-0.00011037667968059165,-4.9340181881952206e-5,-0.00023469623707801,-3.41067680700394e-5,-3.87177583956917e-6,1.2906815958075268e-16,-1.473161393710434e-17,-9.586710460635456e-17,1.4015727865314513e-16,-1.3802078416887339e-16,-2.592109772150744e-16,2.130565174858621e-16,2.8619491307864385e-16,1.2320381472203698e-16,-9.643068032783981e-16,-1.6705518285086282e-16,-2.0693344067204812e-16,-0.0001975980720517113,-0.00014552236295986112,-0.0002932383596972331,-7.261482239548787e-5,-0.00010617826251406588,-0.00011967225488911722,-0.00016949059636533464,-0.00017082606685111894,-0.00014367429854041133,-0.0015106720748211452,-9.792227651274892e-5,-5.393874413133703e-5,6.6051601317849295e-9,-4.988923289740043e-16,2.339787711832074e-9,1.9178263966482022e-16,-2.23661872677592e-17,3.627281995558087e-16,-4.33721771296008e-16,5.4925413508226e-16,2.477308800065718e-16,-4.3285862456327935e-16,-1.5162741583187829e-16,3.1778045418298615e-16,7.695868846503176e-16,-3.386520328883414e-16,5.274459766414889e-16,5.907612786211376e-17,5.193068542653694e-17,-0.0,-0.0,-0.0,-0.0,-0.0,-0.0,-0.0,-0.0,-0.0,-0.0,-0.0,-0.0
0.002530621144523302,0.005423500398378647,-5.2917374702052134e-15,4.323720425080879e-15,-7.57830810932777e-15,-0.023659704224446958,0.003684614313403439,0.010593891142445702,-0.020822534908031497,-1.0456916155828359e-11,-0.005179466192031839,-0.0018347552883471268,-7.211224822433232e-15,-0.0415411409280389,-0.0003338914267965381,-0.0036107938327814473,-0.001852143463325246,-0.010364326935780524,-0.0011516690806390765,-0.0006356453149711676,-0.0013818003038728118,-0.0019283357858763857,-0.001606715598362128,-0.0007088211301105034,-0.003444486936778011,-0.0004954818663480281,-5.773619400942511e-5,1.5197496448802262e-15,2.857299240404244e-17,5.916642629630266e-16,1.305888067481557e-15,-8.540152479955638e-16,-6.818613025844338e-16,8.16392734586647e-16,1.1376928304840705e-15,1.5222021056148532e-15,-3.756407910031454e-15,-2.3956482785790277e-15,-4.3795266974585787e-16,-0.002950686515935723,-0.00217809637863726,-0.004441787126475806,-0.0011049074275617172,-0.001621778468351226,-0.0017961094236050423,-0.002580437886917929,-0.0025815773041026353,-0.0021816104693222044,-0.02242685617599058,-0.0014904454464094643,-0.0008036284271527221,2.1498116094983438e-8,-3.314493101586685e-15,7.615413820404435e-9,8.823577503128025e-16,-8.202438106855196e-16,1.5026071942392656e-15,-1.623431739715247e-15,3.048704633031373e-15,1.6255881667595452e-15,-1.4354152841429366e-15,-1.5708352349576346e-15,2.1766681695719517e-15,4.730384268598285e-15,7.560595725464429e-16,2.290395936947053e-15,5.443764837303838e-16,-3.318925395137187e-16,-0.0,-0.0,-0.0,-0.0,-0.0,-0.0,-0.0,-0.0,-0.0,-0.0,-0.0,-0.0
-0.007482441847617914,0.04104102391149374,-1.091305053438313e-14,1.9431655181876076e-14,-2.28112508287519e-14,-0.17799362503964924,-0.062193546256429935,-0.009468989600343257,-0.16085223941389157,7.107512401677501e-11,0.02288030878235673,0.008105037465446076,-7.132310048125039e-14,0.16934603608990967,-0.0059959114158987786,-0.019014811606736598,-0.0032593136405623985,-0.10854985074275925,-0.008957506962596914,-0.005622874793662855,-0.01100123314145115,-0.015714028404695993,-0.009181877013745707,-0.008495751524576496,-0.010758672565543135,-0.006623980844943303,0.0001513741847834185,3.783909276730443e-15,2.0856261839736555e-15,1.1307187718681573e-15,1.98054814366968e-15,-3.684187543539669e-15,-3.300052520622578e-15,3.907052917862123e-15,4.468418572604343e-15,1.3512792233296062e-15,-8.199780926027867e-15,-1.0960295577872474e-14,-6.064031388550924e-15,0.009176683590148215,0.0053187418027233055,0.042838476445241365,0.0077934220662789705,0.013641407114869428,0.00895934014412778,0.023807557148996645,0.01922797402310924,0.02219459625401255,0.02744396195887542,0.023784340417977713,0.0017628589096896504,4.3204369491152297e-7,-1.000120026469736e-14,1.530455873040388e-7,3.846974548181508e-15,-1.7957959240361757e-15,5.107577604639853e-15,-9.420959472115854e-15,8.79368241058539e-15,4.548855861184467e-15,-1.0905840086053735e-14,-9.891958888777845e-15,8.869314416776411e-15,1.1973800493625399e-14,1.3981242725213333e-15,4.41475620124196e-15,1.2028875440371597e-15,-1.0165601550319604e-15,-0.0,-0.0,-0.0,-0.0,-0.0,-0.0,-0.0,-0.0,-0.0,-0.0,-0.0,-0.0
2.2622146703455253e-5,-7.405386556987937e-6,-7.883598444640247e-16,1.5659752548675025e-16,-5.69651551675673e-16,3.0698199542188725e-5,1.4259625682552473e-5,0.0002867995587265945,3.481765776453723e-5,-1.081734298797346e-13,-7.793741432447432e-5,-2.7608266528076916e-5,-5.8932075926326085e-15,-0.0003873781660319766,-0.00028642679767275554,7.770204897644653e-6,2.8509109229630533e-6,5.799565723854238e-5,5.849527863287308e-6,3.327810452080399e-6,2.893458111996719e-6,5.42122259018073e-6,3.0371032768656877e-6,3.176419003389868e-6,1.0226002251865578e-5,-6.528550946419247e-5,1.3745592914080254e-7,1.959698309400961e-17,-2.256150834035097e-17,-1.4818353160748164e-16,5.1109858437653964e-17,-7.57590788746861e-17,-2.2277649370326343e-16,1.5939718823578578e-16,2.1237074711556244e-16,1.8440549018449055e-17,-7.419891741241194e-16,2.4025869458146365e-17,-1.7655781893797345e-16,-1.1981138538764288e-5,-9.589508215134431e-6,-3.7128660815917076e-5,-8.30594061440454e-6,-1.6421017987250748e-5,-1.0837565367080193e-5,-2.461361559562565e-5,-2.2172575767688315e-5,-1.9598431491799476e-5,-4.612015479469718e-5,-0.00015183486594939335,-6.709654694113907e-6,4.426885277205389e-9,-2.5242393038001653e-16,1.5681635828807497e-9,1.3445238544992227e-16,4.1552331586607125e-17,2.7221210054076554e-16,-3.2171597531980393e-16,3.4754636065745335e-16,1.383573418424695e-16,-3.285843971529866e-16,-1.9884639609988637e-17,1.6167787323794537e-16,4.566752097608005e-16,-4.1689341825569456e-16,3.9133984571601433e-16,2.2085088430274116e-17,8.226829296571867e-17,-0.0,-0.0,-0.0,-0.0,-0.0,-0.0,-0.0,-0.0,-0.0,-0.0,-0.0,-0.0
0.0005883296765648287,-0.00037686263497108287,-1.9384208687237056e-16,-4.830297045881692e-16,5.908118199412512e-16,0.0015942528029050283,0.0005119313883766912,0.007101410150046401,0.0016217576531613771,-4.8946100638166166e-12,-0.0020110784106325053,-0.0007123971105119799,-6.661563523077475e-15,-0.015135382007143951,0.00016859420097217645,0.0002909065505981449,0.0001170191155972944,0.0018503378266030617,0.00021143915605813991,0.00012391758456549724,0.0001274895415092953,0.00022263636865026086,0.00012019394895836117,0.00011451293503323644,0.000300045905252442,-0.001588621784109692,2.6217271044844926e-6,-1.6232607625581059e-16,-1.155694953463983e-16,-2.0127979357337294e-16,-4.521617464796493e-17,1.4225662070251356e-16,-1.1445261101927474e-16,-4.7608043511744636e-17,-4.1963661559418446e-17,-5.83330112096212e-17,-3.185134630222355e-16,6.491438616757113e-16,1.013375164255118e-16,-0.00034006312434445323,-0.0002778629618580608,-0.0010877068076903115,-0.0002559731587203149,-0.0004899922385782832,-0.00030949871165683704,-0.0007284597940383526,-0.0006368201915960788,-0.0005766629954631475,-0.0012569202835642091,-0.003802303213016908,-0.0001742161233709245,-2.037912342279586e-8,6.843742176160873e-16,-7.219026707034406e-9,-1.4332789776610024e-17,1.7150336522743998e-16,1.1575455791362854e-16,2.2315816636794067e-16,-8.190502777606892e-17,-5.729110479289638e-17,3.371364001074756e-16,5.915553875088034e-16,-2.829277549438889e-16,-8.097958785693064e-17,-3.868386946812007e-16,2.1643009175688616e-16,-1.2610293772311599e-17,1.3797605566971712e-16,-0.0,-0.0,-0.0,-0.0,-0.0,-0.0,-0.0,-0.0,-0.0,-0.0,-0.0,-0.0
-0.007483168078052269,0.041045068883541265,-1.095543478732282e-14,1.9231597339070277e-14,-2.2994501356516178e-14,-0.17801133908942102,-0.062198558957480665,-0.009470004708967233,-0.16086829467470218,7.029335952416727e-11,0.02288239562863362,0.008105776702290375,-7.096628590051426e-14,0.1668507262415077,-0.0034961537352165813,-0.019016763356607378,-0.0032598909822111107,-0.1085599715843445,-0.008958636133545864,-0.005623563604527309,-0.01100233676053276,-0.015715761638991892,-0.009182786163299622,-0.008496557928926151,-0.010759721759212566,-0.006624509395839577,0.0001513897160256087,3.815653165996542e-15,2.1262163394324027e-15,1.1157517181629208e-15,1.9855327813049744e-15,-3.738544961224461e-15,-3.2483217377794555e-15,3.929029144425429e-15,4.4829967852962735e-15,1.3426841217171473e-15,-8.301234506678569e-15,-1.108651148599202e-14,-6.171725012334007e-15,0.009177618141509358,0.00531942048774782,0.04284263386279556,0.007794351251322262,0.013642955817640441,0.008960235360052748,0.023810103605834004,0.019229907372142772,0.022196735039646188,0.027446783463534852,0.02378636591188001,0.0017630328176327257,4.3351172806587517e-7,-1.065319989509658e-14,1.5356561799968025e-7,3.873552997336034e-15,-1.8222110718628223e-15,5.047758192747225e-15,-9.559264410053828e-15,8.760568620246469e-15,4.566191109691626e-15,-1.1123743924056536e-14,-1.0042540862674332e-14,8.9111666407404e-15,1.1906963296772663e-14,1.3769150077636957e-15,4.392478700551094e-15,1.219977209409225e-15,-1.0081848747961556e-15,-0.0,-0.0,-0.0,-0.0,-0.0,-0.0,-0.0,-0.0,-0.0,-0.0,-0.0,-0.0
1.0159433394590654e-5,-1.4763419678323842e-6,-7.975614305461533e-16,1.5173706617693707e-16,-5.868321666840288e-16,6.194071980159949e-6,9.065485559766913e-7,2.2230629926570408e-5,7.354413799245719e-6,-5.3111448095842995e-14,-2.053395109009353e-5,-7.273872242285639e-6,-5.866339443331695e-15,-0.0002143075248937381,-0.00013696280215065007,2.477382617516765e-6,3.27259066608851e-6,7.550848042493149e-6,4.648520281806818e-6,1.7461904730567463e-6,1.4352371317337823e-6,2.177882518865882e-6,1.8413518763160648e-6,3.909593153907689e-7,6.895412276169788e-6,-5.097841765293431e-7,-2.480884143066828e-5,2.3139965696797595e-17,-2.208211228294382e-17,-1.4574639406241353e-16,5.2905611641951994e-17,-7.75571382959934e-17,-2.2568674437328957e-16,1.6482457134674445e-16,2.159475557748092e-16,1.8071469502097603e-17,-7.46876486891053e-16,1.911782994978007e-17,-1.8075387511227455e-16,-5.971564454597468e-6,-5.5872395742768225e-6,-1.3909395187340692e-5,-5.295113435383333e-6,-8.160912553462144e-6,-5.1704900152824785e-6,-1.0801628782713775e-5,-1.0513514301076386e-5,-7.1858637327678805e-6,-2.350269904172734e-5,-7.134576712500766e-6,-5.8524881388872576e-5,5.018808701366512e-9,-2.3994124919670435e-16,1.7778443839665755e-9,1.3097293375595383e-16,3.565630136062031e-17,2.721008170545057e-16,-3.2763663569105053e-16,3.5682750501988504e-16,1.367402538469131e-16,-3.391735623130412e-16,-3.2100708266757684e-17,1.7252647510043366e-16,4.654203296814721e-16,-4.29700283077538e-16,3.898669295620573e-16,1.9660588671493682e-17,8.256189520743981e-17,0.0,0.0,0.0,0.0,0.0,0.0,0.0,0.0,0.0,0.0,0.0,0.0
0.00024510427881801344,-0.00019996111911840253,-4.797254764179581e-16,-4.770725269680088e-16,4.565403493796809e-17,0.0008581433416764627,0.00015897080087181407,0.0005210559922022777,0.0008192354699763486,-2.05969616136841e-12,-0.0005215870532645087,-0.00018476510297402458,-5.525765985548521e-15,-0.006174628378452164,4.362216128842898e-5,0.0001393287192245242,0.00011051667056861253,0.0005287145294980808,0.00015782132123570678,7.372763629493437e-5,7.940564072331543e-5,0.00012378916093476618,7.872764195016667e-5,3.98591907985598e-5,0.00018948398553994805,2.7624173566133165e-6,-0.0005308523610433268,-5.874904678329585e-17,-9.025853621611828e-17,-1.412145053805109e-16,7.795836027187354e-18,7.055295165535253e-17,-1.9529621646438444e-16,1.0025902596969236e-16,7.334434837748943e-17,-5.5416740048227835e-17,-4.87003494401871e-16,4.493912865867349e-16,-3.210150148975073e-17,-0.00016704814437605442,-0.00015587066440884303,-0.00044871220471783804,-0.00015796255414861154,-0.0002491038706907076,-0.00014780362283111883,-0.000337613260992583,-0.00030413071808079394,-0.00023569535718588478,-0.0006090038498782084,-0.00021375267452619428,-0.0012588133610146684,-4.205806910777169e-9,8.151498624914755e-16,-1.4898498870683854e-9,-6.532166815520897e-17,2.5951316357411235e-17,1.3875571599940252e-16,1.389896547284899e-17,1.8242580167704685e-16,-6.13152784505515e-17,9.385024635591215e-18,2.377963336143382e-16,1.753669380824718e-17,1.888844516948978e-16,-6.640497258064958e-16,2.1170181838227847e-16,-5.858202916339325e-17,1.36169696984975e-16,-0.0,-0.0,-0.0,-0.0,-0.0,-0.0,-0.0,-0.0,-0.0,-0.0,-0.0,-0.0
-0.010462816848188247,0.00018047325928436105,-3.8728064990514936e-14,9.482648825283315e-14,1.841741311921461e-15,-0.0007933729732253813,-0.07248335014070574,-0.020112383033228903,-0.0007228258893129168,-3.2333923321665853e-13,7.190814356397985e-6,2.5472479823244803e-6,-2.737773613189457e-13,-0.21680288992924412,-0.021729993306987678,-0.00011875320395448845,-0.00011008458700107768,-0.00022517322135017864,-8.12090806746263e-5,-6.543548433336217e-5,-8.160139822128436e-5,-8.249791584762374e-5,-6.998951568235889e-5,-3.549068860218943e-5,-4.638831361559943e-5,8.112097896735126e-6,9.714737094360009e-7,2.6020557587585368e-15,2.0361488136907457e-15,3.084061614978322e-15,2.2940527594856147e-15,-1.991285373119155e-15,8.702865370840406e-16,8.793883846015235e-16,3.125317111708733e-15,-3.183493371466476e-15,-8.677109763446942e-15,1.2733349682479942e-17,-1.5345891563536103e-16,0.01856092154689771,0.01003333386973317,0.08125120284194341,0.011492864441396947,0.01575064198689936,0.011042563912016726,0.03051039568266291,0.022110380216216273,0.0221540837338491,0.037731615565797016,0.021113898067793943,0.0015816540977816045,-0.04810535358039006,-6.41908943286728e-15,-0.01704066569933385,-5.314333961619843e-15,-3.343732186512517e-15,3.262148071605358e-15,-1.4755790552298035e-17,-7.92502026573173e-15,9.39479179615822e-17,-5.960212095448509e-15,-1.9416251772854062e-15,2.7947054210825306e-15,8.345491928763728e-15,-2.5248205300755817e-16,-3.370565942454751e-15,2.3335591189935067e-15,-7.127565936168738e-15,0.0,0.0,0.0,0.0,0.0,0.0,0.0,0.0,0.0,0.0,0.0,0.0
-0.0005378475197507009,-4.470840234586497e-5,-1.4844917321540672e-14,2.2649190301817094e-14,1.4423040530829736e-15,0.00018321461975908987,0.25895554358195766,-0.006082595599828332,0.00017958601788474083,5.5545939946247447e-14,-9.320370255336318e-5,-3.3016141009935496e-5,-6.085904468191588e-14,-0.1666752819660698,-0.010109108261645707,3.0719385480659934e-5,3.3681095553399614e-6,0.00010917769168520988,9.695474377268044e-6,6.3444847687497315e-6,1.2916743709704292e-5,9.264139860533741e-6,6.674087638396782e-6,8.2295523519045e-6,1.0608899768011006e-5,5.8240251753165015e-6,1.3539006001218795e-9,1.2749606154920804e-15,8.588907280322117e-16,1.3066594858398169e-15,1.0846267908772037e-15,-1.0568012892406986e-15,8.251618357294024e-16,5.313112194217573e-16,1.71204176319985e-15,-1.7583090197055495e-15,-4.459120167717757e-15,-1.1786860699138337e-17,-1.1300634384364171e-16,0.014963132723266078,0.006225132363496784,0.06117097856641395,0.008183133889122354,-0.004274709604086059,-0.00282421459663301,-0.0018910655811855033,-0.004155820606826821,-0.006431709171368712,0.0044111875405345715,-0.007518832913695357,-0.00014396614901859687,-0.03285429428481568,-2.1647262024255515e-14,-0.011638185857204442,-4.9522987194439365e-15,-3.557563002638196e-15,-3.736844599581984e-15,-1.6270463474051802e-15,-7.393652555291776e-15,-2.108970782111319e-15,-7.502009662196467e-15,-4.5236450720383576e-15,2.189872419107657e-16,-2.050716493971428e-15,-4.331505320396643e-15,-4.91779520618637e-15,1.1529299989137188e-15,-3.5263077163693516e-15,-0.0,-0.0,-0.0,-0.0,-0.0,-0.0,-0.0,-0.0,-0.0,-0.0,-0.0,-0.0
-0.011898177819494628,6.117916718456492e-5,-1.3359768354559646e-14,4.2435290877005436e-14,3.6695283653971115e-16,-0.0002665877556000426,0.004693809041317638,0.2382248664148206,-0.0002480802726744681,-2.0279718782983867e-13,1.2372937668587897e-5,4.382944507652153e-6,-9.214194573248547e-14,-0.027573874007054806,-0.012053357409887321,-4.9357530406936154e-5,-4.92963096400237e-5,-4.0609265107049374e-5,-3.283984765218622e-5,-2.747377289753367e-5,-3.245877600406428e-5,-2.625287020344274e-5,-2.6056783438896282e-5,-1.1507729609685617e-5,-1.5180622258685316e-5,7.905075770251303e-6,3.1274940948965897e-7,5.74396723674372e-16,4.0772075271565545e-16,6.117653602425174e-16,5.072988343123962e-16,-5.039114604774801e-16,2.1261059813200058e-16,2.8599022435604973e-16,7.953090625440787e-16,-7.900953384179362e-16,-1.879220369872254e-15,1.0029217845363147e-16,-6.27882838690962e-17,0.0014663478558152936,0.0033700854896967338,0.012568506360405584,0.0023999662973101504,0.02497950337776461,0.017294061175551774,0.03952467699215743,0.032517679394797355,0.03577552770595239,0.03942883727825111,0.03610042460978248,0.00211194843268584,-0.01225588549360142,4.200699448749873e-14,-0.00434148035512582,3.3665166870949486e-15,3.033141966820446e-15,1.2803771841304658e-14,3.894497853104211e-15,5.638464205692138e-15,5.331326897289464e-15,8.263430029678095e-15,7.308272448531382e-15,3.241631777582971e-15,1.6087752776735768e-14,8.707728755252714e-15,6.51757819390499e-15,5.588797963829647e-16,-1.5541316429511874e-15,-0.0,-0.0,-0.0,-0.0,-0.0,-0.0,-0.0,-0.0,-0.0,-0.0,-0.0,-0.0
8.262353016514373e-5,0.0001017416072009467,1.5078830460120892e-15,-5.250314592455759e-15,1.6053326923455638e-16,-0.00043992896812964895,3.263463123562903e-5,0.005069130126945718,-0.000396676931680771,-1.4162937792576348e-15,5.622777755689664e-5,1.9917923785287912e-5,5.264642005130801e-13,-0.004787077586082204,0.00024121993662121338,-5.09233517325536e-5,-3.470268412470357e-6,-0.0002774347717677748,-2.0480652834735368e-5,-1.2280101520392173e-5,-2.6817914542343278e-5,-3.511063282656625e-5,-2.011911256188356e-5,-2.128691298075231e-5,-2.6429913628059716e-5,-1.814436359728652e-5,3.6230617112834005e-7,2.2702151060903795e-16,-2.432873921188036e-15,-2.879774431471007e-15,-1.010752724102367e-15,1.777528619466041e-15,3.3138735192774135e-16,-4.2169394808210856e-17,-1.6023379096188856e-15,1.285707368169032e-15,9.831659452509531e-16,3.3750263180750115e-16,-1.9196561818064022e-17,-0.00014292071725814016,-8.347060156023275e-5,-0.0005662848568391138,-7.944150348461819e-5,-0.00012067559699648457,-8.383023920106485e-5,-0.0002217615563459032,-0.0001712784614148805,-0.00015137146810726784,-0.00032400989246644227,-0.00013581167457468588,-1.882312126821693e-5,-0.0008787972875569239,1.4929760011604526e-15,-0.0003113019587233992,1.3682015809629514e-15,9.572062458367924e-16,-1.8330974484715333e-15,6.427613222867317e-16,2.673971076840081e-15,4.230952648647402e-16,1.3276797388397798e-15,-1.6936746233181749e-15,-3.1580147899467734e-16,-2.8575859099635143e-15,1.1078963498207684e-15,9.94353546694164e-16,8.791250967264185e-16,1.6218733792151351e-15,-0.0,-0.0,-0.0,-0.0,-0.0,-0.0,-0.0,-0.0,-0.0,-0.0,-0.0,-0.0
0.005063496762820929,-2.3964827501481166e-5,-7.771677935085383e-15,-1.2657511447378183e-14,1.84227027207411e-15,9.052722854125523e-5,0.2605743305347128,0.004157813883423382,0.00010887318296161176,2.0251967730023282e-13,-0.00010565114052670031,-3.7425476116799356e-5,4.984000613520376e-13,-0.2645720320971433,0.014974409913643367,3.615329546516128e-5,3.629968586764826e-5,-3.9771939227035816e-5,2.006188957890151e-5,1.8169627423377997e-5,1.9013127510820962e-5,3.41854286982534e-6,1.1440758930010818e-5,2.3718511855700993e-6,4.314497584490173e-6,-1.1998808707107717e-5,9.653808561931574e-8,1.6855067714944264e-15,-1.3625925464130738e-15,-1.2556913171688128e-15,2.507928339333502e-16,5.335179810782858e-16,1.2535407324292843e-15,5.668356991008043e-16,4.001078424164018e-16,-7.600282244416475e-16,-4.144977349532098e-15,3.2310727722197548e-16,-1.187430059909884e-16,-0.008328651569834394,-0.0047228896874679915,-0.03373495517546468,-0.004896644006493567,-0.007644190888368398,-0.005312941885918949,-0.013981713985770118,-0.01082086392508977,-0.010374828495808513,-0.01963391378855872,-0.009960827709135743,-0.0011518980823953615,-0.04398480438626063,-2.065760265696883e-14,-0.015581017321580307,-4.050470437200345e-15,-2.904295729897516e-15,-5.305339859048434e-15,-1.000988035476557e-15,-5.455295944353752e-15,-1.7054720979687554e-15,-6.680571250531923e-15,-6.31758850703511e-15,1.0362607138405048e-16,-4.270089458862274e-15,-3.2750673209313973e-15,-4.233883435280915e-15,2.198825936425848e-15,-2.5213508157756452e-15,-0.0,-0.0,-0.0,-0.0,-0.0,-0.0,-0.0,-0.0,-0.0,-0.0,-0.0,-0.0
-0.011982382822515453,0.00017803404372782817,-1.4285892170155277e-14,7.034802168706265e-14,-3.905242739709105e-16,-0.0007632401994314325,-0.05365266314926892,-0.016489347602402893,-0.000719883072307056,-2.921110911199545e-13,0.00015338184027716373,5.433342594624792e-5,-1.1356579336631813e-13,0.18643473612729744,-0.030132786513000265,-0.00012786924090653305,-8.983035275172406e-5,-0.0002563462712897489,-7.206011221663321e-5,-5.7125714192937374e-5,-7.563425717892953e-5,-6.520910517647199e-5,-5.748492782935758e-5,-3.35171513896071e-5,-4.405973210486459e-5,3.3319006283779783e-6,5.917544541312385e-7,-2.2824664348722286e-16,-1.9447192211022918e-16,-3.037163371980279e-16,-1.9210263384285857e-16,2.1449739390551363e-16,-1.9868713612720744e-16,-1.1211932947200005e-16,-3.8491515192759744e-16,3.7216365492192895e-16,8.13541172085486e-16,-7.316689598536152e-18,-7.837084802193831e-18,0.020491756937192285,0.011327345303700576,0.08657343769744524,0.012375562142357941,0.018047966705158323,0.012604280867443474,0.034015171264574734,0.025451716068405794,0.02496504849180777,0.04482244812101795,0.02389919727377729,0.002264885694065948,0.023785314948823678,1.9439290141931564e-15,0.008425623562227843,7.653734285772908e-16,5.346674891218798e-16,1.2956446885457627e-16,1.2117364636825078e-16,1.1761478709408026e-15,1.7414223440214569e-16,9.77565588234846e-16,4.2400980459604237e-16,-1.4923640275791654e-16,-2.395092805421415e-16,3.8782114030498674e-16,6.275235791155793e-16,-2.2489316394549656e-16,7.432203040870392e-16,0.0,0.0,0.0,0.0,0.0,0.0,0.0,0.0,0.0,0.0,0.0,0.0
-0.012565814962073256,0.00018995633415219864,-1.8644828347918193e-14,8.171304836260251e-14,-1.8490291150032632e-16,-0.0008149172512764806,-0.11958770547599507,-0.01039568662355441,-0.0007723312491960002,-2.735595865095856e-13,0.00016257532063592957,5.759009102709081e-5,-1.7713810759863734e-13,0.16515651975829165,-0.0015407631341578095,-0.00014130700828931866,-0.0001090491961340344,-0.00023890584487221256,-8.261117344665668e-5,-6.650853486601031e-5,-8.50854082569775e-5,-7.116472282806762e-5,-6.525307429752994e-5,-3.529355114151592e-5,-4.680201751740007e-5,8.898969580872e-6,6.478550268633313e-7,6.067751324795691e-17,1.9589889419386557e-16,2.674056299574969e-16,1.1414024007115158e-16,-8.630752312873668e-17,-1.6064104153882901e-16,-1.1553020054593796e-17,1.533944090836108e-17,-3.835503270243217e-17,-2.363182527092331e-16,-1.9076631580309514e-17,1.7426251674949066e-17,-0.015903185030758202,-0.003532283808118217,-0.05776936079301867,-0.006911585347640608,0.032746897941116196,0.022499626802428157,0.04606498065179319,0.04095905737486788,0.04722386636518088,0.0385682667086699,0.04881749531459814,0.0025115931865341556,0.024943892142393335,5.185721650075835e-15,0.008836033738498379,5.512923092712325e-16,4.87332857269858e-16,1.763941949106316e-15,4.368699354138362e-16,8.231048305946025e-16,6.307349006254016e-16,1.174104835215977e-15,1.0478279408477216e-15,4.3238597267529307e-16,2.2115296893814012e-15,1.2042823058961344e-15,8.639331857562734e-16,1.52279290682162e-17,-2.1040779024187144e-16,-0.0,-0.0,-0.0,-0.0,-0.0,-0.0,-0.0,-0.0,-0.0,-0.0,-0.0,-0.0
0.01183940945547942,5.8806606925400575e-5,-1.813886257170978e-14,3.408030326714291e-14,1.1031205097149774e-15,-0.00026365338204139334,-0.07802290447004281,0.03055340834645287,-0.00023636195206782528,-5.674856409928966e-14,-1.7433194172295007e-5,-6.175471370036175e-6,-1.5444935630481194e-13,-0.15732329216618654,0.0013288416268630175,-2.8914414995342965e-5,-2.9999462134873414e-5,-9.644810699764266e-5,-2.3769410441246124e-5,-1.8434842082194962e-5,-2.3300247363760233e-5,-3.139862054584365e-5,-2.3084919981636747e-5,-1.1948672920084894e-5,-1.5805444587880168e-5,-2.581666522901087e-7,3.6592773451552133e-7,1.7193484304282256e-15,1.41303534109701e-15,2.11981502528191e-15,1.4636375290741077e-15,-1.300000832505189e-15,5.490114034529891e-16,5.832549631407238e-16,2.008362886597452e-15,-2.0869754715591282e-15,-5.708016216739287e-15,-1.3666390052291514e-17,7.187519838146472e-17,0.015091492923498024,0.0034291035165929804,0.054745608026873456,0.006606025445402819,-0.030800675557327118,-0.02119628993338225,-0.043394407573364976,-0.03856323445123206,-0.044514558266770976,-0.03630093353113898,-0.04612329836762461,-0.002365658760172276,-0.023574299931947686,3.19026293556617e-17,-0.008350874369207756,-3.051111087183608e-15,-1.8611905533090144e-15,3.3075917153025044e-15,2.990371459880486e-16,-4.5728340652818386e-15,5.745796723693565e-16,-3.0509193948597575e-15,-4.952346936624108e-16,2.066726017592372e-15,6.7599081669766316e-15,6.88510949151195e-16,-1.6651519643288122e-15,1.4955628399558627e-15,-4.800898934656276e-15,-0.0,-0.0,-0.0,-0.0,-0.0,-0.0,-0.0,-0.0,-0.0,-0.0,-0.0,-0.0
0.02206269448052711,0.1619998237437914,9.22513456216148e-14,-2.222376376931225e-13,-4.745705801220059e-15,0.0012245621522538877,0.05276552123943445,0.015515139287301173,0.0008240807615390582,6.597632350351917e-13,3.080138082836688e-5,1.0910969167105583e-5,5.370534028859825e-13,0.05171140670328962,0.005738914968481913,0.00014650373692048056,0.00015891992349314942,0.00029876507282022434,0.00013112553028180377,0.0001223573108888315,0.00013590064980807345,0.00014741886445887326,0.00012892271031362453,7.589593755155692e-5,6.069258184059067e-5,-7.773951277394466e-6,-1.600755765196324e-6,-6.279365927524918e-15,-4.356712477929171e-15,-6.783875872781042e-15,-5.281083519551498e-15,4.48090823902903e-15,-2.3309206928223647e-15,-2.1545083668170124e-15,-7.281472771732026e-15,7.512629551361687e-15,2.077917915023298e-14,-1.499155281993999e-16,3.5822518482108495e-16,-0.02344946839201768,-0.01284780174511397,-0.10031970431324816,-0.014275865025490239,-0.02040699204395304,-0.014266393617106703,-0.03882734509832993,-0.028746766384768894,-0.02840969292483626,-0.050106403343170555,-0.027168134116475,-0.0023977023769796947,0.0011841925774882147,1.7652700268921167e-14,0.000419484076822728,1.2968046729399011e-14,8.19813121945016e-15,-6.710612200262171e-15,8.766727284807837e-17,1.9166107528049845e-14,-3.086839421657675e-17,1.4819097776574266e-14,5.537194063382251e-15,-6.449433290085511e-15,-1.8641646119389434e-14,1.1317790066750868e-15,8.41887479136531e-15,-5.792810104964259e-15,1.6859283756021793e-14,0.0,0.0,0.0,0.0,0.0,0.0,0.0,0.0,0.0,0.0,0.0,0.0
-0.04222034792913833,-0.00014469191087636052,1.667767267181184e-14,-5.080884829400625e-14,-3.174531076989746e-16,0.0006287379865631962,0.07336276989856416,0.10380890848784459,0.0005680714772814628,4.976602838544844e-13,4.193627890857579e-6,1.4855354958046323e-6,1.0968416800815998e-13,0.12976501530595738,0.017011448946895266,0.00010990415238152679,9.475880331093081e-5,0.00014870551070848321,6.816728043290808e-5,5.6040487923896055e-5,7.046074211591021e-5,5.902901675606329e-5,5.527342403236976e-5,2.8634447452326602e-5,3.629938543975424e-5,-9.304057387487487e-6,-7.849532084934237e-7,-5.175335932869661e-16,-5.584263331252793e-16,-7.711799725419398e-16,-6.302278455132583e-16,5.027444284454035e-16,-7.38999400656431e-18,-1.0630093767598032e-16,-7.611558703780563e-16,6.522833026329497e-16,1.7435593689141355e-15,-1.0832423940893339e-18,2.496493231503215e-16,-0.017465581175903598,-0.013540161185464306,-0.05033083872108804,-0.011244984525944008,-0.020609531140669483,-0.013958620636886696,-0.0315706277370887,-0.02881510799499939,-0.021837377642357658,-0.06095172034873483,-0.02252254007900542,-0.0076296314700374955,0.04808667138883246,7.990269413150653e-15,0.01703404778766198,1.7236616100051187e-15,1.1819355744062016e-15,9.579152405193537e-16,6.155053812929272e-16,2.6276489204719067e-15,8.496899340412158e-16,2.4912767696449356e-15,1.325217879512175e-15,-2.876838651538104e-16,7.829982157736217e-17,1.2761705614971127e-15,1.5859708226258516e-15,-4.0795946322031853e-16,1.3507913736757062e-15,-0.0,-0.0,-0.0,-0.0,-0.0,-0.0,-0.0,-0.0,-0.0,-0.0,-0.0,-0.0
2.961187731944777e-19,1.3485039524503607e-17,2.059496925191995e-30,-5.565811218655989e-30,-1.0595886642931977e-30,-1.9125440665505456e-17,4.041598527711035e-18,4.826261414377129e-18,-2.3367240418223322e-17,4.923332653130742e-27,2.872018378387011e-17,5.579864538916362e-18,-2.5898270403391918e-17,3.0909356486470737e-17,2.0226658373446984e-18,-1.2038839032404283e-18,-2.402827932475324e-19,-2.3171945684395294e-18,-1.9623360573248513e-19,3.2409855115581346e-20,-7.437001376639239e-19,-7.449792168792646e-19,-3.630221850583811e-19,1.9999881647321647e-21,1.6069054402592596e-19,-8.951171701392413e-20,-7.881513893860809e-20,-2.2786516488068397e-31,-1.1165749129300417e-31,-3.453877089666562e-31,-1.0091991801130676e-31,2.475582900925411e-32,-4.611320083942194e-31,1.3026557277898528e-31,3.6878369487546097e-32,3.051715425079093e-31,-1.2451108076926583e-31,-1.85194576370299e-32,-2.155359000920584e-31,-1.9775899734220154e-18,-2.319416922812293e-18,-4.887458430433183e-18,-1.3879752738811927e-18,-1.1445420221576417e-18,-5.253316211684467e-19,-1.926370839947801e-18,2.770593043981624e-19,-1.786868536957661e-18,-3.1025799116870487e-18,5.218976952676909e-19,1.4126557006212972e-19,3.9686232042722806e-18,6.554648623123301e-31,1.4058306670087639e-18,6.8528294916719305e-31,3.662726392064237e-31,2.119210508834863e-31,-4.149925164475255e-31,1.214047389932682e-30,1.983393345071146e-31,2.0113880481866183e-31,2.655116352351727e-31,-9.907764159306157e-33,3.8316278493500525e-32,-4.439033485116669e-31,8.587451348607554e-31,-2.43621704726117e-31,7.324669858579607e-31,-0.0,-0.0,-0.0,-0.0,-0.0,-0.0,-0.0,-0.0,-0.0,-0.0,-0.0,-0.0
0.020534358321622582,0.00016567753846468553,-4.430474427111703e-14,1.0122344187035824e-13,2.350456795926345e-15,-0.0007330558882227001,-0.06097807691344471,0.044893075956070415,-0.0006689850186410856,-9.002645510989788e-14,7.128719301875973e-6,2.5252516599353974e-6,-3.189115638235762e-13,-0.2488243797887309,-0.021958275745382668,-9.780596344761494e-5,-9.33589547193758e-5,-0.00023645988675367706,-7.104555206177742e-5,-5.6269356397937054e-5,-7.04746105079034e-5,-8.021884840031784e-5,-6.389434373147047e-5,-3.265432774181309e-5,-4.3243837999367915e-5,4.134720089463573e-6,8.969243886381612e-7,3.3689142391558863e-15,2.5894859998393115e-15,3.927980048060042e-15,2.809006548481092e-15,-2.4648025489376324e-15,1.2000030633493038e-15,1.159818075274262e-15,3.863533026580798e-15,-4.053317544439082e-15,-1.1162620353577598e-14,-4.173114710514019e-17,1.093920550545174e-16,0.016585393618012628,0.005924388321159547,0.09196041397241182,0.009947729265061604,0.00977961193895952,0.007222731116780336,0.025140313199033947,0.013819013010189743,0.019060080651083864,0.014868451968885699,0.01690774854055347,-0.003134924807270841,-0.04090584474298104,-8.243405957841787e-15,-0.014490337842526405,-6.8831093520040515e-15,-4.4008664852343555e-15,3.970953392966699e-15,-1.2895573221623057e-16,-1.0274202250730606e-14,1.524050398579262e-16,-7.894097519264263e-15,-2.684329149773202e-15,3.5122402496823e-15,1.0327593453387501e-14,-4.4198899628192026e-16,-4.635596436055235e-15,2.9587251181940153e-15,-9.265562424125484e-15,-0.0,-0.0,-0.0,-0.0,-0.0,-0.0,-0.0,-0.0,-0.0,-0.0,-0.0,-0.0
-0.0597273168315359,0.00010888527361222272,-1.2130134114290575e-13,1.8820985103663164e-13,1.0269775392344272e-14,-0.0005368385099987659,0.46179642355177625,0.4066069474327949,-0.0004952035099279696,1.839808244827733e-12,-2.1347029889713945e-5,-7.561894187860643e-6,-3.903321048602142e-13,-0.49697871032390584,-0.1366579894996666,2.6181552295328522e-5,-2.5942874667732556e-5,-0.00034050608473347184,-3.0242916759993256e-5,-1.734739838370525e-5,-1.8159655281300586e-5,-0.00010032752528403712,-5.0289222283777945e-5,-2.1914397618325883e-5,-3.473006444041396e-5,-1.4405779482204664e-5,7.535447136418026e-7,1.2684623982759358e-14,6.936752529506924e-15,1.1795518370272124e-14,9.197934101852735e-15,-8.005188971021162e-15,6.183360965400489e-15,4.9044201523091916e-15,1.3608257692472651e-14,-1.469542110154619e-14,-4.1605357959087264e-14,2.498467996895339e-16,2.2182842383045906e-16,0.08997233745161747,0.07834671752810017,0.3991602389582627,0.06409075120269955,0.08053178572049549,0.019634870906682825,0.18043286845023354,0.12636865518197316,0.017933238042874743,0.4036460302483975,0.0310945675438401,0.007379008784932398,-0.014632525667448605,-3.1378827855252e-14,-0.0051833727366687385,-2.59366354358276e-14,-1.667666497537119e-14,1.2386645534598083e-14,3.9096272033268833e-16,-3.782068766487005e-14,1.1355405916397385e-15,-2.999047097903781e-14,-1.2858446306907296e-14,1.256206744180042e-14,3.5492461437142544e-14,-2.056242676006175e-15,-1.7300654229395275e-14,1.2300766587096373e-14,-3.3844730714620124e-14,0.0,0.0,0.0,0.0,0.0,0.0,0.0,0.0,0.0,0.0,0.0,0.0
-0.01286866233118726,-5.3382145270055945e-6,-2.3480783968823658e-14,5.1166158898237645e-14,1.6939132197017358e-15,1.1574473189765126e-5,0.26604064785618375,0.23183609735988492,2.060512777826074e-5,-1.253351569867575e-13,-9.222874418494015e-5,-3.267077528746643e-5,-1.1099037483945271e-13,-0.1909024718695702,-0.02190108219014232,-3.305229818847573e-6,-3.185519488806761e-5,9.337105534420861e-5,-1.2999205498349366e-5,-1.290029816006415e-5,-9.4569635241338e-6,-7.554232014800108e-6,-1.0995965880435485e-5,8.138282732039367e-7,9.166477437843852e-7,1.2239004809767948e-5,2.197731012988055e-7,1.6155365833056187e-15,1.0487010921465839e-15,1.6018441791282644e-15,1.3790521468759678e-15,-1.3614940148874087e-15,9.569815794715886e-16,7.348179607880816e-16,2.217063896576651e-15,-2.2452080304304976e-15,-5.53037708880032e-15,9.759215662244598e-17,-1.8516317146418918e-16,0.018151295725261904,0.010423826345244048,0.07142603499118316,0.015591296291720716,0.020292299171113505,0.014987252991541205,0.034865175203553284,0.02952144582701054,0.028639779796739245,0.04532964890912146,0.031414978042301554,0.0020668230643387424,-0.04464858024885857,2.165858788349273e-14,-0.0158161508718382,-1.0069580301660358e-15,-1.3999746337666519e-16,8.951806924440416e-15,2.3485708653199687e-15,-8.780481624209744e-16,3.2993985277095698e-15,1.4939645405018886e-15,3.076252831163075e-15,3.2502415465032118e-15,1.348834936456896e-14,4.571067507287796e-15,2.0564187725701682e-15,1.518179471829666e-15,-4.406378757653605e-15,-0.0,-0.0,-0.0,-0.0,-0.0,-0.0,-0.0,-0.0,-0.0,-0.0,-0.0,-0.0
-0.012065032932581595,4.6944042434418206e-5,-1.0441773595084652e-14,3.3642779049059475e-14,2.6551319465730143e-16,-0.0002046615021335811,0.004646665836130008,0.2384528881500543,-0.00019001879082583128,-1.8706194998599794e-13,4.810199287897785e-6,1.7039475345171839e-6,-6.667846153681145e-14,-0.02638715247157711,-0.01135956761115348,-3.934701032609318e-5,-4.028116087436328e-5,-2.4041133106234967e-5,-2.6290301483840294e-5,-2.2170348358026e-5,-2.591965076656571e-5,-2.0158553825601904e-5,-2.0649566057211126e-5,-8.83084983004607e-6,-1.1600062098046983e-5,6.998391450321491e-6,2.5173325858876197e-7,4.341370191407957e-16,2.798473202924224e-16,4.2491491331864996e-16,3.805892297033551e-16,-3.8504587490588354e-16,1.6232356763343996e-16,2.362899343497982e-16,6.218765337315548e-16,-6.084451853115188e-16,-1.3948718005266276e-15,1.0616904907571476e-16,-6.737184289520213e-17,0.0014628437114417917,0.0033601379653586884,0.012266459093063248,0.0023741990011943975,0.024468689696654024,0.017750904956132702,0.036351672025518554,0.03326176433518365,0.034970430891544016,0.039592968952234596,0.03889167589457554,0.002166743634224091,-0.011993094171785627,4.2933619898112144e-14,-0.004248390111931292,3.729664479052254e-15,3.276972734302979e-15,1.2778209351999026e-14,3.9558993166808366e-15,6.188050145949221e-15,5.394724778996083e-15,8.736738301872523e-15,7.512625345660883e-15,3.1248550165412644e-15,1.5809435311783384e-14,8.856086567614308e-15,6.815489188242489e-15,4.4234859812279305e-16,-1.1520892200534746e-15,-0.0,-0.0,-0.0,-0.0,-0.0,-0.0,-0.0,-0.0,-0.0,-0.0,-0.0,-0.0
-0.0008036293986056618,-5.228225696140464e-5,-1.3039010373738996e-14,1.7523379849178186e-14,1.4284000250444293e-15,0.00021623597532321797,0.26139398202005404,-0.006616790790169488,0.00021062391860402467,6.172679299922486e-14,-9.703894347286455e-5,-3.4374722821975546e-5,-4.430216859193675e-14,-0.16451531939799302,-0.010541514578988848,3.6041780507202526e-5,8.425965986287633e-6,0.0001174121884504158,1.3291095985499756e-5,9.270050197955789e-6,1.6462687242412724e-5,1.260432181078729e-5,9.65360017679231e-6,9.644678103259726e-6,1.2516709841829146e-5,5.240613359444226e-6,-3.1960157290744314e-8,1.1813995641648216e-15,7.68853771854161e-16,1.1769292658096132e-15,9.984629171726114e-16,-9.764481399815234e-16,7.946580118381469e-16,4.985280264382829e-16,1.5951873628450963e-15,-1.6367628451189782e-15,-4.1355052882736884e-15,-8.576892453265648e-18,-1.1779132856898666e-16,0.016688452013820094,0.007063688379885475,0.05915957589811993,0.013217097290526319,-0.004176390525540327,-0.0027636519645915154,-0.0014864968219653544,-0.003740318508173121,-0.006330651094804481,0.005736679956886949,-0.007476697852273997,-9.992056988553043e-5,-0.032655486077073,-2.1275032014619458e-14,-0.011567760759906913,-4.736622509218291e-15,-3.4169701976796465e-15,-3.826402427558628e-15,-1.6073284513608698e-15,-7.066098308370198e-15,-2.095326251286522e-15,-7.242773761370641e-15,-4.436372514497816e-15,1.2538652996194864e-16,-2.321085947214444e-15,-4.28501906032652e-15,-4.759070415672327e-15,1.0758308737068716e-15,-3.2542895376001285e-15,-0.0,-0.0,-0.0,-0.0,-0.0,-0.0,-0.0,-0.0,-0.0,-0.0,-0.0,-0.0
-0.030546901673110652,-2.567711456904152e-5,-5.4099330995263135e-14,7.81369587316684e-14,4.802765653634607e-15,8.066213250454294e-5,0.23075038994396108,0.20740497456076662,7.173503600690639e-5,9.506204073160953e-13,-5.425819824967922e-5,-1.922022698637061e-5,-1.6073816388899794e-13,-0.2551652275128021,-0.06677976121728166,5.690310665909516e-5,1.1578438082445847e-5,-5.553203054560971e-6,1.0287349558688449e-5,9.9929734672058e-6,1.848458825638184e-5,-1.7144568924329838e-5,-1.7564664396578428e-6,5.043078074515092e-6,3.419934208840259e-6,-1.5761547292869454e-6,5.80753416402965e-8,5.836503950458291e-15,3.13342657913299e-15,5.317952610749174e-15,4.230346299013597e-15,-3.609412472517966e-15,2.8969542984956126e-15,2.2477125975213595e-15,6.215927068463006e-15,-6.744714275705352e-15,-1.905433257584506e-14,1.2259661713193636e-16,1.1157388155975646e-16,0.05152466922647483,0.0392698347365404,0.19229796698107463,0.040264501272417916,0.04881844683967697,0.03258778541981377,0.08323779784075551,0.06337633952445088,0.05089766427618198,0.11999538755800068,0.0505864477766268,0.015532391479101728,-0.006649748735972301,-1.1613124471622704e-14,-0.0023555828356011705,-1.1599261303022385e-14,-7.390099541031235e-15,6.376302465801489e-15,4.865583084805882e-16,-1.691725637901202e-14,8.274276547152862e-16,-1.315018693631374e-14,-5.4914322403916384e-15,5.885845201039182e-15,1.7084507133139543e-14,-3.8599670786030735e-16,-7.448737611497759e-15,5.7111699079493254e-15,-1.5528609079576138e-14,-0.0,-0.0,-0.0,-0.0,-0.0,-0.0,-0.0,-0.0,-0.0,-0.0,-0.0,-0.0
-0.012370125480809617,7.99766327081826e-5,-3.065245454929553e-14,1.2248152838744246e-13,-8.37267077198352e-16,-0.0003430516789342357,-0.2851545832555339,-0.06777888990615702,-0.0003432131112613763,-7.584687553378112e-13,3.4313167576093784e-5,1.2154971598882789e-5,-1.4398087797476195e-12,-0.21699130509849726,-0.014853435388962792,-0.00010398617944855349,-0.00015656802426918326,0.00019915425214875318,-8.277149354197818e-5,-7.513099033616185e-5,-7.402912646373822e-5,-4.1074294851063405e-5,-5.9702907974923883e-5,-1.1567293003908643e-5,-1.7778168949833546e-5,4.817906966778347e-5,4.5735514733727755e-7,1.8723091717777805e-16,6.2719195069078795e-15,7.637469418980884e-15,2.9855760756139975e-15,-4.545363895362942e-15,-9.008122177280413e-16,1.6097932633407872e-16,4.189130381241448e-15,-3.43681865321966e-15,-3.709328553799879e-15,-1.1382070755862256e-15,-1.199455901361379e-16,0.028371602770463675,0.012756898606232695,0.1538618789079623,0.020371204371351467,0.01760031456083998,0.012899592773897224,0.04323250285606312,0.02369529724967357,0.02898083017029854,0.027730937134394857,0.026919475379881846,-0.0024700554635635075,-0.010231628125335651,6.792290683841955e-15,-0.0036244147785448014,-2.6510057924427287e-15,-1.673153514750269e-15,8.422625455111408e-15,-5.07234169527087e-16,-5.409800248412814e-15,4.3253843525911557e-16,-1.345799506672407e-15,5.593337240802967e-15,2.287889438554863e-15,1.255266750022473e-14,5.50126847077477e-16,-9.166056250417474e-16,-1.5424215714462124e-15,-5.249302812184662e-15,-0.0,-0.0,-0.0,-0.0,-0.0,-0.0,-0.0,-0.0,-0.0,-0.0,-0.0,-0.0
-0.001907311174604333,-0.00010048280684502894,8.075684794854555e-15,2.7654831761381373e-14,-2.679017663951202e-15,0.0004502613383776628,-0.21267125507351617,-0.04766651000248336,0.0003795586601829236,-4.350402903745057e-13,2.7130012981957556e-5,9.61043698281496e-6,-1.1661817117305455e-12,-0.00018832634397599658,0.006876549977917356,1.4760826957429327e-5,-4.648424060264983e-5,0.00042429007115519417,-1.5652953564286115e-6,-9.697271122911503e-6,7.568685166220675e-6,4.141830627849194e-5,1.0283578263794582e-5,2.3920524785032668e-5,2.860651161382796e-5,4.006461966825583e-5,-5.140676538030294e-7,-2.4148297014834055e-15,4.235787593444715e-15,4.553527530396331e-15,6.913893032288405e-16,-2.5541111709191245e-15,-1.7710822189112475e-15,-7.184171780564079e-16,1.0638152353709637e-15,-2.5340034580475366e-16,4.967743023444318e-15,-1.150938202854136e-15,3.354767334390293e-17,0.00981068428031425,0.002723566376636468,0.07261069076371789,0.008878342479962626,0.0018496769844608275,0.0018570318314803079,0.012722115231516777,0.0015849234420851437,0.006826753938361527,-0.010000669158063007,0.005805585641493441,-0.004051708957839325,0.03787372545530787,1.3211207461911527e-14,0.013416250920878841,2.6633820050143063e-15,1.6705998321278872e-15,5.160558556134522e-15,-4.923989783971602e-16,2.5151370834238194e-15,3.3858875542789903e-16,4.614365978461914e-15,7.534848922989303e-15,-5.068947722613135e-16,4.2072053245932e-15,8.025731452972489e-16,2.4539398975136227e-15,-3.875969250451409e-15,1.878129886199999e-15,-0.0,-0.0,-0.0,-0.0,-0.0,-0.0,-0.0,-0.0,-0.0,-0.0,-0.0,-0.0
-0.02916468270140412,0.00013343710020130762,-6.70494426239966e-14,1.0958003391902021e-13,5.462840746054377e-15,-0.0006126226008156557,0.2310605061033427,0.1992385142356572,-0.0005624002375854283,8.896799253458149e-13,3.220530514407483e-5,1.1408290376862458e-5,-2.286056021342705e-13,-0.24199012700782593,-0.06992815104846069,-3.0002971160778384e-5,-3.701225634773096e-5,-0.0003331108850802633,-4.010119915435398e-5,-2.7007165797063115e-5,-3.619592434101313e-5,-8.272921081707444e-5,-4.816744753514639e-5,-2.674022448718372e-5,-3.7864508706489946e-5,-1.2820549000295934e-5,6.911028504016162e-7,6.842051741688958e-15,3.799255476529457e-15,6.4711678436642946e-15,4.962739284104943e-15,-4.391651262663476e-15,3.284251471631463e-15,2.654611041452454e-15,7.385823101533688e-15,-7.943672761521374e-15,-2.2530618448025374e-14,1.2723966422072692e-16,1.1008757777208005e-16,0.03842091021243903,0.039032066762654506,0.20715475043549142,0.023900511045952547,0.03165203103418844,-0.012968623902252868,0.09720157089993604,0.06291767014142916,-0.03305977102043676,0.28348915002782965,-0.019501556245404002,-0.008156558886624567,-0.008015938533015235,-1.9722227976166123e-14,-0.002839536946330098,-1.4322111352507675e-14,-9.276288154136306e-15,6.0115614859771785e-15,-9.288041484331979e-17,-2.0880734556391916e-14,3.111082127545047e-16,-1.681965298048737e-14,-7.356285916717361e-15,6.67172485459361e-15,1.8399000081425566e-14,-1.6633268803988665e-15,-9.838905389476864e-15,6.58416869520696e-15,-1.829988787403275e-14,-0.0,-0.0,-0.0,-0.0,-0.0,-0.0,-0.0,-0.0,-0.0,-0.0,-0.0,-0.0
-1.66517783088225e-5,9.191854462725124e-6,-3.5324262927438924e-16,3.408903653036011e-15,-6.737374831570979e-17,-4.011107451298269e-5,0.0005725475831209844,0.00012430709559892262,-3.536854325795077e-5,-1.9257973123060435e-15,5.117000923994408e-6,1.8126278192738674e-6,1.0668128417758639e-14,-0.0003437633045655146,-8.629666948208578e-5,-2.677039432840699e-6,2.063002480129851e-6,-3.2217650870303603e-5,-7.721250972812073e-7,-4.93098258553066e-8,-1.4335510662633934e-6,-3.5540552925818367e-6,-1.3607052734042625e-6,-2.0023881299111674e-6,-2.4995389796322173e-6,-2.647190032897593e-6,3.2042573144347196e-8,-4.5779355218761945e-17,-6.630644984617393e-17,1.2660271780270627e-16,-1.4648111192967813e-16,-2.809387026250461e-17,5.1648657752436014e-17,2.1198610958507272e-17,-1.6688459817320516e-17,-4.5081397196529405e-17,-6.902549403484607e-18,-6.681030522352484e-18,4.088238662296615e-18,6.153346247428005e-6,1.0745153503669197e-5,-6.858019868693004e-5,-5.73801519566616e-6,2.6704803084977805e-5,1.7519739906025364e-5,2.396140406268578e-5,4.258042817141408e-5,2.6724726732521316e-5,0.00011595640014959854,3.118720415869582e-5,1.7257979095999037e-5,0.0016916684539803372,-7.933258110519403e-17,0.0005992504877904804,-7.425079891108293e-19,1.0403981409224848e-17,-1.1622323869616446e-17,1.0660895951423921e-16,-7.380282239296504e-17,-1.2722306812137119e-17,-4.654095485805599e-18,-1.9883300925550014e-16,-1.1114559261464567e-16,-2.4945855363512745e-17,-3.012117461877487e-18,1.4258894068759613e-17,6.240003791435356e-17,-9.240753401914573e-17,0.0,0.0,0.0,0.0,0.0,0.0,0.0,0.0,0.0,0.0,0.0,0.0
-0.024156735546876598,0.0004686601433852803,-8.69180175536599e-14,2.3705159103356446e-13,4.038886214254376e-15,-0.0020498343908186556,-0.10808006869618714,-0.033257335404750385,-0.0019091454392139856,-9.862134997951594e-13,0.0003649700631857952,0.0001292856694599452,-4.2000382965020565e-13,-0.5257881229442026,-0.060765157783943945,-0.0002903018742023379,-0.00024193539109365993,-0.0007130753426282284,-0.00019135679124921475,-0.00015067615477537544,-0.00019284933840428608,-0.0002063740864981494,-0.0001661029342077242,-8.923652864420038e-5,-0.00012055769960348395,7.80360286737193e-6,1.7575939360044604e-6,6.15094595552819e-15,4.769820983657344e-15,7.265547630777489e-15,4.571681875326821e-15,-4.522463540729909e-15,2.6173224387153704e-15,2.0534890486243484e-15,6.630339478584318e-15,-7.338252903797736e-15,-2.091293390475271e-14,1.9657282141035969e-16,3.138095445756145e-16,0.04129451228579057,0.022859771574253444,0.1744635160441596,0.02496296492028926,0.03641843814702945,0.02541749383865958,0.06861657078262608,0.05135246327453556,0.05034210775582851,0.09036698479452368,0.04814979707436836,0.004566450393433381,0.047910691976816,-2.014290396977909,0.0169717094800256,-1.276507197813275e-14,-8.279660739121824e-15,6.3843291685671946e-15,-4.50790574422265e-16,-1.9272144568224362e-14,2.991096981314382e-16,-1.5219801047694693e-14,-5.606963711382911e-15,6.140896422577769e-15,1.678840346778324e-14,-1.6823620399361293e-15,-8.324822585722418e-15,5.33290692821999e-15,-1.7422479742196073e-14,-0.0,-0.0,-0.0,-0.0,-0.0,-0.0,-0.0,-0.0,-0.0,-0.0,-0.0,-0.0
-0.011992730820921923,0.00024436188154942836,-2.312155124265852e-14,1.0064837207816288e-13,-1.818512303082717e-16,-0.001050459583576375,-0.0536584427410029,-0.016510789551262894,-0.0009869071573697073,-3.9545564705705206e-13,0.0001917003380023256,6.790723139766523e-5,-1.6548836208296362e-13,-0.2605273689202893,-0.03016834827911702,-0.0001720395365779677,-0.00012217523939261272,-0.00035766571157488415,-9.839951739040993e-5,-7.782086959882438e-5,-0.00010308326017823543,-9.16730562025879e-5,-7.951816179309737e-5,-4.63027065840277e-5,-6.07991287675633e-5,3.7234229423846036e-6,8.569122559458732e-7,9.194959267448025e-17,-3.011948363712032e-17,-4.575531536918358e-17,4.4445898681465896e-17,3.9246496407569375e-17,-9.084983808262523e-17,-1.2796455471592708e-17,-9.049608543038742e-17,4.786723368364573e-17,-1.808558722758571e-16,-1.0884779329906976e-17,-4.4070354938538685e-18,0.020508761442100627,0.011350097731537225,0.08661844987855184,0.01239492742432446,0.018086495151623912,0.012622622391383464,0.03405352021490436,0.025490745411392998,0.024997972576932793,0.04486422589224135,0.023908106999817987,0.002267191280539458,0.023785322372570007,2.1791441046312115e-16,0.008425626191988498,8.08145785997943e-17,7.942358696769273e-17,1.604786613674574e-16,3.384120294281184e-17,1.8126972699810752e-16,9.15505090537968e-17,6.963195546145305e-17,-6.292755800091057e-17,1.1011790913337173e-16,3.0788444782791047e-16,1.6508090909023662e-16,7.084156118256219e-17,5.811715098521944e-17,-3.08245065058776e-17,0.0,0.0,0.0,0.0,0.0,0.0,0.0,0.0,0.0,0.0,0.0,0.0
0.002854407610542595,0.0002525365588270507,-1.7141097096471385e-14,-4.940136129008207e-14,5.363401099983252e-15,-0.0011228663042772685,0.42393568742149834,0.09465596084882265,-0.0009623860537992187,8.208323229739486e-13,-2.158211408484395e-5,-7.645169128070504e-6,2.48430046407178e-12,-0.020799050575466556,-0.016338646547500366,-5.900707669589522e-5,8.324012011847233e-5,-0.0009673186562942574,-1.0692442776347907e-5,9.775855312033811e-6,-3.1475504031804405e-5,-0.00010100546901901819,-3.289861429645819e-5,-5.829154702326117e-5,-7.0403647014965e-5,-8.600344917136469e-5,1.2099696814453298e-6,4.857261264745642e-15,-9.266072669292488e-15,-1.0071421753084304e-14,-1.7297815219035314e-15,5.699472445395298e-15,3.613915499757063e-15,1.4022817853144497e-15,-2.6872800768625804e-15,9.716832204254913e-16,-9.476125440598613e-15,2.4099644531152936e-15,-7.730034263020226e-17,-0.018075208390303594,-0.004553877915343849,-0.1391335121684785,-0.016863406979818012,-0.0022358235132160947,-0.00270055106523976,-0.02282176727096041,-0.001092395136328877,-0.011687564669940491,0.023837906318749845,-0.00971689003552806,0.008348211305132682,2.7887156055698825,-2.5870606952947485e-14,0.9878644855111632,-4.794778089715045e-15,-2.9734736891001183e-15,-1.095051044756676e-14,1.1851135499210768e-15,-4.033715848292125e-15,-5.448470610772095e-16,-8.700102331681477e-15,-1.5563113248954988e-14,8.701920695626623e-16,-9.446798187988364e-15,-1.2571818476877356e-15,-4.529093295675564e-15,7.979670430403618e-15,-3.1079774210572994e-15,0.0,0.0,0.0,0.0,0.0,0.0,0.0,0.0,0.0,0.0,0.0,0.0
0.008369192086506662,7.036124899639623e-5,-2.359826365134267e-14,5.35434289428327e-14,1.1682343650366839e-15,-0.00031233364639083775,-0.07430239234043022,0.02368275573431038,-0.00028898902855299056,-1.0405223490803818e-14,3.421609978944502e-6,1.2120586883183064e-6,-2.479451191138951e-13,-0.11673794234137341,0.006311374010019545,-4.4548574138423816e-5,-5.119901275358567e-5,-7.145050441350622e-5,-3.513417636089861e-5,-2.86728569958906e-5,-3.347175306624775e-5,-3.621870598407002e-5,-3.0838050833509716e-5,-1.3410144447285701e-5,-1.825205711913621e-5,6.423426461110455e-6,3.9455065622492673e-7,1.778411655878582e-15,1.7380798038748533e-15,2.5258950526286837e-15,1.651823298275619e-15,-1.549099016218059e-15,5.556847589128607e-16,6.224161353294195e-16,2.2728001075297083e-15,-2.3341456596162557e-15,-6.144071027147156e-15,-4.243488394274145e-17,7.825896807039123e-17,-0.010600238840941618,-0.026965396690642116,0.0214984880045445,-0.018380004834516805,-0.024510951926012263,-0.010851504024674653,-0.012749008335971184,-0.018824499096519245,-0.0016162882980435868,-0.04600091999066764,0.004971873276852808,-0.020615338877178636,-0.016671836233936536,-2.146616542141106e-15,-0.005905770703500414,-3.587573869106248e-15,-2.242770812708194e-15,3.1059147068626118e-15,7.19518067428065e-17,-5.4506337274443535e-15,3.1104274896073805e-16,-3.814211584420297e-15,-7.2267626553418e-16,2.0783641440247137e-15,6.770833170938316e-15,1.6215728587180872e-16,-2.1930837246959314e-15,1.485319020803295e-15,-5.222064550028394e-15,-0.0,-0.0,-0.0,-0.0,-0.0,-0.0,-0.0,-0.0,-0.0,-0.0,-0.0,-0.0
-0.01397200338327703,0.0001177533317631853,-7.55585796893891e-15,5.5046810929289843e-14,-1.021229086664982e-15,-0.0005009597506558357,-0.004858981544148155,-0.025507453148780244,-0.00047862915068378153,-2.75700850641531e-13,0.00012710582285754715,4.502550497622741e-5,-9.329417514815381e-14,-0.1496951901371939,-0.027539610520291795,-9.177280109271277e-5,-6.613506851922854e-5,-0.00014748987686538867,-5.0845041898353214e-5,-4.085092743652187e-5,-5.274731053478532e-5,-4.0664227848681385e-5,-3.845237054385701e-5,-2.154197875411698e-5,-2.856142298640344e-5,5.52638151498734e-6,3.349342861387281e-7,-5.240731953568293e-16,-2.689011643908397e-16,-4.2490660383429675e-16,-4.46461157750718e-16,3.216472349057014e-16,-1.7246551161017182e-16,-2.443681273506931e-16,-8.040370847674198e-16,8.420077282919636e-16,2.5872106608344176e-15,-5.321542532415673e-16,-1.032927046673282e-16,0.021981400541600797,0.023045441706752795,0.05866397232627887,0.019457783936344276,0.027198302433069046,0.015757195936006798,0.03399134032018694,0.03022764607682346,0.020952814787830558,0.05984570736006192,0.016677755486584924,0.012456964565639113,0.02776328147304462,-5.290248541374694e-16,0.009834763972953797,1.197081553248672e-15,5.818145588331438e-16,-1.2647820291271402e-15,-2.5417438690856544e-16,1.7602059068544714e-15,-2.073426422854547e-16,1.0193725739672325e-15,-1.1066056590323619e-16,-5.715100763813957e-16,-2.4231839675404403e-15,1.101573719427401e-16,4.1007170974081182e-16,-6.694503363201352e-16,1.7251132379945193e-15,-0.0,-0.0,-0.0,-0.0,-0.0,-0.0,-0.0,-0.0,-0.0,-0.0,-0.0,-0.0
0.024725882674250226,-0.00014881602022645999,-3.858568474595905e-14,-4.0071068862374074e-14,6.728296343228555e-15,0.0005922090035035291,0.4321142942439808,0.13453759373145283,0.0006108215654754862,3.380241716792885e-10,-0.00034792580773329313,-0.00012324797399836305,9.982928963888938e-13,-0.7612160182097613,-0.08883926186139789,0.00017480818664088828,0.0001292836465754873,1.896487128688502e-5,8.384908798376085e-5,7.274111818961065e-5,8.813304075825194e-5,2.5290933906060267e-5,4.9949812744330636e-5,2.3229842806005986e-5,3.1295264779700225e-5,-2.982453178333859e-5,9.4769500423045e-9,7.52862271583183e-15,-3.7605828878463795e-16,1.4441643855411142e-15,3.4934700525163885e-15,-1.3593066704324344e-15,4.2588739618839645e-15,2.641177015050242e-15,5.0641164133042565e-15,-6.116689552749661e-15,-2.1663125388502392e-14,7.614722183768767e-16,-1.9066241614562804e-17,-0.0524660912330521,-0.040547258987974746,-0.23107471194068407,-0.04728517754939498,-0.04475790786116138,-0.027357716807337465,-0.07603339134643,-0.04838993306636292,-0.04454930871017143,-0.06980955550812254,-0.03597983424724226,-0.011123965028606034,-0.11771692991840299,-4.0540837548480836e-14,-0.041699617622374,-1.512167657630886e-14,-1.0094557105204437e-14,-3.519147527110695e-15,-9.517836020763923e-16,-2.1189538079341797e-14,-1.843841582444229e-15,-2.0354180875596873e-14,-1.4686195909015502e-14,4.977864747842138e-15,6.448569824245126e-15,-4.591486390329907e-15,-1.2232837091574397e-14,8.43474039355392e-15,-1.6118302597014977e-14,0.0,0.0,0.0,0.0,0.0,0.0,0.0,0.0,0.0,0.0,0.0,0.0
0.01957975635484996,-0.00022642423955819018,-3.23219225162855e-14,-2.2163114663987128e-14,4.725443446062272e-15,0.000941610506257379,0.17150732906200736,0.12531064971850878,0.0008976316068422959,1.087641282943312e-12,-0.000298502436518992,-0.00010574041874634211,-2.659750401587252e-14,-0.491857141084881,-0.10405490775396455,0.00018957823777779746,9.645422819739862e-5,0.000336171553729724,8.426784890031609e-5,6.685159083949628e-5,9.593782496333138e-5,5.698301984443456e-5,5.8628164039670046e-5,4.2144902474515354e-5,5.34106780088028e-5,3.1863888451351e-7,-4.4936727303018663e-7,5.6161038751681835e-15,3.419412351426511e-15,5.579632856152468e-15,4.253435052385823e-15,-3.670361221048809e-15,2.6739405857127584e-15,2.1165184124042274e-15,6.266355435107334e-15,-6.642364672687756e-15,-1.8501332285487335e-14,1.0083870962930611e-16,1.188616355916887e-16,-0.04399451197356409,-0.03574089225502553,-0.19677346691544115,-0.04230909456845544,-0.03699305601396007,-0.021960948394020328,-0.06182991094471525,-0.037397787972624594,-0.034023116582793084,-0.04985168499111416,-0.025883192375650857,-0.009953231505418223,-0.07285332824457377,-2.1376230903547697e-14,-0.02580729834206616,-1.2439399285294894e-14,-8.14747186035464e-15,3.619301382896999e-15,-5.93575732527249e-16,-1.8408193361744387e-14,-5.614542240161481e-16,-1.5001310543637172e-14,-6.674952453755832e-15,5.190059357440309e-15,1.357627315331553e-14,-2.4243110282634875e-15,-8.993296605385035e-15,5.356792041145725e-15,-1.5218827292473134e-14,-0.0,-0.0,-0.0,-0.0,-0.0,-0.0,-0.0,-0.0,-0.0,-0.0,-0.0,-0.0
-0.024315872804123784,-9.577878635279029e-5,-7.01520580953413e-14,9.030539745939318e-14,6.3379402840600996e-15,0.00037643506410999726,0.3870778146472958,0.07324704353295095,0.00033952264834754935,1.6830710606226052e-12,-0.00012315636957722142,-4.362646489124055e-5,-9.06951443041276e-14,-0.2982995397263285,-0.08075435449373485,8.734618032922837e-5,-5.4434433537538766e-6,0.00023162888560526886,1.5745117387738028e-5,1.0296790891519194e-5,3.0603399049342715e-5,2.112348838079901e-6,5.286696250945214e-6,1.9896870128813983e-5,2.1451262457329655e-5,1.8153174440839117e-5,-9.852980500225875e-8,7.322561997701444e-15,3.786911787418424e-15,6.6827013777317765e-15,5.2001674267339075e-15,-4.5298064553092934e-15,3.869022711118006e-15,2.886767946133664e-15,7.848667008123342e-15,-8.509068500101631e-15,-2.4299859807220432e-14,1.6018893972291302e-16,2.4875692891188665e-17,0.08261600552521473,0.0710292038041373,0.26806514865160874,0.05565605884863878,0.027968571066051707,-0.007439826772507619,0.06618036164707487,0.03836881311792719,-0.03888508674348205,0.19624003685315136,-0.018831910492769964,-0.006922562714317174,-0.02014919629321652,-5.413470229900983e-14,-0.007137578098652095,-1.9043952887580128e-14,-1.2956599245977732e-14,-2.9952232527190746e-15,-2.902893179714678e-15,-2.81128701300942e-14,-3.686640838525194e-15,-2.5430765298436607e-14,-1.4170203170038437e-14,5.127929848010867e-15,8.791270907902355e-15,-8.533039533263956e-15,-1.6026763291522864e-14,7.210755327364837e-15,-1.9602744652561683e-14,-0.0,-0.0,-0.0,-0.0,-0.0,-0.0,-0.0,-0.0,-0.0,-0.0,-0.0,-0.0
-0.0354114440274121,0.0002046640599650517,-5.114928304756447e-14,9.79044535772385e-14,3.931835108284167e-15,-0.0009132735741087203,0.0747186089044805,0.333359903899844,-0.000834726158275659,1.5673718420510906e-13,0.00010180933968750198,3.6064570703373935e-5,-2.9962559165414535e-13,-0.19867917059757742,-0.05590363500593179,-6.116462803399334e-5,-2.0499431313981517e-5,-0.0005721349703388254,-4.5988034147759186e-5,-2.7644189275228515e-5,-4.876305433065319e-5,-0.0001024398741221074,-5.557591853470985e-5,-4.1811267747143416e-5,-5.6181326897748884e-5,-3.255895392305103e-5,8.520745186443533e-7,5.362061985057913e-15,3.149840742088501e-15,5.112816992540346e-15,3.9977666751188254e-15,-3.475382515711869e-15,2.314338254282486e-15,2.0176522061755293e-15,5.7595906843493034e-15,-6.186352601444557e-15,-1.7305498151866826e-14,8.965785996662015e-17,1.9695273093927062e-16,0.007356331926402717,0.007317513723962833,0.13109509030665392,0.008434692354060783,0.05256321465444379,0.027074697679190435,0.11425250680315864,0.08799984206404594,0.05681832478635677,0.20740599339524615,0.04992647803661008,0.01430157149924954,0.005516670625767923,2.2755874443757847e-14,0.0019542053619833596,-6.892682548247474e-15,-3.720065729393458e-15,1.5381868787317153e-14,3.2938559000473673e-15,-9.707817534775857e-15,4.82218143016493e-15,-4.559705680601206e-15,1.311756863131149e-15,7.434137593789548e-15,2.6701190529240173e-14,6.476796857257781e-15,-1.273890937872413e-15,5.090011259731535e-15,-1.4241986062058432e-14,-0.0,-0.0,-0.0,-0.0,-0.0,-0.0,-0.0,-0.0,-0.0,-0.0,-0.0,-0.0
-0.011991359752584035,0.00023584562488775446,-2.231395833039766e-14,9.756917696766514e-14,-1.9097797925493778e-16,-0.0010136554759452349,-0.05365477737015839,-0.01650824623640527,-0.0009529160121685144,-3.8054067738468673e-13,0.00018676002158336507,6.61571916535735e-5,-1.634891360413621e-13,-0.2605067705949939,0.41664372968495794,-0.0001666413220809065,-0.00011886206552854888,-0.0003425051104260729,-9.538193720380237e-5,-7.55158201571422e-5,-9.983083106179673e-5,-8.840281603214698e-5,-7.694798278146739e-5,-4.463157772760628e-5,-5.864049055796602e-5,4.01133837360661e-6,8.239099864483007e-7,7.34209894833616e-17,-2.2637473854652012e-17,-3.729522023712388e-17,3.771021001862484e-17,3.595331849426444e-17,-9.572905413524035e-17,-1.6273945075540524e-17,-9.347671809757491e-17,5.4126225290626107e-17,-1.3915144197952958e-16,-1.2017617060319241e-17,-3.667607394401947e-18,0.020506613529466186,0.011347621059833665,0.08661195819469641,0.012392654308886194,0.01808204581427099,0.012620377065007224,0.03404870642040825,0.02548603515972211,0.024993653403700272,0.044858816658990774,0.023906052896127676,0.0022668813117629753,0.023785322096925802,2.7472444593981984e-16,0.008425626094345294,1.0107244445368276e-16,9.235850724485977e-17,1.6510593358771827e-16,3.2295073410629156e-17,2.0437649534281587e-16,8.914983432225949e-17,1.0001985729942221e-16,-3.0413636856203154e-17,9.671573068721806e-17,2.9161265143827594e-16,1.6388005969152997e-16,8.739492720155086e-17,3.998029422238729e-17,-6.2378045535154804e-18,0.0,0.0,0.0,0.0,0.0,0.0,0.0,0.0,0.0,0.0,0.0,0.0
0.0030363449387568716,5.072804978679312e-5,-7.778576832646463e-16,-1.3421958042870687e-14,6.889894736099604e-16,-0.0002242582526225666,0.030137731814574503,0.02050480089777688,-0.0001928524738226349,1.1619082313246998e-13,1.8826016498457748e-6,6.66886077042904e-7,4.780530887875414e-13,-0.02531375720671115,-0.0702530578061487,-1.2182985570532475e-5,1.8143148838875245e-5,-0.00019695357143712563,-1.574963185834868e-6,2.5302491902773832e-6,-5.8964631043242436e-6,-1.946622078784295e-5,-5.853602809728343e-6,-1.1646119932497468e-5,-1.4045661407785933e-5,-1.7699813774124778e-5,2.2615664174429468e-7,8.300246356127843e-16,-1.8144925638950413e-15,-1.9907901889331076e-15,-4.3066643843130326e-16,1.1878823981253469e-15,6.013449684596628e-16,1.9578445090732857e-16,-7.325353241352207e-16,4.1944438917635173e-16,-1.1525550288748363e-15,3.130257005841048e-16,-1.3115128388801492e-17,-0.007402857343809059,-0.0060444227145653225,-0.03561505797868944,-0.004788571188701629,-0.004788288233163296,-0.0033664086258974454,-0.01703810416331891,-0.003012648385141595,-0.004495710503274164,-0.005533528947446279,-0.0038419214062313006,-0.0014497092402382312,-0.011965184428368303,-1.0688159505748313e-15,-0.004238503465812652,-1.5887315390192034e-16,-5.405225811315867e-17,-1.2726870797405416e-15,5.117024730480518e-16,3.55643147060643e-16,3.2142225384891176e-16,-4.837657317930375e-16,-2.2741469747240236e-15,2.939463340436184e-16,-1.0913912351482965e-15,7.11321226291593e-16,-1.144378555627697e-16,1.3812028760757624e-15,-2.1828201093516308e-16,-0.0,-0.0,-0.0,-0.0,-0.0,-0.0,-0.0,-0.0,-0.0,-0.0,-0.0,-0.0
0.016512341698263464,-0.00010752677428528915,-2.3201443613779387e-14,-2.8552363150066196e-14,3.9092741061122716e-15,0.00043467680088482704,0.14105018243226222,0.10477245813681171,0.0004336135177543769,8.688270309173142e-13,-0.0002026486399092294,-7.178551793942547e-5,4.4209367299164075e-13,-0.46554676386300065,-0.0338977086201142,0.00011875551831352945,8.354507095668588e-5,4.413105528348755e-5,5.644861663035431e-5,4.8382120672574206e-5,6.039963918301489e-5,2.075609296064248e-5,3.478832610493536e-5,1.795451717693884e-5,2.3410995129566042e-5,-1.6553842878689735e-5,-9.635864905539842e-8,4.661082617969887e-15,6.193508630424667e-16,1.926921071231464e-15,2.5118380360615427e-15,-1.3758018051976845e-15,2.4106469668856836e-15,1.6399717969808585e-15,3.5975626419472995e-15,-4.1620782316636046e-15,-1.383131885437055e-14,3.713910500575907e-16,7.552069497706358e-17,-0.03655260320164401,-0.029684762965673808,-0.16096745951773037,-0.03749312119432587,-0.032158788972334484,-0.018559196867264212,-0.044703666884730174,-0.0343156266191461,-0.029433402742821687,-0.04420524456663933,-0.021923242019533936,-0.008496422714916413,-0.060888189570620775,-1.5689070129676645e-14,-0.021568811084127937,-8.690736629586803e-15,-5.642190711850115e-15,1.2892355023102894e-15,9.43729498430467e-17,-1.2305072226439728e-14,-7.561439690810868e-17,-1.07548544767412e-14,-6.763842293771758e-15,3.855525027082792e-15,8.313228617540007e-15,-9.59901104237373e-16,-6.279230810439976e-15,5.007491925121471e-15,-1.0679242563652856e-14,-0.0,-0.0,-0.0,-0.0,-0.0,-0.0,-0.0,-0.0,-0.0,-0.0,-0.0,-0.0
0.004530688455695476,8.692706821735558e-5,-2.113529735140088e-14,5.41831421277546e-14,8.509581769853127e-16,-0.0003808073031918142,-0.09445408522782864,0.01872504021793558,-0.0003567392887412816,1.701882446380652e-14,2.914838909934045e-5,1.032541947041217e-5,-2.0279920348504038e-13,-0.07799285582857504,0.01797283707373247,-5.984109543731218e-5,-6.054909240369371e-5,-8.983946136595619e-5,-4.231494530769992e-5,-3.451968703701037e-5,-4.124450108718337e-5,-4.0204911344993025e-5,-3.558742743120929e-5,-1.6309263595608736e-5,-2.2037888778972388e-5,7.446985173297624e-6,4.1998557094769986e-7,1.4350572472979753e-15,1.3431427836001023e-15,1.9895885250816675e-15,1.300736790930992e-15,-1.182044435855537e-15,4.376109902035282e-16,5.006781500690958e-16,1.743886549251458e-15,-1.8204496992346423e-15,-4.883703735941316e-15,-4.000746528535159e-17,6.310822119982075e-17,-0.2908003326695666,-0.00030697506780686995,-0.006924475124378155,0.006964768663419489,0.01870553850768291,0.012663034464113782,0.010387810222564074,0.016566274537671264,0.02938592985625503,-0.05180104059127148,0.03397031315710713,-0.000834251669501976,-0.009039515838300134,3.800517442729882e-16,-0.0032021252525859145,-2.5870138702561434e-15,-1.5613639580355167e-15,3.0570234304205314e-15,2.4469088259468532e-16,-3.9104302343880134e-15,4.992459809395792e-16,-2.516208221634581e-15,-2.05604618749938e-16,1.790979212917387e-15,6.048807025999682e-15,6.458640539869289e-16,-1.3496332811085054e-15,1.2323265287779664e-15,-4.156871684233033e-15,0.0,0.0,0.0,0.0,0.0,0.0,0.0,0.0,0.0,0.0,0.0,0.0
0.0049703435907664855,7.667679150414786e-5,-1.867962867279373e-14,4.76406813952519e-14,7.545186648335818e-16,-0.000336373007244586,-0.07375073349096452,0.017289706326677066,-0.00031308907411179495,-4.780575592356542e-14,2.236004913768769e-5,7.920742584000071e-6,-1.8187094943868546e-13,-0.08577148339982545,0.019840779610809076,-5.168981060033516e-5,-5.1517561483462726e-5,-8.443294828897483e-5,-3.6505500403049526e-5,-2.9665327349303935e-5,-3.577195711117368e-5,-3.559192123184693e-5,-3.099530470739742e-5,-1.4540668674328105e-5,-1.9540594686078348e-5,5.704333372344372e-6,3.7686733229682334e-7,1.256461367722544e-15,1.1921256223273646e-15,1.7544361670742199e-15,1.1457240118772934e-15,-1.056854585231207e-15,3.747206677481533e-16,4.3353423758800334e-16,1.551832642023837e-15,-1.6076532204346399e-15,-4.2878736236891e-15,-3.5805657585177523e-17,5.3812435974180675e-17,-0.03684352217726217,-0.007069353989773565,-0.07309567262754171,0.00016496354058866475,0.012010466088107023,0.00777650389398356,-0.00959687471751437,0.004962880028119139,0.01928280827157046,-0.08717389605664176,0.025919526232816174,-0.0011249542454964793,-0.009911471542005194,-4.696137854911959e-18,-0.003511003673500675,-2.3161476266250614e-15,-1.4110843238425123e-15,2.5871181567813825e-15,1.8538107798454304e-16,-3.503384300097494e-15,3.999041270101233e-16,-2.301633612952933e-15,-2.5670201418373687e-16,1.5526321224108098e-15,5.217437206126276e-15,4.754647755913307e-16,-1.26069342923164e-15,1.0614351340900993e-15,-3.644695679085441e-15,0.0,0.0,0.0,0.0,0.0,0.0,0.0,0.0,0.0,0.0,0.0,0.0
0.005204051020745829,5.861564949518161e-5,-1.7224330522991892e-14,4.0791658354492666e-14,7.926511732484287e-16,-0.000258475122594291,-0.07637761843910149,0.018012082891150125,-0.00024163823297023728,4.3353860740750044e-14,1.0197559125628605e-5,3.6123462992117176e-6,-1.6744154566955841e-13,-0.08749600893125327,0.018802375666390442,-3.982735905618288e-5,-4.4310456468199774e-5,-5.319606771477278e-5,-3.002170918007313e-5,-2.4660972146675457e-5,-2.871511324402282e-5,-2.8845269068152513e-5,-2.5561529633135432e-5,-1.0985682637864285e-5,-1.4969206185469165e-5,6.2368575579613735e-6,3.103449762640418e-7,1.2877202099810262e-15,1.2031831390387761e-15,1.7834855250372494e-15,1.1657717221282328e-15,-1.0642235397592417e-15,4.071379875297349e-16,4.528336516148698e-16,1.5768266901943193e-15,-1.6429367071676934e-15,-4.3873354433234584e-15,-3.4732197636436635e-17,5.618104530149669e-17,-0.2548022810758741,-0.0014648325690703385,-0.015178036676737344,0.004741397213735406,0.01434148168494166,0.009667512828132767,0.005425234167762582,0.011699284275834096,0.02288760988154786,-0.04974541109918195,0.02698215994319039,-0.000964425329861404,-0.010370694930714117,1.846267944387526e-17,-0.003673677298489784,-2.3717415937063607e-15,-1.4419732450669175e-15,2.6471100011392853e-15,1.927598575065247e-16,-3.587078070985999e-15,4.0837870736883593e-16,-2.3452991766651298e-15,-2.468114369369044e-16,1.5862042991640532e-15,5.316236246771383e-15,5.031595039732604e-16,-1.2739216029541574e-15,1.10825280920035e-15,-3.738503979044685e-15,-0.0,-0.0,-0.0,-0.0,-0.0,-0.0,-0.0,-0.0,-0.0,-0.0,-0.0,-0.0
-0.0006285466114213659,-3.356006186158776e-6,-1.5630541885260634e-15,1.9899549689308874e-15,1.7921610957932152e-16,1.35627554796349e-5,0.022606624293203866,-0.001596290972641819,1.2657512941792566e-5,7.058604900546233e-14,-6.279074567686531e-6,-2.2242765653033323e-6,-4.918050432313255e-16,-0.0061004284095093645,-0.00163561133181614,3.0074265476677894e-6,8.060524051800823e-7,6.075590134688214e-6,9.813120632524049e-7,7.58404290752727e-7,1.303421384149525e-6,4.744411488559545e-7,5.735313937576847e-7,6.414791227812859e-7,7.734226496408028e-7,2.296599406881527e-7,-1.459545012793146e-9,1.6080148518267822e-16,8.013623733113713e-17,1.3696720875393328e-16,1.2297550450310115e-16,-1.0211818383907247e-16,1.0624555671409999e-16,6.93186128990892e-17,1.8250262764245559e-16,-1.99288520877452e-16,-5.475354367301277e-16,4.402388234557171e-18,-7.558326212988115e-18,0.012068540537845375,0.00044513580896660067,0.003790194955791975,0.00022704747817771774,-4.512787946622476e-5,-1.3297102257797082e-5,0.0009183785517056891,0.00031406853156495625,-0.00018053584696859666,0.0036399597247054045,-0.00040099719428884645,0.0001007044713007648,-0.0017382788183589461,-2.4536489717599685e-15,-0.0006157615739461336,-5.724780040243418e-16,-4.061162717147044e-16,-4.158336534891433e-16,-1.802246083482596e-16,-8.51020745961569e-16,-2.342183062257261e-16,-8.5905840918197e-16,-5.215235675001504e-16,3.489332595540047e-17,-2.225096996907416e-16,-4.710248156067455e-16,-5.572134744025497e-16,1.6268264363162691e-16,-4.307362048226789e-16,-0.0,-0.0,-0.0,-0.0,-0.0,-0.0,-0.0,-0.0,-0.0,-0.0,-0.0,-0.0
2.480054345367522e-7,-2.186261430631992e-6,-4.717940064215801e-16,-5.458615666974746e-16,9.109763474860736e-17,8.995270443989158e-6,-1.2270639518724557e-6,7.062693949357209e-7,7.966384250200619e-6,7.518880979328325e-14,-2.1910188440345247e-6,-7.761385574860061e-7,2.718784044704481e-15,0.00022610670949398226,9.150760929086443e-7,2.5477556970504668e-6,1.6863767074935847e-6,6.949892050262458e-7,1.1565811776765914e-6,1.0106838272372387e-6,1.3163128711572589e-6,3.9969675406402446e-7,7.148594087428879e-7,4.2480761592423183e-7,4.969880452208805e-7,-2.823697965425664e-7,-6.236871201763155e-9,1.0211838011357058e-16,5.0177013736839407e-17,9.02950860833931e-17,7.412904694036724e-17,-5.20241347171573e-17,5.569654299215975e-17,4.2282638746056274e-17,9.874403191757468e-17,-1.1367656634022228e-16,-3.3627221845304123e-16,4.507143702383012e-18,4.278375157440241e-18,-7.915071350364905e-7,-1.038359933601257e-6,-6.223851294548532e-7,-7.611529789386236e-7,-1.7571025100447795e-6,-7.63603258636404e-7,-6.460958370648131e-7,-1.1766435171012377e-6,-1.0592670043374813e-6,-1.128489142175297e-6,3.562233674118635e-7,-6.078300426025935e-8,2.2551161805306148e-9,-6.994885223476401e-16,7.988440541831233e-10,-2.542431729861409e-16,-1.689491551248029e-16,-2.5205535404971582e-17,-4.152813924219007e-17,-3.7776848942107524e-16,-4.946962533843631e-17,-3.335900809154128e-16,-1.6483886572383092e-16,7.101345755089697e-17,1.2102049092373712e-16,-1.033360700079909e-16,-2.0418401251330482e-16,1.0836428151052038e-16,-2.743274874573282e-16,0.0,0.0,0.0,0.0,0.0,0.0,0.0,0.0,0.0,0.0,0.0,0.0
-0.0008060173697035213,-5.8833842774868854e-6,-2.2348574016180613e-15,2.0489991555336065e-15,2.8044678936022536e-16,2.3995052099500268e-5,0.025993021129298275,-0.0019879267651052835,2.18744373750754e-5,1.4555423726303749e-13,-8.844075959072952e-6,-3.132893342365615e-6,-1.9172454944359528e-15,-0.005517331741713084,-0.0021094673947814444,5.5848106524402365e-6,2.129909100604061e-6,8.682780198215614e-6,2.042923392355067e-6,1.6508212241762646e-6,2.5809065650728814e-6,9.434087520291118e-7,1.2424842503067155e-6,1.1468730889150393e-6,1.3630048600588419e-6,1.5596578313923206e-7,-8.091767797969513e-9,2.676662715490453e-16,1.4892582603782859e-16,2.5051959612350566e-16,2.090176519576152e-16,-1.715635116747414e-16,1.6649731822010274e-16,1.1519658836102423e-16,3.012884425786254e-16,-3.312939870832101e-16,-9.141446903049624e-16,6.686947325642704e-18,-5.003103729682722e-18,0.014876306033032782,0.0005778704964577985,0.004883274703750111,0.0003114171084439192,-5.025033942315045e-6,1.907138258842344e-5,0.0012220841627272026,0.00045809020822434155,-0.0001522436602716067,0.004602235318410631,-0.00042464249921109497,0.00013143076027644811,-0.0018362164734506657,-3.434942084893792e-15,-0.0006504546531064827,-8.800318657424156e-16,-6.149595612620591e-16,-4.943553476897156e-16,-2.481489552966865e-16,-1.3122767673668725e-15,-3.1606399000385105e-16,-1.2777910319003608e-15,-7.292390136450872e-16,9.903748327072693e-17,-1.4635156389312303e-16,-6.397359431216974e-16,-8.19852617575288e-16,2.7129569952649396e-16,-7.32454486357375e-16,0.0,0.0,0.0,0.0,0.0,0.0,0.0,0.0,0.0,0.0,0.0,0.0
5.319276520749163e-5,5.801980715451345e-6,9.194547909677295e-17,-6.242171155232323e-16,2.497664590693504e-17,-2.519576538934466e-5,0.0027875465969112636,4.329621426486056e-5,-2.2417138810871884e-5,5.710925624334643e-15,2.2519571758667773e-6,7.977251373769681e-7,3.646139776662248e-14,-0.0027804728746905647,0.00015728948137028572,-2.4906493652804583e-6,5.3942795741599e-7,-1.790608654004095e-5,-8.478705501342344e-7,-3.8224386526251807e-7,-1.2643782773239816e-6,-2.01909260434341e-6,-9.71115233586802e-7,-1.2501245276698926e-6,-1.5311489621017676e-6,-1.3504169608019108e-6,2.211864057553661e-8,2.48879758601991e-17,-1.6240331778198351e-16,-1.9181176478678003e-16,-6.117712873634905e-17,1.1593881207880782e-16,3.011581008017781e-17,1.0410952137520384e-18,-9.837644614790721e-17,7.640870378049379e-17,3.715614247782048e-17,2.3221787138122133e-17,-2.842570958038926e-18,-8.668692229920755e-5,-5.028376343762036e-5,-0.0003557662039684656,-5.1573102840560844e-5,-8.040756698851216e-5,-5.577497072649845e-5,-0.00014680004082565125,-0.00011359890178341356,-0.00010803341758793545,-0.00020639532776135287,-0.00010277872605963959,-1.2102632893178815e-5,-0.00047227553623532353,-1.3690970071513618e-16,-0.00016729717031399948,4.993537149134649e-17,3.318424238426708e-17,-1.775830507157278e-16,2.5078819147654884e-17,1.1787979660429692e-16,4.181298811132138e-18,1.9629701046845917e-17,-1.622517363140634e-16,-2.5375987833554547e-17,-2.422246935300086e-16,2.734325848983616e-17,2.0560392005502346e-17,6.900034067872498e-17,8.806336903161935e-17,-0.0,-0.0,-0.0,-0.0,-0.0,-0.0,-0.0,-0.0,-0.0,-0.0,-0.0,-0.0
6.432107950221888e-7,-5.2024941207508214e-6,-9.795291973919177e-16,-1.0519763469440655e-15,1.844723333595907e-16,2.1560609936134718e-5,-1.1163228435865017e-6,1.5897605732863366e-6,1.9146631655534592e-5,1.5246595864569173e-13,-4.878976874472576e-6,-1.72831104804798e-6,1.6235782933891346e-15,0.00045265288998499385,2.290885986492454e-6,5.54254512100585e-6,3.4163640741334042e-6,3.581097240540117e-6,2.487239897639908e-6,2.129804038669131e-6,2.8621095119817514e-6,1.0703071602499292e-6,1.592050653698624e-6,1.0229879378813564e-6,1.207589204032395e-6,-4.2395415188396676e-7,-1.5321522486842433e-8,2.066384230240772e-16,1.204309888024261e-16,2.05736784260331e-16,1.5862456632200766e-16,-1.1946626199945975e-16,1.1109095685896596e-16,8.654596107320022e-17,2.134557593512305e-16,-2.415340261679619e-16,-6.934318684814066e-16,6.6896187574226965e-18,8.884078187841627e-18,-1.7815719066544867e-6,-2.1698007904495624e-6,-2.1128448097009894e-6,-1.6731139830016002e-6,-3.7828775227221056e-6,-1.7107609762554737e-6,-1.7176731993081027e-6,-2.7107964962343435e-6,-2.571598452307863e-6,-2.800482640796615e-6,2.0944202586293796e-7,-1.5526660647704335e-7,4.741557191142923e-9,-1.4316922923682488e-15,1.6796317629661594e-9,-5.282287134298342e-16,-3.51295498508727e-16,-3.6076916012226285e-17,-8.885372841808643e-17,-7.895710533207508e-16,-1.0330285865242719e-16,-6.891541972659022e-16,-3.2301167299879275e-16,1.4760939489460301e-16,2.7046057265778994e-16,-2.1774325711610424e-16,-4.2306056642828726e-16,2.1450477881642052e-16,-5.717653535982294e-16,-0.0,-0.0,-0.0,-0.0,-0.0,-0.0,-0.0,-0.0,-0.0,-0.0,-0.0,-0.0
-1.3140223319925577e-6,7.165382327053446e-6,1.936983250967756e-16,-5.442760970539077e-16,6.651259951221551e-18,-3.094782561634788e-5,-1.3018512163365419e-5,-1.4559798011802408e-6,-2.79006041001152e-5,3.5158154792637814e-15,4.01753288967343e-6,1.4231562646305798e-6,3.684930859883134e-14,6.57523460980128e-5,-4.069953281674198e-6,-3.435751735913499e-6,1.0934967371309733e-7,-2.0486110936510083e-5,-1.2870533042485569e-6,-7.120033943227302e-7,-1.7611298233224812e-6,-2.4359316664888635e-6,-1.3126486939138086e-6,-1.5066331570085245e-6,-1.864495751124012e-6,-1.417393930240034e-6,2.4976675650913415e-8,8.881320673328807e-18,-1.7416760849012424e-16,-2.096609068585177e-16,-7.502093562649005e-17,1.2958012278183575e-16,2.0073850215504368e-17,-5.640533410798201e-18,-1.203293711660384e-16,9.883162735692008e-17,9.337398768144071e-17,2.335616456661576e-17,-1.7697624934752292e-18,1.6312014535545942e-6,5.58373509388256e-7,8.008865941121187e-6,1.1894631176119224e-6,1.9950953998303634e-6,1.4980832231725134e-6,3.820060592151704e-6,3.013855790010599e-6,3.952916881642286e-6,4.785962660145391e-6,4.862356608172007e-6,2.9960028910906184e-7,-1.4882782985866035e-9,9.282550417382809e-17,-5.272021937070432e-10,1.0791632052953533e-16,7.433907477842752e-17,-1.4321710244021005e-16,4.1933364379978984e-17,2.0474998732977205e-16,2.59316612344231e-17,1.0446909078923824e-16,-1.1394119026814592e-16,-3.078656227550213e-17,-2.310837184934491e-16,7.264839397955638e-17,7.568375800988037e-17,5.451205349338607e-17,1.3352682315757214e-16,0.0,0.0,0.0,0.0,0.0,0.0,0.0,0.0,0.0,0.0,0.0,0.0
-0.0020665187388993274,-8.510397572559403e-6,5.533221685687302e-16,-2.2186672012932246e-15,2.418370623953427e-17,3.703389283362215e-5,0.009968991136979717,-0.0027213472278111075,3.2586701349102685e-5,8.9571290387184e-14,-5.343511064516296e-7,-1.8928659772073892e-7,8.634694443018675e-15,0.00883545169367882,0.001539493587254419,5.375927167449043e-6,3.2810236401518533e-6,1.4952676037709637e-5,3.0059069461490616e-6,2.3247636533119757e-6,3.350002157154148e-6,3.3606298975184117e-6,2.6371128021793615e-6,1.7714025601792776e-6,2.198393773838212e-6,3.9489454646182564e-7,-4.2754634961543e-8,-2.6698931500172954e-18,-2.0802231653672857e-17,-1.537300033407147e-17,-8.701662761592157e-18,9.873385442055601e-18,3.425997576822616e-17,1.1978005267868967e-17,-8.6604076610364e-18,-1.0284018258726524e-18,1.4470363724988524e-18,-4.569737884071077e-18,-5.3603585385891594e-18,-0.012080412707881193,0.0008046162183077081,-0.006215032766619616,0.00015105675338537676,-9.676683156920498e-5,2.4942591016262785e-5,0.0003771630567509048,0.0005107763086653619,4.0163281080387374e-5,0.0008528689569889125,0.0002099040939840324,6.639521407436065e-5,0.0025456210432148922,-1.1174573303057665e-15,0.0009017515508354645,-1.3078023352780188e-16,-1.0608348796601639e-16,-3.2443728837583163e-16,-9.801044554462949e-17,-1.9721113299497982e-16,-1.3306323618479736e-16,-2.566805009942011e-16,-2.0371689077228132e-16,-7.365120974669521e-17,-3.9430154629854225e-16,-2.345506868708756e-16,-1.7952537450192747e-16,1.576306649979691e-17,-2.9439802277129097e-19,0.0,0.0,0.0,0.0,0.0,0.0,0.0,0.0,0.0,0.0,0.0,0.0
-0.003956890093137045,6.8800264562532735e-6,-1.0162319026640118e-14,1.7319683956031407e-14,8.791781062214154e-16,-3.411126730252903e-5,0.05695844234955866,-0.0014917040509827258,-3.508054703618345e-5,4.1876334548664756e-13,-3.049876844856203e-6,-1.080377294539208e-6,-2.6838881627010467e-14,-0.030817830177840132,-0.009145676828261716,1.9260182627078452e-7,-6.749866397377375e-6,-8.906155636990164e-6,-4.127412821951722e-6,-3.1603827508886068e-6,-2.6174489167258417e-6,-7.137466747135705e-6,-4.712158559795159e-6,-1.103006342740013e-6,-2.0662915532095125e-6,1.2228453523871486e-6,5.58369307516621e-8,1.0013531895548269e-15,5.66265024753e-16,9.716102557584866e-16,7.53597709897192e-16,-6.309348769569277e-16,5.68782352070086e-16,4.0994920909003054e-16,1.068514350943577e-15,-1.1824903805689807e-15,-3.3026540235203405e-15,-2.7659862825454414e-17,-1.5437923350731011e-18,0.043279188896527605,0.007686288540270541,0.014217995662771786,0.0034856877275433328,-0.0017723756230072472,-0.0004140597739094578,0.01139960718293849,0.004445709423424092,-0.00018602692961898907,0.03129810325423231,-0.0018770602063256372,-0.0006875505521387862,-0.0006902738933230038,-9.811724394697452e-15,-0.000244520116404465,-2.8801483419442538e-15,-1.9933393959292824e-15,-1.03028727867829e-15,-6.630437601078366e-16,-4.288128843752376e-15,-8.145629701491339e-16,-4.0359378007066784e-15,-2.2448782894903984e-15,5.578369191792626e-16,4.065884595109056e-16,-1.6698471825171617e-15,-2.5682730024130573e-15,9.90767440019552e-16,-2.7054958631113966e-15,0.0,0.0,0.0,0.0,0.0,0.0,0.0,0.0,0.0,0.0,0.0,0.0
-0.0025276440905600043,1.2523820778021944e-6,-6.261968498497941e-15,9.74995179955383e-15,5.775442254650197e-16,-8.286185527774321e-6,0.036587752233952754,-0.0009329131466257669,-1.0018636361468538e-5,2.910919423246446e-13,-4.046839800693441e-6,-1.4335378311963662e-6,-1.3260308004061777e-14,-0.019457064575506708,-0.006323846373744011,2.3646460933236454e-6,-2.8366769859624553e-6,-9.503343706915186e-7,-1.4105753448942366e-6,-1.047987728256458e-6,-3.480494654706102e-7,-3.4201931916281417e-6,-2.0207488729016223e-6,-9.075577426782405e-8,-5.337268464728603e-7,7.827442753669209e-7,2.397504124842265e-8,6.542844838703651e-16,3.63975368208251e-16,6.296799732231418e-16,4.89326042446321e-16,-4.0670052570090675e-16,3.756089247903851e-16,2.693369976272185e-16,6.936624391646845e-16,-7.703703546108567e-16,-2.1561622834745137e-15,-1.6883816784116878e-17,-3.182416614027835e-19,-0.027692011160329256,0.0064379260272723025,0.024641756357748405,0.003410016565709559,-0.0006507565302011967,0.00014738112160891042,0.011259063950466835,0.004536336703926489,0.000627394184614137,0.030492938205419207,-0.0011715268716180414,-0.00039003186368970395,-0.00046969204663376224,-6.3915948977231306e-15,-0.00016638200434356492,-1.87837625161134e-15,-1.2991339706141966e-15,-6.720588046077589e-16,-4.3101172227665737e-16,-2.796170062467705e-15,-5.307874687449623e-16,-2.6300552357864865e-15,-1.4630784645337607e-15,3.6356045326639844e-16,2.6103144912344084e-16,-1.0842898385918491e-15,-1.671577554124426e-15,6.521545141076713e-16,-1.7669769870022764e-15,-0.0,-0.0,-0.0,-0.0,-0.0,-0.0,-0.0,-0.0,-0.0,-0.0,-0.0,-0.0
0.001080801055270411,-1.5750555214615362e-5,-1.4508033861983973e-15,-2.2814804211674878e-15,2.717589688061732e-16,6.611205306841843e-5,0.0114863902191757,0.0030636583023054406,6.200965050123766e-5,1.177286227137267e-13,-1.829165975175986e-5,-6.4795711066640465e-6,-2.5646872602449918e-15,-0.02612480175701639,-0.005467616352287241,1.2507523574021294e-5,6.360012518014005e-6,2.484184874121884e-5,5.708630267657116e-6,4.492910897959385e-6,6.5091758389878675e-6,4.356736032180438e-6,4.156937490179093e-6,3.000179928264709e-6,3.7918456300824337e-6,2.414083315978211e-7,-3.7589658611813405e-8,3.122772659126038e-16,2.1448122358997255e-16,3.4629994383437887e-16,2.4959775974321297e-16,-2.2012766198556723e-16,1.6204559104297615e-16,1.2431617467795576e-16,3.6160308710428487e-16,-3.87058996799089e-16,-1.0441601730315256e-15,-6.192126269534116e-18,4.774052827212789e-18,-0.013565677069164003,-8.501602345096832e-6,-0.008842100392348732,-0.00046277683024887955,-0.001416145019563117,-0.0008585806776029116,-0.0015030895990304988,-0.0013221614683403902,-0.0012959381381918908,-0.00320140893268722,-0.0011787986878538763,-0.00047607448819739017,-0.003774979243484896,-2.0738603316593386e-15,-0.0013372349337929458,-8.077949359590137e-16,-5.447786869412922e-16,-1.5626529482907904e-17,-1.2340781333625117e-16,-1.209987213010772e-15,-1.4273006006867438e-16,-1.0486777861254835e-15,-4.951924859115145e-16,2.405312952596621e-16,4.959997780495071e-16,-3.2067203372735597e-16,-6.514070791704467e-16,2.979665650577688e-16,-8.737976618770439e-16,0.0,0.0,0.0,0.0,0.0,0.0,0.0,0.0,0.0,0.0,0.0,0.0
0.004683636191712824,5.2814632389936064e-5,-1.551118737390668e-14,3.6740340027802265e-14,7.137277888049737e-16,-0.00023289083451599732,-0.06873987007065505,0.0162108553542098,-0.00021771892116650675,3.9026788556846194e-14,9.211415659396288e-6,3.26301842018712e-6,-1.5075465312322515e-13,-0.07874630543994013,0.016922105028432468,-3.588213174101341e-5,-3.990640275457766e-5,-4.797767183485238e-5,-2.7042437553421815e-5,-2.2212575827204736e-5,-2.586741441002068e-5,-2.598581210797377e-5,-2.3025187791329135e-5,-9.898850387669093e-6,-1.348772796443347e-5,5.612440550003334e-6,2.795558515603049e-7,1.1594180714927033e-15,1.0831601132105237e-15,1.6056007277091635e-15,1.0495639748900647e-15,-9.580997673456944e-16,3.6660430609819875e-16,4.0771433978750186e-16,1.419632438877008e-15,-1.4791733508326517e-15,-3.9501443620037374e-15,-3.1256996853217874e-17,5.057549651910378e-17,-0.2293220380068828,-0.0013183298007916025,-0.013660189124469872,0.004267274588121038,0.012907366959882349,0.008700777803057792,0.0048827470050976625,0.010529391326944838,0.020598879185099787,-0.04477083121890822,0.024283954852296383,-0.0008679806260935535,-0.009333625426308249,1.3762748986238752e-17,-0.0033063095646257324,-2.1356798281941543e-15,-1.298517626408984e-15,2.382422529720871e-15,1.7331928414796226e-16,-3.2300181125492138e-15,3.6736997027994736e-16,-2.112231619645223e-15,-2.2285132227437974e-16,1.42795592349513e-15,4.78540846248499e-15,4.524245388331272e-16,-1.1474369364166975e-15,9.978552637221896e-16,-3.3658896172783163e-15,-0.0,-0.0,-0.0,-0.0,-0.0,-0.0,-0.0,-0.0,-0.0,-0.0,-0.0,-0.0
0.020534147785062143,0.0001666752921055261,-4.406564593217466e-14,1.0055445898927231e-13,2.3372084006064757e-15,-0.0007373927327193098,-0.0609815966865969,0.044892979757851594,-0.0006725517973581963,-1.0267849311342084e-13,7.878221919747913e-6,2.790752745782221e-6,-3.1333007478375213e-13,-0.24889770779118525,-0.021958864468442172,-9.812250311391565e-5,-9.294104597970198e-5,-0.00024035388414523061,-7.105005407545935e-5,-5.6205179913165964e-5,-7.059768093739725e-5,-8.052922939699927e-5,-6.396919111279765e-5,-3.288802854339613e-5,-4.3519100857303996e-5,3.7661028855099113e-6,8.997720918943584e-7,3.3558497107401696e-15,2.561944647159763e-15,3.8946627546917356e-15,2.7879688155737133e-15,-2.444543661834903e-15,1.1946794805752654e-15,1.1538127531053636e-15,3.838251978345652e-15,-4.028731838060744e-15,-1.111108566050233e-14,-3.8971989087002785e-17,1.0946047401866519e-16,0.01658559544993414,0.005924252502243486,0.09196185239464522,0.009947789717496651,0.009779658793824524,0.007222891090116867,0.025140824791624262,0.01381930885798766,0.01906069189131814,0.01486915770522479,0.016908884544942288,-0.0031348734228408407,-0.04090584519401966,-8.172240858664355e-15,-0.014490338002300669,-6.8426965311468424e-15,-4.3745531204628155e-15,3.947881662644557e-15,-1.2058696395789476e-16,-1.0210370786474528e-14,1.5751309649464231e-16,-7.848946547210504e-15,-2.6881257166840935e-15,3.496193703410972e-15,1.0276244895595583e-14,-4.278435558071564e-16,-4.6090253706121804e-15,2.9510482061732638e-15,-9.216816428674604e-15,-0.0,-0.0,-0.0,-0.0,-0.0,-0.0,-0.0,-0.0,-0.0,-0.0,-0.0,-0.0
-0.011982981887297938,0.00018215011034573476,-1.5141928790537963e-14,7.309649117840091e-14,-3.648048588749602e-16,-0.0007811056272236747,-0.05365009824134927,-0.01649088385935223,-0.0007367610641216862,-2.9514486506064363e-13,0.00015570673031199526,5.515698654641986e-5,-1.243021703042367e-13,0.11337969508699645,0.04291806936984856,-0.00013087999854421629,-9.266039544388828e-5,-0.00026051115597231894,-7.405029316416853e-5,-5.875365881319875e-5,-7.760144892478593e-5,-6.696960776323957e-5,-5.9102716118523094e-5,-3.427917142296508e-5,-4.508634609410919e-5,3.68993937988226e-6,6.092391457655357e-7,-1.9223705584946108e-16,-1.4546826660717982e-16,-2.366335911084241e-16,-1.5160130099161975e-16,1.7213165023654098e-16,-1.87125026624576e-16,-9.845265636704332e-17,-3.2955356553507045e-16,3.1630882255775016e-16,6.797538194813189e-16,-1.1561832861182823e-17,-6.8994282957445595e-18,0.020492849990630682,0.011329192985537773,0.086575533706337,0.012376972651402942,0.018050844674401493,0.012605525213088184,0.03401765255636148,0.02545442627167371,0.024966996784493913,0.044824988046986244,0.023898854238324066,0.0022650160927830446,0.023785316061063672,1.712815300873016e-15,0.008425623956223646,6.635158270966124e-16,4.665304734454847e-16,1.5491258525699766e-16,1.0242206021765881e-16,1.0191853878462174e-15,1.5789924100126138e-16,8.496517675426221e-16,3.8642316082768085e-16,-1.1455691732915052e-16,-1.4060455506971716e-16,3.46860516765319e-16,5.474354895818606e-16,-1.9929841782292018e-16,6.27160590492191e-16,0.0,0.0,0.0,0.0,0.0,0.0,0.0,0.0,0.0,0.0,0.0,0.0
0.00017542214618314523,4.5013853242598175e-6,6.14104764113456e-17,-1.0126572855549468e-15,3.8835095648388815e-17,-1.969634840177883e-5,0.001865186738519996,0.0004994809397858629,-1.7302951265132716e-5,1.4168498778721315e-14,1.0884032010661998e-6,3.8555200376538953e-7,3.636883783770536e-14,-0.0017602726244388862,-0.003370001367126956,-1.4646525215724718e-6,1.1170498421978955e-6,-1.596682645281699e-5,-3.5351645396167145e-7,1.0315919956223607e-8,-7.102272277502334e-7,-1.6305413870970604e-6,-6.020549465663936e-7,-9.993889308216755e-7,-1.2154317497921847e-6,-1.3456464045420366e-6,1.8170789204442522e-8,4.57397836271701e-17,-1.4602575245473655e-16,-1.6536057772741502e-16,-4.449547624533901e-17,1.008284035487553e-16,3.9177912055286976e-17,8.990040103570414e-18,-7.479936319102817e-17,5.1131576857033075e-17,-3.095953436699126e-17,2.1797630547512877e-17,-1.531844047648978e-18,-0.002216351598289554,-8.270134286915666e-7,-0.0014378396345629911,-7.448553247435507e-5,-0.00022953690348499696,-0.00013888505444716766,-0.00024206176443847206,-0.0002132252506319128,-0.00020798022096248228,-0.0005187306526681173,-0.00018796224272609003,-7.754350969782774e-5,-0.0006172109092661106,-1.5151551524874943e-16,-0.00021863855034770635,1.0538089551723435e-17,8.326801111228624e-18,-1.4276849811912787e-16,2.727967064022695e-17,5.833242341539162e-17,9.077233963993936e-18,-2.1388026005241266e-17,-1.7206471447108996e-16,-1.5091298787619345e-18,-1.6759123908811794e-16,3.40189068220052e-17,-2.9014105718482634e-18,8.844421214879697e-17,2.827345981666331e-17,-0.0,-0.0,-0.0,-0.0,-0.0,-0.0,-0.0,-0.0,-0.0,-0.0,-0.0,-0.0
0.000902725572345302,-5.604305645010336e-6,-9.913844193564995e-16,-2.293222459749791e-15,2.2374891686944e-16,2.2654400171301844e-5,0.009595583202133275,0.0025611561547809665,2.2428732179020043e-5,9.273238365408791e-14,-1.0937821364148181e-5,-3.874574101368577e-6,3.4014275691285676e-14,-0.02428731584702213,-0.002105860739698799,6.614499723207922e-6,5.12827104485683e-6,6.848394849256347e-8,3.2799556495764596e-6,2.868089757477242e-6,3.4568522378765166e-6,1.1002062680973327e-6,2.022788685951468e-6,9.254740102051712e-7,1.2120918977403868e-6,-1.168937086044531e-6,-5.115525524556381e-9,2.58878011831833e-16,7.907720636877013e-19,7.128775724617239e-17,1.2610647653701265e-16,-4.965183461438938e-17,1.4923035075631228e-16,9.366083428890467e-17,1.7199434517887048e-16,-2.12983316223884e-16,-7.436229203558806e-16,1.7483662749942267e-17,1.7341986780562807e-18,-0.011345924244159694,-6.3641823401975966e-6,-0.007388261355600894,-0.00038578288845597636,-0.0011822987455631505,-0.0007165695109626756,-0.0012533517058411887,-0.0011027391429083403,-0.0010799043493634913,-0.0026729691689853495,-0.0009812577549399867,-0.0003979248908940788,-0.003157771862572219,-1.5645559181711568e-15,-0.001118597633316057,-5.402747465110152e-16,-3.6308977317969226e-16,-1.5235997275508937e-16,-5.687215420347979e-17,-7.666896942633507e-16,-8.798446271032216e-17,-7.364348281047717e-16,-5.093581657529695e-16,1.6293933920061696e-16,1.724222018108035e-16,-1.8438970005506287e-16,-4.470512522958984e-16,2.914244329237883e-16,-5.679091033984581e-16,-0.0,-0.0,-0.0,-0.0,-0.0,-0.0,-0.0,-0.0,-0.0,-0.0,-0.0,-0.0
0.005814661760449856,-1.0530540914026314e-5,-2.0408194426455462e-14,4.420062777156708e-14,1.0089888086979749e-15,3.99992338746114e-5,-0.07750228131387149,0.019276135249238272,2.8384875641587472e-5,1.7835781752555122e-13,-3.156278949924758e-5,-1.118068789519794e-5,-2.110472073227744e-13,-0.096857541306593,0.020373443826659288,-6.077086160190767e-6,-3.9448089871941566e-5,0.00012932949910294704,-1.5159278842127138e-5,-1.5353440923168992e-5,-1.0040420518073441e-5,-3.7702457887064026e-6,-1.0792779407993867e-5,3.3154435701651743e-6,3.007596236509872e-6,1.7532731640979908e-5,6.660816634830453e-8,1.495003049324322e-15,1.4911767437091016e-15,2.183738751269127e-15,1.4177117981946113e-15,-1.3111128318010696e-15,4.733949817607561e-16,5.304931412384399e-16,1.9417967555175254e-15,-1.992874433231749e-15,-5.24778123278337e-15,-2.1107811861676623e-19,6.576302580262693e-17,0.01283718061712884,-0.2949415107214075,0.027688494047965615,-0.022355519458918525,0.014310422284340296,0.006618637406359343,0.0017827261425870029,0.011652134154085989,0.022960703454043937,-0.06050068851064948,0.02732423499289708,-0.0006623066514693511,-0.011560668137700352,-8.86955116318946e-16,-0.0040952090845006615,-2.9891808084842405e-15,-1.841884948799621e-15,2.8990756914952126e-15,1.578640414077799e-16,-4.541161762364868e-15,3.461645768520399e-16,-3.024052464586599e-15,-4.2753556961595273e-16,1.816434626967535e-15,6.093249655930655e-15,3.1577976693121193e-16,-1.7217381505849112e-15,1.2727029565907136e-15,-4.473138613614937e-15,-0.0,-0.0,-0.0,-0.0,-0.0,-0.0,-0.0,-0.0,-0.0,-0.0,-0.0,-0.0
0.005826358176415196,6.113613615494546e-5,-2.0976514474735267e-14,5.103563334263074e-14,9.027978788828201e-16,-0.00026996323831007135,-0.07399041736329802,0.018911606360012986,-0.00025273156046310964,-4.299172233108263e-15,9.71916458014288e-6,3.4428815602071065e-6,-2.0126180675971754e-13,-0.09206568211367272,0.014989238528193276,-4.360182122737145e-5,-5.108228755923136e-5,-4.245313310901802e-5,-3.3441354780925416e-5,-2.7815257674061772e-5,-3.167957514796459e-5,-3.057301173084338e-5,-2.8085546794045348e-5,-1.1341105954033291e-5,-1.5556581776956008e-5,8.437561177791945e-6,3.3110438354702474e-7,1.4254669110636709e-15,1.345408639229189e-15,1.97112821918134e-15,1.3055509662648725e-15,-1.1940996602534727e-15,4.34017713560013e-16,4.921268419103602e-16,1.7723842070876916e-15,-1.829787757604567e-15,-4.8878102278866424e-15,-2.1999551420237796e-17,6.06994691800663e-17,0.007666378689372958,-0.07665521169005239,-0.00811312147101893,-0.03522378806811465,0.011941938569981563,0.0037618260755008744,-0.012534194384059184,0.005516647999462165,0.01935289557704954,-0.09536368875713032,0.02590875441745259,-0.0007026213985279879,-0.011608973930206806,-6.736120458186167e-16,-0.004112320752956874,-2.721884757816064e-15,-1.6742725678703787e-15,2.7331080276279606e-15,1.6319851192913449e-16,-4.117245075314225e-15,3.7221233325695835e-16,-2.774007878616541e-15,-4.2892718881573855e-16,1.7210318404730867e-15,5.7047506488046826e-15,3.787516723107068e-16,-1.5570141102893316e-15,1.206820335315858e-15,-4.14107878828417e-15,-0.0,-0.0,-0.0,-0.0,-0.0,-0.0,-0.0,-0.0,-0.0,-0.0,-0.0,-0.0
0.005799720492160885,-1.0694958776819903e-5,-2.0286746849609746e-14,4.3889327324983756e-14,1.0043277850647644e-15,4.073031067141026e-5,-0.07704180505969563,0.01919814732630856,2.9122007127432017e-5,1.7780711910369946e-13,-3.1589884612608675e-5,-1.119028596978025e-5,-2.0999613584331327e-13,-0.0965925374784303,0.020306577212045124,-5.889518142257943e-6,-3.913713476955318e-5,0.00012898472445681546,-1.49938051158737e-5,-1.5205269843149911e-5,-9.896642373243631e-6,-3.671173865235178e-6,-1.066739835974377e-5,3.3396079146112697e-6,3.0462411506791287e-6,1.743934678123256e-5,6.554411458117064e-8,1.4876677277500154e-15,1.4838195438948984e-15,2.172987752122379e-15,1.4107258943097608e-15,-1.3046973247854361e-15,4.712270715676854e-16,5.279283698538122e-16,1.9323775537718364e-15,-1.9831794466550587e-15,-5.222047803165391e-15,-2.010417514794077e-19,6.543765708986111e-17,0.012746695346788213,-0.2934530828164087,0.02744142576884189,-0.022256807941002404,0.014215426132060074,0.006569487243517175,0.001731983869542311,0.011561610018209979,0.022813174537070765,-0.060247423380877005,0.02715578563189857,-0.0006617071910212007,-0.011530915509901948,-8.84818325465854e-16,-0.004084669621712153,-2.9748926894810546e-15,-1.8331580734269837e-15,2.884150392570212e-15,1.5691153552643944e-16,-4.5194716638645055e-15,3.441880752794525e-16,-3.009846622714224e-15,-4.258772289087417e-16,1.807365302283963e-15,6.0625067003857165e-15,3.1369631419034726e-16,-1.7137369823952946e-15,1.2664958249894367e-15,-4.451264738312921e-15,-0.0,-0.0,-0.0,-0.0,-0.0,-0.0,-0.0,-0.0,-0.0,-0.0,-0.0,-0.0
3.506925697644064e-6,-2.0528549097593682e-5,-1.148049919522657e-16,-1.8190626194127896e-15,6.475237646536271e-17,8.85449384411059e-5,2.1276585564279317e-5,5.2869655257541445e-6,8.057141570941291e-5,8.484281283719494e-14,-1.2126606668125917e-5,-4.295685093638527e-6,4.0358054349405684e-15,0.0001296338130965507,1.1319641771595407e-5,1.1591320089505082e-5,4.530553892163355e-6,4.559126804905241e-5,5.7642715311752335e-6,4.0998045239535724e-6,6.67959280802251e-6,7.5542782344248415e-6,5.209295025383737e-6,4.158103524214291e-6,5.269387752617642e-6,2.10345104338299e-6,-7.568323408238562e-8,5.665278751580717e-17,2.647911561912949e-17,5.555823525527249e-17,4.555228592473264e-17,-3.104265581926827e-17,3.063702242911779e-17,2.3770578549097388e-17,6.662614884921931e-17,-7.131645200159572e-17,-2.1277586529300348e-16,1.6703906520872807e-17,1.9066285660870395e-18,-4.973325136201607e-6,-4.14423541163689e-6,-1.8605077834480583e-5,-4.6002394322131486e-6,-8.668247503756447e-6,-4.946318320823475e-6,-1.1381642527641903e-5,-1.021887546774474e-5,-1.0801378151267798e-5,-1.3279929321669946e-5,-8.733175942205233e-6,-8.196561945762796e-7,7.275091771036065e-10,-3.4901858852307584e-16,2.5771012559368145e-10,-1.5944178969644096e-16,-1.039021180389406e-16,-7.974212551993557e-18,-1.220160854685659e-17,-2.3485837845859407e-16,-2.7583418520190712e-17,-1.9057983056408134e-16,-9.872014803953417e-17,4.252261515070162e-17,9.720816368447215e-17,-6.225965424097872e-17,-1.2368851183818555e-16,6.512383505643209e-17,-1.693814296754602e-16,-0.0,-0.0,-0.0,-0.0,-0.0,-0.0,-0.0,-0.0,-0.0,-0.0,-0.0,-0.0
3.5071525289612416e-6,-2.05285499391734e-5,-1.1480469260581093e-16,-1.819063423584343e-15,6.475235332591863e-17,8.854494221248253e-5,2.126952340031342e-5,5.287520029763884e-6,8.057141898057959e-5,8.484281667820652e-14,-1.2126606203605438e-5,-4.295684929089642e-6,4.002916100794645e-15,0.00012963532233649218,1.1320233801974913e-5,1.1591320582181791e-5,4.530554324954856e-6,4.5591269344901205e-5,5.764271877357754e-6,4.0998047968995415e-6,6.679593165230402e-6,7.554278643265436e-6,5.209295343211545e-6,4.158103702571727e-6,5.269387977203949e-6,2.1034510491777e-6,-7.568323969470611e-8,5.665277361101903e-17,2.647911176052583e-17,5.555822845447122e-17,4.5552275596303556e-17,-3.104264498100254e-17,3.0637008227044914e-17,2.3770571774635345e-17,6.662612988545253e-17,-7.131643227644856e-17,-2.127758166967682e-16,1.6703907035510226e-17,1.906632466213538e-18,-4.973389204738982e-6,-4.148682492524386e-6,-1.860577535889123e-5,-4.600721911268101e-6,-8.668251492727682e-6,-4.946371147166245e-6,-1.1382029955839816e-5,-1.0219004596799099e-5,-1.0801342570478261e-5,-1.3281325098441201e-5,-8.733062720862059e-6,-8.196872937389878e-7,1.2120224556787912e-9,-3.490180572004542e-16,4.2934235526624786e-10,-1.594417024525978e-16,-1.0390205182414147e-16,-7.97408499987527e-18,-1.2201565805842771e-17,-2.348582493520946e-16,-2.758336170213579e-17,-1.9057967984282032e-16,-9.872004018649595e-17,4.2522631294911737e-17,9.720828692419634e-17,-6.225954240052677e-17,-1.2368841017918478e-16,6.512382172540774e-17,-1.6938139573091633e-16,-0.0,-0.0,-0.0,-0.0,-0.0,-0.0,-0.0,-0.0,-0.0,-0.0,-0.0,-0.0
7.015814666164327e-6,-4.1066736777971006e-5,-2.299203259456951e-16,-3.637588300304345e-15,1.295118661049137e-16,0.0001771314369115629,4.2562461660529754e-5,1.0576508766544537e-5,0.00016118029724464694,1.6969475589334074e-13,-2.4258776738206025e-5,-8.593340946587527e-6,8.03518479423256e-15,0.00025922572006601585,2.2645288409063525e-5,2.318753124303812e-5,9.061344077191194e-6,9.120892141484831e-5,1.1530442699045997e-5,8.200739113414889e-6,1.3361713618617137e-5,1.5111797048043395e-5,1.042044062019451e-5,8.318224376602368e-6,1.0541270940422366e-5,4.208650834625283e-6,-1.513999695312512e-7,1.1331139937500942e-16,5.3179726453098534e-17,1.1138818001568695e-16,9.120869721063015e-17,-6.225258370550045e-17,6.125855452242952e-17,4.755498842492219e-17,1.3341613106945704e-16,-1.4277275676552417e-16,-4.257217759644155e-16,3.338031504656295e-17,3.816116784620164e-18,-9.948959490829113e-6,-8.293838654537909e-6,-3.722123570555214e-5,-9.20264881317684e-6,-1.7339430656154995e-5,-9.894766836187332e-6,-2.2768741948597097e-5,-2.0442012519415343e-5,-2.160800198972362e-5,-2.6567622381094336e-5,-1.74723691177002e-5,-1.6397406772963211e-6,1.939801912644443e-9,-6.982638245329878e-16,6.871482171721344e-10,-3.19057766161522e-16,-2.079231419029364e-16,-1.5776854883351458e-17,-2.446104990499248e-17,-4.700299039305717e-16,-5.5206643117096213e-17,-3.813422151756816e-16,-1.9732780593085456e-16,8.509465970934557e-17,1.9472007605545516e-16,-1.2462522109725216e-16,-2.4750331513730925e-16,1.3019875936193023e-16,-3.389717232286421e-16,0.0,0.0,0.0,0.0,0.0,0.0,0.0,0.0,0.0,0.0,0.0,0.0
-1.3399207895164618e-6,7.406477291011881e-6,2.510388656867463e-16,-4.800094679470554e-16,-4.368069796423558e-18,-3.1934775339640963e-5,-1.2842817429494683e-5,-1.5355199440651498e-6,-2.877201360544219e-5,-5.540501112693702e-15,4.269550883614663e-6,1.5124302034777612e-6,3.650572790385936e-14,3.836380878252962e-5,-4.16750668750135e-6,-3.731892386027746e-6,-9.05356314428621e-8,-2.0514660025655665e-5,-1.4208712193339797e-6,-8.300947228364381e-7,-1.9132821102037496e-6,-2.4753295741562523e-6,-1.393331857231231e-6,-1.5532714305074491e-6,-1.9185601854844288e-6,-1.3804013953802045e-6,2.5643384526608417e-8,-3.49071264461485e-18,-1.8024841772377207e-16,-2.2059377527930356e-16,-8.399650357456287e-17,1.3588036128508822e-16,1.332567784577533e-17,-1.0762851652582949e-17,-1.322780067393436e-16,1.125938210934902e-16,1.3408237733853488e-16,2.2827592306495472e-17,-2.288678848711081e-18,1.7215132657562347e-6,6.797764798780788e-7,8.061789143577739e-6,1.2765355744602752e-6,2.1985036456294194e-6,1.5850286802296903e-6,3.884766261711502e-6,3.144633569397885e-6,4.068676996105505e-6,4.907103226569996e-6,4.808204116363238e-6,3.059967622481725e-7,-1.7630354644861735e-9,1.7761928276574325e-16,-6.245311809756729e-10,1.3869621162705548e-16,9.47953887494398e-17,-1.4015595735323744e-16,4.6977999068725214e-17,2.504869648380715e-16,3.192492508299227e-17,1.4487802234841058e-16,-9.397928141044037e-17,-3.938626650915422e-17,-2.4570879788039304e-16,8.516188430982729e-17,1.0040861590088613e-16,4.138946798300685e-17,1.6674148649311056e-16,-0.0,-0.0,-0.0,-0.0,-0.0,-0.0,-0.0,-0.0,-0.0,-0.0,-0.0,-0.0
7.0160429407126916e-6,-4.106673762718215e-5,-2.299200250374434e-16,-3.637589109368887e-15,1.2951184286539457e-16,0.00017713144071643827,4.255536344111875e-5,1.0577066623921107e-5,0.00016118030054583117,1.6969475976131357e-13,-2.4258776274459847e-5,-8.593340782299658e-6,7.961264820102602e-15,0.00025922723257429945,2.2645884244090852e-5,2.318753174047829e-5,9.061344513377997e-6,9.120892272336072e-5,1.1530443048133565e-5,8.200739388620372e-6,1.3361713978924151e-5,1.5111797460111963e-5,1.042044094057028e-5,8.318224556518094e-6,1.0541271166987261e-5,4.208650840586748e-6,-1.51399975182151e-7,1.1331138541994101e-16,5.3179722594994115e-17,1.1138817321007094e-16,9.120868684870932e-17,-6.225257283034108e-17,6.125854025655369e-17,4.755498162375854e-17,1.3341611203735745e-16,-1.4277273696849008e-16,-4.2572172719299676e-16,3.338031556396644e-17,3.8161207055944946e-18,-9.949024113771465e-6,-8.298312018258723e-6,-3.7221938055666064e-5,-9.203134237054987e-6,-1.733943483127594e-5,-9.894820086612423e-6,-2.2769131955357182e-5,-2.0442142639013213e-5,-2.160796642048249e-5,-2.6569026793321907e-5,-1.7472255442166173e-5,-1.6397719840667972e-6,2.426235900077655e-9,-6.98263290535296e-16,8.59460842264462e-10,-3.190576785184143e-16,-2.0792307537948366e-16,-1.577672664801755e-17,-2.4461006945578348e-17,-4.700297742353351e-16,-5.520658600741836e-17,-3.8134206373440173e-16,-1.973276975381136e-16,8.509467595929352e-17,1.9472019999884166e-16,-1.24625108687687e-16,-2.4750321298852553e-16,1.3019874598100738e-16,-3.389716891739614e-16,-0.0,-0.0,-0.0,-0.0,-0.0,-0.0,-0.0,-0.0,-0.0,-0.0,-0.0,-0.0
-1.3399209618093264e-6,7.406477295200705e-6,2.510388660084485e-16,-4.800094676943916e-16,-4.368069854352551e-18,-3.1934775357898406e-5,-1.2842826283915545e-5,-1.5355200854562912e-6,-2.8772013622891333e-5,-5.540501119643947e-15,4.269550889253405e-6,1.51243020546485e-6,3.6548943607104595e-14,3.8363817781385495e-5,-4.167507197596469e-6,-3.7318923890446565e-6,-9.053563283295497e-8,-2.0514660033667634e-5,-1.4208712207107138e-6,-8.300947238779761e-7,-1.91328211177214e-6,-2.475329575454391e-6,-1.3933318583110525e-6,-1.5532714313169964e-6,-1.918560186532007e-6,-1.380401395592052e-6,2.564338453586634e-8,-3.490712695222572e-18,-1.8024841776096358e-16,-2.2059377533573194e-16,-8.399650361833003e-17,1.358803613282158e-16,1.3325677814026226e-17,-1.0762851673708797e-17,-1.3227800680874876e-16,1.1259382116437997e-16,1.3408237751627027e-16,2.2827592306926347e-17,-2.2886788453159315e-18,1.7215135495579312e-6,6.797766356764636e-7,8.06179029420314e-6,1.2765357407824327e-6,2.1985039060992437e-6,1.5850288612241624e-6,3.884766737767408e-6,3.144633938022906e-6,4.06867735009886e-6,4.907103893988844e-6,4.808204456619984e-6,3.059968014411018e-7,-1.7615423945340727e-9,1.7761928349209287e-16,-6.240022332323513e-10,1.386962118103654e-16,9.479538887955435e-17,-1.4015595724457994e-16,4.6977999122017864e-17,2.504869651127139e-16,3.192492515175813e-17,1.4487802261664453e-16,-9.397928125769277e-17,-3.9386266526261885e-17,-2.4570879784516167e-16,8.516188445306483e-17,1.0040861607516375e-16,4.1389467937200676e-17,1.667414866368438e-16,0.0,0.0,0.0,0.0,0.0,0.0,0.0,0.0,0.0,0.0,0.0,0.0
-0.001377458957902515,-2.84946716195553e-5,5.209156404565116e-16,-3.2828139164638745e-15,1.8930315996732883e-17,0.00012350545473338082,0.003331309791727082,-0.001725854895188683,0.00011158525251994297,1.050629678486478e-13,-1.232506965056118e-5,-4.3659879002301905e-6,8.207880187035696e-15,0.005572304780468264,0.0011040118112807605,1.5453528592938476e-5,6.280066946425914e-6,6.386912694219346e-5,7.987595109746672e-6,5.66243897263708e-6,9.203903978007121e-6,1.0961334992333258e-5,7.4324046618038665e-6,5.8333373593119176e-6,7.378633208048087e-6,3.013501537769827e-6,-1.1580261565230917e-7,-8.421474149797475e-18,-1.722009161707973e-17,-1.0981443430669755e-17,-6.345893397417416e-18,1.1473785891512344e-17,1.5202555052469054e-17,3.826115564188779e-18,-4.049673942981627e-18,2.8707639239681866e-18,1.219560834445767e-18,1.1634089184347667e-17,-2.0350486512248425e-18,0.0006953617503149697,-0.010398785112490089,-0.002230910146947951,-0.001583955115188355,-0.00012255440820947963,-8.237552903575345e-5,0.0002435423881987828,0.00047319691350262294,-1.1223185007124953e-5,0.0005845883092676106,0.00015984632262983604,-2.2554410992088013e-5,0.0021389231886507144,-4.76527596376443e-16,0.0007576843802516331,-6.494545472222252e-17,-5.1225386194424307e-17,-1.6002700008805017e-16,-3.3594556320663183e-17,-9.784104311545186e-17,-6.478547614671329e-17,-1.0752510613998191e-16,-1.0253488525817829e-16,-3.903206332201457e-17,-1.8208024607444847e-16,-1.1092870327919166e-16,-8.746724169860865e-17,8.086712890217172e-18,6.821332193498202e-19,0.0,0.0,0.0,0.0,0.0,0.0,0.0,0.0,0.0,0.0,0.0,0.0
-0.0030073899364759706,-0.00010944298433920341,-6.098634444006143e-15,1.9606701935789427e-15,6.266988561575656e-16,0.0004708477285088667,0.022166189921819724,-0.0006806713403657924,0.0004254392096376038,5.46109614250379e-13,-6.116976205038696e-5,-2.1668554289110114e-5,3.3590413071272226e-15,-0.023541141332483365,-0.006957786164477901,6.0355697489153254e-5,1.7328934824937546e-5,0.0002592455844235512,2.7751737914660053e-5,1.9056265738252873e-5,3.36532800002929e-5,3.872954398905688e-5,2.5537699437255573e-5,2.2487697628875712e-5,2.8126430205270172e-5,1.4003919959656569e-5,-4.012574196241711e-7,6.716090207068374e-16,3.44511070030739e-16,6.388131475938302e-16,5.097064125220487e-16,-3.9096496559886123e-16,3.673914036602152e-16,2.670338023456637e-16,7.322299959919645e-16,-7.908746355553911e-16,-2.2946787292743397e-15,5.535035824335984e-17,6.390438474827364e-18,0.006190409495708472,0.026312902506327077,0.010118082396013918,0.0004427912677874938,-0.001599126315330878,4.254957466611945e-5,0.009696515483306809,0.0042300852904099415,-0.00026688323647283473,0.026730433441617744,-0.0012679467979740708,-0.001027864434078458,0.0022923760131950744,-5.5048178766127115e-15,0.0008120429513672448,-1.886867073025952e-15,-1.2864700137397085e-15,-4.675510688124316e-16,-2.967276254850424e-16,-2.7981746734089912e-15,-4.446983636693628e-16,-2.4896458761441955e-15,-1.4333234722932354e-15,4.3723284716756794e-16,6.459352881221203e-16,-9.216205587797766e-16,-1.6258058320245903e-15,6.964045749755365e-16,-1.8706894276055915e-15,-0.0,-0.0,-0.0,-0.0,-0.0,-0.0,-0.0,-0.0,-0.0,-0.0,-0.0,-0.0
-0.0020867452731676488,-8.737429584016654e-5,-3.915867211203034e-15,-2.0936475118313553e-16,4.400273348134154e-16,0.0003762275541811617,0.014978371320516517,-0.0005594950049919006,0.0003401921001555593,4.0435237180400554e-13,-4.885919031739753e-5,-1.7307702082959673e-5,1.9517215485859603e-15,-0.016066290451891535,-0.0037542611056439667,4.792919338879668e-5,1.4194961467500513e-5,0.00020653372085800456,2.2309756978707967e-5,1.5340461713759164e-5,2.6897990045870054e-5,3.122617343072237e-5,2.058648212007915e-5,1.793205428198093e-5,2.2477680142380494e-5,1.1044422853663037e-5,-3.2142624195058146e-7,4.604057096937645e-16,2.512763433916187e-16,4.595644783403577e-16,3.582404562070946e-16,-2.7902683772887113e-16,2.5433429680699945e-16,1.8550385151411825e-16,5.170456378956506e-16,-5.556330103583084e-16,-1.595358026546111e-15,4.204273722957251e-17,4.9980689864723845e-18,0.005147034642651918,-0.025362797385104087,0.014088382772188818,0.003210616296726922,-0.0007201083720868329,0.0005649759668639908,0.009540181024216152,0.004035114710506497,0.0003587746631004481,0.025951766598405052,-0.0008193867249789238,-0.000680599687124159,0.0016615186401839532,-3.7950828746429375e-15,0.0005885703272763573,-1.3161023063690427e-15,-8.960124301711419e-16,-3.105314100368807e-16,-2.0514583967510603e-16,-1.9561705324639817e-15,-3.114070901490718e-16,-1.7248429896994143e-15,-9.757852211725442e-16,3.0249612782229873e-16,4.671974361545393e-16,-6.442054497450034e-16,-1.1284738077494026e-15,4.782819317604855e-16,-1.3059296764100545e-15,-0.0,-0.0,-0.0,-0.0,-0.0,-0.0,-0.0,-0.0,-0.0,-0.0,-0.0,-0.0
0.0007829343723558751,-3.513988399539904e-5,-8.119110543987091e-16,-3.650541692032865e-15,1.919003530978481e-16,0.00015069221447107755,0.004356889490462236,0.0022729387246835527,0.00013839564569429255,1.3013965626442413e-13,-2.5517391525181308e-5,-9.03918807859363e-6,5.159972070460898e-16,-0.016737307262790244,-0.005747385520150744,2.1372976523712947e-5,8.914920096711582e-6,7.396310132493116e-5,1.0379724614979385e-5,7.550519896993279e-6,1.1972694588009259e-5,1.2266219732811084e-5,8.940804526862108e-6,7.011180231354498e-6,8.89902051988223e-6,3.0178944537541774e-6,-1.1853809881143054e-7,2.1020168700562692e-16,1.484307104457936e-16,2.4305268826061203e-16,1.7425480338226716e-16,-1.4963134518026564e-16,1.0438740607651564e-16,8.219669685723362e-17,2.5489700200964624e-16,-2.667441565767235e-16,-7.269175018758635e-16,1.0662842301944614e-17,5.091850515151513e-18,3.376260861557156e-5,-0.011725226639883658,-0.004057347743714007,-0.0021295345632133113,-0.0010516045608437714,-0.0007069384161252704,-0.0010647059574907427,-0.0007894023973642913,-0.0009476716957047533,-0.0022332977662645023,-0.0008057613043585615,-0.0004054341447005331,-0.002200571053432878,-1.1458939900117572e-15,-0.0007795222959232789,-5.379502635091461e-16,-3.578214191879623e-16,5.5067724670131844e-17,-5.1800939012784194e-17,-8.062070056919981e-16,-7.257963619893568e-17,-6.600605463124087e-16,-3.040903774148162e-16,1.79388669776881e-16,4.3811271231552023e-16,-1.725832344399183e-16,-4.1728716399970504e-16,2.039902379275195e-16,-6.08806958294112e-16,-0.0,-0.0,-0.0,-0.0,-0.0,-0.0,-0.0,-0.0,-0.0,-0.0,-0.0,-0.0
0.005219743244041497,-9.593962206093908e-6,-1.8262204281432953e-14,3.951308679569006e-14,9.04042460272534e-16,3.652037646471054e-5,-0.0693376404518323,0.017278323190039583,2.6083494738823765e-5,1.6004361342474525e-13,-2.8413270889811132e-5,-1.006501386417096e-5,-1.890019572285651e-13,-0.08693324769669138,0.01827590213952611,-5.319181493932586e-6,-3.523497481669214e-5,0.00011602706759621139,-1.3505260869491516e-5,-1.3692908048247428e-5,-8.918554415056788e-6,-3.3168011780372783e-6,-9.610230742749558e-6,2.999444507557386e-6,2.733537370268404e-6,1.5694016265630508e-5,5.9114498849875275e-8,1.3391083609003576e-15,1.3354719854989449e-15,1.9557850125878975e-15,1.2697749624157057e-15,-1.1742934566010979e-15,4.2418716249326013e-16,4.752027528888545e-16,1.7392948627969312e-15,-1.7850433404761352e-15,-4.700474137479437e-15,-1.630029234054623e-19,5.889676610124877e-17,0.011472033460875287,-0.2641077656985674,0.024697308158560527,-0.020031118882062476,0.012793899436117263,0.005912546651507346,0.0015588041075445677,0.010405466639906456,0.020531873133368614,-0.05422266068474174,0.024440215458872715,-0.0005955353035735775,-0.010377823954711212,-7.974931813161817e-16,-0.0036762026580529576,-2.677835129257699e-15,-1.6501285997941672e-15,2.595674409398085e-15,1.4117440107587915e-16,-4.068136234716654e-15,3.0971153833573e-16,-2.7094449620779306e-15,-3.8366929789379237e-16,1.6267748868934379e-15,5.456496389216325e-15,2.821791528470489e-16,-1.5427230950043862e-15,1.1400591259004873e-15,-4.006608200425214e-15,0.0,0.0,0.0,0.0,0.0,0.0,0.0,0.0,0.0,0.0,0.0,0.0
0.020533396778431533,0.00017095063984876873,-4.424720026313072e-14,1.0117400566242059e-13,2.3439757141487495e-15,-0.0007559185559079231,-0.060986284297911926,0.04489187631639907,-0.0006895550289745184,-1.0488914248108542e-13,1.0149436510664604e-5,3.5952995508435986e-6,-3.1712958297852823e-13,-0.24885248922335115,-0.021961282053535803,-0.00010027816410481745,-9.37432094007277e-5,-0.0002504512668078378,-7.21832933232321e-5,-5.6982084239416106e-5,-7.188966785962205e-5,-8.221118228777608e-5,-6.505646032289068e-5,-3.3750605422295407e-5,-4.462679454029696e-5,3.2686402661030675e-6,9.161537803507275e-7,3.3662595634947616e-15,2.580937665886778e-15,3.915949166900387e-15,2.8016992901226646e-15,-2.4579464661425308e-15,1.1985021695396993e-15,1.158196157209e-15,3.853858144458832e-15,-4.044745811608165e-15,-1.1145274507247543e-14,-4.342817955414254e-17,1.0994625988297028e-16,0.01658657886452163,0.005925051348040774,0.09196592860767408,0.00994872007910096,0.009781351207816966,0.0072238827206519375,0.025143339281003402,0.013821460209290792,0.019062942328736912,0.014871975337902943,0.016910847196422617,-0.003134698253831571,-0.040905844849068396,-8.245879971594116e-15,-0.014490337880106409,-6.869506290989983e-15,-4.3926095930519335e-15,3.95925217811205e-15,-1.2923526439531938e-16,-1.0253609833878644e-14,1.5293364052728408e-16,-7.884299881102405e-15,-2.6894381761524746e-15,3.5068187725954158e-15,1.0303359623729982e-14,-4.390127132070661e-16,-4.628997691592209e-15,2.9566554478804308e-15,-9.24946421193245e-15,-0.0,-0.0,-0.0,-0.0,-0.0,-0.0,-0.0,-0.0,-0.0,-0.0,-0.0,-0.0
-0.011983486002835386,0.00018562038142463998,-1.5836346540260346e-14,7.538224223644672e-14,-3.4752490660943074e-16,-0.0007961355112670445,-0.05364836936804471,-0.016492139059813626,-0.0007508704548677458,-3.018013629027846e-13,0.0001577620179632505,5.588504417942503e-5,-1.2758097465663778e-13,0.08972530235418227,0.06655237508157444,-0.00013348333667846876,-9.494337993362451e-5,-0.0002641990638172092,-7.568748511469923e-5,-6.0090482464728774e-5,-7.925005302914552e-5,-6.838035581454591e-5,-6.041399774505319e-5,-3.492886053914496e-5,-4.5949471901605645e-5,3.951301993987807e-6,6.235456429449812e-7,-1.6748515766302242e-16,-1.361651891443943e-16,-2.2051875712613316e-16,-1.345242002645857e-16,1.6086247618813426e-16,-1.7891694471452592e-16,-9.115262266612338e-17,-3.0806557789125987e-16,2.926741644592979e-16,6.027989635729203e-16,-9.925852573853725e-18,-6.620015839354066e-18,0.02049378607939552,0.01133069214015977,0.08657735883703487,0.01237813334213524,0.01805322084872929,0.012606569826883574,0.03401965874392637,0.025456644476216848,0.024968657631812906,0.044827120973869615,0.023898678784495326,0.00226512472699289,0.023785316598889127,1.5865868249734674e-15,0.008425624146740937,6.116806145315493e-16,4.3226283766770323e-16,1.5522194286306436e-16,9.786556106509238e-17,9.44768742546282e-16,1.5221711559737926e-16,7.817950557952651e-16,3.4564496644711763e-16,-9.480478675632284e-17,-9.940547161063219e-17,3.308848996627487e-16,5.050997602321806e-16,-1.763907325732574e-16,5.689550673174179e-16,-0.0,-0.0,-0.0,-0.0,-0.0,-0.0,-0.0,-0.0,-0.0,-0.0,-0.0,-0.0
0.00016813097885002432,-4.801030894596978e-7,1.1515182949625556e-16,-1.4036210657715716e-15,3.612075135611366e-17,1.898116533598347e-6,0.0009300011180127467,0.0004904205516804926,2.3149508128453738e-6,2.2999475886427764e-14,-1.4150689672290288e-6,-5.012688824293429e-7,3.6899393592952e-14,-0.0014389122706851111,-0.0033918906980851355,1.0820109501406573e-6,1.9795547289641973e-6,-4.085621360667834e-6,9.388146489521797e-7,8.932560783179371e-7,7.954235325440469e-7,2.923989456603773e-7,6.363000799389637e-7,1.824891452438765e-8,7.842121715094495e-8,-7.302862023864392e-7,-1.1421286306333765e-9,4.045186872975584e-17,-1.4885585850998784e-16,-1.6918763890348812e-16,-4.7398613518386075e-17,1.043033032213329e-16,3.536794976283237e-17,6.5366898723370584e-18,-7.851446890497138e-17,5.641905958326906e-17,-1.8416890107363188e-17,2.5127277716186676e-17,-1.2072302776277392e-18,8.955308782730476e-6,-0.002536757834362962,-0.0008701372443890231,-0.00045963800696183834,-0.00022553457718400903,-0.00015147491118632067,-0.00022668147961992847,-0.00016784945436732878,-0.00020114725558149807,-0.00047855628823476255,-0.0001695929501592277,-8.743970042037682e-5,-0.00047620537266754374,-6.188860578735788e-17,-0.00016868926129580587,2.5607046257637406e-17,1.9572333983990934e-17,-1.2829001494660647e-16,3.6184853517086973e-17,8.084709171183252e-17,1.6638875837264067e-17,6.4507594744917845e-18,-1.573599077711851e-16,-1.7917870043170557e-18,-1.5341548974535753e-16,4.8914263610794855e-17,1.281798618627173e-17,8.412771747414676e-17,3.872668840413992e-17,-0.0,-0.0,-0.0,-0.0,-0.0,-0.0,-0.0,-0.0,-0.0,-0.0,-0.0,-0.0
0.0006121386719638616,-1.9935632026703757e-5,-4.1941556937229093e-16,-3.2266976441278833e-15,1.4687886903205141e-16,8.53091651498375e-5,0.003401284811315933,0.0017794708529938663,7.888846106692155e-5,9.611759820089774e-14,-1.5613815279295237e-5,-5.53098119710294e-6,3.6664666126951036e-14,-0.015221740096220618,-0.002363780634724098,1.287720627792504e-5,6.776233834276486e-6,3.721255956085988e-5,6.625145555760381e-6,5.015699975031325e-6,7.380115836607023e-6,7.056855934705327e-6,5.541315645762278e-6,3.904264963440294e-6,5.006319167057281e-6,9.95566798220416e-7,-6.64449092295246e-8,1.6250100836304008e-16,-6.267772359770439e-17,-2.836112823101479e-17,5.377031883832197e-17,1.747806816490008e-17,9.552434881774278e-17,5.408216612269973e-17,6.908144827442936e-17,-9.810183188239245e-17,-4.3994157075630365e-16,3.110457203954448e-17,1.725937257669264e-18,2.8229013723425876e-5,-0.009187128492919352,-0.0031711660429694804,-0.0016673640662555147,-0.000821711644902885,-0.0005523150656081962,-0.00083030529686934,-0.0006153092138667102,-0.0007384335312976278,-0.0017449850521281624,-0.0006265871004180646,-0.0003173858891911114,-0.0017243692039132764,-7.277978602747143e-16,-0.000610834282654354,-2.8605356172390275e-16,-1.8773644947734673e-16,-9.642610146634563e-17,5.884933396987404e-18,-3.8609868948615316e-16,-2.540072345867951e-17,-3.764521343362491e-16,-3.338807572728887e-16,1.0233740076110164e-16,1.0058354000083729e-16,-5.1260287702727704e-17,-2.291401586512018e-16,2.0223161705381494e-16,-3.1397556239802487e-16,0.0,0.0,0.0,0.0,0.0,0.0,0.0,0.0,0.0,0.0,0.0,0.0
-0.015466967960328317,0.00024290470740770124,-2.4243436632212393e-14,1.0585454264465804e-13,-3.4467398666831446e-16,-0.0010424779472696373,-0.1260340040778281,-0.015101071951312573,-0.0009869181308882068,-3.653025736526979e-13,0.00020550690369108802,7.279801906099942e-5,-2.2504518805856364e-13,0.20596531990294537,-0.0045959975741984415,-0.0001797620513458678,-0.0001380351445011921,-0.0003095972349735543,-0.00010502875911177222,-8.444483978893015e-5,-0.000108296931363502,-9.115912900790775e-5,-8.31586228388507e-5,-4.522588136105797e-5,-5.992005615313062e-5,1.0746999730982138e-5,8.329643151789912e-7,9.197399573490558e-17,2.4233255208844754e-16,3.3341106228331326e-16,1.5091397482465355e-16,-1.2747732580275695e-16,-1.7008555949005764e-16,-4.243237140415286e-18,4.6892329642249566e-17,-7.792708364160494e-17,-3.582557000464375e-16,-3.069193376192779e-17,1.694586103215554e-17,0.00973566357679372,2.1962123232289306e-5,-0.07618379960209216,0.016565368239457708,0.03561324771395508,0.024429378474726482,0.052258007991811996,0.046382181787557174,0.050971569433798075,0.05241371245731528,0.052146021184056326,0.003054013018742594,0.03069996343424384,4.523231943994737e-15,0.010875043522763337,4.3050454055535494e-16,4.0077027932452035e-16,1.6712600103787852e-15,3.7384885858145904e-16,6.423414178774112e-16,5.670021536248296e-16,9.683290244205149e-16,9.268626654933417e-16,4.3856112722766714e-16,2.17413444153013e-15,1.0774906253773287e-15,7.251985635480818e-16,2.816207952677026e-17,-2.9743264484309917e-16,-0.0,-0.0,-0.0,-0.0,-0.0,-0.0,-0.0,-0.0,-0.0,-0.0,-0.0,-0.0
0.003103111137662065,3.954136380670574e-5,-1.421798490607989e-14,3.516751766615034e-14,5.667239533527307e-16,-0.00017422757788899056,-0.07438907210596489,0.013882092806292044,-0.00016585830460279983,-1.2178346479425715e-15,9.235618826630859e-6,3.271592062452634e-6,-1.49299056971181e-13,-0.06656521086892878,0.025292453359824284,-3.1975282998352655e-5,-4.0790516295269166e-5,-6.256441037004246e-6,-2.500785914029444e-5,-2.129678198587531e-5,-2.3205288028869953e-5,-2.0061744790734115e-5,-2.020665672317362e-5,-7.01832455890174e-6,-9.860832326638008e-6,8.677446115378391e-6,2.1453195791119562e-7,9.824514689241225e-16,9.939535084070588e-16,1.4643595680811003e-15,9.188577217090377e-16,-8.633186643541791e-16,2.8548348490741304e-16,3.4442265417100915e-16,1.2483867769517682e-15,-1.291283472109448e-15,-3.404663425210735e-15,-2.8027040669083587e-17,4.841690049080164e-17,-0.054058628045779114,-0.04082387818060934,-0.0815971965999098,-0.009215298259497398,0.012775132199733384,0.007842163557830557,-0.010116122177609595,0.009566958898370115,0.020068773816152227,-0.0450693426408593,0.026812755362322176,-0.0004753959054033159,-0.0061839318251358175,9.56203065851835e-16,-0.002190573545281946,-1.746627496157706e-15,-1.039585421816071e-15,2.3620463322611117e-15,2.2490251931200527e-16,-2.660043071618868e-15,4.135643421040548e-16,-1.6046851743963577e-15,1.9456463702323578e-17,1.2878918678307019e-15,4.505508587891494e-15,5.770105444492628e-16,-8.443260142874054e-16,8.315091543439256e-16,-2.9256190219024783e-15,-0.0,-0.0,-0.0,-0.0,-0.0,-0.0,-0.0,-0.0,-0.0,-0.0,-0.0,-0.0
-0.0014407414723607024,6.166395890682144e-5,-1.335935689990694e-14,4.1113076976543766e-14,2.9537505184159937e-16,-0.00026709532438414456,-0.07336872443931744,0.0053041480194572005,-0.0002557528668594143,-5.128493151850029e-14,4.1475672053113726e-5,1.4692191401995864e-5,-1.4900499302968558e-13,-0.018615061287697535,0.0368136139580109,-5.02839468976487e-5,-5.238892400964204e-5,-3.485105266110609e-5,-3.417677452071397e-5,-2.8676425353243e-5,-3.304058225656945e-5,-2.655154412279454e-5,-2.6796862022256567e-5,-1.100289916289489e-5,-1.5118394023629249e-5,9.535989470616943e-6,2.5642314755789565e-7,6.442676365114468e-16,7.598867858314808e-16,1.1118407120898272e-15,6.447139608511383e-16,-6.381629569681442e-16,1.5400356543488266e-16,2.29040161823853e-16,8.648552054051233e-16,-8.956851584017819e-16,-2.3121123775921023e-15,-3.552609558768946e-17,3.770537254094353e-17,-0.01724387939562815,-0.015844487655059605,-0.21118402306212572,0.002188994726120007,0.016702878462441544,0.011139475025547279,0.013940322632792736,0.019019331636577402,0.02510875551286883,-0.0010271106815456805,0.02797541746763629,0.00042627256309789725,0.0028497918684116216,1.2506111942118846e-15,0.0010094999189870836,-1.11942471413414e-15,-6.477324013669912e-16,1.8531068667018996e-15,1.8137569509937595e-16,-1.7290433483669348e-15,3.358590753577186e-16,-9.443310816508436e-16,1.9969064865327646e-16,9.118695008261826e-16,3.3596982189693565e-15,5.103944219827584e-16,-4.730491965969251e-16,5.260596624609035e-16,-2.014344418270925e-15,0.0,0.0,0.0,0.0,0.0,0.0,0.0,0.0,0.0,0.0,0.0,0.0
0.00022378741298849348,-4.450348578807826e-5,-1.2226200115377884e-14,1.3944713899660672e-14,1.3889369177585961e-15,0.00018304889883741867,0.21551003041361091,-0.0038316343553428034,0.00017857806118065663,1.2055995275823712e-13,-8.495400245884031e-5,-3.0093797209379136e-5,4.548489715468319e-15,-0.14819283784840878,-0.007538914492103142,3.17086681678811e-5,7.1915673160649136e-6,9.858883015632016e-5,1.1324001281853606e-5,7.955959555971302e-6,1.420238117833944e-5,9.99318454048032e-6,7.943874982315643e-6,8.184870423024839e-6,1.0560150845451638e-5,4.379239967964747e-6,-2.0111976289042222e-8,1.2344796382073189e-15,5.976355064719531e-16,1.011867378381248e-15,9.242840416312564e-16,-8.257810703312255e-16,7.992403145791646e-16,5.028531555339915e-16,1.4584383045895056e-15,-1.5437898270686548e-15,-4.160148032603425e-15,2.4800953289803787e-17,-8.551903688047494e-17,0.004758593797358124,0.004093806341468338,0.05542384093140899,-0.0001245832845023616,-0.0039350089891858385,-0.0025989239039592334,-0.0027381890203701663,-0.004467175939877947,-0.00578607541043819,0.00017050329060212084,-0.0065477818261449276,-0.0002428858109669006,-0.028645572514542122,-1.8922915120731074e-14,-0.010147303546384413,-4.408568075837771e-15,-3.1495560713500855e-15,-3.287725256377226e-15,-1.355633977422579e-15,-6.5347597562097085e-15,-1.797178730456339e-15,-6.654870401180989e-15,-4.180531594242351e-15,2.6688246184613677e-16,-1.7183582434867008e-15,-3.664332564958335e-15,-4.337579161368201e-15,1.1967255103103012e-15,-3.2405420727355208e-15,-0.0,-0.0,-0.0,-0.0,-0.0,-0.0,-0.0,-0.0,-0.0,-0.0,-0.0,-0.0
-9.063659595384309e-7,5.466537761255049e-6,-1.2586546499315726e-15,1.020257564968815e-15,1.4593643616325531e-16,-2.430591911270022e-5,-8.228554594011411e-7,-1.8373619535892805e-6,-2.2568810469942333e-5,5.143630546685259e-14,2.7921283894993897e-6,9.890734282421942e-7,4.3786386696014983e-14,-2.088625462102128e-5,-3.0916754279874573e-6,-3.0814730772388316e-6,-2.5474959154430925e-6,-9.468762659204798e-6,-2.1265092689661436e-6,-1.625580820233728e-6,-2.1231809885229517e-6,-2.5506739900791394e-6,-1.9199756505557555e-6,-1.0628438519419709e-6,-1.4347778552597925e-6,-4.6798908589608793e-8,2.3743710315022708e-8,1.8284125117662889e-16,-1.0556290168700227e-16,-5.886070395355597e-17,3.1735804239447543e-17,4.1972755496573116e-17,1.1271581656221128e-16,6.344408513896186e-17,4.413836199065447e-17,-9.304451027773573e-17,-4.853892741780797e-16,3.148072910337682e-17,8.047352307837423e-18,1.2422583100660092e-6,1.8360887029730456e-6,4.025342478729093e-6,1.5945347033880306e-6,3.0292755063311304e-6,1.46190845992532e-6,3.6049844152715644e-6,3.435262806453207e-6,2.7431892101056566e-6,3.6668256079650467e-6,8.736997190497533e-7,1.7738335780910092e-7,2.375373053290744e-9,-1.1909841988032547e-15,8.414434482015792e-10,-3.343041791165689e-16,-2.2393790505708984e-16,-2.323907957881917e-16,-2.7368550528105704e-17,-4.521160877134552e-16,-7.114588789760503e-17,-4.942510080182055e-16,-4.694966410249706e-16,8.068665935796496e-17,-5.481254354192275e-17,-1.1687567245038087e-16,-3.015201176216008e-16,2.418144028982066e-16,-3.31452729551527e-16,-0.0,-0.0,-0.0,-0.0,-0.0,-0.0,-0.0,-0.0,-0.0,-0.0,-0.0,-0.0
-0.0030363053642351763,-6.972618567100551e-6,-1.273346430259522e-14,2.3030572591975074e-14,1.1507719820595872e-15,2.3396461531506027e-5,0.18165748388229838,-0.009139056130115588,2.6279600294624197e-5,1.0164060237561177e-13,-4.1006813670106905e-5,-1.452610469132032e-5,9.101853013938405e-15,-0.06737031978470696,-0.022549046688802497,4.695471407934621e-6,-9.4355566360137e-6,3.915520135381425e-5,-2.858426256757024e-6,-3.123254127152985e-6,-9.91037044476422e-7,-2.696769318521214e-6,-3.1388451029984624e-6,1.2091042111335442e-6,1.3544616624567752e-6,4.357111337256799e-6,7.565748576103324e-8,1.0273531508521893e-15,3.8483564073625084e-16,7.266764213081943e-16,7.133057426800697e-16,-6.12463444071635e-16,6.873425073520048e-16,4.219108050966537e-16,1.1332021113085672e-15,-1.2307393696791094e-15,-3.4338648445935087e-15,3.3104823212339874e-17,-7.104066464340523e-17,0.013473504335997484,0.00994487824643412,0.11439425492795532,0.003086901136560059,-0.0013694856676673476,-0.0007253296577687475,0.004876688188237104,-0.00011090108678670009,-0.0025847553379133035,0.013488907429532333,-0.004114235840556817,0.0003730791924897357,-0.01788665485660444,-1.7098030575049818e-14,-0.00633610363930584,-3.764990882067818e-15,-2.7052204082952563e-15,-3.2100345594497784e-15,-1.2297427433344887e-15,-5.563050616157032e-15,-1.6501798411866603e-15,-5.806297773352329e-15,-3.820568968229439e-15,1.1281950674599717e-16,-2.012243445952922e-15,-3.307737032571484e-15,-3.8034864298804675e-15,1.0344582173401892e-15,-2.624633441630295e-15,0.0,0.0,0.0,0.0,0.0,0.0,0.0,0.0,0.0,0.0,0.0,0.0
0.005025151209767173,-0.00011168799060705468,-1.0618034715759004e-14,-6.6405020498005524e-15,1.857400043119171e-15,0.0004690327616067717,0.257929748630559,0.004131460616151608,0.00044952369602524234,2.5782805887914805e-13,-0.00015506907412251837,-5.493110549456198e-5,6.001953233804307e-14,-0.2622382999296971,0.014863267357611098,7.967285432422808e-5,3.6507729618072605e-5,0.00020586662173905488,3.651151927162754e-5,2.761802826778187e-5,4.132580613672327e-5,3.2888677256335514e-5,2.7786870333079892e-5,2.0811623456147566e-5,2.7082340054574037e-5,4.729671821292085e-6,-2.093699527881956e-7,1.6887107990634577e-15,7.782239124818619e-16,1.3540597560502857e-15,1.229256402524515e-15,-1.0710501479755678e-15,1.0724632051331452e-15,6.802672521765502e-16,1.942801164314901e-15,-2.0639443793064873e-15,-5.622670764570686e-15,4.7857139142307665e-17,-9.150952048459957e-17,-0.008260957493908403,-0.004679996769680743,-0.033468619195420816,-0.004859129717889178,-0.007587934250565413,-0.005274653961512368,-0.013877982151789427,-0.010742020458891643,-0.010311826149669237,-0.019481850870817465,-0.00991151424606626,-0.0011431872929152898,-0.043512509553766746,-2.239889005431518e-14,-0.015413713315831218,-5.600130751291293e-15,-3.9626688885933115e-15,-3.580943760332101e-15,-1.537931408055049e-15,-8.289776735244725e-15,-2.0558974801820863e-15,-8.25800595723445e-15,-5.1020987027178515e-15,5.554632012764373e-16,-1.3352483014092965e-15,-4.2265778520481225e-15,-5.335850668071688e-15,1.6637924282499378e-15,-4.416211616443015e-15,-0.0,-0.0,-0.0,-0.0,-0.0,-0.0,-0.0,-0.0,-0.0,-0.0,-0.0,-0.0
4.7226351170511324e-8,6.625073470415633e-7,-2.903678430847937e-15,2.738078136801622e-15,3.02076133972093e-16,-4.34780494155545e-6,1.6374051405648465e-5,-1.562776986891966e-6,-5.274261035581419e-6,1.1218512085070415e-13,-3.4660147709359773e-7,-1.2277883870404369e-7,3.73033611255231e-14,-9.590201374252038e-5,-4.0509158857689866e-7,-9.94666160474339e-7,-5.029501181588706e-6,9.644940385684104e-6,-2.3088455095104187e-6,-2.1245013102253663e-6,-1.6101670104348858e-6,-1.687284573031894e-6,-1.929730859939766e-6,3.025365408800776e-8,-2.096794344930482e-7,1.8440594914408901e-6,1.2050723755405705e-8,3.7564506833669053e-16,3.8755185198258086e-17,1.900429548328393e-16,1.82174687512404e-16,-1.0546890853702886e-16,2.0986651949349022e-16,1.4374337228721764e-16,2.750432040348433e-16,-3.4659630491160057e-16,-1.1723231678143123e-15,3.184225360651672e-17,1.9525465701230526e-17,9.617325258593481e-8,2.7618991425670846e-6,-3.1744837287794055e-6,1.434797795780067e-6,3.0436814528126534e-6,7.328409690714299e-7,1.8419554272595331e-6,2.537558885457185e-6,-1.6190173421967276e-7,5.307417660919635e-7,-4.984940779095597e-6,-7.082782381715081e-8,7.287069168481334e-9,-2.6639690240955757e-15,2.5813445784254363e-9,-8.724219239971346e-16,-5.870448086672797e-16,-2.746170557570123e-16,-1.213645758909581e-16,-1.2681075607714386e-15,-1.8903181141211908e-16,-1.2053845584196202e-15,-8.201704269082688e-16,2.188591948162915e-16,2.335320504559181e-16,-3.5643178358316527e-16,-7.52222244019351e-16,4.322880362373278e-16,-9.059776548417326e-16,-0.0,-0.0,-0.0,-0.0,-0.0,-0.0,-0.0,-0.0,-0.0,-0.0,-0.0,-0.0
-2.4219906573634264e-6,1.3931963485951476e-5,-1.2454754543622713e-15,7.354096171470625e-16,1.690840035528009e-16,-6.09457445120733e-5,-1.384746111614746e-5,-3.726821045451742e-6,-5.570758552020633e-5,5.551752922659726e-14,7.60457599633347e-6,2.6938173968119395e-6,8.87415033483891e-14,1.3368557654664376e-5,-7.857728464713253e-6,-7.410315854182388e-6,-3.1253190316310786e-6,-3.18300122032015e-5,-3.956581736597522e-6,-2.7681063564701333e-6,-4.4461618244042154e-6,-5.5176144204995145e-6,-3.6827717699516416e-6,-2.8222090402501763e-6,-3.6311294608775503e-6,-1.4386390851356785e-6,5.3970002248993746e-8,2.1385453688031666e-16,-3.058049736097054e-16,-2.906529393411856e-16,-4.631580400004046e-17,1.858280274619082e-16,1.473173904576875e-16,6.464871281359961e-17,-7.98754735760726e-17,2.0431726271766214e-18,-4.428279816083346e-16,6.024049866570134e-17,7.278012866389417e-18,3.2047950566381615e-6,2.8681615918899284e-6,1.2871196226306616e-5,3.1782473624164636e-6,5.811261168508521e-6,3.3294612521145562e-6,8.185435478033308e-6,7.242056372614878e-6,7.3438777950997095e-6,9.28364564639026e-6,5.857864475817653e-6,5.17930954272373e-7,1.061501573173376e-9,-1.2381403391795259e-15,3.760225206604432e-10,-2.586257902523075e-16,-1.7135937872202285e-16,-4.164800803871278e-16,1.444930699589711e-17,-2.868313428842279e-16,-5.264009436755172e-17,-4.4259707470797604e-16,-6.521322549791146e-16,5.650521272911575e-17,-3.110056026175502e-16,-5.373734818616635e-17,-2.5797414922655e-16,3.2884876751970726e-16,-2.271776442566808e-16,-0.0,-0.0,-0.0,-0.0,-0.0,-0.0,-0.0,-0.0,-0.0,-0.0,-0.0,-0.0
-0.005853902142289195,-2.1178458132888772e-5,6.254332582579874e-16,-2.4957072600932767e-15,4.705157470398505e-17,9.222356937285717e-5,0.029166992357284222,-0.004442394170650817,8.085262411564158e-5,9.624605865914785e-14,1.1991749450987765e-6,4.24791374654369e-7,1.8924075793752958e-14,0.029331380525585902,0.005987043399332281,9.7261602376857e-6,1.692343731439649e-6,5.54972605260172e-5,4.630739142507853e-6,2.936834249441389e-6,5.8431584994930584e-6,8.320176623797392e-6,4.8946788535599084e-6,4.570993320487961e-6,5.5959401426346405e-6,3.6056595299522824e-6,-1.055997568296865e-7,-2.1403693784723997e-17,-6.034592016302913e-17,-2.869449007979735e-17,-4.75349191318116e-17,8.749003149621438e-18,7.46507643746954e-17,2.5249172852825514e-17,-9.777613383292945e-18,-1.0758025698875453e-17,-6.0786986899937145e-18,1.885360942804343e-18,-1.0883710852594035e-17,-0.003467619294785274,-0.0010842110417922945,-0.03638422224226164,-5.9545952265108184e-5,-0.00038234326821066206,0.00014601776514080097,0.0014240429339733075,0.0028798237506134938,1.5726723138846053e-5,0.00834660796498938,0.0005845142033997913,0.0004353817173770116,0.006652788775226683,-2.6410855423706648e-15,0.002356659728057946,-3.157635713618367e-16,-2.5665882803194067e-16,-7.853780671542783e-16,-2.1865375445883686e-16,-4.756521203803355e-16,-3.1817556678901267e-16,-6.212236275070877e-16,-5.367081735174492e-16,-1.8987465785320916e-16,-9.22521044170828e-16,-5.777570684861699e-16,-4.4178195731936515e-16,2.5830640181418386e-17,8.102090375112449e-18,0.0,0.0,0.0,0.0,0.0,0.0,0.0,0.0,0.0,0.0,0.0,0.0
-0.011781767415930348,2.4203220023319356e-5,-3.998202299123089e-14,6.970577650572568e-14,3.3292310156517944e-15,-0.0001243070069908145,0.26967546959542615,0.03328990460469367,-0.00011414763248202662,5.340605788336363e-13,-3.7295716927586844e-5,-1.3211499227039154e-5,-3.2855673898552873e-14,-0.1606521579940959,-0.049499356815133184,-5.64437453216973e-6,-3.696187538457702e-5,5.831639490364665e-6,-2.0446638811446812e-5,-1.7194040194748813e-5,-1.5009246724561767e-5,-2.6935391224997923e-5,-2.0939067607896234e-5,-4.399426894176433e-6,-7.539025559767499e-6,8.804364731504163e-6,2.737539749123419e-7,3.756443217436984e-15,1.732848207191251e-15,3.1999169843547377e-15,2.5897504412071353e-15,-2.2365203433331924e-15,2.0749206249964376e-15,1.4822304333697065e-15,3.93822856658286e-15,-4.324488794937282e-15,-1.2359031416820827e-14,5.669640646977661e-17,-2.3929836892064226e-17,0.028765271205973282,0.028005024963922296,0.2044983825156648,0.013773077507606198,-0.013933167226135756,-0.004496790323613484,0.03441460070542233,0.01809914550069568,-0.007843120934671155,0.1019213576766158,-0.011567928871205746,-0.0025727870625431794,-0.020465854977157978,-3.1976809466586663e-14,-0.007249750120517334,-1.0167813102093508e-14,-6.982089785570074e-15,-2.9215559380417873e-15,-1.8663493757891064e-15,-1.4971799356306783e-14,-2.4029005908541048e-15,-1.4026707757071187e-14,-8.191291320188027e-15,2.301961566491542e-15,2.8095984429560646e-15,-5.304755738485395e-15,-8.848304172729546e-15,3.744959329115451e-15,-9.858717916530653e-15,0.0,0.0,0.0,0.0,0.0,0.0,0.0,0.0,0.0,0.0,0.0,0.0
-0.009352525468183126,5.001865022392275e-5,-2.1791326951120006e-14,4.815116299055246e-14,1.4911598835932218e-15,-0.00022398768639579647,0.1294319064876369,0.009486505741124692,-0.00021026899638775271,2.0759670861491042e-13,1.929937937455525e-5,6.836542072576703e-6,-4.0865806495030626e-14,-0.04041468480483357,-0.013836288529422152,-3.0274143921373264e-5,-3.65104253665899e-5,-5.397399968784889e-5,-2.5091980410750605e-5,-2.0322752175618987e-5,-2.3309069593459555e-5,-2.67320730090972e-5,-2.217999970409021e-5,-9.309474033868075e-6,-1.3104902705373718e-5,4.7629430299997715e-6,2.493521023527441e-7,1.6906840854308125e-15,7.683497021043143e-16,1.4384809571614837e-15,1.1594322255702803e-15,-1.012525161802324e-15,9.450945807364588e-16,6.739781613282662e-16,1.765834725892457e-15,-1.951165968707082e-15,-5.5923517434922556e-15,1.9740598817705092e-17,-1.5996459515462007e-17,0.042611833440122836,0.032911813950931026,-0.00946565598074329,0.015773722245405655,-0.00315981111700629,0.0007519671521585868,0.03613617448133874,0.01680693475045434,0.0009100482683352158,0.08425930642477787,-0.0038901154520248737,-0.0005202022769073318,-0.0026850563660356977,-1.5938319803465273e-14,-0.0009511446130650075,-4.751518550254028e-15,-3.2842823027897078e-15,-1.739808824402561e-15,-9.769570049861675e-16,-6.998522923928303e-15,-1.257765159960933e-15,-6.677704475909201e-15,-3.9918108158015374e-15,9.441719503510439e-16,7.853109514357168e-16,-2.718937612661722e-15,-4.242476445471959e-15,1.689294232887258e-15,-4.438013901166436e-15,-0.0,-0.0,-0.0,-0.0,-0.0,-0.0,-0.0,-0.0,-0.0,-0.0,-0.0,-0.0
0.006724723445553191,-5.314893657837696e-5,-1.680339693639347e-14,7.263224254259881e-15,2.054828069695173e-15,0.0002145085959782001,0.12001144592810295,0.03582558818383882,0.00021013842389700703,3.435510186703496e-13,-0.0001026452449329721,-3.636067866783605e-5,3.132833685761698e-14,-0.1918822286101802,-0.05279097206801993,4.9248835701956245e-5,1.911754225634477e-5,8.172677479776351e-5,1.8250007988521086e-5,1.4435457656257028e-5,2.210074763228789e-5,8.332562011169007e-6,1.0851874240097454e-5,9.54773888227202e-6,1.195444428350488e-5,7.583633693450868e-7,-1.9800471701255308e-8,2.373783088398254e-15,1.135758207629781e-15,2.014888423807362e-15,1.6595493080363345e-15,-1.3743286211732892e-15,1.2157358874886375e-15,8.939273600703832e-16,2.4690535967657767e-15,-2.6773296483288338e-15,-7.672343557251854e-15,5.116863898408762e-17,1.140579558529268e-17,-0.022133589509909343,-0.01161564303121141,-0.15847313251215817,-0.005740335464960279,-0.013157208776109333,-0.007327276712361741,-0.011502592858288163,-0.005640531527693894,-0.011839175201947416,-0.004957818495315807,-0.010225402615181652,-0.0032214172071304056,-0.03223052442755801,-1.433982767595188e-14,-0.011417223888946991,-5.70109095372744e-15,-3.8316897150355246e-15,-2.356523207271555e-16,-6.746423401641643e-16,-8.379331230663181e-15,-8.443569340303943e-16,-7.439748194708123e-15,-4.019605494393e-15,1.8016500610283378e-15,3.579890399639973e-15,-2.07841299117139e-15,-4.583783822803698e-15,2.333030871388972e-15,-6.178105963140057e-15,0.0,0.0,0.0,0.0,0.0,0.0,0.0,0.0,0.0,0.0,0.0,0.0
-0.0012967057754275895,5.5746608797126994e-5,-1.20710561226624e-14,3.713561680162001e-14,2.6779403789648383e-16,-0.00024147110062056556,-0.06603180638793932,0.004773646841904566,-0.00023119157799305172,-4.610761243152419e-14,3.746796530087671e-5,1.3272515920676341e-5,-1.3439374422040693e-13,-0.016754557033481984,0.03313211825936478,-4.5420795242678514e-5,-4.729086317688637e-5,-3.1704646358542996e-5,-3.086628283153639e-5,-2.58942288320211e-5,-2.9844513810748506e-5,-2.4003369185510248e-5,-2.420762657400556e-5,-9.949937725524798e-6,-1.3669747274550206e-5,8.591353618991068e-6,2.3182192568037666e-7,5.8250901407185185e-16,6.857494612784597e-16,1.0036384430959365e-15,5.823538182387481e-16,-5.762189018762912e-16,1.396902159498445e-16,2.0711033223122589e-16,7.813246862361794e-16,-8.093212233594404e-16,-2.0899296823395217e-15,-3.19875530714764e-17,3.4034496604691744e-17,-0.015519428436305594,-0.01425994291448415,-0.19006546607531394,0.0019701730977538744,0.015032746031750113,0.010025598439460541,0.01254644251398382,0.017117554760226434,0.022598001485135223,-0.0009242418581306625,0.025177888406059428,0.0003836537095700571,0.0025648127480935347,1.108028643676463e-15,0.0009085499506532648,-1.0141771136815827e-15,-5.874486749398668e-16,1.6677621079626513e-15,1.6218351027998736e-16,-1.566154436352551e-15,3.010910876336544e-16,-8.587289486109277e-16,1.7536023895798548e-16,8.227524616996196e-16,3.0282284208479077e-15,4.566683194070846e-16,-4.3127986331510207e-16,4.759039973557878e-16,-1.820256407679707e-15,0.0,0.0,0.0,0.0,0.0,0.0,0.0,0.0,0.0,0.0,0.0,0.0
0.02053323843980159,0.000169833888089298,-4.098399545895268e-14,9.520870566760828e-14,2.1199427367927422e-15,-0.0007499144450157542,-0.06101249221926614,0.04489422500644823,-0.0006821611721930581,-1.5480171174998486e-13,9.815459245226412e-6,3.4769926618388666e-6,-2.8422585526813467e-13,-0.24861695833970482,-0.02196090699851984,-9.763859236988206e-5,-8.555784163982612e-5,-0.0002676548781824066,-6.84323588373827e-5,-5.3455797372630985e-5,-6.905389939222185e-5,-8.019277689610605e-5,-6.217410641002073e-5,-3.3794337940970525e-5,-4.437382779113872e-5,2.1927028328353057e-7,9.005556797843299e-7,3.0766481075328765e-15,2.2759646662275997e-15,3.438863619483612e-15,2.5376753260039244e-15,-2.1707597507632953e-15,1.0647491594521406e-15,1.0357321336761017e-15,3.4492553063208494e-15,-3.6156004816200826e-15,-1.0066331095133488e-14,-2.6389814286559813e-17,9.215418088080065e-17,0.016586114975534676,0.00592060010345118,0.09197149624033407,0.009946437272090618,0.00977622970303809,0.007222611254999774,0.025141204668887494,0.013817815641260047,0.019063205696396832,0.014871504979357858,0.016918939721481865,-0.0031346164841735405,-0.04090585309625651,-5.9757911851207594e-15,-0.014490340801559887,-6.011563131513784e-15,-3.812043099003869e-15,3.949026981781415e-15,3.4366614523323967e-17,-8.933235897902746e-15,3.4029301086137823e-16,-6.761669654112172e-15,-2.212542259860883e-15,3.279799469135135e-15,9.749785504043638e-15,-4.831067145219121e-17,-3.914954330545275e-15,2.698475680836271e-15,-8.321397304171162e-15,-0.0,-0.0,-0.0,-0.0,-0.0,-0.0,-0.0,-0.0,-0.0,-0.0,-0.0,-0.0
-0.011974747848031582,0.00013242331232867814,-1.1517735613705284e-14,5.785519236095209e-14,-3.720111252798791e-16,-0.000566357456966837,-0.0536147570955992,-0.016476992045379345,-0.0005394038883075304,-1.986095539375822e-13,0.00012700811197130217,4.49908922218848e-5,-1.279335638892117e-13,0.10194293621081416,0.054338828032755936,-0.00010099110326903129,-7.735541592032938e-5,-0.0001612715279822235,-5.819092473450723e-5,-4.701002350692817e-5,-5.9988711402475146e-5,-4.8281598642082135e-5,-4.526436100846022e-5,-2.438399508840411e-5,-3.2416077685735506e-5,7.008749165386544e-6,4.2049609910304264e-7,-2.371995737632585e-16,3.604065449758313e-18,-3.1569350898326265e-17,-1.1707670223479275e-16,6.062022869877561e-17,-1.8775131228754288e-16,-8.960180559382038e-17,-2.3225584830764073e-16,2.33757226861517e-16,6.610947165843853e-16,-2.992139582090799e-17,6.937322111288936e-19,0.02048055161690174,0.011316857595412243,0.08653409239485273,0.012364715991935879,0.018027296481479053,0.0125929676566519,0.03398982114598864,0.025428248783131286,0.024941342069732857,0.04479310453970096,0.023882478706305766,0.002263135934507333,0.023785316655360125,1.5136474107102603e-15,0.00842562416674494,5.649575017957026e-16,3.9479799537967894e-16,2.152317533723611e-16,4.847106112747578e-17,8.138546775150872e-16,9.470188750752473e-17,7.516554991501289e-16,4.881476673474138e-16,-1.3533516183990706e-16,-5.931925125715135e-17,2.401180857825658e-16,4.683385911957264e-16,-2.5883899602922314e-16,5.331306391036748e-16,-0.0,-0.0,-0.0,-0.0,-0.0,-0.0,-0.0,-0.0,-0.0,-0.0,-0.0,-0.0
0.0012707627099312981,-9.674803640285521e-6,-2.187524070736071e-15,-1.816587319912302e-15,3.7155425239405087e-16,3.9038678779451654e-5,0.022672026749107774,0.006771628091472039,3.9078481733653376e-5,7.170797334741394e-14,-1.919517523284057e-5,-6.799629134481795e-6,4.490857740753457e-14,-0.011480422285404232,-0.034718902942894043,1.0044292435368937e-5,6.351067508843536e-6,7.249727580099719e-6,4.560588771253031e-6,3.839460594385154e-6,4.975851486714216e-6,1.8295961997709346e-6,2.8145338896592723e-6,1.6285840903242618e-6,2.1248768657456584e-6,-1.035004878055022e-6,-5.549774474478386e-9,4.2387619052680604e-16,3.616898920004602e-17,1.6054268787686153e-16,2.1903379332373858e-16,-1.221453404333588e-16,2.3677900590060794e-16,1.5315352221826414e-16,3.2481562660072787e-16,-3.810689533307411e-16,-1.261089904929495e-15,3.12554783277992e-17,1.624501386509409e-19,-0.004183300220207484,-0.0021967720975428527,-0.02994865382188852,-0.001085548758268103,-0.0024882414242787722,-0.001385135622896464,-0.0021741118033594977,-0.0010668487465861182,-0.002237093819167046,-0.0009365908924812316,-0.001929391722585903,-0.0006087965707804453,-0.006091571251378785,-2.447588072311549e-15,-0.002157856071153275,-9.0694083991794e-16,-6.086162818178246e-16,-1.8126196976921031e-16,-7.940992816887317e-17,-1.2913039392662998e-15,-1.2724549863734893e-16,-1.2165077974038715e-15,-8.181571833190678e-16,2.8522942065770086e-16,4.0681010796063415e-16,-3.023761925294103e-16,-7.39764423459656e-16,4.618495336150125e-16,-9.638853578817911e-16,0.0,0.0,0.0,0.0,0.0,0.0,0.0,0.0,0.0,0.0,0.0,0.0
0.00545464335979782,-4.903500540947798e-5,-1.2565364141876339e-14,1.7525734170114316e-15,1.6674417358131419e-15,0.00019960511685582547,0.09732751929882148,0.029056629901226986,0.00019442759376854497,3.003688748546008e-13,-8.668775146216197e-5,-3.0707954149456747e-5,5.781704975553812e-14,-0.18033257065993052,-0.01806928618727484,4.406936218080885e-5,1.9063102962532306e-5,7.356449136266142e-5,1.7436163861984888e-5,1.3835694961368376e-5,2.0586010924031142e-5,9.232475161529827e-6,1.0981489432091813e-5,8.860645030068117e-6,1.1181348454942394e-5,3.0927965572708143e-7,-4.049665595884722e-8,1.9189546115228223e-15,7.988509123029727e-16,1.4931455775046306e-15,1.2838228978745266e-15,-1.0237446479078834e-15,1.0024537283131506e-15,7.207801261922884e-16,1.914768344419427e-15,-2.0991828465488986e-15,-6.132589850839733e-15,5.76821000895889e-17,9.458420818259147e-18,-0.01795189637520032,-0.009422674288219714,-0.12852515310285184,-0.004657307552258216,-0.010674343075033978,-0.005944144823944419,-0.009332131070950907,-0.0045781892665791675,-0.009604434588046308,-0.004024464386290374,-0.008292880747562967,-0.0026127749911558974,-0.026138956573805452,-1.1577614587906349e-14,-0.00925936902135626,-4.543409840793912e-15,-3.0535558245713557e-15,-3.061614933835087e-16,-5.214422178568382e-16,-6.6510056804042604e-15,-6.760889111794777e-16,-5.954709962756297e-15,-3.3349667857709337e-15,1.4257723503297114e-15,2.7102544645425713e-15,-1.6436282364064141e-15,-3.6635255863690884e-15,1.9234519308258216e-15,-4.905045700189053e-15,-0.0,-0.0,-0.0,-0.0,-0.0,-0.0,-0.0,-0.0,-0.0,-0.0,-0.0,-0.0
-0.0012232828554857682,6.348391208543837e-5,-1.8298127651989993e-14,5.02971366210122e-14,5.032211342675244e-16,-0.00027586477266001373,-0.0717195819242618,0.005529688062477764,-0.00026444592979644864,-2.338311535042072e-14,4.0546571287272366e-5,1.436307012955932e-5,-1.75685026766777e-13,0.00799646506831523,0.0075617774192277935,-5.0430443117746214e-5,-5.3756409298990315e-5,-3.7837167660313405e-5,-3.508216505510251e-5,-2.936641870922367e-5,-3.368155739109303e-5,-2.8158754004680877e-5,-2.785076464526137e-5,-1.1327874332027152e-5,-1.5652371880659952e-5,9.692631118480738e-6,2.7046107731816e-7,8.624038688875026e-16,9.047266748799853e-16,1.2598068842096405e-15,8.359006132764877e-16,-7.430377885606095e-16,2.178825804901357e-16,2.905454789182211e-16,1.0856237208951642e-15,-1.1167756042444365e-15,-3.014497817517663e-15,1.7777975990896803e-18,5.14682008399841e-17,0.018005461886581104,-0.038874887321496465,0.06848765795371699,-0.2355800429143794,0.016704550642452676,0.011981157316713056,0.019049055144673834,0.010589895801075914,0.025155144232250792,-0.004712432983919173,0.02737733889575884,0.0005202565821602821,0.0024164659033498056,8.640940598029943e-17,0.0008560001032726631,-1.5908793269165335e-15,-9.558744813846139e-16,1.8915576469789557e-15,1.460554600157473e-16,-2.4417522152210628e-15,2.7787247176804606e-16,-1.5386319969389629e-15,-1.0101130462318294e-16,1.0990349753007886e-15,3.774848634473238e-15,3.431878739318653e-16,-8.557208239443043e-16,7.118308096406528e-16,-2.5573532097923874e-15,-0.0,-0.0,-0.0,-0.0,-0.0,-0.0,-0.0,-0.0,-0.0,-0.0,-0.0,-0.0
0.004989129037194419,5.286878540990948e-5,-2.0720591385162312e-14,5.00881409788426e-14,8.791497628158595e-16,-0.00023372006123169114,-0.07423058510502788,0.017378335468677168,-0.00022073718975234094,1.9861137926208834e-14,8.328269124278842e-6,2.950175806274853e-6,-1.9937348776110903e-13,-0.07939945779197977,0.013370144236030295,-3.9853416203431365e-5,-4.9968027266466855e-5,-2.1618318379141358e-5,-3.143478122559988e-5,-2.6487413094743978e-5,-2.9301503600938545e-5,-2.712375695903017e-5,-2.5995071911382086e-5,-9.588368836596843e-6,-1.3355587390743342e-5,9.65426787633867e-6,2.926230200828212e-7,1.3778136025375744e-15,1.3154785817381671e-15,1.916340817336336e-15,1.2702962139576505e-15,-1.1572173553064137e-15,4.184763478685101e-16,4.763117727010799e-16,1.7194920753224298e-15,-1.7736210862252582e-15,-4.740508264775988e-15,-1.5110553022355033e-17,6.15533805841926e-17,0.009688375761451505,-0.10231275299800469,0.016692910661070925,-0.06321667545355715,0.012081763180265295,0.008990285191051918,-0.007240871649880072,-0.01189238546971507,0.019393405115519867,-0.06989556650106124,0.026310369680595077,-0.0005467170413971022,-0.009940310539615548,-6.719603669836354e-16,-0.00352121949525051,-2.6409245410581756e-15,-1.623139523771884e-15,2.65135748046075e-15,1.5776418835621171e-16,-4.002464309897871e-15,3.539163327207079e-16,-2.6862890195803243e-15,-4.055437544068078e-16,1.6667170800307065e-15,5.5351348603906064e-15,3.587536288825652e-16,-1.511136879351357e-15,1.167056874293714e-15,-4.018110376218407e-15,0.0,0.0,0.0,0.0,0.0,0.0,0.0,0.0,0.0,0.0,0.0,0.0
-0.0012236238189717947,6.577585288229212e-5,-1.874102460839396e-14,5.167372495745193e-14,5.174428872836883e-16,-0.00028581963826625277,-0.07171863449435441,0.0055288647285092985,-0.000273790701344537,-2.6158077810949643e-14,4.1856421779828105e-5,1.4827066810121512e-5,-1.7961697593079119e-13,0.007989318710970143,0.007560559974508573,-5.205317621058566e-5,-5.519251661654662e-5,-4.052898062655137e-5,-3.6130156825424915e-5,-3.021453364915187e-5,-3.4731488371156595e-5,-2.9125823672587262e-5,-2.8711806207844963e-5,-1.1758254852817584e-5,-1.6227535980993165e-5,9.834300235709984e-6,2.8004143951533404e-7,8.82301342716513e-16,9.233121791076137e-16,1.2868193933656421e-15,8.541078058737709e-16,-7.602948032946197e-16,2.2488685570243756e-16,2.976308281741407e-16,1.1105129588812397e-15,-1.1427806980090877e-15,-3.083566657299224e-15,8.929614664923212e-19,5.2089681435952254e-17,0.01800605284309848,-0.03887391553031175,0.06848891210632194,-0.2355791896303419,0.01670606189949235,0.011981826326140364,0.019050417656799278,0.010591355233016323,0.025156234666973976,-0.004711004927954929,0.027377288611784817,0.0005203308560643475,0.002416464488394498,-3.8707096517133574e-17,0.0008559996020440205,-1.6419541786650758e-15,-9.90048881015882e-16,1.897488829875654e-15,1.3780123131305672e-16,-2.5189658652646198e-15,2.697113910204324e-16,-1.6045980501217873e-15,-1.2854076752289494e-16,1.1161437996913145e-15,3.817314388516108e-15,3.2324513084965177e-16,-8.970537863935158e-16,7.281982626952184e-16,-2.6146718222751904e-15,-0.0,-0.0,-0.0,-0.0,-0.0,-0.0,-0.0,-0.0,-0.0,-0.0,-0.0,-0.0
-0.0003971601533319827,-1.5758641470952827e-5,-1.886552468373484e-15,8.31023981069985e-17,2.0613907025371046e-16,6.693595682020687e-5,0.02328585296921921,-0.0011860161904073535,6.21027873852309e-5,5.293230836197779e-14,-1.4202565653822632e-5,-5.031065263056409e-6,4.601687407398239e-17,-0.00991348225336956,-0.001361354107027395,1.0235616892099142e-5,4.102363020497866e-6,3.2231483453030434e-5,4.702864112418786e-6,3.4496232359045267e-6,5.481731647086356e-6,5.0509330169689385e-6,3.850953810053488e-6,3.0952311459275856e-6,3.923180899552666e-6,1.240934555582101e-6,-4.605149315518316e-8,1.783294244798209e-16,1.0518745746393618e-16,1.5272361509849339e-16,1.4130335538388302e-16,-1.1394781603289945e-16,1.0765149295434182e-16,7.165806486442944e-17,2.117141052506844e-16,-2.222661508578868e-16,-6.175429672883277e-16,1.5765688756157788e-17,-2.0843340653459068e-18,-0.00014200715616560257,0.002521923065414219,-6.296622483065004e-5,0.013111879917912224,-0.000202009167793738,-0.00015447985644933128,0.00032861462022698606,0.0004076068395041375,-0.0003699021248582343,0.0019195735895574575,-0.0005314646467723652,4.182460802435259e-5,-0.002271626789628112,-2.5360174185793974e-15,-0.0008046928217879746,-6.148742607629108e-16,-4.3397736227247564e-16,-4.026581765837309e-16,-1.7190441612962593e-16,-9.256568597933428e-16,-2.39478701977385e-16,-9.055487509271393e-16,-5.557936092217972e-16,5.544606725907855e-17,-1.5486218587691264e-16,-4.82891542369133e-16,-5.95833652392097e-16,1.7358034015104136e-16,-4.862009247810613e-16,-0.0,-0.0,-0.0,-0.0,-0.0,-0.0,-0.0,-0.0,-0.0,-0.0,-0.0,-0.0
2.367938600875878e-6,-1.4616152693044449e-5,-9.06348347729401e-16,-1.9800030504500287e-15,1.0885804988659724e-16,6.262228370730451e-5,1.0589929034782274e-5,3.979223056090115e-6,5.731686869894643e-5,5.572639919743733e-14,-8.997810575876277e-6,-3.187351732213107e-6,2.012791889574511e-15,0.00010334721629911776,7.81029213273472e-6,9.44364827021653e-6,4.5351352982210095e-6,2.8257490062708893e-5,4.687009245771946e-6,3.5088335797233366e-6,5.331714819725307e-6,5.065213906956671e-6,3.919875982528288e-6,2.914938789158901e-6,3.677834320924887e-6,9.383900191232217e-7,-5.3169690821210254e-8,1.07251380347107e-16,6.949132642737385e-17,9.319456957965473e-17,8.423515512012694e-17,-5.5347573383165475e-17,5.006702209885073e-17,3.957509683906055e-17,1.1458532018752425e-16,-1.2186061799312455e-16,-3.6805975535765997e-16,1.7558049335257495e-17,1.0303896097323811e-17,-3.775363095206332e-6,-3.6162578308619934e-6,-1.1907071760696155e-5,-3.5860188196722793e-6,-7.02351715541705e-6,-3.747135344249004e-6,-7.657353825976866e-6,-7.440448485778779e-6,-7.546305954141064e-6,-9.179610157638253e-6,-4.775965607775845e-6,-5.526956292210509e-7,2.3551624832864778e-9,-7.470778551517891e-16,8.34284096539514e-10,-2.70750658204442e-16,-1.7979258295294627e-16,-2.22185865367934e-17,-3.153794769627239e-17,-4.15454741745944e-16,-5.493409060987791e-17,-3.488630181450881e-16,-1.8714096789886986e-16,8.013517526764131e-17,1.5914762158953418e-16,-1.1301834861912365e-16,-2.258519496359003e-16,1.0697896314387234e-16,-2.974095180832905e-16,0.0,0.0,0.0,0.0,0.0,0.0,0.0,0.0,0.0,0.0,0.0,0.0
-0.0003947741343479471,-3.0497307310535058e-5,-2.76922669266831e-15,-1.9704835607618876e-15,3.142369571846245e-16,0.00013009036650754295,0.023296404267991393,-0.001181993618220565,0.00011991917059764936,1.088070368004672e-13,-2.3270394938874413e-5,-8.243220168477581e-6,2.268649200747617e-15,-0.009809757645980558,-0.0013534795286006434,1.9766006627556627e-5,8.714263510755252e-6,6.06328620702103e-5,9.445892447168556e-6,7.003791719319286e-6,1.0869569254660429e-5,1.016784034924718e-5,7.816855640342995e-6,6.033175423500314e-6,7.631759954969412e-6,2.1717518989620633e-6,-9.973328628498186e-8,2.845172378865285e-16,1.7368533548327063e-16,2.4447429191734494e-16,2.2456529143979794e-16,-1.6837296499735046e-16,1.5734413590866236e-16,1.1085443680608289e-16,3.2496904514504845e-16,-3.4273674280589153e-16,-9.819108353876033e-16,3.3371033427507745e-17,8.186335479042606e-18,-0.00014581461626451413,0.0025182569393638345,-7.494206097848511e-5,0.013108259912008535,-0.0002091139672448175,-0.00015826311658436788,0.0003208841100205118,0.00040008829905997036,-0.000377507502776912,0.001910318610334551,-0.0005362388371877429,4.126794791228619e-5,-0.0022716254171869055,-3.276408233947506e-15,-0.0008046923356195082,-8.828949389787607e-16,-6.119433173437268e-16,-4.251940107937684e-16,-2.0300121877867295e-16,-1.3369844840599804e-15,-2.9397664869493855e-16,-1.2508859067388424e-15,-7.414632046104114e-16,1.3466669024201792e-16,2.0152970692823083e-18,-5.94844068622231e-16,-8.194763820877803e-16,2.796844261565184e-16,-7.805466247649132e-16,0.0,0.0,0.0,0.0,0.0,0.0,0.0,0.0,0.0,0.0,0.0,0.0
-1.3442212644583054e-6,7.431748456489605e-6,2.51180133012556e-16,-4.777701676264566e-16,-4.447774868060086e-18,-3.204377646494107e-5,-1.2868128567092693e-5,-1.5420151529908205e-6,-2.887119902621904e-5,-5.6449460187979246e-15,4.284478730570805e-6,1.517718189776392e-6,3.654504517808334e-14,3.820333498824818e-5,-4.181392126864294e-6,-3.7461614964777277e-6,-9.611276947349717e-8,-2.0570784331256604e-5,-1.427967144847871e-6,-8.351416465467754e-7,-1.92150482069257e-6,-2.484629120907194e-6,-1.3997446253907104e-6,-1.5583901694533814e-6,-1.9250469436540813e-6,-1.3829908405537041e-6,2.5736553216294294e-8,-3.5604473275097674e-18,-1.802810091700611e-16,-2.206621624489074e-16,-8.405257427237897e-17,1.3591857071625352e-16,1.3287966463707748e-17,-1.0792111391912344e-17,-1.323600172213146e-16,1.1268160526004617e-16,1.343442885504255e-16,2.2807029197437234e-17,-2.2910260009255457e-18,1.7276077404381573e-6,6.84867901404486e-7,8.084580243330005e-6,1.2821833011914382e-6,2.209148944288533e-6,1.5911000282126493e-6,3.898731118166999e-6,3.157177289744676e-6,4.081939044614602e-6,4.923387277591164e-6,4.8189214222013725e-6,3.070019688473195e-7,-1.9117294828637155e-9,1.7804884983146427e-16,-6.772039742734056e-10,1.3889246775741779e-16,9.492328017822454e-17,-1.4014615221514324e-16,4.6993013651225346e-17,2.507760498049445e-16,3.1958873373748384e-17,1.4511260030105484e-16,-9.385777191913397e-17,-3.943861027594766e-17,-2.4582846586689446e-16,8.523851198682441e-17,1.0056085969955982e-16,4.13093043408069e-17,1.6694998201220718e-16,-0.0,-0.0,-0.0,-0.0,-0.0,-0.0,-0.0,-0.0,-0.0,-0.0,-0.0,-0.0
4.735877252022738e-6,-2.923230566397089e-5,-1.812696704850826e-15,-3.9600060830361814e-15,2.177160999395097e-16,0.00012524456861273553,2.117985855079131e-5,7.958446169862909e-6,0.00011463373847744484,1.1145279860594118e-13,-1.7995621311959746e-5,-6.374703521182173e-6,4.02335478164426e-15,0.00020669443116961932,1.562058442181557e-5,1.8887296680486965e-5,9.070270600041052e-6,5.6514980894375356e-5,9.374018544936835e-6,7.01766719066926e-6,1.0663429711286745e-5,1.0130427906804096e-5,7.839752017389142e-6,5.82987763658285e-6,7.355668713820804e-6,1.8767800899510232e-6,-1.0633938260492525e-7,2.1450276082736642e-16,1.389826595956121e-16,1.863891474100612e-16,1.6847031338306435e-16,-1.1069515184844699e-16,1.0013404370086263e-16,7.915019408165711e-17,2.291706453241198e-16,-2.4372124019952774e-16,-7.361195157386394e-16,3.5116097817739834e-17,2.060779228030915e-17,-7.550726255008184e-6,-7.232515687346245e-6,-2.3814143823763445e-5,-7.172037687286877e-6,-1.4047034393432903e-5,-7.494270747982646e-6,-1.5314707797715962e-5,-1.4880897089595513e-5,-1.5092612060900166e-5,-1.8359220499382345e-5,-9.551931395717298e-6,-1.1053912699263525e-6,4.7103250201839074e-9,-1.494155716961128e-15,1.6685681968817394e-9,-5.415013216022371e-16,-3.595851694551876e-16,-4.4437167833414865e-17,-6.307589714966276e-17,-8.309094928686835e-16,-1.0986818241473238e-16,-6.977260417161304e-16,-3.74281932288369e-16,1.6027035200994481e-16,3.182952523708261e-16,-2.260367004254063e-16,-4.517039030318956e-16,2.1395792474317996e-16,-5.948190424090338e-16,-0.0,-0.0,-0.0,-0.0,-0.0,-0.0,-0.0,-0.0,-0.0,-0.0,-0.0,-0.0
-1.344238432942754e-6,7.431748885699199e-6,2.5118016504018747e-16,-4.777701424400292e-16,-4.447780637359445e-18,-3.2043778275765684e-5,-1.2869010217324216e-5,-1.5420292581501256e-6,-2.8871200752503683e-5,-5.644946709900868e-15,4.284479286409248e-6,1.5177183866535711e-6,3.651690419731759e-14,3.820423114144944e-5,-4.181442936094103e-6,-3.746161794010086e-6,-9.61129048914621e-8,-2.057078514337571e-5,-1.4279672831134786e-6,-8.351417503559572e-7,-1.9215049770850704e-6,-2.4846292521330567e-6,-1.3997447329436616e-6,-1.5583902502054787e-6,-1.9250470485996805e-6,-1.382990861631739e-6,2.5736554116469036e-8,-3.560452366974227e-18,-1.8028101287376507e-16,-2.2066216806843697e-16,-8.405257863081166e-17,1.3591857501094577e-16,1.3287963302178342e-17,-1.0792113495517483e-17,-1.3236002413273844e-16,1.1268161231948646e-16,1.3434430624960482e-16,2.2807029239793034e-17,-2.291025663191029e-18,1.727636011988844e-6,6.848838297930438e-7,8.084694910853398e-6,1.2821994297644245e-6,2.209174891154461e-6,1.5911180635308255e-6,3.898778557634152e-6,3.157213997252143e-6,4.081974305741216e-6,4.923453827222354e-6,4.8189553130447995e-6,3.0700587541819553e-7,-1.763034379208355e-9,1.780489221541017e-16,-6.245307621074845e-10,1.388924860110881e-16,9.492329313459984e-17,-1.4014614139713543e-16,4.699301895713188e-17,2.507760771535166e-16,3.1958880220808e-17,1.4511262701002767e-16,-9.385775671037669e-17,-3.94386119797059e-17,-2.4582846236102e-16,8.523852624908221e-17,1.0056087705326673e-16,4.1309299779337605e-17,1.669499963256331e-16,0.0,0.0,0.0,0.0,0.0,0.0,0.0,0.0,0.0,0.0,0.0,0.0
-0.001461399856247157,-1.6523487195365696e-5,5.110213405779655e-17,-2.7218895815554193e-15,2.307069205778795e-17,7.159894105934756e-5,0.0044214617887376375,-0.0017734406485508732,6.464768246079226e-5,5.3177563876784026e-14,-5.505935161123497e-6,-1.9504024707523756e-6,5.373687995483625e-15,0.007760266862432932,0.0006225813104210816,9.599729245759745e-6,4.78747701023929e-6,3.3747939506795577e-5,5.136182804413892e-6,3.7820127766884677e-6,5.7860467442900515e-6,6.375428304351202e-6,4.614187022161056e-6,3.368128426038539e-6,4.251614299592004e-6,1.301537624201252e-6,-7.14545535070946e-8,-3.4105178121951634e-18,-4.1070328530471155e-18,-1.8417939183084788e-17,-2.1263185596322324e-18,1.2472659182162133e-17,1.3232896504690725e-17,2.6502604934622922e-18,-4.128573332102932e-18,4.1688898448319024e-18,-7.454883678812292e-19,8.66237104531611e-18,2.3749312054970824e-18,0.00027457632661504806,-0.001360201209332195,-0.0003145424478153028,-0.007701445338925125,0.0002521338143807706,6.17338748544318e-5,0.0003652095379821863,0.0002986520659266849,-1.9175402301372058e-5,0.001401038580263069,0.0002108684193973887,-8.339787581929326e-7,0.0021359921006923713,-6.175677637720629e-16,0.0007566460823010706,-6.769897313026255e-17,-5.519029017043044e-17,-1.8194238318403317e-16,-4.328042532402196e-17,-1.1247942049198884e-16,-7.574944966619015e-17,-1.3037249343434838e-16,-1.21305398276027e-16,-3.941889838284449e-17,-2.0725216303630957e-16,-1.2951060128635059e-16,-1.0264487883289736e-16,4.551086140460314e-18,3.6479233668598725e-19,0.0,0.0,0.0,0.0,0.0,0.0,0.0,0.0,0.0,0.0,0.0,0.0
-0.002206252487839991,-7.805775844946937e-5,-9.791739745171552e-15,4.562414825433198e-16,8.853879887053476e-16,0.0003326659890842319,0.03585386509921766,0.0026131325110895025,0.00030347317040739806,3.597746061705929e-13,-5.1760039739006023e-5,-1.8335288444109906e-5,-1.291038789321424e-14,-0.04459163212785751,-0.007009526897077705,5.001595922289192e-5,1.8798463721335242e-5,0.00016315841396025057,2.2659085639510553e-5,1.653048185700608e-5,2.696899486999492e-5,2.5234642135541452e-5,1.8910841262189475e-5,1.572447883724342e-5,1.958326512290493e-5,7.098747228341034e-6,-2.6694787146949114e-7,9.555388036276084e-16,6.057660401199257e-16,8.841590512525842e-16,7.456750924031149e-16,-5.668689049239881e-16,4.816545859318715e-16,3.580346113423655e-16,1.0399671417050049e-15,-1.1043920985469318e-15,-3.1750819665506062e-15,4.726393967136042e-17,3.869240988524252e-17,0.0017936026544642756,0.007063932496323308,0.008236660635548452,0.0364818991448881,-0.0005903651236575278,-0.0012252248004576344,0.005480312615728777,0.0036947761768612343,-0.0021247178621033934,0.01813230983376344,-0.0021197671691140407,-0.001453882705389208,-0.0013575022189555963,-7.661891576886952e-15,-0.00048087665462677253,-2.5385071601555066e-15,-1.7318497531037683e-15,-5.09523178722939e-16,-4.1138723442139327e-16,-3.838881421419794e-15,-5.879730827477548e-16,-3.4026064238499975e-15,-1.8939996881059995e-15,6.56411563107048e-16,1.046161956594202e-15,-1.2240817816507165e-15,-2.202247124493119e-15,9.175770818813212e-16,-2.600746854401518e-15,-0.0,-0.0,-0.0,-0.0,-0.0,-0.0,-0.0,-0.0,-0.0,-0.0,-0.0,-0.0
-0.0018000984707591324,-2.8516503197027645e-5,-3.9010822263325e-15,1.0916525123813863e-15,3.120836976432086e-16,0.00012185705147790047,0.014166915421495016,-0.0006030273874641174,0.00011021947714245243,1.38401620579138e-13,-1.5371328224401718e-5,-5.445083468108986e-6,-4.2917902518511515e-15,-0.005321403313363834,-0.0035992591681058444,1.763304409279384e-5,6.118528318570767e-6,6.181612430521198e-5,7.949390588487355e-6,5.714226182971946e-6,9.58490759120152e-6,9.416126854260409e-6,6.813664368387576e-6,5.823282299332123e-6,7.207011549477474e-6,2.96504843803086e-6,-1.0491287386915055e-7,3.255531933204139e-16,1.9785008857230394e-16,2.8069971056134293e-16,2.5101498310705233e-16,-1.8035508284009786e-16,1.6982217479789662e-16,1.226060084809148e-16,3.4522020437691696e-16,-3.6873302661938444e-16,-1.08138946050298e-15,2.1444591277224446e-17,1.4776127838910925e-17,0.002096566116670499,0.011645447789009947,0.011456730188175572,-0.012384294723949507,0.0005879604557850692,5.077311963384224e-5,0.006191365117483487,0.004839972420153935,0.0002126437708130136,0.016693333898519413,-0.0004424864278391551,-0.00042832869931041747,0.0012587554952090837,-3.020622180830572e-15,0.0004458969739239075,-9.030823019657274e-16,-6.217941192937589e-16,-2.9720176871815477e-16,-1.686834563926659e-16,-1.3695085137509982e-15,-2.4807471205164666e-16,-1.2420638986414673e-15,-7.312232384199541e-16,1.9822337323651518e-16,2.1450500728059939e-16,-4.989473941434001e-16,-8.147175233152903e-16,3.16878944287962e-16,-8.795582538626575e-16,0.0,0.0,0.0,0.0,0.0,0.0,0.0,0.0,0.0,0.0,0.0,0.0
0.001923293035034958,-6.974734890318855e-5,-4.5269093907599895e-15,-8.395768172653077e-15,6.330979215355388e-16,0.00029719740489360754,0.01869318063861072,0.0067756628355055155,0.0002750255089945035,2.439593065828116e-13,-5.647223925739205e-5,-2.0004520891707683e-5,-3.773847839119126e-15,-0.06030328250978852,-0.004407147981279046,4.680526546789872e-5,2.2078096121934693e-5,0.00013242262732712058,2.2547044783474204e-5,1.696826512472955e-5,2.5705598768317286e-5,2.2958795058604723e-5,1.830657599086442e-5,1.3695846065226847e-5,1.7365350641675872e-5,4.0315957457368795e-6,-2.223024408398251e-7,6.955859827957024e-16,4.887802978380187e-16,7.175031346361316e-16,5.620113899806216e-16,-4.547218757909196e-16,3.340799909004985e-16,2.5973857100698486e-16,7.978081169069431e-16,-8.360084075340224e-16,-2.3305107077252067e-15,2.788317632213691e-17,2.9712642454179703e-17,-0.0012819640589800433,-0.006867951358930529,-0.006512987098649252,-0.029529619003370977,-0.002036528090051456,-0.0017633555501512087,-0.002926657597266292,-0.0030751535266947887,-0.003077193695209154,-0.004075867650013713,-0.002371264307086337,-0.0012294052881658582,-0.006642818110379951,-4.256796759913763e-15,-0.002353127755964186,-1.7341253222226954e-15,-1.1622598346230216e-15,4.5385386398729303e-17,-2.0104061578340576e-16,-2.6251887075881467e-15,-2.782224739709638e-16,-2.2085527869405125e-15,-1.0859466848117735e-15,5.646059061026397e-16,1.2487008543355208e-15,-6.285456777200387e-16,-1.3995140676076641e-15,6.548067125271525e-16,-1.9354394068845653e-15,-0.0,-0.0,-0.0,-0.0,-0.0,-0.0,-0.0,-0.0,-0.0,-0.0,-0.0,-0.0
-0.0011012657222333989,5.922508288681639e-5,-1.6872668979316958e-14,4.6520550977277286e-14,4.659431843474268e-16,-0.00025735470622730824,-0.06454677337907841,0.0049759694097418405,-0.0002465205483939695,-2.3526462596918938e-14,3.768550054760532e-5,1.3349574823468855e-5,-1.6167421150661439e-13,0.0071904189504762035,0.00680448928924702,-4.6864485885537795e-5,-4.968628653317092e-5,-3.6518625489548514e-5,-3.2527745689115885e-5,-2.720135290532729e-5,-3.126917089533366e-5,-2.6224748727779536e-5,-2.5849820227355595e-5,-1.0587595836287397e-5,-1.4611644151155775e-5,8.850956008322573e-6,2.521484109748707e-7,7.9438654841629725e-16,8.311306052318365e-16,1.1583805542745523e-15,7.689187552961455e-16,-6.844210165884671e-16,2.0252692870563875e-16,2.679754099813819e-16,9.997564039378309e-16,-1.0288288142562566e-15,-2.776224157089814e-15,8.226830779064556e-19,4.6893948993836216e-17,0.016205454139331818,-0.03498651475692998,0.06164003954007408,-0.21202126281153183,0.01503547111780289,0.010783651012827921,0.017145392374643628,0.009532235963128913,0.022640624513698245,-0.004239887197026137,0.024639563438150068,0.0004682987108822158,0.0021748180465870543,-3.678680909456201e-17,0.0007703996443306116,-1.4784807979151467e-15,-8.915253414951819e-16,1.7076930344908116e-15,1.239290282581976e-16,-2.2681365598241243e-15,2.4262198232672643e-16,-1.4450967587853328e-15,-1.1622991700836493e-16,1.0047657908551837e-15,3.4360382598418646e-15,2.9064979152718037e-16,-8.079489946868406e-16,6.5568289688861555e-16,-2.354000457450905e-15,0.0,0.0,0.0,0.0,0.0,0.0,0.0,0.0,0.0,0.0,0.0,0.0
0.020533558254953052,0.000170346311922484,-4.3867609897260966e-14,1.0124425292777305e-13,2.3181558606266113e-15,-0.0007530837349852131,-0.06098393626120951,0.04489196854444355,-0.0006871375425621487,-1.0177310890515906e-13,9.95408679525925e-6,3.5260995785549183e-6,-3.115732584490203e-13,-0.24884331937122148,-0.021960829363113176,-0.00010050195998280749,-9.408944512463024e-5,-0.0002474490800552815,-7.223101197365577e-5,-5.708352763576089e-5,-7.192726881827168e-5,-8.178924361986152e-5,-6.494758728941084e-5,-3.361060893017397e-5,-4.443432013780055e-5,3.541462981627269e-6,9.133407832793202e-7,3.3365038722431877e-15,2.5340562992873556e-15,3.859581675265519e-15,2.7678251774182124e-15,-2.4229998100950508e-15,1.1883538992929295e-15,1.1465616416126048e-15,3.805427505592495e-15,-3.996938808647641e-15,-1.1030736744592361e-14,-4.186645273968795e-17,1.0599170683535858e-16,0.016586545773118393,0.005925167085518535,0.09196486061069921,0.009948696331941866,0.009781417963495926,0.007223828016032578,0.025142738945974692,0.013821172009820182,0.01906257049467559,0.014871453722201854,0.016910053710517285,-0.0031347375268501306,-0.040905845772446964,-7.996825969079219e-15,-0.014490338207200623,-6.779671234088496e-15,-4.331711849396393e-15,3.948376098117608e-15,-1.1138631175775046e-16,-1.0108212431165776e-14,1.7337577940378402e-16,-7.767271170354412e-15,-2.6491540399689194e-15,3.480195969879715e-15,1.0231394815638993e-14,-3.952300646178919e-16,-4.552527055016404e-15,2.9359691760392205e-15,-9.14800890523719e-15,-0.0,-0.0,-0.0,-0.0,-0.0,-0.0,-0.0,-0.0,-0.0,-0.0,-0.0,-0.0
-0.011980892010595087,0.00016927968154844113,-1.4355220745427572e-14,6.936804146324926e-14,-3.7312678545302413e-16,-0.0007254897327236408,-0.053643446488082634,-0.01648711652126749,-0.0006854849310290575,-2.777819401526383e-13,0.00014824351289429967,5.2513243516358164e-5,-1.2646737227644242e-13,0.14752913556183436,0.008788959845658561,-0.0001228451657053149,-8.79718479433018e-5,-0.00023675351304924838,-6.962760912859532e-5,-5.540543795331079e-5,-7.279268066446868e-5,-6.206123436301466e-5,-5.5311792465879545e-5,-3.1742477574830046e-5,-4.181849655056791e-5,4.2547510781064425e-6,5.596910092430166e-7,-2.1640204419401377e-16,-1.151116306870993e-16,-2.0973962414559375e-16,-1.4956553457393795e-16,1.57337218989063e-16,-1.982647751098248e-16,-1.040680640808636e-16,-3.211729427877653e-16,3.1608637578177485e-16,7.236785570712314e-16,-1.2205933249659311e-17,-4.919446469967425e-18,0.020489623202748455,0.011325617945269427,0.08656544566974698,0.012373617164053104,0.018044313112245636,0.012602174731761348,0.03401040237155289,0.02544741280679138,0.024960434295023436,0.044816788582691745,0.023895403663192497,0.0022645428239853886,0.023785315833694965,1.797672779338991e-15,0.00842562387568139,6.836225855466479e-16,4.796777188547439e-16,1.8228146274085803e-16,1.0120139682166926e-16,1.033710692324998e-15,1.5517439143355774e-16,8.877568151798605e-16,4.438884962259016e-16,-1.2565195438837329e-16,-1.266566368285095e-16,3.428228337943863e-16,5.656680682786657e-16,-2.3026306178091873e-16,6.470932356710944e-16,-0.0,-0.0,-0.0,-0.0,-0.0,-0.0,-0.0,-0.0,-0.0,-0.0,-0.0,-0.0
0.00016625758686381528,8.289329450208677e-7,-8.000626395218774e-17,-1.4326571904430127e-15,4.925072881974104e-17,-3.872929420638818e-6,0.0016153968691538562,0.0005887857477533244,-2.7959355190293704e-6,1.641871330626567e-14,-9.396619840203099e-7,-3.328624397148809e-7,3.6476445074317547e-14,-0.001978766051267917,-0.003622053373359199,6.778500374271736e-7,2.0718273934670798e-6,-8.198237529603557e-6,7.400943472432745e-7,8.022555856192846e-7,5.318465140880516e-7,-2.7604766764830583e-7,3.6631807875682217e-7,-2.6328041920350586e-7,-2.7913823945842393e-7,-1.0299088110182616e-6,4.278937751279431e-9,5.4726984314167464e-17,-1.384415083392297e-16,-1.5953501469253637e-16,-3.658635826598687e-17,9.727479300005102e-17,4.1573290507486604e-17,1.1134967249320702e-17,-6.467641674590521e-17,4.1942449385196674e-17,-6.180151093815028e-17,2.5234160022379117e-17,2.8701888172309347e-19,-0.00011006615505303736,-0.0005976881490456921,-0.0005595652934433382,-0.002570898567166377,-0.00017547161600657514,-0.0001521414822662763,-0.00025131682278434913,-0.00026499490673965727,-0.00026420500107380743,-0.000350417872042483,-0.00020180260678838408,-0.00010679273731162621,-0.0005785912701117273,-1.8064210915516885e-16,-0.00020495806966775037,-7.530595292353653e-18,-3.238355327386577e-18,-1.3605688321338645e-16,3.002876251246307e-17,2.869820915147372e-17,8.249234367247259e-18,-4.100609244593797e-17,-1.8468281448046973e-16,7.97533580846557e-18,-1.403832132473338e-16,3.191109574237742e-17,-1.7544410933798697e-17,9.620011548119416e-17,3.553703358975476e-18,0.0,0.0,0.0,0.0,0.0,0.0,0.0,0.0,0.0,0.0,0.0,0.0
0.0017545538709728126,-5.6968159471196936e-5,-3.887197115868505e-15,-8.223710644322831e-15,5.74953171497023e-16,0.00024240508125336721,0.01705290156902822,0.006184145992939841,0.00022505833146505867,2.182563636301173e-13,-4.769606168689488e-5,-1.68956796218688e-5,3.204203681598249e-14,-0.058246013729595786,-0.0007927736434184574,3.939990356482553e-5,2.0213436762101574e-5,0.00010194613753471124,1.9357389234625648e-5,1.4798155392091865e-5,2.1781292562780056e-5,1.873606657726822e-5,1.5492932421849594e-5,1.1092036407328427e-5,1.4114045137835373e-5,2.374148751868666e-6,-1.7986805830809733e-7,6.324243636176396e-16,2.725219623184846e-16,4.4215661977195963e-16,4.325427726528663e-16,-2.839474686700433e-16,3.183046865365547e-16,2.269923478952928e-16,6.012564639602308e-16,-6.551709068264396e-16,-2.000647171944326e-15,4.7855246908917483e-17,2.5076123187230923e-17,-0.0011687546828528723,-0.006269211468227967,-0.005938285425296145,-0.02695646863110571,-0.0018572409596173697,-0.0016083511994255172,-0.0026682432729865416,-0.0028045080740183824,-0.0028054716246205115,-0.0037164064742129257,-0.002160223508344277,-0.0011220455767823794,-0.00606423034246075,-3.720135817694027e-15,-0.002148170926900142,-1.4509846274396962e-15,-9.706737713749492e-16,-9.433263812396138e-17,-1.3819680387431232e-16,-2.1575962915020713e-15,-2.2360678624832735e-16,-1.878538991340953e-15,-1.0835664077902295e-15,4.779501637665035e-16,9.034894547500768e-16,-4.923005202793508e-16,-1.1821961702933593e-15,6.386360642875427e-16,-1.6079015177026072e-15,-0.0,-0.0,-0.0,-0.0,-0.0,-0.0,-0.0,-0.0,-0.0,-0.0,-0.0,-0.0
0.006126320328928919,9.177779838307723e-5,-1.9950453251546724e-14,4.949464079554801e-14,8.989609355502452e-16,-0.00040338007511673987,-0.07501459050997887,0.019580215000644063,-0.0003719176712899276,-1.569683480427589e-13,2.5808976310709033e-5,9.142478018642927e-6,-2.0145909173216806e-13,-0.0843124671584581,0.003811606021590689,-5.664133332244065e-5,-5.197302781132132e-5,-0.00012811333094335623,-3.945185043391038e-5,-3.13499665231019e-5,-3.932020478484239e-5,-4.2562084328785454e-5,-3.466589385430914e-5,-1.77825605307881e-5,-2.3687460243347467e-5,2.8006246147427577e-6,4.462045061212471e-7,1.4690327788514895e-15,1.3657691325353911e-15,2.0210327272278654e-15,1.3113291810213594e-15,-1.2471377686121548e-15,4.342674239726876e-16,5.076462940113883e-16,1.8219651439735433e-15,-1.876545261022376e-15,-5.026734417314523e-15,-2.928852831755655e-17,5.857583574379678e-17,0.006488096963898576,-0.003052809345794791,-0.01833002240118277,0.006507201558538081,-0.25298270241680754,0.00894065889516735,0.01624393202371538,0.013275312562789762,0.023774430060186327,-0.009911382702325023,0.02629941785485755,-0.0008512229186915753,-0.012217151809057443,-8.652002792734746e-16,-0.004327759475424735,-2.7940680267788707e-15,-1.7266068777873195e-15,2.7807110326711832e-15,1.5628720008820942e-16,-4.2138780718126526e-15,3.985467424818426e-16,-2.876813772962612e-15,-4.806100882593324e-16,1.7660741646744406e-15,5.817387556847936e-15,3.793952264446638e-16,-1.6256255944879399e-15,1.2280515954882655e-15,-4.244892075999353e-15,0.0,0.0,0.0,0.0,0.0,0.0,0.0,0.0,0.0,0.0,0.0,0.0
0.0030789107985668067,7.474323886669122e-5,-1.6858662349757018e-14,4.517249911879348e-14,6.131696864303219e-16,-0.0003268927613106294,-0.0738132257273489,0.013772557155519493,-0.0003055728740208584,-8.953413707398747e-14,2.9454418000181654e-5,1.0433826037667285e-5,-1.7582373935702973e-13,-0.06283591737059499,0.02188463909941516,-5.1838042468838444e-5,-5.098848436338437e-5,-7.920304243638388e-5,-3.592969130462666e-5,-2.929355077831832e-5,-3.527539846687803e-5,-3.3922511614010425e-5,-3.00879490637918e-5,-1.4056981320865016e-5,-1.8930211371917094e-5,6.016284114801601e-6,3.4993573914101746e-7,1.0745100612505488e-15,1.0769782835728444e-15,1.5787008317783144e-15,9.988057311683349e-16,-9.491762200928908e-16,2.9931825841802413e-16,3.7161172155077883e-16,1.3614049678453015e-15,-1.4033553018040526e-15,-3.713568125550042e-15,-3.381322934936499e-17,4.854340271452323e-17,-0.00491623370666507,-0.011962397711405224,-0.10840099956694257,0.0013712198453262165,-0.04436383655754021,0.006791503673072531,0.0022068464072330517,0.006205569967970258,0.02094572305506578,-0.03920747618887743,0.02660490163249052,-0.0004741559574784495,-0.00614763278268848,3.8365902707222926e-16,-0.0021777151043495236,-1.9633204895434693e-15,-1.186913351122968e-15,2.392730924503172e-15,1.8663692700894274e-16,-2.980992365043116e-15,3.908845753341823e-16,-1.8972450584374593e-15,-1.0972326675436662e-16,1.3695294410621364e-15,4.702333425790905e-15,4.873259398329774e-16,-1.031661025903118e-15,8.917176080367067e-16,-3.1690991886203646e-15,0.0,0.0,0.0,0.0,0.0,0.0,0.0,0.0,0.0,0.0,0.0,0.0
0.006126320328820855,9.177779910519834e-5,-1.9950453391030525e-14,4.949464122913732e-14,8.989609400286427e-16,-0.0004033800782532037,-0.07501459050968731,0.01958021500038423,-0.0003719176742341437,-1.5696834891754187e-13,2.580897672339913e-5,9.142478164845602e-6,-2.0141750007155828e-13,-0.08431246716069361,0.003811606021207599,-5.664133383368264e-5,-5.1973028263697906e-5,-0.00012811333179172873,-3.945185076404938e-5,-3.134996679027886e-5,-3.932020511561219e-5,-4.25620846334669e-5,-3.466589412556918e-5,-1.7782560666394574e-5,-2.3687460424563034e-5,2.800624659339282e-6,4.4620450914022377e-7,1.4690327851177663e-15,1.3657691383886245e-15,2.0210327357355863e-15,1.3113291867552278e-15,-1.2471377740474503e-15,4.3426742617840173e-16,5.076462962428147e-16,1.821965151812258e-15,-1.8765452692124365e-15,-5.0267344390667865e-15,-2.9288528596349855e-17,5.857583593936692e-17,0.006488096964087159,-0.0030528093454937496,-0.018330022400776125,0.006507201558774084,-0.25298270241631576,0.008940658895379466,0.01624393202414684,0.013275312563250615,0.02377443006053243,-0.009911382701874702,0.026299417854844555,-0.0008512229186680221,-0.012217151809056616,-8.652003186756293e-16,-0.004327759475424445,-2.7940680428640428e-15,-1.7266068885499845e-15,2.780711034539749e-15,1.5628719748871227e-16,-4.213878096129578e-15,3.985467399119417e-16,-2.876813793737397e-15,-4.806100969291168e-16,1.7660741700626653e-15,5.81738757022275e-15,3.793952201642292e-16,-1.6256256075048775e-15,1.2280516006427591e-15,-4.244892094050978e-15,0.0,0.0,0.0,0.0,0.0,0.0,0.0,0.0,0.0,0.0,0.0,0.0
1.7621985528725717e-7,-2.0952694180836986e-6,2.3188324930527815e-16,-2.4867256353816995e-15,4.754191459294237e-17,8.604218842862097e-6,-5.180580517824285e-6,9.386107469921147e-7,8.324674030120599e-6,1.255824077409889e-14,-1.7325531830967102e-6,-6.137333450708376e-7,3.5447602796471583e-15,0.0005993565909027957,8.298223684296751e-7,2.7902023991102107e-6,2.6057835031665564e-6,-1.8621576610827799e-6,1.5371197709931658e-6,1.3726024493723833e-6,1.5594997493763423e-6,4.950520503809555e-7,9.67509385923505e-7,3.53796318197633e-7,4.464949171309373e-7,-6.855374892631705e-7,-7.523731000549652e-9,5.4928451874603987e-17,2.5737284974138917e-17,6.335556598231072e-17,2.889375530236502e-17,-4.3703516978760547e-17,2.5003547458063657e-17,2.4310907940991893e-17,7.262590913404248e-17,-7.278172359571073e-17,-2.199058615952454e-16,1.314911995847389e-17,-5.514671337975713e-19,-8.079890780994284e-7,-1.5204304651059195e-6,2.0591387753829513e-7,-9.867770394956755e-7,-2.2499730408537665e-6,-8.506012891107345e-7,-7.140616776153523e-7,-1.4555729980508056e-6,-8.746973490833802e-7,-1.0005799087320835e-6,1.4570622044955682e-6,-3.6612838546081274e-8,9.081702541466178e-10,-4.095090492557091e-16,3.2170687324571205e-10,-1.5542781559206934e-16,-1.0345954218210251e-16,-6.243556471046213e-18,-1.1024140146472642e-17,-2.2688270867389593e-16,-2.0532390371130027e-17,-1.938512243536106e-16,-1.2109145061983833e-16,4.356732852647196e-17,1.0692738836527593e-16,-5.951449501731625e-17,-1.2275111912692027e-16,6.045144219753985e-17,-1.6936675128964975e-16,0.0,0.0,0.0,0.0,0.0,0.0,0.0,0.0,0.0,0.0,0.0,0.0
1.7646178892473907e-7,-2.0952686977829925e-6,2.3188355550297656e-16,-2.4867263615111778e-15,4.75418894811367e-17,8.604215846676181e-6,-5.1878719969096e-6,9.391975230466038e-7,8.324671183043763e-6,1.2558239601920399e-14,-1.7325518248561778e-6,-6.137328639377155e-7,3.4972661540449963e-15,0.0005993582971956825,8.30185582637354e-7,2.7902021168279942e-6,2.6057837355186807e-6,-1.862160271766003e-6,1.537119742454459e-6,1.3726024743249607e-6,1.5594996569715204e-6,4.950518661239441e-7,9.67509336749632e-7,3.5379617519215705e-7,4.4649473448704367e-7,-6.85537704261701e-7,-7.523730847558101e-9,5.492843784708139e-17,2.573727976839459e-17,6.33555574976825e-17,2.889374367648212e-17,-4.3703505434948614e-17,2.500353241637505e-17,2.4310900850600028e-17,7.262588863960356e-17,-7.278170239479016e-17,-2.1990581055088876e-16,1.3149120036610145e-17,-5.514631863419316e-19,-8.081478716458822e-7,-1.5206183588031172e-6,2.0449006375338574e-7,-9.868364030082817e-7,-2.2541357982732344e-6,-8.50616394692499e-7,-7.142354738600898e-7,-1.4556753083870584e-6,-8.746366420792489e-7,-1.0012624620204686e-6,1.4571765722584991e-6,-3.6648220260487264e-8,1.3925488573543282e-9,-4.095085007266562e-16,4.932913754291645e-10,-1.5542772393549717e-16,-1.0345947291968386e-16,-6.243425184690697e-18,-1.1024095960508608e-17,-2.268825724943522e-16,-2.0532330716201045e-17,-1.9385106791561878e-16,-1.210913402916885e-16,4.356734530441916e-17,1.0692751431427525e-16,-5.951437838796739e-17,-1.2275101350564115e-16,6.045142836206317e-17,-1.6936671488118025e-16,-0.0,-0.0,-0.0,-0.0,-0.0,-0.0,-0.0,-0.0,-0.0,-0.0,-0.0,-0.0
3.526816442108188e-7,-4.190538115866855e-6,4.6376680480826245e-16,-4.973451996892898e-15,9.508380407408539e-17,1.7208434689586052e-5,-1.036845251473742e-5,1.8778082700542912e-6,1.6649345213163244e-5,2.5116480376027818e-14,-3.4651050079424624e-6,-1.2274662089983504e-6,7.039596436351186e-15,0.00119871488809857,1.6600079510819633e-6,5.580404515921612e-6,5.211567238693485e-6,-3.7243179328192963e-6,3.074239513420181e-6,2.7452049237030998e-6,3.118999406346226e-6,9.901039165083645e-7,1.9350187226780597e-6,7.075924933939198e-7,8.929896516194755e-7,-1.371075193523926e-6,-1.5047461847935656e-8,1.0985688972168369e-16,5.147456474253275e-17,1.2671112347999208e-16,5.778749897884613e-17,-8.74070224137075e-17,5.000707987443938e-17,4.862180879159071e-17,1.4525179777364438e-16,-1.4556342599050055e-16,-4.3981167214613064e-16,2.629823999508718e-17,-1.1029303201379127e-18,-1.616136949733901e-6,-3.041048823889379e-6,4.1040394126381796e-7,-1.9736134424830467e-6,-4.504108839100376e-6,-1.70121768380389e-6,-1.4282971514779414e-6,-2.9112483064530566e-6,-1.7493339911617482e-6,-2.001842370750044e-6,2.914238776753007e-6,-7.326105879589525e-8,2.300719135324337e-9,-8.190175499823588e-16,8.14998259140159e-10,-3.1085553952756683e-16,-2.0691901510178502e-16,-1.2486981655738013e-17,-2.2048236106978328e-17,-4.537652811682494e-16,-4.106472108733206e-17,-3.8770229226922486e-16,-2.421827909115239e-16,8.713467383088818e-17,2.13854902679549e-16,-1.190288734052833e-16,-2.4550213263256187e-16,1.2090287055960218e-16,-3.3873346617082834e-16,-0.0,-0.0,-0.0,-0.0,-0.0,-0.0,-0.0,-0.0,-0.0,-0.0,-0.0,-0.0
-1.3442385214848402e-6,7.431749432219985e-6,2.5118019892928297e-16,-4.77770068406138e-16,-4.447784707652547e-18,-3.204378061729793e-5,-1.2869010613279744e-5,-1.5420294069057749e-6,-2.887120289563623e-5,-5.644948793557104e-15,4.284479622877053e-6,1.51771850583639e-6,3.6558707205149283e-14,3.820422727722954e-5,-4.181443228141283e-6,-3.7461621471165973e-6,-9.611307445941428e-8,-2.0570786200018883e-5,-1.4279674583972792e-6,-8.35141881574493e-7,-1.9215051764420537e-6,-2.4846294415272597e-6,-1.3997448795028197e-6,-1.5583903592100606e-6,-1.9250471861270406e-6,-1.3829908967178618e-6,2.5736556104433046e-8,-3.560456377189395e-18,-1.8028101547210178e-16,-2.2066217155305726e-16,-8.405258178043163e-17,1.359185770804359e-16,1.3287961430131061e-17,-1.079211497526185e-17,-1.3236002841717543e-16,1.1268161687595363e-16,1.3434432001165396e-16,2.2807028583282817e-17,-2.2910260484620997e-18,1.7276361531480814e-6,6.848839649668486e-7,8.084695356061953e-6,1.2821995638200378e-6,2.2091751537629543e-6,1.5911182036317409e-6,3.898778843934019e-6,3.157214275452425e-6,4.081974587938778e-6,4.923454170441789e-6,4.818955491618173e-6,3.0700589608531934e-7,-1.7630344613032614e-9,1.7804895008794517e-16,-6.24530798964036e-10,1.388924961346739e-16,9.492329985718934e-17,-1.401461405663637e-16,4.699302013636061e-17,2.507760926877057e-16,3.1958882274838714e-17,1.4511264005429683e-16,-9.385774971302528e-17,-3.943861497602391e-17,-2.458284683116761e-16,8.523853047492954e-17,1.0056088549805415e-16,4.130929577930836e-17,1.6695000744601478e-16,0.0,0.0,0.0,0.0,0.0,0.0,0.0,0.0,0.0,0.0,0.0,0.0
3.529235778533368e-7,-4.190537395537805e-6,4.637671110059476e-16,-4.973452723022341e-15,9.508377896226654e-17,1.7208431693342045e-5,-1.0375743993846372e-5,1.8783950461148512e-6,1.6649342366028393e-5,2.511647920386005e-14,-3.4651036496992313e-6,-1.2274657278662432e-6,7.007214971483924e-15,0.001198716594391422,1.6603711652797465e-6,5.580404233634263e-6,5.2115674710320226e-6,-3.7243205435457384e-6,3.074239484877146e-6,2.7452049486832135e-6,3.118999313938247e-6,9.90103732242523e-7,1.9350186734924726e-6,7.075923503797293e-7,8.929894689647758e-7,-1.371075408525674e-6,-1.504746169504893e-8,1.0985687569416404e-16,5.147455953679014e-17,1.2671111499536546e-16,5.7787487352965e-17,-8.740701086989857e-17,5.000706483274944e-17,4.862180170120153e-17,1.452517772792087e-16,-1.4556340478958037e-16,-4.3981162110178127e-16,2.629824007321761e-17,-1.1029263726863923e-18,-1.6162957432919576e-6,-3.0412367175972195e-6,4.0898012746663266e-7,-1.9736728060172707e-6,-4.5082715965544885e-6,-1.7012327893852208e-6,-1.4284709477109483e-6,-2.911350616760133e-6,-1.749273284160774e-6,-2.002524924023266e-6,2.914353144519135e-6,-7.329644053108933e-8,2.78509769298119e-9,-8.1901700145331e-16,9.865827507537813e-10,-3.108554478709927e-16,-2.0691894583936798e-16,-1.2486850369377733e-17,-2.2048191921020054e-17,-4.537651449887012e-16,-4.106466143240015e-17,-3.877021358312404e-16,-2.421826805833789e-16,8.713469060884169e-17,2.1385502862855659e-16,-1.1902875677593456e-16,-2.455020270112797e-16,1.2090285672412636e-16,-3.387334297623609e-16,0.0,0.0,0.0,0.0,0.0,0.0,0.0,0.0,0.0,0.0,0.0,0.0
-1.3442385214763223e-6,7.431749432175078e-6,2.5118019892930013e-16,-4.777700684061778e-16,-4.447784707626872e-18,-3.2043780617149925e-5,-1.2869010613411588e-5,-1.5420294070597633e-6,-2.8871202895507055e-5,-5.644948793544399e-15,4.284479622840418e-6,1.5177185058168337e-6,3.662108464567069e-14,3.820422727732896e-5,-4.181443228144124e-6,-3.7461621471367503e-6,-9.611307445103254e-8,-2.0570786199982027e-5,-1.4279674583720275e-6,-8.351418815513138e-7,-1.921505176443565e-6,-2.4846294415281266e-6,-1.3997448794996698e-6,-1.558390359175198e-6,-1.9250471861131865e-6,-1.382990896717638e-6,2.57365561043795e-8,-3.5604563771938514e-18,-1.8028101547210395e-16,-2.206621715530583e-16,-8.405258178043399e-17,1.3591857708044027e-16,1.3287961430134292e-17,-1.0792114975266196e-17,-1.3236002841718046e-16,1.1268161687595244e-16,1.343443200116641e-16,2.28070285832952e-17,-2.2910260484559086e-18,1.7276361531316522e-6,6.848839649920669e-7,8.084695356061747e-6,1.282199563838713e-6,2.2091751537175986e-6,1.591118203622574e-6,3.898778843929673e-6,3.1572142754311667e-6,4.0819745878576e-6,4.923454170416543e-6,4.818955491602267e-6,3.070058960950851e-7,-1.7630344888661548e-9,1.7804895008795128e-16,-6.245308072932531e-10,1.3889249613466924e-16,9.492329985719099e-17,-1.401461405663713e-16,4.6993020136370427e-17,2.50776092687695e-16,3.1958882274832446e-17,1.4511264005430767e-16,-9.38577497130154e-17,-3.9438614976034026e-17,-2.458284683116919e-16,8.523853047492668e-17,1.005608854980479e-16,4.1309295779306866e-17,1.6695000744601606e-16,-0.0,-0.0,-0.0,-0.0,-0.0,-0.0,-0.0,-0.0,-0.0,-0.0,-0.0,-0.0
-0.0030180583789064857,6.455580966385544e-6,2.3794272630738164e-15,-7.467679160206044e-15,-2.9286398267528337e-17,-2.8333632458168504e-5,-8.093360271317896e-6,0.0078086041855561575,-2.4863329000597482e-5,-5.892882314560243e-14,1.096532201511447e-5,3.884315837111629e-6,1.1843920808125577e-14,0.012252707697463552,0.001036934470280845,1.2376588348226164e-6,6.98820203882683e-6,-3.855079203597909e-5,1.8902638931937045e-6,2.382264277813777e-6,1.1540015875326048e-6,-2.4315741401430164e-6,4.980581382665213e-7,-1.4873092675491647e-6,-1.8938296762566447e-6,-4.029213442761234e-6,2.9765033270978666e-9,-5.2939906378354894e-18,-2.6649027716245767e-17,3.788170083089717e-18,-4.5916435010291495e-17,-2.5055971871610633e-17,-9.407618135249436e-19,1.2188577436967414e-17,1.195340034946489e-17,-2.6079255313220632e-18,-2.380687528510463e-17,1.0979388397526864e-17,-6.699852507105548e-18,-0.0007072196118048163,-0.0005894813543353791,-0.005530096690604468,-0.00013595525855907462,-0.018054435600537724,-0.00030137241003638684,6.0535523622844996e-5,0.0020226156793438266,-0.008039623462038301,0.002113352742423855,0.000269852361048628,-2.330948828893194e-5,0.004077280301170228,1.249355409633095e-15,0.0014443209622938536,1.3401503743582006e-16,1.0499747052804985e-16,3.654095254648182e-16,1.3445529967988116e-16,2.3245250249968525e-16,1.9240919788072967e-16,2.8955343843126885e-16,1.8692116259457535e-16,8.150945961903187e-17,4.439528488206538e-16,2.761649305943587e-16,2.0238177272381672e-16,-1.706811231717831e-18,-9.810174232139206e-18,0.0,0.0,0.0,0.0,0.0,0.0,0.0,0.0,0.0,0.0,0.0,0.0
-0.003363572870740432,6.063870995628323e-5,-4.117341888292609e-15,8.630253215138279e-16,6.174443173239867e-16,-0.00026866037918978064,0.002423847681273621,0.03951638180851629,-0.00024016155217908194,-1.7563708411864586e-13,3.0119025984612605e-5,1.0669254363558329e-5,-2.145556010988885e-14,-0.038696778094051636,-0.00814200778878434,-1.7573703676918705e-5,2.140899881924876e-6,-0.00018770059663187098,-1.0091654533017963e-5,-4.93553375809934e-6,-1.2392180179666188e-5,-2.7778979314371198e-5,-1.3510618280809108e-5,-1.2812873100384794e-5,-1.665311575785127e-5,-1.297670283104693e-5,2.4008458042766175e-7,9.376177663751871e-16,5.37521445323508e-16,9.88201938772139e-16,6.014377707044165e-16,-7.045173644963244e-16,3.7627374445939526e-16,3.69519889985897e-16,1.0697269528999378e-15,-1.1068225904930482e-15,-3.168413671054323e-15,2.8538098163878265e-17,5.266473758257349e-18,0.0025875332725411168,0.0019610552972940984,0.030994027441609884,0.0014726032008136546,0.04586360535418312,-0.0013463014491931578,0.00518932565967846,0.007899096726536249,-0.028464337780615682,0.0181578326469221,-0.0019992074481504788,-0.0011804779601675408,7.205878302496962e-5,8.205410157739393e-16,2.552584152923254e-5,-1.5706172103609123e-15,-9.628502976348968e-16,1.9336942115363738e-15,3.346148160887026e-16,-2.215885835206263e-15,5.634941688951624e-16,-1.4758674406645458e-15,-4.0671039996077885e-16,1.1744869520654436e-15,3.882986760719067e-15,5.872657281690921e-16,-7.821331598625508e-16,8.610469013729774e-16,-2.5670945909125247e-15,-0.0,-0.0,-0.0,-0.0,-0.0,-0.0,-0.0,-0.0,-0.0,-0.0,-0.0,-0.0
-0.0011713892841976666,3.7092252673406005e-5,-3.0148820608968794e-15,1.6658898178912525e-15,4.034295976171345e-16,-0.00016452866764948246,0.0015391883326100375,0.02264846883688238,-0.00014672505997844973,-1.0713253028750841e-13,1.5847748965284695e-5,5.613849030716278e-6,-1.6760742687208505e-14,-0.025364239587166857,-0.008570116709668967,-1.0892731715751451e-5,6.903692897821912e-7,-0.00011319718928160113,-6.443362551286123e-6,-3.2841501159554924e-6,-7.807150879051284e-6,-1.716030192349048e-5,-8.498030018772845e-6,-7.85482975668172e-6,-1.0194201872939549e-5,-7.72970737831601e-6,1.5316973860451314e-7,6.011878946031619e-16,3.545485150667848e-16,6.348158330594582e-16,3.9754402775435357e-16,-4.485711341096243e-16,2.377461138650469e-16,2.326614327482095e-16,6.852707319872487e-16,-7.095447110788084e-16,-2.025407322095692e-15,1.6892829129661868e-17,5.264368989142407e-18,0.0039643927943933295,0.0031183643013223098,0.037501957197574015,0.001928654190063249,-0.02102958490453428,-0.00029944354141701163,0.005913354214082206,0.005814284876596288,-0.014964736270739966,0.01660917321206752,-0.0013293490607032968,-0.0007212522127196045,-0.0012649621336163735,8.742485379750435e-17,-0.0004480955909671555,-1.0527108993895044e-15,-6.538347387770684e-16,1.116854866058404e-15,1.6928020393936983e-16,-1.4994049358063767e-15,2.992818264539357e-16,-1.0445369514537253e-15,-3.2390843272343283e-16,7.248087163016549e-16,2.339803881986018e-15,2.8000720810195584e-16,-5.734400944242317e-16,5.480963531182065e-16,-1.6422764495585148e-15,-0.0,-0.0,-0.0,-0.0,-0.0,-0.0,-0.0,-0.0,-0.0,-0.0,-0.0,-0.0
0.001215506201891831,-2.3462631110438687e-6,-6.000497517743564e-16,-4.145846126582837e-15,2.2191018456899823e-16,7.761543941911406e-6,0.001072663717402669,0.010420590833361913,1.0354816585942419e-5,-9.269681979455482e-15,-1.0008760712338803e-5,-3.54546703711418e-6,-4.615113486656946e-15,-0.03233551766752617,0.00013215032173732844,7.0508276512769695e-6,6.698776008283297e-6,-1.4490539654829845e-5,3.397782481975411e-6,3.2427108231970638e-6,3.3893995882756142e-6,-7.933302522624743e-7,1.4922313223771675e-6,1.5056978476633796e-7,2.1219576924027187e-7,-2.5210848714035428e-6,9.649671141749213e-9,3.0291986422643873e-16,2.1348140098119667e-16,3.538337694098408e-16,2.241516909757503e-16,-2.3831029138670103e-16,1.2300843562274476e-16,1.1631308269358222e-16,3.660236684018124e-16,-3.7606320243128642e-16,-1.028606719464086e-15,4.431490127575872e-18,6.098821740181808e-18,-0.0014034014700994577,-0.0011671409077647955,-0.005678727906503168,-0.0006738869786790341,-0.012373122491337549,-0.0010280381391073712,-0.0017675516835653194,-0.0005188382419630331,-0.006225935828565916,-0.00259165457492064,-0.0011646532644715081,-0.0005335411690712208,-0.003603564393054973,-1.364318208943922e-16,-0.0012765135598776295,-5.716820371041375e-16,-3.5870466223599487e-16,5.317694525098903e-16,5.893887272610702e-17,-8.358590940119148e-16,1.1112978137944747e-16,-5.85401363141154e-16,-1.6104363684757861e-16,3.568242255944098e-16,1.1445319849939898e-15,9.116532845113307e-17,-3.294543679619073e-16,2.7261497592284533e-16,-8.53790836765591e-16,-0.0,-0.0,-0.0,-0.0,-0.0,-0.0,-0.0,-0.0,-0.0,-0.0,-0.0,-0.0
0.005513682489552695,8.263772392072374e-5,-1.796232276007882e-14,4.456384937159922e-14,8.093381595912521e-16,-0.00036320602063674853,-0.0675131256496353,0.01762218058457982,-0.00033487963365937904,-1.4122537434159321e-13,2.324889450859747e-5,8.235603940438016e-6,-1.812980217777567e-13,-0.07588049870791912,0.0034304251296881664,-5.100241554734412e-5,-4.6796482817512164e-5,-0.00011535442556681544,-3.5522659191058004e-5,-2.8227669920485923e-5,-3.540439026329317e-5,-3.832170488008895e-5,-3.121270810212695e-5,-1.6011464724954336e-5,-2.13282372346491e-5,2.5217274302826813e-6,4.017405416260125e-7,1.3224924894636017e-15,1.2293415382766997e-15,1.8192313838882685e-15,1.1804326529491092e-15,-1.1226143340047048e-15,3.909987637100446e-16,4.570123149565222e-16,1.6401240557043378e-15,-1.6892817709440657e-15,-4.525277882872619e-15,-2.6333757517667285e-17,5.27217077824224e-17,0.00583929686985081,-0.00274751418891116,-0.016496996284875887,0.005856493048322886,-0.22768440897630784,0.008046603680942633,0.014619561459485068,0.011947804605724735,0.021397005472908206,-0.008920220625560176,0.02366947852833991,-0.0007660993623357327,-0.010995436619740201,-7.808914208799458e-16,-0.0038949835249026113,-2.5155175905876074e-15,-1.5545135700379943e-15,2.502599286972672e-15,1.4056864247952557e-16,-3.793736537102718e-15,3.5856155965729414e-16,-2.5902483901306785e-15,-4.332215643980895e-16,1.589744110357409e-15,5.236232755240663e-15,3.4115534734987134e-16,-1.4637440057014706e-15,1.1056210953375993e-15,-3.821346963151262e-15,0.0,0.0,0.0,0.0,0.0,0.0,0.0,0.0,0.0,0.0,0.0,0.0
0.020534464900460094,0.00016508955135564378,-4.4258824919532523e-14,1.0113954288080216e-13,2.349646624222889e-15,-0.0007305010553969403,-0.060977423613721986,0.04489322957913922,-0.0006665891860302013,-8.575620164369559e-14,6.883654055501534e-6,2.4384406371720076e-6,-3.1562780653863154e-13,-0.24903038309479655,-0.021957931670921485,-9.755825354409348e-5,-9.327178458957673e-5,-0.00023496728077069967,-7.09015363831669e-5,-5.617667572579902e-5,-7.03157221413765e-5,-7.996866521177351e-5,-6.374404290678847e-5,-3.2537471555098745e-5,-4.309064546561282e-5,4.212224892085462e-6,8.945329202236013e-7,3.3683366791268604e-15,2.579032720375167e-15,3.912770285105572e-15,2.8054889124504362e-15,-2.4531709473472274e-15,1.2027696462273024e-15,1.1590411069617026e-15,3.850571161263419e-15,-4.044439532146353e-15,-1.1144376135306082e-14,-4.365015939578578e-17,1.1114563590215468e-16,0.01658526696360136,0.00592428858980233,0.09195981560440528,0.009947605641768305,0.00977939928239357,0.007222601971739548,0.025139941277023643,0.013818713437897506,0.019059773219403938,0.014868057298786935,0.016907456286753206,-0.0031349501732160973,-0.04090584490013963,-8.253880501349837e-15,-0.014490337898197656,-6.874106342234201e-15,-4.395587593718671e-15,3.951069366221919e-15,-1.3228061108829295e-16,-1.0261028113963188e-14,1.4808393103154974e-16,-7.891011547444459e-15,-2.6888943936119363e-15,3.505436360506549e-15,1.0290016531656622e-14,-4.42791980830415e-16,-4.634210523596842e-15,2.960573661060398e-15,-9.251279600014842e-15,-0.0,-0.0,-0.0,-0.0,-0.0,-0.0,-0.0,-0.0,-0.0,-0.0,-0.0,-0.0
-0.01198218086409214,0.0001767443425956857,-1.420982120581822e-14,7.004253213627871e-14,-3.9009417140425167e-16,-0.0007577148366259928,-0.05365199747437994,-0.016488983454952293,-0.0007147638924459746,-2.956602957541152e-13,0.0001526103066047314,5.406012065940882e-5,-1.1926030200134853e-13,0.16784556335238043,-0.01150023516245133,-0.00012697101070482424,-8.937067102402517e-5,-0.0002540242451728967,-7.161785683286936e-5,-5.6789571123969286e-5,-7.513789953071761e-5,-6.478071420777047e-5,-5.7132174309221206e-5,-3.3262883717517744e-5,-4.373928997212106e-5,3.388370273484956e-6,5.870365288486735e-7,-2.2782876439382254e-16,-1.6486497535479825e-16,-2.670712278150071e-16,-1.7924009749820898e-16,1.9082608763707427e-16,-2.0175037354095465e-16,-1.1033277399589655e-16,-3.622095313668127e-16,3.534053201958916e-16,7.903616738391203e-16,-1.036223868546472e-17,-7.612790989624362e-18,0.020491414512392402,0.011326995966275373,0.08657243953823102,0.012375229635306914,0.018047310939943693,0.012603940029264621,0.03401452075289812,0.025451050700350804,0.024964389736404722,0.044821645503255354,0.023898846767544415,0.0022648415489550755,0.023785315237623842,1.9127355544840617e-15,0.008425623664531338,7.425271399939578e-16,5.1892495294424865e-16,1.5356410973967654e-16,1.139471022798399e-16,1.135251552224204e-15,1.7022263091054877e-16,9.54112086149731e-16,4.3959651128159217e-16,-1.4248378700855638e-16,-1.9775615975143112e-16,3.7387483421189987e-16,6.104861834670091e-16,-2.325690886144609e-16,7.155580475927836e-16,-0.0,-0.0,-0.0,-0.0,-0.0,-0.0,-0.0,-0.0,-0.0,-0.0,-0.0,-0.0
4.9357119327212637e-5,7.238942509714986e-6,2.391803742986706e-16,-6.948834394863378e-16,4.485917253991838e-18,-3.130886231478318e-5,3.186553331811964e-5,0.00043302756102341186,-2.8056728863999493e-5,-5.895103262533711e-15,3.8122403374331458e-6,1.3504341767973709e-6,3.645720334577399e-14,-0.0006218827127138423,-0.0006866401006528332,-3.3883978202880553e-6,2.3061455910755007e-7,-2.1032864944782743e-5,-1.2480942724289419e-6,-6.69830295977844e-7,-1.7404890192306634e-6,-2.4797537968824966e-6,-1.305677514746854e-6,-1.5338436486782673e-6,-1.8922544127403564e-6,-1.4891211611627644e-6,2.575832384771475e-8,8.587234434474438e-18,-1.716073813702279e-16,-2.0627652227166538e-16,-7.505406600799066e-17,1.262298974799614e-16,1.824705130421578e-17,-6.092999217370133e-18,-1.175286586548103e-16,9.748068227925989e-17,9.294502141168186e-17,2.2994481690299928e-17,-2.0430445572500753e-18,-5.681862791048329e-5,-4.801803361885989e-5,-0.00022878175947007592,-2.684688653595584e-5,-0.0005138058469704694,-4.1304484285885804e-5,-6.98630580952921e-5,-1.8534555699198167e-5,-0.0002555865722105547,-0.00010320827061319069,-4.375866490882167e-5,-2.194493847658089e-5,-0.00015027040924681003,1.7499180501103245e-16,-5.3231243882041805e-5,1.1608408594782615e-16,8.065074990831255e-17,-1.179899005433782e-16,4.958197487326178e-17,2.1741655852379553e-16,3.6723267154811754e-17,1.220738136693063e-16,-9.981802676124227e-17,-2.4943405975341434e-17,-1.9888783389362626e-16,8.937755781373784e-17,8.766317510913229e-17,5.22393903552583e-17,1.325067576634395e-16,-0.0,-0.0,-0.0,-0.0,-0.0,-0.0,-0.0,-0.0,-0.0,-0.0,-0.0,-0.0
0.0011634828124814053,5.135700627375285e-6,-3.210384014580198e-16,-4.462015241171358e-15,2.082246275862721e-16,-2.4401857677644142e-5,0.0010150892111875718,0.009984523613096902,-1.8759145921457132e-5,-1.4659146711706364e-14,-5.3354062346996375e-6,-1.8899949153669438e-6,3.19195027233128e-14,-0.03163536577218512,0.0008105034718439523,3.0438149878006056e-6,6.3402986670564255e-6,-3.4371324763440736e-5,1.8444586833254136e-6,2.284760674139427e-6,1.3448854755270868e-6,-3.2290586051040116e-6,4.328654562484436e-8,-1.4047099779606198e-6,-1.7098669959698383e-6,-3.796861271252711e-6,3.480961686932451e-8,2.867430805555647e-16,2.5391508460432548e-17,1.1976992566809538e-16,1.3122695927780466e-16,-9.332828680075133e-17,1.3105382894877617e-16,1.00736684403591e-16,2.1923890472766664e-16,-2.483924400854119e-16,-8.522254498738536e-16,2.694126241174422e-17,3.561757335269779e-18,-0.0013431646373828368,-0.0011177991479486052,-0.005433877116526804,-0.0006445159706107575,-0.011854978323773094,-0.0009835904166534018,-0.0016899700209977004,-0.0004940700430809964,-0.0059622566558243245,-0.0024786887632868436,-0.001111281211014673,-0.0005109871265738272,-0.0034532975102344555,4.615445350035907e-17,-0.0012232835651837522,-4.097940461935175e-16,-2.494047034740192e-16,3.7033476184984976e-16,1.0320728687364613e-16,-5.517378577435187e-16,1.3830981235426022e-16,-4.1674355502196844e-16,-2.476102957179347e-16,3.027553946290586e-16,8.525183527255711e-16,1.7208726870758985e-16,-2.157843761781224e-16,3.022727779082881e-16,-6.522592371130879e-16,-0.0,-0.0,-0.0,-0.0,-0.0,-0.0,-0.0,-0.0,-0.0,-0.0,-0.0,-0.0
0.010598547796659828,6.375062771176281e-5,-2.116724993299298e-14,4.015985196953138e-14,1.1802936887050637e-15,-0.0002850607040040672,-0.07617521999511652,0.02804023624673406,-0.00025844728020126294,-4.566664139087381e-14,-9.581091077908285e-6,-3.393970896845863e-6,-1.931683075178741e-13,-0.14049508772182182,0.0011625729589936553,-3.4285806526665286e-5,-3.755307676365721e-5,-9.051951842284918e-5,-2.7960617198921227e-5,-2.2147915384729974e-5,-2.7031147121376516e-5,-3.3817229130847486e-5,-2.6166679025228704e-5,-1.2656227674956425e-5,-1.69512248574045e-5,1.9280326138030622e-6,3.8056014489035694e-7,1.807607185258917e-15,1.5949224649310743e-15,2.348634416265745e-15,1.6077103110439939e-15,-1.4339139408151277e-15,5.686998725618657e-16,6.194805135522576e-16,2.195012390833314e-15,-2.2665149213434957e-15,-6.112319211119574e-15,-1.9137033758699665e-17,8.337502596662221e-17,0.011899921156144756,0.002777581507858707,0.04255786140460485,0.005801854441391963,0.0032929926393953984,-0.23741899845654388,-0.01305693703356572,0.004248713604741714,0.007172113122195505,-0.037159912010627016,0.02519266237913545,-0.0016289511945276826,-0.021106562611888976,-1.2638541644405864e-15,-0.007476712065534022,-3.4359589253064836e-15,-2.1275425457460528e-15,3.222096482621765e-15,1.9195782641620652e-16,-5.1796232491592444e-15,4.316222859743801e-16,-3.5662754238696855e-15,-6.973728628799897e-16,2.130792647949929e-15,6.890297559427485e-15,4.213675434434567e-16,-2.000319825041997e-15,1.5507810051194844e-15,-5.1491637697505144e-15,-0.0,-0.0,-0.0,-0.0,-0.0,-0.0,-0.0,-0.0,-0.0,-0.0,-0.0,-0.0
0.007235675018900743,8.892922753934633e-5,-2.0915208984311827e-14,5.086757191859755e-14,9.337982602075235e-16,-0.0003911780950293526,-0.07423107854216891,0.021561973284835004,-0.00036055172746457846,-8.580081827351141e-14,1.965846486068085e-5,6.9637431867006086e-6,-1.9507410520017214e-13,-0.11229086373626126,0.01662422229872725,-5.544185444947101e-5,-5.214552959450539e-5,-0.00011945020700399445,-3.901175583124877e-5,-3.1131697885634465e-5,-3.872412103965356e-5,-4.158549734359548e-5,-3.418689302615859e-5,-1.7229218334866304e-5,-2.2940705164425327e-5,3.3680242139348925e-6,4.4558915794749335e-7,1.5045069936300752e-15,1.3532425462269254e-15,1.9975171744266625e-15,1.3396482811089628e-15,-1.2204754656808196e-15,4.578122183222723e-16,5.140711069295808e-16,1.823046523604337e-15,-1.8870142176899292e-15,-5.0851077264005625e-15,-3.1263654951379954e-17,6.243482680673578e-17,0.0029723962903056285,-0.0026631890602594743,-0.01700701458225558,-0.0005730117918098524,-0.006482179700372678,-0.0033243778493780235,-0.05111341240091958,-0.009896392794137341,-0.0084268720667528,-0.08926689798413738,0.025134970793989474,-0.001249526468359989,-0.014423122675817926,-6.324977507290139e-16,-0.005109194581604972,-2.803575853102993e-15,-1.725188102130451e-15,2.8377309955629034e-15,1.7956471513828677e-16,-4.2243484710702945e-15,4.1674814290448775e-16,-2.8727952553372378e-15,-4.788609401283458e-16,1.8029420802511505e-15,5.914965167021984e-15,4.379095393665225e-16,-1.6008563861503903e-15,1.2775059101657786e-15,-4.292345854297248e-15,-0.0,-0.0,-0.0,-0.0,-0.0,-0.0,-0.0,-0.0,-0.0,-0.0,-0.0,-0.0
0.01050006344847819,6.54242254267338e-5,-2.144933571909546e-14,4.1285891827164837e-14,1.1858604057713676e-15,-0.0002922575730301899,-0.07490736492067177,0.0277186099766596,-0.00026531533030087564,-4.782310466782277e-14,-8.197573178987573e-6,-2.9038785418646362e-6,-1.9567730821915168e-13,-0.13931719955275462,0.0012660078627002636,-3.561297324551917e-5,-3.872177062790255e-5,-9.208012791828369e-5,-2.8779719308109068e-5,-2.2822182042268818e-5,-2.7851496902760073e-5,-3.446779099714176e-5,-2.6802547950680484e-5,-1.2960712586246728e-5,-1.7360562173013443e-5,2.089961741196572e-6,3.8659491581487736e-7,1.8119626263431125e-15,1.6002059273746955e-15,2.3559772847788146e-15,1.612268442406217e-15,-1.4396047405550835e-15,5.716407212593576e-16,6.214890808794379e-16,2.2017725841991715e-15,-2.2738284593828757e-15,-6.1297626002837335e-15,-2.0106038634659984e-17,8.314269913768914e-17,0.011654206719449247,0.0026950678166732783,0.04162443648093126,0.005673116177289542,0.0031771414374247462,-0.23419383256904436,-0.013011696404162472,0.004089821699037379,0.006974337029747944,-0.036825591949192577,0.024748976916260917,-0.0016154855851707344,-0.020911095620944533,-1.432636198954223e-15,-0.007407470548737531,-3.464468621293161e-15,-2.1490745402261858e-15,3.1855890583202346e-15,1.7705289595883448e-16,-5.223003584650099e-15,4.133317256939389e-16,-3.615073785021341e-15,-7.287108790951971e-16,2.1263967035424957e-15,6.856770296203255e-15,3.8556040788688187e-16,-2.0341864450910214e-15,1.5536315639970143e-15,-5.1628554681719975e-15,0.0,0.0,0.0,0.0,0.0,0.0,0.0,0.0,0.0,0.0,0.0,0.0
5.663169682084379e-7,-4.332358333985959e-6,-4.475788959162547e-16,-2.637390055519114e-15,7.366719682660418e-17,1.8126820576261233e-5,-2.0232970598295614e-6,1.4335288362044233e-6,1.716941170501482e-5,-1.4190517490230839e-15,-2.8536695462026473e-6,-1.0108735345869564e-6,7.717060666765809e-16,0.0002950189028000319,2.0723792188235223e-6,3.987795126397765e-6,2.7562732963981435e-6,3.9521639365958645e-6,2.0168236857029143e-6,1.667516538354164e-6,2.170895736756357e-6,1.2171765847445262e-6,1.4059576447193313e-6,8.067357652390033e-7,1.0098244652177685e-6,-3.2899448913648593e-7,-1.544770544831792e-8,8.538040212052399e-17,5.679406168017187e-17,7.992207433456798e-17,7.462023147667415e-17,-4.598479697136955e-17,3.0615883867019935e-17,2.947245745649099e-17,9.640536403175502e-17,-1.0080174960611372e-16,-2.953813182263849e-16,9.80910696892833e-18,1.1098093013068122e-17,-1.350527712807187e-6,-1.791289640719041e-6,-2.1304113972116593e-6,-1.4041491510960924e-6,-2.9862931610757842e-6,-1.3418727147571758e-6,-1.8586959802097356e-6,-2.4125991779178786e-6,-2.0676999520983333e-6,-2.4379432744674593e-6,1.577651691712269e-7,-1.2962339784125198e-7,1.958315714806365e-9,-6.286724925532608e-16,6.937065402005716e-10,-2.2269601049873125e-16,-1.4957905016172093e-16,-2.8035349621359234e-17,-3.0111991661782973e-17,-3.377481604417697e-16,-5.052860209522576e-17,-2.8918018066975426e-16,-1.520622027188974e-16,6.532506336383944e-17,1.1799818507124617e-16,-9.308067548939182e-17,-1.7950045414855617e-16,8.142351530311013e-17,-2.339012623285459e-16,0.0,0.0,0.0,0.0,0.0,0.0,0.0,0.0,0.0,0.0,0.0,0.0
-0.0014054698507544067,2.768690863224348e-6,-1.853490376414642e-15,2.1176950563870602e-15,1.1154669070485524e-16,-1.2811261466236952e-5,0.000598475704350281,0.02953399732951715,-1.148839808751032e-5,-2.711910068616121e-14,-1.8352184246841258e-6,-6.50101106989385e-7,-7.650365547155238e-15,-0.003973250070715688,-0.001477370677072865,-1.680852172447573e-6,-2.7519481371103454e-6,-1.2884848403026469e-6,-1.7034984256547636e-6,-1.433377390116427e-6,-1.535072275848034e-6,-1.7977220896734898e-6,-1.5547317906992416e-6,-5.426432132544891e-7,-7.554727513592715e-7,4.965765302036946e-7,2.146404920471172e-8,1.4693654031866668e-16,9.188149817198607e-17,1.3561682823179096e-16,1.2452077555073287e-16,-9.648071647805236e-17,5.446403539086886e-17,6.117387285306173e-17,1.7789123914897648e-16,-1.8198545127435715e-16,-4.886279752629644e-16,2.2597699471075198e-17,2.4131704784970216e-18,0.0003715337591845191,0.0004528550275531481,0.002287860119213998,0.00033794675190634366,0.0007842416100407741,0.017116381570643113,0.0028650204822479514,0.0011279778109431105,0.0009286714622657198,0.004994893024691891,-0.0003823788292948832,0.0002142585232567651,-0.0016390503402686518,4.6480201928967455e-15,-0.0005806112383356559,2.254208114366642e-16,2.4691684888133435e-16,1.5526415504792143e-15,4.576282077170699e-16,4.0915351563001953e-16,6.165923114655661e-16,7.726476674266027e-16,7.653075171337289e-16,4.57253627876295e-16,2.0827035174834464e-15,9.993382354393925e-16,6.516513751241184e-16,1.437729094087326e-16,-3.9260426009528195e-16,0.0,0.0,0.0,0.0,0.0,0.0,0.0,0.0,0.0,0.0,0.0,0.0
1.138150188635001e-6,-8.695445577825503e-6,-8.962544766765956e-16,-5.273367183897385e-15,1.4736649673971852e-16,3.638602953474451e-5,-3.99522085294003e-6,2.873536818606119e-6,3.4458265873211794e-5,-2.8156713345765205e-15,-5.725123310306626e-6,-2.0280468859554426e-6,1.4012777360626451e-15,0.0005899410527286325,4.161977473692134e-6,7.991427977214037e-6,5.513464958553852e-6,7.987833190973053e-6,4.039780255549141e-6,3.3387140194079603e-6,4.349939262345081e-6,2.444582038962434e-6,2.817816798676848e-6,1.6198955593925505e-6,2.0275869618959553e-6,-6.524895823316782e-7,-3.100191255711574e-8,1.7079159800518681e-16,1.1432423330639857e-16,1.6074714768661892e-16,1.4959294798503082e-16,-9.252517736690086e-17,6.118422564765649e-17,5.899401063728954e-17,1.933617253728824e-16,-2.020761913230658e-16,-5.913600035473119e-16,1.9528368629660355e-17,2.2207542473238328e-17,-2.7082651331231196e-6,-3.585679714163367e-6,-4.293753259136121e-6,-2.813726654572888e-6,-5.982048533344326e-6,-2.690404344706417e-6,-3.73343279664597e-6,-4.83836322654622e-6,-4.152217940159964e-6,-4.896160738114678e-6,2.961772670756251e-7,-2.6050668791532333e-7,3.92410077066739e-9,-1.2581824489751815e-15,1.3900589910615998e-9,-4.45993659312161e-16,-2.995687728968036e-16,-5.551239174294904e-17,-6.041881501690496e-17,-6.765701907135291e-16,-1.0119550233281994e-16,-5.78999845967824e-16,-3.0377621428975157e-16,1.30821365616522e-16,2.370079427202431e-16,-1.8652216786622192e-16,-3.5944002990665727e-16,1.6269657928068126e-16,-4.685191818247888e-16,0.0,0.0,0.0,0.0,0.0,0.0,0.0,0.0,0.0,0.0,0.0,0.0
-1.3419287377891617e-6,7.414079450212279e-6,2.49354701031095e-16,-4.885269428855849e-16,-4.1473252485524286e-18,-3.1969848461006685e-5,-1.2877262844465496e-5,-1.5361826078257075e-6,-2.8801175632764626e-5,-5.650736546296877e-15,4.272840629576632e-6,1.5135955511388366e-6,3.656182445716814e-14,3.9407493096700465e-5,-4.172990810160345e-6,-3.7298975026096847e-6,-8.487132213268444e-8,-2.055466688109859e-5,-1.4197416295078948e-6,-8.283407388778978e-7,-1.912650948411881e-6,-2.4796650579993294e-6,-1.3940105324382157e-6,-1.5551000019947841e-6,-1.920928510162758e-6,-1.3843327355612121e-6,2.5673551002684662e-8,-3.2122233705858257e-18,-1.8004937488052684e-16,-2.203362009140314e-16,-8.374823526864226e-17,1.3573102321901457e-16,1.3412831552829957e-17,-1.0671908438197511e-17,-1.3196682893654897e-16,1.1227048627145459e-16,1.3313957604247977e-16,2.2847036064238262e-17,-2.24576130150074e-18,1.7221278829325233e-6,6.775780006017274e-7,8.076006247701702e-6,1.2764725928997572e-6,2.196995241035105e-6,1.5856452337367696e-6,3.891197955665746e-6,3.147374234350031e-6,4.073541254815086e-6,4.913510760775795e-6,4.819598953563627e-6,3.0647721334439913e-7,-1.7550473163502292e-9,1.7548484278916518e-16,-6.217014507595576e-10,1.3798420688598938e-16,9.431322586984607e-17,-1.4026048570701868e-16,4.687020519135275e-17,2.4939855106850395e-16,3.175279602331039e-17,1.4393318808096844e-16,-9.447795150088667e-17,-3.917217979117079e-17,-2.4534720022508035e-16,8.485889108840585e-17,9.982877389770761e-17,4.1641390204234757e-17,1.659960163917916e-16,-0.0,-0.0,-0.0,-0.0,-0.0,-0.0,-0.0,-0.0,-0.0,-0.0,-0.0,-0.0
-0.0014298368868984525,-1.6880391162193381e-6,-2.2772294059037177e-15,-5.784374777566187e-16,1.840120062118678e-16,5.857663693026593e-6,0.0006029518492706278,0.029938895184887595,6.187828882450923e-6,-2.866881075548154e-14,-4.779775082864792e-6,-1.6931701619861336e-6,-6.806913426857107e-15,-0.003659044906332263,-0.0015046810642911901,2.377663781257991e-6,5.487964614383408e-8,2.889826457410774e-6,3.5810914809857325e-7,2.680930007161871e-7,6.818347751606522e-7,-5.270058710400097e-7,-1.0871431254157006e-7,2.879755459471674e-7,2.8636943346012074e-7,1.7087161034132573e-7,5.555711166713163e-9,2.308042004292101e-16,1.476783367078832e-16,2.1397688397070716e-16,1.9800414128210302e-16,-1.4166086125037507e-16,8.449768226880469e-17,9.0278070268604e-17,2.729627883367717e-16,-2.812486250453764e-16,-7.789856079210453e-16,3.2586959872703773e-17,1.3321067494130999e-17,0.00037908715026510137,0.0004600726955691228,0.0023348336619157654,0.0003437215352358427,0.0007966846601959425,0.017400064188169313,0.002915154424384492,0.0011477458506184955,0.0009453677441419525,0.005081600296644465,-0.0003852107338508687,0.00021805557734873237,-0.0016514252090398696,4.105788597409608e-15,-0.0005849948668949161,1.4400993315085144e-17,1.064702902065305e-16,1.5461371685892483e-15,4.349814466865791e-16,8.986698903821733e-17,5.760576228581306e-16,5.052843491533931e-16,6.294625442916026e-16,5.26075460468259e-16,2.2235946127699792e-15,9.232358138526848e-16,4.8806466392138125e-16,2.239182172159761e-16,-6.225010030985461e-16,-0.0,-0.0,-0.0,-0.0,-0.0,-0.0,-0.0,-0.0,-0.0,-0.0,-0.0,-0.0
1.3571156246472115e-6,7.380022810839734e-6,2.441577296025105e-16,-4.898191283182777e-16,-3.4828914055634786e-18,-3.182917811535332e-5,-7.475406750807725e-6,0.00013430993678562874,-2.8663430140522176e-5,-5.635564402818378e-15,4.204539495584342e-6,1.489400805528495e-6,3.6518687262140083e-14,-0.0001023492284398554,3.824524479411573e-6,-3.7045170875436974e-6,-7.705643883433743e-8,-2.048494358642535e-5,-1.4100155213254783e-6,-8.212436609897119e-7,-1.9009790857517086e-6,-2.4718266284357e-6,-1.3873097918259078e-6,-1.5489237102530652e-6,-1.912863194658623e-6,-1.3819380212322954e-6,2.5662125106011922e-8,-2.348395118293348e-18,-1.7936874725692163e-16,-2.1930962116343388e-16,-8.300466774365705e-17,1.350237774084352e-16,1.3760586869620209e-17,-1.0317195287198801e-17,-1.30841383198519e-16,1.1113193965965197e-16,1.3026038718991966e-16,2.289713495987724e-17,-2.254143889745419e-18,-2.725966509668174e-6,-1.8376478866505802e-6,-9.97436967847141e-6,-1.3341910589837433e-6,-1.8731444033203774e-6,-1.179241614205983e-6,-3.5622424789479973e-6,-2.621230925407851e-6,-1.4649005899194588e-6,-5.552315092788536e-6,-5.16470519469183e-7,-3.0783294529978557e-7,-2.344712246432729e-5,1.9576644565031568e-16,-8.305823484943493e-6,1.3849636370594589e-16,9.508816994770547e-17,-1.3296522213057963e-16,4.8858444727963465e-17,2.5045155988043943e-16,3.4516050154157646e-17,1.4681523373210665e-16,-9.112555558986791e-17,-3.690582825609558e-17,-2.3528494473212463e-16,8.925670064002839e-17,1.0237009922010008e-16,4.243461532865674e-17,1.6356089031299018e-16,0.0,0.0,0.0,0.0,0.0,0.0,0.0,0.0,0.0,0.0,0.0,0.0
-0.002401276036745623,-1.3864879040224718e-5,8.790525389696538e-16,-7.929148027399846e-15,-2.5845438756871567e-18,5.9817437132279864e-5,0.00041414741918445095,0.00870894457864636,5.488274142075227e-5,-9.962846629321259e-15,-2.508033667041245e-6,-8.884367388976963e-7,8.636146135130902e-15,0.008282864565241039,0.0010482755655119233,9.87142529129048e-6,7.217713730850326e-6,1.9217663300062376e-5,5.716795418205771e-6,4.5529129014923025e-6,6.051641546576414e-6,5.323672985078223e-6,4.670183339358493e-6,2.7284729168344607e-6,3.4635529762683136e-6,-2.1280798164837724e-7,-6.63700420668079e-8,-3.950929689934039e-18,1.6435758550911376e-18,-1.53738407356416e-17,1.3255398301991726e-17,1.6024622116811662e-17,-4.450229892264488e-18,2.0251804976756896e-18,5.954119067150586e-18,-2.2187559133546627e-19,2.195158478826693e-18,9.607257274534395e-18,1.0896777454427322e-17,-0.00042804284060305673,-0.0004756997967936952,-0.0031062925276900497,-0.0004354136871903717,-0.0005667892605254578,-0.01003088540184708,-0.0016675422907946299,-0.0002113456723281694,-0.000670031004479063,-0.0006370359680728896,0.00019005105649644302,9.525000900280589e-6,0.0028644964724306517,1.466829243299218e-15,0.0010147088244977997,1.516010957821155e-16,1.2481076802929888e-16,3.9670136987011693e-16,1.4739817718507686e-16,2.3989092161812433e-16,1.7088762850211442e-16,3.386261338810944e-16,2.560508013722297e-16,9.57495025306924e-17,4.831577326069348e-16,3.1268433594847443e-16,2.6063156504626735e-16,2.380386437769433e-18,3.213208184695727e-18,0.0,0.0,0.0,0.0,0.0,0.0,0.0,0.0,0.0,0.0,0.0,0.0
-0.0030697522684212906,-4.38820651894366e-6,-5.228317350059959e-15,-1.91588113755092e-15,3.865060050920168e-16,1.6037775584317905e-5,0.0023576241381620287,0.03017354039124672,1.5169061713262476e-5,-3.8695048779102794e-14,-2.376322367472559e-6,-8.417798037834721e-7,-2.0071784790915743e-14,-0.016519863102711734,-0.004184635781920973,6.539713307424835e-6,1.8097724096270833e-6,3.169709438206548e-6,1.6533506189705246e-6,1.4210405635044116e-6,2.4443305916264674e-6,-8.4869625504089e-7,4.0989408375713555e-7,8.561427125669925e-7,7.929266637816475e-7,-5.407729812350756e-8,-9.448048014002854e-9,5.258943857606626e-16,3.587199235845195e-16,5.177271857831649e-16,4.537322906648122e-16,-3.183530494856102e-16,1.9939168730691462e-16,1.9116040911483154e-16,5.968751578778291e-16,-6.199800234514195e-16,-1.7361079390394332e-15,1.8468910175761877e-17,3.9810437557194543e-17,0.0008095077782491649,-0.00020382487844259855,0.00858544768805976,0.0003464920607621543,0.0005980689609541447,0.03691971724843017,0.006580836639952719,0.0025624755277610335,0.0021463400199646064,0.012573860792679147,-0.0008759205100386754,-0.0005038824627027019,0.0008690199735205228,1.951082486209081e-15,0.0003078384785187102,-7.377995761668113e-16,-4.121256467717401e-16,1.4502712276367326e-15,3.2076724339472795e-16,-1.0491287292750084e-15,4.105320863018003e-16,-4.87797674757917e-16,8.939508040206942e-17,7.597281913248298e-16,2.6314572354315788e-15,6.292574925935122e-16,-1.4021243075320912e-16,4.887103539715148e-16,-1.4179707963784994e-15,-0.0,-0.0,-0.0,-0.0,-0.0,-0.0,-0.0,-0.0,-0.0,-0.0,-0.0,-0.0
-0.0011331711464150902,-5.090855938277081e-6,-2.702710254064205e-15,-2.2035431272648746e-15,2.279897429201797e-16,2.0176993956889567e-5,0.001331147586676752,0.01595598562159061,1.933566395296375e-5,-1.4210485236916276e-14,-4.677940490093692e-6,-1.6570966467676512e-6,-9.892495276386736e-15,-0.011583188132082414,-0.004213440475987976,5.803662041318239e-6,2.6704722751599825e-6,4.6129784569116475e-6,2.1367696118670572e-6,1.7839128713911577e-6,2.607914566655342e-6,4.324681265755494e-7,1.1350711457336955e-6,9.494026304263027e-7,1.0782441014115734e-6,-2.3250035103228183e-7,-1.1893764150914932e-8,3.049467207522262e-16,2.1139681737286464e-16,3.05907106299167e-16,2.6332287949032947e-16,-1.8810726453317422e-16,1.157142986925796e-16,1.1035900757599256e-16,3.4922739437284713e-16,-3.6213986860992377e-16,-1.0102120919233923e-15,1.0911905797381329e-17,2.2717300694069128e-17,0.0015588516055289802,0.0006219575365134234,0.012215066845938522,0.0010112632168296322,0.001612919337074209,-0.012243473340775381,0.008568917575857884,0.003191636696639432,0.003166431097826625,0.01362489267121881,-0.0005719747034575178,-0.0002988025646278881,-0.0003837899141102993,8.54310745793671e-16,-0.0001359523449756644,-4.599268762987537e-16,-2.64714458664989e-16,7.676905309243023e-16,1.5929445322684964e-16,-6.616066853934488e-16,2.0362117968554015e-16,-3.4771849876039934e-16,6.806998213011373e-18,4.2295820812206756e-16,1.438234189749707e-15,3.0506801314596478e-16,-1.309695203722793e-16,2.8253679938663465e-16,-8.267422607640323e-16,0.0,0.0,0.0,0.0,0.0,0.0,0.0,0.0,0.0,0.0,0.0,0.0
0.0006841493543259762,-8.964482427743898e-6,-6.828360037081531e-16,-3.0150586925318834e-15,1.236965362814828e-16,3.758916992683626e-5,0.0007321685983298685,0.006384244524236101,3.585701284245801e-5,1.0512156627588772e-14,-9.963907947081327e-6,-3.5295785575093396e-6,-3.0280751407758567e-15,-0.01681247827175753,-0.0008730353202868222,7.362246049300931e-6,4.273785198946517e-6,1.2473031444747963e-5,3.5344388519701763e-6,2.8193996791660776e-6,3.897295106617396e-6,2.5378408532536664e-6,2.5430209444635085e-6,1.6667661509655882e-6,2.131994824741293e-6,-1.409079688905258e-7,-2.2691756141035433e-8,1.575038311620484e-16,1.221654596475426e-16,1.7983309921135195e-16,1.3679179736090015e-16,-1.1188126191941206e-16,6.229585827135638e-17,5.756338110994363e-17,1.9089470288254656e-16,-1.9630660202755135e-16,-5.282420573936285e-16,2.510932400039543e-18,9.301488915601536e-18,-0.0006798561506641312,-0.0006120000753695968,-0.0024206037064256904,-0.0004830205551649042,-0.0008851675162253915,-0.004380595814388549,-0.0016088666029799867,-0.001016381872460136,-0.0009368170097415042,-0.0023092553151442484,-0.000629291617488534,-0.00027087330269976665,-0.0021105652630905914,1.1373890568175588e-16,-0.0007476389717175957,-2.812322848970676e-16,-1.7138762368764266e-16,3.2035214410466696e-16,4.6071857622254835e-17,-4.159616352696651e-16,6.4647607389221e-17,-2.6334765443145755e-16,-4.025177597887635e-17,1.9807766157779679e-16,6.498333733272147e-16,8.285807393891612e-17,-1.3332355085848968e-16,1.426177019491139e-16,-4.417544844475831e-16,0.0,0.0,0.0,0.0,0.0,0.0,0.0,0.0,0.0,0.0,0.0,0.0
0.00945005232480244,5.89120109606916e-5,-1.9310100406602402e-14,3.7171295528925344e-14,1.0675085482174522e-15,-0.00026316352193476013,-0.06741662940210154,0.024946738926623194,-0.00023890623018890753,-4.308186395337285e-14,-7.360840634576844e-6,-2.6074774450965442e-6,-1.7613698060719243e-13,-0.12538526665231223,0.0011393906391171512,-3.207089166403979e-5,-3.486484785038984e-5,-8.291816160601287e-5,-2.591395162905015e-5,-2.0549552901607896e-5,-2.5078813849844778e-5,-3.103387733582684e-5,-2.413276678375001e-5,-1.1670452526514899e-5,-1.563221594663405e-5,1.8813013846948641e-6,3.480600973505889e-7,1.6310832193611279e-15,1.440366855897733e-15,2.1206628085647653e-15,1.4512862436873385e-15,-1.2958226695385307e-15,5.1459522499416e-16,5.594470433274492e-16,1.9819147610098033e-15,-2.046792718680549e-15,-5.51782093150258e-15,-1.8085918834805764e-17,7.484511133842107e-17,0.010488793555785926,0.002425571717372145,0.03746201321234718,0.005105813542935501,0.0028594450419850022,-0.21077444096236828,-0.01171050835073602,0.003680857936732936,0.00627691827933358,-0.033143013441724496,0.022274082763305735,-0.0014539359752648619,-0.0188199860514786,-1.2913728457860506e-15,-0.006666723491252536,-3.1187704660811125e-15,-1.934668063824089e-15,2.866999712252035e-15,1.5924425927668012e-16,-4.701813653069182e-15,3.7186941719460307e-16,-3.2545539087751543e-15,-6.563648463260854e-16,1.914003477999606e-15,6.1715837145745035e-15,3.4672298968726127e-16,-1.831379470527894e-15,1.3985620899333348e-15,-4.647388054120648e-15,-0.0,-0.0,-0.0,-0.0,-0.0,-0.0,-0.0,-0.0,-0.0,-0.0,-0.0,-0.0
0.02053426585910669,0.00016602635069076397,-4.393932982196675e-14,1.0083409286323272e-13,2.3334250433694957e-15,-0.0007344961089153181,-0.06098069403471583,0.04489314835335724,-0.0006701338936378027,-8.453310728257488e-14,7.3393859300069245e-6,2.599877441158477e-6,-3.1576809187469985e-13,-0.24888589626327956,-0.021958499623275243,-9.778586767018082e-5,-9.278396592181199e-5,-0.00023890521275750078,-7.086040782513786e-5,-5.6064662117192614e-5,-7.037537855020156e-5,-8.024975747859051e-5,-6.378207195948924e-5,-3.274697702385126e-5,-4.3340104994097084e-5,3.836866209205763e-6,8.974149726967014e-7,3.3483684560581523e-15,2.5683278049435547e-15,3.901586015690444e-15,2.7868351219699354e-15,-2.4492630371578183e-15,1.1940178749281675e-15,1.1531427820296694e-15,3.836597437157712e-15,-4.026166885879211e-15,-1.1090022009548862e-14,-4.2318004059689004e-17,1.0717649786421776e-16,0.0165854503330508,0.005924113836092412,0.09196128410163554,0.009947642011283472,0.009779371898539013,0.007222729299178251,0.02514042351865873,0.013818952543408541,0.019060333696159885,0.014868711038161495,0.016908602585910933,-0.0031348996187193718,-0.04090584527547078,-8.109199517237777e-15,-0.014490338031153604,-6.829009711875491e-15,-4.364789957766439e-15,3.96617358132413e-15,-1.21918228367479e-16,-1.0191356672663772e-14,1.6306875688311504e-16,-7.826988493159584e-15,-2.6567342454419862e-15,3.493214891784065e-15,1.0282655255233645e-14,-4.222908569297848e-16,-4.594718462394857e-15,2.9420868254453564e-15,-9.206201302663865e-15,-0.0,-0.0,-0.0,-0.0,-0.0,-0.0,-0.0,-0.0,-0.0,-0.0,-0.0,-0.0
-0.011982721306010037,0.00018028113413204007,-1.4718672276300777e-14,7.168536930113685e-14,-3.789680718389602e-16,-0.0007729991069150119,-0.05365192419676595,-0.016490143624899315,-0.0007290215229429261,-2.969081420756857e-13,0.0001546718721356384,5.479040214550185e-5,-1.1912516951652807e-13,0.15100390760796448,0.005297850459114983,-0.0001294334757176267,-9.11977277433443e-5,-0.0002590960050475417,-7.306911581949875e-5,-5.793980487105077e-5,-7.664835461484712e-5,-6.615937342010601e-5,-5.8320080567174355e-5,-3.39407923111206e-5,-4.462510884660133e-5,3.4537915602611934e-6,6.011141676720611e-7,-2.114797888311201e-16,-1.7003041627148443e-16,-2.712869879995586e-16,-1.7217735223924233e-16,1.9382607284158387e-16,-1.944807627090224e-16,-1.0610886556936992e-16,-3.578587828440186e-16,3.4547571688220114e-16,7.5016213262332e-16,-9.137438549682952e-18,-7.167763518934942e-18,0.02049234099289858,0.011328260610870396,0.08657473543904654,0.012376287104391696,0.018049431965310718,0.012604936316647105,0.03401652118280187,0.025453141839030923,0.024966133984013452,0.04482385154028226,0.023899206327351794,0.00226496048018895,0.02378531548131464,1.836854206409642e-15,0.008425623750855465,7.174265454198714e-16,5.025527707102441e-16,1.42667608008419e-16,1.1260479285727293e-16,1.1019035972526615e-15,1.6657413319804848e-16,9.176408541384729e-16,4.0693614274786514e-16,-1.3245346816245167e-16,-1.9041199768841278e-16,3.684196503302505e-16,5.897921255488195e-16,-2.1390047849386347e-16,6.885274045181407e-16,0.0,0.0,0.0,0.0,0.0,0.0,0.0,0.0,0.0,0.0,0.0,0.0
5.2922767019261e-5,6.631060810239125e-6,2.0930705605448904e-16,-7.586984877064104e-16,5.057514821880208e-18,-2.867400266871031e-5,4.51965706274592e-5,0.000504757819403662,-2.5665876107694166e-5,-4.676165106743537e-15,3.4424797955361186e-6,1.219451545542883e-6,3.6405032605785125e-14,-0.0006299281479389526,-0.000738243942310151,-3.102199484983156e-6,2.8751010838327937e-7,-1.944686625499729e-5,-1.1116237384124375e-6,-5.831565505041096e-7,-1.5749813902521236e-6,-2.247428075134772e-6,-1.1679762877020077e-6,-1.4089370028809845e-6,-1.7333278736205033e-6,-1.3950660242284757e-6,2.3577009880140133e-8,8.469131384785791e-18,-1.708315158644882e-16,-2.067795920102166e-16,-7.354421946114956e-17,1.2730155217089007e-16,1.806841721754263e-17,-6.3725330193065015e-18,-1.1764938150509285e-16,9.758539200776405e-17,9.389206283673162e-17,2.3010800562262272e-17,-1.5590750454034292e-18,-5.220802433961046e-5,-4.787801300899313e-5,-0.00018392933921081587,-3.7047783677311094e-5,-6.803732046295507e-5,-0.00034581508572457064,-0.00012373636161656872,-7.749503148212577e-5,-7.02520920797603e-5,-0.00017825700410031693,-4.509493542588625e-5,-2.117635151943515e-5,-0.00016736959908992006,1.895932110299402e-16,-5.928839877561698e-5,1.17586947800631e-16,8.199523081751252e-17,-1.1477848110188763e-16,5.077631766728695e-17,2.1924094796135876e-16,3.7210573250236667e-17,1.2555063712183524e-16,-9.634285638717169e-17,-2.4101447242344495e-17,-1.950757459677053e-16,9.213975938132525e-17,9.080031886286414e-17,5.2208549052445325e-17,1.3304177931073105e-16,-0.0,-0.0,-0.0,-0.0,-0.0,-0.0,-0.0,-0.0,-0.0,-0.0,-0.0,-0.0
0.0006285457203583259,-7.796828520302809e-7,-3.85628035219838e-16,-3.2286392574957106e-15,1.09656468562451e-16,2.381442081081322e-6,0.000661252484324444,0.0058764169666824595,3.9708656576839645e-6,3.9435770764323645e-15,-4.865082955767063e-6,-1.723389306448084e-6,3.364394232183635e-14,-0.016105904574934937,-0.0001431285995977329,3.0029048995146112e-6,3.8131021448647746e-6,-9.138464946267011e-6,1.807256424074689e-6,1.7454029785970575e-6,1.647704873793481e-6,-1.658711666044887e-7,9.259428497346741e-7,-3.17483925941095e-8,2.72711455156039e-8,-1.5104375784125543e-6,5.019891397996102e-9,1.4176795126644985e-16,-6.734463153107169e-17,-5.44812998586768e-17,4.226552427410281e-17,3.2521601564610515e-17,7.072269080427412e-17,4.2319276462833616e-17,4.390443772045783e-17,-6.855867119012378e-17,-3.5319745090832557e-16,2.5084677661143872e-17,6.2854146205972714e-18,-0.000624204961948759,-0.0005627664096742932,-0.0022205407850084172,-0.00044342122165246867,-0.0008127370614050564,-0.0040316111485892425,-0.001477359371282808,-0.0009325988210902829,-0.0008584250770026957,-0.0021211815792981856,-0.0005745696668396117,-0.00024908464053680616,-0.0019431991907697304,2.8075910008798364e-16,-0.0006883518222515715,-1.2093779259065294e-16,-6.347591847082235e-17,1.5504795912421e-16,8.925058477754612e-17,-1.335929798748028e-16,9.133791885932848e-17,-9.847603396360582e-17,-1.3123794739132888e-16,1.4324642007170922e-16,3.5339442979976916e-16,1.6116188988433105e-16,-2.2898139100158163e-17,1.7282369188017526e-16,-2.407996595101003e-16,-0.0,-0.0,-0.0,-0.0,-0.0,-0.0,-0.0,-0.0,-0.0,-0.0,-0.0,-0.0
0.006016018991969203,0.0001362074639958159,-2.6138458101124808e-14,7.139961205617462e-14,9.877741798432982e-16,-0.0005952090012907733,-0.0895367023193161,0.020954460007308093,-0.0005513583114262388,-1.71067502111907e-13,5.2038564406006766e-5,1.843395203512487e-5,-2.335642706677527e-13,-0.13003694084817594,0.050336989685117094,-8.778936004863962e-5,-7.564272162004965e-5,-0.00018986578356176465,-5.7979333458684075e-5,-4.609164731070069e-5,-5.850615606733077e-5,-5.996104533145567e-5,-4.979765710344315e-5,-2.6255661698378313e-5,-3.479159222606253e-5,3.928330551015865e-6,6.229443775013817e-7,1.653501686020846e-15,1.4095876247899158e-15,2.0965910515534614e-15,1.4424050405088342e-15,-1.2850385674506074e-15,4.867655034474617e-16,5.545715151748924e-16,1.9370613139320982e-15,-2.008790817756421e-15,-5.5270920078132634e-15,-2.635339268195349e-17,6.628346738194516e-17,0.01884345604733989,0.005849175391687847,0.06121546183020539,0.009677377134945772,0.014439004296111505,0.009284859611148626,-0.2981091832475456,0.01591276516182839,0.023182639484214434,-0.018317775810503704,0.03076181506288467,-0.0007550987624031701,-0.012011132278631823,-5.325861971840226e-16,-0.004254779865376812,-2.9944472207525793e-15,-1.8336604349062887e-15,3.0842910618835424e-15,2.1381071139783538e-16,-4.488384326752411e-15,4.886747621000899e-16,-3.0669708694005032e-15,-5.452636410134784e-16,1.9745947831811908e-15,6.431618141309122e-15,5.316203827541985e-16,-1.69779593524111e-15,1.4199086940238082e-15,-4.630192965960966e-15,0.0,0.0,0.0,0.0,0.0,0.0,0.0,0.0,0.0,0.0,0.0,0.0
0.0064333568562806994,8.72884681259815e-5,-2.018060417722937e-14,5.073077957343016e-14,8.614242412759206e-16,-0.00038336602290143574,-0.07371049959597323,0.020010550325444312,-0.0003543341813358981,-9.262640477911158e-14,2.2282760142910203e-5,7.893364015136331e-6,-1.909370977148228e-13,-0.11090384576827075,0.025821659758248135,-5.582124959468974e-5,-5.271026208917844e-5,-0.00011243160653640602,-3.896852847022282e-5,-3.123911316324505e-5,-3.8643669896553196e-5,-4.04079446885517e-5,-3.377172999447798e-5,-1.6818644452124753e-5,-2.2419668022014993e-5,3.9997184260950334e-6,4.3107442799006407e-7,1.4074527650595031e-15,1.270220539680013e-15,1.874571562747626e-15,1.2564815145097888e-15,-1.1440053587672588e-15,4.221467544733363e-16,4.794028023664689e-16,1.7050441385257166e-15,-1.7620967885468225e-15,-4.7550569641448694e-15,-2.990150173591956e-17,5.824350476889634e-17,0.006597175698859093,-0.00200430325000489,-0.015947454213608128,0.001199784275966911,0.005139723430029618,0.0020093052313238857,-0.10071953143248606,-0.00020925398560713335,0.009115496881951003,-0.07199553866190159,0.023779218476855993,-0.0010257578419639324,-0.012826100041319722,-3.1946621909953345e-16,-0.004543471085086529,-2.590430722444827e-15,-1.5867890913205187e-15,2.734107326794604e-15,1.8822878989490982e-16,-3.9027615915111175e-15,4.2163262980690764e-16,-2.6238260395014216e-15,-3.924271370485464e-16,1.704645411708865e-15,5.628501671463392e-15,4.662858791397486e-16,-1.451468150976503e-15,1.1958853210445302e-15,-4.016101053784419e-15,0.0,0.0,0.0,0.0,0.0,0.0,0.0,0.0,0.0,0.0,0.0,0.0
0.006334945848685099,0.0001076733704512299,-2.2436181047354474e-14,5.880587529273155e-14,9.260148797362423e-16,-0.0004717192427195633,-0.07365615910261507,0.019820357019116434,-0.00043604698408084626,-1.2894975159214903e-13,3.433935712400967e-5,1.216424913833935e-5,-2.0171598072106207e-13,-0.1305025830077735,0.04677096963000362,-6.849746865633491e-5,-6.0898839067139376e-5,-0.00014844406459222896,-4.629671184338405e-5,-3.6845966805886146e-5,-4.644389169561742e-5,-4.8494010156522155e-5,-4.0084078790493875e-5,-2.0805732129250662e-5,-2.7610230280164832e-5,3.403853900885185e-6,5.105809024999044e-7,1.5051208991601271e-15,1.286056057312624e-15,1.9129864180417485e-15,1.3138997087490699e-15,-1.1763083756413187e-15,4.568794885982713e-16,5.087235134772804e-16,1.7765802445209908e-15,-1.8403202729321402e-15,-5.040288557397878e-15,-2.4054411020692092e-17,5.989581593299336e-17,0.0146844174970194,0.00411781849991895,0.0459238151261922,0.007377539386639526,0.011045369793864248,0.00701322942861686,-0.2641533279224416,0.011677669878110301,0.018088377667460614,-0.02002980396781792,0.02482011379282467,-0.000862753173969607,-0.012636869038481076,-8.684725054500932e-16,-0.004476438582063117,-2.784580269451326e-15,-1.716323578199338e-15,2.701034400509566e-15,1.6139849057507876e-16,-4.17758985356586e-15,3.976284026817523e-16,-2.894243710086567e-15,-5.6573773323302485e-16,1.7742510477897551e-15,5.732852559622373e-15,3.9467107198958985e-16,-1.618676901524216e-15,1.293743414377241e-15,-4.2268797098762985e-15,-0.0,-0.0,-0.0,-0.0,-0.0,-0.0,-0.0,-0.0,-0.0,-0.0,-0.0,-0.0
-4.1213161398826087e-7,8.902180437734581e-7,-1.0366439021913335e-16,-1.1199324363841196e-15,8.53518681408691e-17,-4.6153512421660505e-6,-1.0807898791394648e-5,2.6698563184143964e-7,-3.3713765311294975e-6,9.718730705148458e-15,-4.7211541417224166e-8,-1.6724043843823664e-8,-6.390358140265331e-16,0.00025047975428981123,-9.70326029559129e-7,1.8229505589690525e-6,2.600255438449862e-6,-1.0720781482671185e-5,9.91756831061509e-7,1.072883162915029e-6,8.911400530680281e-7,-8.567337676623473e-7,2.767624942137074e-7,-2.811015661982697e-7,-3.7415377440319264e-7,-1.282812890940489e-6,4.035134115443778e-9,1.0663259547351677e-16,4.46097023602963e-17,8.97993546995085e-17,6.95956488096374e-17,-6.23000589542997e-17,4.7290477471933125e-17,4.1039900562229484e-17,1.1147489800272535e-16,-1.1488671891524647e-16,-3.572705478090444e-16,1.0540184151568002e-17,7.542665777872362e-18,-2.3436089152133154e-7,-1.2443649435938661e-6,3.5971344667304797e-6,-4.720638733589465e-7,-1.4258338558145806e-6,-2.487233431123622e-7,1.2746779304683906e-6,8.026478557663499e-9,7.819709432898539e-7,1.1150282615907987e-6,3.46819720759262e-6,1.0011142470356657e-7,2.3713433421403333e-9,-7.698074685196137e-16,8.40015920682211e-10,-2.6970208655873096e-16,-1.820847942732177e-16,-4.94346397919478e-17,-4.887016604810412e-17,-4.02457356953885e-16,-5.0603380940954336e-17,-3.688408592677891e-16,-1.9892867023215812e-16,7.10526933717806e-17,1.107612649549578e-16,-1.2843522512196144e-16,-2.374696573829425e-16,1.1249620731918383e-16,-2.8511889990657346e-16,0.0,0.0,0.0,0.0,0.0,0.0,0.0,0.0,0.0,0.0,0.0,0.0
-0.0014979227265089004,5.663419591689384e-6,-1.974438582157502e-15,3.548385714930226e-15,1.720005154393193e-16,-2.5986937896646745e-5,0.001043845945443535,0.04366512417538411,-2.2606455473890534e-5,-1.7097265835122143e-14,-4.062889640415053e-6,-1.4392232645762336e-6,-1.173652093506805e-14,-0.008631074981217905,-0.0064059711557342015,-2.1521612080186595e-6,-2.5268835726092835e-6,-1.0806894693084037e-5,-2.130742411238503e-6,-1.6086486015348462e-6,-2.071900089458076e-6,-3.3720274946809536e-6,-2.280864713225324e-6,-1.2098111581025292e-6,-1.5898876721804813e-6,-2.3891306108612573e-7,4.116586735355625e-8,2.3220363742891016e-16,1.3191313172597492e-16,2.223617702943303e-16,1.7673103381016218e-16,-1.666372292944201e-16,9.618751328107716e-17,1.004573399439124e-16,2.798622824696917e-16,-2.8373432766150797e-16,-7.659249771685548e-16,2.940863417396731e-17,-2.4540377118676443e-18,8.67875051095998e-5,0.00042411432270432947,0.002234920858203414,0.000227011486181983,0.0002082707361303302,0.0002193229264762821,0.028796196181478086,0.0006728855352999772,4.412210124608347e-5,0.005107649151449151,-0.0007113529949493428,0.0002130232031666367,-0.003431716860957696,6.777616013363125e-15,-0.001215638914379929,2.955422376990524e-16,3.381724250760341e-16,2.2886952685803675e-15,6.5670178812185e-16,5.505721604393746e-16,9.142660295474848e-16,1.0768011820633488e-15,1.1049160744847406e-15,6.7849277654809e-16,3.0789613962037414e-15,1.4464259000584024e-15,9.11948080189564e-16,2.338981646087084e-16,-6.257237797676641e-16,0.0,0.0,0.0,0.0,0.0,0.0,0.0,0.0,0.0,0.0,0.0,0.0
-7.119353813837811e-7,1.1350341077788801e-6,-2.3149175268754243e-16,-2.2170410299802777e-15,1.725986598793299e-16,-6.4615443452577455e-6,-2.066097703613735e-5,6.758216850811319e-7,-4.233937725140323e-6,2.011028909308827e-14,-4.7634853946137503e-7,-1.687399747595748e-7,-4.512824764220573e-15,0.0005019612761300677,-1.5857656841419358e-6,4.011137139636496e-6,5.254736366488011e-6,-1.980015414003798e-5,2.127949918240805e-6,2.2388969749319634e-6,1.968848135604233e-6,-1.5075140715977205e-6,6.828912193582238e-7,-4.28525205668234e-7,-5.836507771198739e-7,-2.4651454851437415e-6,5.851933282181044e-9,2.154550083836215e-16,1.06038670267274e-16,2.0080360746424298e-16,1.4789013739390723e-16,-1.3778418186739918e-16,9.422972716388188e-17,8.376065089419045e-17,2.3668114546986555e-16,-2.418143633275769e-16,-7.327666216767905e-16,1.9236877669755333e-17,1.5421609297082143e-17,-6.26508473340671e-7,-2.5715076575747885e-6,6.538338722120953e-6,-1.0664692392920262e-6,-3.073215925787908e-6,-6.433426629946998e-7,2.22495821764513e-6,-2.646341203465808e-7,1.2145943843219612e-6,1.8117115753210017e-6,6.568680487309053e-6,1.7467384187737062e-7,4.941160496861807e-9,-1.5689745811069658e-15,1.7503384697919835e-9,-5.564960118476558e-16,-3.75811356227051e-16,-8.727192803253893e-17,-1.0277872944082496e-16,-8.342903770317178e-16,-1.0493834776642859e-16,-7.570683112924924e-16,-3.9300328248067387e-16,1.4686149553868882e-16,2.4533414073165215e-16,-2.6670836134671153e-16,-4.880554322938151e-16,2.2329415580825556e-16,-5.900961133342122e-16,0.0,0.0,0.0,0.0,0.0,0.0,0.0,0.0,0.0,0.0,0.0,0.0
-1.38608804787765e-6,7.522145806219283e-6,2.4065369359032095e-16,-5.914925795400793e-16,4.219192388128203e-18,-3.2512442222147013e-5,-1.3966488774186113e-5,-1.5149185960597954e-6,-2.921354623046589e-5,-4.6580692060711024e-15,4.279685570225389e-6,1.5160202781534407e-6,3.648860516723517e-14,6.363896398155794e-5,-4.279974094063956e-6,-3.561052306111736e-6,1.679274769588226e-7,-2.165941811376091e-5,-1.3272604214120388e-6,-7.261969457133046e-7,-1.8310151778428075e-6,-2.5716256854627036e-6,-1.3716412860971991e-6,-1.5869345596774194e-6,-1.963040287658442e-6,-1.513252954082013e-6,2.614630009389705e-8,7.267452639469539e-18,-1.757511641984593e-16,-2.115435785175669e-16,-7.698555551215237e-17,1.2959237478653115e-16,1.809002955148607e-17,-6.6247559480611995e-18,-1.210404122355116e-16,1.010155504718399e-16,9.806561021536807e-17,2.3877321906875312e-17,-1.5251129763517156e-18,1.7038381915606577e-6,5.585260691222002e-7,8.449963073232704e-6,1.234264271177655e-6,2.0643901638017125e-6,1.5658618201018675e-6,4.0282148441888035e-6,3.158029316833542e-6,4.161379109472798e-6,5.036678691637494e-6,5.171130393190131e-6,3.1717161881237317e-7,-1.522238620329007e-9,9.987955739463528e-17,-5.392321580004252e-10,1.1150584534657511e-16,7.643366657992916e-17,-1.4516593568212595e-16,4.203054398872818e-17,2.0990892983912482e-16,2.6820408412027454e-17,1.0765903360269383e-16,-1.1405777891154183e-16,-3.2223634455279615e-17,-2.3458131734272413e-16,7.219669344583394e-17,7.644724714064354e-17,5.273261987793277e-17,1.3799787049943236e-16,-0.0,-0.0,-0.0,-0.0,-0.0,-0.0,-0.0,-0.0,-0.0,-0.0,-0.0,-0.0
-0.0018726646997066173,7.195854494361591e-6,-2.2718803573684276e-15,3.1495197064920066e-15,2.585435512811885e-16,-3.3388569811529225e-5,0.0011262276611636464,0.049552613894991354,-2.8645847948408376e-5,-1.2024633821888953e-14,-4.011759008365833e-6,-1.4211109344854321e-6,-1.6172926120969856e-14,-0.006898402189709803,-0.007924546667651428,-1.0291836619675623e-6,-8.059358628863296e-7,-2.094860479512085e-5,-1.6415203547114291e-6,-9.80180074138856e-7,-1.6532421124580485e-6,-4.517047732094952e-6,-2.3743829371103747e-6,-1.600618788835251e-6,-2.114940566966264e-6,-1.2915717281648648e-6,4.886313935218827e-8,3.42486518509869e-16,1.9143602257860736e-16,3.3089858046649233e-16,2.558472416812561e-16,-2.434221643257624e-16,1.435918175117479e-16,1.456482062086595e-16,4.081927102258015e-16,-4.1332949024505446e-16,-1.1436315979861909e-15,4.104534716451782e-17,3.407690793403123e-18,0.00020870877074674192,0.0005699759578187337,0.0031246888048769715,0.00033477411275480764,0.000345392317423882,0.0003308808931986795,0.034953461045693836,0.000947480756871618,0.00018331184165211467,0.006414763254935428,-0.0007316090121681712,0.00027174100966187404,-0.0035948118359998946,7.098518863890004e-15,-0.001273413085861583,1.2540888181831958e-16,2.418821218159418e-16,2.564287967935102e-15,7.045841642721575e-16,3.0903485995673313e-16,9.974034306329135e-16,9.358588689233812e-16,1.109186219797786e-15,8.236067298645766e-16,3.584961950504708e-15,1.536625690309786e-15,8.496747548624063e-16,3.477216665852221e-16,-9.317679228570234e-16,-0.0,-0.0,-0.0,-0.0,-0.0,-0.0,-0.0,-0.0,-0.0,-0.0,-0.0,-0.0
9.580009093700762e-5,6.295974816860342e-6,5.364406287884684e-17,-6.38219011923663e-16,2.813374577776521e-17,-2.7447696901775793e-5,0.00018045177466794748,0.004887346806567384,-2.4254176825072676e-5,-4.111012435544144e-15,1.8211410771131867e-6,6.451144077829668e-7,3.5181250322411494e-14,-0.005038106796408608,0.00028309738906009014,-2.6472461668509206e-6,4.4945346869042563e-7,-1.9149490396787075e-5,-9.770130851407676e-7,-4.706079850211461e-7,-1.410730911361529e-6,-2.289353071539086e-6,-1.1303235115295284e-6,-1.3645614894205766e-6,-1.6726540682014665e-6,-1.4270883405823666e-6,2.5733463136418565e-8,3.835818995914e-17,-1.5125336078154159e-16,-1.7459425097241715e-16,-5.022286266464605e-17,1.0413718126065355e-16,3.060633971365989e-17,6.1418648827951765e-18,-8.05332924892271e-17,6.003687191139338e-17,-5.5623379761540275e-18,2.5680294927236384e-17,-1.82652173603685e-18,-0.00015841786522353133,-8.998171184839274e-5,-0.0006412475316463973,-9.274371057057775e-5,-0.00014450402575681028,-0.00010042573412266033,-0.0002616993353825481,-0.000204537254439245,-0.00019528552296929998,-0.0003718172203724076,-0.00018687712114172331,-2.1800163366304125e-5,-0.0008438496353337573,8.297556821387536e-16,-0.0002989222293562254,1.2992871337795992e-16,1.0431660041870795e-16,1.173777944639642e-16,1.1358237616661637e-16,2.4779123232747134e-16,1.262630811328904e-16,2.113676014562967e-16,6.584324854984609e-18,4.9340852396744e-17,1.2754715420517347e-16,2.304624498984822e-16,1.6789791981692e-16,8.128198717168265e-17,5.035247227734826e-17,-0.0,-0.0,-0.0,-0.0,-0.0,-0.0,-0.0,-0.0,-0.0,-0.0,-0.0,-0.0
-0.004752704953170194,-4.930603286493289e-6,1.6589905058543459e-15,-4.845375417982196e-15,-2.4914623885841773e-18,2.12472960626384e-5,0.005134919834583491,0.015185917269334904,1.8956843227918045e-5,2.71956649782553e-14,7.131659761908383e-6,2.5262932469456773e-6,4.1261126447112105e-15,0.014182099638791119,0.007133655596799151,6.007137263001728e-6,7.049702328965698e-6,-6.123986269731864e-6,4.0086790213389575e-6,3.585503088693785e-6,3.935097709245377e-6,1.9907349451879124e-6,2.873496877852823e-6,9.420507829074889e-7,1.1321290184399694e-6,-1.798914091812625e-6,-4.386379562331675e-8,-2.5728056501374305e-19,-4.187208096565016e-17,-2.789533632943857e-17,-2.088141113701415e-17,-1.466575106038767e-18,2.1878533396495648e-17,1.8971994309072985e-17,8.450329729034047e-18,2.988678311822118e-18,-1.1750880562091357e-17,1.36844890121446e-17,-2.6634951711592737e-19,0.00042318199619572944,0.0004698524822116639,-0.001043529901794367,8.421586054092203e-5,0.0003862197202764374,-0.0009115289948202447,-0.03527372805384935,0.0015464979190003272,0.0001613341244734221,0.005060171670637445,0.00029816854156163107,8.061705993328754e-5,0.005357896037738926,2.348308810068067e-15,0.0018979616287054133,2.307584316439335e-16,1.9168409528891783e-16,6.213543463707822e-16,2.1022784787033692e-16,3.837487213079628e-16,3.0111611421142955e-16,4.91908344250605e-16,3.868469536640116e-16,1.3691591620868103e-16,7.334935150922207e-16,4.5442513222851555e-16,3.7173125234782247e-16,3.26548157186039e-17,-9.932688825156942e-18,0.0,0.0,0.0,0.0,0.0,0.0,0.0,0.0,0.0,0.0,0.0,0.0
-0.006035064859535165,2.916424764199518e-5,-1.0591582945570743e-14,1.5062774964098757e-14,1.0280511487188465e-15,-0.00013405749049803654,0.021895688202826606,0.07322296846166804,-0.00011985544416858696,1.2150011271820345e-13,6.299711180794523e-6,2.231586817098573e-6,-6.561015257911841e-14,-0.045286966732109864,-0.021130662714088155,-3.095204296827978e-6,-8.305916675620277e-7,-9.227485303589689e-5,-5.581857538233597e-6,-2.832926259663847e-6,-5.427338627428987e-6,-1.7762116138041306e-5,-8.617825762484042e-6,-6.160700877521333e-6,-8.47952210671412e-6,-5.824608991295562e-6,1.4688202362299383e-7,1.3767540345097237e-15,7.900319614015463e-16,1.3572204572094169e-15,1.0196541807238088e-15,-9.30309431855425e-16,6.208119382662289e-16,5.432661033551097e-16,1.5438717126817495e-15,-1.6031618321410715e-15,-4.535137814905571e-15,3.722744791375808e-17,3.490068419618066e-17,0.003947949562483141,0.003267600792506511,0.03301306455176311,0.0026986200526940528,0.001256264280678215,-0.002552477175410629,0.0654816151464755,0.007865523483183588,0.0025999501691955375,0.041655429617993144,-0.002851998083762656,-0.0014236990852724398,-0.0024756572003750365,3.462740210287819e-15,-0.0008769678133074409,-2.1178624030087912e-15,-1.231809440560802e-15,3.2787344832202753e-15,5.91295741587159e-16,-2.996554036471257e-15,9.555278459055791e-16,-1.7882323167738475e-15,-1.0729618669433831e-16,1.798266648157195e-15,6.141848197790117e-15,1.1366524843381782e-15,-7.930897821564476e-16,1.3500847033113602e-15,-3.727435023317787e-15,-0.0,-0.0,-0.0,-0.0,-0.0,-0.0,-0.0,-0.0,-0.0,-0.0,-0.0,-0.0
-0.0028820769987480104,2.3030736936567035e-5,-6.130496307963673e-15,1.0842942173062686e-14,5.214843478113157e-16,-0.00010348738351242147,0.01034124660225612,0.034573487607569495,-9.376297635686481e-5,4.5922565786865466e-14,8.352329594631136e-6,2.9586989030553744e-6,-3.648075041363116e-14,-0.027503094232380277,-0.0035399984004812817,-7.18468700369823e-6,-4.19778320144904e-6,-5.977496676007784e-5,-6.000548069748277e-6,-3.9174322587058324e-6,-6.122716089682803e-6,-1.2116001571621597e-5,-6.979572822844484e-6,-4.718143461947728e-6,-6.365922882157386e-6,-2.9901332162057568e-6,1.0590709817412714e-7,7.031505008666662e-16,3.9234792265473914e-16,6.764201271833449e-16,5.165637685014202e-16,-4.641818712214074e-16,3.1287992284238815e-16,2.73737363421914e-16,7.751676400556736e-16,-8.077505894254608e-16,-2.3058040865423483e-15,1.9349268130862754e-17,1.774675992138882e-17,0.004357686533878613,0.0034283966101591144,0.03463781102671224,0.0031775864465237173,0.0024141409755015857,0.00033370677067379406,-0.019342879513540426,0.007377290346666939,0.0039943929042502565,0.035655784880506435,-0.0010186932351817844,-0.0006233812151298469,-0.0011174258803252058,1.3287709522991837e-15,-0.00039583288455834485,-1.1145932591174915e-15,-6.580868302240921e-16,1.5400873744804978e-15,2.635618484286899e-16,-1.5808932840444843e-15,4.355472067515373e-16,-9.995196092966506e-16,-1.4073914807730757e-16,8.887790589213522e-16,2.973111342871392e-15,4.950303484344129e-16,-4.706218153664451e-16,6.886993385567323e-16,-1.8864653203608137e-15,0.0,0.0,0.0,0.0,0.0,0.0,0.0,0.0,0.0,0.0,0.0,0.0
0.0026511679295035976,-2.1571499246252612e-5,-2.5902601965380484e-15,-5.4377366947438455e-15,5.23653370546669e-16,8.844106220562883e-5,0.007265030300240957,0.027073588126436,8.673563506480913e-5,9.123378425431225e-14,-3.332458124135207e-5,-1.1804778603477667e-5,-1.4104758403990848e-14,-0.03953428860085906,-0.033557202781018924,2.1774278360423997e-5,1.3836050547958164e-5,1.7922625654680678e-5,1.0084813843488102e-5,8.41989451249607e-6,1.1003062328127483e-5,4.596674693523703e-6,6.4135926236834174e-6,3.7809968797147443e-6,4.841988228380447e-6,-2.0072470480623857e-6,-3.34974271352523e-8,6.684423394500783e-16,4.456608573528466e-16,7.216494826544237e-16,5.224449474199336e-16,-4.749761699416914e-16,2.925633550972411e-16,2.544875096875183e-16,7.803288578461547e-16,-8.064549711532375e-16,-2.215034091132096e-15,1.0877459751086898e-17,2.0836844465357596e-17,-0.0018349298549051225,-0.0014148871340567038,-0.006206936492925425,-0.001281369730435763,-0.0025269459610591854,-0.0027900911538450385,-0.03702875507406087,-0.0026240993808712564,-0.002784795458788881,-0.004251603617410645,-0.002786569631084359,-0.0011205312516345753,-0.009088438661485593,3.5226941734150213e-16,-0.00321945549574785,-1.1885477594010143e-15,-7.268468429064379e-16,1.2724969758850412e-15,1.6355579691173068e-16,-1.7371171340965206e-15,2.8285821827569043e-16,-1.1657672186058794e-15,-2.330333153616946e-16,8.019682898861349e-16,2.6088529028050644e-15,2.8956363711675846e-16,-6.130799827803998e-16,6.324410033505418e-16,-1.8473458657925744e-15,0.0,0.0,0.0,0.0,0.0,0.0,0.0,0.0,0.0,0.0,0.0,0.0
0.005701434929135827,9.70075328973644e-5,-2.0207930995179157e-14,5.2970729282285496e-14,8.340269394136731e-16,-0.00042498920272834563,-0.0662905651510652,0.017838288882830976,-0.00039285182829837384,-1.161126264444687e-13,3.0962442538252536e-5,1.0968023181290221e-5,-1.8163949427413982e-13,-0.11745233468940593,0.04209381716314102,-6.171036130696107e-5,-5.485479755907322e-5,-0.00013376823072071373,-4.170568525592036e-5,-3.3191301249529446e-5,-4.183959516068317e-5,-4.368708147668963e-5,-3.6109214879313225e-5,-1.8744858806683353e-5,-2.4875166279139917e-5,3.0624239784876174e-6,4.5993524207698563e-7,1.3554658768458486e-15,1.157985989368557e-15,1.7225609089104637e-15,1.1831635049484858e-15,-1.05924416091499e-15,4.115238880712206e-16,4.581547583750586e-16,1.599833697286917e-15,-1.6572700844569864e-15,-4.539106811254889e-15,-2.1643243631386573e-17,5.393619154631096e-17,0.013216000736407987,0.0037060696828180983,0.04133150669221593,0.006639814256008246,0.009940889228176273,0.006311933815947131,-0.23773793388168252,0.010509962804686478,0.01627959069982896,-0.018026758425100854,0.022338120162099344,-0.000776474216479914,-0.011373182113787121,-7.870987005813196e-16,-0.004028794716472448,-2.5082025911962598e-15,-1.5460859854522827e-15,2.4309001763018592e-15,1.4493475441835715e-16,-3.762924482705195e-15,3.5752312894526676e-16,-2.6075832258286316e-15,-5.105648683697191e-16,1.5974874996768537e-15,5.160957413566174e-15,3.5437560139559493e-16,-1.4585436186445028e-15,1.1651580667490708e-15,-3.806479492374675e-15,0.0,0.0,0.0,0.0,0.0,0.0,0.0,0.0,0.0,0.0,0.0,0.0
0.02053471355341259,0.00016343126612091164,-4.360109946046967e-14,9.927379992425337e-14,2.3077113402075173e-15,-0.0007230845260318095,-0.06097936137653118,0.04489395539795566,-0.0006596117004687466,-8.537483877415445e-14,5.980650234586649e-6,2.1185638446237784e-6,-3.055102322664549e-13,-0.24890684412500644,-0.021957014867490587,-9.64949221380425e-5,-9.182739600100934e-5,-0.00023380574971758507,-6.997269070943469e-5,-5.540367308421664e-5,-6.94679080877308e-5,-7.904036162590731e-5,-6.293207921289635e-5,-3.2236847764072065e-5,-4.265691300131797e-5,3.959854736518572e-6,8.864732990139236e-7,3.3126364631643175e-15,2.520577555261342e-15,3.829325633928961e-15,2.7503175924452796e-15,-2.4001491383089594e-15,1.1808691515215803e-15,1.1375817651526733e-15,3.776125121378974e-15,-3.968535264819315e-15,-1.095092801828815e-14,-3.932752874101784e-17,1.0637569443235375e-16,0.016584872731018538,0.005923374059514298,0.09195916854189831,0.009946955029953533,0.009778080160334438,0.007222076048585345,0.025138696669229556,0.013817409694882045,0.019059013514333655,0.014866978629126134,0.016907905698726078,-0.003135001876797227,-0.04090584641244371,-7.849441129740596e-15,-0.014490338433910708,-6.7191423725618496e-15,-4.290464064946969e-15,3.948345062877006e-15,-9.637905328153458e-17,-1.0021019419461734e-14,1.803588843733529e-16,-7.6834056263568e-15,-2.614496685973965e-15,3.4617440284578028e-15,1.0193560844195233e-14,-3.6716265908349356e-16,-4.5001655748079044e-15,2.913863087931492e-15,-9.083236522070132e-15,-0.0,-0.0,-0.0,-0.0,-0.0,-0.0,-0.0,-0.0,-0.0,-0.0,-0.0,-0.0
-0.01198388429864701,0.00018791843811696312,-1.602520787360976e-14,7.621739878216946e-14,-3.4142697277385347e-16,-0.000806161673440105,-0.053650157569048285,-0.016492798765492367,-0.0007600303608082329,-3.145312274095364e-13,0.00015904770605323272,5.634048165676541e-5,-1.3772031652515052e-13,0.019616255915146465,0.13669984825156692,-0.00013465725206090353,-9.56299577283809e-5,-0.00026901777716123774,-7.640477063027988e-5,-6.0614742462103896e-5,-8.002028944347073e-5,-6.937136715571564e-5,-6.10975103451146e-5,-3.538777378526195e-5,-4.6550566580235575e-5,3.780625880130308e-6,6.327265118940473e-7,-1.562930801873083e-16,-9.527629175088193e-17,-1.6933721944323567e-16,-1.1026993351242913e-16,1.2661774207352253e-16,-1.7963184450612785e-16,-8.603226482207853e-17,-2.7107174085604377e-16,2.6110166460429326e-16,5.45334213616521e-16,-1.4771607243090542e-17,-5.611771387429956e-18,0.020494311600150666,0.011331258500960974,0.08657933608713377,0.01237869720987741,0.018054281517988716,0.012607134092540594,0.034021099268993105,0.025457919231135252,0.02496984633234567,0.04482863907288788,0.02389947061814793,0.0022652183910124423,0.02378531719254906,1.4919165352186257e-15,0.008425624357036851,5.629091544185921e-16,3.9896661084519255e-16,1.8254914446673374e-16,8.31455818171134e-17,8.637808872977588e-16,1.4438725379764793e-16,7.219625749766259e-16,3.505966214223586e-16,-7.857651652568514e-17,-3.6461377205153145e-17,3.039780975887672e-16,4.65456473484939e-16,-1.7565936510538454e-16,5.1190165148756e-16,-0.0,-0.0,-0.0,-0.0,-0.0,-0.0,-0.0,-0.0,-0.0,-0.0,-0.0,-0.0
0.0009888495584843141,-2.211070603462348e-6,-5.076511320204573e-16,-3.215692020791938e-15,1.8609939808018007e-16,7.855223830936846e-6,0.002700046376257578,0.010108247614411415,9.906967721480946e-6,3.060890723359645e-14,-9.077140500621133e-6,-3.2154532694342464e-6,3.2141587441336066e-14,-0.005442286348144307,-0.021810117946320963,5.444115444379076e-6,5.840042222435027e-6,-1.1443544170490153e-5,2.9664925809514468e-6,2.8025799116166922e-6,2.843441944650857e-6,-1.376419678009269e-7,1.520281089437996e-6,1.5971861761659122e-7,2.8353946844420535e-7,-2.140141385752653e-6,6.893932354338491e-9,2.384245537174714e-16,-1.62780701886096e-17,4.4426657924836806e-17,1.0612517883215139e-16,-3.843344444792122e-17,1.197510782468333e-16,8.192214488461375e-17,1.5313032320347887e-16,-1.8159073300841997e-16,-6.700696217630427e-16,2.6777421182119385e-17,5.4250336311439915e-18,-0.0006838427845158034,-0.0005281761298770667,-0.0023106662939273897,-0.00047764371311795074,-0.0009422723905269944,-0.0010406677120684308,-0.013823553102784486,-0.0009776130893685404,-0.0010365494746222884,-0.0015836252424784069,-0.0010359042423398743,-0.0004181544627779346,-0.0033936249217350932,3.4991686459138114e-16,-0.0012021453642071078,-2.8960871259338133e-16,-1.6632214039841885e-16,3.355821946013276e-16,1.0974963843086096e-16,-3.7601470139028537e-16,1.3940838087526292e-16,-2.695773528919302e-16,-1.68247973427017e-16,2.542082008683294e-16,7.174467814908329e-16,1.980036091780311e-16,-1.1583646662626306e-16,2.703177493120952e-16,-5.056808757182983e-16,0.0,0.0,0.0,0.0,0.0,0.0,0.0,0.0,0.0,0.0,0.0,0.0
0.0016597941009719066,-5.535359518880891e-6,-1.4685863387930873e-15,-3.5587065505767185e-15,3.264033273044707e-16,2.098686751375417e-5,0.0045395382908855475,0.01696257639891521,2.3245074958175343e-5,5.027553514078701e-14,-1.6281669296350786e-5,-5.767559378380357e-6,2.6389100136765014e-14,-0.03400942855629548,-0.011754890137572914,9.5201734164849e-6,8.25108634012299e-6,-1.0045030521147366e-5,4.649605031904896e-6,4.2467669360845085e-6,4.729141343873067e-6,1.6421667093359721e-7,2.418145306652784e-6,7.067718673118129e-7,9.704471635739378e-7,-2.6157818583477465e-6,7.025198191632142e-9,4.192862783134382e-16,1.0448555699573623e-16,2.389951471467339e-16,2.47861487220855e-16,-1.6658777878271073e-16,1.9766767279092282e-16,1.501202525659216e-16,3.629239596257274e-16,-3.9881834110154046e-16,-1.26850889510158e-15,2.920833624600722e-17,1.0889072655519537e-17,-0.0011478973664624916,-0.0008856658124905338,-0.0038808537486209817,-0.0008014497573825411,-0.0015808240475803262,-0.0017465213536642173,-0.02319798954143263,-0.0016407585492860513,-0.0017406040901752965,-0.0026587871429552654,-0.0017412303768416797,-0.0007017993777497359,-0.005694817303565616,3.7364815177091676e-16,-0.00201731139397339,-6.17108956256876e-16,-3.6806417735583774e-16,6.601465204923703e-16,1.4736264457496072e-16,-8.550697445634907e-16,2.0754340427156537e-16,-5.995691476881342e-16,-2.439583477501757e-16,4.670035491758122e-16,1.400168637908843e-15,2.620172614097573e-16,-2.9260629314637883e-16,4.40334328053531e-16,-1.0034587006691956e-15,-0.0,-0.0,-0.0,-0.0,-0.0,-0.0,-0.0,-0.0,-0.0,-0.0,-0.0,-0.0
0.012517312878888317,9.389541162966203e-5,-2.640968091920407e-14,5.815672314984971e-14,1.3872185734124314e-15,-0.0004154124912260124,-0.0748409068963775,0.03146893542725458,-0.00038225750805670597,3.2271481587618464e-14,-1.0404352209025374e-6,-3.6855998363131086e-7,-2.2056365844860917e-13,-0.14695565864433865,-0.01838339349405953,-5.710194287529991e-5,-5.84280188637718e-5,-0.00011979258818328002,-4.263040959162973e-5,-3.413833461852215e-5,-4.16267809933425e-5,-4.627476837005917e-5,-3.789071903611306e-5,-1.826803048938561e-5,-2.4375165742343067e-5,4.586507032403264e-6,5.239349131589036e-7,2.0757115599177384e-15,1.7295763241594715e-15,2.5721892233444072e-15,1.7879414207996326e-15,-1.5807054535401749e-15,6.996435228710905e-16,7.117458780995417e-16,2.4407226101457396e-15,-2.5377563875216474e-15,-6.920853734316655e-15,-3.0238978799943627e-17,8.089857992708177e-17,0.019333808575716947,0.006963632651493439,0.08871668950334284,0.010064788769345906,0.007125599827346038,0.010130919354724231,0.00947494086745915,-0.32523543419555684,0.013389771102591024,-0.045063422186097164,0.024057994902776658,-0.0017564379065493083,-0.02493245394692991,-2.0984451850558424e-15,-0.008831981913690536,-3.9492229051143124e-15,-2.4606774239713033e-15,3.407347887766515e-15,1.5075037919864299e-16,-5.931595248809389e-15,4.19573627934808e-16,-4.207937053410449e-15,-9.687632724578644e-16,2.3731186840816543e-15,7.501747801921366e-15,3.3680567091977744e-16,-2.365197226336117e-15,1.809425774861451e-15,-5.808946174976321e-15,0.0,0.0,0.0,0.0,0.0,0.0,0.0,0.0,0.0,0.0,0.0,0.0
0.011990029674173818,9.764707227216031e-5,-2.575354123215878e-14,5.7963844431717e-14,1.3164074031278344e-15,-0.00043162536177742875,-0.07441537019102806,0.03043985480346296,-0.00039576021992949204,-2.5087997898599628e-14,3.826755165220734e-6,1.3555758577825945e-6,-2.217958322096464e-13,-0.150202815038895,-0.008131560013755257,-5.8205174228356544e-5,-5.676696963243013e-5,-0.00013474070175544203,-4.259916956102448e-5,-3.385314819917226e-5,-4.2023696643772854e-5,-4.743286795554688e-5,-3.813925637181755e-5,-1.912164612526273e-5,-2.5407567802180124e-5,3.192434931846051e-6,5.303047304480089e-7,1.998784855212615e-15,1.6962353283952277e-15,2.515458611677068e-15,1.7365522505750656e-15,-1.549749353163712e-15,6.553337382764613e-16,6.833905031613167e-16,2.3707862929212705e-15,-2.460565031478456e-15,-6.68235888032026e-15,-3.3397274290049124e-17,7.686792887528107e-17,0.016385256908820044,0.004623222532179417,0.06609268612574207,0.007007177869550819,-0.00015095976440039586,0.009039274235537563,-0.012479134493772855,-0.17620835232990417,0.0021960409330823937,-0.10856780967463144,0.023641094377045122,-0.0016939323318804315,-0.02388502355440626,-1.8511350573607696e-15,-0.00846094397645783,-3.796322951970457e-15,-2.3622834995274632e-15,3.3644109576592186e-15,1.5936397400904645e-16,-5.702905729275239e-15,4.314179450256876e-16,-4.02263671851741e-15,-8.873960838639581e-16,2.304415322160714e-15,7.336399118791976e-15,3.6068970002749723e-16,-2.264813890177525e-15,1.724605817733144e-15,-5.6140224807460455e-15,-0.0,-0.0,-0.0,-0.0,-0.0,-0.0,-0.0,-0.0,-0.0,-0.0,-0.0,-0.0
0.012516808579673813,9.727547692477221e-5,-2.7062575103162998e-14,6.01862763873262e-14,1.4081804348128416e-15,-0.00043009347137709116,-0.0748395602464952,0.031467723986665246,-0.0003960387206867339,2.8180902467653694e-14,8.912768149099362e-7,3.1572267115947007e-7,-2.2641124998742607e-13,-0.14696618854813298,-0.01838518567763771,-5.9495007762171946e-5,-6.05456023919964e-5,-0.00012376318369420908,-4.4175803136613065e-5,-3.5388962305624875e-5,-4.3175073747866625e-5,-4.770089127246738e-5,-3.916043773919878e-5,-1.890274819926554e-5,-2.5223394530864046e-5,4.7953047218421694e-6,5.380631690764457e-7,2.105041129732147e-15,1.7569725844995647e-15,2.6120087557889893e-15,1.8147794757388396e-15,-1.6061442645552457e-15,7.099681436373783e-16,7.221900483496086e-16,2.477410801582465e-15,-2.576089401620569e-15,-7.022663671398876e-15,-3.1544408571364603e-17,8.181433246475595e-17,0.01933469287410199,0.0069650410403699235,0.08871858849158445,0.010065895066197867,0.007127840157179134,0.010131914384765387,0.009476964367372227,-0.32523327378460154,0.013391396920645723,-0.04506131675239932,0.024057940169921233,-0.001756327904578854,-0.024932453156413303,-2.282865930814711e-15,-0.008831981633660838,-4.024508987552229e-15,-2.5110517196797573e-15,3.4160928904755176e-15,1.3858232491064223e-16,-6.0454105105853676e-15,4.075442011168348e-16,-4.305173726060328e-15,-1.0093404922874537e-15,2.3983380291318962e-15,7.564346025445909e-15,3.074093770275369e-16,-2.4261225147283845e-15,1.8335519229032657e-15,-5.893436205693005e-15,-0.0,-0.0,-0.0,-0.0,-0.0,-0.0,-0.0,-0.0,-0.0,-0.0,-0.0,-0.0
-1.8951877199207713e-7,1.3813180620363416e-6,-5.264300447068265e-16,4.9941473640321276e-17,6.382386859061072e-17,-5.990298891778999e-6,2.9473697234086226e-6,-6.585826369127313e-7,-6.7957963787817746e-6,6.586823532730284e-14,-7.039355293738385e-8,-2.493595680377143e-8,-8.480180055077675e-16,-2.9537137134613996e-5,-7.969278640850524e-7,-8.210054738039307e-7,-1.2179538911845953e-6,-1.067408514360607e-6,-7.727911566652192e-7,-6.129661124230062e-7,-6.361740799825044e-7,-7.614467056604046e-7,-6.582665262297319e-7,-2.055123518896634e-7,-3.260836213736251e-7,2.4791481114382e-7,7.745655467648964e-9,6.708327395655512e-17,3.581749954731463e-17,6.2359077050407e-17,4.576367229312201e-17,-3.569009248453342e-17,3.921824150430897e-17,2.7268322350384922e-17,7.045932832331002e-17,-7.593254447872418e-17,-2.2883371707063404e-16,5.262499179535228e-18,4.927376953810742e-18,3.200219213100966e-7,7.787042254963042e-7,6.501641386692417e-7,5.609533969404122e-7,1.0522281322462234e-6,4.0806166434067026e-7,1.0503042594646416e-6,1.0740321596015684e-6,5.53883064167582e-7,8.657873493274448e-7,-4.819498347000847e-7,3.4081564490265304e-8,1.5503180524464097e-9,-4.780082975479699e-16,5.491789398833408e-10,-1.7255278225669898e-16,-1.1577644466806528e-16,-2.3813925325917357e-17,-3.260984204249357e-17,-2.6306024475205686e-16,-4.1400698997862336e-17,-2.3296094206779807e-16,-1.1537428099737174e-16,4.577399446035049e-17,7.916010629461473e-17,-8.444540185682611e-17,-1.3818756031748501e-16,7.533983717936322e-17,-1.8543097933377732e-16,-0.0,-0.0,-0.0,-0.0,-0.0,-0.0,-0.0,-0.0,-0.0,-0.0,-0.0,-0.0
-0.0015760526407797137,6.443995923105665e-6,-1.5754597478026364e-15,3.59698478276474e-15,8.707590263782773e-17,-2.8113265686430278e-5,0.0005637849665261103,0.029850321551339477,-2.707363377717725e-5,3.415570019167918e-14,3.668381468259007e-7,1.2994741369381658e-7,-7.335604292018747e-15,-0.003842497366910027,-0.00012159483566927522,-4.9605417313400186e-6,-5.329939138304863e-6,-4.279958432169235e-6,-3.5080731579253143e-6,-2.910310432116454e-6,-3.3626172650604435e-6,-2.9312936856310057e-6,-2.829295024945682e-6,-1.1755129336218486e-6,-1.5889890421942727e-6,8.997246171437972e-7,3.4979871978755565e-8,1.0977291739009294e-16,6.111990707167987e-17,1.0192883835840333e-16,8.292464014003959e-17,-7.593206394184327e-17,5.390905987570383e-17,5.268431022101864e-17,1.3483874381900848e-16,-1.3814981239040022e-16,-3.649564734103209e-16,1.910075289562861e-17,-3.7990599531655125e-18,-0.0001542659005373002,0.0001654254050380755,-0.0009672133862495232,4.047409111839265e-5,0.0005295986325636853,5.938133840388726e-6,0.001331129044083241,0.024552856931823658,0.0005038130661478685,0.005678485357434006,-0.0003242533697951045,0.00022859937812196685,-0.001387375741285715,4.961936426314411e-15,-0.0004914589426537265,3.2274329588630154e-16,3.133501356418997e-16,1.5728025613891107e-15,4.674920889982899e-16,5.548141465164612e-16,6.393846894984066e-16,8.972490614210411e-16,8.396192625610078e-16,4.269478349367642e-16,2.034961029718322e-15,1.0351164270537564e-15,7.362825133484083e-16,1.1965631147142384e-16,-2.9744748607285427e-16,0.0,0.0,0.0,0.0,0.0,0.0,0.0,0.0,0.0,0.0,0.0,0.0
-3.790375439767828e-7,2.7626361240948603e-6,-1.0528600894136915e-15,9.988294728073008e-17,1.276477371812003e-16,-1.1980597783576297e-5,5.894739446764535e-6,-1.3171652737729104e-6,-1.3591592757602043e-5,1.3173647065461805e-13,-1.407871058336118e-7,-4.987191360021982e-8,-1.6462869868876971e-15,-5.9074274269319445e-5,-1.5938557281890942e-6,-1.6420109476413675e-6,-2.435907782353907e-6,-2.1348170287721173e-6,-1.5455823133289996e-6,-1.2259322248424695e-6,-1.2723481599711984e-6,-1.5228934113498744e-6,-1.3165330524631151e-6,-4.1102470378288666e-7,-6.521672427410267e-7,4.958296222849914e-7,1.5491310934821985e-8,1.341665479131163e-16,7.163499909463176e-17,1.247181541008177e-16,9.152734458624849e-17,-7.138018496907127e-17,7.843648300861686e-17,5.453664470077372e-17,1.409186566466258e-16,-1.5186508895744755e-16,-4.576674341412831e-16,1.0524998359060868e-17,9.854753907617432e-18,6.400438426443866e-7,1.5574084510176087e-6,1.3003282773781467e-6,1.1219067938792968e-6,2.1044562644890058e-6,8.161233285410536e-7,2.100608518985504e-6,2.1480643192000557e-6,1.1077661283419535e-6,1.7315746986436207e-6,-9.638996694020954e-7,6.81631289780531e-8,3.100636114087858e-9,-9.560165950959528e-16,1.0983578954399846e-9,-3.451055645133979e-16,-2.3155288933613475e-16,-4.762785065182724e-17,-6.521968408499448e-17,-5.261204895041099e-16,-8.28013979957196e-17,-4.659218841356077e-16,-2.3074856199475196e-16,9.154798892071075e-17,1.5832021258924836e-16,-1.6889080371365017e-16,-2.7637512063496643e-16,1.5067967435872908e-16,-3.7086195866756045e-16,0.0,0.0,0.0,0.0,0.0,0.0,0.0,0.0,0.0,0.0,0.0,0.0
-1.3442385214675417e-6,7.431749432222351e-6,2.5118019892925043e-16,-4.777700684060812e-16,-4.447784707654402e-18,-3.204378061731945e-5,-1.286901061334145e-5,-1.542029406976463e-6,-2.887120289568951e-5,-5.644948793528434e-15,4.284479622917371e-6,1.5177185058612519e-6,3.6506804722285306e-14,3.820422727712265e-5,-4.1814432281596056e-6,-3.746162147140053e-6,-9.611307448013167e-8,-2.0570786199971043e-5,-1.4279674583734655e-6,-8.351418815621609e-7,-1.9215051764522435e-6,-2.4846294415281766e-6,-1.3997448795141344e-6,-1.5583903591937442e-6,-1.925047186122069e-6,-1.3829908967110542e-6,2.5736556103695707e-8,-3.560456377186666e-18,-1.8028101547209973e-16,-2.2066217155305435e-16,-8.405258178042923e-17,1.359185770804338e-16,1.3287961430130662e-17,-1.0792114975260572e-17,-1.3236002841717183e-16,1.126816168759512e-16,1.3434432001164437e-16,2.2807028583282185e-17,-2.2910260484624907e-18,1.7276361531571364e-6,6.848839649635085e-7,8.084695356069333e-6,1.2821995638251124e-6,2.209175153749594e-6,1.5911182034762135e-6,3.898778843954926e-6,3.1572142754926884e-6,4.081974587907391e-6,4.923454170433198e-6,4.818955491598412e-6,3.070058960720489e-7,-1.7630345019618444e-9,1.7804895008792956e-16,-6.24530789875399e-10,1.388924961346684e-16,9.492329985718516e-17,-1.4014614056636264e-16,4.699302013635859e-17,2.5077609268769813e-16,3.1958882274838104e-17,1.4511264005428805e-16,-9.385774971302964e-17,-3.943861497602096e-17,-2.458284683116697e-16,8.523853047492703e-17,1.0056088549805044e-16,4.130929577931058e-17,1.6695000744600817e-16,0.0,0.0,0.0,0.0,0.0,0.0,0.0,0.0,0.0,0.0,0.0,0.0
-0.0015762063773962682,7.585484102632487e-6,-2.0555641976580805e-15,3.5029208979278213e-15,1.4941243879015701e-16,-3.306188714381272e-5,0.0005666367857627401,0.02984974892551826,-3.289159502043035e-5,1.0031417935276002e-13,1.5938148117686452e-7,5.645871770542518e-8,-7.758764340932427e-15,-0.0038712873629785077,-0.00012226460055296944,-5.6117491626656995e-6,-6.397641550715373e-6,-5.0656364557042825e-6,-4.171212127457109e-6,-3.4345392376782267e-6,-3.888933446761441e-6,-3.5915509590707697e-6,-3.3974696562601095e-6,-1.3359893881253512e-6,-1.8548872550177564e-6,1.1328243519590832e-6,4.172306812628176e-8,1.7477513471945288e-16,9.499352644953093e-17,1.6146255170896766e-16,1.2678403929019693e-16,-1.0981716553882186e-16,9.23947260096628e-17,7.92115746611786e-17,2.0269489028822476e-16,-2.113624679128327e-16,-5.865663462302549e-16,2.445587782093119e-17,1.0633404974281351e-18,-0.00015400862331438897,0.00016610417813525127,-0.0009666979633320366,4.0956548089747475e-5,0.0005304918998494011,6.275593928409937e-6,0.0013320357724929531,0.02455377767371566,0.0005042515905669037,0.005679201755385823,-0.00032473143610285693,0.00022862565458288642,-0.0013873742470581218,4.49701355816671e-15,-0.0004914584133440611,1.5553237857285704e-16,2.011479596244538e-16,1.548368141253363e-15,4.3574562170611383e-16,2.998295744146533e-16,5.988375290474256e-16,6.711874712122491e-16,7.271241063776919e-16,4.709324105449856e-16,2.1096795281495048e-15,9.527568161786977e-16,6.024178590937698e-16,1.932842967351666e-16,-4.768835415305724e-16,-0.0,-0.0,-0.0,-0.0,-0.0,-0.0,-0.0,-0.0,-0.0,-0.0,-0.0,-0.0
-1.3442385214798574e-6,7.431749432195832e-6,2.511801989292848e-16,-4.777700684061409e-16,-4.44778470765087e-18,-3.204378061721591e-5,-1.2869010613276584e-5,-1.5420294068729348e-6,-2.887120289555896e-5,-5.644948793558815e-15,4.284479622812521e-6,1.5177185058176854e-6,3.657559814684608e-14,3.820422727726507e-5,-4.181443228160086e-6,-3.7461621470893775e-6,-9.611307449061906e-8,-2.0570786199982874e-5,-1.4279674583356015e-6,-8.351418815684001e-7,-1.9215051764454295e-6,-2.4846294415208785e-6,-1.3997448795067834e-6,-1.558390359197083e-6,-1.925047186114681e-6,-1.382990896706809e-6,2.5736556104486515e-8,-3.560456377190032e-18,-1.802810154721023e-16,-2.2066217155305756e-16,-8.405258178043198e-17,1.3591857708043647e-16,1.3287961430130844e-17,-1.0792114975262388e-17,-1.3236002841717595e-16,1.1268161687595397e-16,1.3434432001165593e-16,2.2807028583284145e-17,-2.2910260484611853e-18,1.7276361531229275e-6,6.848839650638467e-7,8.084695356074894e-6,1.2821995638552767e-6,2.209175153759526e-6,1.5911182037199742e-6,3.898778843973603e-6,3.157214275449437e-6,4.081974587920166e-6,4.923454170482169e-6,4.818955491597205e-6,3.070058960850073e-7,-1.7630344855982055e-9,1.78048950087964e-16,-6.245307890195173e-10,1.3889249613467565e-16,9.492329985719114e-17,-1.4014614056636005e-16,4.6993020136363296e-17,2.5077609268770863e-16,3.19588822748402e-17,1.451126400543024e-16,-9.38577497130211e-17,-3.943861497602414e-17,-2.4582846831167227e-16,8.523853047493307e-17,1.0056088549805689e-16,4.130929577930822e-17,1.6695000744601557e-16,-0.0,-0.0,-0.0,-0.0,-0.0,-0.0,-0.0,-0.0,-0.0,-0.0,-0.0,-0.0
-0.003850080582795735,8.045319274020922e-7,5.605116265415618e-16,-3.052704570771503e-15,1.280151225735412e-17,-2.4201835077745605e-6,0.0021289375476930563,0.015044547074316088,-6.9708566381395835e-6,1.626930703980389e-13,6.904945139927611e-6,2.445982680396154e-6,6.198481492557381e-15,0.012144599155415072,-0.0008688396520181598,-9.472899742625026e-7,-8.974527624696688e-7,-8.094979272827756e-8,-5.19961005512816e-7,-3.692098184089753e-7,-2.676041314635963e-7,2.8419645627646254e-8,-1.682937717660398e-7,9.935357124639994e-8,-4.460303194912758e-8,4.3238363970351256e-7,-1.2458479186442947e-8,3.1921543007441455e-18,-2.4672764086173553e-17,-2.0192030253091522e-17,-2.0353728740539845e-17,1.374516682954505e-17,4.2469968948822274e-17,1.9346863652579392e-17,-2.437230233862751e-18,3.1143952245463877e-18,-2.741462987984263e-18,2.897960605054005e-18,1.307298497460776e-19,0.0001475239177232076,0.0004883702471206448,0.0018510439154447338,-0.00034774704097674666,0.0018938935222828218,-0.0002680226320980576,0.0007291213122027903,-0.03751890130983963,-0.0021545077316151135,0.0023821670766454744,0.0001610087133544046,-4.7774528372158547e-5,0.00424659696698258,2.519305106008559e-15,0.0015042990829122547,2.5700147460761365e-16,2.1107712248754253e-16,6.797823022279893e-16,2.185718874423457e-16,4.094361735153074e-16,2.9785000288831066e-16,5.382265285452967e-16,4.382315210085872e-16,1.5085426403455085e-16,7.937451375359581e-16,4.943320853376339e-16,4.3170780370416424e-16,4.025562575785427e-17,-1.3610068628351494e-17,0.0,0.0,0.0,0.0,0.0,0.0,0.0,0.0,0.0,0.0,0.0,0.0
-0.005490230176243944,4.398926333788552e-5,-8.883381413913179e-15,1.5833720481195786e-14,6.094629732543135e-16,-0.00019183066973616403,0.007762612071702161,0.05151347854265718,-0.00018571572091359546,3.764933814551237e-13,2.155816817711644e-5,7.636687185924395e-6,-4.1893576884120654e-14,-0.0318372768021159,-0.0057180725208185075,-2.5442900020907233e-5,-2.179157065556007e-5,-7.118804853866415e-5,-1.7521286631288014e-5,-1.3448467966366305e-5,-1.7120700419969344e-5,-1.989528708576401e-5,-1.543570092335342e-5,-8.16048010888691e-6,-1.116005225978826e-5,4.7171256729199457e-7,1.8720706916757277e-7,7.997222212711857e-16,4.677663802578588e-16,7.834316391771745e-16,5.72460927100401e-16,-5.04972246821545e-16,4.1383054051528465e-16,3.25364958919176e-16,8.651335922851577e-16,-9.17173053829085e-16,-2.5955758934969855e-15,1.3070990498571119e-18,1.934209929733541e-17,0.0003836006688261731,0.0013231547571167378,0.013551838793676683,-0.0002795456423020549,0.0072360853563737506,-0.0015508095072644772,0.011152755620127405,0.05308179639915688,-0.0019598740600734526,0.0354438121036295,-0.0015856363420184815,-0.001005181188205244,0.001393119619334773,3.953013982036947e-15,0.0004934936331477481,-9.983183456450783e-16,-5.330144284208903e-16,2.440310285801293e-15,4.974249859120754e-16,-1.3963779878400416e-15,7.474074390368009e-16,-5.920197483930187e-16,3.1079154781406755e-16,1.160301145592735e-15,4.171569649169352e-15,1.050185052891673e-15,-6.880889532044678e-17,8.118451702595288e-16,-2.154977635879393e-15,-0.0,-0.0,-0.0,-0.0,-0.0,-0.0,-0.0,-0.0,-0.0,-0.0,-0.0,-0.0
-0.0025991370038884547,2.305237488631799e-5,-4.790347390167735e-15,8.72920677295461e-15,3.235521648936927e-16,-0.00010052046706820726,0.003849300992090449,0.025481753259074952,-9.735623813745071e-5,1.9535426345250325e-13,1.0882910953128897e-5,3.855122844688946e-6,-2.2164344901323615e-14,-0.014634193389015919,-0.005122127720473598,-1.3626060974639928e-5,-1.1962789069563546e-5,-3.577255548409218e-5,-9.420460715845614e-6,-7.283648687847511e-6,-9.17867847121613e-6,-1.0438203842661304e-5,-8.233257391296672e-6,-4.2653179288987505e-6,-5.835827250521322e-6,4.631843313241231e-7,9.941573850802497e-8,4.22183108941328e-16,2.4542815792070274e-16,4.105462548080066e-16,3.023033735522874e-16,-2.636337211016926e-16,2.1745526040802554e-16,1.703831317523259e-16,4.53902685318544e-16,-4.821371095891743e-16,-1.369276558982171e-15,1.2478576790843869e-18,1.0711260297702703e-17,0.0008287298578423652,0.0011735139621791995,0.01167425099956782,0.0005446720442455111,0.0052073849613550865,-0.0005296286918064342,0.010484681116604354,-0.007429167941956615,0.0015750116060740836,0.03201936162724256,-0.0007262047981398548,-0.0005047981148333896,0.0004895575691510766,1.7917172241279296e-15,0.00017341909487326825,-5.561336415115795e-16,-3.052760824001401e-16,1.203880811911064e-15,2.3633713175780893e-16,-7.839674249327669e-16,3.5783097282800285e-16,-3.756026083820416e-16,1.1139080702886365e-16,5.938467800135112e-16,2.1016992888745293e-15,4.950132616585169e-16,-8.39694360732181e-17,4.2833978097495626e-16,-1.134732224987858e-15,-0.0,-0.0,-0.0,-0.0,-0.0,-0.0,-0.0,-0.0,-0.0,-0.0,-0.0,-0.0
0.0015275110508131096,-6.2107136748431865e-6,-1.879587763021458e-15,-1.122685720619707e-15,2.59943362200821e-16,2.5032539125545802e-5,0.002150574378740566,0.013046666843770514,2.367840536134417e-5,9.885251681025401e-14,-1.4715119991021543e-5,-5.212630652412902e-6,-9.624737712460837e-15,-0.03939866586136344,0.0011118836304295323,6.401195127502633e-6,2.50022464062002e-6,8.363926007870497e-6,2.2702482184219856e-6,1.8603249364342474e-6,2.8227135859902596e-6,6.9821956792959e-7,1.2411193539295165e-6,1.1329503061401695e-6,1.3942999692174411e-6,-2.612382398630933e-8,3.186776791552918e-9,3.267020063093884e-16,2.327632167178199e-16,3.6447367894350626e-16,2.5838493033664286e-16,-2.3161979961561534e-16,1.4957194915514104e-16,1.2432813961723784e-16,3.8102713454136117e-16,-3.9675085722673137e-16,-1.0795242528286683e-15,-5.775682706850501e-19,1.0417858643335783e-17,-0.0009756020656121642,-0.0006406903177955427,-0.0015910459687677359,-0.0007984074291342536,-0.0004716196462038337,-0.0010334821330891166,-0.0016082701137536683,-0.01934265665222342,-0.002375910407973681,-0.003093222828848905,-0.0013605494280701912,-0.0005823534822236308,-0.004623736752904371,2.31494669426058e-16,-0.0016378957106363962,-5.731100115674185e-16,-3.4966936398394236e-16,6.494122609290875e-16,7.947885153553947e-17,-8.4505511228872e-16,1.3485818649501348e-16,-5.552189516275931e-16,-8.679902015549383e-17,3.978045072704072e-16,1.3048131423548043e-15,1.5166722126705058e-16,-2.782332330570004e-16,3.0844792888898234e-16,-9.070398162160037e-16,0.0,0.0,0.0,0.0,0.0,0.0,0.0,0.0,0.0,0.0,0.0,0.0
0.011265115540582595,8.762425226905825e-5,-2.436723695519844e-14,5.419999500244318e-14,1.2677655610073625e-15,-0.00038741563456434216,-0.06735561853083061,0.028320927208038398,-0.0003567432606108493,2.53723077835414e-14,8.446823100372606e-7,2.992172020365106e-7,-2.0382678178735063e-13,-0.1322696468397617,-0.016546708652059535,-5.359350523808875e-5,-5.452579259160543e-5,-0.00011151206752741825,-3.9787413893746814e-5,-3.187270450552595e-5,-3.888790636440475e-5,-4.296218537855134e-5,-3.5269463455780105e-5,-1.7027235983165122e-5,-2.272047082976325e-5,4.315169338384695e-6,4.845656402034862e-7,1.895095078419791e-15,1.5815845944848593e-15,2.3513268837948505e-15,1.633708398341553e-15,-1.4458629987113608e-15,6.39195496213092e-16,6.501662571225278e-16,2.230232754778516e-15,-2.3190958957045405e-15,-6.322228520970392e-15,-2.838079424408196e-17,7.364950613463704e-17,0.017401242584095117,0.006268561896776023,0.0798467842123199,0.009059327282688046,0.006415098766248191,0.009118743565359886,0.008529313331326114,-0.29270990161513294,0.012052295323414551,-0.04055513637063664,0.021652159079252654,-0.0015806924007461685,-0.022439207827489756,-2.0580522771647392e-15,-0.00794878346558971,-3.62337716483621e-15,-2.260828719320422e-15,3.0744483823692467e-15,1.24529881381271e-16,-5.4428205256297866e-15,3.6657304823684963e-16,-3.8764119489303944e-15,-9.093359212902148e-16,2.1589309247688866e-15,6.8087891996837245e-15,2.7615614663029386e-16,-2.1845958793452344e-15,1.6507249657056239e-15,-5.305546257439864e-15,-0.0,-0.0,-0.0,-0.0,-0.0,-0.0,-0.0,-0.0,-0.0,-0.0,-0.0,-0.0
0.020534583241418533,0.00016359436616872146,-4.3526598353630654e-14,9.918741193261838e-14,2.315477720059334e-15,-0.0007240493095985474,-0.060983962406793546,0.04489415085939047,-0.0006598451513414383,-1.046708863531497e-13,6.116359993161397e-6,2.166637175883342e-6,-3.1198527136376e-13,-0.24880909458320447,-0.021957264316288253,-9.575220625069762e-5,-9.070387327904881e-5,-0.0002376078457476339,-6.950597513474912e-5,-5.4933667402146695e-5,-6.907265451163264e-5,-7.924424846083226e-5,-6.274175747483064e-5,-3.232257831658175e-5,-4.275798409245486e-5,3.44678898695255e-6,8.867411275533601e-7,3.326672666804347e-15,2.550344138177449e-15,3.869822144969262e-15,2.7712912647928395e-15,-2.429402522272796e-15,1.18061553778857e-15,1.1434217539670253e-15,3.809698829237161e-15,-3.9972810670176545e-15,-1.1013042677225767e-14,-4.073765844323669e-17,1.075712546908235e-16,0.01658475772749011,0.005922809449670176,0.091960401566718,0.009946704626348307,0.009777430295882706,0.007221939203622932,0.025139013382515785,0.013817264502653533,0.019059247273710223,0.014867277050211531,0.016909276385237145,-0.0031349653700893268,-0.04090584587345487,-7.964774997297552e-15,-0.014490338242981295,-6.770269542177503e-15,-4.3253711349109456e-15,3.96260432853631e-15,-1.0919578046136982e-16,-1.0101876074546485e-14,1.7414240805008609e-16,-7.748454973530205e-15,-2.625084430899358e-15,3.4768660772568655e-15,1.0242123743681407e-14,-3.944139949227946e-16,-4.54681619014282e-15,2.91984037646427e-15,-9.14006991524995e-15,-0.0,-0.0,-0.0,-0.0,-0.0,-0.0,-0.0,-0.0,-0.0,-0.0,-0.0,-0.0
-0.011981597842447692,0.00017331631705760214,-1.3879401269988898e-14,6.885884600937507e-14,-3.991901287621748e-16,-0.000742782478307686,-0.053649331147465756,-0.016488014613417118,-0.0007012116356513597,-2.8087610284768233e-13,0.00015059172568767263,5.3345065887408036e-5,-1.168709565629069e-13,0.18450569488945037,-0.02820892985256911,-0.00012505537293512966,-8.832841410174982e-5,-0.0002470043076364118,-7.053237259735443e-5,-5.598878932637147e-5,-7.394673671221787e-5,-6.339245910596992e-5,-5.614136041608452e-5,-3.257421225914694e-5,-4.284914545445047e-5,3.633374938388315e-6,5.737304586010857e-7,-2.4416762304286283e-16,-1.7452667075954864e-16,-2.8326398199339615e-16,-1.9096366598485345e-16,2.030049552104158e-16,-2.0546717954401165e-16,-1.1553246203825481e-16,-3.796334240321225e-16,3.717771969576648e-16,8.44528761228877e-16,-1.0629168410793846e-17,-7.478256757463662e-18,0.02049060047856866,0.011326147587363918,0.08656954476626054,0.012374386028680446,0.01804570289316601,0.012603082043300937,0.0340124849492991,0.02544918957758325,0.02496260907791213,0.04481940313345333,0.02389768533860155,0.0022647082072688542,0.0237853148346505,2.00827951337949e-15,0.008425623521783537,7.79631793354931e-16,5.438169282641359e-16,1.502898105163133e-16,1.177729457146147e-16,1.1885840444438743e-15,1.728859505574023e-16,1.0024682358467412e-15,4.663320691356554e-16,-1.5631455261881321e-16,-2.297442682777192e-16,3.8545627131147325e-16,6.421715422662643e-16,-2.4530100215858113e-16,7.574058716182864e-16,-0.0,-0.0,-0.0,-0.0,-0.0,-0.0,-0.0,-0.0,-0.0,-0.0,-0.0,-0.0
5.225804181344407e-6,7.393864693805293e-6,2.4460585848790565e-16,-4.877303030218608e-16,-3.3672513525528796e-18,-3.1887715410950026e-5,-3.6205671368691163e-6,5.4562254927273366e-5,-2.872438733246051e-5,-5.202065448750906e-15,4.214738624089143e-6,1.4930137077675683e-6,3.6507605017053755e-14,-5.165298511014018e-5,-7.89288251445222e-5,-3.711202484932171e-6,-7.990345860532272e-8,-2.0517748173413753e-5,-1.4137629130683869e-6,-8.236515417132886e-7,-1.9047400821228836e-6,-2.47715587378735e-6,-1.3906883648287644e-6,-1.551363118795443e-6,-1.916228600403327e-6,-1.3831707995283254e-6,2.570553342907281e-8,-2.2124146166539512e-18,-1.7930728761340486e-16,-2.1913890776985427e-16,-8.298240772508635e-17,1.3495247657866053e-16,1.3911502391125034e-17,-1.0275248904524117e-17,-1.3077276936986407e-16,1.1103237620472004e-16,1.2987822303632952e-16,2.280479325946499e-17,-2.2469105046830006e-18,-2.4703154602701007e-6,-2.0739233190169544e-6,1.2356152347088601e-6,-2.1542182910727026e-6,1.7471347365256615e-7,-2.855946884107477e-6,-3.02325813440348e-6,-8.002279639370437e-5,-6.139990112049935e-6,-8.384450141970068e-6,-1.0329029581676478e-6,-2.197502573970708e-6,-1.9883832370264137e-5,1.793542932683614e-16,-7.043576546445975e-6,1.3654943245217353e-16,9.350043101781205e-17,-1.373563165950187e-16,4.735006049446406e-17,2.473183072928961e-16,3.255374239102881e-17,1.4288653366430224e-16,-9.414217984493067e-17,-3.777329105369667e-17,-2.403109773211353e-16,8.593031178736895e-17,9.946366271956544e-17,4.258462074355459e-17,1.6318625654405888e-16,-0.0,-0.0,-0.0,-0.0,-0.0,-0.0,-0.0,-0.0,-0.0,-0.0,-0.0,-0.0
0.0015196310104194945,1.0524431379418218e-6,-1.603497922762408e-15,-1.6572753168085577e-15,2.5401908256031355e-16,-6.271997650278105e-6,0.0021285958324408797,0.01298907932838578,-4.521677340960643e-6,9.324759452069323e-14,-1.0482867109155676e-5,-3.713412757670743e-6,2.6827858981986628e-14,-0.039270903464635507,0.0011825625565383675,2.7439929118041868e-6,2.455536022526627e-6,-1.1856097869404876e-5,8.957621920558681e-7,1.0642486850522262e-6,9.589286529091569e-7,-1.7142089218826665e-6,-1.083429755475734e-7,-3.912770966031587e-7,-4.866283187740125e-7,-1.3965223228828986e-6,2.8163494396489407e-8,3.21077654033366e-16,5.2306988575557875e-17,1.4309093219887787e-16,1.7326844295643811e-16,-9.518100734135352e-17,1.619360792451536e-16,1.128601209471682e-16,2.4724733596794053e-16,-2.8237920977963315e-16,-9.392551921511674e-16,2.2094817902924334e-17,8.096890127967662e-18,-0.0009697272142389238,-0.0006373000470625081,-0.0015762809305578012,-0.000793740764943093,-0.00046747622109608955,-0.0010274966691712587,-0.0015975669782202961,-0.01925643060292556,-0.0023617130025093505,-0.003075124569191604,-0.0013499426992841647,-0.000579549703735692,-0.004603856452627808,4.1121209582710094e-16,-0.0016308533852857315,-4.3116289200779e-16,-2.5286372855172173e-16,5.073316100286386e-16,1.2598933455698996e-16,-5.901304650924016e-16,1.661851724632723e-16,-4.0668798068225693e-16,-1.7853152865105605e-16,3.5636232030778573e-16,1.0537782175853753e-15,2.3615568473150603e-16,-1.758695661638494e-16,3.4758607980624133e-16,-7.356023007565616e-16,0.0,0.0,0.0,0.0,0.0,0.0,0.0,0.0,0.0,0.0,0.0,0.0
0.009884422816225468,5.1695826518222365e-5,-1.2872554194588448e-14,2.0743570276086164e-14,9.085192821425673e-16,-0.0002324537153931239,-0.08098124348864656,0.027233097704810565,-0.00020550310771303622,-1.539977137915518e-13,-1.3526004299932627e-5,-4.791402633143252e-6,-1.4674813232025422e-13,-0.12664456440352803,-0.0033013310855945677,-2.025211016948776e-5,-1.7535319490330866e-5,-0.00010978819778130815,-1.699763650966637e-5,-1.2387031402259404e-5,-1.7187310634130485e-5,-2.777366136023312e-5,-1.8145865850038636e-5,-1.0810683114374537e-5,-1.4183880045171683e-5,-3.876198967968678e-6,3.123197681415206e-7,1.4844675706654682e-15,1.3468495613042887e-15,1.9843342095449938e-15,1.301025995882838e-15,-1.2309462888350783e-15,4.3220043448303763e-16,5.079727620582542e-16,1.8164086922668183e-15,-1.863927942832974e-15,-4.997672848059251e-15,-2.2194556583003462e-17,6.854290674191753e-17,0.011986140680485443,-0.0009436257426489322,0.022971031881214153,0.0005841020122592434,-0.16443527711275083,0.009991803490551267,0.015682806823199908,-0.023299942111960955,-0.2485270458333108,-0.03493720451121156,0.027410093007335073,-0.0013980281595269684,-0.01968375571122045,7.776871840156615e-16,-0.006972702117691209,-2.5982498685907883e-15,-1.5741268389167908e-15,3.219941727168624e-15,3.0147930873735865e-16,-3.920094761898203e-15,6.082320280783263e-16,-2.4987443772612044e-15,-1.6344010886723174e-16,1.866275628439746e-15,6.2769965345805886e-15,7.437004268341528e-16,-1.364796644007538e-15,1.2353675473196885e-15,-4.2426346523024444e-15,0.0,0.0,0.0,0.0,0.0,0.0,0.0,0.0,0.0,0.0,0.0,0.0
0.007616024456956257,8.645319727777382e-5,-1.9908020883698707e-14,4.715553482473722e-14,9.543414620004315e-16,-0.0003810268396113347,-0.07508002256058398,0.022363073665028325,-0.00034977484435945227,-1.327133208251482e-13,1.6421573793540152e-5,5.8171186512126076e-6,-1.9653591851529066e-13,-0.10075849100652698,0.00038501584345247626,-5.1699292626518924e-5,-4.795200999102214e-5,-0.00012446099002569306,-3.671015516297951e-5,-2.9053076553499262e-5,-3.6543172856234276e-5,-4.091808426196342e-5,-3.2746073644546456e-5,-1.6884699984999935e-5,-2.2446998596464e-5,2.0743705569987873e-6,4.3827098843723905e-7,1.5368617196733698e-15,1.4027978585625765e-15,2.0673841218071546e-15,1.3662202809317152e-15,-1.2748565441366095e-15,4.618984166499281e-16,5.274402101384629e-16,1.882657952473784e-15,-1.941662652100879e-15,-5.212327396538583e-15,-3.116787440633713e-17,6.295787533750877e-17,0.009470073174589401,-0.002340103754835863,0.006622049363554822,-0.0014064303077404394,-0.17882526820478312,0.009140256208293887,0.011596259180144246,-0.02812132376704694,0.0027739735585606694,-0.04144657856048651,0.025846445879900447,-0.0010574531483097847,-0.015179548238149885,-6.935265207800813e-16,-0.005377148024927843,-2.8773890062958797e-15,-1.7743870830406176e-15,2.921796827525478e-15,1.795932218583857e-16,-4.3381350132699405e-15,4.353560254551748e-16,-2.948319824904134e-15,-4.722677300512904e-16,1.8477694262030686e-15,6.070313862040406e-15,4.3908224401386936e-16,-1.65483362357711e-15,1.2895368380720297e-15,-4.403346046120273e-15,-0.0,-0.0,-0.0,-0.0,-0.0,-0.0,-0.0,-0.0,-0.0,-0.0,-0.0,-0.0
0.00988351131965676,5.780457398841912e-5,-1.405218283361302e-14,2.4410614479846567e-14,9.46395513617873e-16,-0.00025898654718116085,-0.08097881411560913,0.02723090855857323,-0.00023040926849574907,-1.6140451459085077e-13,-1.0034793736001165e-5,-3.5546888845052526e-6,-1.5721415236971432e-13,-0.12666356812152044,-0.003304570184343837,-2.4576446460285178e-5,-2.1361199865725455e-5,-0.00011696751692136443,-1.9790081066824882e-5,-1.4646763656984865e-5,-1.998509666690701e-5,-3.0351054122772346e-5,-2.0440305645423322e-5,-1.1957849576134843e-5,-1.5716910682483396e-5,-3.499340995094533e-6,3.378526304986166e-7,1.537467104832377e-15,1.3963533208323572e-15,2.0562866686743567e-15,1.3495211288830235e-15,-1.2769154099809528e-15,4.508552278176989e-16,5.268453802092542e-16,1.8827038161311253e-15,-1.9331953425887378e-15,-5.181644116097917e-15,-2.4553434351649653e-17,7.019775471439636e-17,0.01198773875699721,-0.0009410810075642936,0.022974464964959033,0.0005861011068169097,-0.16443122892060913,0.009993601627017514,0.01568646390107527,-0.023296037963222046,-0.2485241073694943,-0.03493339925588526,0.027409995415141594,-0.0013978293294225062,-0.01968375428275535,4.444244236517426e-16,-0.006972701611676987,-2.7342919297368835e-15,-1.6651539197393913e-15,3.235741395214925e-15,2.7949122096382193e-16,-4.125757927265845e-15,5.864968183924096e-16,-2.674453298801654e-15,-2.367663589460745e-16,1.9118470923920746e-15,6.390107186045752e-15,6.905811718506857e-16,-1.4748929155519353e-15,1.278961862227207e-15,-4.395307538480555e-15,0.0,0.0,0.0,0.0,0.0,0.0,0.0,0.0,0.0,0.0,0.0,0.0
-2.9013516222563464e-6,1.4934590923565176e-5,-3.528875638401705e-16,3.31615809612484e-16,8.620134355082059e-17,-6.560225242916279e-5,-2.808996354458932e-5,-3.2498523365280042e-6,-5.845280347921671e-5,-6.192105979345996e-14,8.058102464302327e-6,2.8544729452403883e-6,-2.6043485066355852e-15,0.00014932028079701803,-8.891767995855064e-6,-5.275086517425611e-6,2.2993759585025473e-7,-4.445536871077011e-5,-2.6232927608872204e-6,-1.3963807680088265e-6,-3.333911520706186e-6,-6.322446617701341e-6,-3.2185338776318224e-6,-3.1579271324904084e-6,-4.040665445093945e-6,-3.048075216232298e-6,5.6654402110310935e-8,1.2676654903257877e-16,7.141401132662629e-17,1.183234984834728e-16,8.153142559190038e-17,-8.865896319577728e-17,4.340824407738925e-17,4.58021371212296e-17,1.302115457133645e-16,-1.3935187834106732e-16,-4.1280365099779644e-16,3.792331309505608e-18,7.405236932475547e-18,2.997582196388594e-6,1.2312821248289085e-6,1.7113701992404622e-5,2.5047950579483803e-6,4.01591537907517e-6,3.0020560699513936e-6,9.453633074304812e-6,6.981274714735357e-6,8.263120125920742e-6,1.0410002737797673e-5,1.0270710858687908e-5,6.818588812907266e-7,2.9150873281068586e-9,-9.247823305395004e-16,1.0326298075700223e-9,-3.0535763818374236e-16,-2.1009114417855386e-16,-3.251848465838585e-17,-5.76660147395374e-17,-4.541877000950349e-16,-4.7069588946788946e-17,-4.226669002280872e-16,-2.1458280616925202e-16,9.006528461153364e-17,1.4864431539765618e-16,-1.383127590461034e-16,-2.803054053431989e-16,1.053422487319004e-16,-3.279383953974572e-16,0.0,0.0,0.0,0.0,0.0,0.0,0.0,0.0,0.0,0.0,0.0,0.0
-0.002434956866297525,2.9901834742288265e-5,-4.086218045085848e-15,1.1703951589779053e-14,1.9675369028057694e-16,-0.00013087210386436026,0.0011395128156339194,0.0546883932928545,-0.00011938176447942382,-9.652084869069884e-14,1.03445094597541e-5,3.6644014581544484e-6,-2.5104773248025518e-14,-0.010337498087381637,-0.0021884485986602533,-1.7641806509945328e-5,-1.2584559855871198e-5,-5.240280711390411e-5,-1.0987856424453485e-5,-8.435491405768365e-6,-1.1530854198905583e-5,-1.283450558405985e-5,-9.816995504207638e-6,-5.952121094908695e-6,-7.741321524739236e-6,-8.147036718494556e-7,1.3546171279315756e-7,2.91388623194169e-16,1.7678501810740208e-16,2.807852665690481e-16,2.2134039103740634e-16,-2.1588519940366133e-16,1.0765450121064118e-16,1.2184895035398424e-16,3.408642244649401e-16,-3.528239722162166e-16,-9.44659289073579e-16,2.7589371119477177e-17,-6.239788133528815e-18,0.0007604042657077762,0.0013060615805902708,0.006885194459417625,0.0012958369309891238,0.02168845378601243,0.00010903557864937598,0.0017387235817126817,0.005437933796534485,0.03258424352208744,0.008695890363699969,-0.0007903996931845356,0.0003567208400287805,-0.003334311370186091,8.541141735556752e-15,-0.0011811343471751562,3.9584566336771683e-16,4.391695760622645e-16,2.9015058221322047e-15,8.289378690247812e-16,7.347436725801723e-16,1.1635273944215079e-15,1.3805119526392928e-15,1.4062808500328928e-15,8.584196140222737e-16,3.888689327194916e-15,1.8381225493732693e-15,1.1606328146249915e-15,2.6874897222219027e-16,-7.645336239683922e-16,-0.0,-0.0,-0.0,-0.0,-0.0,-0.0,-0.0,-0.0,-0.0,-0.0,-0.0,-0.0
-5.802703244511901e-6,2.9869181847119216e-5,-7.057751276803446e-16,6.63231619224979e-16,1.7240268710163341e-16,-0.00013120450485833396,-5.617992708922842e-5,-6.499704673065859e-6,-0.00011690560695840142,-1.2384211958693057e-13,1.6116204928600703e-5,5.7089458904936405e-6,-5.238153775968789e-15,0.00029864056159395274,-1.778353599170167e-5,-1.0550173034844242e-5,4.5987519169430585e-7,-8.891073742156098e-5,-5.24658552178602e-6,-2.7927615360195296e-6,-6.667823041407732e-6,-1.2644893235405686e-5,-6.437067755258168e-6,-6.3158542649814106e-6,-8.081330890190608e-6,-6.096150432466443e-6,1.1330880422984451e-7,2.5353309806515803e-16,1.4282802265325288e-16,2.3664699696694485e-16,1.6306285118380087e-16,-1.7731792639155578e-16,8.681648815477763e-17,9.16042742424601e-17,2.6042309142673e-16,-2.7870375668213336e-16,-8.256073019955948e-16,7.584662619007082e-18,1.4810473864949217e-17,5.9951643927792595e-6,2.46256424969893e-6,3.42274039848225e-5,5.009590115898692e-6,8.031830758161116e-6,6.0041121398854e-6,1.8907266148530048e-5,1.396254942948994e-5,1.6526240251865352e-5,2.0820005475595296e-5,2.0541421717384055e-5,1.3637177626016164e-6,5.830174654785603e-9,-1.8495646610790047e-15,2.0652596158648955e-9,-6.107152763674813e-16,-4.201822883571069e-16,-6.503696931676956e-17,-1.153320294790783e-16,-9.083754001900648e-16,-9.413917789357559e-17,-8.45333800456176e-16,-4.2916561233850605e-16,1.801305692230692e-16,2.9728863079531585e-16,-2.7662551809220497e-16,-5.606108106863942e-16,2.1068449746380098e-16,-6.5587679079491325e-16,-0.0,-0.0,-0.0,-0.0,-0.0,-0.0,-0.0,-0.0,-0.0,-0.0,-0.0,-0.0
-1.3442385214899531e-6,7.431749432236445e-6,2.5118019892929737e-16,-4.777700684061809e-16,-4.447784707644756e-18,-3.2043780617386884e-5,-1.2869010613221737e-5,-1.5420294071140723e-6,-2.8871202895722083e-5,-5.644948793536574e-15,4.284479622925887e-6,1.5177185058301814e-6,3.6546472576056396e-14,3.820422727737384e-5,-4.1814432281086015e-6,-3.7461621471002906e-6,-9.61130744965135e-8,-2.0570786199985734e-5,-1.427967458390711e-6,-8.351418815638396e-7,-1.921505176439581e-6,-2.48462944151145e-6,-1.3997448795086087e-6,-1.5583903591895379e-6,-1.925047186117005e-6,-1.3829908967146107e-6,2.5736556103951323e-8,-3.5604563771916805e-18,-1.8028101547210328e-16,-2.2066217155305842e-16,-8.405258178043284e-17,1.3591857708043807e-16,1.328796143013097e-17,-1.0792114975263592e-17,-1.3236002841717773e-16,1.1268161687595432e-16,1.3434432001165916e-16,2.2807028583287452e-17,-2.2910260484595844e-18,1.72763615311942e-6,6.848839649254217e-7,8.084695355949918e-6,1.2821995638377154e-6,2.2091751536561815e-6,1.5911182037326612e-6,3.898778843886057e-6,3.1572142755217577e-6,4.081974587789949e-6,4.92345417042404e-6,4.818955491623585e-6,3.070058960964173e-7,-1.763034451772791e-9,1.7804895008791494e-16,-6.245308043896368e-10,1.388924961346701e-16,9.492329985718792e-17,-1.4014614056637642e-16,4.6993020136360967e-17,2.5077609268769867e-16,3.1958882274832545e-17,1.451126400542949e-16,-9.385774971302723e-17,-3.943861497603039e-17,-2.458284683116939e-16,8.523853047492165e-17,1.0056088549804782e-16,4.130929577930733e-17,1.6695000744601697e-16,-0.0,-0.0,-0.0,-0.0,-0.0,-0.0,-0.0,-0.0,-0.0,-0.0,-0.0,-0.0
-0.002437748489176786,4.410103597387429e-5,-4.297098307796864e-15,1.1594117409733816e-14,2.783953773167747e-16,-0.00019328025290476605,0.001111130396737488,0.0546854069766324,-0.00017483628819742498,-1.5755025516488802e-13,1.7982329325321728e-5,6.3699950222773134e-6,-2.648317456182775e-14,-0.010185890080927549,-0.0021969504340482453,-2.2396316207252575e-5,-1.189405108651992e-5,-9.599390744284072e-5,-1.3274986174396594e-5,-9.559838698027799e-6,-1.452795968548228e-5,-1.8846677783158485e-5,-1.2759317706259646e-5,-8.971948822390617e-6,-1.1597436055975566e-5,-3.9081462027281e-6,1.8904239090063424e-7,4.1177492630938484e-16,2.422396155526087e-16,3.904469080981059e-16,2.9703382429220384e-16,-2.9901025929017566e-16,1.488170242475764e-16,1.6537914401758627e-16,4.630949605348802e-16,-4.838372292572092e-16,-1.3353159165122745e-15,3.166567134473085e-17,9.662331419342509e-19,0.0007632094665691369,0.0013069865197275262,0.006901894876295452,0.001298101068933956,0.021691982367647362,0.00011182116955554843,0.0017477369645743455,0.005444445077890839,0.03259215290095651,0.008705842278170558,-0.0007801172338792289,0.00035737876313435735,-0.00333430862706169,7.65647859473533e-15,-0.0011811333754608874,1.0686518432056293e-16,2.4003655009958475e-16,2.8670853251422974e-15,7.739188474985211e-16,3.053143329464862e-16,1.1190743564508845e-15,9.789974294447516e-16,1.200525281971547e-15,9.429988665129439e-16,4.023717036643721e-15,1.7062044486023282e-15,8.935811349621866e-16,3.688432040784513e-16,-1.074092790679378e-15,0.0,0.0,0.0,0.0,0.0,0.0,0.0,0.0,0.0,0.0,0.0,0.0
-1.3442385214519688e-6,7.43174943220106e-6,2.511801989292436e-16,-4.777700684060634e-16,-4.4477847076435825e-18,-3.204378061722087e-5,-1.2869010613455119e-5,-1.5420294069089783e-6,-2.8871202895574855e-5,-5.644948793546377e-15,4.284479622902481e-6,1.5177185058386878e-6,3.660025687238441e-14,3.820422727701361e-5,-4.18144322816585e-6,-3.746162147133432e-6,-9.611307444702015e-8,-2.05707861999607e-5,-1.4279674583720019e-6,-8.351418815640402e-7,-1.921505176437389e-6,-2.4846294415211297e-6,-1.3997448795007692e-6,-1.5583903591958167e-6,-1.925047186118507e-6,-1.3829908967211956e-6,2.5736556107091406e-8,-3.560456377186761e-18,-1.8028101547209907e-16,-2.2066217155305258e-16,-8.405258178042885e-17,1.3591857708043393e-16,1.3287961430133477e-17,-1.0792114975261747e-17,-1.3236002841717225e-16,1.1268161687594875e-16,1.3434432001164387e-16,2.2807028583286275e-17,-2.2910260484602604e-18,1.7276361531752085e-6,6.848839649481781e-7,8.08469535618766e-6,1.2821995638466998e-6,2.2091751537079767e-6,1.5911182036581183e-6,3.898778843949293e-6,3.1572142749158547e-6,4.0819745878412895e-6,4.923454170330003e-6,4.818955491668433e-6,3.070058960719494e-7,-1.7630345340257443e-9,1.780489500879418e-16,-6.245308183048369e-10,1.3889249613466523e-16,9.492329985718505e-17,-1.4014614056635983e-16,4.6993020136363315e-17,2.5077609268769216e-16,3.195888227483751e-17,1.4511264005429158e-16,-9.385774971302443e-17,-3.9438614976022255e-17,-2.4582846831166685e-16,8.523853047492869e-17,1.0056088549804805e-16,4.130929577931108e-17,1.669500074460047e-16,0.0,0.0,0.0,0.0,0.0,0.0,0.0,0.0,0.0,0.0,0.0,0.0
-0.0014263116630320691,8.355730296218066e-6,8.509623218332934e-16,-1.904610655605247e-15,-9.842301958942113e-18,-3.643382204844906e-5,0.00028717095168853424,0.007327812818336035,-3.237069180007284e-5,-5.710541656646448e-14,7.4002881409767856e-6,2.6214511877157664e-6,3.573745511875389e-15,0.005240227628158019,0.00040515928178854377,-2.387688944999765e-6,1.962284007662096e-6,-2.9613515040522498e-5,-6.69247260165674e-7,-9.69781504793579e-9,-1.2455781913949316e-6,-3.206087829377748e-6,-1.2025221741097533e-6,-1.7954280980944445e-6,-2.2729758260139712e-6,-2.4053635605950506e-6,2.3433086023986007e-8,6.846671158101008e-18,-7.022652835067309e-18,-5.744958828629819e-18,-9.50398127421756e-18,-1.0505312879911212e-17,-9.725005281285404e-19,6.758171320078398e-18,2.826201827457188e-18,-2.4548654393473402e-18,-9.582987298330538e-18,1.5852046609216092e-18,2.4386902023546443e-19,-0.00019890469252168466,-0.00016197065832466057,-0.002000578183466136,-0.0003175046383550786,-0.00402000539305784,-0.00016664979734585698,-7.314583910253346e-5,-0.0007116002223928232,-0.007143367482549038,-0.00011822884975268209,6.092262490557121e-5,5.382351104548778e-5,0.0013995165591675547,1.2162397979726772e-15,0.0004957596618763537,1.3085070783532504e-16,1.0502305070616894e-16,3.5123696492663334e-16,1.1064786183826376e-16,2.1588862133497064e-16,1.6851741219819562e-16,2.6631541332707944e-16,2.183033810348075e-16,8.097802707964702e-17,4.055813160556678e-16,2.562901247972429e-16,1.9342444550355988e-16,-8.294867503677971e-19,-5.4784068389411745e-18,0.0,0.0,0.0,0.0,0.0,0.0,0.0,0.0,0.0,0.0,0.0,0.0
-0.0044273454084649755,0.00010915879784197363,-8.866963326648036e-15,2.2845326393528495e-14,6.455864297789617e-16,-0.0004783108403212962,0.00416339317000218,0.06364458391450036,-0.00043263942034233794,-3.616342910056754e-13,5.6637096316935615e-5,2.0062919267347995e-5,-5.998559022824754e-14,-0.030622250285997892,-0.006097551529819996,-5.026810583138545e-5,-1.99441112117569e-5,-0.00026453995510745504,-2.8686199289466558e-5,-1.9521173275324426e-5,-3.226712774771526e-5,-4.64075404685876e-5,-2.9010598003927625e-5,-2.2330360441182758e-5,-2.8909437275940176e-5,-1.3379742356231739e-5,4.3475834153160145e-7,1.0031042622535481e-15,6.048318885140358e-16,9.79255082811742e-16,7.049149366677172e-16,-7.1669963280991205e-16,3.7149188942803404e-16,3.785733649737112e-16,1.0760767452739991e-15,-1.139300694431316e-15,-3.2076601288783752e-15,4.017452115377916e-18,2.3504891867519815e-17,0.0017913028006288283,0.001957470723165863,0.019897580584831064,0.002139516332784539,0.03771863266610462,-0.001603865082775424,0.005302477133137831,0.010134022021463766,0.05130183587316119,0.0193108091710821,-0.0020145032848889926,-0.0005502165589370092,-0.0015938011414148338,5.048386729574815e-15,-0.0005645823265115997,-1.1470646927136414e-15,-6.05372956417013e-16,3.1781118213421087e-15,6.550047905717786e-16,-1.5461707867167074e-15,1.081573551440702e-15,-6.249888856177843e-16,4.695056805170554e-16,1.475411598601311e-15,5.298273711105044e-15,1.426328496170891e-15,-1.247252342990906e-16,8.649538329552925e-16,-2.6108852441690173e-15,-0.0,-0.0,-0.0,-0.0,-0.0,-0.0,-0.0,-0.0,-0.0,-0.0,-0.0,-0.0
-0.003197283844862248,8.231331691110337e-5,-5.501304473477256e-15,1.1966401765558612e-14,5.291551235638465e-16,-0.00036164413208560666,0.003653495922187247,0.05425375016163527,-0.00032450123519424113,-3.0598645802856127e-13,3.988568089794038e-5,1.4128958717333182e-5,-3.536620280496798e-14,-0.031096802186311317,-0.00628871047564902,-3.370929297243682e-5,-8.384363759748175e-6,-0.00021866090091860423,-1.8707331723334276e-5,-1.1832446584004878e-5,-2.1826720209522605e-5,-3.538971767567873e-5,-2.0368985198693912e-5,-1.711739403683885e-5,-2.2052099025587374e-5,-1.2901988304242681e-5,3.3013079423622073e-7,8.210767651186089e-16,4.817470924575836e-16,7.859260843104818e-16,5.656929444540414e-16,-5.822598434856387e-16,3.0412017313020453e-16,3.107546972078097e-16,8.760786944947629e-16,-9.262605720371953e-16,-2.613776668553811e-15,7.019758143526348e-18,2.057793848002654e-17,0.002042352616272584,0.0021473906767483313,0.021671536349833313,0.002462438227739629,0.04100357403960045,-0.0013201891638906374,0.005425205870237789,0.0107815001435327,-0.03670667916067605,0.019364937779314632,-0.0018923577833518347,-0.0005400585791795754,-0.002350997507130874,4.472189288733152e-15,-0.0008328088164250138,-8.932989015462724e-16,-4.613540642377111e-16,2.685626923627987e-15,5.686933033526711e-16,-1.193050703428923e-15,9.33537314287373e-16,-4.282607845216774e-16,4.440482652521101e-16,1.2245540917442344e-15,4.419505252401277e-15,1.2423021038841035e-15,-4.639909425141971e-17,7.074822170210273e-16,-2.1275179043751684e-15,0.0,0.0,0.0,0.0,0.0,0.0,0.0,0.0,0.0,0.0,0.0,0.0
0.0001967711400707765,4.2172893043407187e-7,-1.3460501095881566e-16,-3.8609661153166024e-16,3.497858080683432e-17,-2.213520281927988e-6,0.00022803618110216008,0.002363419559636332,-1.4262265581116493e-6,-6.473724504938061e-15,-1.3057670127142472e-6,-4.6255016345802336e-7,-1.239291476063517e-15,-0.005193685193906366,-2.369832798258982e-5,6.601985131797563e-7,8.509575145455895e-7,-3.96087147450318e-6,3.001945611151242e-7,3.3887072095246603e-7,2.629305847123988e-7,-4.297193549398776e-7,1.970505279002745e-8,-1.4035815831953112e-7,-1.7205040206229497e-7,-4.71079142398473e-7,4.9305791427961456e-9,4.8230954235734894e-17,3.495243078514819e-17,5.428509594254797e-17,3.7247241893378553e-17,-3.720039655225621e-17,1.868742885635687e-17,1.8110947503355804e-17,5.666390556208647e-17,-5.873497977551746e-17,-1.5847182075522435e-16,2.785619298773213e-21,1.5358014662948732e-18,-0.00019275327882017668,-0.00015949020450990522,-0.0007621994659207678,-0.00015716438237546647,-0.001008936388240056,-0.00016648210912889212,-0.0002993981737839543,-0.0004219020783836156,-0.0016426685924097327,-0.0006377038360666234,-0.0001975700121220862,-7.098138355539615e-5,-0.0006813719869012319,1.1169965179948255e-16,-0.00024136673741044428,-7.431288846137129e-17,-4.386093363147844e-17,1.2054594715051765e-16,1.9150105197738515e-17,-1.0734423717836631e-16,3.333884725596993e-17,-6.280073031577033e-17,3.1397702437466552e-18,6.396470785155238e-17,2.1945351153050743e-16,4.033215163603388e-17,-3.003508748767109e-17,4.163446013602515e-17,-1.3230460229412048e-16,-0.0,-0.0,-0.0,-0.0,-0.0,-0.0,-0.0,-0.0,-0.0,-0.0,-0.0,-0.0
0.008895144434138188,5.212078937193937e-5,-1.2659824308277453e-14,2.2008416885108e-14,8.522872502463475e-16,-0.0002335087711957092,-0.07288096496151662,0.02450778755532448,-0.0002077571349528012,-1.454295014096961e-13,-8.976814161591687e-6,-3.1799140428842094e-6,-1.4157878590773285e-13,-0.11399710434725725,-0.0029741662560838975,-2.2177069894077415e-5,-1.9265627048795777e-5,-0.00010543964807422473,-1.7846517653853723e-5,-1.3209277770594891e-5,-1.802371085464545e-5,-2.7356192907606803e-5,-1.842737006069143e-5,-1.0780951073277862e-5,-1.4170019820721185e-5,-3.1516842126790703e-6,3.0445706403960483e-7,1.384479814522395e-15,1.2572205442303446e-15,1.8514507379834534e-15,1.2151469716719122e-15,-1.149753648871356e-15,4.060480295016798e-16,4.744274669637774e-16,1.695247838291669e-15,-1.740750464360506e-15,-4.66599199233946e-15,-2.210050459352792e-17,6.320399306298775e-17,0.010788988467762113,-0.0008469430821407149,0.020677090776268777,0.0005275176447010213,-0.1479880541626248,0.008994267070179822,0.014117875749156818,-0.020966378067728872,-0.2236716478856598,-0.031439997015069235,0.024669016206201398,-0.0012580428640025848,-0.017715378835942285,3.9510131386749345e-16,-0.006275431443942624,-2.4626933154124433e-15,-1.499871566673232e-15,2.9121756470404687e-15,2.5125090683506705e-16,-3.715905032302103e-15,5.275635482015512e-16,-2.4094426431292983e-15,-2.1428863115623982e-16,1.7212584196404064e-15,5.7523511506221686e-15,6.207995860632498e-16,-1.3289462506360383e-15,1.1517282691301122e-15,-3.957797047008809e-15,0.0,0.0,0.0,0.0,0.0,0.0,0.0,0.0,0.0,0.0,0.0,0.0
0.020535648003908228,0.00015837143978377627,-4.3873122040588073e-14,9.959122773957537e-14,2.3233844782273403e-15,-0.0007011801351377334,-0.06097023192960317,0.04489501151800694,-0.0006401477658390314,-5.5986639594158866e-14,2.93800147056669e-6,1.0407469985625102e-6,-3.146592694160974e-13,-0.24872677319587455,-0.02195413752959519,-9.413365905136391e-5,-9.177360148990186e-5,-0.00021965858992153113,-6.901390909163507e-5,-5.484274572601449e-5,-6.81863909705843e-5,-7.722588983941733e-5,-6.193081635744208e-5,-3.116752493500836e-5,-4.132693714717864e-5,4.919358235547065e-6,8.687479038458446e-7,3.3246432258243535e-15,2.559362300415092e-15,3.885458226108902e-15,2.7762990837400727e-15,-2.4330423487810763e-15,1.1866149833671968e-15,1.145129965582933e-15,3.820418586853256e-15,-4.006140285346165e-15,-1.102836294227804e-14,-3.8725232022370044e-17,1.0629329560366354e-16,0.0165837313097245,0.005922908917770294,0.09195364483161522,0.00994608769423676,0.009776584606495234,0.007221002208290282,0.025135898373259764,0.0138152000204756,0.019056221887672305,0.014863591823903555,0.016904582040830514,-0.0031352226611935643,-0.04090584576213428,-7.93584260676444e-15,-0.01449033820354751,-6.781964500081929e-15,-4.330717287089992e-15,3.977550546848507e-15,-1.0574145491149804e-16,-1.0122526748665023e-14,1.681312712629443e-16,-7.751086265405878e-15,-2.6212212824181787e-15,3.4800239119797267e-15,1.027627773880576e-14,-3.9618031730470787e-16,-4.5400066187843346e-15,2.9267245269236483e-15,-9.156112500071957e-15,-0.0,-0.0,-0.0,-0.0,-0.0,-0.0,-0.0,-0.0,-0.0,-0.0,-0.0,-0.0
-0.011982699802305749,0.00018005401842181626,-1.4561107653304164e-14,7.128881873117833e-14,-3.835573961758608e-16,-0.0007719981405546362,-0.053652858006251844,-0.016490002197824566,-0.0007280172823598658,-2.9611198474017456e-13,0.00015454525136683877,5.474554846465597e-5,-1.1606725793252486e-13,0.16636880964864523,-0.01007221845208601,-0.00012919360039591554,-9.081270988511602e-5,-0.0002594569873180487,-7.286044872633287e-5,-5.775391144028193e-5,-7.64657357384454e-5,-6.602773350128331e-5,-5.8160186773336034e-5,-3.390677746603131e-5,-4.457114448433343e-5,3.341788434189231e-6,5.998747811459352e-7,-2.1753382208896209e-16,-1.8469709457929886e-16,-2.8988590263776057e-16,-1.8235646090373292e-16,2.0528305102297214e-16,-1.9551986960349274e-16,-1.0855341270943313e-16,-3.719483715560436e-16,3.58722591540008e-16,7.773770777651783e-16,-7.962188113961132e-18,-7.62397780788155e-18,0.02049227048776556,0.011328037516627311,0.08657481520230026,0.01237615147997459,0.018049136989490094,0.012604837807287442,0.03401635451418798,0.025452911021564627,0.02496605165755218,0.04482372503291339,0.023899472912876047,0.0022649565909724167,0.023785315236258663,1.8809324346114343e-15,0.008425623664047742,7.392839789854805e-16,5.171901537569532e-16,1.3366472936331396e-16,1.1697438507730357e-16,1.137026363395352e-15,1.7066267290119847e-16,9.436898270376954e-16,4.1010211950123437e-16,-1.397656877366932e-16,-2.1606126821609093e-16,3.7811177921884776e-16,6.062771136084229e-16,-2.1664853925179807e-16,7.135813695469301e-16,-0.0,-0.0,-0.0,-0.0,-0.0,-0.0,-0.0,-0.0,-0.0,-0.0,-0.0,-0.0
7.493147324487969e-6,7.4354701208854385e-6,2.4725071541264406e-16,-5.022727280712425e-16,-2.9297648011397724e-18,-3.207726525707549e-5,-2.6296626516868172e-6,0.00010458048415614574,-2.8873908289913977e-5,-5.912594457980037e-15,4.217065387501468e-6,1.4938379319771356e-6,3.6520837022016716e-14,-7.857891214645578e-5,-0.00012161529063318976,-3.7063068581193614e-6,-5.025573661650767e-8,-2.0725981258732098e-5,-1.4083468828926662e-6,-8.150827324759352e-7,-1.9033276933924952e-6,-2.497821927291432e-6,-1.393736498983748e-6,-1.5617676780563852e-6,-1.9289353949591434e-6,-1.4043249433095893e-6,2.5896842421873808e-8,-1.4742328774865076e-18,-1.7875584664177712e-16,-2.1829365480129575e-16,-8.24401950457333e-17,1.342944572208282e-16,1.40998130123232e-17,-1.0004098984634776e-17,-1.298917611183465e-16,1.1012748282064691e-16,1.2747888193764357e-16,2.2808259614438917e-17,-2.223147505199928e-18,-6.930897559683758e-6,-6.481566849546413e-6,-2.614818993674897e-5,-5.778981694628443e-6,-4.310104325048599e-5,-5.888166210330323e-6,-9.553021853817389e-6,-1.579522233439878e-5,-6.968137248906429e-5,-2.3719017913392467e-5,-4.053732481222808e-6,-2.880583116552521e-6,-3.0595367117324985e-5,1.8350229375902886e-16,-1.0837991703297511e-5,1.3572989423935486e-16,9.306979986133656e-17,-1.3474220187646688e-16,4.787595277194286e-17,2.4621067957244793e-16,3.3478025899317266e-17,1.4252296467111618e-16,-9.359664088811262e-17,-3.663109048891417e-17,-2.3611345350121504e-16,8.710786725892635e-17,9.935381453580406e-17,4.3108697738360836e-17,1.6120583283549011e-16,-0.0,-0.0,-0.0,-0.0,-0.0,-0.0,-0.0,-0.0,-0.0,-0.0,-0.0,-0.0
0.00018659003855601977,7.846260634491847e-6,1.2102242418077414e-16,-8.410733655602555e-16,2.90006727743377e-17,-3.4208718774759935e-5,0.00020492721558936844,0.0022557561946847304,-3.0280578545020717e-5,-1.1851212306823075e-14,3.0440905126611364e-6,1.0783275730816655e-6,3.536274955164088e-14,-0.005038687215357965,8.955591339633266e-5,-3.1232891746893587e-6,7.109377805067669e-7,-2.437185985150608e-5,-1.145894396103908e-6,-5.151306368149992e-7,-1.6752035934783359e-6,-2.8998032715351985e-6,-1.3848417699511082e-6,-1.694706662417427e-6,-2.0923392353390165e-6,-1.8328612263239662e-6,3.0492858371857385e-8,4.25670732368054e-17,-1.468412449210143e-16,-1.6873424587829262e-16,-4.842120336555244e-17,1.003350258042951e-16,3.1154698087260484e-17,6.5263369171008055e-18,-7.81651117445518e-17,5.650586589984972e-17,-1.722190439741018e-17,2.280594458256359e-17,-8.2294583141298955e-19,-0.00018236804133410758,-0.00015164019482577943,-0.0007198840236203657,-0.00014882208328739045,-0.0009614191804188984,-0.0001574127134097153,-0.00028204955288991737,-0.0003997945288491323,-0.0015648249786444132,-0.000604140072273425,-0.0001838785641000074,-6.748690226374454e-5,-0.000650780146056444,2.843678435019021e-16,-0.0002305299948408671,6.77649111113196e-17,5.293033588428259e-17,-2.4988920775618134e-17,6.525892563854397e-17,1.4802466735832357e-16,6.378063030515776e-17,8.493514877569908e-17,-9.093963382466365e-17,2.1709017240355142e-17,-3.609239720870213e-17,1.2370344436605317e-16,7.175112240159081e-17,8.112219583583189e-17,4.0413945930273835e-17,0.0,0.0,0.0,0.0,0.0,0.0,0.0,0.0,0.0,0.0,0.0,0.0
0.01545759512299374,0.00013683952899281083,-3.116105713514433e-14,7.095157945342628e-14,1.5845593023858276e-15,-0.0006043325157805706,-0.07446230335765983,0.03690343082459506,-0.0005485995203107085,-1.0368298048536593e-13,1.1942660542196288e-5,4.230524702285656e-6,-2.5854009588083127e-13,-0.19195664384244712,-0.012058975476237166,-7.533660799355875e-5,-6.326153821181624e-5,-0.00023166892303681295,-5.2614710488560666e-5,-4.060410602696145e-5,-5.347249570660744e-5,-6.465618140410015e-5,-4.867903714336668e-5,-2.7372867265546672e-5,-3.591528670322766e-5,-2.1131659702355873e-6,7.132656464033906e-7,2.4005435093392816e-15,2.001290503685602e-15,2.975842297827781e-15,2.0759146126272872e-15,-1.8531638912089865e-15,7.767680559135383e-16,8.150815553948797e-16,2.8381857768847264e-15,-2.9482199206644615e-15,-8.010125840229918e-15,-4.03862976430139e-17,8.385211072790005e-17,0.017211579678030338,0.005403159797151392,0.07718524756754631,0.009267605718401494,0.006449121448009206,0.007946731291945662,0.008078061183936443,0.003894434339560831,0.012966401151948482,-0.29720208144119936,0.023351018556619453,-0.0022553212876089044,-0.030798009403890332,-2.98368364159068e-15,-0.010909774970879707,-4.628975744920563e-15,-2.8998520243700816e-15,3.79176189629456e-15,1.389761549635271e-16,-6.933480927616153e-15,4.469887024424733e-16,-5.000814964386933e-15,-1.2631497288070714e-15,2.7125377010379166e-15,8.520955113278248e-15,2.7450102583889415e-16,-2.8556734622605597e-15,2.0558133239013337e-15,-6.701839693357019e-15,-0.0,-0.0,-0.0,-0.0,-0.0,-0.0,-0.0,-0.0,-0.0,-0.0,-0.0,-0.0
0.0107787813609764,0.0001055080925073147,-2.4128973581471215e-14,5.627726519790883e-14,1.1642737625512215e-15,-0.0004652869882897872,-0.07386228847660077,0.02812222870234493,-0.00042463995191501685,-9.153851155204909e-14,1.3988368362309042e-5,4.955188802750718e-6,-2.1642634196142476e-13,-0.14606856647294122,0.00370720246451293,-6.0658649383626144e-5,-5.321282018077058e-5,-0.00016611589212137937,-4.250004439438156e-5,-3.3210042428582975e-5,-4.281583679266095e-5,-4.968944313187384e-5,-3.856346072705244e-5,-2.0876019430961283e-5,-2.752892666685753e-5,2.794876867988945e-7,5.427182974577562e-7,1.8227319524615864e-15,1.592400784200529e-15,2.3521302697994717e-15,1.6058745030809012e-15,-1.4518433759166859e-15,5.666718818187864e-16,6.194321471141928e-16,2.190772676942859e-15,-2.2677336528658268e-15,-6.121589870548281e-15,-3.59195889157876e-17,6.905946378514972e-17,0.011165216060616484,0.001073491054569079,0.026267206480720943,0.004173046831806266,-0.0039280706539263745,0.004875237039300307,-0.026831945445759516,-0.017997898032087626,-0.003803789034597187,-0.1700544645269375,0.024286806192527433,-0.0015235045075405844,-0.021478546338752465,-1.2508261656613222e-15,-0.007608482229627655,-3.4298974049728128e-15,-2.1248778476998862e-15,3.2430108000340173e-15,1.8227293135186562e-16,-5.154084283904199e-15,4.538239367416824e-16,-3.582515787675744e-15,-7.104808529514632e-16,2.1402112475729376e-15,6.917432003065028e-15,4.207689960057288e-16,-2.0134037509040855e-15,1.547973838818675e-15,-5.149935998369812e-15,-0.0,-0.0,-0.0,-0.0,-0.0,-0.0,-0.0,-0.0,-0.0,-0.0,-0.0,-0.0
0.015263392294962893,0.00013497046360886459,-3.0822041684598605e-14,7.019402048985431e-14,1.5683078146272483e-15,-0.0005961004944285537,-0.07297481503384508,0.03637969061472408,-0.0005411613797332616,-1.0205715427058784e-13,1.1704825875580384e-5,4.1462750137214835e-6,-2.559319237199366e-13,-0.1897378804303083,-0.011712473596947128,-7.43572721112628e-5,-6.25660502335454e-5,-0.00022807786524294498,-5.196935863362895e-5,-4.0120089538578716e-5,-5.279648249954833e-5,-6.380321673433729e-5,-4.806803215146123e-5,-2.6993994347903634e-5,-3.542349323355462e-5,-2.0175930154558737e-6,7.038919075829629e-7,2.3732201342343568e-15,1.9796279866806596e-15,2.943361629566244e-15,2.052808859255424e-15,-1.8333016806453554e-15,7.68855013209236e-16,8.061562393212855e-16,2.8072002818902715e-15,-2.9159784434253413e-15,-7.920677459729879e-15,-4.0173316576202756e-17,8.285652643879018e-17,0.016828073821399468,0.005258912922382206,0.07549104330813415,0.009054686042782655,0.006254702287156734,0.0077542930694413405,0.00777766131475969,0.003705152265032545,0.0126305894786815,-0.2925506551131212,0.022849601494920685,-0.0022295350297531,-0.030411010064668967,-3.0129676326446654e-15,-0.010772685730811788,-4.584864645492805e-15,-2.8736858391638425e-15,3.73220159909313e-15,1.315726646401524e-16,-6.8679466750908426e-15,4.343242681488653e-16,-4.9598205294535995e-15,-1.2596276174380696e-15,2.6781790971317323e-15,8.405707218590265e-15,2.571476977902449e-16,-2.8346152914319056e-15,2.032190161329449e-15,-6.627053882356059e-15,-0.0,-0.0,-0.0,-0.0,-0.0,-0.0,-0.0,-0.0,-0.0,-0.0,-0.0,-0.0
-5.055527071972347e-6,2.480661525492602e-5,7.826655102906339e-16,-2.124585230870711e-15,-4.568468060776988e-17,-0.00010809329791853978,-6.501819773163823e-5,-4.013895557501799e-6,-9.506498842854798e-5,-1.6318830076574543e-15,1.356621826960838e-5,4.805647878432886e-6,5.573766896634554e-15,-5.602144247350131e-5,-1.4933028422382938e-5,-7.350055887478237e-6,5.725315502673035e-6,-8.706618008863691e-5,-2.0378291030823134e-6,-9.336058708409704e-8,-3.861890446089579e-6,-9.440947534163673e-6,-3.6059396036049677e-6,-5.422696074932853e-6,-6.731584317723083e-6,-7.18853208787053e-6,8.644178260676912e-8,-3.4754971986520566e-17,-2.3300454287137457e-17,-3.389438236019096e-17,-2.7141999941402675e-17,1.552930697897549e-17,-3.409948564404028e-17,-1.52779878929463e-17,-3.0430211367089676e-17,3.5220321825853743e-17,9.97337488527709e-17,3.9793380493584175e-18,-7.020595048392188e-19,4.847613458267164e-6,-7.964604296245947e-7,3.284999362512155e-5,2.791069543700856e-6,3.5425956147014057e-6,4.306370248772418e-6,1.4711201932759028e-5,9.518153359302184e-6,1.428639644602292e-5,1.7441661930560543e-5,2.2820871421541323e-5,1.2256615811861576e-6,-5.976506177242434e-10,1.6706395008392975e-16,-2.1170953386026961e-10,8.026921001535564e-17,5.239654678420998e-17,-1.1972755550430483e-17,8.448796597016284e-18,1.2049051348448194e-16,1.5180017366030034e-17,8.767884574614267e-17,2.842813059084606e-17,-3.396039333645996e-17,-7.005580437604697e-17,8.837020586953665e-18,4.769135668048158e-17,-4.107678115999782e-17,9.296054662485854e-17,-0.0,-0.0,-0.0,-0.0,-0.0,-0.0,-0.0,-0.0,-0.0,-0.0,-0.0,-0.0
-0.0006767287761574666,2.5594627296484348e-5,5.074692590460806e-16,-1.1130680684385434e-15,-4.187877981818696e-17,-0.00011150413530942107,0.00012208929228968391,0.011143081369881964,-9.837346631763555e-5,-9.991237997496565e-15,1.3385261991764187e-5,4.741546584332975e-6,4.066605948029424e-15,-0.0003272491839384902,-0.00023281914024971199,-8.440373233908068e-6,4.287955208600342e-6,-8.532252102003367e-5,-2.814280188974358e-6,-7.963413363000808e-7,-4.585186486846605e-6,-9.780530066940498e-6,-4.146694362973509e-6,-5.5503621452305e-6,-6.906288618480345e-6,-6.762620133498546e-6,9.17955872418513e-8,-2.6862015294359152e-17,-2.0633866734005725e-17,-2.9183445688231025e-17,-2.041386707613067e-17,7.263893020846334e-18,-3.046234889424147e-17,-8.282241519947155e-18,-1.6200605705259145e-17,2.213543394135849e-17,7.593172774594576e-17,9.475616737730606e-18,-4.063935527703872e-18,6.802430783979916e-6,0.00010442475680764662,-8.120939577860922e-6,4.1124392947030195e-5,0.00022281273078466257,6.662310508497412e-5,0.000556682704049238,0.0004546166732704,0.00021849161931173578,0.008875579736042673,-7.597384811190515e-5,0.00010058808059149568,-0.00037312499655703954,2.2469138328024703e-15,-0.00013217444332387721,2.848603155883798e-16,2.2585373490431056e-16,5.82086527765092e-16,1.9786519293203346e-16,4.55231453535257e-16,2.7191583132136687e-16,5.352747386843243e-16,3.9713548389808645e-16,1.0157285430860594e-16,6.436914955014859e-16,4.3383528769981544e-16,3.9090512574803594e-16,-3.05306890532543e-17,7.325844700304667e-17,0.0,0.0,0.0,0.0,0.0,0.0,0.0,0.0,0.0,0.0,0.0,0.0
-1.0105768896310005e-5,4.958315140483749e-5,1.5642991606530813e-15,-4.247381553124096e-15,-9.135978784373767e-17,-0.00021605721234388016,-0.0001299903396381907,-8.021240197826422e-6,-0.00019001276751897512,-3.23621491644106e-15,2.7114894728982447e-5,9.605081809693155e-6,1.1015399121631907e-14,-0.00011224767687236223,-2.9849399627996387e-5,-1.46835408897902e-5,1.1452672496338596e-5,-0.00017405413203630172,-4.069132915504375e-6,-1.8260465825253648e-7,-7.715306353541498e-6,-1.8872152442458726e-5,-7.205922475650202e-6,-1.0839145130574665e-5,-1.3455460852878282e-5,-1.437216970594866e-5,1.7277954587554387e-7,-6.950178423522397e-17,-4.5713141581531537e-17,-6.670361575872549e-17,-5.387454461820712e-17,3.038874630303475e-17,-6.82741950792277e-17,-3.050662606554121e-17,-6.021227692921496e-17,6.989140557562492e-17,1.9882845198454022e-16,7.846648245438156e-18,-1.3929481460403934e-18,9.687983315783469e-6,-1.5965353441888701e-6,6.566886810176652e-5,5.576542628204039e-6,7.075202673761419e-6,8.606026052892347e-6,2.9407087944253674e-5,1.9023249391667654e-5,2.855645227484906e-5,3.486367215205879e-5,4.5624079618983304e-5,2.4501355014766025e-6,-1.1867205144482593e-9,3.3329049586108437e-16,-4.203794940888496e-10,1.5987149693035232e-16,1.0433662545628825e-16,-2.325370405364364e-17,1.6666832234966517e-17,2.397701905452045e-16,3.020567794221487e-17,1.7466194364416576e-16,5.732953490909549e-17,-6.773446574985939e-17,-1.3891152650022798e-16,1.7253701008434446e-17,9.489699866711561e-17,-8.236966981330324e-17,1.8511848270505238e-16,0.0,0.0,0.0,0.0,0.0,0.0,0.0,0.0,0.0,0.0,0.0,0.0
-1.369730258662432e-6,7.5568330698713265e-6,2.551266724038582e-16,-4.884829708502605e-16,-4.6781428591759466e-18,-3.258882486337231e-5,-1.3196855125776137e-5,-1.5622688733652378e-6,-2.9350553844737364e-5,-5.653177318919627e-15,4.3528852441848045e-6,1.5419502646459988e-6,3.6591234838284427e-14,3.7921747553990056e-5,-4.256740784753574e-6,-3.783223701825347e-6,-6.724402957711899e-8,-2.1009804357511242e-5,-1.4382429060506446e-6,-8.356126383197726e-7,-1.9409781799080387e-6,-2.5322340037895e-6,-1.417927289246297e-6,-1.5857334910110448e-6,-1.958990190646066e-6,-1.4192379918490637e-6,2.6172425832687453e-8,-3.7357031119060024e-18,-1.8039850451893004e-16,-2.2083307889362879e-16,-8.418944124517972e-17,1.3599688128225002e-16,1.3116019887006395e-17,-1.0869151938270527e-17,-1.325134681949688e-16,1.1285921006745574e-16,1.3484721248511954e-16,2.282709379869315e-17,-2.2945660782412038e-18,1.752079517114015e-6,6.808679327390833e-7,8.250336523035216e-6,1.2962731134583278e-6,2.2270381609429717e-6,1.6128324298657454e-6,3.972957873728135e-6,3.205208136539462e-6,4.1540115997230305e-6,5.011401135380612e-6,4.934026313757963e-6,3.131861108087202e-7,-1.7660479738468135e-9,1.788913450049224e-16,-6.255982937135786e-10,1.392972415897684e-16,9.518750158746049e-17,-1.4020651139090611e-16,4.703562192630038e-17,2.5138364803433832e-16,3.203542523615592e-17,1.4555474748648566e-16,-9.371440512733373e-17,-3.960985516704545e-17,-2.4618171420033956e-16,8.528308982612432e-17,1.0080136201277198e-16,4.11021722697925e-17,1.6741874706289e-16,0.0,0.0,0.0,0.0,0.0,0.0,0.0,0.0,0.0,0.0,0.0,0.0
-0.0006959222238354,5.036234989005189e-5,1.2919049668484619e-15,-3.2362245460417728e-15,-8.789346937155475e-17,-0.0002194273509807442,5.9192152593430776e-5,0.011319513354000972,-0.00019328687903183138,-1.1724072276267527e-14,2.693106912004288e-5,9.539964094191842e-6,9.485237978542052e-15,-0.00034607639063861603,-0.0002544522980518005,-1.5778577664481425e-5,1.0006154082357256e-5,-0.0001722560289351252,-4.8480636976384224e-6,-8.888418786049762e-7,-8.440581489433213e-6,-1.9206191936941884e-5,-7.746395186352165e-6,-1.0964686498838005e-5,-1.3627350560354493e-5,-1.3940660882795203e-5,1.7809800918759479e-7,-6.201319495161061e-17,-4.347973096694226e-17,-6.261692813214229e-17,-4.751214996994799e-17,2.243326581111431e-17,-6.477547653223681e-17,-2.3585957925536248e-17,-4.641553881441579e-17,5.728293470529204e-17,1.7646558487043883e-16,1.3450374232258809e-17,-4.828448609723942e-18,1.3012228850215467e-5,0.0001064569197139176,2.930253556216991e-5,4.5445940607594244e-5,0.00023190169124459603,7.300313192057993e-5,0.0005843646212352191,0.0004746738732929514,0.0002384675187167924,0.009071988653775401,-5.3525232607811695e-5,0.00010396918369332118,-0.00037347585173571035,2.4502224479634445e-15,-0.00013229872898780235,3.691432539941835e-16,2.815215067659178e-16,5.80314483047149e-16,2.0937038551048776e-16,5.820085156645708e-16,2.91330512566702e-16,6.312751424243221e-16,4.3276472273870575e-16,6.954863610068366e-17,5.85335306756416e-16,4.496679890700878e-16,4.447854795163342e-16,-7.210058323874445e-17,1.6662548604885495e-16,0.0,0.0,0.0,0.0,0.0,0.0,0.0,0.0,0.0,0.0,0.0,0.0
-8.41566007592412e-8,7.540593574670945e-6,2.526514044416865e-16,-4.891029027027268e-16,-4.361561831023757e-18,-3.252174557851211e-5,-1.0622828255446222e-5,6.317390641810088e-5,-2.9284872312523348e-5,-5.645939243789131e-15,4.320333496662025e-6,1.5304192518634563e-6,3.656929218036687e-14,-2.9625386051569966e-5,-4.4375384810832437e-7,-3.7711231634308434e-6,-6.351639419375123e-8,-2.0976558794203425e-5,-1.4336046204195604e-6,-8.322280486455151e-7,-1.935412406285651e-6,-2.528494458290105e-6,-1.4147310283072325e-6,-1.5827882047109797e-6,-1.9551441202257975e-6,-1.4180962495191688e-6,2.6166936080742626e-8,-3.3241262346454405e-18,-1.8007420667447347e-16,-2.203439475611568e-16,-8.3835157748589e-17,1.356599002778049e-16,1.3281714416125391e-17,-1.0700139987106706e-17,-1.3197722448107537e-16,1.1231672832648912e-16,1.3347539272902897e-16,2.285097124831615e-17,-2.298560865792356e-18,-3.6837151643911427e-7,-5.181142394344666e-7,-3.562144754464258e-7,5.16969668715639e-8,2.869916245912912e-7,2.6227086965985953e-7,4.1818686399445375e-7,4.5623081595808156e-7,1.5138918238538117e-6,5.8872212412418364e-8,2.391371669115302e-6,2.0521376918259544e-8,-1.1173334421984069e-5,1.8855675927575397e-16,-3.958001395977376e-6,1.3954147018268988e-16,9.555690460128623e-17,-1.3673003570439254e-16,4.798312312844532e-17,2.5188569477455704e-16,3.335224987023585e-17,1.4692837734129995e-16,-9.2116747206612e-17,-3.8529905368093905e-17,-2.413867734491055e-16,8.73788824560919e-17,1.0201254386774733e-16,4.14801151142937e-17,1.6625849862926998e-16,0.0,0.0,0.0,0.0,0.0,0.0,0.0,0.0,0.0,0.0,0.0,0.0
-0.0077114956380043495,7.861275174481752e-5,2.1478726650076786e-15,-8.479400952722728e-15,-6.29749013926258e-17,-0.0003431190281986017,0.019158642644155774,0.019855875637314734,-0.0003030889049152034,1.29742155679401e-13,5.6387399794990286e-5,1.9974467667753087e-5,2.2656339204983336e-14,0.007707417642058171,-0.003194316723893826,-1.7564963443247e-5,2.7057496679006095e-5,-0.00030257337441667187,-2.5292325257960644e-6,3.6670306664097266e-6,-8.519961649280393e-6,-3.023874490268936e-5,-9.193380888832327e-6,-1.723502152833485e-5,-2.1570952302264388e-5,-2.623959548273872e-5,2.400220432369354e-7,4.168918623504087e-18,-4.625080296686053e-17,-2.6404487456360625e-17,-1.929005848588999e-17,-2.2667361268914063e-17,-1.335065469661246e-17,1.6921663479173323e-17,2.782971484507707e-17,-2.399074864862119e-17,-4.654484987417516e-17,4.796776692220748e-18,-1.1178633876027525e-17,-0.0005300295580845385,9.558359657108875e-5,0.014765987157614454,0.0010179550114089522,0.001085959165801723,-0.0021717796948406086,0.004239126803506869,0.002209898878953839,-0.0029972889206863677,-0.08099328694231692,-0.0007572311834988404,-0.0008108365098695371,0.007826253141373623,2.2692949184778406e-15,0.002772343482261825,2.163773999532622e-16,1.7100258143109764e-16,6.038106192373591e-16,2.277361100182369e-16,3.7449836308020884e-16,3.23124415968911e-16,4.3148823818943865e-16,2.7297649297106217e-16,1.2623271705862242e-16,7.317116607359101e-16,4.1422830808253866e-16,3.172541498505654e-16,6.739791834629359e-19,-1.4185329676968216e-17,0.0,0.0,0.0,0.0,0.0,0.0,0.0,0.0,0.0,0.0,0.0,0.0
-0.007995273590160636,0.0001578795657447835,-9.367425024252495e-15,1.2765224954709508e-14,7.102440794342973e-16,-0.0006930414098805522,0.038169690485511075,0.04886871016094702,-0.0006166833494160079,2.576823856265784e-13,8.485127204213683e-5,3.0057406385915222e-5,-2.8122774068873685e-14,-0.05963819982555168,-0.016389373077661105,-4.6429403643671736e-5,2.148327038093294e-5,-0.0005225036870333939,-1.9422017142587918e-5,-6.500657168899292e-6,-2.8181368783107483e-5,-6.58199003795605e-5,-2.8743606515368462e-5,-3.384062729932309e-5,-4.301224466254404e-5,-3.983946482676175e-5,5.800628903359986e-7,1.0764038696470684e-15,6.140650501499823e-16,1.0566732404136811e-15,7.970231485842533e-16,-7.419376872819534e-16,4.274028732691813e-16,4.095420681576592e-16,1.2077836590315056e-15,-1.2792925821154089e-15,-3.56872192928643e-15,4.0883430101482486e-18,1.0301858865006839e-17,0.0007120340313741022,0.0013656062647726115,0.050844983659091875,0.003726238244059002,0.00586282921137405,-0.0036540119363111068,0.024207783843663275,0.013516475474666086,0.0015271722953514675,0.08777530365761435,-0.004089080958747697,-0.0025766532106327334,0.001846465359761751,-1.8454531370386206e-16,0.0006540851813607948,-1.9449282763960934e-15,-1.219948115313064e-15,1.7579097197246482e-15,2.445260902217304e-16,-2.7892383830433077e-15,4.354319833071443e-16,-2.073245376337338e-15,-7.508929292960841e-16,1.2143203351031437e-15,3.87082155057097e-15,2.771417510801889e-16,-1.1436478203923387e-15,9.876940879835204e-16,-2.8887882064527032e-15,0.0,0.0,0.0,0.0,0.0,0.0,0.0,0.0,0.0,0.0,0.0,0.0
-0.0017098143250054729,6.838047927471457e-5,-5.711191785935611e-15,9.610947143096613e-15,3.9408138412612e-16,-0.00030054379505073284,0.014622468518290853,0.020463637388435305,-0.00026783343678865373,9.298391310741236e-14,3.168971841072829e-5,1.1225650739141832e-5,-2.2885719609447062e-14,-0.034348702120674,-0.010529760037515271,-2.2188703808764034e-5,4.2535999334835405e-6,-0.00021274165431689544,-1.0622549140971506e-5,-4.973017983508783e-6,-1.3999858584430765e-5,-2.9058236084259166e-5,-1.3951890355603263e-5,-1.455635452083829e-5,-1.855906879864644e-5,-1.5279383602616483e-5,2.671075783127387e-7,5.761172282401396e-16,3.473425008196331e-16,5.773126177259935e-16,4.3648160169732456e-16,-3.947236855748816e-16,2.2550209355543627e-16,2.124615472092475e-16,6.427612909541765e-16,-6.806434725627134e-16,-1.9012170849389965e-15,7.334441322323069e-19,8.449336776922037e-18,0.0018642241645227303,0.0017078150307758143,0.032970748772320486,0.002777293401320821,0.005114410357295304,-0.0005424701417575726,0.01900411402147667,0.01130214613566414,0.00529805224380198,-0.002146990815949856,-0.00199223194053453,-0.0011565928209799551,-0.0018268638875904946,-7.165121333335054e-16,-0.0006471416270667244,-1.0999269090123468e-15,-6.993266717030398e-16,7.824709987004007e-16,6.777152737534597e-17,-1.5958657245341615e-15,1.4570814402494063e-16,-1.2288283464917693e-15,-4.733683280016852e-16,6.173107749534546e-16,1.8815905311199066e-15,3.412961901474049e-17,-7.005625496931371e-16,5.241716595132145e-16,-1.5439135204650373e-15,-0.0,-0.0,-0.0,-0.0,-0.0,-0.0,-0.0,-0.0,-0.0,-0.0,-0.0,-0.0
0.0019247963993565484,4.567520623986986e-6,-1.70065989064043e-15,-1.8208825496014667e-15,2.5394223945753944e-16,-2.266561441723981e-5,0.004943690445363644,0.01013035448142038,-1.593038994094175e-5,5.6068452220283086e-14,-9.797729175056972e-6,-3.470711992015465e-6,-7.953299950041115e-15,-0.041678747225340755,-0.00241673509588023,5.3430443562693055e-6,8.361889245947065e-6,-3.916976428620084e-5,2.8601130806484532e-6,3.2554361008525174e-6,2.3619827362583557e-6,-3.6658739563088438e-6,3.9988622668484513e-7,-1.4049531972905658e-6,-1.694797849040888e-6,-4.608081109681818e-6,4.170037048976511e-8,3.369657243115014e-16,2.4380227679138944e-16,3.8179021803892206e-16,2.729519145610365e-16,-2.496865150802032e-16,1.3488144080600896e-16,1.2328940482810054e-16,4.005204802537696e-16,-4.164130694632272e-16,-1.1235151251893566e-15,-1.0012511645333876e-18,8.824818442326392e-18,-0.001183384650310558,-0.0008784893040200883,0.0003421343996833959,-0.00046024838520410203,-0.0011865425767839963,-0.0013637706248761869,-0.0011878890000448208,-0.0015384483365337672,-0.0020073125649692513,-0.020140990832547577,-0.0016337298381108307,-0.0007372336499720833,-0.005292077941631918,-5.318484807253319e-16,-0.0018746464654389725,-6.754571617383718e-16,-4.3061932440388484e-16,4.615270685228031e-16,2.088173398697282e-17,-1.0008494378846198e-15,5.738769781236162e-17,-7.490962263508361e-16,-2.4486429152497415e-16,3.634145981059582e-16,1.1087228336899246e-15,-3.9188381994954673e-19,-4.325215162523706e-16,3.016761669632758e-16,-9.355623515177947e-16,-0.0,-0.0,-0.0,-0.0,-0.0,-0.0,-0.0,-0.0,-0.0,-0.0,-0.0,-0.0
0.01373702865143118,0.00012161986856437586,-2.7756760503100728e-14,6.32253829881629e-14,1.4120806850472497e-15,-0.0005371273253165461,-0.06567741835343224,0.03274167841968949,-0.00048763095033570343,-9.191114208590503e-14,1.0616889026137534e-5,3.7608882147881596e-6,-2.304120741749849e-13,-0.17076436697588804,-0.010541307241078553,-6.70060990124024e-5,-5.636049193716371e-5,-0.00020555288281959291,-4.68216098462205e-5,-3.614489906875927e-5,-4.75696416523706e-5,-5.748250287271592e-5,-4.3305217378853144e-5,-2.4323565016472365e-5,-3.1918850451677284e-5,-1.8234716309235704e-6,6.340813094614508e-7,2.13678328226163e-15,1.782105186209552e-15,2.6497992645098767e-15,1.8481479410957292e-15,-1.6504765540712261e-15,6.923067013949879e-16,7.258458780952127e-16,2.527340683082883e-15,-2.6253339433790885e-15,-7.131488603769626e-15,-3.613932539950517e-17,7.459705435943148e-17,0.01514530165621177,0.00473306133181837,0.067942057426911,0.00814925518467,0.005629304444417915,0.006978901171370644,0.006999982315375673,0.003334718432484952,0.011367605501876994,-0.26329549456372286,0.02056468338989979,-0.0020065759989715323,-0.0273699090373532,-2.7172625630353674e-15,-0.009695417150345189,-4.128446634084058e-15,-2.5877044916072522e-15,3.3588563836063145e-15,1.181125173161162e-16,-6.1841935766355755e-15,3.9055605581877693e-16,-4.466625591447199e-15,-1.1352197257909524e-15,2.411017248644924e-15,7.566428656552333e-15,2.3062271408491533e-16,-2.5528973188017903e-15,1.829804524836093e-15,-5.966611225116833e-15,0.0,0.0,0.0,0.0,0.0,0.0,0.0,0.0,0.0,0.0,0.0,0.0
0.02053754143944405,0.00014779053540970883,-4.312601892186334e-14,9.733674438085985e-14,2.3251124156407483e-15,-0.0006552928925289129,-0.060956262552875375,0.04489758757469349,-0.0005984737549023963,-8.104394623353908e-14,-2.921052266815183e-6,-1.0347429148783722e-6,-3.106856884995678e-13,-0.24877298864054784,-0.021948130303493536,-8.897464149133617e-5,-9.03664372003507e-5,-0.00019319021121665285,-6.645748619799195e-5,-5.3153200861975575e-5,-6.51552051433575e-5,-7.314007965833704e-5,-5.9408533801850376e-5,-2.8999227508138632e-5,-3.856705482773574e-5,6.393969697086282e-6,8.291503626505008e-7,3.320571751987115e-15,2.5518574351190356e-15,3.8694584949247835e-15,2.76825055839849e-15,-2.4252320109749968e-15,1.1899096020325403e-15,1.1440740925803249e-15,3.8059601155866396e-15,-3.992610965296516e-15,-1.0994038601924208e-14,-4.110553189209354e-17,1.0838080040506495e-16,0.01658132398505537,0.005921239448690048,0.09194309242870453,0.009943935286982975,0.009772727053795099,0.007218614307733271,0.025129746549549168,0.01381006895349349,0.019050565780160702,0.014856567360194627,0.016899072253106367,-0.003135666138228737,-0.04090584609120374,-7.932492457059704e-15,-0.014490338320115852,-6.763284922688381e-15,-4.320268583426363e-15,3.964912542977616e-15,-1.0958216910663572e-16,-1.0096013561727303e-14,1.699602949473199e-16,-7.731461861722162e-15,-2.6023321235966944e-15,3.4739877583036113e-15,1.0235022425461144e-14,-3.8984805779122893e-16,-4.5319522988196805e-15,2.920629468660901e-15,-9.132811800541588e-15,0.0,0.0,0.0,0.0,0.0,0.0,0.0,0.0,0.0,0.0,0.0,0.0
-0.011982789577786035,0.00017986613554092868,-1.4132095930823978e-14,7.007786047738348e-14,-4.0537507247911515e-16,-0.0007712287922921996,-0.05365915104959778,-0.016489539082244056,-0.0007267444475108193,-2.950388463906043e-13,0.00015437582755142143,5.4685532385921036e-5,-1.1944577135416694e-13,0.15813629812418104,-0.0018510223411291379,-0.0001281410211551974,-8.89386812695343e-5,-0.00026407073375731303,-7.200223206990486e-5,-5.693044436637579e-5,-7.574603251286596e-5,-6.591002839340365e-5,-5.763614232479447e-5,-3.3934483246294676e-5,-4.4570523654691754e-5,2.6073074155048557e-6,5.978200305148145e-7,-2.4431161549443575e-16,-1.7198457140718448e-16,-2.8146985551678943e-16,-1.8890040119443165e-16,1.998979343876623e-16,-2.1168482739298756e-16,-1.1713888320952898e-16,-3.7829410861602384e-16,3.711351910217583e-16,8.445361237819981e-16,-1.1327908407605553e-17,-8.187050151977035e-18,0.020492072507887857,0.01132704245426349,0.08657628419000095,0.012375649938794536,0.01804794307647419,0.012604529790173603,0.034016286767950016,0.02545229058452435,0.02496615449151652,0.04482378238864495,0.023901398923189317,0.0022649891724227152,0.023785314895309547,2.024936787975157e-15,0.008425623543271171,7.832739730622902e-16,5.463254124687289e-16,1.5757751861209157e-16,1.1924741145060162e-16,1.1953612712285017e-15,1.7728120347585244e-16,1.006313143185856e-15,4.682059696846377e-16,-1.54948487329223e-16,-2.1996528439676957e-16,3.879686159527454e-16,6.431636031806813e-16,-2.5023265251404596e-16,7.597275270394094e-16,-0.0,-0.0,-0.0,-0.0,-0.0,-0.0,-0.0,-0.0,-0.0,-0.0,-0.0,-0.0
0.00012051868341530423,7.568615925776247e-6,1.657821217586758e-16,-6.67805049303829e-16,1.1043624421988265e-17,-3.2819142225119864e-5,0.0003000546986896253,0.0006397602905042759,-2.9264436787064315e-5,-1.863260943381421e-15,3.576202204818081e-6,1.2668208861058112e-6,3.617740981235889e-14,-0.0014614010504840078,-0.0012954167926116978,-3.3032311938304895e-6,5.145825657759502e-7,-2.2836900090982755e-5,-1.1833322793734516e-6,-5.785227617559722e-7,-1.7064838779169711e-6,-2.6555015522164114e-6,-1.3219061690727826e-6,-1.6182290701756427e-6,-1.994059251165983e-6,-1.6785012283992876e-6,2.7761251730330402e-8,1.6905279025620968e-17,-1.6525453771749932e-16,-1.9715897675673873e-16,-6.739107953501184e-17,1.2055933055818647e-16,2.1510570702812746e-17,-3.262236300902351e-18,-1.0778175148947194e-16,8.718489631223271e-17,6.590132592624646e-17,2.2745525310196346e-17,-1.7447073885485182e-18,-7.322016206303383e-5,-5.4979460342381534e-5,2.964477380052686e-5,-2.789777308650084e-5,-7.299172535284954e-5,-8.477866505628095e-5,-7.138277246286332e-5,-9.431834666362901e-5,-0.00012305570454953572,-0.0012700965545839485,-9.860880151440277e-5,-4.636503054140524e-5,-0.0003349903163273586,1.4914331094279726e-16,-0.00011866575273171018,9.799156492435478e-17,6.889983268364825e-17,-1.1095195352340466e-16,4.855133392924849e-17,1.9011768415345987e-16,3.583123040244219e-17,1.001598590167983e-16,-1.0800147326146766e-16,-1.7118967696923686e-17,-1.7703774416071767e-16,8.582321848551016e-17,7.469389830520496e-17,5.96160524036842e-17,1.0981224531753884e-16,-0.0,-0.0,-0.0,-0.0,-0.0,-0.0,-0.0,-0.0,-0.0,-0.0,-0.0,-0.0
0.0018015961775775145,1.1783884447066002e-5,-1.3356378947488986e-15,-2.1942642621927642e-15,2.328221926892828e-16,-5.359618833723106e-5,0.0046176247030765,0.009487553306615493,-4.40693573369971e-5,4.675653344374159e-14,-4.8530470704160785e-6,-1.719125757329851e-6,2.8875900338334376e-14,-0.04014124024274771,-0.0011296463556284947,1.247728828373403e-6,7.772356778042935e-6,-5.757200032232386e-5,1.2534300375193849e-6,2.222084378323592e-6,2.8646529365029093e-7,-5.9466644928360305e-6,-1.0312575662385192e-6,-2.891206886218241e-6,-3.533122785352596e-6,-5.728544063952127e-6,6.504142183473469e-8,3.114287509523627e-16,4.899365318422629e-17,1.3785610711887403e-16,1.7175036077402213e-16,-9.855038394951951e-17,1.3910827301029775e-16,1.0449104239115916e-16,2.430739906877974e-16,-2.774138991383166e-16,-9.16804805915108e-16,2.170771217406095e-17,5.961095901781015e-18,-0.0011067360646319039,-0.0008222082362633991,0.00032867655381678244,-0.0004298289292059748,-0.0011092262075324516,-0.0012758428074194533,-0.0011087519504654531,-0.0014378842193008337,-0.001876123190491934,-0.0188610889567711,-0.0015254071713824498,-0.0006902555892124158,-0.00495709117311497,-3.168731025751591e-16,-0.001755981969470466,-4.930877620956805e-16,-3.0796861057184434e-16,2.932937400922243e-16,6.647541282258816e-17,-6.859462704910556e-16,8.584027675411809e-17,-5.554087570638083e-16,-3.2144331431888763e-16,3.007419377958654e-16,7.934988211904193e-16,8.487738853406395e-17,-3.03952535543568e-16,3.228694918969826e-16,-7.087268607714391e-16,-0.0,-0.0,-0.0,-0.0,-0.0,-0.0,-0.0,-0.0,-0.0,-0.0,-0.0,-0.0
0.01635722046561026,7.777892224998244e-5,-2.763663332954903e-14,5.6754942078078585e-14,1.634403702672767e-15,-0.00034900216246889354,-0.07100934063964645,0.03820646518274642,-0.0003144008908847199,-5.95222936437013e-14,-2.544647672866699e-5,-9.014067463853906e-6,-2.0386744190687696e-13,-0.20194931489305937,-0.013939896944498023,-4.19800671560476e-5,-4.755801242924201e-5,-0.0001062240613104866,-3.4907830159617864e-5,-2.7766184742512488e-5,-3.364307221418148e-5,-4.2024580548377014e-5,-3.270565189340828e-5,-1.557703999555656e-5,-2.075088004560037e-5,2.832831249016992e-6,4.963931803007285e-7,2.401321363330667e-15,1.8693509286515757e-15,2.842749957117424e-15,1.9991694302577463e-15,-1.7565650274886855e-15,8.353286700978863e-16,8.220287906506521e-16,2.7527196185619582e-15,-2.892749226290588e-15,-7.94536787818376e-15,-2.016917562369224e-17,9.069172515226407e-17,0.01430616994169919,0.0037874024616940333,0.061709936885105364,0.007839773469601682,0.008121628576381152,0.008516008522394954,0.02109731106815051,0.013905624732679872,0.015707490385127195,-0.0021811991323372405,-0.2198939420872093,-0.002501732275113243,-0.03256788461232971,-3.1303156450340318e-15,-0.011536729135266996,-4.595420179107296e-15,-2.8771653656042476e-15,3.6278444956949945e-15,1.5928560993714773e-16,-6.8747534834960155e-15,4.2578187611280727e-16,-4.982143171266679e-15,-1.3782460629163128e-15,2.6638372502523866e-15,8.270003039452475e-15,2.897646829645186e-16,-2.8388652767148057e-15,2.1191699741773523e-15,-6.640235501648067e-15,0.0,0.0,0.0,0.0,0.0,0.0,0.0,0.0,0.0,0.0,0.0,0.0
0.006481134518667361,7.962620931898798e-5,-1.9929103771972394e-14,4.9094319716164256e-14,8.769486228552e-16,-0.00035035058161134923,-0.07360831163420233,0.02008882329466375,-0.0003240381411351858,-7.74882512826571e-14,1.7692315501977736e-5,6.267261579432395e-6,-1.8490808018966383e-13,-0.10004417178082305,0.01415615274353414,-5.1421586290306906e-5,-5.085740683014038e-5,-9.582802274590941e-5,-3.674806008296179e-5,-2.9645458888563726e-5,-3.6107195586591057e-5,-3.758765269946641e-5,-3.1789550846798734e-5,-1.52812866531798e-5,-2.0462528400449906e-5,4.711197316383752e-6,4.029301035399973e-7,1.421060802818025e-15,1.2858591160693352e-15,1.9064532115784234e-15,1.2635438928644746e-15,-1.157857071327082e-15,4.365234256023441e-16,4.880233186478862e-16,1.7225462551073825e-15,-1.790056017729421e-15,-4.8137071509862225e-15,-3.133000881173683e-17,6.043634019295303e-17,-0.0002913726547592656,-0.006193120365037471,-0.05825256181230313,-0.0028928551280303855,-0.0031053456421251866,0.00719050438845981,-0.0035009752911712004,0.0045263385598755,-0.0034370552805167557,-0.06408023318000285,-0.011588630906606941,-0.0011427059944141879,-0.012918574402434544,-5.049360022718022e-16,-0.004576228866834988,-2.644371193242057e-15,-1.6237239214763226e-15,2.720818218410937e-15,1.7924622620660061e-16,-3.989562146046318e-15,4.015902968697751e-16,-2.6960475256845393e-15,-4.3284300497031166e-16,1.7084511689008485e-15,5.63713232748823e-15,4.390985628461481e-16,-1.4988330826728919e-15,1.210527738075699e-15,-4.071496933249263e-15,-0.0,-0.0,-0.0,-0.0,-0.0,-0.0,-0.0,-0.0,-0.0,-0.0,-0.0,-0.0
0.01635376431600438,8.5712198206689e-5,-2.916854119501851e-14,6.152143217336278e-14,1.6834950452862123e-15,-0.0003834581715813444,-0.07099391438546535,0.03819805208861138,-0.00034674765303908093,-6.916027071022722e-14,-2.09027668332194e-5,-7.404520175151698e-6,-2.1751958292777694e-13,-0.2019470854989955,-0.0139412625077264,-4.759980600559506e-5,-5.253128645468799e-5,-0.00011553342030996493,-3.853637942591483e-5,-3.070291221617908e-5,-3.727833107262174e-5,-4.537082539754177e-5,-3.5686159156014394e-5,-1.7066538675798736e-5,-2.2741522353530575e-5,3.3243740398808095e-6,5.295324462864866e-7,2.469980400024439e-15,1.9335403003369515e-15,2.936029670332778e-15,2.062022839962923e-15,-1.816165509283169e-15,8.595041983990907e-16,8.464831661136374e-16,2.8386412172512628e-15,-2.982525377482937e-15,-8.183757688208585e-15,-2.3237966805332947e-17,9.283493874473462e-17,0.014305562233711657,0.0037898707770502565,0.06170284905769953,0.007840877151431946,0.008125227828845982,0.008516739975705468,0.021098020735002044,0.013907968715638925,0.01570830705303251,-0.0021769246603551818,-0.21986044448628098,-0.002501136189023968,-0.03256336094828477,-3.56393985678997e-15,-0.01153512668894898,-4.771908282594235e-15,-2.9952850520388184e-15,3.647852230983767e-15,1.3062168459487435e-16,-7.141579025934716e-15,3.9739780246513186e-16,-5.210239826589156e-15,-1.4735444482283106e-15,2.722775118742172e-15,8.416034228735033e-15,2.205250661895902e-16,-2.9818290817919152e-15,2.175626907898249e-15,-6.838067897929371e-15,-0.0,-0.0,-0.0,-0.0,-0.0,-0.0,-0.0,-0.0,-0.0,-0.0,-0.0,-0.0
4.7672882705219985e-6,-2.639092957062157e-5,-1.0568125204726624e-15,4.863618350646377e-15,1.0638287473860351e-16,0.00011395686042296751,4.074422447491126e-5,5.938432741980606e-6,0.00010284436584262297,-9.635019594691606e-14,-1.5102715912258094e-5,-5.349931221657429e-6,-7.572939112642555e-15,-0.0008824438826838397,1.4933266679862842e-5,1.282685050087164e-5,1.8974445173706236e-6,6.95411251969372e-5,5.6872515325067134e-6,3.573149936977037e-6,7.143741608519028e-6,9.629963335853732e-6,5.677067144050125e-6,5.47269672258199e-6,6.869332220172924e-6,4.311027988373861e-6,-9.499269936819593e-8,1.0448480159520065e-16,6.273596177171064e-17,1.1102612248768163e-16,6.002262818809828e-17,-5.985041746596927e-17,6.278549734108738e-17,3.621255033453273e-17,8.946177630287426e-17,-1.2895289224840477e-16,-3.401945635260299e-16,4.683240420013284e-18,1.7068885955141804e-17,-6.049609119551948e-6,-3.2873397059768325e-6,-2.75010138560407e-5,-4.940496226322325e-6,-8.729350183774389e-6,-5.7827606861429e-6,-1.4745254407059992e-5,-1.2025443870833719e-5,-1.4295826347575353e-5,-1.7472343746678343e-5,-1.549015296952389e-5,-1.1309095081079595e-6,2.0862642181707653e-9,-9.034158396813909e-16,7.390305286081847e-10,-2.6499644922662825e-16,-1.7405523365524583e-16,-5.126883455910237e-17,-4.19595171382835e-17,-4.281214025726124e-16,-7.227127743871505e-17,-3.717055946747568e-16,-1.9324637319260592e-16,4.8257864890670124e-17,8.122978241783877e-17,-1.3149124944229345e-16,-2.3515230553441517e-16,1.0755040084568328e-16,-2.9623116139825913e-16,0.0,0.0,0.0,0.0,0.0,0.0,0.0,0.0,0.0,0.0,0.0,0.0
-0.004435233660652528,-1.220477920594908e-5,-3.170196624559199e-15,1.3137230135053809e-14,1.1088573469904569e-16,5.2686997045956204e-5,0.0011070236824547114,0.06892966774653758,4.548700779675802e-5,-1.5532062474667154e-13,-9.855141473093661e-6,-3.491049512342947e-6,-2.4545416056867252e-14,0.00043640746157862275,-0.000936255935213631,7.847034632129873e-7,-9.338702102394131e-6,6.0290365582152435e-5,-1.8514057263917944e-6,-2.7479176444939808e-6,-4.246537111767139e-7,4.041364776055879e-6,-1.2135346441339465e-7,2.8246782804238767e-6,3.4040901092547436e-6,6.122872878374464e-6,-2.8993237710640158e-8,1.3744916348104722e-16,8.874038637208584e-17,1.4344537155447962e-16,1.0128592746906622e-16,-1.155991588303573e-16,7.013011441904004e-17,7.311909895004636e-17,1.7383736146050296e-16,-2.0028935667695624e-16,-4.460336280336081e-16,3.567987774372704e-17,-5.60099784292819e-18,0.0003926424532341936,0.0008945610376041588,0.0018730131923285602,0.00041824630011403453,0.0010245311256028655,0.0002308062313185347,0.0010579721594810038,0.0010048027576593994,0.0006971846299414562,0.0061889232743243885,0.0412009632323059,0.000675042600468567,-0.0018115796976248169,1.2089741449367892e-14,-0.0006417274111352542,1.0338009028360609e-15,9.212445079431962e-16,3.6499534249754375e-15,1.132800458459581e-15,1.6919632353200768e-15,1.5266879163537192e-15,2.444948932377865e-15,2.1304134722752567e-15,8.822911955875324e-16,4.510985934286866e-15,2.5098273071702397e-15,1.9176708123014994e-15,1.4853280273090825e-16,-3.8474293305266923e-16,-0.0,-0.0,-0.0,-0.0,-0.0,-0.0,-0.0,-0.0,-0.0,-0.0,-0.0,-0.0
9.534607125057043e-6,-5.2782028228393795e-5,-2.1136307597880093e-15,9.727247648024044e-15,2.1276585286124057e-16,0.0002279144499099481,8.14887416270961e-5,1.1876900579345384e-5,0.00020568938857040342,-1.9270026627073551e-13,-3.0205529302428777e-5,-1.0699896973540096e-5,-1.5180742523716128e-14,-0.0017648886526274391,2.9866628498089972e-5,2.565378622309227e-5,3.794891258873838e-6,0.00013908271833707763,1.1374535566778055e-5,7.14631888984521e-6,1.4287526943042164e-5,1.9259983221680664e-5,1.1354166152277544e-5,1.094542890031163e-5,1.3738708239885924e-5,8.622087428186764e-6,-1.8998598438072756e-7,2.089696864161618e-16,1.2547601135720464e-16,2.2205724924571847e-16,1.20047162984558e-16,-1.1970391714491725e-16,1.2557069500999678e-16,7.242534616067914e-17,1.7892655487486172e-16,-2.5790834168346614e-16,-6.803921803532984e-16,9.365964002815936e-18,3.413782425154969e-17,-1.2099257544325588e-5,-6.574695014966228e-6,-5.500221162650022e-5,-9.88102163340433e-6,-1.7458750652327015e-5,-1.1565557576685317e-5,-2.9490597541315145e-5,-2.4050959594494192e-5,-2.8591745563854098e-5,-3.49447995117861e-5,-3.09804155408375e-5,-2.261826002209377e-6,4.172568527171665e-9,-1.8068357368879267e-15,1.4780752490335373e-9,-5.299960530285397e-16,-3.481126230716048e-16,-1.0253449376586766e-16,-8.392010044656184e-17,-8.562484996443392e-16,-1.4454328101165056e-16,-7.434144874894899e-16,-3.8649062364714203e-16,9.651662487323234e-17,1.6246513881250566e-16,-2.629844341000981e-16,-4.703068960886025e-16,2.1509986796114497e-16,-5.924661140853571e-16,-0.0,-0.0,-0.0,-0.0,-0.0,-0.0,-0.0,-0.0,-0.0,-0.0,-0.0,-0.0
-1.3441304480276894e-6,7.431151155228611e-6,2.51156241205909e-16,-4.77659811174355e-16,-4.4453730296626826e-18,-3.204119723850813e-5,-1.2868086949984011e-5,-1.5418947839116116e-6,-2.886887143484476e-5,-5.647133032748879e-15,4.284137247357212e-6,1.5175972239893922e-6,3.6523141876969216e-14,3.818422245513394e-5,-4.181104694042815e-6,-3.745871365094564e-6,-9.607005977791702e-8,-2.0569209716852034e-5,-1.427838529547462e-6,-8.350608789833044e-7,-1.9213432292962626e-6,-2.4844111322279523e-6,-1.3996161815526213e-6,-1.5582662942798943e-6,-1.9248914597650093e-6,-1.3828931665959443e-6,2.573440263905992e-8,-3.558087728138634e-18,-1.8027959326069782e-16,-2.2065965461359972e-16,-8.405122107974474e-17,1.3591722028373106e-16,1.3289384764498175e-17,-1.0791294044163905e-17,-1.32358000337031e-16,1.1267869354029706e-16,1.343366078705794e-16,2.280713475138712e-17,-2.2906391003118753e-18,1.7274990097155504e-6,6.848094417906168e-7,8.084071913553884e-6,1.2820875638137505e-6,2.2089772612192684e-6,1.5909871096058696e-6,3.898444571985323e-6,3.1569416610583526e-6,4.0816505045171605e-6,4.923058075999338e-6,4.818604333002524e-6,3.0698025859581075e-7,-1.7629872247362453e-9,1.780284698358944e-16,-6.245140303715567e-10,1.3888648871944337e-16,9.491935406069149e-17,-1.4014730282034447e-16,4.6992068922703713e-17,2.5076638726319114e-16,3.195724389977944e-17,1.4510421356459894e-16,-9.386213056872297e-17,-3.943752098011331e-17,-2.458266268491498e-16,8.523554959523552e-17,1.0055555464344806e-16,4.131173392486673e-17,1.6694329194625833e-16,-0.0,-0.0,-0.0,-0.0,-0.0,-0.0,-0.0,-0.0,-0.0,-0.0,-0.0,-0.0
-0.004431039909466247,-3.996442478894062e-5,-3.962282486403065e-15,1.7178272990734356e-14,2.0875334595020828e-16,0.00017258887650112352,0.0011473552906132558,0.06894664919738792,0.00015391207390296342,-2.5001558710859747e-13,-2.5740171998421664e-5,-9.118105020856157e-6,-2.977680736108309e-14,-0.00044029469944718163,-0.0009208260614687599,1.4580389984893475e-5,-6.583729332660889e-6,0.00013143947785410358,4.461646273038255e-6,1.3316615004475688e-6,7.346015265672386e-6,1.4248967578544038e-5,6.069933724024084e-6,8.55439061133737e-6,1.0616917053022316e-5,1.0349340903310587e-5,-1.2970726488651065e-7,2.3002523516681734e-16,1.4035714760236567e-16,2.3830764849786955e-16,1.5041618870346663e-16,-1.651288728713419e-16,1.2872173743632863e-16,1.0509520421474408e-16,2.484132623596833e-16,-3.136848945429503e-16,-7.448930310784686e-16,4.089736933814076e-17,1.1092058393316664e-17,0.000386340067021541,0.0008908763816509216,0.0018452203520791745,0.0004129512614695065,0.001015103284480259,0.0002246842978900614,0.0010426524405517034,0.0009921231616582143,0.0006823977912998227,0.006171742047218099,0.04119254902048662,0.0006739873154664158,-0.001811684430537569,1.1263231876199761e-14,-0.000641764511341911,7.995816899802142e-16,7.678170832888144e-16,3.595705338362209e-15,1.0959622433813195e-15,1.310394004983441e-15,1.4595481214495585e-15,2.1131700272725647e-15,1.954009523681069e-15,9.204348245359796e-16,4.567477220064663e-15,2.390679805956188e-15,1.7075949743053177e-15,2.4628781018566443e-16,-6.466713076793834e-16,-0.0,-0.0,-0.0,-0.0,-0.0,-0.0,-0.0,-0.0,-0.0,-0.0,-0.0,-0.0
-1.3081548042750953e-6,7.430696843657328e-6,2.5108695265952874e-16,-4.776771174392236e-16,-4.436512780716347e-18,-3.203932068544583e-5,-1.2796045578592438e-5,2.6997439955167383e-7,-2.8867033928762865e-5,-5.646930605723209e-15,4.283226311569722e-6,1.5172745373952852e-6,3.66377192606866e-14,3.6293735756085695e-5,-4.074375049271158e-6,-3.74553280594108e-6,-9.596578012244766e-8,-2.0568279673353243e-5,-1.4277087713852474e-6,-8.349661928920328e-7,-1.921187520153997e-6,-2.484306546069706e-6,-1.3995267775892395e-6,-1.5581839016381206e-6,-1.924783867234999e-6,-1.382861229778808e-6,2.573424972877495e-8,-3.5465686026610825e-18,-1.8027051638003196e-16,-2.2064596440484493e-16,-8.404130516764492e-17,1.3590778853405875e-16,1.3294021988279327e-17,-1.0786563773960708e-17,-1.3234299168058562e-16,1.1266351042377467e-16,1.3429821341090448e-16,2.2807802976597615e-17,-2.290750948598177e-18,1.6681591540458626e-6,6.512570220892971e-7,7.843234808113926e-6,1.2472577082658172e-6,2.154670404706087e-6,1.55318324773169e-6,3.79889906645887e-6,3.079961659211437e-6,4.007744355989966e-6,4.783333906341147e-6,4.748387105709708e-6,2.987902658345617e-7,-3.14428810807848e-7,1.7829899301539238e-16,-1.1138211957667767e-7,1.388933249243207e-16,9.492969351258913e-17,-1.4005000079964944e-16,4.701858812685921e-17,2.5078043970733874e-16,3.199410009383452e-17,1.451426603306474e-16,-9.38174135962402e-17,-3.940729483474598e-17,-2.456924231118901e-16,8.529420795598499e-17,1.0058945438738017e-16,4.132231148561133e-17,1.6691081890209552e-16,-0.0,-0.0,-0.0,-0.0,-0.0,-0.0,-0.0,-0.0,-0.0,-0.0,-0.0,-0.0
-0.006269624969561803,-0.00010783225136069473,-5.205482719793503e-16,1.4460915978182258e-14,6.805276799384509e-17,0.0004680497927468344,-5.668720445945414e-5,0.04364763913719658,0.00042064394337094555,-4.1317869999219214e-13,-5.059346564553962e-5,-1.7922045483830924e-5,-1.4270621346585784e-14,0.01437459772090968,0.001633632892124021,4.9475131724076636e-5,7.83441047764238e-6,0.00028690994739628313,2.3223309297788856e-5,1.4490416566140056e-5,2.876217656099548e-5,4.146259106925412e-5,2.4062388916790626e-5,2.2493673216831555e-5,2.8328947519632962e-5,1.7851473115227343e-5,-4.174636680302117e-7,9.585265985127418e-18,-1.8854718501645656e-17,1.7507228126484294e-17,-7.275923635962343e-17,1.0928620274521369e-17,8.837766844116362e-17,1.834181908799977e-17,-6.604904169341034e-17,-4.8313581784422854e-17,2.854869553761382e-17,1.2148482181668383e-17,3.3268651935999814e-17,-0.0010007723262993296,-0.0005564173717171682,-0.007838906644322479,-0.0009631975168698518,-0.000353680803637077,1.0610606177981857e-6,-0.0011361255382293426,0.00014360851187578046,-0.0007381770207565299,0.0009199625408054665,-0.024103015655281296,0.0003646698564565131,0.0048855069016839545,7.35988034761147e-15,0.001730624217204213,8.230132181731371e-16,7.005013721714485e-16,2.131744882327827e-15,7.300465539980352e-16,1.223905010977793e-15,9.074109970419242e-16,1.6823756763630818e-15,1.3610301266839829e-15,3.927229023722656e-16,2.411972865922592e-15,1.5717574500275983e-15,1.286696196335537e-15,5.955821355552745e-17,-7.060617229710113e-17,0.0,0.0,0.0,0.0,0.0,0.0,0.0,0.0,0.0,0.0,0.0,0.0
-0.006421786075906246,-0.0001145815684166953,-7.770188379233314e-15,3.7369811279035386e-14,4.3068053126460027e-16,0.0004957401255398074,0.0008609398259848321,0.06870111501765507,0.00044267311278722274,-5.771473530717203e-13,-6.100942992521179e-5,-2.1611758826852537e-5,-6.630914538770564e-14,-0.010303217201531035,-0.001971360633116797,4.7389685199645066e-5,-6.6390875193263786e-6,0.0003435513526240633,1.815017371499576e-5,9.088086356571877e-6,2.556662161153426e-5,4.186545880338285e-5,2.0959859586416627e-5,2.4325356462904365e-5,3.0260546207772593e-5,2.4902258240643746e-5,-4.109513168794972e-7,4.794524769119522e-16,3.1367118215531863e-16,5.4139146837952e-16,2.8461975926898806e-16,-3.2025036213436066e-16,2.9673578695249714e-16,1.8870749991135274e-16,4.402022793351459e-16,-6.218949280204152e-16,-1.4985350200178653e-15,9.271906173337825e-18,5.5040037854758985e-17,0.0003019151359113137,0.00034964848232539077,0.0054578338807318,-5.0366686042801315e-5,0.0006470870471230696,-0.0001555167117143816,0.0012514101037229516,0.000874126136768438,0.0012453804685016764,0.008990499006689216,0.06141041614136064,0.00011731971709816751,0.0016851061970871155,8.921442057889484e-15,0.0005969258977476673,1.7128988610809967e-16,3.453581188833594e-16,3.4420100324893035e-15,9.812429596027876e-16,2.675026607985241e-16,1.267877984758556e-15,1.2007895011668876e-15,1.4659773939701264e-15,1.0220298540273503e-15,4.705615164044699e-15,2.0771025068118077e-15,1.1188854512647623e-15,4.920397045426752e-16,-1.3593580084537778e-15,0.0,0.0,0.0,0.0,0.0,0.0,0.0,0.0,0.0,0.0,0.0,0.0
-0.0005988325079191737,-2.7040604854595533e-5,-2.8294833853333396e-15,1.040226752443124e-14,1.8534975462706131e-16,0.00011632102279807678,0.000546566265565281,0.018492715044573685,0.00010450755961138115,-1.3946586378533817e-13,-1.8480756685700798e-5,-6.546556112290534e-6,-1.9461512762668927e-14,-0.012434490358355638,-0.0032623932480781194,1.1761090485051917e-5,-1.8768342050390794e-6,8.122425252245852e-5,4.153917909615607e-6,2.0413065580824855e-6,6.014537185493598e-6,9.323124649636225e-6,4.641261997322234e-6,5.69640617093587e-6,7.077241673879311e-6,5.915871835179778e-6,-8.66298808626569e-8,2.2133573950061463e-16,1.4076493506447973e-16,2.3434681364978763e-16,1.4884575684501043e-16,-1.4359939897339741e-16,1.1452962035812715e-16,8.176244272290885e-17,2.1844446239552044e-16,-2.7033159041824405e-16,-7.011887820854916e-16,3.0703972814648713e-18,1.6612939680846135e-17,0.0015113131671656605,0.0010749980564736521,0.013204620454514406,0.0010479268473198662,0.0012670298175740582,8.504420405250331e-5,0.0027310662377429042,0.0011320202166453493,0.002192464531754969,0.008354731983675466,-0.005540549899576295,-0.00010394734746305206,-0.0015101063910946406,1.8537429628872367e-15,-0.0005349346021969476,-1.7201804486398245e-16,-5.396717999906195e-17,9.266364343273149e-16,2.3285432383855253e-16,-2.514704162542559e-16,3.067328510081004e-16,3.8442840676948644e-17,2.5042285590184207e-16,3.491838891475585e-16,1.418441726257942e-15,4.810204368657621e-16,1.222069846585924e-16,2.160993134731893e-16,-6.068362818329645e-16,0.0,0.0,0.0,0.0,0.0,0.0,0.0,0.0,0.0,0.0,0.0,0.0
0.0006027657862762127,-1.4888132621047779e-5,-8.310952888070181e-16,1.4180619086299552e-15,1.0611979076836642e-16,6.366990372093373e-5,0.0004544825303810637,0.007389835718166413,5.85909722415069e-5,-3.2824210597535704e-14,-1.2902130133116803e-5,-4.570403710015875e-6,-6.3312289592765675e-15,-0.015479721558311215,2.615641374658138e-5,8.422127896641028e-6,2.2093101227296065e-6,3.5563237129396026e-5,3.710635839127058e-6,2.5248852736223155e-6,4.50137899198579e-6,5.002631555412756e-6,3.307274020215365e-6,2.987350615980095e-6,3.7840065357637728e-6,1.8776100736997602e-6,-4.406659746450209e-8,1.2692482204266114e-16,9.446276417367852e-17,1.4919179551751707e-16,9.663454196264343e-17,-9.246698934263745e-17,6.022904576630166e-17,4.7032892927425306e-17,1.4264270758981538e-16,-1.6083257671330525e-16,-4.1575773971116434e-16,4.522524419205001e-19,7.597648104599867e-18,-0.0005293382019781901,-0.00040852529997225593,-0.0018692646375876101,-0.00036313037620207587,-0.0005778696386199981,-0.0003612007943115624,-0.0009037296047108022,-0.0007404766577669864,-0.0006306301885064358,-0.0015646924069666658,-0.0033222326443095624,-0.00018103083808934244,-0.002064880528360076,4.89920707577674e-16,-0.000731455777246175,-1.747434127023354e-16,-9.373046096570926e-17,3.7758853108302305e-16,7.509695331663828e-17,-2.618935723089609e-16,1.033103207565267e-16,-1.185407701093786e-16,4.6604577603733456e-17,1.7332822994746903e-16,6.451087612366123e-16,1.5070122720362174e-16,-3.735702034930645e-17,1.1862633268965953e-16,-3.585885042912525e-16,-0.0,-0.0,-0.0,-0.0,-0.0,-0.0,-0.0,-0.0,-0.0,-0.0,-0.0,-0.0
0.014718386823342757,7.715664557652337e-5,-2.62639686017368e-14,5.541061934896085e-14,1.5156523428870418e-15,-0.0003451813266875366,-0.06389443910115794,0.03437823596716329,-0.0003121438641500646,-6.248079746961231e-14,-1.8803445158096304e-5,-6.660864092586626e-6,-1.958578992529321e-13,-0.1817540447394433,-0.012547143084300062,-4.2860057795726436e-5,-4.7310132100879266e-5,-0.00010393991183906074,-3.469957325055495e-5,-2.764780724711948e-5,-3.3565216566783754e-5,-4.084246463059167e-5,-3.2129779198285013e-5,-1.5362047410805194e-5,-2.0470912912573e-5,3.001907306253379e-6,4.766671880415379e-7,2.2236228274098505e-15,1.7406464556481923e-15,2.6431482381170532e-15,1.8563101079903354e-15,-1.634993635817804e-15,7.738289594009101e-16,7.620567643615225e-16,2.555450422426428e-15,-2.6850480091650906e-15,-7.367510085021947e-15,-2.0918805065816156e-17,8.359291610913496e-17,0.012875011455740977,0.0034109018886821513,0.05553255370356611,0.007056800158231264,0.0073127287186452675,0.007665073618106712,0.018988229432292534,0.012517189102150484,0.014137481466447784,-0.0019592240445638507,-0.19787442439892183,-0.0022510224824193064,-0.02930702483814508,-3.211908015753896e-15,-0.010381614014630289,-4.296295435114101e-15,-2.6968062860075805e-15,3.283059525801915e-15,1.1731642997387135e-16,-6.429833243374724e-15,3.573611249705634e-16,-4.691319473896257e-15,-1.3272017990126659e-15,2.45096305732654e-15,7.57545559740147e-15,1.9782543369706562e-16,-2.684963299670307e-15,1.958646074730966e-15,-6.1560257541968086e-15,0.0,0.0,0.0,0.0,0.0,0.0,0.0,0.0,0.0,0.0,0.0,0.0
0.020533722990485323,0.00016799575687029131,-4.2820947883310963e-14,9.583202996774278e-14,2.2875272762417215e-15,-0.0007429938004002666,-0.06099437539684794,0.04489340847901487,-0.0006769170648942167,-4.7264795505560154e-14,8.399668812848687e-6,2.9754681967520123e-6,-3.061108673351059e-13,-0.2485168279995773,-0.02195985203212255,-9.735100249897593e-5,-8.989695346516878e-5,-0.0002522681767783271,-6.996106144283529e-5,-5.504106618061682e-5,-6.985107630985654e-5,-8.077876159362194e-5,-6.337546141662069e-5,-3.326341991210838e-5,-4.391880495969078e-5,2.2771013855060188e-6,9.018608727566719e-7,3.2936330145622478e-15,2.5289478467748327e-15,3.8356222092667705e-15,2.7503521266320402e-15,-2.408964481908549e-15,1.1663058770507086e-15,1.1340417235983504e-15,3.782948276430566e-15,-3.958018121722762e-15,-1.0910789426832473e-14,-4.0491455355433683e-17,1.0307605611476254e-16,0.01658568277347171,0.005922771024758765,0.09196601023987194,0.009947250195258057,0.009778192999099591,0.007222737712977875,0.025141451928230703,0.01381892051063664,0.019061734098951195,0.014870278366135754,0.016913060756504013,-0.0031347563689487117,-0.0409058465457985,-7.710119996649744e-15,-0.014490338481149823,-6.6944419898457e-15,-4.275923400484132e-15,3.968849010099106e-15,-9.94107920473495e-17,-9.980580495722638e-15,1.9022327069253141e-16,-7.642200739215769e-15,-2.569717885725044e-15,3.459134758360815e-15,1.0205129562999064e-14,-3.6220696737896643e-16,-4.477781217015223e-15,2.891399553140973e-15,-9.052212535919736e-15,-0.0,-0.0,-0.0,-0.0,-0.0,-0.0,-0.0,-0.0,-0.0,-0.0,-0.0,-0.0
-0.011982286615760793,0.00017756307770549283,-1.4368230923967244e-14,7.070056452024317e-14,-3.882804582725254e-16,-0.0007612056133086207,-0.05365126690909647,-0.01648928695414287,-0.0007180965829255798,-2.957329828827005e-13,0.0001531197236053755,5.424057468829021e-5,-1.1605633972913732e-13,0.16893895363947456,-0.012662334059151271,-0.00012771870561774528,-8.998987038838331e-5,-0.00025458616590570845,-7.204234735322942e-5,-5.7143983152165255e-5,-7.557251946451562e-5,-6.505531607617968e-5,-5.743913075394371e-5,-3.3412636793439754e-5,-4.3933497547644755e-5,3.487549983221743e-6,5.902386382750276e-7,-2.2569879447434773e-16,-1.8377594783553996e-16,-2.9018598122460427e-16,-1.863149113274457e-16,2.0620057641150164e-16,-1.9834374551911633e-16,-1.1095764888953995e-16,-3.7635402722059824e-16,3.63744981662212e-16,7.995906348761102e-16,-8.52596368236834e-18,-7.420926229449425e-18,0.02049166162065144,0.011327388331850772,0.08657277649026858,0.012375522257887675,0.01804792776718536,0.01260420400492877,0.034014919963515806,0.025451563243697246,0.024964771898857097,0.04482211976872026,0.023898711093630346,0.0022648626964193565,0.023785315086938177,1.9183297639387586e-15,0.008425623611153002,7.532481159100975e-16,5.265785168544349e-16,1.3662793862979314e-16,1.180988061175228e-16,1.1552284262948828e-15,1.7148473911463654e-16,9.630169693888682e-16,4.2531181335180986e-16,-1.4588985579787538e-16,-2.240206810525214e-16,3.813255987276946e-16,6.179831382339191e-16,-2.2493473269863426e-16,7.28660220041657e-16,0.0,0.0,0.0,0.0,0.0,0.0,0.0,0.0,0.0,0.0,0.0,0.0
2.2229766871667365e-5,6.811960694716563e-6,2.238189798997553e-16,-4.3968660792935793e-16,-4.2599968025325524e-19,-2.9391151811516676e-5,4.9035248189227346e-6,0.0002874127988470167,-2.642855326920687e-5,-6.873571866269406e-15,3.7582676450906773e-6,1.331315086339869e-6,3.631286114673085e-14,-0.00028954085847980284,-0.00028058050464873827,-3.3917047709158245e-6,8.928446211532918e-9,-1.9123449546390056e-5,-1.2677993258262069e-6,-7.245468066138032e-7,-1.7298252996510786e-6,-2.2739391648926704e-6,-1.2578236543229215e-6,-1.4343351607569e-6,-1.7675887278557437e-6,-1.3099148200164465e-6,2.3862551433033298e-8,1.2090100347586948e-18,-1.766916506508043e-16,-2.149921928314577e-16,-8.041893841417287e-17,1.3241313324030027e-16,1.557660650240405e-17,-9.014314397253651e-18,-1.2696549663423674e-16,1.0659314179504075e-16,1.1869481670033314e-16,2.282696799432587e-17,-1.996383438912326e-18,-1.8979149613920065e-5,-1.5301529850648424e-5,-6.502887157424171e-5,-1.29272690445821e-5,-2.0407575132004026e-5,-1.2542284043549945e-5,-3.1458881839171905e-5,-2.581769913254064e-5,-2.0594329293600444e-5,-5.627973283134449e-5,-0.00012508508524546389,-6.77260432218433e-6,-8.073859622327729e-5,1.9826696358592154e-16,-2.860054702578597e-5,1.3248147099547811e-16,9.153903605050671e-17,-1.2540083175988809e-16,4.998475822231619e-17,2.4115050382796366e-16,3.60515214371671e-17,1.4103537311735233e-16,-9.174101648559473e-17,-3.281825528785727e-17,-2.2093792304990828e-16,9.127146389263113e-17,9.944309729375509e-17,4.5776394706089455e-17,1.534040952193527e-16,-0.0,-0.0,-0.0,-0.0,-0.0,-0.0,-0.0,-0.0,-0.0,-0.0,-0.0,-0.0
0.0005778549333606633,-6.881736565109577e-6,-5.487268771544201e-16,8.904443151646603e-16,9.755835604224617e-17,2.9168940915907775e-5,0.00042386542637285986,0.007099352075327787,2.7457233380784636e-5,-3.724325163798985e-14,-8.11733986928903e-6,-2.8754569801586984e-6,3.043097942102447e-14,-0.015114108895368407,0.00029839866840609454,4.349051183819886e-6,2.024279739706574e-6,1.3629880405710401e-5,2.137864641344396e-6,1.590730250441818e-6,2.404850347098761e-6,2.3248415285365353e-6,1.7789420250519431e-6,1.313814632985508e-6,1.7130094117896366e-6,4.236764740948057e-7,-1.6631109910932514e-8,1.18442067245178e-16,-8.934188373774018e-17,-7.708890108344626e-17,8.895463802590787e-18,4.693528613713481e-17,7.116750485701901e-17,3.4420240365563043e-17,4.841307624824461e-18,-4.199610215039422e-17,-2.6537883908754e-16,2.3222393600488667e-17,5.016162985673487e-18,-0.0005069149558396337,-0.00039186639345284907,-0.0017881021954633497,-0.00034765041232979885,-0.0005530663789660545,-0.00034548794569583946,-0.0008644989892082709,-0.0007083692331659409,-0.0006018949660914288,-0.001498594694212065,-0.0031875221134010936,-0.00017364589164718333,-0.0019841454605423045,6.484072190047455e-16,-0.0007028564801096747,-2.9211009943207556e-17,4.729239799408823e-18,2.227908531701709e-16,1.1910485136445528e-16,-1.2096604390532584e-18,1.3118756608727704e-16,3.0975768974039034e-17,-4.9054734029801415e-17,1.2716562733996944e-16,3.7430251317624655e-16,2.299441846838669e-16,6.451301390852367e-17,1.552966787118154e-16,-1.7784891348723491e-16,-0.0,-0.0,-0.0,-0.0,-0.0,-0.0,-0.0,-0.0,-0.0,-0.0,-0.0,-0.0
0.01649570883435876,0.00011801255232514398,-4.3098890059941784e-14,9.453890850065227e-14,2.338561078303756e-15,-0.0005260145035052578,-0.07017022199391001,0.0383720933387086,-0.00048470245107458604,1.5866120706082993e-13,-5.655150647241324e-6,-2.0032600226553252e-6,-4.523056249192937e-13,-0.20157084730575073,-0.015761846329718925,-7.09781366428317e-5,-8.339366243186805e-5,-0.0001292015597604597,-5.7820989535402984e-5,-4.690275020879313e-5,-5.486933152101874e-5,-6.244758490588782e-5,-5.1770669905603626e-5,-2.2697413918847446e-5,-3.088633070816534e-5,9.521720868807378e-6,6.882681409661009e-7,3.2805886465491676e-15,3.1620832423304128e-15,4.541916692155314e-15,3.082994336540466e-15,-2.8406344025819798e-15,1.0789116028366503e-15,1.1452819520729135e-15,4.215702071775637e-15,-4.318225053848369e-15,-1.1336391479839898e-14,-7.821791081211337e-17,1.3629514797045382e-16,0.016783060961744572,0.004236087545126338,0.08101552744167834,0.002442496596707492,0.0101277040237128,0.00786013986963411,0.017310365771969347,0.01109676925195799,0.018762207750825665,-0.0043628491112840265,0.021276819173582363,-0.23192285614201888,-0.03285466155956232,-8.904245021275867e-15,-0.01163831595927764,-7.197281704152441e-15,-4.608404976912057e-15,4.2346056455595016e-15,-3.020457548977852e-16,-1.0938330224354114e-14,-3.5270081461275306e-17,-8.22985472206569e-15,-2.2955914406835756e-15,3.492065256430709e-15,1.0736346531331056e-14,-8.546215491842241e-16,-4.8996177049356646e-15,2.736639715030093e-15,-9.57245617519771e-15,-0.0,-0.0,-0.0,-0.0,-0.0,-0.0,-0.0,-0.0,-0.0,-0.0,-0.0,-0.0
0.006550096274844441,9.250250787420872e-5,-2.1853991409826033e-14,5.431002722119414e-14,9.324557222027684e-16,-0.00040627937432568075,-0.07358723275072147,0.020214428482763676,-0.00037570170236442106,-7.373243460961392e-14,2.4527300915921027e-5,8.688461985634502e-6,-2.0044508921732372e-13,-0.0994201339290536,0.012683705109296966,-5.894185084961973e-5,-5.553980260938145e-5,-0.00012014616950296684,-4.115445393291695e-5,-3.2960511258960524e-5,-4.080780484558811e-5,-4.283032755772955e-5,-3.570552289107501e-5,-1.7816370670777923e-5,-2.3765095353977678e-5,4.123187282986451e-6,4.546807991841618e-7,1.49590162230082e-15,1.3489963332999985e-15,1.9853706185128217e-15,1.3352852512410377e-15,-1.2117685251620098e-15,4.554243259974824e-16,5.109493945398e-16,1.811239028158224e-15,-1.876628820724897e-15,-5.063771781165981e-15,-2.862094729677346e-17,6.24353993688397e-17,0.006543156934061388,-0.007679278308381796,-0.005985942606657119,-0.031147402157636336,0.0020767598130336396,0.003618277977716536,-0.028868813380737622,-0.011849410299592786,0.0044703508379898985,-0.09619057353522506,0.02439440916741576,-0.0008365651756154121,-0.01306000911001833,-8.67159276796816e-16,-0.004626330183857702,-2.81454196797698e-15,-1.7359121368918536e-15,2.7585874870127918e-15,1.594170175124256e-16,-4.24369102184802e-15,3.8453394098777735e-16,-2.9096926258925394e-15,-5.213726282823957e-16,1.77902179634277e-15,5.814408714791797e-15,3.8276795597625356e-16,-1.631508229054553e-15,1.2703963515365095e-15,-4.27009116085166e-15,0.0,0.0,0.0,0.0,0.0,0.0,0.0,0.0,0.0,0.0,0.0,0.0
0.016495697764743033,0.00011808674669899668,-4.3113222957048435e-14,9.458346227601666e-14,2.3390212632601484e-15,-0.0005263367598574215,-0.07017019243032104,0.03837206674655989,-0.00048500495655650575,1.5857143809799713e-13,-5.612748089643941e-6,-1.988239494668296e-6,-4.524167009231298e-13,-0.20157107822640316,-0.0157618856691358,-7.10306661056132e-5,-8.344014594695942e-5,-0.00012928871331085697,-5.785491239823481e-5,-4.6930202780311504e-5,-5.490331789339865e-5,-6.247888945137069e-5,-5.1798541431442494e-5,-2.2711346319653795e-5,-3.090494984028103e-5,9.526304608246638e-6,6.885782659393569e-7,3.2812325149882726e-15,3.1626846758767963e-15,4.542790798105926e-15,3.0835835582968793e-15,-2.841192842154045e-15,1.0791382163787182e-15,1.1455112096772446e-15,4.216507479023056e-15,-4.31906655626516e-15,-1.1338626467634099e-14,-7.824655914345821e-17,1.3631525333174711e-16,0.016783080372621547,0.0042361184607825906,0.08101556912440398,0.002442520880897268,0.01012775320104784,0.00786016171130297,0.017310410189261022,0.011096816674784215,0.01876224343837121,-0.004362802895798559,0.021276817970777528,-0.23192285372742436,-0.032854661542207814,-8.90829327762824e-15,-0.011638315953130047,-7.198934397086703e-15,-4.609510789578198e-15,4.2347976685123824e-15,-3.023128398919388e-16,-1.0940828719511945e-14,-3.553413700983572e-17,-8.231989257477299e-15,-2.296482169422383e-15,3.492618890033859e-15,1.0737720780197943e-14,-8.552668440482235e-16,-4.900955139834927e-15,2.7371693325389725e-15,-9.574310926261376e-15,-0.0,-0.0,-0.0,-0.0,-0.0,-0.0,-0.0,-0.0,-0.0,-0.0,-0.0,-0.0
7.06788355114749e-7,-4.4575572972646045e-6,-3.0760012118307436e-16,-1.0148958619726362e-15,6.230637086010599e-17,1.9118324450935295e-5,2.8910448194162582e-6,1.23696808574075e-6,1.7087292761974925e-5,8.34634730096228e-14,-3.1450345622324167e-6,-1.1140856175886317e-6,-5.69720119760554e-15,0.00012303457999072285,2.3269509721010417e-6,3.1129230335687143e-6,1.6296277731212274e-6,7.799369504350033e-6,1.5413209708718718e-6,1.1974078024821895e-6,1.7571079606912932e-6,1.506998380902658e-6,1.250860506661065e-6,8.993956891245843e-7,1.1240667642163353e-6,1.9449187141982444e-7,-1.5729089516862724e-8,5.571816458368601e-17,3.048798073562991e-17,1.8974787674093375e-17,6.629017450064506e-17,-1.7205026515888732e-17,8.997435081500703e-18,9.561641876858142e-18,5.4265417769362735e-17,-5.077584297231662e-17,-1.6910313546658515e-16,1.1342029443753136e-17,5.661650842719461e-18,-1.193474085834364e-6,-1.2245906958627078e-6,-3.335225364508635e-6,-1.1461641869331502e-6,-2.325580774296524e-6,-1.1949772115305488e-6,-2.2652273144131265e-6,-2.318067598265777e-6,-2.3076912236576635e-6,-2.7677484118211363e-6,-1.2216345422364044e-6,-1.6609658886353532e-7,1.015501413874553e-9,-2.137995211967178e-16,3.5972746269150123e-10,-1.1065427547218854e-16,-6.6673896901503e-17,2.258190701326632e-18,-3.828353555165633e-18,-1.7130182762633041e-16,-2.08064537585596e-17,-1.3991449500324736e-16,-6.306408720385325e-17,3.428713317000365e-17,8.07476742047205e-17,-4.875408830330662e-17,-8.358322384676739e-17,5.2340937609897724e-17,-1.233660416693729e-16,-0.0,-0.0,-0.0,-0.0,-0.0,-0.0,-0.0,-0.0,-0.0,-0.0,-0.0,-0.0
-4.118654691748938e-5,-4.391849695112403e-6,-3.01747504158465e-16,-1.0000281122639814e-15,6.117828281359715e-17,1.8840010017038298e-5,1.2576711320158411e-5,0.0006432562693044601,1.6834025009437628e-5,8.255967632236676e-14,-3.127865153536469e-6,-1.1080035885576548e-6,-5.37454101697991e-15,0.00013786081259167907,-3.366721993824555e-6,3.048392410871441e-6,1.5838169567681698e-6,7.752087262060206e-6,1.5087948477612005e-6,1.169988425352953e-6,1.7215425711678429e-6,1.4887239962749738e-6,1.2282765851267632e-6,8.865134857958654e-7,1.1085436925711884e-6,2.004742775436431e-7,-1.543311229478678e-8,5.4558967397847326e-17,2.8600008711930365e-17,1.64708163683824e-17,6.488210969076079e-17,-1.5935448587297398e-17,8.656986049614652e-18,9.367625356524206e-18,5.2631406850010024e-17,-4.907900376945709e-17,-1.6445436956730917e-16,1.1725826456660889e-17,5.374655765691897e-18,-1.7235562751942871e-6,6.361775995215896e-6,-1.7950866670840253e-5,1.1452992499712154e-5,3.924756670456721e-6,1.945564148068354e-6,1.3568511961394849e-5,1.1516205717551263e-5,-8.813563999673597e-7,5.8702489438604006e-5,-5.404795083198477e-6,0.000379126092546779,-1.5923865726360604e-5,-8.317175214357431e-17,-5.640812348112086e-6,-9.4238779943225e-17,-5.359851126014246e-17,3.573839787191271e-17,7.876622838838472e-18,-1.4481421702925616e-16,-5.149378423970589e-18,-1.0828535890525175e-16,-3.9877604648144155e-17,4.067875379350373e-17,1.1792813535978227e-16,-2.226151785340969e-17,-6.010878298692438e-17,5.1686492563226775e-17,-1.1932177750880308e-16,-0.0,-0.0,-0.0,-0.0,-0.0,-0.0,-0.0,-0.0,-0.0,-0.0,-0.0,-0.0
1.4135767102308117e-6,-8.915114594359843e-6,-6.152002423661679e-16,-2.0297917239452534e-15,1.2461274172020487e-16,3.8236648901077814e-5,5.7820896390387665e-6,2.4739361714489137e-6,3.417458552325963e-5,1.6692694601943408e-13,-6.290069124408151e-6,-2.228171235153205e-6,-1.1380313825912971e-14,0.00024606915998163213,4.653901944216163e-6,6.225846067141704e-6,3.2592555462568777e-6,1.5598739008857732e-5,3.0826419417673567e-6,2.3948156049844524e-6,3.5142159199135166e-6,3.0139967618078885e-6,2.5017210133190858e-6,1.798791378285445e-6,2.2481335283648685e-6,3.8898374286201977e-7,-3.145817903322182e-8,1.1143632916737236e-16,6.097596147126235e-17,3.7949575348187484e-17,1.3258034900128926e-16,-3.441005303177865e-17,1.7994870162994322e-17,1.9123283753719963e-17,1.085308355387293e-16,-1.0155168594463719e-16,-3.3820627093317247e-16,2.268405888750106e-17,1.132330168543281e-17,-2.3869481717314116e-6,-2.4491813916947624e-6,-6.670450729096655e-6,-2.2923283738787462e-6,-4.651161548511523e-6,-2.3899544229173e-6,-4.530454628748329e-6,-4.636135196527761e-6,-4.615382447212308e-6,-5.535496823580457e-6,-2.443269084581673e-6,-3.3219317774666896e-7,2.031002837624758e-9,-4.275990423934746e-16,7.194549117795298e-10,-2.2130855094438015e-16,-1.3334779380300932e-16,4.516381402647166e-18,-7.656707110341874e-18,-3.426036552526675e-16,-4.161290751712238e-17,-2.798289900065141e-16,-1.2612817440772114e-16,6.857426634001047e-17,1.614953484094331e-16,-9.75081766066209e-17,-1.671664476935425e-16,1.0468187521979626e-16,-2.4673208333874944e-16,0.0,0.0,0.0,0.0,0.0,0.0,0.0,0.0,0.0,0.0,0.0,0.0
-1.344238521478116e-6,7.431749432199355e-6,2.511801989292533e-16,-4.777700684060682e-16,-4.447784707650615e-18,-3.204378061725349e-5,-1.28690106133179e-5,-1.5420294069311996e-6,-2.887120289560013e-5,-5.644948793535007e-15,4.284479622828861e-6,1.5177185058322437e-6,3.654520677932038e-14,3.820422727714024e-5,-4.181443228089103e-6,-3.746162147164166e-6,-9.611307449063291e-8,-2.057078619992634e-5,-1.427967458363369e-6,-8.351418815952992e-7,-1.921505176443847e-6,-2.484629441528576e-6,-1.3997448794992075e-6,-1.5583903591925167e-6,-1.9250471861219326e-6,-1.382990896713514e-6,2.573655610431387e-8,-3.560456377186756e-18,-1.8028101547209956e-16,-2.2066217155305393e-16,-8.405258178042966e-17,1.3591857708043386e-16,1.3287961430132542e-17,-1.0792114975260925e-17,-1.323600284171725e-16,1.1268161687595052e-16,1.3434432001164668e-16,2.2807028583282192e-17,-2.2910260484627457e-18,1.7276361531359098e-6,6.848839650079398e-7,8.084695355999395e-6,1.2821995638537156e-6,2.209175153691089e-6,1.5911182036884796e-6,3.89877884379917e-6,3.1572142754471053e-6,4.0819745878627804e-6,4.923454170405438e-6,4.818955491616465e-6,3.070058961083944e-7,-1.7630344941478606e-9,1.7804895008793437e-16,-6.245308070661028e-10,1.3889249613466846e-16,9.492329985718559e-17,-1.4014614056636185e-16,4.69930201363596e-17,2.5077609268769714e-16,3.1958882274838215e-17,1.4511264005428946e-16,-9.385774971302858e-17,-3.9438614976021133e-17,-2.458284683116696e-16,8.523853047492905e-17,1.005608854980497e-16,4.130929577931046e-17,1.6695000744600758e-16,0.0,0.0,0.0,0.0,0.0,0.0,0.0,0.0,0.0,0.0,0.0,0.0
-4.0479740585624134e-5,-8.849527481782787e-6,-6.093243491249012e-16,-2.0149963282987983e-15,1.2348390634643487e-16,3.7958857802367235e-5,1.546770812917657e-5,0.0006444932805751668,3.3921809031043936e-5,1.6602329511438188e-13,-6.2729685763078815e-6,-2.2221135990440273e-6,-1.1080452811630754e-14,0.0002608957675909813,-1.0397071355824966e-6,6.161400750871922e-6,3.213520217831365e-6,1.5551598301505806e-5,3.050170908418106e-6,2.3674408100397818e-6,3.478705723270149e-6,2.9957732148867755e-6,2.479182354349997e-6,1.7859318007779774e-6,2.2326406936809172e-6,3.9495870512718554e-7,-3.116270544575507e-8,1.1027608635752946e-16,5.908701273661452e-17,3.5444184519312e-17,1.3117132731205737e-16,-3.3139568213228895e-17,1.765405311717097e-17,1.892889492556578e-17,1.0689551666094803e-16,-9.985348016582125e-17,-3.3355387547738303e-16,2.3067902424485442e-17,1.1036273957874294e-17,-2.9170618845830507e-6,5.137135093189034e-6,-2.1286159726991246e-5,1.0306788875947262e-5,1.5990960337241983e-6,7.505514664876431e-7,1.1303212514644576e-5,9.198061106013659e-6,-3.1891055790200985e-6,5.5934665974027075e-5,-6.626427672160686e-6,0.0003789599920367153,-1.5922850253157632e-5,-2.9696469908729764e-16,-5.640452630633554e-6,-2.0489037148916569e-16,-1.202706123533755e-16,3.7996276733435286e-17,4.0487030220906976e-18,-3.1611198717062115e-16,-2.5955403363840433e-17,-2.481963874838009e-16,-1.0294024533390401e-16,7.496498787830954e-17,1.986735778234909e-16,-7.10145582162384e-17,-1.43689834877514e-16,1.0402657008937771e-16,-2.4268480711528467e-16,0.0,0.0,0.0,0.0,0.0,0.0,0.0,0.0,0.0,0.0,0.0,0.0
-1.3442385214747614e-6,7.431749432237958e-6,2.5118019892926335e-16,-4.777700684060892e-16,-4.447784707648936e-18,-3.204378061761795e-5,-1.2869010613214126e-5,-1.5420294069226401e-6,-2.8871202895923402e-5,-5.644948793481135e-15,4.28447962287284e-6,1.5177185058408394e-6,3.656000966691609e-14,3.8204227277228195e-5,-4.181443228230282e-6,-3.7461621471609136e-6,-9.61130745111786e-8,-2.0570786200323812e-5,-1.4279674583488264e-6,-8.351418815655688e-7,-1.9215051764368033e-6,-2.4846294415592208e-6,-1.3997448795041544e-6,-1.5583903591837626e-6,-1.925047186136978e-6,-1.3829908967107347e-6,2.5736556103836113e-8,-3.560456377189141e-18,-1.8028101547210166e-16,-2.2066217155305647e-16,-8.405258178043097e-17,1.3591857708043657e-16,1.3287961430129574e-17,-1.0792114975261963e-17,-1.3236002841717484e-16,1.1268161687595235e-16,1.3434432001165196e-16,2.280702858328584e-17,-2.2910260484611494e-18,1.7276361531442795e-6,6.848839654297862e-7,8.084695356183347e-6,1.282199563850367e-6,2.2091751538204403e-6,1.5911182037291257e-6,3.898778843755798e-6,3.157214275458615e-6,4.081974587991432e-6,4.923454170580912e-6,4.818955491537664e-6,3.070058960512742e-7,-1.7630344459667524e-9,1.7804895008793388e-16,-6.245307837631554e-10,1.3889249613466961e-16,9.492329985718719e-17,-1.40146140566367e-16,4.699302013636123e-17,2.507760926876989e-16,3.1958882274836144e-17,1.4511264005429352e-16,-9.38577497130267e-17,-3.943861497602504e-17,-2.4582846831167927e-16,8.52385304749263e-17,1.0056088549804982e-16,4.130929577930923e-17,1.6695000744601192e-16,-0.0,-0.0,-0.0,-0.0,-0.0,-0.0,-0.0,-0.0,-0.0,-0.0,-0.0,-0.0
-0.0020343420894159705,-1.836729662359083e-5,2.9194109795675157e-16,-4.692044562233487e-15,6.009680646590311e-17,8.012630840798484e-5,-0.0005650159919304319,-0.0031154545493708758,7.010880832380042e-5,2.9789464252355425e-13,-4.315986566934138e-6,-1.5288794018143525e-6,-2.1914078033263294e-14,0.00417927207540665,0.0005533302312396229,1.0967990855759379e-5,5.884645978253424e-6,3.5818415178730786e-5,5.963547367652962e-6,4.512331500410376e-6,6.765045537815407e-6,7.239979688698328e-6,5.379922820090316e-6,3.844636598841058e-6,4.790153578415454e-6,1.3185734129913389e-6,-8.513320215289488e-8,2.6259938460470282e-17,2.6006985693497282e-17,-7.450838665635655e-17,1.139220806485319e-16,3.3209638669303725e-17,-3.628020697742357e-17,-2.819075413138196e-17,1.1478801722861958e-17,1.641120247020735e-17,-9.056947378984721e-18,8.220426309174322e-18,1.1492871633744659e-17,-0.0005884742899406115,-0.0007618475121972395,-0.002275479182434718,-0.0009462038463991637,-0.000616500531508675,-0.0002537552341530542,-0.0008454681325254144,-0.00044405306452246124,-0.0002723450966373841,-0.0008516595929638408,0.00018842890045399807,-0.007734163662232422,0.00395581299183736,-2.5203847359527655e-16,0.0014012928238915769,-3.709624707410137e-17,-1.5324837769600496e-17,-1.3788396012460794e-16,-1.2097717950579518e-17,-8.963049384191113e-17,-7.417112105239693e-17,-8.222395495907349e-17,-5.127843950530845e-17,-3.839693044535354e-17,-1.6156384921754563e-16,-1.202634135054365e-16,-6.040195371346508e-17,1.3770094534435249e-17,1.567104165611888e-17,0.0,0.0,0.0,0.0,0.0,0.0,0.0,0.0,0.0,0.0,0.0,0.0
-0.001971991648679847,-1.65580396659485e-5,-4.4142460788673156e-16,-4.056523357778543e-15,1.213039407411368e-16,7.21889352031964e-5,-0.0004913389897083421,-0.002764492588830443,6.232560206437512e-5,3.785379972617066e-13,-4.151155736793849e-6,-1.4704903222748573e-6,-1.7635805274548005e-14,-0.004471396647559297,-0.0004119787485062525,1.0141587251733124e-5,5.412886949664558e-6,3.165051131434049e-5,5.419802119855967e-6,4.149908474951477e-6,6.222529044429684e-6,6.4282074014918625e-6,4.862059000240846e-6,3.499401804305965e-6,4.326456535675104e-6,1.1649687414269483e-6,-7.643644112096253e-8,1.0073073470377249e-16,7.543560252394625e-19,-1.2288208123435362e-16,1.6536143210884502e-16,5.713989467693832e-17,-1.5326461455656232e-17,-1.896219825631124e-17,2.964753786391648e-17,-5.549487455839576e-18,-1.6375942624216698e-16,1.527670152837761e-17,1.40527213012747e-17,-0.0005899780510700081,-0.0007421424174816828,-0.0002556588515003685,-0.00014626200789411508,-0.0007557528681640707,-0.0003283391557637172,0.0002756283160789545,-3.4576978953845704e-5,-4.2479979744258214e-5,0.001656279045558694,-6.679892529406952e-5,0.020243884287901533,0.003792417817853628,-3.9624570853643283e-16,0.0013434123110274813,-1.1799914042515668e-16,-6.315326079330728e-17,-1.6547878289720707e-16,3.594088757106061e-18,-1.9785027222805152e-16,-7.616946058565255e-17,-1.9421117988818435e-16,-1.6572372358175002e-16,4.079820982989321e-18,-1.18394978871585e-16,-1.198709266284704e-16,-1.2229222621564287e-16,9.468340670764287e-17,-8.257114740725363e-17,-0.0,-0.0,-0.0,-0.0,-0.0,-0.0,-0.0,-0.0,-0.0,-0.0,-0.0,-0.0
-0.00012169674471920545,-2.5555449725001463e-6,-6.513496026504542e-16,2.753776839285347e-16,6.115248163545986e-17,1.0915052372705342e-5,-2.3260754626631258e-6,-5.889524977641516e-5,9.273232407677154e-6,8.027978918046414e-14,-1.6105443180307989e-6,-5.705133676872775e-7,-1.0132407092312958e-14,-0.003589329659521723,-0.0008380260376147699,1.6624299315429193e-6,3.19628553670916e-7,5.931642998275647e-6,6.167065494634076e-7,4.4115635678250537e-7,8.426503659326713e-7,7.338778775434236e-7,5.232488885622581e-7,5.536484378309796e-7,6.555732652987437e-7,3.698733359262435e-7,-8.725958602062558e-9,6.719460196296154e-17,4.829850674065799e-17,4.3865803200383446e-17,7.881974321362008e-17,-3.209197143118006e-17,1.3599206921329309e-17,1.3162913198906944e-17,6.971471710115705e-17,-6.5996551823686e-17,-1.9888127410443768e-16,1.6806117230043954e-18,4.715141782088232e-18,0.00015669444642235134,0.00017205623527870797,0.002265066993357852,0.0008663551723465645,6.617986046135423e-5,4.8442031524467466e-5,0.0012838265135113917,0.0006042465986927488,0.00037177592753800243,0.002771406225199672,-9.700333538060467e-5,-0.0021853873122044047,0.0002162854905169336,-2.9172752127253673e-16,7.661618645732937e-5,-1.3968619086514842e-16,-8.878258546504419e-17,6.695936531974786e-18,-1.1590356736589909e-17,-2.1680007885263362e-16,-2.611212720836621e-17,-1.7959348445818236e-16,-7.976934418125842e-17,4.632881688114496e-17,1.0752324674792195e-16,-5.643666410935073e-17,-1.1091576171429715e-16,5.756159405970841e-17,-1.5715885425816347e-16,-0.0,-0.0,-0.0,-0.0,-0.0,-0.0,-0.0,-0.0,-0.0,-0.0,-0.0,-0.0
0.0002653365843974688,-3.6456733400998838e-6,-3.098078430866511e-16,-5.883041454121285e-16,4.961406829683046e-17,1.5485153624386952e-5,0.00011277663409485082,0.0005641015851477655,1.4202152158247714e-5,4.416338588149114e-14,-3.557904839004782e-6,-1.2603392855372032e-6,-5.206797851905764e-15,-0.006376416566040981,-4.130467297245115e-5,2.629718555613567e-6,1.2526639253632698e-6,6.5155567175285125e-6,1.224214368937969e-6,9.429152168362549e-7,1.410845213761758e-6,1.122263903060771e-6,9.551422475230994e-7,7.166349854404384e-7,9.023798574173291e-7,1.6629087480283986e-7,-1.034821989093563e-8,5.656630931814205e-17,4.4673505473321404e-17,5.283152589587185e-17,5.941472673310056e-17,-3.541029308024957e-17,1.6454196628978794e-17,1.5214251424505826e-17,6.489217524313408e-17,-6.366720465822846e-17,-1.7824853912865775e-16,6.200773859698102e-19,3.2640124321550507e-18,-0.00024777827173645526,-0.0002423463791659411,-0.0007012553901239162,-0.00022960086946639355,-0.0003013653489223824,-0.0001811362690324753,-0.00042840467974011854,-0.0003677358323290127,-0.0002590678007844635,-0.0007941687349276029,-0.0002073690255133542,-0.0011243552999780164,-0.0005397998822892588,-1.906951962176965e-16,-0.00019121674936368457,-1.193522540048813e-16,-7.610299275174574e-17,3.643474185317053e-17,-5.85819552762348e-18,-1.833989817515222e-16,-1.1095779111411251e-17,-1.440983149685692e-16,-5.386971920358739e-17,4.850120503905588e-17,1.3225289903688598e-16,-2.999284699834904e-17,-8.729971305637578e-17,4.893908434386582e-17,-1.4629084095243356e-16,0.0,0.0,0.0,0.0,0.0,0.0,0.0,0.0,0.0,0.0,0.0,0.0
0.014846127557546912,0.00010628049999853021,-3.880198276493663e-14,8.512487420236615e-14,2.105136718484255e-15,-0.0004737135090345764,-0.06315317692762601,0.03453485954785122,-0.00043651414845105233,1.4275306336907998e-13,-5.050273685129516e-6,-1.7889906048277968e-6,-4.071631116935916e-13,-0.18141390163955642,-0.0141856984695188,-6.392885024515828e-5,-7.509620422038423e-5,-0.00011636647169381422,-5.2069906383838236e-5,-4.223746488183609e-5,-4.941361720128712e-5,-5.623179730577883e-5,-4.6619144642877776e-5,-2.0440708789778e-5,-2.7815073301524854e-5,8.573247488647573e-6,6.19729097103436e-7,2.9531223033992684e-15,2.846345385899762e-15,4.088409293761086e-15,2.775214395220992e-15,-2.557013742612857e-15,9.712268984556783e-16,1.0309540176300208e-15,3.794811204408989e-15,-3.8871189636181714e-15,-1.020474124788415e-14,-7.040773808795797e-17,1.2268431583287534e-16,0.01510477290412599,0.00381250686167788,0.07291401484399027,0.002198269226535374,0.009114978614776496,0.0070741460609957335,0.015579370430390628,0.009987136041002953,0.01688602040569692,-0.003926521009885849,0.019149137679292817,-0.2087305682592236,-0.029569195388563566,-8.017373684180601e-15,-0.010474484358021265,-6.478997370600826e-15,-4.148525455571126e-15,3.81126553843935e-15,-2.720561337925111e-16,-9.846663827340554e-15,-3.1968467221444645e-17,-7.408745275952107e-15,-2.0668781152480117e-15,3.1433483623659354e-15,9.663868242776876e-15,-7.697089183182466e-16,-4.4108240260135745e-15,2.4634823407237175e-15,-8.61682834886323e-15,0.0,0.0,0.0,0.0,0.0,0.0,0.0,0.0,0.0,0.0,0.0,0.0
0.020534329774918585,0.00016581602977189112,-4.429142357620043e-14,1.0127227936338015e-13,2.3476335018232224e-15,-0.0007336774785503817,-0.06097838264839381,0.044893045332751,-0.0006694825376319313,-9.768287512438144e-14,7.2410368915138575e-6,2.565038634437715e-6,-3.195583462872879e-13,-0.2488369793376422,-0.021958359000218378,-9.784556784555959e-5,-9.336295947358106e-5,-0.0002368601547955317,-7.107205410815407e-5,-5.6286036209710655e-5,-7.050791906440709e-5,-8.028807385612928e-5,-6.393073174509994e-5,-3.2685500817900385e-5,-4.328381937527124e-5,4.106917760146001e-6,8.974377647631007e-7,3.3675137208635075e-15,2.5958280291587155e-15,3.939322935751077e-15,2.8081484045694152e-15,-2.471176140482622e-15,1.2006455438277857e-15,1.161035337528419e-15,3.8678238457615e-15,-4.057738054593455e-15,-1.1165460708995463e-14,-4.342726741806538e-17,1.092388885227563e-16,0.016585419487175675,0.005924403049228041,0.09196056399077106,0.009947753273607533,0.009779654741746966,0.0072227600430041896,0.025140412045369088,0.013819085340827892,0.019060160090137078,0.01486855165173246,0.01690784235290012,-0.0031349174016143087,-0.040905844677106826,-8.263098918166462e-15,-0.014490337819191358,-6.888755294057604e-15,-4.405606002174421e-15,3.974224320791526e-15,-1.3243657169274134e-16,-1.0283942387200052e-14,1.507645671286186e-16,-7.901093110800027e-15,-2.6827345270357886e-15,3.513027495037601e-15,1.033367887297602e-14,-4.45858370290688e-16,-4.641086069170318e-15,2.956018922443518e-15,-9.271650502691431e-15,0.0,0.0,0.0,0.0,0.0,0.0,0.0,0.0,0.0,0.0,0.0,0.0
-0.011982714369062843,0.00018021544887630164,-1.465750480782041e-14,7.15561537435872e-14,-3.8027344916232185e-16,-0.0007727014477851994,-0.053652213884300456,-0.016490099182929673,-0.0007287331928299607,-2.9478574267369486e-13,0.00015463166982062948,5.477616102378214e-5,-1.1728655359725773e-13,0.16645673122825694,-0.010161654777209617,-0.00012937359846490492,-9.107639908272237e-5,-0.00025921592520013377,-7.30049453811792e-5,-5.788219299179678e-5,-7.65942478080371e-5,-6.611121429098286e-5,-5.826726144980036e-5,-3.393091369712652e-5,-4.460838095764679e-5,3.4181804932950525e-6,6.007204486121819e-7,-2.1349515906130014e-16,-1.7885920816304982e-16,-2.8211159058475377e-16,-1.7736267935393783e-16,2.004928562564835e-16,-1.942581974298691e-16,-1.0707844231181541e-16,-3.6536082613804785e-16,3.521882524606824e-16,7.618304592685112e-16,-8.2640175705934e-18,-7.447130970005088e-18,0.02049232274171363,0.01132819040162903,0.08657476515034235,0.012376245366665081,0.01804934120739607,0.012604907197370072,0.03401646153588017,0.025453066772470678,0.024966110672644242,0.04482381267774817,0.02389929268199911,0.002264958935465689,0.02378531536270705,1.855547744762673e-15,0.008425623708840351,7.274254215835983e-16,5.093664643284991e-16,1.3661591309588118e-16,1.1502422394849705e-16,1.1185162578673033e-15,1.6850478961747558e-16,9.290342358040895e-16,4.0579934401163506e-16,-1.3593842599500412e-16,-2.0435436603256492e-16,3.7314866008380706e-16,5.971725126067245e-16,-2.136159790989809e-16,7.001047092412055e-16,0.0,0.0,0.0,0.0,0.0,0.0,0.0,0.0,0.0,0.0,0.0,0.0
1.0518908826483515e-5,7.252044663372334e-6,2.396361726950415e-16,-5.11896476471766e-16,-2.2870086447845187e-18,-3.127907363869247e-5,-7.827123529703422e-6,2.367877321889809e-5,-2.8168893760470227e-5,-3.645035540740779e-15,4.115771516166624e-6,1.4579559589725763e-6,3.634116530034585e-14,-0.0001183171871748379,-0.00013448457913313246,-3.6173971560906106e-6,-3.175626681987323e-8,-2.02544730343573e-5,-1.3665102099054272e-6,-7.876863290101161e-7,-1.8514468155625098e-6,-2.427755078997663e-6,-1.3514276317977484e-6,-1.5231361663971943e-6,-1.880487523010149e-6,-1.3757362190078323e-6,2.5206816692858098e-8,-1.1182963108943299e-18,-1.78331128272218e-16,-2.183742854170804e-16,-8.14614745879038e-17,1.343852589072232e-16,1.3993809426060796e-17,-1.013936762152242e-17,-1.295411779085226e-16,1.0992540139439604e-16,1.266477813695806e-16,2.2835875773832053e-17,-2.146262226585417e-18,-9.352353732058367e-6,-1.0153847283596491e-5,-2.327261467762727e-5,-8.985897946799556e-6,-1.1271699140589649e-5,-6.510329031695143e-6,-1.5260615174006597e-5,-1.3290500017889164e-5,-7.506645720387535e-6,-3.058642352755311e-5,-4.452474589481503e-6,-4.995225459598294e-5,-2.4130819799644508e-5,1.7000065965158144e-16,-8.548013945329112e-6,1.3374596559790148e-16,9.164700413893216e-17,-1.385260823271277e-16,4.6756058021402856e-17,2.4285328941890464e-16,3.148678463265206e-17,1.3892095616443844e-16,-9.613443791365344e-17,-3.7340633686692954e-17,-2.400660363129639e-16,8.396083437336601e-17,9.681201751814515e-17,4.34205472658168e-17,1.6062339674852012e-16,0.0,0.0,0.0,0.0,0.0,0.0,0.0,0.0,0.0,0.0,0.0,0.0
0.00025212966797981504,3.963068924035111e-6,-4.7169520279135274e-17,-1.0320060718302866e-15,4.3014470088884845e-17,-1.731166999904384e-5,9.486939769951544e-5,0.0005373393805686585,-1.536081268172887e-5,3.652712984603077e-14,8.936522834092137e-7,3.1656414680471823e-7,3.1556674855982485e-14,-0.006181689035983805,8.481851084451033e-5,-1.2436683392322675e-6,1.0925419545615835e-6,-1.436493305486957e-5,-2.645528273474624e-7,6.0759202348411e-8,-5.798995952105871e-7,-1.4183332809406562e-6,-4.923296165468184e-7,-8.764503594105487e-7,-1.0665327273318776e-6,-1.2235782546665183e-6,1.5908572710163494e-8,5.0572223408576e-17,-1.375039915989989e-16,-1.700532488193924e-16,-2.7198883001013238e-17,1.0200104411758618e-16,2.903514328808871e-17,3.774483403599267e-18,-7.024275607834157e-17,5.173185048762484e-17,-3.6269123050983116e-17,2.339329510737733e-17,8.295932889121641e-19,-0.00023497130746900303,-0.0002308231762135851,-0.0006618160403871472,-0.00021805111640221225,-0.00028567630159887907,-0.00017144433092390458,-0.00040534791242904705,-0.0003481321383501492,-0.0002433986633422045,-0.0007537371612044824,-0.00019328006089657548,-0.0010737891410696262,-0.0005156725879232585,-4.69065683621015e-18,-0.00018266998425489395,2.4631198723460453e-17,2.205936963659548e-17,-1.0529467537628499e-16,4.1357131635595267e-17,7.520434737440735e-17,2.1322823318882487e-17,7.143356412811739e-18,-1.4543662578786827e-16,6.980121440330693e-18,-1.192611504301167e-16,5.649198741408566e-17,1.6968245493485208e-17,8.813334015833119e-17,2.6921038966617377e-17,0.0,0.0,0.0,0.0,0.0,0.0,0.0,0.0,0.0,0.0,0.0,0.0
0.016043490111993578,0.13346987716927017,3.3893762547291333e-15,2.4161157546853173e-14,-6.720264985013874e-14,-0.5803730791393937,-0.025633469186827972,0.024723965318759696,-0.5188300594925906,7.458820719663626e-12,-0.00878096542669973,-0.0031105372940562794,1.267121717018457e-13,-0.01400608739267883,0.021165053369866585,-0.0738597150307753,-0.03556314344129819,-0.3030979834578987,-0.03216378063111362,-0.02302861979800536,-0.026386060897509396,-0.05145687808436651,-0.031853604442502424,-0.022116890825593847,-0.06334479847799582,-0.00820421858790047,-0.0007584981093664176,7.36019913923498e-15,4.005993791709173e-15,-9.803604320508106e-17,2.8764218734267175e-15,-7.291129543248176e-15,-1.0015515480227882e-14,1.0051372153395184e-14,7.598994281444245e-15,7.918660024898155e-15,-8.31623132982686e-15,-3.2014207320290857e-14,-1.7771420354281976e-14,-0.04049396647564807,-0.029855715127872814,-0.1301419162145661,-0.01728538445382427,-0.015647276558066765,-0.009367425459941375,-0.03554592697088401,-0.02273723328553486,-0.007830524630072975,-0.07360345550302803,0.0035199692248288578,-0.0022809256203849483,0.0045315414647748185,-2.2669875263696012e-14,0.0016052367866869707,1.8124883810973876e-14,-7.229337302999424e-16,8.821080197014365e-15,-2.7253511864353167e-14,3.489812874708323e-14,1.163109254858247e-14,-2.2987678453153104e-14,-2.5748356702178017e-14,2.1233347026304777e-14,1.9969754760907072e-14,3.4207651597564706e-15,1.6713758585919695e-14,-1.3125604837308615e-15,7.171557705541202e-15,0.0,0.0,0.0,0.0,0.0,0.0,0.0,0.0,0.0,0.0,0.0,0.0
0.003395378042306323,0.024959027510240258,-2.0898097984263414e-14,8.303631726669289e-14,-1.4090889258601639e-15,-0.10771446693511118,-0.0037316737015877467,0.0051863684312023,-0.09873493047095805,5.3234506466727985e-11,0.05013531520976382,0.017759751932675913,-1.2092922693075418e-13,-0.002455949488678564,0.003412788921289459,-0.016343099816250373,-0.007112445280654683,-0.036326380099662645,-0.005341940150132138,-0.004116102071461951,-0.012663659222411916,-0.009465660097083979,-0.008414409498632846,-0.005742135042025494,-0.0073687868103505996,-0.008293055056430866,-0.002074726331665261,8.174725762417734e-16,6.36195992314764e-16,3.780249844092524e-16,7.980976492539546e-16,-5.223875078181544e-16,-4.638042867080745e-16,6.883456041215511e-16,9.284076619387494e-16,-9.449734148866604e-16,-3.427249503431613e-15,3.181595764268539e-16,-1.0784303432724398e-15,-0.007525521233862203,-0.0049913401571105185,-0.017104298484317635,-0.0028226783278103053,-0.0035344879790236406,-0.004528346112274689,-0.0069198097251402,-0.005856417202874158,-0.002676444692899251,-0.0125734809200629,-0.002364482128846663,-0.0011629473736648863,-0.05203163867081192,1.5037825584602637e-15,-0.018431498666692744,-8.147148809912304e-16,-6.061673551873759e-16,1.9218613577871093e-15,-4.199088714267454e-16,-7.511368943943082e-16,5.036316780922878e-16,-1.5449925955030458e-15,-3.2327454444688016e-16,1.3616071274749686e-15,3.4172051743895793e-15,-9.136658988189053e-16,4.647362831147565e-16,3.9044268191601446e-16,-1.1668655100510484e-15,-0.0,-0.0,-0.0,-0.0,-0.0,-0.0,-0.0,-0.0,-0.0,-0.0,-0.0,-0.0
-0.0017198826696401355,-0.011032482081058795,6.065193903135476e-14,-1.5262659633321559e-13,1.0512187657986861e-14,0.04785314077173315,0.0009699385260086152,-0.0025443536000701386,0.04281492361038557,-7.875998533769411e-11,-0.010648638695768533,-0.003772135087802379,1.7314291004685113e-12,0.008297638571707304,-0.0009052741533052931,0.0074929882874125,0.012248673118187569,-0.008752265400065178,0.014469088103916616,0.008069730084572251,0.0069120708615503694,0.003196785304547623,0.00334451325427253,-0.00030504743937757807,0.007167425580475844,-0.0025629362279409214,0.0029555192785275857,1.0584646099050582e-15,-4.916311355020919e-15,-2.1429398835190818e-15,-4.195979305741181e-15,5.5157729611279184e-15,8.215749259103485e-15,-4.1827046262299555e-15,-9.909244644416446e-15,3.90511771306908e-15,2.6992212806887285e-14,-5.55799435012066e-15,3.1853062050517248e-15,0.002527376793543582,0.006149723822023226,-0.00033447798333479344,0.005737819300726218,0.003322018661721133,0.0025429984138296098,0.0029775590873082586,0.002631417906738538,0.00016288391199910596,0.008313966263759886,-0.0009703197316003197,0.0012544092252619792,0.011616761621596404,1.2386145963273975e-15,0.004115079436472708,7.690478859503482e-16,-1.8084557249600802e-16,-1.4885333900856338e-14,7.632477527369805e-15,-1.2062768860646304e-15,-2.4645347815021554e-15,8.697073427723168e-15,-9.696812973691472e-15,-3.1374058862132726e-15,-2.2178366153310252e-14,1.7045371085803458e-14,-1.0357771760439967e-14,1.6027639601472313e-15,2.181462877686168e-15,0.0,0.0,0.0,0.0,0.0,0.0,0.0,0.0,0.0,0.0,0.0,0.0
0.00283571048856534,0.04157894976136671,2.850784623448119e-14,-4.4815599977335416e-14,-1.5560223745769828e-15,-0.18145677507368613,-0.009065817421915017,0.004680310560131279,-0.16204379273788305,-9.69137156116116e-11,-0.07443524990385154,-0.026367672523978217,1.598554826591304e-13,0.00919088823888994,0.009712157335579182,-0.04600040950945037,-0.0064841886830123005,-0.177291076019586,-0.02700027328615448,0.004397355053404493,0.008422769571054834,0.007767585035539426,0.005909192298544203,0.006237814681765978,0.0010381095520702259,0.005392268470814281,0.00012347374317133751,-3.3527991594621173e-15,-2.1430238671531836e-15,-3.0836999292625097e-15,-2.557581228105198e-15,2.762743889368366e-15,-2.762336757591967e-15,-1.4515459913118043e-15,-3.8146602808265435e-15,3.667281599571145e-15,1.1221626307091767e-14,1.1560450548821353e-15,1.1294231749339261e-15,-0.02471015206220062,-0.010866982424336116,-0.07245464947734029,-0.011956656934678163,0.004439004509787315,0.0033617746294193865,-0.0005758737770748134,0.0027522421272439626,0.004662744276736347,-0.012086458924971856,0.004945388742327545,-0.0003106874001995453,0.07625067023007236,7.1718071707736e-15,0.027010760425435345,5.376237448000771e-15,3.674094623362622e-15,-4.608818122789937e-15,9.262200107512933e-16,7.872370043728877e-15,-8.419486618378185e-16,7.6443508755999e-15,2.791373202977634e-15,-4.033804664626198e-15,-1.1071307721083007e-14,5.674893819052245e-16,2.408976290107485e-15,-2.5209534900147452e-15,7.830548344083596e-15,-0.0,-0.0,-0.0,-0.0,-0.0,-0.0,-0.0,-0.0,-0.0,-0.0,-0.0,-0.0
0.006651148198078545,0.03243163937588455,4.765314867324022e-15,-4.6157064860219036e-14,-4.175564360733225e-14,-0.1422392184129532,-0.006420028296992719,0.00977097137160566,-0.12046935663033176,-1.1171040839249626e-11,-0.03016418539332536,-0.010685251455912183,1.9080295155307117e-13,-0.01868703785585734,0.0007349011824324608,0.013927207370881121,0.00256873506850681,0.016952625334777333,0.0029576270939537983,-0.016473353469267604,-0.035074230502958895,-0.039163321199111506,-0.02847808521591227,-0.026162579786003618,-0.024364498247891678,-0.024185651214956333,0.0005238664282203456,6.226398078576081e-15,3.571684694857272e-15,1.1263031303230005e-15,2.373354923416096e-15,-6.631450545172387e-15,-3.459162214071644e-15,6.906139512371465e-15,6.687456077223813e-15,3.1636306640815363e-15,-1.0716230661543382e-14,-2.217477556742172e-14,-1.1880676755548824e-14,0.005337333152951485,0.00035166216294142146,0.003242372644444444,0.0005091903947142921,-0.015156630064243034,-0.012786443494930666,-0.020242881939314058,-0.018279581758211906,-0.012169600729065392,-0.023773009277693644,-0.00773411236727377,-0.0006489482099224557,0.02667124581903787,-2.176488760423143e-14,0.009447925229928713,8.87234332982628e-15,-2.579933087454429e-15,6.7828489670949e-15,-1.8496449027511848e-14,1.7978745627190503e-14,8.026696462706496e-15,-1.9941459187916217e-14,-1.9381234585512677e-14,1.566383410843235e-14,1.693688981628804e-14,2.48737910344619e-15,8.135441155696075e-15,6.537188772817067e-16,7.126738364523343e-16,-0.0,-0.0,-0.0,-0.0,-0.0,-0.0,-0.0,-0.0,-0.0,-0.0,-0.0,-0.0
0.01684998427145375,0.16104195068503677,1.6474378270040822e-14,5.30426422495777e-15,-5.609853584505133e-14,-0.6997254590517665,-0.031944317246597326,0.02639189557282985,-0.6296029773955711,1.4558376660729933e-11,-0.014935877164212694,-0.0052908308689315646,5.2083111784828083e-14,-0.0041110404780547154,0.028602001986970653,-0.11677120183704445,-0.055827423033450084,-0.4343239154080741,-0.051344605271928856,-0.028870044607447243,-0.011514152733353898,-0.03450998889252232,-0.012769415046412744,-0.018916075329952653,-0.04898869390033024,-0.0027631796012177866,0.0009397148501792649,4.291932187020117e-15,2.564960333523938e-15,-1.827957801003498e-15,1.3760958423100569e-15,-4.837653715359064e-15,-1.0504372090665172e-14,7.22821251296114e-15,4.861984309617452e-15,8.168724556991058e-15,-2.429997848552954e-15,-2.5858190383172518e-14,-1.338469239130498e-14,-0.06181391015898618,-0.04421337175625615,-0.1852566731556708,-0.026270852086311147,-0.01566421993002615,-0.003656805729825418,-0.03043571328825823,-0.012658884168836657,-0.004183020126251849,-0.07536458811493045,0.007773754399266709,-0.001782961672186617,0.012574559471374144,6.563947189771406e-16,0.004454366267363752,1.930453613623365e-14,3.0708289206801626e-15,1.0141470206606512e-14,-2.0255223010307798e-14,3.4676768364258844e-14,1.1051010091828474e-14,-1.0835042354765957e-14,-1.575773526821061e-14,1.5836209308991468e-14,1.6923228135435214e-14,6.693360788637024e-15,1.8142596577228932e-14,-2.0184831947691456e-15,9.4858701157089e-15,-0.0,-0.0,-0.0,-0.0,-0.0,-0.0,-0.0,-0.0,-0.0,-0.0,-0.0,-0.0
0.015249204631415233,0.10631518868687391,-9.497545482010596e-15,4.273259591216297e-14,-7.81386701863945e-14,-0.4628274511582486,-0.019418154512550703,0.023081284131443183,-0.40973401794093084,4.667375949483633e-13,-0.0027192265163767564,-0.0009632489230147088,2.0016266906832653e-13,-0.023751343451555867,0.013840685007016764,-0.03159782073129991,-0.015605623767255479,-0.17385854483238225,-0.01327331460725908,-0.017275622262182395,-0.04103283866362543,-0.06814722589179807,-0.05064889808240685,-0.025269252494151764,-0.07748358087331658,-0.01356289132680246,-0.00243100358367764,1.0382018779335044e-14,5.4252129384793325e-15,1.60569822273881e-15,4.354036024343083e-15,-9.707464744419055e-15,-9.534059163154246e-15,1.2831794907172574e-14,1.0294571497124782e-14,7.672380960481894e-15,-1.4113359225458064e-14,-3.807703469974832e-14,-2.2091742190923684e-14,-0.019496763314549984,-0.01571540417672056,-0.0758614844340951,-0.008435938499412713,-0.015630589674248088,-0.014991598038911667,-0.04057878242699749,-0.03266301672450179,-0.011422813345057256,-0.0718689828517399,-0.0006694223063104027,-0.00277135140867605,-0.003389721631474316,-4.564303303050515e-14,-0.0012007626768481166,1.696308901916589e-14,-4.459266541998203e-15,7.520678202755895e-15,-3.4145860879481074e-14,3.511613818458534e-14,1.2202393738471215e-14,-3.495634839387855e-14,-3.558774047684422e-14,2.6548783071636225e-14,2.2970163178529615e-14,1.9770996297239682e-16,1.53065502914971e-14,-6.173240046923139e-16,4.892279271399797e-15,-0.0,-0.0,-0.0,-0.0,-0.0,-0.0,-0.0,-0.0,-0.0,-0.0,-0.0,-0.0
0.002685525508000367,0.2579672428376361,-4.37525527636004e-14,9.880526005768866e-14,-8.355762796554101e-14,-1.1209044827465156,0.3358883761357341,0.11553895746554711,-1.0085730375821942,2.5012263578638934e-11,-0.024057277728674692,-0.008521962669401816,-7.217902336204174e-15,-0.3048873109453888,-0.03492083704157011,-0.18703364345341283,-0.08946656469908024,-0.6957543641863448,-0.08226184730000274,-0.04625274780168386,-0.018420347009647484,-0.05529870816365268,-0.020457169311209007,-0.030292326349657006,-0.07848089126105849,-0.004409727102386229,0.0015057553962722072,1.4200204649670084e-14,7.897153939846287e-15,3.753475101463374e-15,7.405303725692796e-15,-1.2281945137469807e-14,-1.296379625591925e-14,1.446967757993e-14,1.563979445467416e-14,4.5809725297298225e-15,-2.8193830196114522e-14,-4.127648464516741e-14,-2.142353664510413e-14,-0.016438212125318496,0.0001791162147263152,-0.02880095764676215,0.013558112064015936,0.0028673107464264416,-0.013299705717815996,0.01740839817396142,0.01808347824026328,-0.045588202352194476,0.0754714219074425,-0.006374792697661091,-0.009779684567393218,1.011767290721348e-6,-5.3082857088262456e-14,3.5840476292324346e-7,1.1890762602232251e-14,-8.035723742482378e-15,1.3256060553108032e-14,-3.536104480711822e-14,2.745520754264704e-14,1.4022142768251151e-14,-4.279346959753766e-14,-3.9421317925959687e-14,3.050479598732534e-14,3.591003946283557e-14,2.192792478753021e-15,1.3045992427771947e-14,3.976220039363048e-15,-4.402032699064085e-15,0.0,0.0,0.0,0.0,0.0,0.0,0.0,0.0,0.0,0.0,0.0,0.0
-0.010599628090474374,0.17318895778274246,-6.660263658620451e-14,1.6743419823656274e-13,-1.2320675008899099e-13,-0.753974813914559,0.04312353970278154,0.37091521168800506,-0.6675085155117487,9.161608772185714e-13,-0.004322614716907885,-0.0015312273344794858,2.6065493621784684e-14,-0.23732472465886179,-0.03338360611683374,-0.051473637012214545,-0.025412241089534566,-0.28345549300187695,-0.021642854681861477,-0.0281366223377011,-0.06681285107728946,-0.1109840541162713,-0.08246585022493591,-0.04115713871618593,-0.1261288777875984,-0.02210059275025844,-0.003954607565388263,2.225453246027242e-14,1.1977146041076179e-14,7.725431205270218e-15,1.108217160180173e-14,-1.927029341595855e-14,-1.3198426300054765e-14,2.289612692487609e-14,2.2509776632414332e-14,6.2972954832144425e-15,-4.0269192312841455e-14,-6.186507350013371e-14,-3.574828206761814e-14,-0.024366640806880814,-0.01825285045123278,0.007661689419375033,-0.005291331944383356,0.02713085123895897,0.002682030642922183,0.04822720877223646,0.03485420079932866,0.0382323887293587,0.09046874865405469,0.04883726824175653,0.009792335594119945,1.2912187443280593e-6,-5.1509410974695063e-14,4.5739662898490625e-7,2.0707776140486504e-14,-1.0975690093294003e-14,2.761868295553219e-14,-5.226450505240341e-14,4.742927112734442e-14,2.4676564314191057e-14,-6.143680210237517e-14,-5.659267078838517e-14,5.0631375406839865e-14,6.407569461668327e-14,6.798488599793808e-15,2.3631231502395687e-14,4.085570048002699e-15,-6.281811369143802e-15,-0.0,-0.0,-0.0,-0.0,-0.0,-0.0,-0.0,-0.0,-0.0,-0.0,-0.0,-0.0
0.020168469730288713,0.18745624642467723,2.1922736348893898e-14,-1.3395606078706094e-14,-5.536999910519388e-14,-0.8133609182436294,-0.035442016758418855,0.0321057464451345,-0.7390578681438366,3.3375232507995337e-11,-0.007628710554269232,-0.002702366713822803,1.0668988174121794e-13,-0.02377744686997555,0.03314867518201276,-0.4041200766780697,-0.026496979189362654,-0.3928039539196392,-0.01326233882080984,-0.005873651911637204,-0.007872525925887879,-0.029591648294507722,-0.007013119187904646,-0.006022077330401062,-0.04406597858923432,-0.0017611781961701391,0.00131184823659641,4.247667550167813e-15,2.257768119886402e-15,-2.894381706246304e-15,6.282062012063037e-16,-4.6418944654266674e-15,-1.1584080435334943e-14,6.8768423632458545e-15,4.669249064625852e-15,8.839812761582978e-15,-2.357276776971735e-15,-2.4378058219227634e-14,-1.3514086166713565e-14,-0.16736709700885133,-0.030922937263527177,-0.19686260868354427,-0.012796158130356665,-0.0035534825346649453,-0.0027634919957609592,-0.034192770264760496,-0.011377598076377315,0.0008310077277491285,-0.09434051155709518,0.008608860328755385,-0.0022583736926778085,0.0032720406788895946,2.798006474059027e-15,0.0011590758037035842,2.0170209633937854e-14,3.792348946133397e-15,1.0216368697757428e-14,-1.9580678678989357e-14,3.515695605795512e-14,1.1496155138315786e-14,-9.216706483569604e-15,-1.5274694314755364e-14,1.5603972270315046e-14,1.7108558159756908e-14,7.467064510178944e-15,1.8437630936087845e-14,-1.811427885496154e-15,1.0463095068300762e-14,0.0,0.0,0.0,0.0,0.0,0.0,0.0,0.0,0.0,0.0,0.0,0.0
0.0028775467532745564,0.04133613874924824,2.2510866438414363e-14,-6.33040823901797e-14,1.032792595418962e-13,-0.17715825985506473,-0.007088138312093072,0.005399206745494539,-0.1718957223133897,8.924722263831354e-11,0.06524790682456491,0.02311318148661335,-4.704347078362618e-13,-0.015923840553508154,0.008858132543632687,-0.28286456121616155,-0.010819199879080848,-0.015164631209933424,0.004824367123829701,0.001252312620503025,0.012765164618778743,0.01456143602808278,0.014073447926120095,0.005409043496579328,0.04507100417066166,0.009070375018454103,0.003233459247199439,-1.9378013432880293e-14,-9.356281772059398e-15,-5.595594442421179e-15,-8.680712004940455e-15,1.7451946290875887e-14,8.886221284521774e-15,-1.791813190677881e-14,-1.9374745636680686e-14,-5.7821604991573506e-15,3.635187246352816e-14,5.328346933667584e-14,2.851458367189063e-14,-0.10591832207724979,-0.007637353303253177,-0.03603707305797136,-0.0004482534282573392,0.002832530782798279,0.004555218225384694,-0.00024161683359879554,0.005747505890665298,0.0038860974723096786,-0.006641435777673109,0.005204593346447172,0.0006091733888506219,-0.06583851774372884,3.8842360824466495e-14,-0.023322397353034187,-1.9073395379592694e-14,8.122324500963731e-15,-2.5720054137181472e-14,4.2564208808669004e-14,-4.152207574062127e-14,-2.2844638980595096e-14,4.8862919997572837e-14,4.539306798405504e-14,-4.232236818332597e-14,-5.746802588537659e-14,-1.041839009663238e-14,-2.1388443878906106e-14,-5.222875117644304e-15,4.979116788645864e-15,-0.0,-0.0,-0.0,-0.0,-0.0,-0.0,-0.0,-0.0,-0.0,-0.0,-0.0,-0.0
0.019386996277902614,0.1780946672824836,-1.7196456117361922e-15,8.983894218918727e-14,-8.443674764916158e-14,-0.773675180448601,-0.034946165398813255,0.0303175796196448,-0.6958578984292941,3.095536882573342e-11,0.010528652788182937,0.0037296317160588877,-2.9148571578662965e-14,-0.016860824581311308,0.03020836935091678,-0.06763279208243082,-0.2501289969086697,-0.3730964804298053,-0.07967364887810262,-0.005814733618901633,-0.007287971361191499,-0.03521790640514964,-0.010356916081651502,-0.007613012978934722,-0.058183423655954546,-0.0018586002975438274,0.0019844912175726497,9.671748653653722e-15,5.271980035994639e-15,-4.788344589069209e-16,4.469481175325404e-15,-1.0146371612146156e-14,-1.3378406609769733e-14,1.2517614774135249e-14,1.1405777426624352e-14,9.506198351147322e-15,-1.315717538467666e-14,-4.125080274654297e-14,-2.2721966965732585e-14,-0.04087277474210937,-0.12699401116226533,-0.16252209605868584,-0.04364235381543665,-0.0034873402275757575,-0.0030330264665595318,-0.0346287737640328,-0.012584499098579238,0.00056385281647624,-0.09492897930448094,0.008737505373484526,-0.001687268826900037,-0.01432090549214091,-1.8969406229747364e-14,-0.005072985537785898,2.3764342610147782e-14,2.7326757911352223e-16,1.632790665573508e-14,-3.4066987032103736e-14,4.498117489743069e-14,1.6418310369172388e-14,-2.7283627157517876e-14,-3.0392104190474054e-14,2.782360926194835e-14,3.228360994066635e-14,7.515613485658488e-15,2.3811846119990948e-14,-1.0475678990846186e-15,7.631492084010669e-15,0.0,0.0,0.0,0.0,0.0,0.0,0.0,0.0,0.0,0.0,0.0,0.0
0.0015991343997423838,0.0373224128735486,1.9242149559208444e-14,1.5218588797155207e-13,9.20600956606078e-14,-0.16009331605554653,-0.007296434226887111,0.0030857438707387343,-0.15310467982697515,8.647477934311104e-11,0.0824060295210559,0.0291912125400523,-3.119681741974605e-13,-0.00530592875748821,0.009711279544762178,-0.033433681996116585,-0.1332038497140757,-0.10703940071515389,-0.012655792222770723,0.001241642539361615,0.019629589287033896,0.01333102512674446,0.010088113681758552,0.003749046154356788,0.040115539612120124,0.008858393398461643,0.003695506514922916,-1.651344119337814e-14,-9.147534007536417e-15,-4.359411205113409e-15,-7.583814941120606e-15,1.5066590250215567e-14,7.456182750245345e-15,-1.6076755558049447e-14,-1.7470045943820748e-14,-5.487919269853848e-15,3.2299395731305507e-14,4.7260310705752345e-14,2.569173520670359e-14,-0.016452904116756047,-0.06117270652409162,-0.048869379280663316,-0.010960671647501773,0.0033036065417066354,0.007043739482964279,0.0013598737733746791,0.005340013405520674,0.0041263863090713485,-0.0010560040625037736,0.005608357036364287,0.0011064740171392944,-0.08150679258707808,3.498359247966303e-14,-0.02887267011518358,-1.685328077781551e-14,7.694764615370731e-15,-2.2174608027725973e-14,3.798930741204526e-14,-3.6886731131189155e-14,-1.9852758697574966e-14,4.3365678499356177e-14,4.141163765872596e-14,-3.795607801891409e-14,-5.190935970019686e-14,-9.062623398669762e-15,-1.9785239276350508e-14,-4.02380745651365e-15,3.964494431607862e-15,-0.0,-0.0,-0.0,-0.0,-0.0,-0.0,-0.0,-0.0,-0.0,-0.0,-0.0,-0.0
0.017676224369251304,0.17640708559160198,1.9653286951530744e-14,-2.831276614346067e-14,-5.441904580342521e-14,-0.766471641345989,-0.035627389815817916,0.027776315097577806,-0.6903445675673103,2.2017371280410515e-11,-0.02604929698154874,-0.009227608333169235,3.055494140276126e-14,0.0035507605057624085,0.034043460626017125,-0.10094600485482651,-0.03743563485312858,-0.5757124374170243,-0.021240976914706295,-0.018550550335070498,-0.01704552352132249,-0.04308964232327399,-0.013516974479781427,-0.012971396670538935,-0.05330681598110108,-0.004666350392665697,0.0003913479990847331,4.143822799316335e-15,2.7861165057226844e-15,-1.2960880398296383e-15,1.363113878156219e-15,-4.381630463258473e-15,-1.106278569186804e-14,7.184694621728294e-15,4.581334632976921e-15,7.930491397708278e-15,-1.792879428291506e-15,-2.438076055903659e-14,-1.305469925543476e-14,-0.06168561924074176,-0.03850962045222299,-0.2351601669552816,-0.01588125374241298,-0.009655851171418593,-0.005295583098727071,-0.03501918974618227,-0.012063075045162856,-0.0011284017145330595,-0.07801584419835654,0.008313477568716181,-0.002064238116948495,0.024522344928561878,8.729408340201575e-15,0.00868670638483232,1.9503033761358815e-14,3.6655303354634836e-15,1.2056399454551703e-14,-1.8876669426101436e-14,3.471437977297283e-14,1.1494675618845746e-14,-8.749286212406603e-15,-1.3639485711457725e-14,1.5793233934017774e-14,1.8827558871305337e-14,7.880413748357e-15,1.8585473746082796e-14,-2.158693634696768e-15,8.863795725049858e-15,0.0,0.0,0.0,0.0,0.0,0.0,0.0,0.0,0.0,0.0,0.0,0.0
0.002170216920924387,0.04184983740483558,-2.279572007286536e-14,4.469749538621122e-14,-2.6008640468799292e-14,-0.18034306851007884,-0.009339737802487778,0.003685745061256192,-0.1681654989351085,1.2030754327257158e-10,0.07115769324272553,0.025206642758759303,-1.7328715030045065e-13,0.011644128297611966,0.011035398122121077,0.03201919768406607,0.01379744560685261,-0.25600173738453097,0.003006673686466049,-0.011677256933532455,0.004010717340592379,-0.004773431482251428,0.0038502355490206822,-0.001632576947166315,-0.011330375104376273,0.007216127416240126,0.0024950573150364433,4.075480259039994e-15,2.492160402778717e-15,9.743780532754432e-16,2.590038125132893e-15,-3.9040656371295335e-15,-5.3451777807429045e-15,4.30211025840195e-15,5.343715981203728e-15,1.413689252558926e-15,-9.714923815683467e-15,-1.1102716698012316e-14,-6.28418898405082e-15,0.0020954419062063977,-0.0012069674183105665,-0.09212192114555362,-8.734016423390226e-5,-0.00366783386856596,0.0022985947624842252,-0.003863393150530615,0.002651387714680039,0.0015915610139844024,-0.009855561495879597,0.005719207484903401,0.0006584804357259994,-0.06996588956743384,-1.1682342191820229e-14,-0.02478446255431141,3.9722657337720845e-15,-2.097720742821907e-15,5.375382813476475e-15,-1.0582818369704235e-14,9.61617639326552e-15,4.632644037812131e-15,-1.2228104504410166e-14,-1.0302661272593763e-14,9.448786187270194e-15,1.2756241834191616e-14,3.3772341921523665e-16,4.8266556264151796e-15,1.0560884183165385e-15,-8.149819220304283e-16,-0.0,-0.0,-0.0,-0.0,-0.0,-0.0,-0.0,-0.0,-0.0,-0.0,-0.0,-0.0
0.012079035049172479,0.12305155436787385,3.2465855449865994e-14,5.08833111591821e-14,-4.5949603979005576e-14,-0.5353350693584459,-0.025866889148354832,0.018768441152494392,-0.4768456310543921,-1.295852620957187e-11,-0.007848094773055578,-0.002780080582538173,7.230187107128431e-14,0.019309026943635125,0.01657055514298707,-0.030841545629035044,-0.06830159992611376,-0.18573313762969584,-0.2627212672738339,-0.004097452817697904,-0.0034415222905396776,-0.02348712302061885,-0.009654622406649535,-0.007105885735269291,-0.03866647075318215,-0.0004886383515525891,0.0008888855554136611,1.7688561210818168e-15,5.426640079778302e-16,-3.101138490753934e-15,3.100946811586326e-17,-3.4196954013843972e-15,-7.725519207643412e-15,5.531891623736246e-15,2.565211491038665e-15,8.29205617886436e-15,2.724965653018918e-15,-2.1156058424211165e-14,-1.1525793316442172e-14,-0.017555966740039876,-0.05317881988703994,-0.0740756445549746,-0.09858043932508966,-0.0018011296692102803,-0.0001315158822583681,-0.01935951195779034,-0.01042677458821993,0.0010931422733172428,-0.05610315007160774,0.007399079763472813,-0.0010904752388923682,0.007385865179229789,1.2848660903418415e-14,0.0026163420503577646,1.971574835912053e-14,4.8251200692967256e-15,8.99786690941988e-15,-1.59214546431213e-14,3.505325894611889e-14,9.750821039650164e-15,-3.5471986253770727e-15,-1.030420674084168e-14,1.2124840394255924e-14,1.1725884671827313e-14,7.163740430897045e-15,1.8517075398152976e-14,-2.99897798840846e-15,1.1731391779195174e-14,-0.0,-0.0,-0.0,-0.0,-0.0,-0.0,-0.0,-0.0,-0.0,-0.0,-0.0,-0.0
-0.0011051828169242213,0.02251507626739816,1.7885524844103293e-14,1.1070809333288126e-13,2.919177435470978e-14,-0.09629181208004431,-0.00697731916528451,-0.001313622783130031,-0.09169634153351683,1.1967931671094963e-10,0.08936336892136285,0.031655755175178664,-2.2139781579209712e-13,0.03635713634977216,0.0025080515667375174,-0.0031830903826655303,0.03512872699020411,-0.03628976003426481,-0.19103293401166171,0.001775452417222497,0.013299686080329155,0.008496375864082549,0.016121833105840398,0.0027508329909501925,0.012609586401402377,0.01014665937802384,0.0028401466055495827,-5.5679886711035015e-15,-3.243001002162349e-15,-1.2381831299457887e-15,-2.414806775204822e-15,4.5837704804211285e-15,2.035430380829757e-15,-4.830976571664756e-15,-5.35820668731806e-15,-1.9819881393530524e-15,9.709850567693799e-15,1.5503477782672944e-14,7.650057727309847e-15,3.843047584656188e-5,0.003176345127747248,-0.0046268369052523736,-0.06578524658713723,0.004198024856859591,0.006525880030784567,0.006180242483094512,0.008827436769460748,0.004705582853905811,0.0067376203164002686,0.006641598881546778,0.0012339544506269075,-0.08633184371848258,1.4965543765096678e-14,-0.030581878699946406,-5.506393005590581e-15,2.518977017432711e-15,-6.909414854940614e-15,1.1780522855712128e-14,-1.1490522173843669e-14,-6.362550130953413e-15,1.3706599030753238e-14,1.365826157808304e-14,-1.2370561665002898e-14,-1.67398456026162e-14,-3.612892130932317e-15,-5.80617321401783e-15,-1.4088337331373645e-15,1.3302603242584855e-15,-0.0,-0.0,-0.0,-0.0,-0.0,-0.0,-0.0,-0.0,-0.0,-0.0,-0.0,-0.0
0.012535272896408229,0.09463207220642934,-1.5089849384927554e-15,5.269950764738535e-14,-5.086381939390967e-14,-0.4118822102229947,-0.01703517959460462,0.0189348194503047,-0.3651749001916539,-2.1888718096370575e-11,-0.0038797954051282015,-0.001374364630182755,1.2601703305853855e-13,-0.025281393102251547,0.011950334775664049,-0.005180075830692168,-0.00017000391341952142,-0.1819608730903592,-0.003323929141736879,-0.13079987883455932,-0.003589520927555038,-0.01474304305598015,-0.020044382214050156,-0.07367382613164025,-0.038942995040925354,0.0010591769478730457,0.0019785940286286877,3.0506373150743264e-15,1.7136087344352323e-15,-2.770707997807271e-15,1.0040606957698502e-15,-4.0527399031651266e-15,-7.48474142963157e-15,5.23574281466501e-15,3.217102726520089e-15,7.325806458110477e-15,-1.3859318936039817e-15,-2.5604449467304846e-14,-9.136729859411995e-15,-0.011672652546898784,-0.009782759805993977,-0.09124120943082838,-0.004872984133398985,-0.07232397805435938,-0.0016312734213626084,-0.015160152953372549,-0.018245464377338844,-0.029241905531737854,-0.048094739820020826,0.004430418687020452,-0.0008792653707975457,-0.0003378435922908032,-2.88743792782625e-14,-0.00011967648684429117,1.3962431792855966e-14,6.139188660478225e-16,-1.099079594030245e-15,-1.9686002248507117e-14,2.5984637511078035e-14,5.959826901405721e-15,-1.45400840521176e-14,-1.824562686408325e-14,1.0428928079446393e-14,2.2188924262440553e-15,2.511820709463626e-16,1.153098282168246e-14,-1.5576388164766518e-15,1.0411016266058141e-14,0.0,0.0,0.0,0.0,0.0,0.0,0.0,0.0,0.0,0.0,0.0,0.0
-0.0010996425644443184,-0.02997581252153648,-2.7336221749890734e-14,1.1277233774324673e-13,1.4467182181974222e-14,0.1307074488624513,0.008080296285957416,-0.0021633428486065986,0.1183018697959103,3.86852391336985e-11,0.06311511525455321,0.022357669148608938,-1.5743732024288572e-13,-0.02688071914372294,-0.01025351708184562,0.03487433936102928,0.017683766620587144,0.20642738867404162,0.01029425431200715,-0.09003582286063222,0.01638316092813411,0.014820987229684474,-0.0015538995435435824,-0.06402318548614169,0.006345130410698108,0.010594388939033972,0.0035770016427114195,-2.578658506694237e-15,-1.4661781533517255e-15,-9.675275285177643e-16,-5.860145458399357e-16,2.744537489115833e-15,2.6654518123589115e-15,-2.5630112896691127e-15,-3.1000242864975414e-15,-8.893082106359049e-16,4.471900901154752e-15,7.466694364735711e-15,3.934900153853847e-15,0.020239113424232777,0.0135957113254462,0.06850805283629124,0.005550362438814395,-0.05363549989098556,0.005144858153787408,0.009416664422297308,-0.004634053952175704,-0.027629607066859355,0.009790850159700083,0.0010167369569087522,0.0013713526547215929,-0.06563689462043099,1.0346894341871406e-14,-0.023250975110281975,-2.1914125269820033e-15,1.6195263551436344e-15,-2.4977074290097435e-15,5.848308143048207e-15,-5.249226631385242e-15,-3.2027047002874784e-15,7.582145071825556e-15,7.734413271694823e-15,-5.7638321956184425e-15,-7.226015859829147e-15,-1.289801634238773e-15,-1.666419935564211e-15,-6.067899261525601e-16,1.0353058120265523e-15,-0.0,-0.0,-0.0,-0.0,-0.0,-0.0,-0.0,-0.0,-0.0,-0.0,-0.0,-0.0
0.014427763917949964,0.09344217279553532,3.152151920100571e-14,5.0262292482431764e-14,-1.4391215267289717e-14,-0.4064827076264011,-0.017027899366519196,0.022263719206120802,-0.3621058448957887,-1.4885956948496632e-11,-0.0007588772331465567,-0.00026882191426324864,8.320589234539693e-14,-0.03842204554162823,0.008207312008100126,-0.004111843915305081,-0.00039202403313125955,-0.08066840453023201,0.0012134217397507434,1.2236627499720608e-6,-0.3270610346705271,-0.023228280176955197,-0.0013530021932547476,-0.0028444129322825395,-0.025239588068076073,0.002948391043759092,0.0018521408621260038,-1.5846060201026506e-15,-1.2148032502887512e-15,-4.2175024627585834e-15,-1.7650917197462413e-15,5.714190136998659e-16,-3.8024204387221785e-15,8.677991514138412e-16,-1.951241009780599e-15,5.3930756830213346e-15,7.926732394001198e-15,-4.9362746854827955e-15,-2.965735362363982e-15,-0.006500590027996684,-0.00559962837286928,-0.042755145432518765,-0.002385876325505988,-0.00600287861146292,-0.11531387872492853,-0.03051530656094411,-0.00926730677121681,-0.0071971567293743575,-0.05083393221825605,0.004551424894606546,-0.0012505581574967927,-0.006163734592039012,-2.520644837040691e-14,-0.002183418950798005,5.98288761132607e-15,2.2526499397052627e-15,-9.947009365418794e-15,-6.980167901052485e-15,9.741781204468262e-15,-9.678219027948441e-16,-1.60625279240667e-15,-6.333855851031137e-15,-2.1434166484886567e-15,-1.509804336381899e-14,-4.974211077692824e-15,2.3435022914319272e-15,-1.536004149655618e-15,9.449924303031827e-15,0.0,0.0,0.0,0.0,0.0,0.0,0.0,0.0,0.0,0.0,0.0,0.0
0.0012065431980058418,-0.006887361326188718,4.2275990613405075e-14,5.977185557080059e-14,1.0693042038982294e-13,0.030940057875027085,0.0027446219468786905,0.0021159791576417335,0.023965151177500373,3.3580122863546155e-11,0.05247712495226746,0.018589306108779798,-1.5495732149559264e-13,-0.020443424477012213,-0.007082257683833956,0.027705072529720123,0.009284406700994742,0.13407142333071884,0.01686191538659834,0.012918591727542924,-0.29811725229964386,0.04223513834312883,0.022563678391972184,0.017717465539250268,0.04704801044608285,0.010947873208733501,0.003203491380745713,-1.9087738054344458e-14,-1.0131073398576031e-14,-5.4731614759943e-15,-9.178662827424105e-15,1.7817764016651492e-14,1.0823559641396457e-14,-1.82891306371311e-14,-2.0638163709659334e-14,-5.973003377025252e-15,3.747056587468015e-14,5.432230969990771e-14,2.9172135841981856e-14,0.014896074137679828,0.008888840927008776,0.04770523879600468,0.006914191848642659,0.005844955673844878,-0.10477041160976958,0.007430687645283136,0.008737374962400889,0.0011178990412373168,0.014091510897777668,0.002590420804885012,0.0008756404094112596,-0.055528302160897484,4.358025904838468e-14,-0.019670144039033898,-1.9061064700038794e-14,8.925936397129924e-15,-2.516248905462795e-14,4.3949840097483715e-14,-4.216926449502584e-14,-2.2247802967734482e-14,5.0769957048103327e-14,4.7341476057550227e-14,-4.333067467351026e-14,-5.860156712968752e-14,-9.567088161193186e-15,-2.199491575534018e-14,-4.88536549421413e-15,4.3645361933941604e-15,-0.0,-0.0,-0.0,-0.0,-0.0,-0.0,-0.0,-0.0,-0.0,-0.0,-0.0,-0.0
0.01736313396778906,0.13582101351721876,-1.393078957225781e-14,7.028392004774293e-14,-9.665990375671235e-14,-0.5911690358812707,-0.025993334602475483,0.026513774240623417,-0.5248191014170268,8.389911258785083e-12,-0.012739623688130851,-0.004512838015901065,2.3345106908644036e-13,-0.031059309567296346,0.026369636312669052,-0.04759523421818169,-0.022705919040412043,-0.25093244958078,-0.017805646080263055,-0.008209865052467782,-0.027298406431463515,-0.20588774957343317,-0.022581726086900792,-0.010285431583770484,-0.07073444910418634,-0.0012350480461809994,0.0006955600931235806,1.2518338109228165e-14,6.998518016864967e-15,1.3277988833547704e-15,5.322058717729572e-15,-1.2473728287750611e-14,-1.3157822059863896e-14,1.5935777955832668e-14,1.4292822074452448e-14,9.844078159878512e-15,-1.6676935615839353e-14,-4.887583013547903e-14,-2.758753270178218e-14,-0.02846351553170057,-0.02183911106641112,-0.10866918443805838,-0.011146340136415845,-0.007453671968508615,-0.010388527589716019,-0.09918684169523992,-0.018371943575832942,-0.004110543298312864,-0.0777482431589323,0.0057998209580403075,-0.00193376695460419,0.007417357676306002,-5.4228116631462e-14,0.0026274978381122583,2.2927673577304597e-14,-4.313525361631033e-15,1.148422651663323e-14,-4.2778178177166454e-14,4.535497989633488e-14,1.617160747176858e-14,-4.2239642761525246e-14,-4.3486870617566425e-14,3.2853849167771663e-14,3.106829381916828e-14,2.582862365813303e-15,2.069992896939889e-14,-8.421888395804861e-16,5.85966433716531e-15,0.0,0.0,0.0,0.0,0.0,0.0,0.0,0.0,0.0,0.0,0.0,0.0
0.004560795641579577,0.038013146631283405,-3.03146253558033e-14,7.411788341414497e-14,-2.0324021938219737e-14,-0.1644749602172066,-0.007037386830597769,0.007061328985344859,-0.14928499064707987,5.94961849778814e-11,0.05481505458966322,0.019417485810449612,-5.875079800818101e-14,-0.014758349222554137,0.009381190038890899,-0.020916288317930753,-0.012899229591405742,-0.041617013922367156,-0.004096207221524751,-0.0001741804840494285,-0.004431253658608265,-0.10529880814880989,-0.0034941144742360944,0.0026941023963120542,-0.01012776086933654,0.008047204022438631,0.002232769077261226,3.264863197166954e-15,2.235596807312239e-15,1.013978472848331e-15,1.922753976482039e-15,-3.44924409369747e-15,-3.765453578751505e-15,3.8712638732745354e-15,4.7119151457063835e-15,9.615223992529577e-16,-7.008876274701073e-15,-1.0056399968416303e-14,-5.728584868447782e-15,-0.009148406160667527,-0.007722644489221106,-0.020180591567554317,-0.0026080037209435677,0.00034358517910326405,-0.001868068056191017,-0.04718623216291173,-0.0034232966341903705,0.0010765803400519722,-0.018604276638024067,0.0045439421997960396,0.00020677949786051107,-0.056668623243024,-9.190481389912765e-15,-0.02007408723671562,3.5676534878871525e-15,-1.5696289321682278e-15,4.672645218843478e-15,-9.024087432479814e-15,8.140896969988771e-15,3.925652147317127e-15,-1.0258659959715076e-14,-9.164300124183826e-15,8.081480699457124e-15,1.0999899973232479e-14,5.924836192175872e-16,4.242349194994728e-15,3.263195408271573e-16,-8.077141264909881e-16,-0.0,-0.0,-0.0,-0.0,-0.0,-0.0,-0.0,-0.0,-0.0,-0.0,-0.0,-0.0
0.016772525764283848,0.10256967385786825,-2.1959941353156666e-14,5.039894571991075e-14,-1.119700823359539e-13,-0.44714095805853965,-0.01854511197864436,0.025111799728851573,-0.3916821649606236,-8.003120638655173e-12,-0.0024231552585206786,-0.0008583697161587016,2.3505802269303344e-13,-0.0355975303232088,0.00612761186033212,-0.01472733453459193,-0.007765438647099106,-0.11587422808149601,-0.012041414194495996,-0.014781848566713282,-0.006161385653281208,-0.03318653825115222,-0.20801547250067504,-0.020223221679887424,-0.07568795031251183,0.0013378628704952544,0.0013900393109068335,1.563467467141338e-14,9.061642073244033e-15,2.0887772761111048e-15,6.81559045368703e-15,-1.5966938718473686e-14,-1.3271516341946972e-14,1.6915812068843442e-14,1.620626703427934e-14,9.407609024117784e-15,-2.74334442422429e-14,-5.380885679557814e-14,-3.0088002496149176e-14,-0.009844214627146094,-0.009948876450110998,-0.04426018370695299,-0.006526396099887851,-0.014398231104755736,-0.002663017021808927,-0.025607345778237773,-0.11124650131794458,-0.010687594467950583,-0.07573586061891642,0.004181987164304315,-0.0015994979638616074,-0.005625126673755937,-6.323450179848495e-14,-0.001992624438441575,2.2618557937542364e-14,-6.6283839871359e-15,1.4643569720044503e-14,-4.7866492012656645e-14,4.686963340946352e-14,1.9504371909204215e-14,-5.093397110562867e-14,-4.973891398502571e-14,3.7943968192083086e-14,3.987999758215621e-14,3.7341332223194925e-15,2.1898786049635773e-14,1.3997658376118633e-15,4.402271220447347e-15,-0.0,-0.0,-0.0,-0.0,-0.0,-0.0,-0.0,-0.0,-0.0,-0.0,-0.0,-0.0
0.0036559406627950735,0.021483396275374062,3.152002505260216e-15,1.28971542671466e-13,1.0397232771981803e-14,-0.09290798415297045,-0.0025958223985370604,0.005506079346570491,-0.08371996073947818,5.0997018647082684e-11,0.04519035742782417,0.01600806805166431,-6.948125220782224e-14,-0.010510590186827557,0.0008838200928094014,0.0021992831980841977,-0.0019048820945292524,-0.021293499073921286,-0.003321415937249465,-0.005908864463217958,0.005425360032691073,0.0025828283950219957,-0.09066461877902092,-0.006116256693075658,0.004145510440194886,0.008556644762379438,0.00252788199543745,-2.0946769523760732e-15,-7.483680153080067e-16,-6.18932861364901e-16,-8.170306464663941e-16,1.7138786400297341e-15,1.0497820105822058e-17,-2.140646006740296e-15,-2.1750222065207893e-15,-7.696866014480251e-16,3.0917345663170773e-15,6.0577890411141315e-15,3.068252054277497e-15,3.481255524724391e-5,-0.0020967949235225205,-0.00765128480004415,-0.0016837842316141012,-0.00510540108107713,0.0016813515476612783,-0.002053641340363725,-0.04722812725618124,-0.0037037715294018247,-0.010063232758106637,0.0033061684107602244,0.00042059873602330166,-0.04781424954558177,2.704415948973578e-15,-0.016937546063538235,-2.1182407410973885e-15,9.902171794011755e-16,-2.724971671692265e-15,4.162040830920106e-15,-4.012138333065672e-15,-2.3265702158344577e-15,4.699079683801392e-15,4.696247868581423e-15,-4.6263316813617e-15,-5.971219116646059e-15,-1.691585318778585e-15,-2.5423654944814395e-15,-8.577912417497114e-16,8.723897064067468e-16,-0.0,-0.0,-0.0,-0.0,-0.0,-0.0,-0.0,-0.0,-0.0,-0.0,-0.0,-0.0
0.012314799812396221,0.08257885128383101,1.0085412876641281e-14,-3.1743787308947616e-14,-6.166584360087853e-14,-0.35982454509978523,-0.0141396867303071,0.018503929760906083,-0.3168875400872741,-1.1412797630647675e-11,-0.012664500113009942,-0.004486226513581075,3.0900139502559484e-13,-0.016656688114582336,0.008556541874496889,-0.004775596982212915,-0.00251616722905664,-0.11124381969290079,-0.0064294122252497275,-0.0715066329760966,-0.007708808505926792,-0.01744048024847062,-0.025950436029393068,-0.11277355140259938,-0.044877664606687864,0.001247112861588333,0.0012553494255055158,5.4926991401848306e-15,2.712032523951112e-15,-1.803944938351545e-15,1.7130332735696202e-15,-6.848658062973615e-15,-9.703442441094582e-15,7.702086135473924e-15,6.025041970216053e-15,7.914371077580123e-15,-6.741967443732573e-15,-2.8371749798913578e-14,-1.2763796110895096e-14,-0.008479884771945114,-0.008734660262250869,-0.06107544627759914,-0.005974881354654358,-0.059686062497241,-0.0034370886807928275,-0.016164743251082272,-0.023948462437089996,-0.04652600231057555,-0.05051948069917525,0.0034177004673743086,-0.0011193346252083081,0.0073852245709664244,-5.036618862582205e-14,0.002616115123609304,1.5243463505293195e-14,-1.7602144749096909e-15,-7.453422975428379e-16,-2.6611797607947292e-14,3.0511735877608916e-14,8.02252548515938e-15,-2.3900437749456436e-14,-2.7921427484268136e-14,1.5530887041315608e-14,6.681456643779953e-15,-1.0809611388282723e-15,1.2723970427703761e-14,-3.8988897986079883e-16,9.38476113260791e-15,-0.0,-0.0,-0.0,-0.0,-0.0,-0.0,-0.0,-0.0,-0.0,-0.0,-0.0,-0.0
-0.005841647727999724,-0.05569224551291514,-4.353357592052751e-15,2.945645324659577e-14,4.34193870037715e-14,0.2429443994185213,0.01359049637560027,-0.009027222243954879,0.21450471479655986,2.961838305120142e-11,0.04666205594468687,0.016529397187956967,-1.1920680709677564e-13,-0.0022896358777990586,-0.007995533815687803,0.027853151399217048,0.011793484504173241,0.14165837651991348,0.019503692891769554,0.09625402038171148,0.010231596043741815,0.012805764075972096,0.027002185539126755,-0.08919452630695218,0.019592474545915325,0.011223327243451157,0.0028021583077076366,-7.92565197578372e-15,-4.0612983459519416e-15,-2.3337817134483882e-15,-3.37379058222094e-15,7.693302495813635e-15,4.874378695128085e-15,-7.376230272741809e-15,-8.136054929669948e-15,-2.4770815886046267e-15,1.514520673355349e-14,2.21269159450297e-14,1.164201210125515e-14,0.016212464967701335,0.011839129277498774,0.05955582442602351,0.008043441260895968,0.01466004292950669,0.0031294342754067546,0.009575498215463022,0.009832080152937095,-0.038455342646538826,0.022882327751738256,2.193400854411973e-5,0.0016765256942758535,-0.04683703181957731,2.0712040496157177e-14,-0.016591380006228305,-7.13507273401217e-15,3.873058611332929e-15,-9.348607093520558e-15,1.813435040601838e-14,-1.6494495647506383e-14,-8.966029426962043e-15,2.157881272688148e-14,1.9628825143920595e-14,-1.748293521533937e-14,-2.2276503281099337e-14,-3.455657230278761e-15,-7.480787558104257e-15,-1.7806203534803834e-15,2.01355938477192e-15,-0.0,-0.0,-0.0,-0.0,-0.0,-0.0,-0.0,-0.0,-0.0,-0.0,-0.0,-0.0
0.02369084128608243,0.17625683452205046,-6.286215712337629e-14,1.6235484352393693e-13,-1.5323579827081802e-13,-0.7668098895120533,-0.03220862740604973,0.03610037431125613,-0.6824207393559459,2.0741102048913665e-11,-0.004017707290595079,-0.0014232180354767554,1.0692249757270664e-13,-0.036983786240989164,0.024551718049356817,-0.08877034959842083,-0.04507784480180999,-0.34012866303319766,-0.033589173851417714,-0.0203056316017647,-0.03170896917618938,-0.07231142263851949,-0.05015469400417049,-0.02334791911404629,-0.17213682348504317,-0.005804561269705145,0.00036161779699400107,2.425116089302134e-14,1.2369149455454666e-14,8.03635200058113e-15,1.1737909913271384e-14,-2.1510162761292464e-14,-1.872186093283674e-14,2.7335609682139976e-14,2.5305505060003635e-14,1.2080206073095626e-14,-3.920364412038183e-14,-7.817637098407757e-14,-4.3429835794810074e-14,-0.04762788957125527,-0.03618189701542734,-0.1462007346058401,-0.018923470454697694,-0.01649408816687461,-0.01183857477702633,-0.04991908404923226,-0.035748206486961365,-0.009892268042742059,-0.13550683111088163,0.005390126284390644,-0.0028574713784509727,-0.004511193722991619,-7.428405459576414e-14,-0.001598028876564983,3.148672569625032e-14,-1.0151765743469707e-14,2.912313286628957e-14,-6.64397664836522e-14,6.454071630567011e-14,2.9366065250822383e-14,-7.181302346797099e-14,-6.813237859290452e-14,5.845646308257932e-14,6.814062995126502e-14,9.64656360774934e-15,3.2081160896500547e-14,2.784763780364368e-15,-2.172749163940598e-15,0.0,0.0,0.0,0.0,0.0,0.0,0.0,0.0,0.0,0.0,0.0,0.0
0.013879364920047411,0.11037053660670004,-1.0630498125418717e-13,2.5956106488731076e-13,-1.7658515608349569e-13,-0.47937787504642154,-0.019033309415193034,0.021310106552183884,-0.43055355122762523,5.4774955300508454e-11,0.030785835084447252,0.010905462384160597,-1.8860959949872675e-14,-0.015877924646767117,0.017168732223807014,-0.07302230204359467,-0.03955134676857593,-0.2279836289538335,-0.025499309364011437,-0.012168155751246605,-0.01913146585900522,-0.03759659757344975,-0.029874455278692282,-0.010378091654337014,-0.07891553842831522,-0.0004315723872014436,0.0012124814520088206,3.05280495074032e-14,1.6532844881804073e-14,8.883308285542401e-15,1.492858101423709e-14,-2.8759157090956826e-14,-2.181363633914899e-14,3.0288709357872923e-14,3.364758546471891e-14,9.761773561866415e-15,-6.252256479166314e-14,-8.664936147727242e-14,-4.7551480583384414e-14,-0.0370132132913343,-0.02813793453679232,-0.10020439987736518,-0.014003756465360666,-0.008577264906454905,-0.0071397354061766794,-0.02834691272667015,-0.0211468206119399,-0.0042162065872490785,-0.07398359719789073,0.0042500301630090075,-0.0013393450193002238,-0.03577733101779343,-7.331882756555301e-14,-0.012673631770948057,3.0499910586295056e-14,-1.3975520812550473e-14,4.069321132326851e-14,-7.303266680014435e-14,6.860553761632437e-14,3.5976419579863205e-14,-8.408133320874992e-14,-7.653245987684584e-14,6.961637715888078e-14,9.357075327004937e-14,1.2691105246219527e-14,3.535024063252698e-14,8.30820292571834e-15,-7.460287627052312e-15,-0.0,-0.0,-0.0,-0.0,-0.0,-0.0,-0.0,-0.0,-0.0,-0.0,-0.0,-0.0
0.00232008973759916,0.0017046938116408942,5.835913893654248e-14,-2.1009509682610868e-13,3.651772964098965e-14,-0.007817308524084562,-0.0006251955267027635,0.003023378663701413,-0.003140195612630698,-9.056445156090334e-12,0.0060965804319123,0.002159630505059737,2.8236799877806516e-13,0.015965745619438393,-0.0030000183732869358,0.019411485068320418,0.008739230436982019,0.008019401994027588,0.008045830939278175,0.005782344919201513,0.015491154179926261,0.009359248186203695,0.00989102258172798,0.005181121700353416,-0.0021092321787478767,-0.09965730475550115,0.0021481026077088752,-7.252886185820348e-15,-3.634312423003837e-15,-4.772720277336492e-15,-4.5809344629821625e-15,6.6616669887229105e-15,1.4027326026924842e-14,-7.416491451324646e-15,-1.2321345983692313e-14,2.5651433226411704e-16,1.894173391315138e-14,1.5651858494438964e-14,4.412506764408587e-15,0.007741109257584154,0.004563288178782995,0.007385148558004658,0.003506453170898788,0.00324360284466576,0.005416937193272971,0.00581956854149938,0.005667062838671424,0.0019014508029059334,0.0026398977230186367,-0.036708931917161944,0.000479144079954608,-0.008031300503121673,-2.4377369149623907e-14,-0.0028449787148066012,-4.737674428795505e-15,2.374484459361779e-15,-2.200803030600806e-14,1.0720415603568299e-14,-1.6311707385074787e-14,-1.127629089286748e-14,1.197748567191709e-14,1.0683767529087856e-14,-1.7655529919928988e-14,-4.077889415596029e-14,-8.63171898493912e-15,-1.0759160480518816e-14,-5.0769298231246255e-15,8.864492249004425e-15,0.0,0.0,0.0,0.0,0.0,0.0,0.0,0.0,0.0,0.0,0.0,0.0
-0.003710139780180736,-0.04840447632872484,3.6239954271111804e-14,-1.5027538042632516e-13,6.20624659407652e-14,0.2104964308782162,0.0095281990286098,-0.006222318104336697,0.19044836245144212,1.6601249837728086e-11,0.03328877939807176,0.011792096285397733,7.818993782306791e-14,0.022712444191911808,-0.011003789816597297,0.03553292964981471,0.014364980704705849,0.14614127616044806,0.016683656645972496,0.011587751739900811,0.02338803070786992,0.024523122446681478,0.017821863618352793,0.014450846939179304,0.02609915804292394,-0.08899557540502652,0.0028261164331125827,-1.0410106903824276e-14,-5.3235884588574735e-15,-3.5457106479664768e-15,-5.0419407386179495e-15,8.487688935094137e-15,1.4120039051770198e-14,-1.0371214087405321e-14,-1.1994290121323213e-14,-3.0911238595350226e-15,2.1107909508825932e-14,2.6881231517569978e-14,1.456018641016944e-14,0.019699389191344587,0.012959531851885532,0.06359056729370428,0.008654863190425117,0.008190306961957298,0.008160843070507268,0.017043058377476935,0.01197343197024827,0.005047358914404645,0.030411882341728282,-0.03549165374536871,0.0014641240327460375,-0.03399065865021326,2.3386765939030547e-14,-0.012040727441909663,-1.0036310660188318e-14,4.9769858919230595e-15,-1.3287742281577345e-14,2.3757707167797272e-14,-2.240045868974219e-14,-1.1286184329720392e-14,2.8099439409724848e-14,2.5862920104393442e-14,-2.258597712541187e-14,-3.0353129498141285e-14,-4.1201260164070716e-15,-1.1304330201408923e-14,-4.200890375245953e-15,3.2074897661515433e-15,0.0,0.0,0.0,0.0,0.0,0.0,0.0,0.0,0.0,0.0,0.0,0.0
-0.00013679202811328929,-0.017528297603150035,2.1326899666483953e-14,1.5753160350126262e-13,4.620113175342167e-14,0.07666390593776667,0.006241712838566632,-0.0007332154227419824,0.06912189455895693,-2.98300799311021e-11,0.05200262579613146,0.01842122125129339,1.1672845064164763e-13,0.019053329689867556,-0.00314635313459115,0.028362228910345715,0.018888791634541303,0.03495392509712387,0.008594880034785772,0.011732196336171515,0.019630205566726233,0.010385369237597475,0.012496932985161906,0.0076161874221369365,0.005731418277872742,0.008783764211867011,-0.08104960772467422,-7.453078238458647e-15,-6.6589679943399315e-15,4.9994735709968615e-15,-4.8989252521146886e-15,1.608318021260763e-14,-6.968779148814542e-15,-6.158966980290259e-16,-1.1851267740624108e-14,-8.544623931871471e-15,2.5766900632742703e-14,4.5900254339782754e-14,1.0465038797347864e-14,0.01182644662801002,0.010089194423745356,0.018342550335297313,0.003490006201104124,0.0059727672781187124,0.006310852856138772,0.0060116070501271025,0.006390056449856946,0.0019665574543657094,0.010456835270219834,0.0008141656974880028,-0.02835625895217331,-0.05428172489614265,1.3494478550784358e-13,-0.019228561037228326,-2.3994983600406228e-14,-6.53479234009614e-15,-1.3711727805811376e-14,3.2020479527325944e-14,-7.90862921396453e-15,-2.316019947717857e-14,2.991729628085082e-14,2.1227288406073463e-14,-6.140246723570743e-15,-2.1604743588606736e-14,-3.816602614517213e-14,-1.9649328783565782e-14,-1.207175029435292e-14,8.379210684645004e-15,-0.0,-0.0,-0.0,-0.0,-0.0,-0.0,-0.0,-0.0,-0.0,-0.0,-0.0,-0.0
-0.0054743626454852,-0.056941093460808896,3.107018887768597e-14,3.571857569085671e-15,7.926255850775179e-14,0.24863273806621966,0.013446413217234929,-0.008839823344947153,0.22033537291032962,-5.580116769837941e-12,0.07852817839930779,0.027817536645752004,4.924077937529809e-13,0.033861854596572774,-0.00918516749000966,0.039411904025013864,0.024372392075966393,0.11447032086912427,0.028291066982654933,0.015448597647749236,0.028019819139418905,0.030273334833956146,0.022762802564925046,0.013649019462651417,0.03702778436817676,0.012340879701486717,-0.08046441155175339,-1.5241670446808405e-14,-8.74775737583274e-15,-2.4727389647700615e-15,-8.888530247829609e-15,1.3799850207030605e-14,7.0222912277247916e-15,-1.3560787742412436e-14,-1.548101448710646e-14,-4.535128236513802e-15,2.8153818018057682e-14,4.294068160445468e-14,2.140166675792609e-14,0.019741099573471838,0.01737033795099714,0.05262423081529357,0.012170453564440811,0.009790616645283235,0.009563845567752834,0.01890849126042894,0.014268766797200983,0.004661827756422405,0.0377256921464304,0.0004594707010327979,-0.02747802955334751,-0.0790792205672813,3.103624029112344e-14,-0.02801273582156241,-1.464201247679485e-14,6.300438930021697e-15,-1.8908590376974188e-14,3.3794535049826024e-14,-3.159417861448918e-14,-1.6407196196469607e-14,3.9683346070582766e-14,3.6927771136062916e-14,-3.234801135523129e-14,-4.396631162644485e-14,-5.532624856294872e-15,-1.7952069874900303e-14,-3.329037138406505e-15,5.197639329953686e-15,0.0,0.0,0.0,0.0,0.0,0.0,0.0,0.0,0.0,0.0,0.0,0.0
2.7657250360866493e-7,-7.905463405146774e-7,1.518936704804785e-15,-1.2732045001794475e-16,1.3905392599272156e-15,1.9504878154393854e-10,1.00000000118003,2.1617704647776057e-11,4.3230315506401476e-7,-5.179545684414981e-16,5.605216952860729e-10,1.985568695118831e-10,3.7343361999366566e-15,9.427083272789419e-6,3.037536463498772e-7,1.6721896994023708e-9,3.370582766947551e-10,-3.7125384203780874e-10,-3.7396284325121376e-10,-8.786610925693354e-12,-8.575483331711868e-10,-2.648253864144492e-10,5.088491665406061e-11,-1.5810992922451177e-11,-7.592246937098187e-12,-8.237878404214595e-12,-6.803966742266068e-14,-3.54150611782672e-16,-6.402282875784666e-16,-8.299866428589449e-16,-4.601915164058368e-16,-2.299346329776415e-16,1.1930717020162823e-15,3.0596266468951496e-16,3.5336168087589877e-16,-2.8588173491091414e-16,2.444903332200518e-16,-1.4887161134842856e-16,-2.0081162141355833e-16,-3.09371085994691e-7,-1.6750264789374923e-7,-1.9292242183101602e-6,-3.554399240685333e-7,-3.84423845969927e-7,-2.4722753960024613e-7,-9.941538971486802e-7,-6.521729770862989e-7,-7.500305102066595e-7,-1.4154623328544066e-6,-8.346521412433177e-7,4.255792210834119e-8,1.5088665580341786e-11,-6.31652238492159e-14,5.341003317143503e-12,-7.553522987815224e-15,-6.336352997239303e-15,-1.8766724146395903e-14,-5.777253468135099e-15,-1.1136790567569168e-14,-7.434394677483018e-15,-1.5314646994020298e-14,-1.2090975236621175e-14,-4.1819254766865275e-15,-2.190542317797649e-14,-1.4668051125656262e-14,-1.0836626641653692e-14,-3.6865596194005006e-16,7.023743151205556e-16,0.0,0.0,0.0,0.0,0.0,0.0,0.0,0.0,0.0,0.0,0.0,0.0
1.1800769243128067e-7,-3.040638017443807e-7,-5.253458587288006e-16,-5.178573247686358e-16,-4.961596565432567e-16,8.749857377436536e-12,1.9258646308944615e-10,1.0000000000086342,-1.5530165567868387e-7,3.8909323910312947e-17,8.447175314568101e-11,2.992280101683292e-11,1.6804924540855023e-15,1.5641392454272076e-6,-1.854899751737939e-8,3.162579187563379e-10,5.7354384808601016e-11,-1.5874731512587368e-10,-4.94313148982578e-11,1.6381924049030173e-11,-1.2518713188007386e-10,-5.5740483017124914e-11,-7.295227675054066e-12,1.4778874775158652e-12,-7.800316392770937e-13,-1.2803739522523383e-12,-5.379728868742268e-16,-1.925451507410935e-17,-1.269053025794045e-16,-5.881628086740287e-17,-1.8971435523048628e-16,-2.040156224786668e-16,1.7443292475542537e-17,3.5765248972834835e-16,2.769006337259227e-16,-2.9309292974182556e-16,2.507219165411175e-16,3.2022771355849893e-16,2.15871419679001e-16,-1.1143515806662692e-7,-8.2019619714088e-8,-7.3300634259297e-7,-1.6855780678638436e-7,-1.7390514556432704e-7,-1.0142309035307682e-7,-3.955791298398269e-7,-3.5133921210196643e-7,-3.0407870941768093e-7,-5.375582443064035e-7,-3.215070318473326e-7,-4.931963844517491e-9,2.4999830863727998e-12,1.7501392580435403e-13,8.963093006211445e-13,1.840151516051978e-14,1.5216624581682674e-14,4.8559022049730425e-14,1.566827461069141e-14,2.96378563921516e-14,2.1350578259124388e-14,3.8539631965507185e-14,3.1062305931512526e-14,1.0400592704006532e-14,5.693086996119347e-14,3.531343528321049e-14,2.896511891019737e-14,1.5874321216469835e-16,-1.3309408091401516e-16,0.0,0.0,0.0,0.0,0.0,0.0,0.0,0.0,0.0,0.0,0.0,0.0
0.0,0.0,0.0,0.0,0.0,0.0,0.0,0.0,0.0,0.0,0.0,0.0,0.0,-2.316676017472417e-18,-2.967647067012745e-19,0.0,0.0,0.0,0.0,0.0,0.0,0.0,0.0,0.0,0.0,0.0,0.0,0.0,0.0,0.0,0.0,0.0,0.0,0.0,0.0,0.0,0.0,0.0,0.0,0.9999999999999999,-4.396559304056401e-19,-3.64271001209183e-18,-4.829990382708528e-19,-5.030985950361361e-19,-2.189007037706911e-19,-4.44577092910372e-19,-2.2525844109549746e-19,-2.2434513411750403e-19,-9.012586620152992e-19,-2.23308403193932e-19,-1.1391467909410078e-19,0.0,0.0,0.0,0.0,0.0,0.0,0.0,0.0,0.0,0.0,0.0,0.0,0.0,0.0,0.0,0.0,0.0,0.0,0.0,0.0,0.0,0.0,0.0,0.0,0.0,0.0,0.0,0.0,0.0
0.0,0.0,0.0,0.0,0.0,0.0,0.0,0.0,0.0,0.0,0.0,0.0,0.0,0.0,0.0,0.0,0.0,0.0,0.0,0.0,0.0,0.0,0.0,0.0,0.0,0.0,0.0,0.0,0.0,0.0,0.0,0.0,0.0,0.0,0.0,0.0,0.0,0.0,0.0,0.0,1.0,0.0,0.0,0.0,0.0,0.0,0.0,0.0,0.0,0.0,0.0,0.0,0.0,0.0,0.0,0.0,0.0,0.0,0.0,0.0,0.0,0.0,0.0,0.0,0.0,0.0,0.0,0.0,0.0,0.0,0.0,0.0,0.0,0.0,0.0,0.0,0.0,0.0,0.0,0.0
0.0,0.0,0.0,0.0,0.0,0.0,0.0,0.0,0.0,0.0,0.0,0.0,0.0,0.0,0.0,0.0,0.0,0.0,0.0,0.0,0.0,0.0,0.0,0.0,0.0,0.0,0.0,0.0,0.0,0.0,0.0,0.0,0.0,0.0,0.0,0.0,0.0,0.0,0.0,0.0,0.0,1.0,0.0,0.0,0.0,0.0,0.0,0.0,0.0,0.0,0.0,0.0,0.0,0.0,0.0,0.0,0.0,0.0,0.0,0.0,0.0,0.0,0.0,0.0,0.0,0.0,0.0,0.0,0.0,0.0,0.0,0.0,0.0,0.0,0.0,0.0,0.0,0.0,0.0,0.0
0.0,0.0,0.0,0.0,0.0,0.0,0.0,0.0,0.0,0.0,0.0,0.0,0.0,-1.1589891564775079e-18,-2.572313834256979e-19,0.0,0.0,0.0,0.0,0.0,0.0,0.0,0.0,0.0,0.0,0.0,0.0,0.0,0.0,0.0,0.0,0.0,0.0,0.0,0.0,0.0,0.0,0.0,0.0,0.0,0.0,0.0,0.9999999999999999,-1.1150338598921967e-19,-5.472517594267277e-20,-4.441084914624828e-19,-1.1345169062742835e-19,-5.701451135655237e-20,-4.506293310076496e-19,1.103277249570102e-19,-5.779588410398493e-20,0.0,0.0,0.0,0.0,0.0,0.0,0.0,0.0,0.0,0.0,0.0,0.0,0.0,0.0,0.0,0.0,0.0,0.0,0.0,0.0,0.0,0.0,0.0,0.0,0.0,0.0,0.0,0.0,0.0
0.0,0.0,0.0,0.0,0.0,0.0,0.0,0.0,0.0,0.0,0.0,0.0,0.0,0.0,0.0,0.0,0.0,0.0,0.0,0.0,0.0,0.0,0.0,0.0,0.0,0.0,0.0,0.0,0.0,0.0,0.0,0.0,0.0,0.0,0.0,0.0,0.0,0.0,0.0,0.0,0.0,0.0,0.0,1.0,0.0,0.0,0.0,0.0,0.0,0.0,0.0,0.0,0.0,0.0,0.0,0.0,0.0,0.0,0.0,0.0,0.0,0.0,0.0,0.0,0.0,0.0,0.0,0.0,0.0,0.0,0.0,0.0,0.0,0.0,0.0,0.0,0.0,0.0,0.0,0.0
0.0,0.0,0.0,0.0,0.0,0.0,0.0,0.0,0.0,0.0,0.0,0.0,0.0,0.0,0.0,0.0,0.0,0.0,0.0,0.0,0.0,0.0,0.0,0.0,0.0,0.0,0.0,0.0,0.0,0.0,0.0,0.0,0.0,0.0,0.0,0.0,0.0,0.0,0.0,0.0,0.0,0.0,0.0,0.0,1.0,0.0,0.0,0.0,0.0,0.0,0.0,0.0,0.0,0.0,0.0,0.0,0.0,0.0,0.0,0.0,0.0,0.0,0.0,0.0,0.0,0.0,0.0,0.0,0.0,0.0,0.0,0.0,0.0,0.0,0.0,0.0,0.0,0.0,0.0,0.0
0.0,0.0,0.0,0.0,0.0,0.0,0.0,0.0,0.0,0.0,0.0,0.0,0.0,-2.3505411468689804e-18,7.923670244500322e-19,0.0,0.0,0.0,0.0,0.0,0.0,0.0,0.0,0.0,0.0,0.0,0.0,0.0,0.0,0.0,0.0,0.0,0.0,0.0,0.0,0.0,0.0,0.0,0.0,0.0,0.0,0.0,0.0,0.0,0.0,0.9999999999999999,-4.469104337173536e-19,-2.2436142473972466e-19,-1.8025173240305984e-18,-1.1364391655689972e-19,4.768187854970041e-20,0.0,0.0,0.0,0.0,0.0,0.0,0.0,0.0,0.0,0.0,0.0,0.0,0.0,0.0,0.0,0.0,0.0,0.0,0.0,0.0,0.0,0.0,0.0,0.0,0.0,0.0,0.0,0.0,0.0
0.0,0.0,0.0,0.0,0.0,0.0,0.0,0.0,0.0,0.0,0.0,0.0,0.0,0.0,0.0,0.0,0.0,0.0,0.0,0.0,0.0,0.0,0.0,0.0,0.0,0.0,0.0,0.0,0.0,0.0,0.0,0.0,0.0,0.0,0.0,0.0,0.0,0.0,0.0,0.0,0.0,0.0,0.0,0.0,0.0,0.0,1.0,0.0,0.0,0.0,0.0,0.0,0.0,0.0,0.0,0.0,0.0,0.0,0.0,0.0,0.0,0.0,0.0,0.0,0.0,0.0,0.0,0.0,0.0,0.0,0.0,0.0,0.0,0.0,0.0,0.0,0.0,0.0,0.0,0.0
0.0,0.0,0.0,0.0,0.0,0.0,0.0,0.0,0.0,0.0,0.0,0.0,0.0,0.0,0.0,0.0,0.0,0.0,0.0,0.0,0.0,0.0,0.0,0.0,0.0,0.0,0.0,0.0,0.0,0.0,0.0,0.0,0.0,0.0,0.0,0.0,0.0,0.0,0.0,0.0,0.0,0.0,0.0,0.0,0.0,0.0,0.0,1.0,0.0,0.0,0.0,0.0,0.0,0.0,0.0,0.0,0.0,0.0,0.0,0.0,0.0,0.0,0.0,0.0,0.0,0.0,0.0,0.0,0.0,0.0,0.0,0.0,0.0,0.0,0.0,0.0,0.0,0.0,0.0,0.0
0.0,0.0,0.0,0.0,0.0,0.0,0.0,0.0,0.0,0.0,0.0,0.0,0.0,0.0,0.0,0.0,0.0,0.0,0.0,0.0,0.0,0.0,0.0,0.0,0.0,0.0,0.0,0.0,0.0,0.0,0.0,0.0,0.0,0.0,0.0,0.0,0.0,0.0,0.0,0.0,0.0,0.0,0.0,0.0,0.0,0.0,0.0,0.0,1.0,0.0,0.0,0.0,0.0,0.0,0.0,0.0,0.0,0.0,0.0,0.0,0.0,0.0,0.0,0.0,0.0,0.0,0.0,0.0,0.0,0.0,0.0,0.0,0.0,0.0,0.0,0.0,0.0,0.0,0.0,0.0
0.0,0.0,0.0,0.0,0.0,0.0,0.0,0.0,0.0,0.0,0.0,0.0,0.0,0.0,0.0,0.0,0.0,0.0,0.0,0.0,0.0,0.0,0.0,0.0,0.0,0.0,0.0,0.0,0.0,0.0,0.0,0.0,0.0,0.0,0.0,0.0,0.0,0.0,0.0,0.0,0.0,0.0,0.0,0.0,0.0,0.0,0.0,0.0,0.0,1.0,0.0,0.0,0.0,0.0,0.0,0.0,0.0,0.0,0.0,0.0,0.0,0.0,0.0,0.0,0.0,0.0,0.0,0.0,0.0,0.0,0.0,0.0,0.0,0.0,0.0,0.0,0.0,0.0,0.0,0.0
0.0,0.0,0.0,0.0,0.0,0.0,0.0,0.0,0.0,0.0,0.0,0.0,0.0,0.0,0.0,0.0,0.0,0.0,0.0,0.0,0.0,0.0,0.0,0.0,0.0,0.0,0.0,0.0,0.0,0.0,0.0,0.0,0.0,0.0,0.0,0.0,0.0,0.0,0.0,0.0,0.0,0.0,0.0,0.0,0.0,0.0,0.0,0.0,0.0,0.0,1.0,0.0,0.0,0.0,0.0,0.0,0.0,0.0,0.0,0.0,0.0,0.0,0.0,0.0,0.0,0.0,0.0,0.0,0.0,0.0,0.0,0.0,0.0,0.0,0.0,0.0,0.0,0.0,0.0,0.0
