period,variable,value
1,chi,3.365452212632639e-6
2,chi,3.365452212601259e-7
3,chi,3.365452212461191e-8
4,chi,3.365452211835914e-9
5,chi,3.365452209044548e-10
6,chi,3.365452196583245e-11
7,chi,3.3654521409529596e-12
8,chi,3.3654518926050026e-13
9,chi,3.365450783909389e-14
10,chi,3.365445834328999e-15
11,chi,3.365423737387739e-16
12,chi,3.3653250845047735e-17
13,chi,3.3648846186970246e-18
14,chi,3.362917823907432e-19
15,chi,3.354133962508416e-20
16,chi,3.3148916695909684e-21
17,chi,3.139472042580818e-22
18,chi,2.354494065208037e-23
19,chi,-1.1647451508632764e-24
20,chi,-1.6994781657226397e-24
21,chi,-8.861848424085195e-25
22,chi,-4.16001542783703e-25
23,chi,-1.9386224848460551e-25
24,chi,-9.22481686905088e-26
25,chi,-4.566299187782174e-26
26,chi,-2.396188639345154e-26
27,chi,-1.3557825717156704e-26
28,chi,-8.340995925601436e-27
29,chi,-5.554381489099613e-27
30,chi,-3.94421838238061e-27
31,chi,-2.932481642674763e-27
32,chi,-2.2464807755967075e-27
33,chi,-1.752763531650967e-27
34,chi,-1.3823802413767433e-27
35,chi,-1.0970513696183366e-27
36,chi,-8.736889940426293e-28
37,chi,-6.971868872146968e-28
38,chi,-5.569618825644399e-28
39,chi,-4.45217891361329e-28
40,chi,-3.5601734429820424e-28
1,xi,5.800376859352929e-7
2,xi,4.640301487500217e-7
3,xi,3.712241190008155e-7
4,xi,2.9697929520100885e-7
5,xi,2.3758343616096634e-7
6,xi,1.9006674892884428e-7
7,xi,1.5205339914310729e-7
8,xi,1.2164271931450012e-7
9,xi,9.731417545160651e-8
10,xi,7.785134036128812e-8
11,xi,6.228107228903183e-8
12,xi,4.982485783122608e-8
13,xi,3.985988626498116e-8
14,xi,3.188790901198508e-8
15,xi,2.5510327209588145e-8
16,xi,2.0408261767670563e-8
17,xi,1.632660941413648e-8
18,xi,1.3061287531309204e-8
19,xi,1.0449030025047377e-8
20,xi,8.359224020037914e-9
21,xi,6.6873792160303375e-9
22,xi,5.349903372824277e-9
23,xi,4.279922698259426e-9
24,xi,3.423938158607545e-9
25,xi,2.739150526886039e-9
26,xi,2.1913204215088337e-9
27,xi,1.753056337207069e-9
28,xi,1.4024450697656568e-9
29,xi,1.121956055812527e-9
30,xi,8.975648446500226e-10
31,xi,7.180518757200189e-10
32,xi,5.744415005760158e-10
33,xi,4.595532004608132e-10
34,xi,3.67642560368651e-10
35,xi,2.9411404829492116e-10
36,xi,2.3529123863593715e-10
37,xi,1.8823299090874997e-10
38,xi,1.5058639272700013e-10
39,xi,1.2046911418160026e-10
40,xi,9.63752913452803e-11
1,Lab_costs,-0.0
2,Lab_costs,0.0
3,Lab_costs,0.0
4,Lab_costs,0.0
5,Lab_costs,0.0
6,Lab_costs,0.0
7,Lab_costs,0.0
8,Lab_costs,0.0
9,Lab_costs,0.0
10,Lab_costs,0.0
11,Lab_costs,0.0
12,Lab_costs,0.0
13,Lab_costs,0.0
14,Lab_costs,0.0
15,Lab_costs,0.0
16,Lab_costs,0.0
17,Lab_costs,0.0
18,Lab_costs,0.0
19,Lab_costs,0.0
20,Lab_costs,0.0
21,Lab_costs,0.0
22,Lab_costs,0.0
23,Lab_costs,0.0
24,Lab_costs,0.0
25,Lab_costs,0.0
26,Lab_costs,0.0
27,Lab_costs,0.0
28,Lab_costs,0.0
29,Lab_costs,0.0
30,Lab_costs,0.0
31,Lab_costs,0.0
32,Lab_costs,0.0
33,Lab_costs,0.0
34,Lab_costs,0.0
35,Lab_costs,0.0
36,Lab_costs,0.0
37,Lab_costs,0.0
38,Lab_costs,0.0
39,Lab_costs,0.0
40,Lab_costs,0.0
1,Price_costs,-1.309162580953422e-15
2,Price_costs,7.110761968158995e-17
3,Price_costs,2.7734181109749697e-16
4,Price_costs,2.1867195427956825e-16
5,Price_costs,1.346225242045697e-16
6,Price_costs,7.44327945664056e-17
7,Price_costs,3.8571713943871045e-17
8,Price_costs,1.89664456464668e-17
9,Price_costs,8.768065181129532e-18
10,Price_costs,3.632683028816728e-18
11,Price_costs,1.1066625110861459e-18
12,Price_costs,-1.1254989090218813e-19
13,Price_costs,-6.904090124603583e-19
14,Price_costs,-9.582013788637861e-19
15,Price_costs,-1.0778284575028889e-18
16,Price_costs,-1.12732610599591e-18
17,Price_costs,-1.1439075484770658e-18
18,Price_costs,-1.1451684782538158e-18
19,Price_costs,-1.139370999424807e-18
20,Price_costs,-1.1303718496003552e-18
21,Price_costs,-1.1199620604953072e-18
22,Price_costs,-1.1089693643109855e-18
23,Price_costs,-1.0977744104890048e-18
24,Price_costs,-1.0865512265018695e-18
25,Price_costs,-1.0753787201085456e-18
26,Price_costs,-1.0642921744319552e-18
27,Price_costs,-1.0533069415475086e-18
28,Price_costs,-1.0424293055309335e-18
29,Price_costs,-1.0316614453440206e-18
30,Price_costs,-1.021003693815849e-18
31,Price_costs,-1.0104555617272747e-18
32,Price_costs,-1.000016199919269e-18
33,Price_costs,-9.896846066528541e-19
34,Price_costs,-9.794597200024473e-19
35,Price_costs,-9.693404586390124e-19
36,Price_costs,-9.593257395955648e-19
37,Price_costs,-9.494144858522586e-19
38,Price_costs,-9.396056294681407e-19
39,Price_costs,-9.298981127939266e-19
40,Price_costs,-9.202908888753932e-19
1,w,0.07440538758784553
2,w,0.1110767160033626
3,w,0.0836012133910687
4,w,0.05547949758290552
5,w,0.036835495951091264
6,w,0.026088152656436252
7,w,0.02028250935199618
8,w,0.017239380083888742
9,w,0.01565075842024013
10,w,0.01480048288882418
11,w,0.014316187928716258
12,w,0.014010513399063588
13,w,0.013791280117729801
14,w,0.013613862822710078
15,w,0.013456914411593215
16,w,0.013310313991432496
17,w,0.01316929405457087
18,w,0.013031617800318801
19,w,0.012896236597341057
20,w,0.012762656631386775
21,w,0.012630642046861804
22,w,0.012500076530127678
23,w,0.01237089904248508
24,w,0.012243074083815846
25,w,0.012116577972118039
26,w,0.011991392526984142
27,w,0.011867502166571713
28,w,0.011744892574856733
29,w,0.011623550089983227
30,w,0.011503461423306011
31,w,0.01138461352994668
32,w,0.011266993548733523
33,w,0.011150588773915017
34,w,0.011035386641432976
35,w,0.010921374721877432
36,w,0.010808540716516874
37,w,0.01069687245475122
38,w,0.010586357892228965
39,w,0.010476985109279833
40,w,0.010368742309501522
1,VA,0.13759761500057469
2,VA,0.09854628404781415
3,VA,0.058297830904092136
4,VA,0.031893346781089314
5,VA,0.016900871010681665
6,VA,0.008960737409075204
7,VA,0.004922463125777854
8,VA,0.0029205989894075008
9,VA,0.0019440878749035623
10,VA,0.00147151441168891
11,VA,0.0012423609747452518
12,VA,0.001129278643222739
13,VA,0.001071001897345451
14,VA,0.0010384143189762986
15,VA,0.0010178117170564478
16,VA,0.001002795172991407
17,VA,0.000990397079017813
18,VA,0.0009792493861467619
19,VA,0.0009687248384425184
20,VA,0.0009585372292080487
21,VA,0.0009485564797121943
22,VA,0.0009387235785425056
23,VA,0.0009290116675737516
24,VA,0.000919408337492947
25,VA,0.0009099076206913487
26,VA,0.000900506394399501
27,VA,0.0008912027780412726
28,VA,0.0008819954264263159
29,VA,0.000872883222200549
30,VA,0.0008638651444734511
31,VA,0.0008549402141710015
32,VA,0.0008461074722043865
33,VA,0.0008373659713122067
34,VA,0.0008287147733755868
35,VA,0.0008201529487803296
36,VA,0.0008116795764489346
37,VA,0.000803293744023384
38,VA,0.0007949945480259352
39,VA,0.0007867810939567615
40,VA,0.0007786524963317166
1,C,0.11668511136856333
2,C,0.09007943078938042
3,C,0.05914083915010257
4,C,0.03842199860000682
5,C,0.026481831206743033
6,C,0.02005367482339729
7,C,0.01670330898858081
8,C,0.014969734227193526
9,C,0.014054729090847044
10,C,0.01354435028606438
11,C,0.013230874616547811
12,C,0.013012367719132107
13,C,0.012839600629460188
14,C,0.012689075981220392
15,C,0.012549675520473903
16,C,0.012416171166922922
17,C,0.012286113964780293
18,C,0.01215835769626505
19,C,0.01203236374055415
20,C,0.011907875777546012
21,C,0.011784768293123145
22,C,0.011662976289373024
23,C,0.01154246276448357
24,C,0.011423203697861857
25,C,0.011305181126568375
26,C,0.011188379954415443
27,C,0.01107278648082314
28,C,0.010958387721559373
29,C,0.010845171094161492
30,C,0.010733124271458184
31,C,0.010622235112719435
32,C,0.010512491630759322
33,C,0.010403881975760521
34,C,0.010296394426921695
35,C,0.010190017387793808
36,C,0.010084739383374812
37,C,0.009980549058054745
38,C,0.009877435173980733
39,C,0.009775386609635364
40,C,0.0096743923585281
1,Ctot,0.10677774747153343
2,Ctot,0.07868101961558574
3,Ctot,0.05078828759891781
4,Ctot,0.03294794679351727
5,Ctot,0.022932222238927456
6,Ctot,0.017633241861255134
7,Ctot,0.01490444821964098
8,Ctot,0.013502527161149103
9,Ctot,0.012763076863770621
10,Ctot,0.012347061434566688
11,Ctot,0.012086579186877623
12,Ctot,0.011900219458121145
13,Ctot,0.011749132040731284
14,Ctot,0.011615010194435112
15,Ctot,0.011489317873036833
16,Ctot,0.011368110714207921
17,Ctot,0.011249580069095
18,Ctot,0.011132901336780009
19,Ctot,0.011017699154576998
20,Ctot,0.01090380126956162
21,Ctot,0.01079112627122142
22,Ctot,0.010679632865613735
23,Ctot,0.010569297202274256
24,Ctot,0.010460102872499264
25,Ctot,0.010352036571861753
26,Ctot,0.010245086262656317
27,Ctot,0.01013924042162858
28,Ctot,0.010034487748279768
29,Ctot,0.009930817062231838
30,Ctot,0.00982821727419588
31,Ctot,0.009726677382988084
32,Ctot,0.009626186479968178
33,Ctot,0.009526733754229645
34,Ctot,0.00942830849658074
35,Ctot,0.009330900102060656
36,Ctot,0.009234498071251283
37,Ctot,0.009139092010725979
38,Ctot,0.009044671632922004
39,Ctot,0.008951226755644888
40,Ctot,0.008858747301345202
1,Ctotg,0.1475969875590371
2,Ctotg,0.1248510759452261
3,Ctotg,0.085572344100004
4,Ctotg,0.056391221283965925
5,Ctotg,0.038684005605166605
6,Ctotg,0.02885822235274557
7,Ctotg,0.023644857889691003
8,Ctotg,0.020925551165806903
9,Ctotg,0.019493245273195497
10,Ctotg,0.018705162512748504
11,Ctotg,0.018232961830220402
12,Ctotg,0.017913572462156985
13,Ctotg,0.017667635792043706
14,Ctotg,0.01745712658264072
15,Ctotg,0.017264049056327377
16,Ctotg,0.01707997319801503
17,Ctotg,0.016900983478814652
18,Ctotg,0.016725273221143012
19,Ctotg,0.016552011666503077
20,Ctotg,0.016380815585527984
21,Ctotg,0.016211505044349428
22,Ctotg,0.01604399150885134
23,Ctotg,0.015878227055944924
24,Ctotg,0.015714181562596324
25,Ctotg,0.015551832589762086
26,Ctotg,0.015391160968265254
27,Ctotg,0.015232148914419692
28,Ctotg,0.015074779250484657
29,Ctotg,0.014919035097441791
30,Ctotg,0.014764899763561563
31,Ctotg,0.014612356710319274
32,Ctotg,0.014461389546410106
33,Ctotg,0.014311982030300322
34,Ctotg,0.014164118074133775
35,Ctotg,0.014017781746757439
36,Ctotg,0.01387295727546217
37,Ctotg,0.013729629046619866
38,Ctotg,0.013587781605515128
39,Ctotg,0.013447399655635083
40,Ctotg,0.013308468057612629
1,Ctots,0.067901541478546
2,Ctots,0.03470869727762616
3,Ctots,0.017659981803336104
4,Ctots,0.010620592129029228
5,Ctots,0.007930237172400432
6,Ctots,0.006942579998400745
7,Ctots,0.006580089491698068
8,Ctots,0.006432845419269235
9,Ctots,0.006353270200875265
10,Ctots,0.006291611381159403
11,Ctots,0.006232769590548449
12,Ctots,0.006173107177002994
13,Ctots,0.00611235410714979
14,Ctots,0.006050983520438344
15,Ctots,0.005989468810827664
16,Ctots,0.005928137747858724
17,Ctots,0.005867188273430263
18,Ctots,0.005806731115603965
19,Ctots,0.005746824630276595
20,Ctots,0.005687497498308089
21,Ctots,0.005628762142746156
22,Ctots,0.005570622261149082
23,Ctots,0.005513076929799639
24,Ctots,0.00545612280151044
25,Ctots,0.005399755271655411
26,Ctots,0.0053439690945365804
27,Ctots,0.005288758709329441
28,Ctots,0.005234118413015454
29,Ctots,0.0051800424525968005
30,Ctots,0.0051265250745442074
31,Ctots,0.005073560551432658
32,Ctots,0.005021143196306873
33,Ctots,0.004969267370385108
34,Ctots,0.004917927487111017
35,Ctots,0.004867118014184705
36,Ctots,0.004816833474465964
37,Ctots,0.004767068446243581
38,Ctots,0.004717817563146617
39,Ctots,0.004669075513853086
40,Ctots,0.004620837041684397
1,M,-0.1693880783824963
2,M,0.06233447250757972
3,M,0.0797510511089809
4,M,0.05604522358110031
5,M,0.03349250089889646
6,M,0.018759708118304682
7,M,0.010335658894984136
8,M,0.005833923195680162
9,M,0.003522232884945609
10,M,0.002363946638153375
11,M,0.0017913519228063403
12,M,0.0015089011884000605
13,M,0.0013676640212006794
14,M,0.0012942672453330672
15,M,0.0012531538251321212
16,M,0.0012273078323703198
17,M,0.001208666489839281
18,M,0.0011934399263401699
19,M,0.0011798585729789616
20,M,0.0011671007890230308
21,M,0.001154786809194913
22,M,0.0011427416659691907
23,M,0.0011308848103374438
24,M,0.0011191790037567546
25,M,0.0011076067744348642
26,M,0.0010961596251219672
27,M,0.0010848331110226439
28,M,0.001073624607131018
29,M,0.0010625323017221472
30,M,0.0010515547459208818
31,M,0.001040690653945308
32,M,0.0010299388155423034
33,M,0.0010192980581871314
34,M,0.0010087672311001516
35,M,0.0009983451986783798
36,M,0.0009880308378999092
37,M,0.0009778230373497724
38,M,0.000967720696872846
39,M,0.0009577227274467963
40,M,0.0009478280511167147
1,C_g,0.153463866653328
2,C_g,0.13043079448989653
3,C_g,0.08928633725277574
4,C_g,0.05861723871693687
5,C_g,0.039991675209240025
6,C_g,0.02965802765033336
7,C_g,0.02417993314404422
8,C_g,0.02132717090393876
9,C_g,0.019828587597563476
10,C_g,0.019007439232980698
11,C_g,0.018518210749768702
12,C_g,0.018189412847937302
13,C_g,0.017937648859110842
14,C_g,0.01772298708374618
15,C_g,0.017526542278916417
16,C_g,0.017339473173722454
17,C_g,0.01715767537857154
18,C_g,0.016979255901506847
19,C_g,0.016803344636513486
20,C_g,0.016629540402702366
21,C_g,0.016457655019895736
22,C_g,0.01628759609490379
23,C_g,0.01611931382365961
24,C_g,0.015952777092561207
25,C_g,0.01578796287272823
26,C_g,0.015624851585954669
27,C_g,0.015463425121766041
28,C_g,0.01530366601377628
29,C_g,0.015145557112764465
30,C_g,0.014989081466448924
31,C_g,0.01483422228147883
32,C_g,0.0146809629156934
33,C_g,0.014529286879881406
34,C_g,0.014379177841324047
35,C_g,0.014230619626646098
36,C_g,0.014083596223466029
37,C_g,0.01393809178097942
38,C_g,0.01379409060975307
39,C_g,0.013651577180984517
40,C_g,0.013510536125418107
1,C_s,0.06793331457450436
2,C_s,0.035414426444715215
3,C_s,0.01827197499289283
4,C_s,0.011058931532323419
5,C_s,0.00823905885366094
6,C_s,0.007173026699397607
7,C_s,0.006767039144625276
8,C_s,0.006596535044274492
9,C_s,0.006504567257955707
10,C_s,0.006436097122577101
11,C_s,0.006373230980851525
12,C_s,0.0063109113816259554
13,C_s,0.006248165651639144
14,C_s,0.006185125635145438
15,C_s,0.006122101207776107
16,C_s,0.006059342593239306
17,C_s,0.005997011230035197
18,C_s,0.0059352007408937065
19,C_s,0.005873961471895109
20,C_s,0.0058133183314101385
21,C_s,0.00575328193359944
22,C_s,0.00569385507315307
23,C_s,0.005635036340151802
24,C_s,0.0055768220924707875
25,C_s,0.005519207518410277
26,C_s,0.005462187205807298
27,C_s,0.00540575544646283
28,C_s,0.005349906399310241
29,C_s,0.005294634178214398
30,C_s,0.005239932899428214
31,C_s,0.005185796707331599
32,C_s,0.005132219788391862
33,C_s,0.0050791963786821345
34,C_s,0.005026720767845343
35,C_s,0.0049747873010803035
36,C_s,0.004923390380018592
37,C_s,0.004872524462975629
38,C_s,0.004822184064847063
39,C_s,0.0047723637568040595
40,C_s,0.004723058165874903
1,p_g,-0.036779789694630846
2,p_g,-0.04042378118610807
3,p_g,-0.03031472693919642
4,p_g,-0.020358717928869507
5,p_g,-0.013630320371114965
6,p_g,-0.009677385087817656
7,p_g,-0.007510144800908911
8,p_g,-0.006361903587259585
9,p_g,-0.005758445336001237
10,p_g,-0.005434719818245134
11,p_g,-0.005250840489741096
12,p_g,-0.00513563276782019
13,p_g,-0.005053785097677684
14,p_g,-0.004988097170623421
15,p_g,-0.004930306411008907
16,p_g,-0.00487648645260068
17,p_g,-0.0048247872473119085
18,p_g,-0.004774342555148909
19,p_g,-0.0047247482220900035
20,p_g,-0.004675815490006432
21,p_g,-0.004627455318717787
22,p_g,-0.004579624536448318
23,p_g,-0.004532300939685347
24,p_g,-0.0044854718538761
25,p_g,-0.004439128913037273
26,p_g,-0.004393265694576542
27,p_g,-0.00434787665655635
28,p_g,-0.00430295666490581
29,p_g,-0.004258500785680722
30,p_g,-0.004214504195224182
31,p_g,-0.004170962142109302
32,p_g,-0.00412786993143972
33,p_g,-0.004085222918574138
34,p_g,-0.004043016506682754
35,p_g,-0.004001246145773612
36,p_g,-0.0039599073322252884
37,p_g,-0.003918995608454419
38,p_g,-0.00387850656258897
39,p_g,-0.0038384358281123585
40,p_g,-0.003798779083476494
1,p_s,0.048751785475557446
2,p_s,0.05477064791342793
3,p_s,0.04089517865909411
4,p_s,0.02735369483423838
5,p_s,0.01822274538865041
6,p_s,0.012861031391359728
7,p_s,0.009920681205146489
8,p_s,0.008361991715765042
9,p_s,0.007542560037480769
10,p_s,0.0071032855187777065
11,p_s,0.006854477456034126
12,p_s,0.006699472275497727
13,p_s,0.006590205404706749
14,p_s,0.006503193071076535
15,p_s,0.006427108594245526
16,p_s,0.006356541016509844
17,p_s,0.00628892324023654
18,p_s,0.006223042655858672
19,p_s,0.006158327158409676
20,p_s,0.006094505843137985
21,p_s,0.006031448849813779
22,p_s,0.0059690921677587805
23,p_s,0.00590740247623571
24,p_s,0.005846360755810117
25,p_s,0.005785954666267148
26,p_s,0.00572617500657383
27,p_s,0.0056670140715335965
28,p_s,0.005608464888535053
29,p_s,0.005550520862448785
30,p_s,0.005493175609856541
31,p_s,0.0054364228812128134
32,p_s,0.005380256523936819
33,p_s,0.0053246704646227536
34,p_s,0.005269658700224059
35,p_s,0.005215215293478402
36,p_s,0.005161334370354349
37,p_s,0.005108010118473212
38,p_s,0.005055236786008405
39,p_s,0.005003008680823551
40,p_s,0.004951320169733192
1,N,-0.1589560020640688
2,N,-0.06903167806839695
3,N,-0.034650740367928305
4,N,-0.021348879437427665
5,N,-0.016120652006843973
6,N,-0.01401599479221004
7,N,-0.01312309912827269
8,N,-0.012700159728197045
9,N,-0.012459290563244003
10,N,-0.012289051565107092
11,N,-0.012146504658972072
12,N,-0.012015211147849968
13,N,-0.011888925947137724
14,N,-0.01176529560430747
15,N,-0.011643438265780555
16,N,-0.011523022198557269
17,N,-0.011403918643480879
18,N,-0.011286072727300861
19,N,-0.011169456190825749
20,N,-0.011054050369216981
21,N,-0.010939840163297259
22,N,-0.010826811924018794
23,N,-0.010714952701083342
24,N,-0.010604249959566329
25,N,-0.010494691457852534
26,N,-0.010386265184463806
27,N,-0.010278959319766155
28,N,-0.010172762210638543
29,N,-0.010067662353168987
30,N,-0.009963648380748293
31,N,-0.00986070905585652
32,N,-0.00975883326434822
33,N,-0.00965801001139689
34,N,-0.009558228418520729
35,N,-0.009459477721302265
36,N,-0.009361747267548248
37,N,-0.009265026515727345
38,N,-0.00916930503358299
39,N,-0.009074572496857536
40,N,-0.008980818688088305
1,pi,-0.09736727925836915
2,pi,-0.009189429627437969
3,pi,0.009738285596592903
4,pi,0.009102416333312931
5,pi,0.005793452485561704
6,pi,0.0031913155742358053
7,pi,0.0015990247064302581
8,pi,0.0007209821278548985
9,pi,0.0002637361064598278
10,pi,3.429051853568673e-5
11,pi,-7.766175128453351e-5
12,pi,-0.00013086954286323986
13,pi,-0.00015533177382457585
14,pi,-0.00016594833139073028
15,pi,-0.00016997753329268134
16,pi,-0.00017090537767823008
17,pi,-0.0001703882688044803
18,pi,-0.000169206764205238
19,pi,-0.00016772628303340478
20,pi,-0.00016611698168746025
21,pi,-0.00016445772625937912
22,pi,-0.00016278490556899367
23,pi,-0.00016111521836701
24,pi,-0.00015945626330670469
25,pi,-0.0001578114430078844
26,pi,-0.00015618222878252563
27,pi,-0.00015456920432093668
28,pi,-0.00015297254596788302
29,pi,-0.00015139224354405342
30,pi,-0.00014982820185091173
31,pi,-0.00014828028734800917
32,pi,-0.000146748349640787
33,pi,-0.0001452322313898413
34,pi,-0.00014373177289136243
35,pi,-0.00014224681419981782
36,pi,-0.00014077719611341346
37,pi,-0.0001393227606309967
38,pi,-0.0001378833511617997
39,pi,-0.0001364588126187026
40,pi,-0.00013504899145605994
1,pi_g,-0.13414603117800908
2,pi_g,-0.012987241855609656
3,pi_g,0.019914387084474797
4,pi_g,0.01910329162190191
5,pi_g,0.012547549945672828
6,pi_g,0.007157893713221357
7,pi_g,0.0037731706421475298
8,pi_g,0.0018725900760963095
9,pi_g,0.0008687710550049299
10,pi_g,0.000358710021127334
11,pi_g,0.00010648423600442174
12,pi_g,-1.5599026964631697e-5
13,pi_g,-7.351727987172551e-5
14,pi_g,-0.00010033807900658312
15,pi_g,-0.00011228461778919778
16,pi_g,-0.00011719201708935566
17,pi_g,-0.00011879909105906003
18,pi_g,-0.00011887306022470017
19,pi_g,-0.00011824276080582257
20,pi_g,-0.00011729436323013304
21,pi_g,-0.00011620673769502284
22,pi_g,-0.00011506227357640334
23,pi_g,-0.00011389869879832704
24,pi_g,-0.00011273316899623628
25,pi_g,-0.00011157340821927941
26,pi_g,-0.00011042283704431909
27,pi_g,-0.00010928292247124028
28,pi_g,-0.00010815424988187506
29,pi_g,-0.00010703700970843594
30,pi_g,-0.00010593121720730019
31,pi_g,-0.00010483681108857182
32,pi_g,-0.00010375369744050274
33,pi_g,-0.00010268176909937243
34,pi_g,-0.00010162091407907527
35,pi_g,-0.00010057101917173469
36,pi_g,-9.953197144333473e-5
37,pi_g,-9.850365882732923e-5
38,pi_g,-9.748597034099193e-5
39,pi_g,-9.64787961499718e-5
40,pi_g,-9.54820275752702e-5
1,pi_s,-0.04861547993916254
2,pi_s,-0.0033327932361084185
3,pi_s,-0.004066249108392446
4,pi_s,-0.004391643814557446
5,pi_s,-0.003310354366166719
6,pi_s,-0.002155997790908643
7,pi_s,-0.0013340373834628539
8,pi_s,-0.0008341523654411142
9,pi_s,-0.0005540277225084167
10,pi_s,-0.00040424635130704273
11,pi_s,-0.000326182346196985
12,pi_s,-0.0002858019880169027
13,pi_s,-0.0002646269977251571
14,pi_s,-0.00025303590830821725
15,pi_s,-0.00024615853323769414
16,pi_s,-0.00024157874521649132
17,pi_s,-0.00023811550101944694
18,pi_s,-0.00023519787441032795
19,pi_s,-0.0002325521801289968
20,pi_s,-0.00023004802423923806
21,pi_s,-0.00022762352895450128
22,pi_s,-0.00022524937225663186
23,pi_s,-0.0002229116268129604
24,pi_s,-0.00022060361930641332
25,pi_s,-0.00021832208657185373
26,pi_s,-0.00021606536686100532
27,pi_s,-0.00021383255078678704
28,pi_s,-0.0002116230833214601
29,pi_s,-0.00020943657730479722
30,pi_s,-0.00020727272600037507
31,pi_s,-0.00020513126201717572
32,pi_s,-0.00020301193794842296
33,pi_s,-0.00020091451720031378
34,pi_s,-0.00019883876961588473
35,pi_s,-0.00019678446936520152
36,pi_s,-0.00019475139391292597
37,pi_s,-0.0001927393235019118
38,pi_s,-0.00019074804088622333
39,pi_s,-0.00018877733118614115
40,pi_s,-0.00018682698180354758
1,r,-0.062402593990739025
2,r,-0.052077695746535695
3,r,-0.032301442273702664
4,r,-0.018071223873187058
5,r,-0.009659700352909136
6,r,-0.0051018972250240074
7,r,-0.0027491301111785835
8,r,-0.0015705856795604223
9,r,-0.0009914076324336455
10,r,-0.0007098275597396242
11,r,-0.0005731995844882455
12,r,-0.0005062016328501014
13,r,-0.0004723138066652091
14,r,-0.0004540569522255315
15,r,-0.00044314656504893635
16,r,-0.0004356854472257951
17,r,-0.00042985086896913207
18,r,-0.00042479408750941105
19,r,-0.0004201211468881587
20,r,-0.00041564953539345914
21,r,-0.00041129472337430407
22,r,-0.0004070174740387938
23,r,-0.00040279945245422536
24,r,-0.0003986319608691825
25,r,-0.0003945107447389999
26,r,-0.00039043360013035923
27,r,-0.00038639927186302347
28,r,-0.00038240694583625866
29,r,-0.00037845601482623523
30,r,-0.0003745459702087107
31,r,-0.0003706763517395889
32,r,-0.0003668467241598384
33,r,-0.00036305666623220824
34,r,-0.00035930576556333216
35,r,-0.00035559361613232503
36,r,-0.0003519198170935513
37,r,-0.00034828397218361655
38,r,-0.00034468568941711764
39,r,-0.0003411245809214355
40,r,-0.000337600262838892
1,om_g,-6.979336489445435e-17
2,om_g,-0.00040063375408177403
3,om_g,-0.00045358359974578404
4,om_g,-0.0003635362784207417
5,om_g,-0.00024131775230574608
6,om_g,-0.00013264508278356833
7,om_g,-5.006955873417374e-5
8,om_g,7.60590543579903e-6
9,om_g,4.5777149674971275e-5
10,om_g,7.006016586729482e-5
11,om_g,8.499147901558117e-5
12,om_g,9.384994529753689e-5
13,om_g,9.886239854775769e-5
14,om_g,0.00010148306334253009
15,om_g,0.00010263686087409349
16,om_g,0.00010290123366264877
17,om_g,0.00010263186848391189
18,om_g,0.00010204568545704441
19,om_g,0.00010127398566031017
20,om_g,0.00010039578652893994
21,om_g,9.945842291709812e-5
22,om_g,9.849014159504132e-5
23,om_g,9.75077395299472e-5
24,om_g,9.652116863132373e-5
25,om_g,9.553629917931701e-5
26,om_g,9.455657253316668e-5
27,om_g,9.35839869663591e-5
28,om_g,9.2619684534129e-5
29,om_g,9.166429989759101e-5
30,om_g,9.071816741308873e-5
31,om_g,8.978144396384754e-5
32,om_g,8.885418176328558e-5
33,om_g,8.793637148141043e-5
34,om_g,8.702796777937379e-5
35,om_g,8.612890442167596e-5
36,om_g,8.52391032162184e-5
37,om_g,8.435847930038002e-5
38,om_g,8.348694426445278e-5
39,om_g,8.262440799535689e-5
40,om_g,8.177077976322087e-5
1,om_s,2.7118782502498867e-16
2,om_s,-6.702981689465869e-5
3,om_s,-7.697628043090593e-5
4,om_s,-6.306945829459012e-5
5,om_s,-4.35333829606203e-5
6,om_s,-2.5984343653092237e-5
7,om_s,-1.2576059936237737e-5
8,om_s,-3.1726841296600395e-6
9,om_s,3.0757851526796933e-6
10,om_s,7.070950005095213e-6
11,om_s,9.54607673300765e-6
12,om_s,1.1032922156374106e-5
13,om_s,1.1893303122573755e-5
14,om_s,1.2363763915642932e-5
15,om_s,1.2594854376087185e-5
16,om_s,1.2680605611187984e-5
17,om_s,1.267895475116723e-5
18,om_s,1.2625243330668164e-5
19,om_s,1.2540867846519686e-5
20,om_s,1.2438707791745837e-5
21,om_s,1.232648096489044e-5
22,om_s,1.2208795057084222e-5
23,om_s,1.208839202227078e-5
24,om_s,1.1966898307489233e-5
25,om_s,1.1845275118936729e-5
26,om_s,1.172408773075799e-5
27,om_s,1.1603666140483883e-5
28,om_s,1.148420071636887e-5
29,om_s,1.1365799054724494e-5
30,om_s,1.1248519739001116e-5
31,om_s,1.1132392366152021e-5
32,om_s,1.1017429418213085e-5
33,om_s,1.0903633295842837e-5
34,om_s,1.0791000483587944e-5
35,om_s,1.067952401558398e-5
36,om_s,1.0569194934614608e-5
37,om_s,1.046000315513358e-5
38,om_s,1.0351937973457507e-5
39,om_s,1.0244988369139149e-5
40,om_s,1.0139143182771909e-5
1,vi,-9.389652925410947e-8
2,vi,-4.6948264651883474e-8
3,vi,-2.3474132337025828e-8
4,vi,-1.1737066173461097e-8
5,vi,-5.868533088939527e-9
6,vi,-2.9342665454558984e-9
7,vi,-1.4671332731681797e-9
8,vi,-7.335666367806166e-10
9,vi,-3.6678331847804067e-10
10,vi,-1.8339165927818475e-10
11,vi,-9.169582965657521e-11
12,vi,-4.5847914836091506e-11
13,vi,-2.2923957421528917e-11
14,vi,-1.1461978712318886e-11
15,vi,-5.730989356852943e-12
16,vi,-2.8654946787357213e-12
17,vi,-1.4327473395056412e-12
18,vi,-7.163736698141086e-13
19,vi,-3.581868349342383e-13
20,vi,-1.7909341747911366e-13
21,vi,-8.954670874479857e-14
22,vi,-4.477335437464903e-14
23,vi,-2.2386677188256624e-14
24,vi,-1.1193338594486641e-14
25,vi,-5.596669297357061e-15
26,vi,-2.7983346486923244e-15
27,vi,-1.3991673243227348e-15
28,vi,-6.995836621272408e-16
29,vi,-3.4979183102945074e-16
30,vi,-1.7489591548432358e-16
31,vi,-8.744795771647157e-17
32,vi,-4.3723978837072553e-17
33,vi,-2.1861989401332897e-17
34,vi,-1.0930994686781966e-17
35,vi,-5.4654973322290335e-18
36,vi,-2.732748657160687e-18
37,vi,-1.366374321406445e-18
38,vi,-6.831871549592668e-19
39,vi,-3.415935728823097e-19
40,vi,-1.7079678276233198e-19
1,Y,-0.01327084380968028
2,Y,0.08068597720012062
3,Y,0.06878689317557894
4,Y,0.04372781989352756
5,Y,0.025034125610666848
6,Y,0.01376434267672369
7,Y,0.007575404506835691
8,Y,0.004347445160367425
9,Y,0.002716011463531316
10,Y,0.0019070712320913624
11,Y,0.0015094490312901698
12,Y,0.0013132940043498183
13,Y,0.0012143365722106483
14,Y,0.0011617486285394449
15,Y,0.0011311047395557233
16,Y,0.0011107969448588214
17,Y,0.0010953576975770909
18,Y,0.0010822306499265488
19,Y,0.0010702280418230853
20,Y,0.0010588009378407549
21,Y,0.0010476967408938034
22,Y,0.0010367995414170656
23,Y,0.0010260561366586666
24,Y,0.0010154419353216742
25,Y,0.001004945326612446
26,Y,0.0009945605525450265
27,Y,0.0009842844763843783
28,Y,0.0009741151270621569
29,Y,0.000964051048625956
30,Y,0.0009540910122928171
31,Y,0.0009442338905908962
32,Y,0.0009344786032699784
33,Y,0.0009248240945967187
34,Y,0.0009152693241437001
35,Y,0.0009058132632412976
36,Y,0.0008964548937203944
37,Y,0.0008871932075275923
38,Y,0.000878027206636983
39,Y,0.0008689559030377051
40,Y,0.0008599783187213264
1,PV,0.1915905745922057
2,PV,0.1390132505651856
3,PV,0.07758348614658457
4,PV,0.03655134060696775
5,PV,0.013071131661087565
6,PV,0.0006160643841449966
7,PV,-0.005682985026250187
8,PV,-0.00874968092151106
9,PV,-0.01018172431530243
10,PV,-0.010807751664108054
11,PV,-0.011043604794861609
12,PV,-0.011093339413554193
13,PV,-0.011055487520373495
14,PV,-0.010977059699693701
15,PV,-0.010880279306427
16,PV,-0.010775575312719705
17,PV,-0.010667811866396662
18,PV,-0.010559244709315843
19,PV,-0.010450913214421655
20,PV,-0.010343291812915302
21,PV,-0.010236593376299641
22,PV,-0.01013090997822001
23,PV,-0.01002627801772261
24,PV,-0.009922708285535799
25,PV,-0.00982019982601835
26,PV,-0.009718746323707662
27,PV,-0.009618339045703816
28,PV,-0.009518968198156048
29,PV,-0.009420623552423266
30,PV,-0.009323294734610977
31,PV,-0.009226971359677772
32,PV,-0.009131643093576343
33,PV,-0.009037299681944042
34,PV,-0.00894393096316477
35,PV,-0.008851526874080865
36,PV,-0.008760077452221184
37,PV,-0.00866957283636309
38,PV,-0.008580003266290416
39,PV,-0.008491359082160477
40,PV,-0.008403630723680553
1,r_star,-0.0005926375731972517
2,r_star,-0.00042501406802015264
3,r_star,-0.00039645861666663456
4,r_star,-0.0003985697897639065
5,r_star,-0.0004036382203009162
6,r_star,-0.0004060512344759386
7,r_star,-0.0004057695371263394
8,r_star,-0.00040371093081918415
9,r_star,-0.0004006470886108759
10,r_star,-0.00039706432651233055
11,r_star,-0.0003932357702427497
12,r_star,-0.0003893055682926957
13,r_star,-0.0003853468607144545
14,r_star,-0.0003813957144125849
15,r_star,-0.00037746948270320457
16,r_star,-0.00037357628909305324
17,r_star,-0.0003697197808550236
18,r_star,-0.0003659014622619914
19,r_star,-0.0003621218224737016
20,r_star,-0.00035838087452167756
21,r_star,-0.000354678410592836
22,r_star,-0.00035101412209284454
23,r_star,-0.00034738765579142843
24,r_star,-0.00034379863995068937
25,r_star,-0.0003402466964301972
26,r_star,-0.00033673144626807414
27,r_star,-0.00033325251223708004
28,r_star,-0.00032980952000184787
29,r_star,-0.0003264020986306285
30,r_star,-0.0003230298808097094
31,r_star,-0.0003196925029211
32,r_star,-0.00031638960505746386
33,r_star,-0.0003131208310083538
34,r_star,-0.000309885828233421
35,r_star,-0.0003066842478298127
36,r_star,-0.00030351574449708374
37,r_star,-0.00030037997650115596
38,r_star,-0.0002972766056380335
39,r_star,-0.00029420529719760254
40,r_star,-0.0002911657199276657
1,Rworld,-8.311237402965106e-7
2,Rworld,5.71698103102147e-6
3,Rworld,3.4067568049819756e-6
4,Rworld,1.819442535118153e-6
5,Rworld,8.970348918778151e-7
6,Rworld,4.0224924842670467e-7
7,Rworld,1.491454410976432e-7
8,Rworld,2.377361281288808e-8
9,Rworld,-3.678947764760167e-8
10,Rworld,-6.535055834229683e-8
11,Rworld,-7.840894200685864e-8
12,Rworld,-8.406266984559014e-8
13,Rworld,-8.621814424613468e-8
14,Rworld,-8.673604063274152e-8
15,Rworld,-8.64942915926594e-8
16,Rworld,-8.590420701722126e-8
17,Rworld,-8.515746154230133e-8
18,Rworld,-8.434302327204968e-8
19,Rworld,-8.350206377544072e-8
20,Rworld,-8.265358752619617e-8
21,Rworld,-8.180634088574744e-8
22,Rworld,-8.096432822062157e-8
23,Rworld,-8.012936180728921e-8
24,Rworld,-7.930223950226088e-8
25,Rworld,-7.848328875400622e-8
26,Rworld,-7.767261824143676e-8
27,Rworld,-7.687023457413016e-8
28,Rworld,-7.607609662898225e-8
29,Rworld,-7.529014098955839e-8
30,Rworld,-7.451229394199589e-8
31,Rworld,-7.374247718214288e-8
32,Rworld,-7.298061055939161e-8
33,Rworld,-7.222661341132046e-8
34,Rworld,-7.148040522066582e-8
35,Rworld,-7.074190594208849e-8
36,Rworld,-7.001103616561259e-8
37,Rworld,-6.928771719794215e-8
38,Rworld,-6.857187110176701e-8
39,Rworld,-6.786342071320367e-8
40,Rworld,-6.716228964766792e-8
1,pi_e,0.09422316730447036
2,pi_e,-0.061808145351960185
3,pi_e,-0.05171313155010194
4,pi_e,-0.03193842086821842
5,pi_e,-0.017688110816202043
6,pi_e,-0.009261247518523929
7,pi_e,-0.004695588084875201
8,pi_e,-0.0023403513276397856
9,pi_e,-0.0011625268702664976
10,pi_e,-0.000585788574207353
11,pi_e,-0.0003075197958901181
12,pi_e,-0.0001746198936991345
13,pi_e,-0.00011153345847743961
14,pi_e,-8.162433212225327e-5
15,pi_e,-6.735667655332736e-5
16,pi_e,-6.041885249042077e-5
17,pi_e,-5.690092093227069e-5
18,pi_e,-5.4974329650646494e-5
19,pi_e,-5.3787805846468987e-5
20,pi_e,-5.2946418191537854e-5
21,pi_e,-5.226740910870515e-5
22,pi_e,-5.166634344276448e-5
23,pi_e,-5.1104236635350045e-5
24,pi_e,-5.05630782811868e-5
25,pi_e,-5.003452751318177e-5
26,pi_e,-4.951470033134628e-5
27,pi_e,-4.9001768209474936e-5
28,pi_e,-4.849485205474995e-5
29,pi_e,-4.799351251200001e-5
30,pi_e,-4.7497514757969813e-5
31,pi_e,-4.7006719708741954e-5
32,pi_e,-4.652103352444166e-5
33,pi_e,-4.604038406033841e-5
34,pi_e,-4.556470981536315e-5
35,pi_e,-4.5093954703697476e-5
36,pi_e,-4.4628065556177125e-5
37,pi_e,-4.416699091135696e-5
38,pi_e,-4.3710680421597395e-5
39,pi_e,-4.325908455590371e-5
40,pi_e,-4.281215444768965e-5
1,Bstar,-0.16805260022583904
2,Bstar,-0.22437058330157636
3,Bstar,-0.2415861000768477
4,Bstar,-0.2453838515001984
5,Bstar,-0.24471804019101587
6,Bstar,-0.24265644111376744
7,Bstar,-0.24021337173103355
8,Bstar,-0.23770353664071955
9,Bstar,-0.23521314359069384
10,Bstar,-0.23275917743094698
11,Bstar,-0.2303406414043231
12,Bstar,-0.2279536253726949
13,Bstar,-0.22559494469909688
14,Bstar,-0.22326253936664353
15,Bstar,-0.2209551657579481
16,Bstar,-0.21867206663133823
17,Bstar,-0.21641274830285742
18,Bstar,-0.21417685204049178
19,Bstar,-0.21196408573369238
20,Bstar,-0.20977418951370577
21,Bstar,-0.20760691917312088
22,Bstar,-0.2054620384699792
23,Bstar,-0.2033393156958361
24,Bstar,-0.20123852221677507
25,Bstar,-0.1991594318919115
26,Bstar,-0.19710182086317884
27,Bstar,-0.1950654674910395
28,Bstar,-0.19305015234038553
29,Bstar,-0.1910556581786714
30,Bstar,-0.1890817699729563
31,Bstar,-0.1871282748823877
32,Bstar,-0.18519496224618895
33,Bstar,-0.18328162356819147
34,Bstar,-0.1813880524989998
35,Bstar,-0.17951404481665514
36,Bstar,-0.17765939840641343
37,Bstar,-0.17582391324004928
38,Bstar,-0.17400739135495055
39,Bstar,-0.17220963683317003
40,Bstar,-0.17043045578053653
1,Pipstar,6.556756740513991e-7
2,Pipstar,3.4407829876546417e-6
3,Pipstar,1.2569140950202388e-6
4,Pipstar,-1.1535212864901777e-7
5,Pipstar,-8.703154502429863e-7
6,Pipstar,-1.2574956202162035e-6
7,Pipstar,-1.4452044997621489e-6
8,Pipstar,-1.5297920232458167e-6
9,Pipstar,-1.5625981436570225e-6
10,Pipstar,-1.5699316672446373e-6
11,Pipstar,-1.5649488862760456e-6
12,Pipstar,-1.5541185918168795e-6
13,Pipstar,-1.5405814456620277e-6
14,Pipstar,-1.5258469187972177e-6
15,Pipstar,-1.5106342111752832e-6
16,Pipstar,-1.4952831804338908e-6
17,Pipstar,-1.4799529890145855e-6
18,Pipstar,-1.464717297143067e-6
19,Pipstar,-1.44960954737159e-6
20,Pipstar,-1.4346443710682106e-6
21,Pipstar,-1.4198276504657454e-6
22,Pipstar,-1.405161223716747e-6
23,Pipstar,-1.3906450740783881e-6
24,Pipstar,-1.3762783434823984e-6
25,Pipstar,-1.362059799402305e-6
26,Pipstar,-1.3479880486931363e-6
27,Pipstar,-1.3340616348969785e-6
28,Pipstar,-1.320279082159868e-6
29,Pipstar,-1.3066389148335457e-6
30,Pipstar,-1.293139666079752e-6
31,Pipstar,-1.2797798815425259e-6
32,Pipstar,-1.2665581208325461e-6
33,Pipstar,-1.253472958054852e-6
34,Pipstar,-1.2405229819268165e-6
35,Pipstar,-1.2277067957259588e-6
36,Pipstar,-1.2150230171706583e-6
37,Pipstar,-1.2024702782768905e-6
38,Pipstar,-1.1900472252083313e-6
39,Pipstar,-1.1777525181263035e-6
40,Pipstar,-1.1655848310416853e-6
1,Q,0.19159057461365037
2,Q,0.13901325468297124
3,Q,0.07758348798276914
4,Q,0.03655134142595193
5,Q,0.013071132026432213
6,Q,0.000616064547146315
7,Q,-0.00568298495351485
8,Q,-0.00874968088904839
9,Q,-0.010181724300809809
10,Q,-0.010807751657635003
11,Q,-0.011043604791968194
12,Q,-0.011093339412259089
13,Q,-0.011055487519792406
14,Q,-0.01097705969943187
15,Q,-0.010880279306308135
16,Q,-0.010775575312665032
17,Q,-0.010667811866370959
18,Q,-0.010559244709303315
19,Q,-0.010450913214415214
20,Q,-0.010343291812911737
21,Q,-0.010236593376297492
22,Q,-0.010130909978218595
23,Q,-0.010026278017721607
24,Q,-0.009922708285535039
25,Q,-0.009820199826017758
26,Q,-0.009718746323707183
27,Q,-0.009618339045703419
28,Q,-0.009518968198155722
29,Q,-0.00942062355242299
30,Q,-0.009323294734610743
31,Q,-0.009226971359677573
32,Q,-0.00913164309357617
33,Q,-0.009037299681943887
34,Q,-0.008943930963164632
35,Q,-0.008851526874080742
36,Q,-0.00876007745222107
37,Q,-0.008669572836362984
38,Q,-0.008580003266290317
39,Q,-0.008491359082160388
40,Q,-0.00840363072368047
1,TB,12.027226504287622
2,TB,3.895965060231657
3,TB,1.0358870021101232
4,TB,0.03443186388770874
5,TB,-0.30750559754305434
6,TB,-0.4180385693376058
7,TB,-0.44935489338828694
8,TB,-0.4546805761623133
9,TB,-0.4520962336309645
10,TB,-0.44745226894693485
11,TB,-0.4424852586456967
12,TB,-0.4376242269157521
13,TB,-0.432923608163586
14,TB,-0.42835353848401364
15,TB,-0.42387939682567644
16,TB,-0.4194774175467258
17,TB,-0.415133755707755
18,TB,-0.4108409432787512
19,TB,-0.40659508270960226
20,TB,-0.4023941234840588
21,TB,-0.3982369179039606
22,TB,-0.39412273863630787
23,TB,-0.39005104480857494
24,TB,-0.3860213738833977
25,TB,-0.38203329421153914
26,TB,-0.3780863855912513
27,TB,-0.37418023213977697
28,TB,-0.37031442024145733
29,TB,-0.3664885383848249
30,TB,-0.36270217756545203
31,TB,-0.3589549317542746
32,TB,-0.35524639827481264
33,TB,-0.35157617806449043
34,TB,-0.34794387583804676
35,TB,-0.34434910017927184
36,TB,-0.34079146358397594
37,TB,-0.33727058247123437
38,TB,-0.33378607717461434
39,TB,-0.3303375719210691
40,TB,-0.3269246948024076
1,PX,0.01967428601111911
2,PX,0.02614244498109054
3,PX,0.02056859527804564
4,PX,0.014510396103820357
5,PX,0.010337837123543582
6,PX,0.00787437201950274
7,PX,0.006520241035466838
8,PX,0.005797985321297668
9,PX,0.005411586427518747
10,PX,0.005196397565942355
11,PX,0.0050661972637900555
12,PX,0.004977506686450749
13,PX,0.004908950161604497
14,PX,0.004850203598523447
15,PX,0.004796343081607029
16,PX,0.0047450406650383576
17,PX,0.004695201641583771
18,PX,0.004646312131499824
19,PX,0.004598130129284881
20,PX,0.004550540361970452
21,PX,0.004503486494849649
22,PX,0.004456939589517428
23,PX,0.004410883462908508
24,PX,0.0043653078971636824
25,PX,0.004320205488592905
26,PX,0.004275570182233352
27,PX,0.004231396587669855
28,PX,0.004187679657727918
29,PX,0.004144414536329706
30,PX,0.004101596485636618
31,PX,0.004059220850625635
32,PX,0.00401728304150566
33,PX,0.003975778524734681
34,PX,0.003934702818241165
35,PX,0.0038940514887334855
36,PX,0.00385382015006535
37,PX,0.0038140044621459415
38,PX,0.003774600130137336
39,PX,0.003735602903807108
40,PX,0.003697008576967142
1,X,0.08595917666534336
2,X,0.056324311651116
3,X,0.028446029760846293
4,X,0.010992125938046996
5,X,0.00135719392030124
6,X,-0.0036285967054132027
7,X,-0.0060959995917118
8,X,-0.007265763369180343
9,X,-0.00778744398042678
10,X,-0.007992369845953124
11,X,-0.00804501671558403
12,X,-0.008025508890589643
13,X,-0.0079723452560392
14,X,-0.00790383122021509
15,X,-0.007828598608342095
16,X,-0.007750689532972997
17,X,-0.007671984795159343
18,X,-0.007593353508224317
19,X,-0.0075151935185773875
20,X,-0.0074376840235645105
21,X,-0.007360903120795471
22,X,-0.007284882304566011
23,X,-0.007209631654466881
24,X,-0.007135151449193602
25,X,-0.00706143751081275
26,X,-0.006988483660159277
27,X,-0.006916282843563526
28,X,-0.006844827649346209
29,X,-0.006774110544321548
30,X,-0.0067041239819036974
31,X,-0.00663486045134025
32,X,-0.006566312499941007
33,X,-0.006498472742908944
34,X,-0.006431333867471438
35,X,-0.006364888634386516
36,X,-0.006299129878237901
37,X,-0.0062340505071707695
38,X,-0.0061696435023697194
39,X,-0.006105901917419198
40,X,-0.0060428188776119034
1,Ystar,9.205462094604773e-8
2,Ystar,-5.459804501330213e-5
3,Ystar,-3.0144052553297957e-5
4,Ystar,-1.3871350471779563e-5
5,Ystar,-4.574861472657651e-6
6,Ystar,3.511268811326066e-7
7,Ystar,2.8393097032805354e-6
8,Ystar,4.0478895541591895e-6
9,Ystar,4.609327521285871e-6
10,Ystar,4.851599034789456e-6
11,Ystar,4.939327051088578e-6
12,Ystar,4.9533251482662265e-6
13,Ystar,4.932636019155092e-6
14,Ystar,4.895898300862782e-6
15,Ystar,4.851928431240603e-6
16,Ystar,4.804866194763942e-6
17,Ystar,4.756643353822685e-6
18,Ystar,4.708156002917465e-6
19,Ystar,4.659816960402047e-6
20,Ystar,4.611814449836441e-6
21,Ystar,4.564232654352639e-6
22,Ystar,4.517107686600075e-6
23,Ystar,4.470453498187814e-6
24,Ystar,4.424273847642894e-6
25,Ystar,4.378567820412802e-6
26,Ystar,4.3333323727617645e-6
27,Ystar,4.288563503906117e-6
28,Ystar,4.244256796324341e-6
29,Ystar,4.2004076650627954e-6
30,Ystar,4.157011472917798e-6
31,Ystar,4.114063583705946e-6
32,Ystar,4.0715593868852654e-6
33,Ystar,4.0294943088722426e-6
34,Ystar,3.9878638181513625e-6
35,Ystar,3.946663427470787e-6
36,Ystar,3.905888694660424e-6
37,Ystar,3.865535222793322e-6
38,Ystar,3.825598660031576e-6
39,Ystar,3.7860746993197624e-6
40,Ystar,3.7469590780046696e-6
1,V,-0.7159201978871739
2,V,-0.2613247084291262
3,V,-0.08633959378506875
4,V,-0.018897866551509743
5,V,0.007059977043242043
6,V,0.01696065457722653
7,V,0.020641352503876713
8,V,0.021915231463762997
9,V,0.02226049013270432
10,V,0.02224942632288004
11,V,0.022103066829808986
12,V,0.02190647125282405
13,V,0.021692221694674812
14,V,0.021472726051104736
15,V,0.021252674922304957
16,V,0.021033823943279253
17,V,0.020816819595145076
18,V,0.02060189171880389
19,V,0.020389114295498587
20,V,0.02017850296330024
21,V,0.01997005130017271
22,V,0.01976374433170405
23,V,0.019559563623903205
24,V,0.019357489270732945
25,V,0.019157500722815062
26,V,0.018959577168339726
27,V,0.018763697728306616
28,V,0.018569841566126895
29,V,0.018377987952704636
30,V,0.018188116305972227
31,V,0.018000206214849605
32,V,0.01781423745344013
33,V,0.017630189989063887
34,V,0.017448043986415633
35,V,0.01726777980930582
36,V,0.017089378020910196
37,V,0.01691281938310962
38,V,0.016738084855282036
39,V,0.016565155592770046
40,V,0.016394012945160703
1,PVstar,0.0
2,PVstar,0.0
3,PVstar,0.0
4,PVstar,0.0
5,PVstar,0.0
6,PVstar,0.0
7,PVstar,0.0
8,PVstar,0.0
9,PVstar,0.0
10,PVstar,0.0
11,PVstar,0.0
12,PVstar,0.0
13,PVstar,0.0
14,PVstar,0.0
15,PVstar,0.0
16,PVstar,0.0
17,PVstar,0.0
18,PVstar,0.0
19,PVstar,0.0
20,PVstar,0.0
21,PVstar,0.0
22,PVstar,0.0
23,PVstar,0.0
24,PVstar,0.0
25,PVstar,0.0
26,PVstar,0.0
27,PVstar,0.0
28,PVstar,0.0
29,PVstar,0.0
30,PVstar,0.0
31,PVstar,0.0
32,PVstar,0.0
33,PVstar,0.0
34,PVstar,0.0
35,PVstar,0.0
36,PVstar,0.0
37,PVstar,0.0
38,PVstar,0.0
39,PVstar,0.0
40,PVstar,0.0
1,GDP,0.38960686831033026
2,GDP,0.1772886815070801
3,GDP,0.08152230946535373
4,GDP,0.03833057065932358
5,GDP,0.018828741020614916
6,GDP,0.010015093468089577
7,GDP,0.006023906372048601
8,GDP,0.004208020615262766
9,GDP,0.0033732004616194725
10,GDP,0.0029809298111895545
11,GDP,0.0027884528060335588
12,GDP,0.0026863400237955443
13,GDP,0.002625243210312412
14,GDP,0.0025828877307781995
15,GDP,0.0025492034133697064
16,GDP,0.002519626547735449
17,GDP,0.0024920815408928662
18,GDP,0.002465619564343403
19,GDP,0.0024398036489388145
20,GDP,0.002414430334085352
21,GDP,0.002389403280421471
22,GDP,0.0023646756457400267
23,GDP,0.002340223669816343
24,GDP,0.002316034481196038
25,GDP,0.002292100419492368
26,GDP,0.0022684163630700663
27,GDP,0.0022449784549558355
28,GDP,0.0022217834861606766
29,GDP,0.0021988285920427164
30,GDP,0.0021761110999545326
31,GDP,0.0021536284512394077
32,GDP,0.0021313781604442097
33,GDP,0.0021093577935265627
34,GDP,0.002087564955949185
35,GDP,0.0020659972860210454
36,GDP,0.002044652451073916
37,GDP,0.0020235281451969752
38,GDP,0.002002622087840296
39,GDP,0.0019819320229093537
40,GDP,0.001961455718140263
1,IMP,-0.4867097267300094
2,IMP,-0.18503439405751324
3,IMP,-0.06190555888986938
4,IMP,-0.01142386489358136
5,IMP,0.009328927448287753
6,IMP,0.017826270035935683
7,IMP,0.02124130465127539
8,IMP,0.02253784192617162
9,IMP,0.022947395185012445
10,IMP,0.022984367422278325
11,IMP,0.022864728485030076
12,IMP,0.022679627545555366
13,IMP,0.02246774653643488
14,IMP,0.022245599154171347
15,IMP,0.022020280264989443
16,IMP,0.021794857684459948
17,IMP,0.02157066484842227
18,IMP,0.02134828171259604
19,IMP,0.0211279574518078
20,IMP,0.0209097941923019
21,IMP,0.020693827717494815
22,IMP,0.020480063377271523
23,IMP,0.020268492316826897
24,IMP,0.020059098948805334
25,IMP,0.019851864468498376
26,IMP,0.01964676854762367
27,IMP,0.019443790171449548
28,IMP,0.01924290806316739
29,IMP,0.01904410090416336
30,IMP,0.018847347450647662
31,IMP,0.018652626596275593
32,IMP,0.018459917405944222
33,IMP,0.018269199133878436
34,IMP,0.01808045123300205
35,IMP,0.017893653359406354
36,IMP,0.017708785374031935
37,IMP,0.017525827342755894
38,IMP,0.017344759535563883
39,IMP,0.017165562425197903
40,IMP,0.01698821668550644
1,mkupV,5.336674936266932e-9
2,mkupV,-4.1177855748763455e-9
3,mkupV,-1.836184533647602e-9
4,mkupV,-8.1898416552415e-10
5,mkupV,-3.653446409985316e-10
6,mkupV,-1.630013107649222e-10
7,mkupV,-7.273533171508537e-11
8,mkupV,-3.24626638447734e-11
9,mkupV,-1.4492617687110685e-11
10,mkupV,-6.473052661651466e-12
11,mkupV,-2.893412603907798e-12
12,mkupV,-1.2950981769588541e-12
13,mkupV,-5.810828229450661e-13
14,mkupV,-2.6182937166578777e-13
15,mkupV,-1.1886291901313192e-13
16,mkupV,-5.4665855830478616e-14
17,mkupV,-2.5700456017682933e-14
18,mkupV,-1.2521366917345283e-14
19,mkupV,-6.4379105365773404e-15
20,mkupV,-3.561464695982443e-15
21,mkupV,-2.1485037114819267e-15
22,mkupV,-1.4144526387719229e-15
23,mkupV,-1.0040029035880753e-15
24,mkupV,-7.544589872635792e-16
25,mkupV,-5.899136813380837e-16
26,mkupV,-4.73853099945464e-16
27,mkupV,-3.878720825730055e-16
28,mkupV,-3.22069238109876e-16
29,mkupV,-2.7067582389244846e-16
30,mkupV,-2.300374129999384e-16
31,mkupV,-1.9765912897257375e-16
32,mkupV,-1.7173635319054088e-16
33,mkupV,-1.5091073562855302e-16
34,mkupV,-1.3413366630438868e-16
35,mkupV,-1.205832323278826e-16
36,mkupV,-1.0960946645973369e-16
37,mkupV,-1.006957591654939e-16
38,mkupV,-9.343031431123419e-17
39,mkupV,-8.74843514318498e-17
40,mkupV,-8.259513041747909e-17
1,CFs,-0.07543385088084331
2,CFs,-0.025404971780870464
3,CFs,-0.005372201532122764
4,CFs,0.008003331670768927
5,CFs,0.015593903388224011
6,CFs,0.019535822346216425
7,CFs,0.02143520966570465
8,CFs,0.022260320319307064
9,CFs,0.0225417947006884
10,CFs,0.022555515506591753
11,CFs,0.02244025490224066
12,CFs,0.022264275933139847
13,CFs,0.022060629624972593
14,CFs,0.021845132180243376
15,CFs,0.021625284046299115
16,CFs,0.02140461491184757
17,CFs,0.021184772780263976
18,CFs,0.02096651879136815
19,CFs,0.020750197647011696
20,CFs,0.020535958956825393
21,CFs,0.0203238610434252
22,CFs,0.020113919536771854
23,CFs,0.01990613011394257
24,CFs,0.0197004791511117
25,CFs,0.019496948725560164
26,CFs,0.01929551897383396
27,CFs,0.01909616920952422
28,CFs,0.018898878456681152
29,CFs,0.018703625706292932
30,CFs,0.018510390040501694
31,CFs,0.018319150693036357
32,CFs,0.018129887078527022
33,CFs,0.017942578806433854
34,CFs,0.017757205687256656
35,CFs,0.017573747734811792
36,CFs,0.017392185166475928
37,CFs,0.01721249840236483
38,CFs,0.01703466806394949
39,CFs,0.016858674972374903
40,CFs,0.016684500146623316
1,CFg,-0.07467812097146433
2,CFg,-0.04834846097636327
3,CFg,-0.018236275338518033
4,CFg,0.001891247765542245
5,CFg,0.013363776388867155
6,CFg,0.01937918651256844
7,CFg,0.022337426500355733
8,CFg,0.02368492931865138
9,CFg,0.02421492489582355
10,CFg,0.024340434708565433
11,CFg,0.024269699718800622
12,CFg,0.02410549158587717
13,CFg,0.02389778866610471
14,CFg,0.02367064647732101
15,CFg,0.023435559940119668
16,CFg,0.023197993488522826
17,CFg,0.022960533785282976
18,CFg,0.02272439909150722
19,CFg,0.022490157885758155
20,CFg,0.022258069919124084
21,CFg,0.022028247907168435
22,CFg,0.021800734258396466
23,CFg,0.021575537590621148
24,CFg,0.021352650195436054
25,CFg,0.021132056449312646
26,CFg,0.020913736901213478
27,CFg,0.020697670280984848
28,CFg,0.02048383449867303
29,CFg,0.020272207148610086
30,CFg,0.02006276576724098
31,CFg,0.019855487966673954
32,CFg,0.019650351504504192
33,CFg,0.019447334320414542
34,CFg,0.019246414555168043
35,CFg,0.01904757056012105
36,CFg,0.018850780901559717
37,CFg,0.018656024362175786
38,CFg,0.0184632799409465
39,CFg,0.018272526852119487
40,CFg,0.018083744523695554
1,POstar,0.0
2,POstar,0.0
3,POstar,0.0
4,POstar,0.0
5,POstar,0.0
6,POstar,0.0
7,POstar,0.0
8,POstar,0.0
9,POstar,0.0
10,POstar,0.0
11,POstar,0.0
12,POstar,0.0
13,POstar,0.0
14,POstar,0.0
15,POstar,0.0
16,POstar,0.0
17,POstar,0.0
18,POstar,0.0
19,POstar,0.0
20,POstar,0.0
21,POstar,0.0
22,POstar,0.0
23,POstar,0.0
24,POstar,0.0
25,POstar,0.0
26,POstar,0.0
27,POstar,0.0
28,POstar,0.0
29,POstar,0.0
30,POstar,0.0
31,POstar,0.0
32,POstar,0.0
33,POstar,0.0
34,POstar,0.0
35,POstar,0.0
36,POstar,0.0
37,POstar,0.0
38,POstar,0.0
39,POstar,0.0
40,POstar,0.0
1,PO,0.19159139647965098
2,PO,0.13901940628958748
3,PO,0.07758637519205301
4,PO,0.0365520267139511
5,PO,0.013070552612151714
6,PO,0.0006148152461094866
7,PO,-0.005684569227108838
8,PO,-0.008751422915209962
9,PO,-0.010183533808335499
10,PO,-0.010809583850290268
11,PO,-0.011045437880383084
12,PO,-0.011095162986662271
13,PO,-0.011057296708408005
14,PO,-0.010978852293146607
15,PO,-0.01088205436422254
16,PO,-0.010777332493268994
17,PO,-0.010669551109438506
18,PO,-0.010560966085567617
19,PO,-0.010452616854879799
20,PO,-0.010344977875733734
21,PO,-0.010238262031316264
22,PO,-0.010132561399743358
23,PO,-0.010027912381175862
24,PO,-0.00992432576589958
25,PO,-0.009821800597112186
26,PO,-0.009720330557862516
27,PO,-0.009619906913617464
28,PO,-0.00952051986883402
29,PO,-0.009422159193159987
30,PO,-0.009324814510989892
31,PO,-0.00922847543558046
32,PO,-0.009133131631195845
33,PO,-0.009038772841800161
34,PO,-0.008945388904120253
35,PO,-0.008852969753357965
36,PO,-0.00876150542541829
37,PO,-0.00867098605747135
38,PO,-0.008581401887710245
39,PO,-0.008492743254717959
40,PO,-0.008405000596643637
1,VOil,-0.7944828665820799
2,VOil,-0.2881750772422082
3,VOil,-0.0955225512770636
4,VOil,-0.021990437265283838
5,VOil,0.00598304221420962
6,VOil,0.016508194074967248
7,VOil,0.020360047061383432
8,VOil,0.02166868324645199
9,VOil,0.02201384794234097
10,VOil,0.021997440432834504
11,VOil,0.021847482578582125
12,VOil,0.0216496888845151
13,VOil,0.021435951363144995
14,VOil,0.021217977604098534
15,VOil,0.020999988674442784
16,VOil,0.020783467817336976
17,VOil,0.02056891486015023
18,VOil,0.020356484264928257
19,VOil,0.02014621252622547
20,VOil,0.01993809713891272
21,VOil,0.01973212313580459
22,VOil,0.019528271658111777
23,VOil,0.0193265226108558
24,VOil,0.019126855470814063
25,VOil,0.018929249553615086
26,VOil,0.018733684131106692
27,VOil,0.018540138504632535
28,VOil,0.018348592059001655
29,VOil,0.018159024302608205
30,VOil,0.017971414895993694
31,VOil,0.017785743671114712
32,VOil,0.017601990643615294
33,VOil,0.017420136020126424
34,VOil,0.017240160202183392
35,VOil,0.017062043787920055
36,VOil,0.0168857675723402
37,VOil,0.01671131254669843
38,VOil,0.01653865989733477
39,VOil,0.01636779100418113
40,VOil,0.01619868743907557
1,VNon,-0.7003649601929144
2,VNon,-0.25553527089665795
3,VNon,-0.08426033296094834
4,VNon,-0.01816481530461402
5,VNon,0.007314039257771269
6,VNon,0.0170488326369747
7,VNon,0.020674337642679542
8,VNon,0.021930993259663766
9,VNon,0.0222714639818443
10,VNon,0.022259377906606884
11,VNon,0.02211296931616466
12,VNon,0.021916478050237588
13,VNon,0.021702289783720033
14,VNon,0.021482792204348684
15,VNon,0.021262693789517784
16,VNon,0.021043768875240173
17,VNon,0.0208266765520884
18,VNon,0.02061165397183067
19,VNon,0.020398779033550713
20,VNon,0.020188069371339375
21,VNon,0.019979519541776215
22,VNon,0.01977311503368699
23,VNon,0.01956883762362497
24,VNon,0.019366667495508156
25,VNon,0.019166584133804065
26,VNon,0.01896856673513341
27,VNon,0.018772594417785556
28,VNon,0.018578646337799105
29,VNon,0.018386701756901217
30,VNon,0.01819674008325786
31,VNon,0.018008740895922075
32,VNon,0.017822683959209124
33,VNon,0.017638549230783472
34,VNon,0.017456316865823572
35,VNon,0.017275967218755118
36,VNon,0.01709748084349025
37,VNon,0.0169208384927583
38,VNon,0.016746021116890896
39,VNon,0.016573009862284542
40,VNon,0.016401786069676804
1,PH_1,0.027055928336272007
2,PH_1,0.012762915260593794
3,PH_1,0.001991186007336581
4,PH_1,-0.0013776322112862994
5,PH_1,-0.0012041762326073966
6,PH_1,-3.0117332151024455e-5
7,PH_1,0.0010985476379253786
8,PH_1,0.0019060951108127654
9,PH_1,0.002407533822561839
10,PH_1,0.002689781792999633
11,PH_1,0.0028339903803672535
12,PH_1,0.0028975752060195576
13,PH_1,0.002916409484603316
14,PH_1,0.002911340618032806
15,PH_1,0.002893915232664751
16,PH_1,0.0028703113469981684
17,PH_1,0.0028437487125235104
18,PH_1,0.0028158704804386856
19,PH_1,0.002787500541217323
20,PH_1,0.002759045476303313
21,PH_1,0.002730702730832533
22,PH_1,0.0027025663627360526
23,PH_1,0.0026746799218683942
24,PH_1,0.0026470625448057833
25,PH_1,0.0026197216864896314
26,PH_1,0.002592659269805174
27,PH_1,0.00256587462879397
28,PH_1,0.0025393659051326637
29,PH_1,0.0025131307050940545
30,PH_1,0.002487166405885524
31,PH_1,0.0024614702971054296
32,PH_1,0.0024360396453077314
33,PH_1,0.002410871723027143
34,PH_1,0.0023859638215416134
35,PH_1,0.00236131325628094
36,PH_1,0.0023369173689589398
37,PH_1,0.0023127735282743016
38,PH_1,0.0022888791300033403
39,PH_1,0.0022652315968453548
40,PH_1,0.0022418283781745416
1,PH_2,0.04200409467143121
2,PH_2,0.0354619773087393
3,PH_2,0.023204390656723358
4,PH_2,0.014577319229577322
5,PH_2,0.009433956945710071
6,PH_2,0.006572470938802644
7,PH_2,0.0050374728238605756
8,PH_2,0.004228598120018654
9,PH_2,0.0038025536003019407
10,PH_2,0.0035731536796368146
11,PH_2,0.0034428781112483477
12,PH_2,0.0033619078355314183
13,PH_2,0.0033052651143403336
14,PH_2,0.003260606294669549
15,PH_2,0.0032218993373008785
16,PH_2,0.003186221894127816
17,PH_2,0.0031521671589501976
18,PH_2,0.003119060627304997
19,PH_2,0.0030865792633596578
20,PH_2,0.0030545678483278136
21,PH_2,0.003022950990099497
22,PH_2,0.0029916911769968494
23,PH_2,0.0029607688560076817
24,PH_2,0.002930172995296173
25,PH_2,0.0028998966195968616
26,PH_2,0.0028699346985463876
27,PH_2,0.0028402831468175775
28,PH_2,0.0028109383494869405
29,PH_2,0.0027818969357769775
30,PH_2,0.00275315567052205
31,PH_2,0.0027247114016422974
32,PH_2,0.002696561034407351
33,PH_2,0.002668701518605911
34,PH_2,0.0026411298419891805
35,PH_2,0.0026138430267981148
36,PH_2,0.0025868381278263872
37,PH_2,0.0025601122312599173
38,PH_2,0.0025336624539157963
39,PH_2,0.0025074859426907586
40,PH_2,0.002481579874122014
1,PH_3,-0.28172744681249495
2,PH_3,-0.23550195785749886
3,PH_3,-0.14892062085534954
4,PH_3,-0.08404989261302022
5,PH_3,-0.04478481129668272
6,PH_3,-0.02320216387180144
7,PH_3,-0.011966589576404556
8,PH_3,-0.0063146579706212895
9,PH_3,-0.0035357299059440702
10,PH_3,-0.0021899194792168587
11,PH_3,-0.001543720564914526
12,PH_3,-0.0012337368426541115
13,PH_3,-0.001083441482246414
14,PH_3,-0.001008318553811462
15,PH_3,-0.0009683494049633628
16,PH_3,-0.0009447484908763288
17,PH_3,-0.0009287585404288061
18,PH_3,-0.0009163202932197573
19,PH_3,-0.0009055610052007635
20,PH_3,-0.0008956200535532583
21,PH_3,-0.0008861031616888607
22,PH_3,-0.0008768300622007664
23,PH_3,-0.0008677183405890291
24,PH_3,-0.0008587301719685696
25,PH_3,-0.000849847983007236
26,PH_3,-0.0008410633679960066
27,PH_3,-0.0008323720577974172
28,PH_3,-0.000823771644145273
29,PH_3,-0.0008152605541966258
30,PH_3,-0.0008068375904805231
31,PH_3,-0.0007985017255825046
32,PH_3,-0.0007902520111036188
33,PH_3,-0.0007820875376155755
34,PH_3,-0.0007740074172243589
35,PH_3,-0.0007660107760717516
36,PH_3,-0.0007580967511555177
37,PH_3,-0.0007502644889967845
38,PH_3,-0.0007425131450797359
39,PH_3,-0.0007348418836032946
40,PH_3,-0.0007272498773520368
1,PH_4,0.08763876976584198
2,PH_4,0.07881982242351941
3,PH_4,0.05120062893244103
4,PH_4,0.02916079676450942
5,PH_4,0.015295940286595124
6,PH_4,0.007452309539581653
7,PH_4,0.0032761648531318566
8,PH_4,0.0011389210812064177
9,PH_4,7.607575599673787e-5
10,PH_4,-0.0004400319948906308
11,PH_4,-0.0006845939469748625
12,PH_4,-0.0007966587453630599
13,PH_4,-0.0008449403042179636
14,PH_4,-0.0008628479287257502
15,PH_4,-0.0008664283063889351
16,PH_4,-0.0008633168542579323
17,PH_4,-0.0008571202734203205
18,PH_4,-0.0008495324616577943
19,PH_4,-0.0008413452875717464
20,PH_4,-0.0008329274901058686
21,PH_4,-0.0008244501306796623
22,PH_4,-0.0008159922011851043
23,PH_4,-0.0008075899039541915
24,PH_4,-0.0007992595815757687
25,PH_4,-0.0007910083649425377
26,PH_4,-0.0007828391122911305
27,PH_4,-0.0007747526994576867
28,PH_4,-0.0007667490824995823
29,PH_4,-0.0007588277914879312
30,PH_4,-0.0007509881605677557
31,PH_4,-0.0007432294355478431
32,PH_4,-0.000735550824466615
33,PH_4,-0.0007279515215025767
34,PH_4,-0.0007204307183581373
35,PH_4,-0.000712987609715533
36,PH_4,-0.0007056213958630132
37,PH_4,-0.0006983312839559356
38,PH_4,-0.0006911164886111863
39,PH_4,-0.0006839762321715003
40,PH_4,-0.0006769097448039108
1,PH_5,-0.02029720595675147
2,PH_5,-0.015580221058842773
3,PH_5,-0.008733611280507
4,PH_5,-0.0033093467290858905
5,PH_5,5.795610072086172e-5
6,PH_5,0.0019133018446621016
7,PH_5,0.0028611382702677236
8,PH_5,0.0033152740178465792
9,PH_5,0.003515904687095796
10,PH_5,0.0035912426129693495
11,PH_5,0.0036063614285259927
12,PH_5,0.0035932020921631068
13,PH_5,0.003567073831550637
14,PH_5,0.0035351839379609987
15,PH_5,0.0035008772320393256
16,PH_5,0.003465687009722883
17,PH_5,0.0034303079032488607
18,PH_5,0.0033950504647874418
19,PH_5,0.0033600510351621113
20,PH_5,0.003325367658417313
21,PH_5,0.003291023523444534
22,PH_5,0.003257026471384095
23,PH_5,0.003223377678541628
24,PH_5,0.0031900754835965574
25,PH_5,0.003157117054873037
26,PH_5,0.0031244991057900874
27,PH_5,0.0030922181955640943
28,PH_5,0.0030602708517759756
29,PH_5,0.0030286536179187683
30,PH_5,0.002997363070241542
31,PH_5,0.002966395822576754
32,PH_5,0.002935748526817071
33,PH_5,0.002905417872054766
34,PH_5,0.0028754005834836643
35,PH_5,0.002845693421408888
36,PH_5,0.0028162931804319776
37,PH_5,0.0027871966887903863
38,PH_5,0.002758400807811581
39,PH_5,0.0027299024314461746
40,PH_5,0.00270169848585351
1,PH_6,0.049255065783727243
2,PH_6,0.04765990954965402
3,PH_6,0.03441557437695684
4,PH_6,0.02316138954790232
5,PH_6,0.015743881679760655
6,PH_6,0.011365079433859629
7,PH_6,0.00893018437645412
8,PH_6,0.007618230960244542
9,PH_6,0.0069168487261772145
10,PH_6,0.006534496244667893
11,PH_6,0.006314335738887959
12,PH_6,0.006175100141420257
13,PH_6,0.006075783180631049
14,PH_6,0.005996092841713996
15,PH_6,0.005926133163622936
16,PH_6,0.005861130863335986
17,PH_6,0.005798802015155831
18,PH_6,0.005738059507637215
19,PH_6,0.005678386859231613
20,PH_6,0.005619537911948959
21,PH_6,0.005561393943001336
22,PH_6,0.005503896095557972
23,PH_6,0.005447013578695354
24,PH_6,0.005390728755012572
25,PH_6,0.005335030165265567
26,PH_6,0.005279909270554771
27,PH_6,0.005225358931520701
28,PH_6,0.005171372697939946
29,PH_6,0.005117944476204555
30,PH_6,0.005065068373081816
31,PH_6,0.005012738621831839
32,PH_6,0.004960949546907313
33,PH_6,0.004909695546802332
34,PH_6,0.004858971085487601
35,PH_6,0.004808770687938965
36,PH_6,0.004759088937636698
37,PH_6,0.0047099204750256085
38,PH_6,0.004661259996451167
39,PH_6,0.00461310225333633
40,PH_6,0.004565442051483395
1,PH_7,0.05058715191420259
2,PH_7,0.050362227261490373
3,PH_7,0.03551405623163948
4,PH_7,0.022595898644229426
5,PH_7,0.014163088119558175
6,PH_7,0.009283976937420255
7,PH_7,0.00663612736053311
8,PH_7,0.005248764244618275
9,PH_7,0.00453215354128861
10,PH_7,0.004159265005681724
11,PH_7,0.003958126577854459
12,PH_7,0.0038413489572185766
13,PH_7,0.0037655575546440686
14,PH_7,0.0037095846468657963
15,PH_7,0.0036632279420389245
16,PH_7,0.0036216157383009906
17,PH_7,0.0035824375731969504
18,PH_7,0.003544602699417644
19,PH_7,0.0035075972600437134
20,PH_7,0.00347117882325966
21,PH_7,0.0034352321621982313
22,PH_7,0.0033997015028485343
23,PH_7,0.003364558815743164
24,PH_7,0.0033297890171546177
25,PH_7,0.0032953830747205533
26,PH_7,0.003261334798363725
27,PH_7,0.003227639346452131
28,PH_7,0.003194292529600055
29,PH_7,0.003161290485413738
30,PH_7,0.0031286295259203237
31,PH_7,0.003096306065553037
32,PH_7,0.003064316586840576
33,PH_7,0.003032657623827715
34,PH_7,0.003001325753887604
35,PH_7,0.002970317593538522
36,PH_7,0.00293962979619142
37,PH_7,0.0029092590508404148
38,PH_7,0.0028792020812210277
39,PH_7,0.002849455645204901
40,PH_7,0.0028200165343168896
1,PH_8,0.08165543976656288
2,PH_8,0.08732456116848632
3,PH_8,0.06437615531791818
4,PH_8,0.04198988662873557
5,PH_8,0.02671192846511619
6,PH_8,0.017676700993029686
7,PH_8,0.012716144512855692
8,PH_8,0.010100785973049631
9,PH_8,0.008745441199061706
10,PH_8,0.008038894662718923
11,PH_8,0.007657183046219208
12,PH_8,0.007435056429798025
13,PH_8,0.00729038576827642
14,PH_8,0.00718310094978016
15,PH_8,0.007093916054632255
16,PH_8,0.007013642599302328
17,PH_8,0.006937935821525189
18,PH_8,0.006864752078477753
19,PH_8,0.006793132726117588
20,PH_8,0.006722627695194815
21,PH_8,0.006653024203609626
22,PH_8,0.006584219791662028
23,PH_8,0.0065161631656713934
24,PH_8,0.006448826732331637
25,PH_8,0.006382193881548419
26,PH_8,0.00631625311005977
27,PH_8,0.006250995309717975
28,PH_8,0.006186412516921691
29,PH_8,0.006122497335759789
30,PH_8,0.006059242671559614
31,PH_8,0.005996641607434304
32,PH_8,0.005934687346746514
33,PH_8,0.005873373185999662
34,PH_8,0.005812692501808184
35,PH_8,0.005752638744405867
36,PH_8,0.005693205434206151
37,PH_8,0.005634386159797705
38,PH_8,0.005576174576622017
39,PH_8,0.005518564405980086
40,PH_8,0.005461549434201553
1,PH_9,0.025109558994383798
2,PH_9,0.025760183706432578
3,PH_9,0.019343549237957152
4,PH_9,0.013800347505982424
5,PH_9,0.01015503925751901
6,PH_9,0.00801186641117693
7,PH_9,0.0068192140869700385
8,PH_9,0.006169107091172768
9,PH_9,0.005811029851280233
10,PH_9,0.005604468626255567
11,PH_9,0.005474673515920695
12,PH_9,0.005383215304168829
13,PH_9,0.005310795645929759
14,PH_9,0.005247884459485921
15,PH_9,0.005189832584353752
16,PH_9,0.005134391725652756
17,PH_9,0.005080480804217922
18,PH_9,0.005027581201189169
19,PH_9,0.004975443533435569
20,PH_9,0.004923946663499978
21,PH_9,0.004873030338695606
22,PH_9,0.004822663161250543
23,PH_9,0.004772827409890134
24,PH_9,0.004723511862422216
25,PH_9,0.004674708404860711
26,PH_9,0.00462641042887792
27,PH_9,0.0045786120730998
28,PH_9,0.004531307862691534
29,PH_9,0.004484492537225604
30,PH_9,0.004438160967817187
31,PH_9,0.004392308116771707
32,PH_9,0.0043469290176033374
33,PH_9,0.004302018764893469
34,PH_9,0.0042575725089503795
35,PH_9,0.004213585452840214
36,PH_9,0.004170052850606257
37,PH_9,0.004126970006093794
38,PH_9,0.00408433227208971
39,PH_9,0.0040421350496294755
40,PH_9,0.004000373787395706
1,PH_10,0.06554182784969584
2,PH_10,0.0761046943513139
3,PH_10,0.05817136941508107
4,PH_10,0.039231353731457926
5,PH_10,0.02604687319805165
6,PH_10,0.018186156985407122
7,PH_10,0.013845621827949076
8,PH_10,0.011540567213474849
9,PH_10,0.010331476992053144
10,PH_10,0.009687503875531104
11,PH_10,0.009326849194366086
12,PH_10,0.009105628379301298
13,PH_10,0.008952273244118403
14,PH_10,0.008831839698954834
15,PH_10,0.00872749588406229
16,PH_10,0.008631215588938333
17,PH_10,0.008539199615522726
18,PH_10,0.008449658294802674
19,PH_10,0.008361750123624384
20,PH_10,0.008275078346043716
21,PH_10,0.008189453863977767
22,PH_10,0.008104784203427194
23,PH_10,0.008021021746718215
24,PH_10,0.007938139681629788
25,PH_10,0.007856120858063875
26,PH_10,0.0077749526354729745
27,PH_10,0.007694624503477761
28,PH_10,0.0076151269837020676
29,PH_10,0.007536451122732749
30,PH_10,0.007458588257610542
31,PH_10,0.007381529906957098
32,PH_10,0.007305267720056644
33,PH_10,0.007229793452710987
34,PH_10,0.007155098955494056
35,PH_10,0.0070811761677709376
36,PH_10,0.007008017114411789
37,PH_10,0.006935613903775654
38,PH_10,0.006863958726299897
39,PH_10,0.006793043853383411
40,PH_10,0.006722861636416282
1,PH_11,0.04399260389944904
2,PH_11,0.0645708086862573
3,PH_11,0.05110104521053672
4,PH_11,0.035140308363360864
5,PH_11,0.024038813982996468
6,PH_11,0.01748305456628352
7,PH_11,0.013886401661088664
8,PH_11,0.011977608456958451
9,PH_11,0.010968730350338528
10,PH_11,0.010420769202975019
11,PH_11,0.010102883132368916
12,PH_11,0.009897969349355837
13,PH_11,0.009748044154640699
14,PH_11,0.009624886274573016
15,PH_11,0.009514932150627594
16,PH_11,0.00941172334448635
17,PH_11,0.009312204891893106
18,PH_11,0.009214937395727575
19,PH_11,0.009119242935867059
20,PH_11,0.009024800528069333
21,PH_11,0.0089314557887707
22,PH_11,0.008839131855497822
23,PH_11,0.008747787870693852
24,PH_11,0.008657399696265595
25,PH_11,0.008567950977287044
26,PH_11,0.008479429008494228
27,PH_11,0.008391822824275039
28,PH_11,0.008305122316248748
29,PH_11,0.008219317825219404
30,PH_11,0.008134399952017033
31,PH_11,0.008050359469363168
32,PH_11,0.007967187280410582
33,PH_11,0.007884874398889796
34,PH_11,0.007803411939289162
35,PH_11,0.007722791111716035
36,PH_11,0.007643003218956401
37,PH_11,0.007564039654576949
38,PH_11,0.007485891901528407
39,PH_11,0.007408551530994922
40,PH_11,0.00733201020136816
1,PH_12,0.06527095227070863
2,PH_12,0.08632589743312034
3,PH_12,0.06535947318577139
4,PH_12,0.043296891906778545
5,PH_12,0.028426717968430673
6,PH_12,0.019778458910077235
7,PH_12,0.015084664814979686
8,PH_12,0.012620747273477546
9,PH_12,0.011337524666661667
10,PH_12,0.010656046695604262
11,PH_12,0.01027371377856098
12,PH_12,0.010037684483581825
13,PH_12,0.009872535832896878
14,PH_12,0.00974166353045683
15,PH_12,0.009627519888695046
16,PH_12,0.009521769616131432
17,PH_12,0.009420479754975045
18,PH_12,0.009321802477019256
19,PH_12,0.009224870718525202
20,PH_12,0.009129276211797842
21,PH_12,0.0090348243953412
22,PH_12,0.008941419932158703
23,PH_12,0.008849013458347068
24,PH_12,0.008757576895406557
25,PH_12,0.008667092034609886
26,PH_12,0.008577545268635894
27,PH_12,0.008488925163332417
28,PH_12,0.008401221339164131
29,PH_12,0.008314423955791229
30,PH_12,0.008228523474180781
31,PH_12,0.008143510546399951
32,PH_12,0.008059375964177027
33,PH_12,0.007976110634544401
34,PH_12,0.007893705567988756
35,PH_12,0.007812151872397142
36,PH_12,0.007731440749702513
37,PH_12,0.0076515634937962046
38,PH_12,0.007572511489041794
39,PH_12,0.007494276209079538
40,PH_12,0.00741684921577518
1,P_1,0.03737486330476887
2,P_1,0.020665743500934537
3,P_1,0.006723567087846821
4,P_1,0.0009970898541360256
5,P_1,-0.00031037584197916596
6,P_1,1.0268777271633466e-5
7,P_1,0.0006737808993810031
8,P_1,0.0012386847813905194
9,P_1,0.001619019423697025
10,P_1,0.0018443727303429289
11,P_1,0.0019647717335250477
12,P_1,0.002021255762151859
13,P_1,0.0020412793709829145
14,P_1,0.0020414392865417234
15,P_1,0.002031166631771394
16,P_1,0.0020155990347589157
17,P_1,0.001997449786107363
18,P_1,0.001978117759458029
19,P_1,0.001958310102019736
20,P_1,0.0019383781933640007
21,P_1,0.0019184937684655762
22,P_1,0.0018987392219355778
23,P_1,0.0018791530935977632
24,P_1,0.0018597526443611073
25,P_1,0.0018405449215290783
26,P_1,0.0018215321228583715
27,P_1,0.0018027141709711046
28,P_1,0.0017840899373266408
29,P_1,0.0017656578187787793
30,P_1,0.0017474160065749352
31,P_1,0.0017293626105450153
32,P_1,0.0017114957157264156
33,P_1,0.0016938134077726101
34,P_1,0.0016763137840975074
35,P_1,0.0016589949585872521
36,P_1,0.0016418550634592001
37,P_1,0.0016248922498836426
38,P_1,0.0016081046880859126
39,P_1,0.001591490567241059
40,P_1,0.001575048095292916
1,P_2,0.042118403630586276
2,P_2,0.035541107704895485
3,P_2,0.023245945330195417
4,P_2,0.01459411103647589
5,P_2,0.009436736351793974
6,P_2,0.006567919253104664
7,P_2,0.005029280610577434
8,P_2,0.0042186805558097045
9,P_2,0.0037918672856317196
10,P_2,0.003562164275645604
11,P_2,0.0034318080284431542
12,P_2,0.003350861621967524
13,P_2,0.0032942911103827355
14,P_2,0.003249726349381636
15,P_2,0.0032111229268878107
16,P_2,0.003175552758485452
17,P_2,0.0031416063959903468
18,P_2,0.0031086081266111015
19,P_2,0.0030762343671144636
20,P_2,0.0030443296547826948
21,P_2,0.0030128184924487007
22,P_2,0.0029816633267402094
23,P_2,0.0029508445917718566
24,P_2,0.0029203512558920682
25,P_2,0.002890176349895915
26,P_2,0.0028603148520901407
27,P_2,0.002830762686942822
28,P_2,0.0028015162497770094
29,P_2,0.0027725721802074163
30,P_2,0.0027439272534679916
31,P_2,0.002715578327823489
32,P_2,0.0026875223188053583
33,P_2,0.002659756186369208
34,P_2,0.002632276928333266
35,P_2,0.002605081576903915
36,P_2,0.002578167196738446
37,P_2,0.002551530883785024
38,P_2,0.0025251697645224096
39,P_2,0.002499080995409301
40,P_2,0.0024732617624461622
1,P_3,-0.05103548425589641
2,P_3,-0.05307903527798459
3,P_3,-0.03858759581514264
4,P_3,-0.02529993469373358
5,P_3,-0.016597417672234313
6,P_3,-0.011594399578216143
7,P_3,-0.00889995811382074
8,P_3,-0.007494928423768491
9,P_3,-0.006767229640755203
10,P_3,-0.006381965023542448
11,P_3,-0.006165474901219453
12,P_3,-0.0060307693781528155
13,P_3,-0.005935303352201486
14,P_3,-0.005858627819723711
15,P_3,-0.00579104240150691
16,P_3,-0.005727992036052413
17,P_3,-0.005667354487165442
18,P_3,-0.005608146550683323
19,P_3,-0.005549913983747793
20,P_3,-0.005492446473842353
21,P_3,-0.005435645490730284
22,P_3,-0.005379463428804609
23,P_3,-0.005323875752334633
24,P_3,-0.005268868322022336
25,P_3,-0.0052144316641061506
26,P_3,-0.005160558396234685
27,P_3,-0.005107242080222064
28,P_3,-0.005054476715547656
29,P_3,-0.005002256518381184
30,P_3,-0.004950575826639735
31,P_3,-0.004899429059994766
32,P_3,-0.004848810703440116
33,P_3,-0.0047987153007247926
34,P_3,-0.004749137451770422
35,P_3,-0.004700071811606664
36,P_3,-0.004651513089825231
37,P_3,-0.004603456050170169
38,P_3,-0.004555895510132793
39,P_3,-0.004508826340516339
40,P_3,-0.004462243464969023
1,P_4,0.08763887833816039
2,P_4,0.07879909774813186
3,P_4,0.051189004781325584
4,P_4,0.02915526293347144
5,P_4,0.01529389535960472
6,P_4,0.007452116812983043
7,P_4,0.0032769096617754584
8,P_4,0.001140122923207688
9,P_4,7.749156757812113e-5
10,P_4,-0.0004385220814856771
11,P_4,-0.0006830479627637811
12,P_4,-0.0007951043758482352
13,P_4,-0.000843390582334238
14,P_4,-0.0008613088970117095
15,P_4,-0.0008649027030968064
16,P_4,-0.0008618058671211004
17,P_4,-0.0008556243670150683
18,P_4,-0.000848051765165658
19,P_4,-0.0008398797755841495
20,P_4,-0.0008314770665927963
21,P_4,-0.0008230146678654415
22,P_4,-0.0008145715575040076
23,P_4,-0.0008061839323277061
24,P_4,-0.0007978681332213835
25,P_4,-0.0007896312911220857
26,P_4,-0.0007814762651095848
27,P_4,-0.0007734039322243106
28,P_4,-0.0007654142498871809
29,P_4,-0.0007575067495988269
30,P_4,-0.0007496807669565795
31,P_4,-0.0007419355492242793
32,P_4,-0.0007342703058888444
33,P_4,-0.0007266842325663999
34,P_4,-0.0007191765223841238
35,P_4,-0.0007117463714352942
36,P_4,-0.0007043929814051283
37,P_4,-0.0006971155608317758
38,P_4,-0.0006899133257007655
39,P_4,-0.0006827854997094044
40,P_4,-0.0006757313143653455
1,P_5,-0.020297205956717475
2,P_5,-0.015580221064877588
3,P_5,-0.008733611283891787
4,P_5,-0.0033093467306973125
5,P_5,5.795610012529517e-5
6,P_5,0.0019133018446058257
7,P_5,0.00286113827048442
8,P_5,0.0033152740181963437
9,P_5,0.0035159046875078617
10,P_5,0.0035912426134088148
11,P_5,0.0036063614289759613
12,P_5,0.0035932020926155196
13,P_5,0.0035670738320016985
14,P_5,0.00353518393840895
15,P_5,0.003500877232483367
16,P_5,0.0034656870101626705
17,P_5,0.0034303079036842594
18,P_5,0.003395050465218413
19,P_5,0.0033600510355886624
20,P_5,0.0033253676588394744
21,P_5,0.0032910235238623404
22,P_5,0.003257026471797589
23,P_5,0.0032233776789508508
24,P_5,0.003190075484001553
25,P_5,0.0031571170552738485
26,P_5,0.003124499106186759
27,P_5,0.003092218195956667
28,P_5,0.0030602708521644925
29,P_5,0.00302865361830327
30,P_5,0.0029973630706220736
31,P_5,0.0029663958229533536
32,P_5,0.0029357485271897786
33,P_5,0.0029054178724236233
34,P_5,0.0028754005838487113
35,P_5,0.0028456934217701633
36,P_5,0.0028162931807895215
37,P_5,0.0027871966891442348
38,P_5,0.002758400808161774
39,P_5,0.0027299024317927493
40,P_5,0.002701698486196504
1,P_6,0.04961454240077779
2,P_6,0.04786660038919286
3,P_6,0.0345111020870526
4,P_6,0.023188750827470496
5,P_6,0.015734704234654125
6,P_6,0.01133764201511675
7,P_6,0.008894069137624827
8,P_6,0.00757821120573098
9,P_6,0.006875230703967924
10,P_6,0.006492371786675293
11,P_6,0.006272213802555628
12,P_6,0.006133214525849712
13,P_6,0.006034239270923304
14,P_6,0.005954936589771692
15,P_6,0.005885383189994558
16,P_6,0.00582079328839604
17,P_6,0.005758877274335856
18,P_6,0.00569854547042428
19,P_6,0.005639280252112383
20,P_6,0.005580834965977537
21,P_6,0.00552309068788717
22,P_6,0.005465988492947987
23,P_6,0.005409497582413905
24,P_6,0.005353600338157812
25,P_6,0.005298285332275373
26,P_6,0.005243544062457697
27,P_6,0.005189369428096574
28,P_6,0.005135755018478711
29,P_6,0.005082694779629445
30,P_6,0.00503018285778467
31,P_6,0.004978213525378847
32,P_6,0.004926781145687364
33,P_6,0.0048758801556509955
34,P_6,0.0048255050573018975
35,P_6,0.004775650413289959
36,P_6,0.004726310844383142
37,P_6,0.004677481027930147
38,P_6,0.0046291556967998065
39,P_6,0.0045813296385614904
40,P_6,0.004533997694790657
1,P_7,0.058313797118042986
2,P_7,0.05518980926528285
3,P_7,0.03780235274375142
4,P_7,0.023352487653678897
5,P_7,0.014100192615717027
6,P_7,0.00880863037564263
7,P_7,0.00596206648637432
8,P_7,0.004483344325694564
9,P_7,0.003727840974615532
10,P_7,0.0033412183781716806
11,P_7,0.0031382307933424457
12,P_7,0.003025139926253106
13,P_7,0.002955569954438783
14,P_7,0.0029069471677120747
15,P_7,0.002868415340456449
16,P_7,0.0028348004934910975
17,P_7,0.0028036532764981843
18,P_7,0.0027738195890897027
19,P_7,0.0027447570011413054
20,P_7,0.002716210470016076
21,P_7,0.002688059464071006
22,P_7,0.002660246240110694
23,P_7,0.0026327423180265833
24,P_7,0.0026055328518354588
25,P_7,0.00257860935647519
26,P_7,0.0025519663259767266
27,P_7,0.002525599660877535
28,P_7,0.002499505936130323
29,P_7,0.0024736820594932333
30,P_7,0.0024481251115149086
31,P_7,0.0024228322701455728
32,P_7,0.0023978007749144966
33,P_7,0.002373027909692935
34,P_7,0.0023485109942420626
35,P_7,0.002324247379947149
36,P_7,0.0023002344475668963
37,P_7,0.0022764696059650084
38,P_7,0.0022529502913277853
39,P_7,0.0022296739666265593
40,P_7,0.0022066381212062156
1,P_8,0.08165549877073694
2,P_8,0.08729991328490115
3,P_8,0.06436230737660621
4,P_8,0.041983258531423866
5,P_8,0.026709432592501962
6,P_8,0.017676397434630453
7,P_8,0.012716950325730664
8,P_8,0.010102132711138172
9,P_8,0.008747041479662558
10,P_8,0.008040606821325657
11,P_8,0.00765893851948664
12,P_8,0.007436822513372101
13,P_8,0.007292147067257084
14,P_8,0.007184850325036971
15,P_8,0.007095650268454715
16,P_8,0.0070153602441854115
17,P_8,0.0069396363432792235
18,P_8,0.0068664353185125425
19,P_8,0.006794798708095547
20,P_8,0.006724276525996082
21,P_8,0.006654656027510293
22,P_8,0.006585834769188685
23,P_8,0.006517761463864578
24,P_8,0.006450408520272331
25,P_8,0.006383759328308568
26,P_8,0.00631780238376822
27,P_8,0.006252528577139419
28,P_8,0.006187929943271713
29,P_8,0.006123999084628532
30,P_8,0.006060728904885615
31,P_8,0.005998112485501385
32,P_8,0.005936143028191395
33,P_8,0.0058748138278244206
34,P_8,0.005814118259394971
35,P_8,0.005754049771532562
36,P_8,0.005694601883062425
37,P_8,0.005635768181001137
38,P_8,0.005577542319234226
39,P_8,0.005519918017522717
40,P_8,0.005462889060672146
1,P_9,0.025109693900088943
2,P_9,0.0257183696894805
3,P_9,0.01932005686312794
4,P_9,0.013789103285445303
5,P_9,0.010150805176952984
6,P_9,0.008011351496060208
7,P_9,0.006820581171495077
8,P_9,0.006171391831264883
9,P_9,0.005813744714666725
10,P_9,0.005607373285253367
11,P_9,0.005477651655791861
12,P_9,0.005386211443397681
13,P_9,0.005313783667739136
14,P_9,0.005250852252654591
15,P_9,0.005192774656250927
16,P_9,0.005137305688512273
17,P_9,0.005083365717886391
18,P_9,0.005030436796630652
19,P_9,0.00497826985079781
20,P_9,0.004926743884105975
21,P_9,0.004875798707308947
22,P_9,0.004825402950203017
23,P_9,0.004775538902564123
24,P_9,0.00472619534566156
25,P_9,0.004677364165493888
26,P_9,0.004629038752133407
27,P_9,0.004581213241891808
28,P_9,0.004533882157306199
29,P_9,0.0044870402351915506
30,P_9,0.004440682343861085
31,P_9,0.004394803442813049
32,P_9,0.0043493985627673
33,P_9,0.004304462795532095
34,P_9,0.00425999128866752
35,P_9,0.004215979242518104
36,P_9,0.004172421908432742
37,P_9,0.004129314587589706
38,P_9,0.004086652630136185
39,P_9,0.004044431434495118
40,P_9,0.0040026464467635
1,P_10,0.06593559175858633
2,P_10,0.07629195383123638
3,P_10,0.058226810808656194
4,P_10,0.039220494744149584
5,P_10,0.02600540387051602
6,P_10,0.018131158871070106
7,P_10,0.01378492216434014
8,P_10,0.011477691383857406
9,P_10,0.010267999864773095
10,P_10,0.009624124790631645
11,P_10,0.009263876210364695
12,P_10,0.00904319505332328
13,P_10,0.008890435401415504
14,P_10,0.008770618570486183
15,P_10,0.008666897323313081
16,P_10,0.008571238630642943
17,P_10,0.008479840288026449
18,P_10,0.008390911319022885
19,P_10,0.008303609670781057
20,P_10,0.008217538375949579
21,P_10,0.00813250827621746
22,P_10,0.008048426904934253
23,P_10,0.007965246681914619
24,P_10,0.00788294084575001
25,P_10,0.007801492302896417
26,P_10,0.007720888471665823
27,P_10,0.007641118901277758
28,P_10,0.007562174172975923
29,P_10,0.007484045392656708
30,P_10,0.007406723956207005
31,P_10,0.007330201440561086
32,P_10,0.007254469552751166
33,P_10,0.007179520105750107
34,P_10,0.007105345006722645
35,P_10,0.007031936251045636
36,P_10,0.0069592859190254095
37,P_10,0.006887386173886176
38,P_10,0.006816229260364604
39,P_10,0.006745807503598457
40,P_10,0.006676113308161801
1,P_11,0.043994965671941874
2,P_11,0.06451199258437193
3,P_11,0.0510677765078445
4,P_11,0.03512422040159374
5,P_11,0.024032588079417615
6,P_11,0.017482070646927757
7,P_11,0.01388807446040029
8,P_11,0.011980578995167137
9,P_11,0.010972310910321683
10,P_11,0.010424620526820505
11,P_11,0.010106840923544375
12,P_11,0.009901955192237686
13,P_11,0.009752021109903065
14,P_11,0.009628837193113516
15,P_11,0.009518849238795483
16,P_11,0.009415603198734733
17,P_11,0.00931604615613244
18,P_11,0.00921873966340274
19,P_11,0.009123006238087128
20,P_11,0.009028525095952965
21,P_11,0.008935141943468684
22,P_11,0.008842779957433544
23,P_11,0.008751398296187067
24,P_11,0.00866097282678989
25,P_11,0.00857148719454673
26,P_11,0.008482928692179146
27,P_11,0.008395286351047184
28,P_11,0.008308550059295665
29,P_11,0.00822271015406854
30,P_11,0.008137757232470412
31,P_11,0.008053682063487527
32,P_11,0.007970475546553193
33,P_11,0.007888128691706001
34,P_11,0.007806632609775282
35,P_11,0.007725978507244622
36,P_11,0.0076461576833124
37,P_11,0.007567161527994148
38,P_11,0.007488981520725766
39,P_11,0.007411609229212732
40,P_11,0.007335036308403889
1,P_12,0.06527095401264309
2,P_12,0.08632533331582866
3,P_12,0.06535915624793498
4,P_12,0.04329674021032845
5,P_12,0.028426660846680333
6,P_12,0.01977845196407196
7,P_12,0.015084683259276347
8,P_12,0.012620778097982345
9,P_12,0.011337561294011136
10,P_12,0.01065608588350495
11,P_12,0.010273753957794816
12,P_12,0.010037724905640023
13,P_12,0.009872576145434435
14,P_12,0.009741703570079611
15,P_12,0.009627559581301242
16,P_12,0.009521808929507432
17,P_12,0.00942051867643717
18,P_12,0.009321841002937977
19,P_12,0.00922490884944223
20,P_12,0.0091293139501595
21,P_12,0.00903486174444969
22,P_12,0.008941456895688175
23,P_12,0.008849050040120746
24,P_12,0.008757613099294351
25,P_12,0.008667127864481507
26,P_12,0.008577580728339473
27,P_12,0.008488960256684849
28,P_12,0.008401256069946881
29,P_12,0.008314458327748523
30,P_12,0.008228557491019063
31,P_12,0.008143544211787795
32,P_12,0.008059409281745302
33,P_12,0.007976143607886557
34,P_12,0.007893738200661174
35,P_12,0.007812184167919487
36,P_12,0.007731472711558094
37,P_12,0.007651595125432349
38,P_12,0.007572542793870216
39,P_12,0.007494307190476708
40,P_12,0.007416879877082687
1,L_1,-0.43960394616009557
2,L_1,-0.19492493153200913
3,L_1,-0.08828366820568832
4,L_1,-0.044231818526920624
5,L_1,-0.026630147159970044
6,L_1,-0.019786318931899218
7,L_1,-0.01717535628369401
8,L_1,-0.016170709985677236
9,L_1,-0.015748218850010338
10,L_1,-0.015523178579561538
11,L_1,-0.015358154548256914
12,L_1,-0.015207690244805947
13,L_1,-0.015058746929608628
14,L_1,-0.014908771475914503
15,L_1,-0.014758077908389988
16,L_1,-0.014607444024096042
17,L_1,-0.014457491015918469
18,L_1,-0.01430860969306643
19,L_1,-0.01416101791755516
20,L_1,-0.014014826086422889
21,L_1,-0.013870083764767987
22,L_1,-0.013726808022757818
23,L_1,-0.013584999292794104
24,L_1,-0.01344464979283743
25,L_1,-0.013305747836651699
26,L_1,-0.013168279974589962
27,L_1,-0.013032232029286422
28,L_1,-0.012897589583959944
29,L_1,-0.01276433820617064
30,L_1,-0.012632463546726865
31,L_1,-0.012501951381143244
32,L_1,-0.012372787625439474
33,L_1,-0.012244958340917057
34,L_1,-0.012118449734465804
35,L_1,-0.011993248157227776
36,L_1,-0.011869340102776712
37,L_1,-0.01174671220524734
38,L_1,-0.011625351237550988
39,L_1,-0.011505244109700177
40,L_1,-0.011386377867228101
1,L_2,-0.29784120429946653
2,L_2,-0.11779298390517659
3,L_2,-0.05183344729700158
4,L_2,-0.029395896072408247
5,L_2,-0.022235578594136315
6,L_2,-0.02012684813724195
7,L_2,-0.01955399777733135
8,L_2,-0.01937885960769481
9,L_2,-0.019266783326374097
10,L_2,-0.019137693335056796
11,L_2,-0.0189835454266225
12,L_2,-0.018811845540788394
13,L_2,-0.018630400743442126
14,L_2,-0.018444487443946823
15,L_2,-0.01825717874406005
16,L_2,-0.018070130287570582
17,L_2,-0.017884189241395457
18,L_2,-0.01769977069031407
19,L_2,-0.017517068090305742
20,L_2,-0.017336164447496673
21,L_2,-0.01715708893589336
22,L_2,-0.016979844990776243
23,L_2,-0.016804423975696904
24,L_2,-0.016630811725092415
25,L_2,-0.016458991632548044
26,L_2,-0.01628894608919424
27,L_2,-0.016120657144411358
28,L_2,-0.015954106804463238
29,L_2,-0.015789277164656938
30,L_2,-0.01562615046600016
31,L_2,-0.01546470911816377
32,L_2,-0.015304935707712493
33,L_2,-0.01514681300007483
34,L_2,-0.014990323938963216
35,L_2,-0.014835451644828607
36,L_2,-0.01468217941299993
37,L_2,-0.014530490711760269
38,L_2,-0.014380369180446245
39,L_2,-0.014231798627593025
40,L_2,-0.014084763029124984
1,L_3,-1.0640905057001702
2,L_3,-0.42141065624068696
3,L_3,-0.1736472785489201
4,L_3,-0.07788960134825434
5,L_3,-0.0407808628934487
6,L_3,-0.026324782955781566
7,L_3,-0.020625424645786258
8,L_3,-0.01831325481746028
9,L_3,-0.017312169389235604
10,L_3,-0.016819218031480638
11,L_3,-0.016523843910834394
12,L_3,-0.016305951394119805
13,L_3,-0.01611910607518026
14,L_3,-0.0159453512809651
15,L_3,-0.01577773425435599
16,L_3,-0.015613552343043489
17,L_3,-0.015451744524499702
18,L_3,-0.015291884674330862
19,L_3,-0.015133793135819026
20,L_3,-0.014977386726305816
21,L_3,-0.014822620634897789
22,L_3,-0.014669465750197033
23,L_3,-0.014517899685959115
24,L_3,-0.014367903139567798
25,L_3,-0.014219458356013353
26,L_3,-0.014072548444063571
27,L_3,-0.013927157051136738
28,L_3,-0.013783268197647362
29,L_3,-0.013640866187110938
30,L_3,-0.013499935554797324
31,L_3,-0.013360461037223593
32,L_3,-0.013222427553443447
33,L_3,-0.013085820193223333
34,L_3,-0.012950624209313841
35,L_3,-0.012816825012181673
36,L_3,-0.012684408166227821
37,L_3,-0.012553359386906665
38,L_3,-0.012423664538392932
39,L_3,-0.012295309631583746
40,L_3,-0.012168280822307557
1,L_4,-0.041044427849737136
2,L_4,-0.02723261459334988
3,L_4,-0.023474190368960514
4,L_4,-0.022254618424882404
5,L_4,-0.021771745590305362
6,L_4,-0.02148713262377152
7,L_4,-0.021252833403387607
8,L_4,-0.021031012065648627
9,L_4,-0.020813033107802307
10,L_4,-0.020597364813509222
11,L_4,-0.020383919900797513
12,L_4,-0.020172769621863283
13,L_4,-0.01996393105406033
14,L_4,-0.01975737383408087
15,L_4,-0.019553048911530112
16,L_4,-0.019350905755957624
17,L_4,-0.019150899092410526
18,L_4,-0.01895299016685369
19,L_4,-0.0187571458752935
20,L_4,-0.018563337383455746
21,L_4,-0.018371538873230907
22,L_4,-0.018181726587503565
23,L_4,-0.017993878162754332
24,L_4,-0.01780797218572301
25,L_4,-0.017623987908153838
26,L_4,-0.01744190506700422
27,L_4,-0.01726170377257679
28,L_4,-0.01708336443937826
29,L_4,-0.016906867743419957
30,L_4,-0.016732194595694028
31,L_4,-0.01655932612546448
32,L_4,-0.016388243669479444
33,L_4,-0.016218928764742388
34,L_4,-0.016051363143418575
35,L_4,-0.01588552872902214
36,L_4,-0.015721407633373256
37,L_4,-0.015558982154020764
38,L_4,-0.01539823477194894
39,L_4,-0.015239148149460669
40,L_4,-0.015081705128172928
1,L_5,-0.04436907350061718
2,L_5,-0.07802705837131024
3,L_5,-0.06262111965104229
4,L_5,-0.04436654499181714
5,L_5,-0.03169398654778374
6,L_5,-0.02418747722778859
7,L_5,-0.020043854095578875
8,L_5,-0.01782212167026505
9,L_5,-0.016627082909887986
10,L_5,-0.015958761999504967
11,L_5,-0.015553764875604342
12,L_5,-0.015278312436992483
13,L_5,-0.015066118566608505
14,L_5,-0.014884913344911554
15,L_5,-0.01471918913154357
16,L_5,-0.014561564551737476
17,L_5,-0.014408549749499995
18,L_5,-0.014258500851867903
19,L_5,-0.014110643117692395
20,L_5,-0.013964608572922648
21,L_5,-0.013820218710184753
22,L_5,-0.0136773829493362
23,L_5,-0.013536051415537398
24,L_5,-0.013396193065503843
25,L_5,-0.013257785589437248
26,L_5,-0.01312081076257588
27,L_5,-0.012985252310516086
28,L_5,-0.012851094930777048
29,L_5,-0.01271832384485721
30,L_5,-0.01258692459313213
31,L_5,-0.012456882940685777
32,L_5,-0.012328184833720226
33,L_5,-0.012200816378984205
34,L_5,-0.012074763833661411
35,L_5,-0.01195001360000573
36,L_5,-0.011826552222130346
37,L_5,-0.011704366383775922
38,L_5,-0.011583442906526806
39,L_5,-0.011463768748235913
40,L_5,-0.011345331001550598
1,L_6,-0.028021058973826788
2,L_6,-0.05460797117256801
3,L_6,-0.0451211290473281
4,L_6,-0.033079239008108566
5,L_6,-0.024550251093436285
6,L_6,-0.019403142518553365
7,L_6,-0.016505822070894894
8,L_6,-0.014919152026428044
9,L_6,-0.014044931955530925
10,L_6,-0.013541954306635845
11,L_6,-0.013227177574444625
12,L_6,-0.013006173919996034
13,L_6,-0.012831524827304762
14,L_6,-0.012679877428774668
15,L_6,-0.012539895600560642
16,L_6,-0.012406135012037453
17,L_6,-0.012276000461475532
18,L_6,-0.012148259876591551
19,L_6,-0.012022327905617325
20,L_6,-0.011897923996177341
21,L_6,-0.011774910504060394
22,L_6,-0.01165321653118863
23,L_6,-0.011532802280270713
24,L_6,-0.01141364244205271
25,L_6,-0.011295718479015017
26,L_6,-0.011179015050822807
27,L_6,-0.011063518361652298
28,L_6,-0.010949215396955217
29,L_6,-0.010836093570994146
30,L_6,-0.010724140563789763
31,L_6,-0.010613344245318092
32,L_6,-0.010503692639879514
33,L_6,-0.010395173908967496
34,L_6,-0.010287776342665608
35,L_6,-0.01018148835498519
36,L_6,-0.01007629848103121
37,L_6,-0.00997219537502299
38,L_6,-0.009869167808719551
39,L_6,-0.009767204670041389
40,L_6,-0.009666294961791274
1,L_7,-0.06964550371529328
2,L_7,-0.027271211069221105
3,L_7,-0.015851606818960938
4,L_7,-0.01334308113562021
5,L_7,-0.013111346389486822
6,L_7,-0.013294326810264972
7,L_7,-0.013439577093431567
8,L_7,-0.013482641019764041
9,L_7,-0.01344691156003435
10,L_7,-0.013363215783139348
11,L_7,-0.01325342481806296
12,L_7,-0.01313055976151877
13,L_7,-0.013001745934104497
14,L_7,-0.012870690769750986
15,L_7,-0.012739257146267316
16,L_7,-0.012608355205169524
17,L_7,-0.012478417529170761
18,L_7,-0.012349642601794449
19,L_7,-0.012222116186363149
20,L_7,-0.01209587061276242
21,L_7,-0.011970913263146279
22,L_7,-0.011847240066777315
23,L_7,-0.011724841810552895
24,L_7,-0.01160370705207913
25,L_7,-0.01148382344577445
26,L_7,-0.011365178336711912
27,L_7,-0.01124775902098247
28,L_7,-0.011131552856469228
29,L_7,-0.011016547307768134
30,L_7,-0.010902729962834933
31,L_7,-0.010790088537923041
32,L_7,-0.010678610877942092
33,L_7,-0.010568284955203053
34,L_7,-0.010459098867720326
35,L_7,-0.010351040837491164
36,L_7,-0.010244099208875024
37,L_7,-0.01013826244708712
38,L_7,-0.010033519136787572
39,L_7,-0.009929857980742734
40,L_7,-0.009827267798539215
1,L_8,0.03223104540769385
2,L_8,0.010508203113060943
3,L_8,-0.0013040309548445275
4,L_8,-0.0071192230030085
5,L_8,-0.009703026107012552
6,L_8,-0.010769526793611612
7,L_8,-0.011161672151120532
8,L_8,-0.011261597877839084
9,L_8,-0.011236742053715212
10,L_8,-0.011159341867635616
11,L_8,-0.011060317375667506
12,L_8,-0.010952836498880358
13,L_8,-0.01084248089971889
14,L_8,-0.01073160239310136
15,L_8,-0.010621182533242306
16,L_8,-0.01051162395687699
17,L_8,-0.01040308605243248
18,L_8,-0.01029562677868857
19,L_8,-0.010189262268965705
20,L_8,-0.010083991702597663
21,L_8,-0.009979807578975557
22,L_8,-0.009876699900018469
23,L_8,-0.009774657835799698
24,L_8,-0.009673670365122905
25,L_8,-0.00957372650748608
26,L_8,-0.009474815397563644
27,L_8,-0.009376926302368943
28,L_8,-0.009280048619740555
29,L_8,-0.009184171872246925
30,L_8,-0.009089285701123571
31,L_8,-0.008995379861392788
32,L_8,-0.008902444218176882
33,L_8,-0.008810468743928398
34,L_8,-0.008719443516294103
35,L_8,-0.008629358716394989
36,L_8,-0.008540204627371832
37,L_8,-0.008451971633098885
38,L_8,-0.008364650217003859
39,L_8,-0.008278230960956272
40,L_8,-0.0081927045442009
1,L_9,-0.014050345256978104
2,L_9,-0.056772734563447794
3,L_9,-0.047780584074308914
4,L_9,-0.03392725071999819
5,L_9,-0.02392851906960626
6,L_9,-0.01793157875499704
7,L_9,-0.01460820263868234
8,L_9,-0.012828185994736957
9,L_9,-0.011876601965078202
10,L_9,-0.011351079414856993
11,L_9,-0.011038816979094729
12,L_9,-0.010831495987299277
13,L_9,-0.01067537535752935
14,L_9,-0.010544270155521571
15,L_9,-0.010425589102743962
16,L_9,-0.01031333580215665
17,L_9,-0.010204673823971387
18,L_9,-0.010098266562326949
19,L_9,-0.009993484062504042
20,L_9,-0.009890027411322652
21,L_9,-0.009787752096657023
22,L_9,-0.009686585392209436
23,L_9,-0.009586487885901511
24,L_9,-0.00948743562593483
25,L_9,-0.009389411856842332
26,L_9,-0.009292403201627617
27,L_9,-0.009196397899973265
28,L_9,-0.009101384995484078
29,L_9,-0.00900735396043294
30,L_9,-0.008914294522066855
31,L_9,-0.0088221965817756
32,L_9,-0.008731050177077574
33,L_9,-0.008640845463380708
34,L_9,-0.008551572704902264
35,L_9,-0.008463222269848554
36,L_9,-0.008375784627588787
37,L_9,-0.008289250346771217
38,L_9,-0.008203610093891017
39,L_9,-0.00811885463207967
40,L_9,-0.008034974820006825
1,L_10,-0.07103133420197065
2,L_10,0.0270600113877606
3,L_10,0.030961352461033802
4,L_10,0.018087104008388713
5,L_10,0.006847720133265199
6,L_10,-0.0002772342986637476
7,L_10,-0.004263138964042986
8,L_10,-0.006335989746895775
9,L_10,-0.007351219258369623
10,L_10,-0.007812746358985379
11,L_10,-0.007994378150437733
12,L_10,-0.008038046360688304
13,L_10,-0.008015099809023157
14,L_10,-0.007960641447776392
15,L_10,-0.007891667934584791
16,L_10,-0.007816306986095681
17,L_10,-0.007738405295978292
18,L_10,-0.007659766496135579
19,L_10,-0.0075812280763476745
20,L_10,-0.007503174120809304
21,L_10,-0.007425777338924038
22,L_10,-0.0073491124953457745
23,L_10,-0.00727320924098584
24,L_10,-0.007198076582527513
25,L_10,-0.00712371415653787
26,L_10,-0.007050117396999258
27,L_10,-0.006977279891001539
28,L_10,-0.00690519444610845
29,L_10,-0.0068338535704832015
30,L_10,-0.006763249686853617
31,L_10,-0.006693375226630961
32,L_10,-0.006624222670491716
33,L_10,-0.006555784565283912
34,L_10,-0.006488053530602935
35,L_10,-0.006421022260943255
36,L_10,-0.006354683526007011
37,L_10,-0.00628903017027786
38,L_10,-0.0062240551123241405
39,L_10,-0.006159751344018423
40,L_10,-0.0060961119297441
1,L_11,0.021021882727124366
2,L_11,-0.036707436300594774
3,L_11,-0.03799309268747437
4,L_11,-0.02827466883826798
5,L_11,-0.01987622885728553
6,L_11,-0.014509560950257832
7,L_11,-0.011445696943490936
8,L_11,-0.009782991847650625
9,L_11,-0.008894272259651146
10,L_11,-0.008410886110618255
11,L_11,-0.008132902929701433
12,L_11,-0.007956849035766593
13,L_11,-0.007830767269653203
14,L_11,-0.007729108189819442
15,L_11,-0.00763949590754297
16,L_11,-0.007556001555077196
17,L_11,-0.0074758073401402295
18,L_11,-0.007397580882662896
19,L_11,-0.007320693240837364
20,L_11,-0.007244846480136297
21,L_11,-0.007169897658183866
22,L_11,-0.007095776141348861
23,L_11,-0.007022444949986248
24,L_11,-0.006949882755250862
25,L_11,-0.006878075518530931
26,L_11,-0.006807012617053418
27,L_11,-0.006736685050845278
28,L_11,-0.006667084613341929
29,L_11,-0.006598203507532645
30,L_11,-0.006530034167948722
31,L_11,-0.006462569177751666
32,L_11,-0.006395801229792187
33,L_11,-0.006329723108034177
34,L_11,-0.006264327678437369
35,L_11,-0.006199607884251892
36,L_11,-0.006135556743383417
37,L_11,-0.006072167346738631
38,L_11,-0.006009432857040975
39,L_11,-0.0059473465078761995
40,L_11,-0.0058859016028535716
1,L_12,0.019127579130891678
2,L_12,-0.040306762655719905
3,L_12,-0.043615834736460975
4,L_12,-0.035974686176781366
5,L_12,-0.02901067071305374
6,L_12,-0.024459240295499632
7,L_12,-0.02179352519090931
8,L_12,-0.020285982736709805
9,L_12,-0.01942145473241322
10,L_12,-0.018895067813288653
11,L_12,-0.01854088808102512
12,L_12,-0.01827284727448207
13,L_12,-0.018047666146015568
14,L_12,-0.017844043241642484
15,L_12,-0.017651654577453657
16,L_12,-0.017465551840788407
17,L_12,-0.01728338080024915
18,L_12,-0.017104024916011044
19,L_12,-0.016926952876673687
20,L_12,-0.01675190806495236
21,L_12,-0.01657876202310895
22,L_12,-0.01640744579811155
23,L_12,-0.0162379179722217
24,L_12,-0.016070149857647355
25,L_12,-0.015904118674765412
26,L_12,-0.01573980442420453
27,L_12,-0.01557718845956269
28,L_12,-0.015416252839278681
29,L_12,-0.015256980033678723
30,L_12,-0.015099352793041037
31,L_12,-0.01494335408820003
32,L_12,-0.01478896708358604
33,L_12,-0.014636175124634648
34,L_12,-0.014484961731487596
35,L_12,-0.01433531059540685
36,L_12,-0.01418720557633615
37,L_12,-0.014040630700936139
38,L_12,-0.013895570160809945
39,L_12,-0.013752008310804422
40,L_12,-0.013609929667343134
1,M_1,-0.18558846766623038
2,M_1,0.08148508420639097
3,M_1,0.10269418889152844
4,M_1,0.07323368409360531
5,M_1,0.04431282121451746
6,M_1,0.02492362898364657
7,M_1,0.013582139948659838
8,M_1,0.007397357818141236
9,M_1,0.0041640849208101835
10,M_1,0.002519464127026941
11,M_1,0.0016976081841960416
12,M_1,0.0012907810746058109
13,M_1,0.0010893488770730804
14,M_1,0.0009881140730529823
15,M_1,0.000935221667932709
16,M_1,0.0009054592598459381
17,M_1,0.000886701524240761
18,M_1,0.000873169108903812
19,M_1,0.0008621281177757673
20,M_1,0.0008522936953898002
21,M_1,0.0008430654152797797
22,M_1,0.0008341640493228226
23,M_1,0.0008254602207956019
24,M_1,0.0008168940754968273
25,M_1,0.000808437836848506
26,M_1,0.0008000784457111985
27,M_1,0.0007918095552781713
28,M_1,0.0007836278605341052
29,M_1,0.000775531425571842
30,M_1,0.000767518926713246
31,M_1,0.000759589312913487
32,M_1,0.0007517416549914319
33,M_1,0.0007439750796004311
34,M_1,0.000736288740834681
35,M_1,0.0007286818083246504
36,M_1,0.0007211534624236498
37,M_1,0.0007137028923637298
38,M_1,0.0007063292956052716
39,M_1,0.0006990318776348065
40,M_1,0.0006918098519100698
1,M_2,-0.16079160395709483
2,M_2,0.05788899509543417
3,M_2,0.07368272181199056
4,M_2,0.0500155923863813
5,M_2,0.027765765318739546
6,M_2,0.013326267695274362
7,M_2,0.0051309877051946475
8,M_2,0.0007954614559686339
9,M_2,-0.0013964038897946185
10,M_2,-0.00246519624950347
11,M_2,-0.0029667070620480306
12,M_2,-0.0031887501937779466
13,M_2,-0.003275630969834773
14,M_2,-0.0032981043133275914
15,M_2,-0.003290302286042937
16,M_2,-0.003268487482101633
17,M_2,-0.0032403327559630156
18,M_2,-0.0032094289081697103
19,M_2,-0.003177444338616347
20,M_2,-0.003145148789498809
21,M_2,-0.003112894532009867
22,M_2,-0.0030808409663632317
23,M_2,-0.003049058838870219
24,M_2,-0.003017578349252046
25,M_2,-0.0029864112518144387
26,M_2,-0.00295556096268266
27,M_2,-0.002925027160621168
28,M_2,-0.0028948078709344492
29,M_2,-0.0028649004040257795
30,M_2,-0.002835301775238514
31,M_2,-0.0028060088910342065
32,M_2,-0.0027770186305834353
33,M_2,-0.0027483278809125235
34,M_2,-0.002719933551635869
35,M_2,-0.0026918325808379592
36,M_2,-0.002664021937192164
37,M_2,-0.0026364986205246826
38,M_2,-0.0026092596617648383
39,M_2,-0.002582302122672189
40,M_2,-0.002555623095495747
1,M_3,-0.8077476944001731
2,M_3,-0.13614846501556904
3,M_3,0.02622058391618216
4,M_3,0.04639973797495206
5,M_3,0.035028308678122615
6,M_3,0.021906918610640744
7,M_3,0.012843042901810322
8,M_3,0.007507279369436962
9,M_3,0.004600663671732522
10,M_3,0.0030855011626578686
11,M_3,0.002315411743589272
12,M_3,0.001928178682511484
13,M_3,0.0017323322331738483
14,M_3,0.0016303165831900216
15,M_3,0.0015736629556808502
16,M_3,0.0015387272127868746
17,M_3,0.0015141344899878557
18,M_3,0.0014944721966050198
19,M_3,0.0014771877157876987
20,M_3,0.001461086133757821
21,M_3,0.0014456115490804205
22,M_3,0.0014305065909039712
23,M_3,0.0014156524250878875
24,M_3,0.0014009941030937328
25,M_3,0.0013865059539005695
26,M_3,0.00137217563775772
27,M_3,0.0013579968438047288
28,M_3,0.0013439659678705872
29,M_3,0.001330080612129099
30,M_3,0.00131633891340055
31,M_3,0.0013027392456640633
32,M_3,0.0012892800901297945
33,M_3,0.001275959979547628
34,M_3,0.0012627774749534068
35,M_3,0.0012497311563228464
36,M_3,0.0012368196190279087
37,M_3,0.0012240414726147415
38,M_3,0.0012113953404469533
39,M_3,0.0011988798596290668
40,M_3,0.001186493680990343
1,M_4,0.04559723585218393
2,M_4,0.10784841920571399
3,M_4,0.07728578305280762
4,M_4,0.043777136849606886
5,M_4,0.021603964676787445
6,M_4,0.009014953071419822
7,M_4,0.0023810376377420847
8,M_4,-0.0009587652508777693
9,M_4,-0.0025833309375040254
10,M_4,-0.003347053600660362
11,M_4,-0.0036892978969389795
12,M_4,-0.003828864559386273
13,M_4,-0.003872350088781075
14,M_4,-0.003870867442079065
15,M_4,-0.0038486309814797183
16,M_4,-0.003817002633315668
17,M_4,-0.003781271253633866
18,M_4,-0.0037438813131606195
19,M_4,-0.0037059547761427473
20,M_4,-0.0036680025482526434
21,M_4,-0.003630254788884427
22,M_4,-0.0035928133634277985
23,M_4,-0.0035557218312322757
24,M_4,-0.0035189974133831713
25,M_4,-0.0034826455202782015
26,M_4,-0.003446666317939457
27,M_4,-0.0034110576777996657
28,M_4,-0.0033758164921653625
29,M_4,-0.0033409392554563217
30,M_4,-0.003306422317896359
31,M_4,-0.00327226199435247
32,M_4,-0.003238454609842833
33,M_4,-0.0032049965177818945
34,M_4,-0.003171884106745466
35,M_4,-0.003139113802559736
36,M_4,-0.0031066820685858843
37,M_4,-0.0030745854053745533
38,M_4,-0.0030428203501466355
39,M_4,-0.0030113834762623467
40,M_4,-0.0029802713927253354
1,M_5,0.28066747549337606
2,M_5,0.2604905914774337
3,M_5,0.16838104501145867
4,M_5,0.09613883715105305
5,M_5,0.052032135739978704
6,M_5,0.027746281515576628
7,M_5,0.0150990046346825
8,M_5,0.008732623376864812
9,M_5,0.005595823713099104
10,M_5,0.004068870639438314
11,M_5,0.0033273829403899237
12,M_5,0.0029632693513293776
13,M_5,0.0027784178439537333
14,M_5,0.0026780230911388468
15,M_5,0.0026172087229570425
16,M_5,0.002574912325811553
17,M_5,0.0025413150473734317
18,M_5,0.0025118643599551897
19,M_5,0.0024844585936971437
20,M_5,0.002458130644769836
21,M_5,0.0024324362956984155
22,M_5,0.0024071713889045766
23,M_5,0.002382241607826848
24,M_5,0.00235760274211003
25,M_5,0.0023332333759649906
26,M_5,0.0023091224390721023
27,M_5,0.00228526354885859
28,M_5,0.002261652446927537
29,M_5,0.0022382858411456436
30,M_5,0.0022151608844509247
31,M_5,0.0021922749411732736
32,M_5,0.002169625482726584
33,M_5,0.0021472100412739405
34,M_5,0.002125026189240689
35,M_5,0.0021030715302790054
36,M_5,0.0020813436952641386
37,M_5,0.002059840340477494
38,M_5,0.002038559146726056
39,M_5,0.0020174978188545367
40,M_5,0.0019966540854175286
1,M_6,0.13026853032628274
2,M_6,0.13631951952265706
3,M_6,0.08876248208199886
4,M_6,0.050249639164458355
5,M_6,0.02686208070810433
6,M_6,0.014131609592784592
7,M_6,0.007581426694946856
8,M_6,0.004321046427288438
9,M_6,0.002730858167611321
10,M_6,0.0019638755990232177
11,M_6,0.0015946041772390038
12,M_6,0.0014147670716031556
13,M_6,0.0013242294806117285
14,M_6,0.0012754744970490254
15,M_6,0.0012461761574300003
16,M_6,0.0012259254475384617
17,M_6,0.0012098994643640238
18,M_6,0.0011958749220285178
19,M_6,0.0011828312026467194
20,M_6,0.001170301326804467
21,M_6,0.0011580720795449002
22,M_6,0.0011460461075624676
23,M_6,0.001134178762593138
24,M_6,0.001122449285535812
25,M_6,0.0011108477060794225
26,M_6,0.0010993689084841606
27,M_6,0.001088009953808695
28,M_6,0.0010767688767706618
29,M_6,0.0010656441478862047
30,M_6,0.0010546344344918243
31,M_6,0.0010437384953772683
32,M_6,0.0010329551347831945
33,M_6,0.0010222831825696071
34,M_6,0.001011721485802673
35,M_6,0.0010012689052532637
36,M_6,0.000990924313966223
37,M_6,0.0009806865966769025
38,M_6,0.0009705546495583567
39,M_6,0.0009605273800873296
40,M_6,0.0009506037069461157
1,M_7,0.08698202689566141
2,M_7,0.16272344628886778
3,M_7,0.11781977865577087
4,M_7,0.07019917654130457
5,M_7,0.03874547079724971
6,M_7,0.020806827179059857
7,M_7,0.011276247804704848
8,M_7,0.006415845115538662
9,M_7,0.003999402077192321
10,M_7,0.002816092804396835
11,M_7,0.002239944696266474
12,M_7,0.0019575986637008044
13,M_7,0.001815620475467591
14,M_7,0.0017400777522849345
15,M_7,0.0016957750849648542
16,M_7,0.001666115228856335
17,M_7,0.001643330285207859
18,M_7,0.0016238070733492085
19,M_7,0.0016058734836746761
20,M_7,0.0015887588724217865
21,M_7,0.001572109113507104
22,M_7,0.0015557616589007843
23,M_7,0.0015396417101467526
24,M_7,0.0015237145014598507
25,M_7,0.0015079634591146495
26,M_7,0.001492380244199764
27,M_7,0.0014769602314204887
28,M_7,0.0014617004651514389
29,M_7,0.0014465987399664892
30,M_7,0.0014316531894248401
31,M_7,0.0014168621034732246
32,M_7,0.001402223848086639
33,M_7,0.0013877368303023112
34,M_7,0.0013733994832211605
35,M_7,0.0013592102596838625
36,M_7,0.0013451676296509316
37,M_7,0.0013312700791254805
38,M_7,0.001317516109694434
39,M_7,0.0013039042383025936
40,M_7,0.0012904329971045257
1,M_8,0.05631734002932162
2,M_8,0.0775548298739019
3,M_8,0.048641503251596406
4,M_8,0.025613785499653267
5,M_8,0.012420886111308184
6,M_8,0.005595690932048519
7,M_8,0.0022240513228152527
8,M_8,0.0006018197752513355
9,M_8,-0.00016406424066236626
10,M_8,-0.0005192118230172069
11,M_8,-0.0006800480223244004
12,M_8,-0.0007498990122773581
13,M_8,-0.0007775033919599913
14,M_8,-0.0007856422322814669
15,M_8,-0.0007848864919487712
16,M_8,-0.0007801115890580845
17,M_8,-0.000773554119610279
18,M_8,-0.0007662350068113449
19,M_8,-0.0007586179028640557
20,M_8,-0.0007509121604877706
21,M_8,-0.0007432115935131577
22,M_8,-0.0007355577549997105
23,M_8,-0.0007279686735923311
24,M_8,-0.0007204518482408523
25,M_8,-0.0007130100976300677
26,M_8,-0.0007056441795123132
27,M_8,-0.0006983539562825612
28,M_8,-0.0006911389095630816
29,M_8,-0.000683998365039434
30,M_8,-0.000676931589311635
31,M_8,-0.000669937830773129
32,M_8,-0.000663016336339499
33,M_8,-0.0006561663579536063
34,M_8,-0.0006493871548831516
35,M_8,-0.0006426779943619467
36,M_8,-0.0006360381516280732
37,M_8,-0.0006294669097755274
38,M_8,-0.0006229635595725781
39,M_8,-0.0006165273992953357
40,M_8,-0.0006101577345862133
1,M_9,0.09036043187543834
2,M_9,0.09486221273033893
3,M_9,0.06341999699962449
4,M_9,0.037320131588805774
5,M_9,0.021242806811063074
6,M_9,0.01238393534049964
7,M_9,0.007771227936153973
8,M_9,0.005444807990492189
9,M_9,0.0042903217725332446
10,M_9,0.0037181784546218323
11,M_9,0.0034293462385275963
12,M_9,0.0032762993776976695
13,M_9,0.003187656719509294
14,M_9,0.0031293711514115714
15,M_9,0.0030853799158063536
16,M_9,0.0030481699264119887
17,M_9,0.0030142512139591264
18,M_9,0.0029820115077219644
19,M_9,0.002950709022806623
20,M_9,0.0029200032126363695
21,M_9,0.002889737539012386
22,M_9,0.0028598394573729805
23,M_9,0.0028302745933797245
24,M_9,0.0028010258438986367
25,M_9,0.002772083888299162
26,M_9,0.002743442900539404
27,M_9,0.002715098621482237
28,M_9,0.0026870474974672477
29,M_9,0.0026592862981429876
30,M_9,0.002631811948444755
31,M_9,0.0026046214555644257
32,M_9,0.002577711877666694
33,M_9,0.002551080310725528
34,M_9,0.002524723883091991
35,M_9,0.002498639753280053
36,M_9,0.002472825109042057
37,M_9,0.0024472771669297494
38,M_9,0.0024219931720176583
39,M_9,0.0023969703976667563
40,M_9,0.002372206145287455
1,M_10,0.01859175947068706
2,M_10,0.15256570507422462
3,M_10,0.11973751460064394
4,M_10,0.07371385428717309
5,M_10,0.041772749366460804
6,M_10,0.02317305533682201
7,M_10,0.013166908414665035
8,M_10,0.008015383889782447
9,M_10,0.005431648144533029
10,M_10,0.004153717777766659
11,M_10,0.0035227890710449565
12,M_10,0.0032066353536219405
13,M_10,0.0030416116619348737
14,M_10,0.0029484654278619554
15,M_10,0.0028893007955890612
16,M_10,0.0028461757465303443
17,M_10,0.002810662289563987
18,M_10,0.0027788267428210524
19,M_10,0.0027488425721129877
20,M_10,0.002719865012765852
21,M_10,0.0026915042836410537
22,M_10,0.00266358046012464
23,M_10,0.0026360099930853417
24,M_10,0.0026087534128050307
25,M_10,0.0025817913312652114
26,M_10,0.0025551134753740525
27,M_10,0.00252871369627089
28,M_10,0.0025025877083994937
29,M_10,0.00247673207041072
30,M_10,0.0024511437285173153
31,M_10,0.0024258198133278327
32,M_10,0.0024007575502406177
33,M_10,0.002375954220341911
34,M_10,0.0023514071435543067
35,M_10,0.0023271136714658543
36,M_10,0.002303071184298748
37,M_10,0.0022792770896047595
38,M_10,0.002255728821654311
39,M_10,0.002232423841087554
40,M_10,0.002209359634653763
1,M_11,0.26040401856612105
2,M_11,0.22093010175210115
3,M_11,0.13822922861226095
4,M_11,0.0792459595572115
5,M_11,0.044667338570631016
6,M_11,0.026026418361936587
7,M_11,0.016427659154149028
8,M_11,0.011615007747568355
9,M_11,0.00923322147804453
10,M_11,0.008052992878096304
11,M_11,0.007455554113053457
12,M_11,0.007136997344690455
13,M_11,0.0069506554754859675
14,M_11,0.006826666229797816
15,M_11,0.006732084521940473
16,M_11,0.006651496270696542
17,M_11,0.006577734436764546
18,M_11,0.006507482605154648
19,M_11,0.00643921126444244
20,M_11,0.006372215876979222
21,M_11,0.0063061710996098206
22,M_11,0.006240925207558303
23,M_11,0.006176405692921016
24,M_11,0.006112576080633789
25,M_11,0.006049416244631521
26,M_11,0.0059869134672053325
27,M_11,0.005925058392722736
28,M_11,0.00586384320351855
29,M_11,0.005803260801138285
30,M_11,0.005743304440659006
31,M_11,0.005683967568285916
32,M_11,0.005625243749660819
33,M_11,0.005567126638379819
34,M_11,0.005509609962180372
35,M_11,0.0054526875168037356
36,M_11,0.005396353163139327
37,M_11,0.00534060082574167
38,M_11,0.0052854244919030595
39,M_11,0.005230818210940547
40,M_11,0.005176776093559491
1,M_12,0.1594952846784273
2,M_12,0.13439198868760568
3,M_12,0.07971744662941953
4,M_12,0.041473774397404316
5,M_12,0.019488421061581464
6,M_12,0.007844747006899445
7,M_12,0.0019573861044533416
8,M_12,-0.0009265423345910432
9,M_12,-0.002302018442242256
10,M_12,-0.002938688316415005
11,M_12,-0.003219913566109789
12,M_12,-0.0033324340582786185
13,M_12,-0.003365770825973063
14,M_12,-0.003362330400793988
15,M_12,-0.0033420171287729733
16,M_12,-0.0033141055896658616
17,M_12,-0.003282891492959121
18,M_12,-0.0032503541214158357
19,M_12,-0.00321740085814018
20,M_12,-0.0031844452764632713
21,M_12,-0.003151674303459326
22,M_12,-0.0031191711745007663
23,M_12,-0.003086971822807453
24,M_12,-0.003055090664535906
25,M_12,-0.0030235323593301266
26,M_12,-0.0029922971621372868
27,M_12,-0.0029613833535674277
28,M_12,-0.0029307883413574013
29,M_12,-0.0029005091585366806
30,M_12,-0.002870542688208446
31,M_12,-0.0028408857646687064
32,M_12,-0.0028115352186911012
33,M_12,-0.0027824878976518315
34,M_12,-0.002753740674342473
35,M_12,-0.00272529045071044
36,M_12,-0.0026971341593328532
37,M_12,-0.0026692687638823673
38,M_12,-0.002641691259147837
39,M_12,-0.002614398670860651
40,M_12,-0.0025873880554379714
1,Y_1,-0.28788182950922236
2,Y_1,-0.010181749393353605
3,Y_1,0.04440955615325808
4,Y_1,0.04042464823018078
5,Y_1,0.026961755353464904
6,Y_1,0.01608583017274606
7,Y_1,0.009189530860231117
8,Y_1,0.005249232082508406
9,Y_1,0.003123595212373119
10,Y_1,0.0020166454669557996
11,Y_1,0.001452598927831781
12,Y_1,0.0011682441229918343
13,Y_1,0.001024589665550821
14,Y_1,0.0009504846204626796
15,Y_1,0.0009103069991722098
16,Y_1,0.0008865188095781033
17,Y_1,0.0008705983115502959
18,Y_1,0.000858448836043814
19,Y_1,0.0008481185642861811
20,Y_1,0.000838684702493303
21,Y_1,0.0008297138702973898
22,Y_1,0.0008210036809247129
23,Y_1,0.0008124600117316612
24,Y_1,0.000804039145455462
25,Y_1,0.0007957206778417022
26,Y_1,0.0007874949137116487
27,Y_1,0.000779357041414496
28,Y_1,0.0007713044586692531
29,Y_1,0.0007633355543163871
30,Y_1,0.0007554491582147589
31,Y_1,0.0007476442955030916
32,Y_1,0.0007399200783199175
33,Y_1,0.0007322756589520224
34,Y_1,0.000724710210066433
35,Y_1,0.0007172229166691652
36,Y_1,0.0007098129730132495
37,Y_1,0.0007024795815168166
38,Y_1,0.0006952219524475199
39,Y_1,0.000688039303866066
40,Y_1,0.0006809308616340594
1,Y_2,-0.22015759644208605
2,Y_2,0.004273541840243963
3,Y_2,0.040028194741315436
4,Y_2,0.031435496941296576
5,Y_2,0.018193506073585605
6,Y_2,0.00864099392160846
7,Y_2,0.002961356656802842
8,Y_2,-0.00012133608824624566
9,Y_2,-0.0017035536901534598
10,Y_2,-0.002481024083670797
11,Y_2,-0.002845655962303121
12,Y_2,-0.0030046709899138415
13,Y_2,-0.003063447980602582
14,Y_2,-0.003074187439640283
15,Y_2,-0.003062266133861079
16,Y_2,-0.00303984773283078
17,Y_2,-0.003012698201781038
18,Y_2,-0.002983525819197705
19,Y_2,-0.002953592347917366
20,Y_2,-0.002923480908392353
21,Y_2,-0.0028934584611124523
22,Y_2,-0.0028636455870432124
23,Y_2,-0.0028340954843435484
24,Y_2,-0.0028048305103669843
25,Y_2,-0.0027758589942948947
26,Y_2,-0.002747182932146928
27,Y_2,-0.002718801489887887
28,Y_2,-0.0026907125889123473
29,Y_2,-0.002662913618801894
30,Y_2,-0.0026354017551102984
31,Y_2,-0.0026081740995366532
32,Y_2,-0.002581227740843627
33,Y_2,-0.0025545597807530057
34,Y_2,-0.00252816734456207
35,Y_2,-0.0025020475852109863
36,Y_2,-0.002476197684614109
37,Y_2,-0.002450614853892519
38,Y_2,-0.0024252963331939997
39,Y_2,-0.0024002393913776727
40,Y_2,-0.0023754413256686195
1,Y_3,0.022561431993373723
2,Y_3,0.17077261901652377
3,Y_3,0.14006504183746335
4,Y_3,0.08952675974697936
5,Y_3,0.052655337021506717
6,Y_3,0.030556671504704733
7,Y_3,0.018439770596560382
8,Y_3,0.012113915854701078
9,Y_3,0.008903157456521113
10,Y_3,0.007294595216199105
11,Y_3,0.006486246494249665
12,Y_3,0.006069488587100225
13,Y_3,0.005841591461855421
14,Y_3,0.005703869813706589
15,Y_3,0.00560896370401118
16,Y_3,0.005534393718011098
17,Y_3,0.0054695832767720385
18,Y_3,0.005409591424996477
19,Y_3,0.005352123165654193
20,Y_3,0.005296117057392778
21,Y_3,0.005241083221956982
22,Y_3,0.005186795140232214
23,Y_3,0.0051331470034339756
24,Y_3,0.005080088044943015
25,Y_3,0.005027592466749572
26,Y_3,0.004975645739414568
27,Y_3,0.004924238396269285
28,Y_3,0.004873363240297412
29,Y_3,0.004823014096529303
30,Y_3,0.0047731852599820195
31,Y_3,0.004723871254283068
32,Y_3,0.004675066727769658
33,Y_3,0.004626766409676393
34,Y_3,0.004578965092150278
35,Y_3,0.004531657623104764
36,Y_3,0.004484838903461552
37,Y_3,0.004438503886067045
38,Y_3,0.00439264757518166
39,Y_3,0.0043472650261192555
40,Y_3,0.004302351344890978
1,Y_4,-0.06545114496748883
2,Y_4,0.020910115771876764
3,Y_4,0.02768212161759016
4,Y_4,0.01977607279384775
5,Y_4,0.012271045688571796
6,Y_4,0.007426978139746942
7,Y_4,0.00468831282982769
8,Y_4,0.0032367226364536108
9,Y_4,0.0024932208617041525
10,Y_4,0.002117757917234597
11,Y_4,0.0019269702377151738
12,Y_4,0.0018266820291087096
13,Y_4,0.0017700155584209835
14,Y_4,0.001734140405109036
15,Y_4,0.0017081160563038565
16,Y_4,0.0016867654199473401
17,Y_4,0.0016676637385397066
18,Y_4,0.0016496851925803266
19,Y_4,0.0016323109742775869
20,Y_4,0.0016153034920358305
21,Y_4,0.0015985543852019015
22,Y_4,0.0015820142036808422
23,Y_4,0.0015656601237851928
24,Y_4,0.0015494812418901187
25,Y_4,0.0015334719313640874
26,Y_4,0.001517628870640126
27,Y_4,0.001501949729233273
28,Y_4,0.001486432595552441
29,Y_4,0.001471075732834167
30,Y_4,0.0014558774780887697
31,Y_4,0.0014408362021360026
32,Y_4,0.0014259502949873874
33,Y_4,0.0014112181612805292
34,Y_4,0.0013966382194009871
35,Y_4,0.0013822089017551519
36,Y_4,0.0013679286552548638
37,Y_4,0.001353795941714214
38,Y_4,0.0013398092380979341
39,Y_4,0.0013259670366386077
40,Y_4,0.001312267844856965
1,Y_5,0.1237466860535367
2,Y_5,0.11504173020197128
3,Y_5,0.07388249611259119
4,Y_5,0.04155656176565916
5,Y_5,0.02187556579345818
6,Y_5,0.011076846078287895
7,Y_5,0.005475269155804428
8,Y_5,0.0026691985188188054
9,Y_5,0.0012962619859970335
10,Y_5,0.0006357030507057566
11,Y_5,0.00032177275230752813
12,Y_5,0.00017390557125244037
13,Y_5,0.00010466781958996506
14,Y_5,7.232197389290609e-5
15,Y_5,5.7159874098026666e-5
16,Y_5,4.995472283158477e-5
17,Y_5,4.641649258250512e-5
18,Y_5,4.456188180077991e-5
19,Y_5,4.3478448970610716e-5
20,Y_5,4.274820490571418e-5
21,Y_5,4.2180411690964894e-5
22,Y_5,4.168834891677683e-5
23,Y_5,4.123272718980363e-5
24,Y_5,4.0795806224683244e-5
25,Y_5,4.0369599666418395e-5
26,Y_5,3.9950518572141387e-5
27,Y_5,3.953694761748527e-5
28,Y_5,3.912815260146503e-5
29,Y_5,3.872379019061898e-5
30,Y_5,3.832368907421034e-5
31,Y_5,3.792775291247279e-5
32,Y_5,3.753591765889314e-5
33,Y_5,3.714813300321196e-5
34,Y_5,3.676435442676942e-5
35,Y_5,3.638453987587739e-5
36,Y_5,3.600864841442825e-5
37,Y_5,3.563663970645606e-5
38,Y_5,3.5268473835394365e-5
39,Y_5,3.490411125277781e-5
40,Y_5,3.454351277201847e-5
1,Y_6,0.04109142473717037
2,Y_6,0.04574527641694266
3,Y_6,0.02906356219523821
4,Y_6,0.015358636627220165
5,Y_6,0.007139926698902616
6,Y_6,0.0027570732387152777
7,Y_6,0.0005573188590869635
8,Y_6,-0.0005052978725601689
9,Y_6,-0.0010032251944729665
10,Y_6,-0.0012287847391794801
11,Y_6,-0.00132549794663228
12,Y_6,-0.0013621118039459981
13,Y_6,-0.0013710122839971743
14,Y_6,-0.001367275315899824
15,Y_6,-0.0013578559255839273
16,Y_6,-0.0013459395951197588
17,Y_6,-0.0013329762333895664
18,Y_6,-0.0013196218569426774
19,Y_6,-0.0013061713438269036
20,Y_6,-0.0012927561123518862
21,Y_6,-0.0012794339540296972
22,Y_6,-0.0012662296657187306
23,Y_6,-0.0012531533440302254
24,Y_6,-0.0012402085831067433
25,Y_6,-0.0012273961285713527
26,Y_6,-0.0012147154959205391
27,Y_6,-0.0012021656816807804
28,Y_6,-0.0011897454726690051
29,Y_6,-0.0011774535785681645
30,Y_6,-0.0011652886875965474
31,Y_6,-0.0011532494891522266
32,Y_6,-0.0011413346825457525
33,Y_6,-0.001129542980037652
34,Y_6,-0.0011178731076480835
35,Y_6,-0.0011063238051622153
36,Y_6,-0.0010948938258909975
37,Y_6,-0.0010835819363914016
38,Y_6,-0.001072386916209716
39,Y_6,-0.001061307557659912
40,Y_6,-0.0010503426656326275
1,Y_7,-0.020498200434032166
2,Y_7,0.06455641421428944
3,Y_7,0.05607272490740658
4,Y_7,0.035934264227000134
5,Y_7,0.020904364846338896
6,Y_7,0.011883661318763665
7,Y_7,0.006950347644740578
8,Y_7,0.004384174727903868
9,Y_7,0.003087486406754393
10,Y_7,0.0024418416533136225
11,Y_7,0.002120525880492667
12,Y_7,0.00195756125224858
13,Y_7,0.001870803763190019
14,Y_7,0.0018203500725717692
15,Y_7,0.0017870840949750747
16,Y_7,0.0017619463012504936
17,Y_7,0.001740679982227041
18,Y_7,0.0017212990683844011
19,Y_7,0.0017028822104040128
20,Y_7,0.0016850038873006566
21,Y_7,0.0016674680993368244
22,Y_7,0.0016501845173527159
23,Y_7,0.0016331112130310505
24,Y_7,0.0016162283154123284
25,Y_7,0.0015995259541321017
26,Y_7,0.0015829987694863216
27,Y_7,0.001566643426298285
28,Y_7,0.0015504574950123094
29,Y_7,0.001534438951800246
30,Y_7,0.0015185859572381635
31,Y_7,0.001502896759444441
32,Y_7,0.001487369652326029
33,Y_7,0.0014720029579398568
34,Y_7,0.0014567950192397236
35,Y_7,0.0014417441971956585
36,Y_7,0.0014268488696926906
37,Y_7,0.0014121074311151513
38,Y_7,0.0013975182921699785
39,Y_7,0.0013830798797761002
40,Y_7,0.0013687906369592032
1,Y_8,0.02517852179950646
2,Y_8,0.04281303665946653
3,Y_8,0.027221755962119835
4,Y_8,0.014070348930560252
5,Y_8,0.00643933433634068
6,Y_8,0.002477355800470595
7,Y_8,0.0005209515831022466
8,Y_8,-0.00041660091460057875
9,Y_8,-0.000854948615572807
10,Y_8,-0.0010538726454487918
11,Y_8,-0.0011396218230168087
12,Y_8,-0.001172466456387611
13,Y_8,-0.0011808208471597598
14,Y_8,-0.0011779537320783806
15,Y_8,-0.0011700135804358098
16,Y_8,-0.0011598306113794303
17,Y_8,-0.001148699673986068
18,Y_8,-0.0011372095449135324
19,Y_8,-0.0011256260922038767
20,Y_8,-0.0011140682857470722
21,Y_8,-0.0011025886254560073
22,Y_8,-0.0010912097086921548
23,Y_8,-0.0010799407714781784
24,Y_8,-0.0010687851299153936
25,Y_8,-0.001057743506908689
26,Y_8,-0.00104681550815515
27,Y_8,-0.0010360002707266432
28,Y_8,-0.0010252967444444635
29,Y_8,-0.0010147038117897687
30,Y_8,-0.0010042203376826305
31,Y_8,-0.0009938451893109052
32,Y_8,-0.0009835772434777202
33,Y_8,-0.0009734153889389365
34,Y_8,-0.0009633585268517814
35,Y_8,-0.0009534055705925808
36,Y_8,-0.0009435554454213811
37,Y_8,-0.0009338070881556375
38,Y_8,-0.0009241594468944817
39,Y_8,-0.0009146114807935604
40,Y_8,-0.000905162159879323
1,Y_9,0.07231978685184895
2,Y_9,0.07257066931941303
3,Y_9,0.04778319930515614
4,Y_9,0.027708002082524056
5,Y_9,0.015466878741024634
6,Y_9,0.008765518038709376
7,Y_9,0.005294136614315959
8,Y_9,0.0035520443106210795
9,Y_9,0.0026926861892507177
10,Y_9,0.002270499755519248
11,Y_9,0.0020603809277880236
12,Y_9,0.0019516233057840775
13,Y_9,0.0018908042815819405
14,Y_9,0.0018525038694574003
15,Y_9,0.0018247566191643993
16,Y_9,0.0018019784119929563
17,Y_9,0.0017815813350773161
18,Y_9,0.0017623728886155372
19,Y_9,0.0017438060678337116
20,Y_9,0.0017256307188522372
21,Y_9,0.0017077324837287183
22,Y_9,0.00169005881514473
23,Y_9,0.0016725851612910312
24,Y_9,0.0016552995857857977
25,Y_9,0.0016381958069541195
26,Y_9,0.0016212700643310227
27,Y_9,0.0016045197166320326
28,Y_9,0.0015879426190103184
29,Y_9,0.0015715368489731113
30,Y_9,0.0015553005871759282
31,Y_9,0.001539232066393068
32,Y_9,0.0015233295501414714
33,Y_9,0.0015075913239917754
34,Y_9,0.0014920156921806042
35,Y_9,0.0014766009763598103
36,Y_9,0.001461345515157598
37,Y_9,0.0014462476640157106
38,Y_9,0.0014313057950979626
39,Y_9,0.00141651829719984
40,Y_9,0.0014018835756405724
1,Y_10,-0.04706938480811171
2,Y_10,0.07573600910190806
3,Y_10,0.06814015016499143
4,Y_10,0.04299936740455495
5,Y_10,0.023754615677963588
6,Y_10,0.012088140168492387
7,Y_10,0.005676396880933536
8,Y_10,0.0023385460988901902
9,Y_10,0.0006608448040348429
10,Y_10,-0.00016070594372554945
11,Y_10,-0.0005537831380024495
12,Y_10,-0.0007368895495389073
13,Y_10,-0.0008187005409674483
14,Y_10,-0.0008522447762277297
15,Y_10,-0.0008630318339632057
16,Y_10,-0.0008631983282780919
17,Y_10,-0.0008584674125956299
18,Y_10,-0.0008515179781031788
19,Y_10,-0.0008435958644342821
20,Y_10,-0.0008352769715412882
21,Y_10,-0.0008268258701598889
22,Y_10,-0.0008183632231504669
23,Y_10,-0.0008099435060366674
24,Y_10,-0.0008015909032821489
25,Y_10,-0.000793315808561995
26,Y_10,-0.0007851223738780082
27,Y_10,-0.0007770119466564652
28,Y_10,-0.0007689846263696185
29,Y_10,-0.0007610399652154171
30,Y_10,-0.0007531772811874636
31,Y_10,-0.0007453957966486946
32,Y_10,-0.0007376946989050728
33,Y_10,-0.0007300731662230824
34,Y_10,-0.0007225303787157521
35,Y_10,-0.0007150655227075706
36,Y_10,-0.0007076777923521389
37,Y_10,-0.0007003663901313654
38,Y_10,-0.0006931305269240603
39,Y_10,-0.0006859694219251308
40,Y_10,-0.0006788823025244509
1,Y_11,0.07535275137021037
2,Y_11,0.03025363371782823
3,Y_11,0.009857029274700318
4,Y_11,0.0021649952098801084
5,Y_11,-0.0005921772308162522
6,Y_11,-0.0015382915219993257
7,Y_11,-0.0018373023487476554
8,Y_11,-0.0019129583502304633
9,Y_11,-0.0019159787998528038
10,Y_11,-0.0018979910164080966
11,Y_11,-0.001875546272872745
12,Y_11,-0.0018532952237017028
13,Y_11,-0.0018321444601096545
14,Y_11,-0.0018119929405894025
15,Y_11,-0.0017925739582439764
16,Y_11,-0.00177366980749147
17,Y_11,-0.001755138448234764
18,Y_11,-0.0017368954363740571
19,Y_11,-0.0017188927337847067
20,Y_11,-0.0017011034361398938
21,Y_11,-0.0016835123462177453
22,Y_11,-0.0016661105762995842
23,Y_11,-0.0016488925864522625
24,Y_11,-0.0016318546006720738
25,Y_11,-0.0016149937728898714
26,Y_11,-0.001598307751543592
27,Y_11,-0.001581794452992741
28,Y_11,-0.0015654519435078468
29,Y_11,-0.0015492783775379717
30,Y_11,-0.0015332719651734432
31,Y_11,-0.0015174309548142458
32,Y_11,-0.0015017536238097378
33,Y_11,-0.0014862382733129807
34,Y_11,-0.001470883225385934
35,Y_11,-0.0014556868213200795
36,Y_11,-0.0014406474206210484
37,Y_11,-0.0014257634003603356
38,Y_11,-0.0014110331547324121
39,Y_11,-0.0013964550947282166
40,Y_11,-0.00138202764787546
1,Y_12,0.03759214080104805
2,Y_12,-0.006113121645466016
3,Y_12,-0.016695752974773322
4,Y_12,-0.017433965347904524
5,Y_12,-0.016112697310716923
6,Y_12,-0.014825042241896942
7,Y_12,-0.013926826809815883
8,Y_12,-0.013351483788273676
9,Y_12,-0.012980631296773381
10,Y_12,-0.012726017956324338
11,Y_12,-0.012533939400272991
12,Y_12,-0.0123745855339536
13,Y_12,-0.012232250422533708
14,Y_12,-0.012098929928599091
15,Y_12,-0.011970636154231402
16,Y_12,-0.011845412875950954
17,Y_12,-0.011722309759778567
18,Y_12,-0.011600866569773216
19,Y_12,-0.011480858907149945
20,Y_12,-0.011362174737276461
21,Y_12,-0.011244755134275348
22,Y_12,-0.011128566118360354
23,Y_12,-0.011013585380816007
24,Y_12,-0.010899796072113816
25,Y_12,-0.010787183914643702
26,Y_12,-0.010675735869339295
27,Y_12,-0.010565439523803871
28,Y_12,-0.010456282813277743
29,Y_12,-0.01034825389412491
30,Y_12,-0.010241341086699399
31,Y_12,-0.010135532849507483
32,Y_12,-0.010030817767345322
33,Y_12,-0.009927184545599101
34,Y_12,-0.009824622007218875
35,Y_12,-0.00972311909082798
36,Y_12,-0.009622664849301151
37,Y_12,-0.009523248448529363
38,Y_12,-0.009424859166256088
39,Y_12,-0.00932748639094059
40,Y_12,-0.009231119620632777
1,PM_1,-0.09673076397695606
2,PM_1,-0.07514424410093873
3,PM_1,-0.0450629064661531
4,PM_1,-0.023658152779990206
5,PM_1,-0.01095912605707869
6,PM_1,-0.004032821762638452
7,PM_1,-0.0004384503503993724
8,PM_1,0.0013620645034918756
9,PM_1,0.0022363918793414763
10,PM_1,0.002645734044599109
11,PM_1,0.002826310172307293
12,PM_1,0.0028960845435495076
13,PM_1,0.0029128968669494505
14,PM_1,0.0029047156188685124
15,PM_1,0.002884917883884336
16,PM_1,0.0028598448609735323
17,PM_1,0.002832479614114717
18,PM_1,0.002804215716908697
19,PM_1,0.002775699643234277
20,PM_1,0.002747228836187026
21,PM_1,0.002718938566773345
22,PM_1,0.0026908891421552183
23,PM_1,0.002663106395445786
24,PM_1,0.002635600393697931
25,PM_1,0.002608374040995461
26,PM_1,0.0025814270155872093
27,PM_1,0.0025547575623143166
28,PM_1,0.0025283633038133513
29,PM_1,0.002502241605043694
30,PM_1,0.00247638973562291
31,PM_1,0.002450804941246103
32,PM_1,0.002425484474559364
33,PM_1,0.002400425608140867
34,PM_1,0.002375625639697139
35,PM_1,0.002351081893938554
36,PM_1,0.002326791723079051
37,PM_1,0.0023027525067917678
38,PM_1,0.002278961651966609
39,PM_1,0.002255416592407715
40,PM_1,0.002232114788521999
1,PM_2,-0.01792997127831937
2,PM_2,-0.007274507936308569
3,PM_2,-0.0009562731132850732
4,PM_2,0.001981209256048808
5,PM_2,0.003150060013303435
6,PM_2,0.003550886477876886
7,PM_2,0.003652155280034454
8,PM_2,0.003647777808055997
9,PM_2,0.0036112840186294346
10,PM_2,0.003568005596903297
11,PM_2,0.0035254216815461584
12,PM_2,0.0034850102197981946
13,PM_2,0.0034465484017851297
14,PM_2,0.003409522678209758
15,PM_2,0.00337350983205651
16,PM_2,0.003338229426748005
17,PM_2,0.0033035123078114436
18,PM_2,0.0032692611030285487
19,PM_2,0.0032354208275623044
20,PM_2,0.0032019603108157228
21,PM_2,0.0031688613631512307
22,PM_2,0.0031361127425327687
23,PM_2,0.003103706889653675
24,PM_2,0.003071638193059363
25,PM_2,0.0030399020773829864
26,PM_2,0.0030084945268845456
27,PM_2,0.0029774118368154252
28,PM_2,0.002946650483378329
29,PM_2,0.0029162070553352365
30,PM_2,0.0028860782177212254
31,PM_2,0.0028562606923562732
32,PM_2,0.002826751247206583
33,PM_2,0.002797546690448789
34,PM_2,0.0027686438670586227
35,PM_2,0.0027400396567696427
36,PM_2,0.0027117309727842155
37,PM_2,0.0026837147609025014
38,PM_2,0.0026559879988866672
39,PM_2,0.0026285476959592977
40,PM_2,0.002601390892379555
1,PM_3,-0.09830403465441186
2,PM_3,-0.0811120069961017
3,PM_3,-0.05105578192835916
4,PM_3,-0.02825882146200054
5,PM_3,-0.014240806926644914
6,PM_3,-0.006408671576353671
7,PM_3,-0.0022680267021284385
8,PM_3,-0.00015857882156673872
9,PM_3,0.0008855124079761403
10,PM_3,0.0013881624064479858
11,PM_3,0.001621711835089889
12,PM_3,0.0017237433362847195
13,PM_3,0.0017623581475729884
14,PM_3,0.001770753890868757
15,PM_3,0.0017649219643455735
16,PM_3,0.0017524917867581186
17,PM_3,0.0017370741328026353
18,PM_3,0.0017203658498480515
19,PM_3,0.0017031590891931018
20,PM_3,0.001685821114260186
21,PM_3,0.0016685207815864147
22,PM_3,0.0016513347874450796
23,PM_3,0.001634297237675488
24,PM_3,0.0016174226584195863
25,PM_3,0.0016007166265486917
26,PM_3,0.0015841806570950588
27,PM_3,0.0015678144389932238
28,PM_3,0.001551616852152944
29,PM_3,0.0015355864271752743
30,PM_3,0.0015197215515196337
31,PM_3,0.0015040205610334792
32,PM_3,0.0014884817800311903
33,PM_3,0.0014731035384931174
34,PM_3,0.001457884179211692
35,PM_3,0.0014428220605920492
36,PM_3,0.0014279155576175056
37,PM_3,0.0014131630620668628
38,PM_3,0.0013985629824438915
39,PM_3,0.0013841137438076884
40,PM_3,0.0013698137875771989
1,PM_4,0.016033501399309237
2,PM_4,0.020062695596508855
3,PM_4,0.015713059840876252
4,PM_4,0.010990573597131436
5,PM_4,0.00761164066137806
6,PM_4,0.005538177249040001
7,PM_4,0.004360123864377668
8,PM_4,0.0037166967008474233
9,PM_4,0.0033695116895955998
10,PM_4,0.003179105816887403
11,PM_4,0.003069203266761557
12,PM_4,0.00299981723675159
13,PM_4,0.002950578513433649
14,PM_4,0.002911320635640046
15,PM_4,0.002877044441819653
16,PM_4,0.0028453184007646926
17,PM_4,0.002814968977745427
18,PM_4,0.002785432492038615
19,PM_4,0.002756438561106824
20,PM_4,0.0027278570300347843
21,PM_4,0.002699624512000605
22,PM_4,0.0026717093328346886
23,PM_4,0.0026440948694523786
24,PM_4,0.0026167716511371454
25,PM_4,0.0025897336195270294
26,PM_4,0.002562976357423758
27,PM_4,0.0025364962486208076
28,PM_4,0.0025102900780660793
29,PM_4,0.0024843548406057723
30,PM_4,0.002458687648829064
31,PM_4,0.0024332856882157117
32,PM_4,0.0024081461950069658
33,PM_4,0.002383266445082853
34,PM_4,0.0023586437482254886
35,PM_4,0.0023342754450505518
36,PM_4,0.0023101589052793837
37,PM_4,0.00228629152669564
38,PM_4,0.0022626707344576853
39,PM_4,0.0022392939805995966
40,PM_4,0.0022161587436343062
1,PM_5,-0.1445880650854586
2,PM_5,-0.11697844680048083
3,PM_5,-0.07202382170058591
4,PM_5,-0.039179294614927064
5,PM_5,-0.019571770455219538
6,PM_5,-0.008900895183499112
7,PM_5,-0.003394636997018636
8,PM_5,-0.0006520042590251077
9,PM_5,0.0006777189952868187
10,PM_5,0.0013064011241783711
11,PM_5,0.0015945019034236771
12,PM_5,0.0017197151971060152
13,PM_5,0.001767984995541767
14,PM_5,0.0017802957803898616
15,PM_5,0.0017759807682717031
16,PM_5,0.0017640814689379662
17,PM_5,0.0017487963707426214
18,PM_5,0.001732063151696232
19,PM_5,0.0017147710025243279
20,PM_5,0.0016973255442922668
21,PM_5,0.0016799104488160143
22,PM_5,0.0016626079669431867
23,PM_5,0.0016454542023334408
24,PM_5,0.0016284643542871047
25,PM_5,0.0016116441999680785
26,PM_5,0.001594995296389408
27,PM_5,0.00157851732707263
28,PM_5,0.0015622091555258816
29,PM_5,0.001546069295446557
30,PM_5,0.0015300961190628046
31,PM_5,0.0015142879485579232
32,PM_5,0.0014986430956479343
33,PM_5,0.0014831598783691215
34,PM_5,0.0014678366279652156
35,PM_5,0.0014526716915436255
36,PM_5,0.0014376634329661697
37,PM_5,0.001422810233029747
38,PM_5,0.0014081104893786428
39,PM_5,0.0013935626163270219
40,PM_5,0.0013791650446598434
1,PM_6,-0.03224154502802948
2,PM_6,-0.01755060968761744
3,PM_6,-0.006596520179569825
4,PM_6,-0.0006598491616484902
5,PM_6,0.0021981907563906793
6,PM_6,0.003494919512489041
7,PM_6,0.004054040965389581
8,PM_6,0.004276366540234273
9,PM_6,0.004348020530312805
10,PM_6,0.004353323904134265
11,PM_6,0.004329880165480136
12,PM_6,0.0042942605620268845
13,PM_6,0.0042536922454528905
14,PM_6,0.004211294769086773
15,PM_6,0.004168399109866021
16,PM_6,0.004125564742077369
17,PM_6,0.004083021721260301
18,PM_6,0.004040861115470007
19,PM_6,0.00399911623274494
20,PM_6,0.003957796870329551
21,PM_6,0.00391690354658319
22,PM_6,0.0038764332993355883
23,PM_6,0.003836381981548228
24,PM_6,0.0037967451301273033
25,PM_6,0.0037575182696070932
26,PM_6,0.0037186970016628742
27,PM_6,0.003680277019492065
28,PM_6,0.0036422540998088514
29,PM_6,0.003604624091002912
30,PM_6,0.0035673829030289407
31,PM_6,0.0035305265000160507
32,PM_6,0.003494050895203652
33,PM_6,0.0034579521475566846
34,PM_6,0.0034222263595024417
35,PM_6,0.003386869675385508
36,PM_6,0.0033518782803711755
37,PM_6,0.0033172483996250462
38,PM_6,0.003282976297661412
39,PM_6,0.0032490582777947477
40,PM_6,0.0032154906816544556
1,PM_7,-0.031114640662038538
2,PM_7,-0.016896115242327193
3,PM_7,-0.006439781801144954
4,PM_7,-0.0007978241793859041
5,PM_7,0.0019000100143426626
6,PM_7,0.0031122316801575054
7,PM_7,0.003628276683810215
8,PM_7,0.003830013624714248
9,PM_7,0.0038931639038853106
10,PM_7,0.003896369331755195
11,PM_7,0.0038741666272568867
12,PM_7,0.0038414937681424395
13,PM_7,0.0038047207943042267
14,PM_7,0.0037665238845369445
15,PM_7,0.0037280077580551037
16,PM_7,0.003689617902401838
17,PM_7,0.0036515276696074002
18,PM_7,0.0036138003036043863
19,PM_7,0.003576455693937715
20,PM_7,0.0035394973377104767
21,PM_7,0.0035029229409926986
22,PM_7,0.0034667284250834516
23,PM_7,0.0034309093446408256
24,PM_7,0.0033954613297857918
25,PM_7,0.0033603801835432176
26,PM_7,0.0033256618721886036
27,PM_7,0.003291302492161544
28,PM_7,0.003257298239428748
29,PM_7,0.003223645386892763
30,PM_7,0.0031903402691964952
31,PM_7,0.003157379272941702
32,PM_7,0.0031247588305128686
33,PM_7,0.0030924754161869754
34,PM_7,0.00306052554365246
35,PM_7,0.00302890576438269
36,PM_7,0.0029976126665227144
37,PM_7,0.0029666428740828905
38,PM_7,0.0029359930463158978
39,PM_7,0.0029056598772036514
40,PM_7,0.002875640095010601
1,PM_8,0.05818315497858785
2,PM_8,0.06590602406470118
3,PM_8,0.04995137531943557
4,PM_8,0.03342590375880687
5,PM_8,0.0219293876563765
6,PM_8,0.015061759863391309
7,PM_8,0.01126344947377875
8,PM_8,0.009245926258216939
9,PM_8,0.00819004515173609
10,PM_8,0.0076311915963629484
11,PM_8,0.007321977141917385
12,PM_8,0.0071357823940286285
13,PM_8,0.007009503521785438
14,PM_8,0.006912278690749249
15,PM_8,0.00682922128708727
16,PM_8,0.006753223778187233
17,PM_8,0.006680918092272451
18,PM_8,0.006610716187337216
19,PM_8,0.006541870930061215
20,PM_8,0.006474030102425805
21,PM_8,0.00640702610591947
22,PM_8,0.006340777358099795
23,PM_8,0.00627524226334413
24,PM_8,0.006210397799563397
25,PM_8,0.006146229582255576
26,PM_8,0.006082727262459905
27,PM_8,0.0060198823974154814
28,PM_8,0.005957687465509796
29,PM_8,0.005896135410206022
30,PM_8,0.005835219428418113
31,PM_8,0.005774932871894265
32,PM_8,0.005715269200910355
33,PM_8,0.005656221962231805
34,PM_8,0.005597784778373452
35,PM_8,0.005539951342145324
36,PM_8,0.005482715413688358
37,PM_8,0.0054260708186941
38,PM_8,0.00537001144719459
39,PM_8,0.0053145312526317896
40,PM_8,0.0052596242510676424
1,PM_9,0.004061075728269627
2,PM_9,0.009091575350811659
3,PM_9,0.008780794139177085
4,PM_9,0.007525154186518696
5,PM_9,0.0064198293547889735
6,PM_9,0.005665611590298164
7,PM_9,0.005198809661046378
8,PM_9,0.004918440602471087
9,PM_9,0.004746928977537956
10,PM_9,0.0046353852155167595
11,PM_9,0.0045557579237463855
12,PM_9,0.004492800330702706
13,PM_9,0.004438507936245064
14,PM_9,0.004388776505604649
15,PM_9,0.004341536084346773
16,PM_9,0.004295754417343455
17,PM_9,0.004250920170205531
18,PM_9,0.004206780454988659
19,PM_9,0.004163209516599031
20,PM_9,0.004120143767559606
21,PM_9,0.004077549910812536
22,PM_9,0.004035409389548805
23,PM_9,0.003993710830529795
24,PM_9,0.003952446379032719
25,PM_9,0.003911609921491212
26,PM_9,0.0038711962220705394
27,PM_9,0.0038312005016612896
28,PM_9,0.003791618231382236
29,PM_9,0.0037524450304439287
30,PM_9,0.0037136766150536625
31,PM_9,0.0036753087724648733
32,PM_9,0.0036373373475274634
33,PM_9,0.003599758235522297
34,PM_9,0.0035625673781953995
35,PM_9,0.0035257607614450305
36,PM_9,0.0034893344138759675
37,PM_9,0.0034532844058166607
38,PM_9,0.0034176068485878867
39,PM_9,0.003382297893910873
40,PM_9,0.003347353733394565
1,PM_10,0.014024094342176299
2,PM_10,0.02645988775847426
3,PM_10,0.023762518830455874
4,PM_10,0.017989502970547074
5,PM_10,0.01329973497805374
6,PM_10,0.010286404360915042
7,PM_10,0.008538206832826724
8,PM_10,0.007569920589071732
9,PM_10,0.007038342058999504
10,PM_10,0.006738234394884514
11,PM_10,0.006556703891992212
12,PM_10,0.00643463775599859
13,PM_10,0.006342057553105905
14,PM_10,0.006264091101437465
15,PM_10,0.006193475394887586
16,PM_10,0.0061267033872950015
17,PM_10,0.006062094874008306
18,PM_10,0.005998848467905302
19,PM_10,0.005936582036933187
20,PM_10,0.005875112208544934
21,PM_10,0.005814349405094913
22,PM_10,0.005754248175872554
23,PM_10,0.005694783801051003
24,PM_10,0.005635941307047625
25,PM_10,0.005577710320183242
26,PM_10,0.005520082658112439
27,PM_10,0.005463051202445689
28,PM_10,0.005406609370305633
29,PM_10,0.005350750865872012
30,PM_10,0.005295469562958015
31,PM_10,0.0052407594490492945
32,PM_10,0.005186614598279367
33,PM_10,0.005133029158099764
34,PM_10,0.005079997342477455
35,PM_10,0.005027513428231862
36,PM_10,0.004975571752899643
37,PM_10,0.004924166713353786
38,PM_10,0.004873292764801933
39,PM_10,0.004822944419979845
40,PM_10,0.004773116248448304
1,PM_11,-0.08687109638741922
2,PM_11,-0.06244246032187066
3,PM_11,-0.03509247713197227
4,PM_11,-0.016944998503970448
5,PM_11,-0.006643798726550305
6,PM_11,-0.001221641328156715
7,PM_11,0.00150131899783033
8,PM_11,0.002819575562439118
9,PM_11,0.00343380541381803
10,PM_11,0.003704099928728762
11,PM_11,0.0038095049229944704
12,PM_11,0.0038370420986142146
13,PM_11,0.003828311253789393
14,PM_11,0.0038029497456117697
15,PM_11,0.0037701355481304165
16,PM_11,0.003734122924271715
17,PM_11,0.003696869476644014
18,PM_11,0.003659269524356591
19,PM_11,0.0036217282304201945
20,PM_11,0.003584426984345642
21,PM_11,0.0035474453424447164
22,PM_11,0.0035108167632870967
23,PM_11,0.0034745539583666677
24,PM_11,0.0034386603672692745
25,PM_11,0.003403135325973098
26,PM_11,0.003367976381626991
27,PM_11,0.0033331803224594054
28,PM_11,0.003298743632228323
29,PM_11,0.0032646626885539528
30,PM_11,0.0032309338481458466
31,PM_11,0.0031975534825811162
32,PM_11,0.0031645179927557686
33,PM_11,0.0031318238143124384
34,PM_11,0.0030994674193570606
35,PM_11,0.0030674453167167273
36,PM_11,0.0030357540516680924
37,PM_11,0.003004390205503945
38,PM_11,0.002973350395073194
39,PM_11,0.0029426312723370507
40,PM_11,0.0029122295239500744
1,PM_12,-0.020167708373440195
2,PM_12,-0.0066074237271143655
3,PM_12,0.0005181309059440857
4,PM_12,0.003305031771351145
5,PM_12,0.0041615735987331265
6,PM_12,0.004323361133515511
7,PM_12,0.00427913053956841
8,PM_12,0.004194143226453297
9,PM_12,0.004114432985101736
10,PM_12,0.004047637515070638
11,PM_12,0.003991397034583206
12,PM_12,0.003942114673634091
13,PM_12,0.0038970651996574892
14,PM_12,0.003854536820942662
15,PM_12,0.003813544097770583
16,PM_12,0.00377354659841782
17,PM_12,0.0037342561736391257
18,PM_12,0.0036955213484015275
19,PM_12,0.003657262587276775
20,PM_12,0.0036194375139966387
21,PM_12,0.0035820227170851936
22,PM_12,0.0035450043996556814
23,PM_12,0.0035083736301488927
24,PM_12,0.0034721239472502246
25,PM_12,0.003436250156248503
26,PM_12,0.0034007477243400567
27,PM_12,0.003365612476042586
28,PM_12,0.0033308404389398288
29,PM_12,0.00329642776491087
30,PM_12,0.0032623706894475035
31,PM_12,0.003228665510327974
32,PM_12,0.003195308576218542
33,PM_12,0.0031622962804229503
34,PM_12,0.003129625057334415
35,PM_12,0.0030972913803254906
36,PM_12,0.003065291760413729
37,PM_12,0.00303362274535222
38,PM_12,0.00300228091895629
39,PM_12,0.0029712629005637487
40,PM_12,0.0029405653445720094
1,PL_1,0.07440718018629092
2,PL_1,0.11108545123355175
3,PL_1,0.08360609893052089
4,PL_1,0.055481771307372106
5,PL_1,0.03683626387544405
6,PL_1,0.026088118402732268
7,PL_1,0.02028206848678872
8,PL_1,0.017238741193736466
9,PL_1,0.01565002728899767
10,PL_1,0.014799711777289708
11,PL_1,0.014315402168612795
12,PL_1,0.01400972508414645
13,PL_1,0.01379049494117806
14,PL_1,0.01361308342080989
15,PL_1,0.01345614197429056
16,PL_1,0.013309549029380528
17,PL_1,0.013168536761328526
18,PL_1,0.01303086822225926
19,PL_1,0.01289549471295478
20,PL_1,0.012761922388153418
21,PL_1,0.012629915378344875
22,PL_1,0.012499357363883622
23,PL_1,0.012370187303716975
24,PL_1,0.012242369697059089
25,PL_1,0.012115880862016457
26,PL_1,0.01199070261864582
27,PL_1,0.01186681938573036
28,PL_1,0.011744216847942964
29,PL_1,0.011622881344153936
30,PL_1,0.011502799586454261
31,PL_1,0.011383958530702377
32,PL_1,0.011266345316459892
33,PL_1,0.01114994723870299
34,PL_1,0.011034751734094642
35,PL_1,0.010920746373939128
36,PL_1,0.010807918860212063
37,PL_1,0.010696257023013276
38,PL_1,0.0105857488186841
39,PL_1,0.010476382328239909
40,PL_1,0.010368145755957013
1,PL_2,0.07440538099744577
2,PL_2,0.11107585329306999
3,PL_2,0.08360058882715483
4,PL_2,0.05547909417942995
5,PL_2,0.036835235131276595
6,PL_2,0.026087972662199473
7,PL_2,0.020282372424879968
8,PL_2,0.017239265434849597
9,PL_2,0.015650655237020108
10,PL_2,0.014800385742569798
11,PL_2,0.014316094156030672
12,PL_2,0.014010421713017836
13,PL_2,0.013791189901771082
14,PL_2,0.013613773781688536
15,PL_2,0.013456826402661498
16,PL_2,0.013310226943283385
17,PL_2,0.01316920792928593
18,PL_2,0.013031532575498942
19,PL_2,0.012896152257793322
20,PL_2,0.012762573165277766
21,PL_2,0.01263055944394572
22,PL_2,0.01249999478093292
23,PL_2,0.01237081813794185
24,PL_2,0.012242994015085907
25,PL_2,0.012116498730516765
26,PL_2,0.011991314103944752
27,PL_2,0.011867424553628535
28,PL_2,0.011744815763637208
29,PL_2,0.011623474072203798
30,PL_2,0.011503386190769802
31,PL_2,0.011384539074541986
32,PL_2,0.011266919862432645
33,PL_2,0.011150515848773272
34,PL_2,0.011035314469587769
35,PL_2,0.010921303295547427
36,PL_2,0.010808470028001123
37,PL_2,0.010696802496428294
38,PL_2,0.010586288656556206
39,PL_2,0.01047691658879247
40,PL_2,0.010368674496811902
1,PL_3,0.07440411901363181
2,PL_3,0.1110690549693379
3,PL_3,0.0835961095966379
4,PL_3,0.0554761078910946
5,PL_3,0.036833089109465686
6,PL_3,0.02608627097484714
7,PL_3,0.020280899496476847
8,PL_3,0.017237910495227122
9,PL_3,0.01564936334867237
10,PL_3,0.014799130278570513
11,PL_3,0.014314862398395538
12,PL_3,0.014009207629987449
13,PL_3,0.013789990625335242
14,PL_3,0.013612587923175755
15,PL_3,0.013455653258904384
16,PL_3,0.01330906612665699
17,PL_3,0.013168059196816392
18,PL_3,0.013030395750501932
19,PL_3,0.01289502719416525
20,PL_3,0.012761459731313004
21,PL_3,0.012629457515039227
22,PL_3,0.01249890423630424
23,PL_3,0.012369738859169583
24,PL_3,0.012241925885452946
25,PL_3,0.01211544163471651
26,PL_3,0.011990267927946862
27,PL_3,0.011866389184614806
28,PL_3,0.011743791089967733
29,PL_3,0.01162245998339628
30,PL_3,0.011502382577484316
31,PL_3,0.011383545828568065
32,PL_3,0.011265936876677329
33,PL_3,0.01114954301724955
34,PL_3,0.011034351687403214
35,PL_3,0.010920350458892971
36,PL_3,0.010807527034139916
37,PL_3,0.010695869243684694
38,PL_3,0.0105853650443048
39,PL_3,0.010476002517447291
40,PL_3,0.010367769867815676
1,PL_4,0.07440598129360047
2,PL_4,0.11109018224701998
3,PL_4,0.08360875257677185
4,PL_4,0.055483046464411837
5,PL_4,0.03683675336315981
6,PL_4,0.02608819213158945
7,PL_4,0.02028193211579634
8,PL_4,0.017238502403520744
9,PL_4,0.015649740437057538
10,PL_4,0.014799403637295512
11,PL_4,0.014315085693951233
12,PL_4,0.014009406453132468
13,PL_4,0.013790177062576374
14,PL_4,0.013612767644058967
15,PL_4,0.01345582891194668
16,PL_4,0.013309238948350696
17,PL_4,0.013168229767411423
18,PL_4,0.013030564346608847
19,PL_4,0.012895193952371676
20,PL_4,0.012761624723776245
21,PL_4,0.012629620784288417
22,PL_4,0.012499065811217618
23,PL_4,0.012369898762293097
24,PL_4,0.01224208413634696
25,PL_4,0.012115598251484488
26,PL_4,0.011990422927933508
27,PL_4,0.011866542584725115
28,PL_4,0.011743942906813397
29,PL_4,0.011622610233363266
30,PL_4,0.011502531276764675
31,PL_4,0.011383692993175355
32,PL_4,0.011266082522454618
33,PL_4,0.011149687159873977
34,PL_4,0.011034494342389015
35,PL_4,0.010920491641593725
36,PL_4,0.010807666759750523
37,PL_4,0.010696007527243102
38,PL_4,0.010585501900693723
39,PL_4,0.010476137961395805
40,PL_4,0.010367903913900836
1,PL_5,0.07440319264994874
2,PL_5,0.1110797288229346
3,PL_5,0.08360279318601307
4,PL_5,0.055480129468091194
5,PL_5,0.03683558852361378
6,PL_5,0.026087960615092772
7,PL_5,0.0202821744270328
8,PL_5,0.01723897660294706
9,PL_5,0.015650323972787615
10,PL_5,0.014800036021054896
11,PL_5,0.01431573762368245
12,PL_5,0.014010063940248011
13,PL_5,0.01379083351490095
14,PL_5,0.013613419998412748
15,PL_5,0.013456475773231422
16,PL_5,0.013309879704152533
17,PL_5,0.013168864170348248
18,PL_5,0.013031192318624827
19,PL_5,0.012895815493506206
20,PL_5,0.012762239869805934
21,PL_5,0.012630229587121233
22,PL_5,0.012499668329839491
23,PL_5,0.012370495058594815
24,PL_5,0.012242674273203712
25,PL_5,0.01211618229187383
26,PL_5,0.011991000934531693
27,PL_5,0.011867114619723956
28,PL_5,0.011744509031838733
29,PL_5,0.011623170509440542
30,PL_5,0.011503085764306153
31,PL_5,0.011384241751977575
32,PL_5,0.011266625611700411
33,PL_5,0.011150224638136773
34,PL_5,0.011035026267638144
35,PL_5,0.010921018071200137
36,PL_5,0.010808187750492696
37,PL_5,0.010696523135313066
38,PL_5,0.010586012181703028
39,PL_5,0.010476642970381513
40,PL_5,0.010368403705331396
1,PL_6,0.07440452523283621
2,PL_6,0.11108049589552474
3,PL_6,0.08360324796382343
4,PL_6,0.05548030867739135
5,PL_6,0.03683559338414035
6,PL_6,0.026087868189753925
7,PL_6,0.02028203147742654
8,PL_6,0.017238808889053964
9,PL_6,0.015650144947972545
10,PL_6,0.014799852476754097
11,PL_6,0.014315552906422297
12,PL_6,0.014009879667128897
13,PL_6,0.013790650452497173
14,PL_6,0.01361323850127819
15,PL_6,0.013456295998623568
16,PL_6,0.013309701715733683
17,PL_6,0.013168687987742891
18,PL_6,0.013031017940907585
19,PL_6,0.012895642910260813
20,PL_6,0.012762069066304177
21,PL_6,0.012630060546737234
22,PL_6,0.012499501035170698
23,PL_6,0.012370329491980456
24,PL_6,0.012242510416963446
25,PL_6,0.01211602012841689
26,PL_6,0.011990840446406146
27,PL_6,0.01186695578963841
28,PL_6,0.011744351842671336
29,PL_6,0.0116230149442421
30,PL_6,0.011502931806300649
31,PL_6,0.011384089384561372
32,PL_6,0.011266474818441015
33,PL_6,0.011150075402771256
34,PL_6,0.011034878574071478
35,PL_6,0.01092087190350356
36,PL_6,0.010808043092901965
37,PL_6,0.010696379972226819
38,PL_6,0.010585870497681059
39,PL_6,0.010476502750143127
40,PL_6,0.010368264933753781
1,PL_7,0.0744084834258765
2,PL_7,0.11111096380514801
3,PL_7,0.08361954914786825
4,PL_7,0.05548729132329394
5,PL_7,0.03683728137225468
6,PL_7,0.026086761490981648
7,PL_7,0.020279519391207444
8,PL_7,0.01723561927575105
9,PL_7,0.015646645522205085
10,PL_7,0.014796224469355588
11,PL_7,0.014311884015931487
12,PL_7,0.014006211692013128
13,PL_7,0.013787003016930923
14,PL_7,0.013609620641925963
15,PL_7,0.013452711742496919
16,PL_7,0.013306152736603806
17,PL_7,0.01316517486085707
18,PL_7,0.013027540731865878
19,PL_7,0.012892201450024935
20,PL_7,0.012758663079134116
21,PL_7,0.012626689709531682
22,PL_7,0.012496165004926958
23,PL_7,0.012367027918476728
24,PL_7,0.01223924294860367
25,PL_7,0.012112786414915208
26,PL_7,0.011987640140011108
27,PL_7,0.011863788545681986
28,PL_7,0.011741217319805446
29,PL_7,0.011619912804530253
30,PL_7,0.01149986171524216
31,PL_7,0.011381051011084229
32,PL_7,0.011263467834880097
33,PL_7,0.011147099484839825
34,PL_7,0.01103193340082958
35,PL_7,0.01091795715732507
36,PL_7,0.010805158459441275
37,PL_7,0.010693525140385305
38,PL_7,0.010583045159573852
39,PL_7,0.010473706601065988
40,PL_7,0.010365497672150321
1,PL_8,0.07440774587944204
2,PL_8,0.11105174763563017
3,PL_8,0.08358683284331005
4,PL_8,0.05547225015572066
5,PL_8,0.03683234365571325
6,PL_8,0.02608717745508656
7,PL_8,0.020282638956192128
8,PL_8,0.01724005152625417
9,PL_8,0.01565168718135003
10,PL_8,0.014801528788848358
11,PL_8,0.014317283153873374
12,PL_8,0.014011625603786753
13,PL_8,0.013792394060004239
14,PL_8,0.013614971408949055
15,PL_8,0.013458014394295285
16,PL_8,0.013311403925128997
17,PL_8,0.013170373332996083
18,PL_8,0.013032686205921037
19,PL_8,0.01289729409163166
20,PL_8,0.012763703257789003
21,PL_8,0.012631677885847434
22,PL_8,0.012501101678558469
23,PL_8,0.012371913604123047
24,PL_8,0.012244078164974108
25,PL_8,0.012117571679672881
26,PL_8,0.011992375967470192
27,PL_8,0.01186847544577335
28,PL_8,0.011745855797626839
29,PL_8,0.011624503360165937
30,PL_8,0.011504404843707156
31,PL_8,0.011385547202326034
32,PL_8,0.01126791757380705
33,PL_8,0.011151503251361636
34,PL_8,0.01103629166990339
35,PL_8,0.010922270399003894
36,PL_8,0.010809427138923241
37,PL_8,0.010697749718063166
38,PL_8,0.010587226091084218
39,PL_8,0.010477844337338312
40,PL_8,0.01036959265945543
1,PL_9,0.0744058745625825
2,PL_9,0.11116675474719165
3,PL_9,0.08365145365365742
4,PL_9,0.05550313809191871
5,PL_9,0.03684391143294397
6,PL_9,0.02608849118378274
7,PL_9,0.020278762938708346
8,PL_9,0.017233645079149495
9,PL_9,0.01564409507243995
10,PL_9,0.01479341402097198
11,PL_9,0.01430896664031946
12,PL_9,0.014003260425624248
13,PL_9,0.013784052276458944
14,PL_9,0.013606686433117377
15,PL_9,0.01344980137530305
16,PL_9,0.01330326944378623
17,PL_9,0.013162319974984007
18,PL_9,0.013024714704640892
19,PL_9,0.012889404327076665
20,PL_9,0.012755894720258775
21,PL_9,0.012623949890527644
22,PL_9,0.012493453464560801
23,PL_9,0.01236434438009957
24,PL_9,0.012236587130081755
25,PL_9,0.012110158033182016
26,PL_9,0.011985038913146112
27,PL_9,0.011861214193852465
28,PL_9,0.01173866956568549
29,PL_9,0.01161739137347896
30,PL_9,0.01149736633537102
31,PL_9,0.01137858141327319
32,PL_9,0.011261023752769994
33,PL_9,0.011144680654813893
34,PL_9,0.01102953956198994
35,PL_9,0.010915588051467012
36,PL_9,0.01080281383102659
37,PL_9,0.010691204736515357
38,PL_9,0.010580748729962565
39,PL_9,0.010471433898013057
40,PL_9,0.010363248450514555
1,PL_10,0.07440612074051085
2,PL_10,0.11102543004273865
3,PL_10,0.08357586306797737
4,PL_10,0.05546790501488715
5,PL_10,0.03683087223605974
6,PL_10,0.02608695559377736
7,PL_10,0.02028295982621096
8,PL_10,0.017240606357086033
9,PL_10,0.015652340699819276
10,PL_10,0.014802221604477597
11,PL_10,0.014317989158448322
12,PL_10,0.014012333321313743
13,PL_10,0.013793098460568084
14,PL_10,0.01361567030748666
15,PL_10,0.013458706863224649
16,PL_10,0.013312089593404927
17,PL_10,0.013171052076072545
18,PL_10,0.013033358008395455
19,PL_10,0.012897958986294115
20,PL_10,0.012764361298530643
21,PL_10,0.0126323291355978
22,PL_10,0.012501746203904868
23,PL_10,0.012372551472906465
24,PL_10,0.012244709445213928
25,PL_10,0.012118196439086173
26,PL_10,0.011992994273258046
27,PL_10,0.011869087364527457
28,PL_10,0.011746461395290472
29,PL_10,0.011625102702019729
30,PL_10,0.011504997994366143
31,PL_10,0.011386134225741966
32,PL_10,0.011268498533273002
33,PL_10,0.01115207820951778
34,PL_10,0.011036860688743254
35,PL_10,0.010922833539880737
36,PL_10,0.010809984462556604
37,PL_10,0.010698301284545353
38,PL_10,0.010587771959886739
39,PL_10,0.010478384567318305
40,PL_10,0.010370127308861988
1,PL_11,0.07440726775183344
2,PL_11,0.11110239206227547
3,PL_11,0.08361540571140165
4,PL_11,0.05548620786203743
5,PL_11,0.03683797143092982
6,PL_11,0.026088395458864128
7,PL_11,0.020281627118203728
8,PL_11,0.017237951156830553
9,PL_11,0.01564907415955674
10,PL_11,0.014798686554181676
11,PL_11,0.014314348719311707
12,PL_11,0.014008664269335882
13,PL_11,0.013789436557941582
14,PL_11,0.013612032005434514
15,PL_11,0.013455099583207708
16,PL_11,0.013308516558160665
17,PL_11,0.013167514565292563
18,PL_11,0.013029856406663112
19,PL_11,0.012894493268002388
20,PL_11,0.012760931251566444
21,PL_11,0.012628934464268536
22,PL_11,0.01249838657620658
23,PL_11,0.01236922654219587
24,PL_11,0.012241418860128559
25,PL_11,0.012114939848074695
26,PL_11,0.011989771326639751
27,PL_11,0.011865897715419106
28,PL_11,0.011743304700013555
29,PL_11,0.01162197862026914
30,PL_11,0.011501906189269096
31,PL_11,0.011383074363866394
32,PL_11,0.011265470284612663
33,PL_11,0.011149081247466717
34,PL_11,0.011033894690065308
35,PL_11,0.0109198981846771
36,PL_11,0.01080707943423243
37,PL_11,0.01069542626977615
38,PL_11,0.01058492664858493
39,PL_11,0.01047556865259988
40,PL_11,0.010367340487013484
1,PL_12,0.0744042401145352
2,PL_12,0.1110863356288827
3,PL_12,0.08360737846437719
4,PL_12,0.05548245783304416
5,PL_12,0.03683639520198779
6,PL_12,0.026087891080454548
7,PL_12,0.020281639498224303
8,PL_12,0.01723820776696175
9,PL_12,0.015649443595579356
10,PL_12,0.014799106298978194
11,PL_12,0.014314789336786125
12,PL_12,0.014009112018503045
13,PL_12,0.013789885076080808
14,PL_12,0.013612478373710506
15,PL_12,0.013455542481271203
16,PL_12,0.013308955404281314
17,PL_12,0.013167949117768843
18,PL_12,0.01303028657980168
19,PL_12,0.01289491904742472
20,PL_12,0.012761352655321504
21,PL_12,0.012629351525007743
22,PL_12,0.012498799333022382
23,PL_12,0.012369635036887355
24,PL_12,0.012241823135493398
25,PL_12,0.012115339947128306
26,PL_12,0.011990167292258916
27,PL_12,0.011866289590180183
28,PL_12,0.011743692526119969
29,PL_12,0.011622362439520027
30,PL_12,0.01150228604304698
31,PL_12,0.01138345029313364
32,PL_12,0.011265842329912113
33,PL_12,0.011149449448924154
34,PL_12,0.011034259087392907
35,PL_12,0.01092025881717723
36,PL_12,0.010807436340801656
37,PL_12,0.01069577948890934
38,PL_12,0.010585276218379302
39,PL_12,0.010475914610759075
40,PL_12,0.010367682870851653
1,MC_1,-0.02781170931187299
2,MC_1,-0.013373632524119312
3,MC_1,-0.005788992510119464
4,MC_1,-0.0015519205637217206
5,MC_1,0.00073032873212486
6,MC_1,0.0019197867873889701
7,MC_1,0.0025186987671756457
8,MC_1,0.0028067525714333364
9,MC_1,0.0029347076706609993
10,MC_1,0.002981759543139739
11,MC_1,0.0029886351382455256
12,MC_1,0.002975908047669551
13,MC_1,0.002953814199372519
14,MC_1,0.002927379172240839
15,MC_1,0.0028990411576116206
16,MC_1,0.0028699698222703217
17,MC_1,0.002840719894059632
18,MC_1,0.00281155104281072
19,MC_1,0.0027825827275695654
20,MC_1,0.002753868411618748
21,MC_1,0.002725430801044716
22,MC_1,0.002697278424349428
23,MC_1,0.0026694133604566396
24,MC_1,0.0026418348047592584
25,MC_1,0.0026145406959364502
26,MC_1,0.002587528447972202
27,MC_1,0.002560795273827201
28,MC_1,0.0025343383251971623
29,MC_1,0.002508154750801969
30,MC_1,0.0024822417193755756
31,MC_1,0.002456596427834552
32,MC_1,0.002431216103517143
33,MC_1,0.0024060980042400256
34,MC_1,0.002381239417681439
35,MC_1,0.002356637660653081
36,MC_1,0.002332290078439733
37,MC_1,0.0023081940442413644
38,MC_1,0.0022843469587052133
39,MC_1,0.0022607462495252595
40,MC_1,0.0022373893710886618
1,MC_2,0.022066975401800054
2,MC_2,0.028834584982559346
3,MC_2,0.021709624924106923
4,MC_2,0.01449449462452877
5,MC_2,0.009596513146003979
6,MC_2,0.006705910659646212
7,MC_2,0.00511286887912439
8,MC_2,0.004264696606634299
9,MC_2,0.003817601782527677
10,MC_2,0.0035781191537313174
11,MC_2,0.003443350678830165
12,MC_2,0.0033604943040434648
13,MC_2,0.003303109621727282
14,MC_2,0.0032581863857166844
15,MC_2,0.0032194045424424503
16,MC_2,0.00318372295945726
17,MC_2,0.0031496881590339755
18,MC_2,0.003116608374784474
19,MC_2,0.003084154744761261
20,MC_2,0.0030521704056093346
21,MC_2,0.0030205797098202584
22,MC_2,0.002989345270370426
23,MC_2,0.0029584477094601967
24,MC_2,0.002927876134176143
25,MC_2,0.002897623662790035
26,MC_2,0.002867685323616361
27,MC_2,0.0028380570670450177
28,MC_2,0.0028087352998076866
29,MC_2,0.002779716664503816
30,MC_2,0.00275099793457754
31,MC_2,0.0027225759638441977
32,MC_2,0.0026944476619283043
33,MC_2,0.002666609982096935
34,MC_2,0.0026390599150762604
35,MC_2,0.002611794485788158
36,MC_2,0.002584810751530825
37,MC_2,0.0025581058008846227
38,MC_2,0.002531676752988567
39,MC_2,0.0025055207570101844
40,MC_2,0.0024796349917186036
1,MC_3,-0.6577121226657388
2,MC_3,-0.2879127920621581
3,MC_3,-0.1277677456065887
4,MC_3,-0.05732142709571432
5,MC_3,-0.026120490724295852
6,MC_3,-0.012238597761497386
7,MC_3,-0.006040272433601037
8,MC_3,-0.0032633877079102074
9,MC_3,-0.002014196674110117
10,MC_3,-0.0014485254843842321
11,MC_3,-0.0011891503449492178
12,MC_3,-0.0010671995913630178
13,MC_3,-0.001006974107920999
14,MC_3,-0.0009745098535316769
15,MC_3,-0.0009545599287894729
16,MC_3,-0.0009402784300808556
17,MC_3,-0.0009285918576774736
18,MC_3,-0.0009181208629580065
19,MC_3,-0.0009082467425666263
20,MC_3,-0.000898692102779435
21,MC_3,-0.0008893325433934881
22,MC_3,-0.0008801121418046137
23,MC_3,-0.0008710055618019898
24,MC_3,-0.0008620010915845604
25,MC_3,-0.0008530930668628182
26,MC_3,-0.0008442784960719892
27,MC_3,-0.000835555563113381
28,MC_3,-0.000826922966596505
29,MC_3,-0.0008183796303352159
30,MC_3,-0.0008099245777547022
31,MC_3,-0.000801556878152083
32,MC_3,-0.0007932756241464309
33,MC_3,-0.0007850799224800704
34,MC_3,-0.0007769688904208102
35,MC_3,-0.0007689416544429397
36,MC_3,-0.0007609973497905545
37,MC_3,-0.0007531351203533906
38,MC_3,-0.0007453541186334453
39,MC_3,-0.0007376535057231841
40,MC_3,-0.0007300324512718605
1,MC_4,0.09084992989872469
2,MC_4,0.07866823962030797
3,MC_4,0.04915052957997876
4,MC_4,0.027169076907694146
5,MC_4,0.013902214532633458
6,MC_4,0.006607803354686867
7,MC_4,0.0028039148121730218
8,MC_4,0.0008876194066932023
9,MC_4,-5.350031169604529e-5
10,MC_4,-0.0005056329868807103
11,MC_4,-0.0007176285498253844
12,MC_4,-0.0008134857095880951
13,MC_4,-0.0008538313574084375
14,MC_4,-0.0008678978934638296
15,MC_4,-0.0008696327408681884
16,MC_4,-0.0008656368138471429
17,MC_4,-0.000859014430870813
18,MC_4,-0.0008512182231506451
19,MC_4,-0.0008429251845922789
20,MC_4,-0.0008344497225445472
21,MC_4,-0.0008259373336464729
22,MC_4,-0.0008174550274318656
23,MC_4,-0.0008090334055716106
24,MC_4,-0.0008006861972894029
25,MC_4,-0.0007924193147063871
26,MC_4,-0.0007842350471989416
27,MC_4,-0.0007761340043633475
28,MC_4,-0.0007681160169443056
29,MC_4,-0.0007601805554048324
30,MC_4,-0.0007523269249872668
31,MC_4,-0.0007445543570009513
32,MC_4,-0.0007368620517781209
33,MC_4,-0.0007292491990197657
34,MC_4,-0.0007217149875017146
35,MC_4,-0.0007142586097358299
36,MC_4,-0.0007068792642166709
37,MC_4,-0.0006995761564995262
38,MC_4,-0.0006923484997054678
39,MC_4,-0.0006851955147414406
40,MC_4,-0.0006781164303764703
1,MC_5,-0.0388646439539216
2,MC_5,-0.018994323990739744
3,MC_5,-0.008362795395002348
4,MC_5,-0.0024085830596469416
5,MC_5,0.0007440361061409623
6,MC_5,0.002328984302642506
7,MC_5,0.00308873079401355
8,MC_5,0.0034328678039983835
9,MC_5,0.003574317250718441
10,MC_5,0.0036193288148023586
11,MC_5,0.003619393045685157
12,MC_5,0.00359892515722407
13,MC_5,0.0035693077254873667
14,MC_5,0.0035357746670019357
15,MC_5,0.0035007039418141887
16,MC_5,0.003465163667737561
17,MC_5,0.003429627685160976
18,MC_5,0.003394302840277746
19,MC_5,0.0033592771663069686
20,MC_5,0.003324586357520049
21,MC_5,0.003290243321922911
22,MC_5,0.0032562511953926074
23,MC_5,0.003222609010898993
24,MC_5,0.0031893141353576556
25,MC_5,0.0031563632987435465
26,MC_5,0.003123753017958277
27,MC_5,0.0030914797648610177
28,MC_5,0.0030595400287146855
29,MC_5,0.0030279303366032096
30,MC_5,0.0029966472580882897
31,MC_5,0.0029656874045909005
32,MC_5,0.0029350474274500884
33,MC_5,0.002904724015997302
34,MC_5,0.002874713895994191
35,MC_5,0.0028450138284429553
36,MC_5,0.0028156206086875813
37,MC_5,0.0027865310657190765
38,MC_5,0.0027577420616163263
39,MC_5,0.0027292504910744805
40,MC_5,0.00270105328098921
1,MC_6,0.0278399242222859
2,MC_6,0.04347285050412505
3,MC_6,0.03362451131482925
4,MC_6,0.022846861408774715
5,MC_6,0.01548493098135666
6,MC_6,0.011157486213234964
7,MC_6,0.008785530247346306
8,MC_6,0.007527129717338374
9,MC_6,0.006862886265654409
10,MC_6,0.0065034173527205195
11,MC_6,0.006296348059699148
12,MC_6,0.006164241865403092
13,MC_6,0.0060686803608670835
14,MC_6,0.00599092608415138
15,MC_6,0.005921953883008808
16,MC_6,0.005857456393625293
17,MC_6,0.005795391123703752
18,MC_6,0.005734793196659543
19,MC_6,0.005675206954915279
20,MC_6,0.005616416112507256
21,MC_6,0.0055583164721795
22,MC_6,0.005500856187753036
23,MC_6,0.005444007833912618
24,MC_6,0.005387755383579967
25,MC_6,0.00533208814706613
26,MC_6,0.005276997953792513
27,MC_6,0.005222477841661116
28,MC_6,0.00516852144679583
29,MC_6,0.005115122718639134
30,MC_6,0.005062275786336469
31,MC_6,0.005009974895610781
32,MC_6,0.004958214378587782
33,MC_6,0.004906988639096064
34,MC_6,0.0048562921452810414
35,MC_6,0.004806119425704433
36,MC_6,0.0047564650671226005
37,MC_6,0.00470732371308461
38,MC_6,0.004658690062937419
39,MC_6,0.004610558871037832
40,MC_6,0.004562924946072481
1,MC_7,0.041299067522511786
2,MC_7,0.04927779052237729
3,MC_7,0.03517999542530744
4,MC_7,0.022295247149265795
5,MC_7,0.01392151530474432
6,MC_7,0.009122096051240858
7,MC_7,0.006539137705823774
8,MC_7,0.005194371819250266
9,MC_7,0.0045027415402484165
10,MC_7,0.004143556699566829
11,MC_7,0.00394962215025231
12,MC_7,0.0038365252954262684
13,MC_7,0.003762579017171199
14,MC_7,0.0037075203040105365
15,MC_7,0.0036616146871502214
16,MC_7,0.003620226417451239
17,MC_7,0.0035811619209638384
18,MC_7,0.003543387589600963
19,MC_7,0.0035064172184355747
20,MC_7,0.0034700216556496043
21,MC_7,0.003434092015649821
22,MC_7,0.0033985755399422433
23,MC_7,0.003363445629268655
24,MC_7,0.0033286878774728707
25,MC_7,0.003294293573416594
26,MC_7,0.003260256679781719
27,MC_7,0.0032265724280741434
28,MC_7,0.003193236664375951
29,MC_7,0.0031602455438947555
30,MC_7,0.0031275953877502667
31,MC_7,0.003095282615391168
32,MC_7,0.0030633037123911975
33,MC_7,0.00303165521487649
34,MC_7,0.003000333701822397
35,MC_7,0.002969335791105494
36,MC_7,0.002938658137366574
37,MC_7,0.0029082974307585263
38,MC_7,0.002878250396133494
39,MC_7,0.002848513792452427
40,MC_7,0.0028190844123098767
1,MC_8,0.07916134360815735
2,MC_8,0.08926190476622785
3,MC_8,0.06435365113945676
4,MC_8,0.041188861258382815
5,MC_8,0.025953529403878763
6,MC_8,0.017161323046902714
7,MC_8,0.01241178420566821
8,MC_8,0.009934076502331303
9,MC_8,0.0086580455801381
10,MC_8,0.007994173429493356
11,MC_8,0.00763446547904464
12,MC_8,0.007423367018254582
13,MC_8,0.007284116204309072
14,MC_8,0.007179459176773486
15,MC_8,0.007091537653333995
16,MC_8,0.00701186989065303
17,MC_8,0.0069364550582684545
18,MC_8,0.0068634147631316915
19,MC_8,0.006791868986882084
20,MC_8,0.0067214047860994245
21,MC_8,0.006651826803696303
22,MC_8,0.006583040719481862
23,MC_8,0.006514999027675723
24,MC_8,0.006447675892791136
25,MC_8,0.006381055518939199
26,MC_8,0.006315126779716223
27,MC_8,0.006249880741576293
28,MC_8,0.006185309522130772
29,MC_8,0.006121405763600468
30,MC_8,0.0060581623895762625
31,MC_8,0.005995572492266167
32,MC_8,0.005933629279889319
33,MC_8,0.005872326051839533
34,MC_8,0.00581165618670385
35,MC_8,0.005751613136255337
36,MC_8,0.005692190422237906
37,MC_8,0.005633381634466337
38,MC_8,0.005575180429552734
39,MC_8,0.005517580529936228
40,MC_8,0.005460575723063062
1,MC_9,0.016215553173057107
2,MC_9,0.024113705473392207
3,MC_9,0.019317094962315342
4,MC_9,0.01400099453525762
5,MC_9,0.010310296043161317
6,MC_9,0.008102079819994034
7,MC_9,0.00686612786766229
8,MC_9,0.006191987032354096
9,MC_9,0.005821602529849952
10,MC_9,0.005609020009750168
11,MC_9,0.005476366384831184
12,MC_9,0.005383581489544709
13,MC_9,0.00531055815903428
14,MC_9,0.005247378140673612
15,MC_9,0.005189210206819589
16,MC_9,0.005133722122662524
17,MC_9,0.005079794634409012
18,MC_9,0.0050268919594779055
19,MC_9,0.004974757075827402
20,MC_9,0.004923265478955776
21,MC_9,0.0048723554467828565
22,MC_9,0.004821994947434599
23,MC_9,0.004772165989758195
24,MC_9,0.004722857238845498
25,MC_9,0.004674060534960522
26,MC_9,0.0046257692520979155
27,MC_9,0.0045779775227101785
28,MC_9,0.004530679870346307
29,MC_9,0.00448387103467005
30,MC_9,0.0044375458874637294
31,MC_9,0.004391699391849465
32,MC_9,0.004346326582161856
33,MC_9,0.004301422553766562
34,MC_9,0.004256982457716637
35,MC_9,0.00421300149779032
36,MC_9,0.004169474928718137
37,MC_9,0.004126398055014046
38,MC_9,0.004083766230119499
39,MC_9,0.0040415748557133665
40,MC_9,0.0039998193811123725
1,MC_10,0.05826257899014811
2,MC_10,0.07817945470629334
3,MC_10,0.05850188140037813
4,MC_10,0.03867206604017495
5,MC_10,0.025435493041214167
6,MC_10,0.017754781587460768
7,MC_10,0.013586804049227996
8,MC_10,0.011397500271394745
9,MC_10,0.010255920585512864
10,MC_10,0.0096485182070926
11,MC_10,0.009306806296162885
12,MC_10,0.009095113450852767
13,MC_10,0.008946455760938983
14,MC_10,0.008828307117785095
15,MC_10,0.008725066073010585
16,MC_10,0.00862931738254049
17,MC_10,0.00853755994542575
18,MC_10,0.008448147648895454
19,MC_10,0.008360307435429455
20,MC_10,0.008273674929658565
21,MC_10,0.00818807625829298
22,MC_10,0.008103426070985855
23,MC_10,0.008019680070538672
24,MC_10,0.007936812988083469
25,MC_10,0.007854808389572733
26,MC_10,0.00777365396651241
27,MC_10,0.007693339362745623
28,MC_10,0.007613855171897397
29,MC_10,0.007535192474576823
30,MC_10,0.007457342624308018
31,MC_10,0.007380297148090944
32,MC_10,0.00730404769983528
33,MC_10,0.007228586038223704
34,MC_10,0.007153904015894055
35,MC_10,0.007079993573887524
36,MC_10,0.00700684673856169
37,MC_10,0.006934455619667146
38,MC_10,0.0068628124089803256
39,MC_10,0.00679190937920726
40,MC_10,0.006721738883022993
1,MC_11,0.03780429038012669
2,MC_11,0.06601409830750822
3,MC_11,0.051391329479745666
4,MC_11,0.03498467231073544
5,MC_11,0.023848119835907924
6,MC_11,0.017349449098535783
7,MC_11,0.013807239852518666
8,MC_11,0.011934210699541753
9,MC_11,0.010945874221036538
10,MC_11,0.010408929384997214
11,MC_11,0.010096713686275138
12,MC_11,0.009894641568338934
13,MC_11,0.009746115042694405
14,MC_11,0.009623637672008674
15,MC_11,0.0095140128726518
16,MC_11,0.009410963877227865
17,MC_11,0.009311524209424523
18,MC_11,0.00921429705132087
19,MC_11,0.00911862478045015
20,MC_11,0.009024196017918477
21,MC_11,0.008930860899438755
22,MC_11,0.008838544679184553
23,MC_11,0.008747207487498193
24,MC_11,0.008656825646233525
25,MC_11,0.008567383014332484
26,MC_11,0.008478866986012084
27,MC_11,0.008391266642076033
28,MC_11,0.008304571895974104
29,MC_11,0.008218773098956965
30,MC_11,0.008133860857028543
31,MC_11,0.008049825945638633
32,MC_11,0.007966659269530548
33,MC_11,0.007884351843492999
34,MC_11,0.007802894782820939
35,MC_11,0.007722279298307257
36,MC_11,0.007642496693363265
37,MC_11,0.0075635383621493624
38,MC_11,0.007485395788191828
39,MC_11,0.007408060543238645
40,MC_11,0.007331524286236704
1,MC_12,0.061962596422632306
2,MC_12,0.0880585263732336
3,MC_12,0.06547656102464579
4,MC_12,0.042993898464877826
5,MC_12,0.028147487337039562
6,MC_12,0.01959673979721959
7,MC_12,0.014980705096494433
8,MC_12,0.012565025636770562
9,MC_12,0.011308725085004459
10,MC_12,0.010641429205726216
11,MC_12,0.010266303364364357
12,MC_12,0.010033849377329812
13,MC_12,0.009870444977341493
14,MC_12,0.009740414013092091
15,MC_12,0.009626673565227561
16,MC_12,0.00952111641084921
17,MC_12,0.00941991986151829
18,MC_12,0.009321288808499638
19,MC_12,0.00922438117477517
20,MC_12,0.009128800454255378
21,MC_12,0.009034357591565529
22,MC_12,0.008940959816097181
23,MC_12,0.008848558955997883
24,MC_12,0.008757127485011455
25,MC_12,0.008666647449813245
26,MC_12,0.0085771053611407
27,MC_12,0.00848848983948933
28,MC_12,0.008400790530741668
29,MC_12,0.008313997606515904
30,MC_12,0.00822810153354161
31,MC_12,0.008143092966795605
32,MC_12,0.008058962699600172
33,MC_12,0.007975701639972915
34,MC_12,0.007893300799102205
35,MC_12,0.007811751285443062
36,MC_12,0.00773104430143181
37,MC_12,0.007651171141430607
38,MC_12,0.007572123190256196
39,MC_12,0.0074938919219912975
40,MC_12,0.007416468898936723
1,A_1,0.0
2,A_1,-5.3876697627573006e-18
3,A_1,-4.8103565165152136e-18
4,A_1,-3.2211787518883726e-18
5,A_1,-1.9173432278171083e-18
6,A_1,-1.0699320040550961e-18
7,A_1,-5.7317036283611515e-19
8,A_1,-2.9852232627866936e-19
9,A_1,-1.5230531732887405e-19
10,A_1,-7.649162545879152e-20
11,A_1,-3.794177829367556e-20
12,A_1,-1.8631879583384683e-20
13,A_1,-9.073848652958186e-21
14,A_1,-4.3883366708584346e-21
15,A_1,-2.1097496522484316e-21
16,A_1,-1.0091145053823665e-21
17,A_1,-4.805244320831633e-22
18,A_1,-2.279243444697607e-22
19,A_1,-1.077359386257199e-22
20,A_1,-5.076775946943707e-23
21,A_1,-2.3856717804519597e-23
22,A_1,-1.1182690212776616e-23
23,A_1,-5.229931272218242e-24
24,A_1,-2.440885674365479e-24
25,A_1,-1.137043672596741e-24
26,A_1,-5.287522328073415e-25
27,A_1,-2.454888973467132e-25
28,A_1,-1.138068945647321e-25
29,A_1,-5.268768801250672e-26
30,A_1,-2.436101672036034e-26
31,A_1,-1.1250322401849935e-26
32,A_1,-5.1898129924823046e-27
33,A_1,-2.3915876110374898e-27
34,A_1,-1.1010234229072938e-27
35,A_1,-5.064164877786606e-28
36,A_1,-2.3272512153411456e-28
37,A_1,-1.0686217856720532e-28
38,A_1,-4.903086426968864e-29
39,A_1,-2.2480073288869222e-29
40,A_1,-1.0299710899696577e-29
1,A_2,0.0
2,A_2,-1.6008380084957074e-18
3,A_2,-1.429300956655434e-18
4,A_2,-9.571086583344409e-19
5,A_2,-5.697000836314513e-19
6,A_2,-3.179088351771609e-19
7,A_2,-1.703060771307827e-19
8,A_2,-8.869992173515842e-20
9,A_2,-4.5254470227826666e-20
10,A_2,-2.2727952298134917e-20
11,A_2,-1.1273638414569173e-20
12,A_2,-5.536089315083194e-21
13,A_2,-2.6961121313343297e-21
14,A_2,-1.3039062240500937e-21
15,A_2,-6.268697935193119e-22
16,A_2,-2.998381352745912e-22
17,A_2,-1.427781970244339e-22
18,A_2,-6.77231474376653e-23
19,A_2,-3.2011573282611315e-23
20,A_2,-1.508462146782555e-23
21,A_2,-7.088545196928756e-24
22,A_2,-3.3227121034018594e-24
23,A_2,-1.553969179822667e-24
24,A_2,-7.252602208338045e-25
25,A_2,-3.3784972141293155e-25
26,A_2,-1.5710812069553747e-25
27,A_2,-7.29421020295053e-26
28,A_2,-3.3815436073581716e-26
29,A_2,-1.56550897260302e-26
30,A_2,-7.23838750495248e-27
31,A_2,-3.3428076518734495e-27
32,A_2,-1.5420488376590351e-27
33,A_2,-7.106122900964405e-28
34,A_2,-3.271470266826489e-28
35,A_2,-1.5047150205251221e-28
36,A_2,-6.914960205224839e-29
37,A_2,-3.175195300639408e-29
38,A_2,-1.456853789645471e-29
39,A_2,-6.679502890721742e-30
40,A_2,-3.060352510602608e-30
1,A_3,0.9999999999999999
2,A_3,0.44642273267815996
3,A_3,0.1992932562518359
4,A_3,0.08896904006027338
5,A_3,0.03971780198745993
6,A_3,0.017730929699211917
7,A_3,0.00791549008924653
8,A_3,0.0035336547161283283
9,A_3,0.0015775037947150764
10,A_3,0.0007042335548468715
11,A_3,0.00031438586799839525
12,A_3,0.0001403489983072389
13,A_3,6.265498335296004e-5
14,A_3,2.7970608884333047e-5
15,A_3,1.2486715652815978e-5
16,A_3,5.574353723905263e-6
17,A_3,2.4885182223404655e-6
18,A_3,1.1109311051366276e-6
19,A_3,4.959448997722616e-7
20,A_3,2.214010774141292e-7
21,A_3,9.88384739971044e-8
22,A_3,4.4123741655526605e-8
23,A_3,1.9697841325845347e-8
24,A_3,8.79356415254467e-9
25,A_3,3.9256469389597004e-9
26,A_3,1.7524980340200432e-9
27,A_3,7.823549613603307e-10
28,A_3,3.4926103977479514e-10
29,A_3,1.5591806779427957e-10
30,A_3,6.960536989862091e-11
31,A_3,3.107341943921649e-11
32,A_3,1.3871880819709683e-11
33,A_3,6.192722942920552e-12
34,A_3,2.76457229889733e-12
35,A_3,1.2341679203600889e-12
36,A_3,5.509606155908727e-13
37,A_3,2.4596134361011864e-13
38,A_3,1.0980273514762105e-13
39,A_3,4.9018437080137236e-14
40,A_3,2.1882944632927313e-14
1,A_4,-0.0
2,A_4,0.0
3,A_4,0.0
4,A_4,0.0
5,A_4,0.0
6,A_4,0.0
7,A_4,0.0
8,A_4,0.0
9,A_4,0.0
10,A_4,0.0
11,A_4,0.0
12,A_4,0.0
13,A_4,0.0
14,A_4,0.0
15,A_4,0.0
16,A_4,0.0
17,A_4,0.0
18,A_4,0.0
19,A_4,0.0
20,A_4,0.0
21,A_4,0.0
22,A_4,0.0
23,A_4,0.0
24,A_4,0.0
25,A_4,0.0
26,A_4,0.0
27,A_4,0.0
28,A_4,0.0
29,A_4,0.0
30,A_4,0.0
31,A_4,0.0
32,A_4,0.0
33,A_4,0.0
34,A_4,0.0
35,A_4,0.0
36,A_4,0.0
37,A_4,0.0
38,A_4,0.0
39,A_4,0.0
40,A_4,0.0
1,A_5,0.0
2,A_5,0.0
3,A_5,0.0
4,A_5,0.0
5,A_5,0.0
6,A_5,0.0
7,A_5,0.0
8,A_5,0.0
9,A_5,0.0
10,A_5,0.0
11,A_5,0.0
12,A_5,0.0
13,A_5,0.0
14,A_5,0.0
15,A_5,0.0
16,A_5,0.0
17,A_5,0.0
18,A_5,0.0
19,A_5,0.0
20,A_5,0.0
21,A_5,0.0
22,A_5,0.0
23,A_5,0.0
24,A_5,0.0
25,A_5,0.0
26,A_5,0.0
27,A_5,0.0
28,A_5,0.0
29,A_5,0.0
30,A_5,0.0
31,A_5,0.0
32,A_5,0.0
33,A_5,0.0
34,A_5,0.0
35,A_5,0.0
36,A_5,0.0
37,A_5,0.0
38,A_5,0.0
39,A_5,0.0
40,A_5,0.0
1,A_6,0.0
2,A_6,0.0
3,A_6,0.0
4,A_6,0.0
5,A_6,0.0
6,A_6,0.0
7,A_6,0.0
8,A_6,0.0
9,A_6,0.0
10,A_6,0.0
11,A_6,0.0
12,A_6,0.0
13,A_6,0.0
14,A_6,0.0
15,A_6,0.0
16,A_6,0.0
17,A_6,0.0
18,A_6,0.0
19,A_6,0.0
20,A_6,0.0
21,A_6,0.0
22,A_6,0.0
23,A_6,0.0
24,A_6,0.0
25,A_6,0.0
26,A_6,0.0
27,A_6,0.0
28,A_6,0.0
29,A_6,0.0
30,A_6,0.0
31,A_6,0.0
32,A_6,0.0
33,A_6,0.0
34,A_6,0.0
35,A_6,0.0
36,A_6,0.0
37,A_6,0.0
38,A_6,0.0
39,A_6,0.0
40,A_6,0.0
1,A_7,0.0
2,A_7,0.0
3,A_7,0.0
4,A_7,0.0
5,A_7,0.0
6,A_7,0.0
7,A_7,0.0
8,A_7,0.0
9,A_7,0.0
10,A_7,0.0
11,A_7,0.0
12,A_7,0.0
13,A_7,0.0
14,A_7,0.0
15,A_7,0.0
16,A_7,0.0
17,A_7,0.0
18,A_7,0.0
19,A_7,0.0
20,A_7,0.0
21,A_7,0.0
22,A_7,0.0
23,A_7,0.0
24,A_7,0.0
25,A_7,0.0
26,A_7,0.0
27,A_7,0.0
28,A_7,0.0
29,A_7,0.0
30,A_7,0.0
31,A_7,0.0
32,A_7,0.0
33,A_7,0.0
34,A_7,0.0
35,A_7,0.0
36,A_7,0.0
37,A_7,0.0
38,A_7,0.0
39,A_7,0.0
40,A_7,0.0
1,A_8,0.0
2,A_8,0.0
3,A_8,0.0
4,A_8,0.0
5,A_8,0.0
6,A_8,0.0
7,A_8,0.0
8,A_8,0.0
9,A_8,0.0
10,A_8,0.0
11,A_8,0.0
12,A_8,0.0
13,A_8,0.0
14,A_8,0.0
15,A_8,0.0
16,A_8,0.0
17,A_8,0.0
18,A_8,0.0
19,A_8,0.0
20,A_8,0.0
21,A_8,0.0
22,A_8,0.0
23,A_8,0.0
24,A_8,0.0
25,A_8,0.0
26,A_8,0.0
27,A_8,0.0
28,A_8,0.0
29,A_8,0.0
30,A_8,0.0
31,A_8,0.0
32,A_8,0.0
33,A_8,0.0
34,A_8,0.0
35,A_8,0.0
36,A_8,0.0
37,A_8,0.0
38,A_8,0.0
39,A_8,0.0
40,A_8,0.0
1,A_9,0.0
2,A_9,0.0
3,A_9,0.0
4,A_9,0.0
5,A_9,0.0
6,A_9,0.0
7,A_9,0.0
8,A_9,0.0
9,A_9,0.0
10,A_9,0.0
11,A_9,0.0
12,A_9,0.0
13,A_9,0.0
14,A_9,0.0
15,A_9,0.0
16,A_9,0.0
17,A_9,0.0
18,A_9,0.0
19,A_9,0.0
20,A_9,0.0
21,A_9,0.0
22,A_9,0.0
23,A_9,0.0
24,A_9,0.0
25,A_9,0.0
26,A_9,0.0
27,A_9,0.0
28,A_9,0.0
29,A_9,0.0
30,A_9,0.0
31,A_9,0.0
32,A_9,0.0
33,A_9,0.0
34,A_9,0.0
35,A_9,0.0
36,A_9,0.0
37,A_9,0.0
38,A_9,0.0
39,A_9,0.0
40,A_9,0.0
1,A_10,0.0
2,A_10,0.0
3,A_10,0.0
4,A_10,0.0
5,A_10,0.0
6,A_10,0.0
7,A_10,0.0
8,A_10,0.0
9,A_10,0.0
10,A_10,0.0
11,A_10,0.0
12,A_10,0.0
13,A_10,0.0
14,A_10,0.0
15,A_10,0.0
16,A_10,0.0
17,A_10,0.0
18,A_10,0.0
19,A_10,0.0
20,A_10,0.0
21,A_10,0.0
22,A_10,0.0
23,A_10,0.0
24,A_10,0.0
25,A_10,0.0
26,A_10,0.0
27,A_10,0.0
28,A_10,0.0
29,A_10,0.0
30,A_10,0.0
31,A_10,0.0
32,A_10,0.0
33,A_10,0.0
34,A_10,0.0
35,A_10,0.0
36,A_10,0.0
37,A_10,0.0
38,A_10,0.0
39,A_10,0.0
40,A_10,0.0
1,A_11,0.0
2,A_11,0.0
3,A_11,0.0
4,A_11,0.0
5,A_11,0.0
6,A_11,0.0
7,A_11,0.0
8,A_11,0.0
9,A_11,0.0
10,A_11,0.0
11,A_11,0.0
12,A_11,0.0
13,A_11,0.0
14,A_11,0.0
15,A_11,0.0
16,A_11,0.0
17,A_11,0.0
18,A_11,0.0
19,A_11,0.0
20,A_11,0.0
21,A_11,0.0
22,A_11,0.0
23,A_11,0.0
24,A_11,0.0
25,A_11,0.0
26,A_11,0.0
27,A_11,0.0
28,A_11,0.0
29,A_11,0.0
30,A_11,0.0
31,A_11,0.0
32,A_11,0.0
33,A_11,0.0
34,A_11,0.0
35,A_11,0.0
36,A_11,0.0
37,A_11,0.0
38,A_11,0.0
39,A_11,0.0
40,A_11,0.0
1,A_12,0.0
2,A_12,0.0
3,A_12,0.0
4,A_12,0.0
5,A_12,0.0
6,A_12,0.0
7,A_12,0.0
8,A_12,0.0
9,A_12,0.0
10,A_12,0.0
11,A_12,0.0
12,A_12,0.0
13,A_12,0.0
14,A_12,0.0
15,A_12,0.0
16,A_12,0.0
17,A_12,0.0
18,A_12,0.0
19,A_12,0.0
20,A_12,0.0
21,A_12,0.0
22,A_12,0.0
23,A_12,0.0
24,A_12,0.0
25,A_12,0.0
26,A_12,0.0
27,A_12,0.0
28,A_12,0.0
29,A_12,0.0
30,A_12,0.0
31,A_12,0.0
32,A_12,0.0
33,A_12,0.0
34,A_12,0.0
35,A_12,0.0
36,A_12,0.0
37,A_12,0.0
38,A_12,0.0
39,A_12,0.0
40,A_12,0.0
1,V_1,-0.6135360834417485
2,V_1,-0.23638051411288633
3,V_1,-0.07934500120719513
4,V_1,-0.016132632228959953
5,V_1,0.00864610919917411
6,V_1,0.01802403904365036
7,V_1,0.021367026821690463
8,V_1,0.022406483495225463
9,V_1,0.02259647761003758
10,V_1,0.02248861735778788
11,V_1,0.022284848577793274
12,V_1,0.02205539924761572
13,V_1,0.02182273303385541
14,V_1,0.021592941488780663
15,V_1,0.021367010242941787
16,V_1,0.02114461834144213
17,V_1,0.020925287835334615
18,V_1,0.02070865593993951
19,V_1,0.020494491010355557
20,V_1,0.02028265386061859
21,V_1,0.020073060801431203
22,V_1,0.01986565877857809
23,V_1,0.019660410784258557
24,V_1,0.019457287922404736
25,V_1,0.019256265307980226
26,V_1,0.019057320029938346
27,V_1,0.018860430173862668
28,V_1,0.018665574368867587
29,V_1,0.018472731585366775
30,V_1,0.018281881048896623
31,V_1,0.018093002205577614
32,V_1,0.017906074709404033
33,V_1,0.017721078418067197
34,V_1,0.01753799339166205
35,V_1,0.017356799892044517
36,V_1,0.0171774783820668
37,V_1,0.017000009524501678
38,V_1,0.01682437418067295
39,V_1,0.0166505534088647
40,V_1,0.016478528462581632
1,V_2,-0.4717768883310258
2,V_2,-0.15922808551674605
3,V_2,-0.04288392436737025
4,V_2,-0.0012920510891676097
5,V_2,0.013041844811778617
6,V_2,0.017682841497495085
7,V_2,0.018986796135861926
8,V_2,0.01919630128394648
9,V_2,0.019075677807396278
10,V_2,0.018871782952178787
11,V_2,0.018657110952812462
12,V_2,0.01844889735803323
13,V_2,0.018248745565605722
14,V_2,0.018054910693104564
15,V_2,0.017865616032330903
16,V_2,0.01767966125022356
17,V_2,0.017496341708956253
18,V_2,0.017315270016489043
19,V_2,0.01713623878103289
20,V_2,0.016959136137848822
21,V_2,0.016783898757686388
22,V_2,0.016610487208082773
23,V_2,0.01643887354524587
24,V_2,0.016269035255625754
25,V_2,0.01610095237513017
26,V_2,0.015934606153514164
27,V_2,0.01576997845156303
28,V_2,0.01560705147745567
29,V_2,0.015445807676032862
30,V_2,0.015286229684824688
31,V_2,0.015128300317986046
32,V_2,0.01497200256114408
33,V_2,0.014817319570023553
34,V_2,0.014664234670037371
35,V_2,0.014512731355852406
36,V_2,0.01436279329066429
37,V_2,0.014214404305174734
38,V_2,0.014067548396338279
39,V_2,0.013922209725951321
40,V_2,0.013778372619141322
1,V_3,-1.2380369161620712
2,V_3,-0.462719896630363
3,V_3,-0.16462667706406683
4,V_3,-0.04975116875838469
5,V_3,-0.005489720858271249
6,V_3,0.011487552030760234
7,V_3,0.017912406855729788
8,V_3,0.020256204191016907
9,V_3,0.02102330023131687
10,V_3,0.021182691684747634
11,V_3,0.021109016639297457
12,V_3,0.020946931370833206
13,V_3,0.020752193481453105
14,V_3,0.02054624956206871
15,V_3,0.020337329105620947
16,V_3,0.020128580855042762
17,V_3,0.01992120406311296
18,V_3,0.019715650553347657
19,V_3,0.019512085127372424
20,V_3,0.019310561688663207
21,V_3,0.019111090703103812
22,V_3,0.018913665201714232
23,V_3,0.018718270956422638
24,V_3,0.018524890579261648
25,V_3,0.018333505253645695
26,V_3,0.018144095515355153
27,V_3,0.017956641632955753
28,V_3,0.017771123807252556
29,V_3,0.017587522282059915
30,V_3,0.017405817407976663
31,V_3,0.017225989679672062
32,V_3,0.017048019757619347
33,V_3,0.016871888480488966
34,V_3,0.016697576871876018
35,V_3,0.01652506614358326
36,V_3,0.016354337696815054
37,V_3,0.016185373122111005
38,V_3,0.016018154198525158
39,V_3,0.01585266289235825
40,V_3,0.01568888135562934
1,V_4,-0.21497432865978527
2,V_4,-0.06888736613567735
3,V_4,-0.014647114213476317
4,V_4,0.005791660633624932
5,V_4,0.013485233830800266
6,V_4,0.016321804120142547
7,V_4,0.01729716599010634
8,V_4,0.017558201877320375
9,V_4,0.017545743789543485
10,V_4,0.017429415291431483
11,V_4,0.017274411269785926
12,V_4,0.01710572466823341
13,V_4,0.016932904712235117
14,V_4,0.016759587651179936
15,V_4,0.016587154084327645
16,V_4,0.016416126352375757
17,V_4,0.01624669995587355
18,V_4,0.016078944911389857
19,V_4,0.01591288203223961
20,V_4,0.015748512045148752
21,V_4,0.015585826950013619
22,V_4,0.015424814652526089
23,V_4,0.015265460993535141
24,V_4,0.01510775072417506
25,V_4,0.014951668020555123
26,V_4,0.014797196776458259
27,V_4,0.014644320777762579
28,V_4,0.014493023808732158
29,V_4,0.014343289717139301
30,V_4,0.014195102453933838
31,V_4,0.014048446097063575
32,V_4,0.013903304865439704
33,V_4,0.013759663126806487
34,V_4,0.01361750540186671
35,V_4,0.013476816366124043
36,V_4,0.013337580850343849
37,V_4,0.013199783840185005
38,V_4,0.013063410475338872
39,V_4,0.012928446048379083
40,V_4,0.012794876003444821
1,V_5,-0.21831219252145345
2,V_5,-0.11946392532251605
3,V_5,-0.05367313276417976
4,V_5,-0.016264145664068384
5,V_5,0.003582027796302605
6,V_5,0.01362082070527891
7,V_5,0.018495559955443313
8,V_5,0.020751670496354294
9,V_5,0.021714021242735745
10,V_5,0.0220493697587769
11,V_5,0.02208555992312056
12,V_5,0.021981112099366592
13,V_5,0.021811722702503245
14,V_5,0.02161319307382123
15,V_5,0.02140232718563263
16,V_5,0.02118696168930623
17,V_5,0.020970728951914645
18,V_5,0.020755300530177864
19,V_5,0.020541437225356472
20,V_5,0.020329478151415014
21,V_5,0.020119567660370322
22,V_5,0.019911760335769895
23,V_5,0.01970606947315545
24,V_5,0.019502489437817717
25,V_5,0.01930100597025173
26,V_5,0.019101600937345597
27,V_5,0.01890425452492255
28,V_5,0.01870894625116071
29,V_5,0.01851565543595815
30,V_5,0.018324361418716812
31,V_5,0.01813504365940734
32,V_5,0.01794768178523691
33,V_5,0.017762255611815422
34,V_5,0.017578745152277867
35,V_5,0.0173971306206693
36,V_5,0.017217392432570148
37,V_5,0.017039511204381613
38,V_5,0.01686346775195567
39,V_5,0.016689243088904238
40,V_5,0.016516818424753475
1,V_6,-0.20195860382162073
2,V_6,-0.09605497394249064
3,V_6,-0.036178597387515866
4,V_6,-0.004979465217589588
5,V_6,0.010724681253835282
6,V_6,0.018404869730315486
7,V_6,0.02203370233237382
8,V_6,0.023654941761111447
9,V_6,0.024296563381044866
10,V_6,0.024466608707295792
11,V_6,0.02441259483172951
12,V_6,0.024253703344850146
13,V_6,0.024046769032177073
14,V_6,0.0238186790094038
15,V_6,0.023582067059450026
16,V_6,0.023342833408732774
17,V_6,0.023103716057407537
18,V_6,0.022865974894206432
19,V_6,0.022630181391956845
20,V_6,0.022396587270736425
21,V_6,0.022165296031908116
22,V_6,0.021936342582439986
23,V_6,0.02170973014258913
24,V_6,0.02148544734440484
25,V_6,0.021263476156219218
26,V_6,0.021043795560303544
27,V_6,0.02082638326357336
28,V_6,0.020611216495885758
29,V_6,0.020398272383960688
30,V_6,0.020187528127131656
31,V_6,0.01997896108005204
32,V_6,0.019772548791406913
33,V_6,0.01956826902164068
34,V_6,0.019366099750571342
35,V_6,0.019166019180073463
36,V_6,0.018968005734326696
37,V_6,0.018772038058848816
38,V_6,0.0185780950189164
39,V_6,0.01838615569767729
40,V_6,0.018196199394109748
1,V_7,-0.24357643352273434
2,V_7,-0.0687400971649967
3,V_7,-0.006920732800794622
4,V_7,0.014752280222610313
5,V_7,0.02216342859901795
6,V_7,0.024515814884446773
7,V_7,0.025103236946747726
8,V_7,0.025095301437988854
9,V_7,0.024898683938527632
10,V_7,0.024649545929112834
11,V_7,0.024390570314111574
12,V_7,0.024133528584918133
13,V_7,0.023880730583085253
14,V_7,0.023632012195421433
15,V_7,0.023386812517454468
16,V_7,0.023144679339077368
17,V_7,0.022905323830092878
18,V_7,0.02266857576762228
19,V_7,0.02243433571441707
20,V_7,0.022202542601530602
21,V_7,0.021973154945097214
22,V_7,0.02174614084164052
23,V_7,0.021521472932860754
24,V_7,0.02129912598435198
25,V_7,0.021079075770494574
26,V_7,0.020861298585026847
27,V_7,0.020645771039323607
28,V_7,0.020432469986968797
29,V_7,0.020221372500425883
30,V_7,0.020012455867152074
31,V_7,0.019805697591594115
32,V_7,0.01960107539792499
33,V_7,0.0193985672319018
34,V_7,0.019198151261578235
35,V_7,0.018999805877047082
36,V_7,0.018803509689475927
37,V_7,0.018609241529667205
38,V_7,0.0184169804463152
39,V_7,0.018226705704078465
40,V_7,0.018038396781545566
1,V_8,-0.14169535394572505
2,V_8,-0.030878000666359116
3,V_8,0.007671452891694331
4,V_8,0.02099537101264434
5,V_8,0.02557647145270949
6,V_8,0.027037649573571985
7,V_8,0.027374300496118883
8,V_8,0.02730763078899906
9,V_8,0.02709928174778178
10,V_8,0.026843491021756472
11,V_8,0.026573634419355605
12,V_8,0.026301209735480214
13,V_8,0.026030009114536477
14,V_8,0.0257611947438631
15,V_8,0.025495073161106944
16,V_8,0.025231693136561602
17,V_8,0.024971035986996213
18,V_8,0.02471307059968199
19,V_8,0.024457766515640193
20,V_8,0.024205095519810708
21,V_8,0.023955030879206925
22,V_8,0.0237075465621156
23,V_8,0.023462616806750387
24,V_8,0.0232202159534691
25,V_8,0.022980318415017912
26,V_8,0.022742898702398706
27,V_8,0.02250793146446688
28,V_8,0.02227539152391978
29,V_8,0.022045253904577726
30,V_8,0.02181749385001907
31,V_8,0.02159208683530593
32,V_8,0.021369008573724875
33,V_8,0.021148235020140443
34,V_8,0.020929742372136982
35,V_8,0.020713507069756724
36,V_8,0.020499505794367875
37,V_8,0.020287715467004284
38,V_8,0.020078113246391967
39,V_8,0.019870676526795077
40,V_8,0.01966538293576307
1,V_9,-0.1879835038662605
2,V_9,-0.0979689387798923
3,V_9,-0.03869842503914378
4,V_9,-0.0057619548479905585
5,V_9,0.011369567745443497
6,V_9,0.019877126310250615
7,V_9,0.02392065991853752
8,V_9,0.0257297210089375
9,V_9,0.02644612914208839
10,V_9,0.026637595051179932
11,V_9,0.026580645904935606
12,V_9,0.02640798624800349
13,V_9,0.026182595808763337
14,V_9,0.0259341090273818
15,V_9,0.025676374781969734
16,V_9,0.025415826566321763
17,V_9,0.025155434840633557
18,V_9,0.024896559961096056
19,V_9,0.02463981613005049
20,V_9,0.02438547257337668
21,V_9,0.024133639276898988
22,V_9,0.02388435281014787
23,V_9,0.023637615942899017
24,V_9,0.023393415930657725
25,V_9,0.023151732961799384
26,V_9,0.02291254406701897
27,V_9,0.022675824933846928
28,V_9,0.02244155075202029
29,V_9,0.022209696609063512
30,V_9,0.021980237676157654
31,V_9,0.02175314929563313
32,V_9,0.02152840702195248
33,V_9,0.0213059866404939
34,V_9,0.02108586417561917
35,V_9,0.0208680158935042
36,V_9,0.020652418302375675
37,V_9,0.02043904815144749
38,V_9,0.020227882429199553
39,V_9,0.020018898361323617
40,V_9,0.019812073408503016
1,V_10,-0.24496554428292194
2,V_10,-0.014445911538015874
3,V_10,0.03987850271684715
4,V_10,0.046174603271917754
5,V_10,0.042115521712226746
6,V_10,0.037525675745574395
7,V_10,0.03427209390766272
8,V_10,0.032234148481923
9,V_10,0.030986472359220075
10,V_10,0.03019209379335174
11,V_10,0.029641725059768195
12,V_10,0.029218204979930076
13,V_10,0.028859607368076808
14,V_10,0.028534365889249947
15,V_10,0.028226782405244386
16,V_10,0.027929185396492067
17,V_10,0.02763787106773742
18,V_10,0.02735106363422216
19,V_10,0.027067911735861806
20,V_10,0.026788002458832266
21,V_10,0.026511128952606672
22,V_10,0.026237180463497982
23,V_10,0.02596609076614408
24,V_10,0.025697814179623548
25,V_10,0.025432314501386534
26,V_10,0.0251695599427219
27,V_10,0.024909520831027678
28,V_10,0.024652168577464734
29,V_10,0.02439747521826407
30,V_10,0.02414541321344611
31,V_10,0.023895955359598018
32,V_10,0.023649074752368725
33,V_10,0.02340474477015685
34,V_10,0.023162939066545044
35,V_10,0.02292363156616848
36,V_10,0.022686796461820674
37,V_10,0.022452408211933172
38,V_10,0.0222204415381189
39,V_10,0.021990871422686912
40,V_10,0.021763673106116023
1,V_11,-0.15290742340318475
2,V_11,-0.07807387918279492
3,V_11,-0.02900644764331218
4,V_11,-0.00015430808536050773
5,V_11,0.015406031539484655
6,V_11,0.023298806880722705
7,V_11,0.02709067660484449
8,V_11,0.02878625084881553
9,V_11,0.02944158055362338
10,V_11,0.029591689422928957
11,V_11,0.029500752565292485
12,V_11,0.029296884468783983
13,V_11,0.029041404166859526
14,V_11,0.02876336945048565
15,V_11,0.028476441645017118
16,V_11,0.02818699978622642
17,V_11,0.027898001796432512
18,V_11,0.027610806635877512
19,V_11,0.02732602879824857
20,V_11,0.0270439371261484
21,V_11,0.026764640302694175
22,V_11,0.026488172920104577
23,V_11,0.026214535361145624
24,V_11,0.02594371227162075
25,V_11,0.025675681121543014
26,V_11,0.02541041617914339
27,V_11,0.025147890360331847
28,V_11,0.02488807609240817
29,V_11,0.024630945719030333
30,V_11,0.024376471690765598
31,V_11,0.02412462665483215
32,V_11,0.023875383497086903
33,V_11,0.02362871536118185
34,V_11,0.023384595656685693
35,V_11,0.0231429980618065
36,V_11,0.022903896523439847
37,V_11,0.02266726525587671
38,V_11,0.02243307873883399
39,V_11,0.022201311715143297
40,V_11,0.021971939188270433
1,V_12,-0.15481052354659675
2,V_12,-0.08175099908859838
3,V_12,-0.034669802998883344
4,V_12,-0.007873393530527094
5,V_12,0.006264020077396024
6,V_12,0.013347410772175146
7,V_12,0.01674401494703921
8,V_12,0.018285808255792683
9,V_12,0.018917588178790783
10,V_12,0.019110981696966185
11,V_12,0.01909635451433811
12,V_12,0.01898450591024436
13,V_12,0.018828119958917106
14,V_12,0.018652026725228758
15,V_12,0.01846784511832359
16,V_12,0.018280978036690442
17,V_12,0.018093921888622463
18,V_12,0.017907820738183124
19,V_12,0.017723191881878486
20,V_12,0.01754026304241842
21,V_12,0.017359128506985365
22,V_12,0.017179821225951443
23,V_12,0.01700234603599761
24,V_12,0.0168266949471823
25,V_12,0.016652854171026642
26,V_12,0.0164808073506629
27,V_12,0.016310537045741265
28,V_12,0.016142025415430195
29,V_12,0.015975254532738126
30,V_12,0.01581020652910556
31,V_12,0.01564686366068507
32,V_12,0.015485208338373555
33,V_12,0.01532522314099497
34,V_12,0.015166890820608875
35,V_12,0.015010194304116216
36,V_12,0.014855116693111904
37,V_12,0.014701641262903381
38,V_12,0.014549751461131254
39,V_12,0.014399430906202302
40,V_12,0.014250663385636866
1,CHg_1,0.08957848241972946
2,CHg_1,0.07455364901662237
3,CHg_1,0.05547754193802954
4,CHg_1,0.03892728220084266
5,CHg_1,0.027311341671649333
6,CHg_1,0.019997890045517854
7,CHg_1,0.01568047361250762
8,CHg_1,0.013227877193776522
9,CHg_1,0.011859098932205587
10,CHg_1,0.011091584220595143
11,CHg_1,0.010646614513221117
12,CHg_1,0.010370416487329533
13,CHg_1,0.010180943056003665
14,CHg_1,0.010035527521319886
15,CHg_1,0.00991243186425389
16,CHg_1,0.00980076559669922
17,CHg_1,0.009695149065991884
18,CHg_1,0.00959295617776203
19,CHg_1,0.009492917282070377
20,CHg_1,0.009394422595887655
21,CHg_1,0.009297179674185972
22,CHg_1,0.009201047030275905
23,CHg_1,0.00910595422401949
24,CHg_1,0.009011863891933609
25,CHg_1,0.008918753899674276
26,CHg_1,0.008826609047809054
27,CHg_1,0.00873541726566479
28,CHg_1,0.008645167890415842
29,CHg_1,0.008555850903148768
30,CHg_1,0.008467456597789986
31,CHg_1,0.008379975442320739
32,CHg_1,0.00829339802338872
33,CHg_1,0.0082077150258818
34,CHg_1,0.00812291722640945
35,CHg_1,0.008038995491832346
36,CHg_1,0.007955940779292344
37,CHg_1,0.00787374413643934
38,CHg_1,0.007792396701455256
39,CHg_1,0.007711889702812206
40,CHg_1,0.007632214458807874
1,CFg_1,-0.07485490885919659
2,CFg_1,-0.04779012229841889
3,CFg_1,-0.01793846859548394
4,CFg_1,0.002019076151025095
5,CFg_1,0.013394810049406045
6,CFg_1,0.019358746103201718
7,CFg_1,0.022290820129553725
8,CFg_1,0.02362554126230657
9,CFg_1,0.024149599502334574
10,CFg_1,0.02427259180472906
11,CFg_1,0.02420101826542478
12,CFg_1,0.02403678363348288
13,CFg_1,0.02382944110357379
14,CFg_1,0.023602840134418646
15,CFg_1,0.023368376729809046
16,CFg_1,0.023131468223765852
17,CFg_1,0.02289467901686017
18,CFg_1,0.022659216926471104
19,CFg_1,0.022425645576007257
20,CFg_1,0.022194222489783613
21,CFg_1,0.021965059386751584
22,CFg_1,0.021738198251922976
23,CFg_1,0.021513647545382913
24,CFg_1,0.021291399523578426
25,CFg_1,0.021071438583964517
26,CFg_1,0.020853745321890223
27,CFg_1,0.020638298524834356
28,CFg_1,0.02042507616522459
29,CFg_1,0.02021405590155437
30,CFg_1,0.020005215334860993
31,CFg_1,0.019798532141667886
32,CFg_1,0.019593984143537767
33,CFg_1,0.019391549343555785
34,CFg_1,0.019191205945273713
35,CFg_1,0.01899293236220544
36,CFg_1,0.018796707222159686
37,CFg_1,0.01860250936871796
38,CFg_1,0.01841031786111912
39,CFg_1,0.018220111973250165
40,CFg_1,0.018031871192135097
1,CHs_1,-1.699650504057137e-6
2,CHs_1,-0.00011536293399175198
3,CHs_1,-6.442795959412748e-5
4,CHs_1,-3.0382872915034907e-5
5,CHs_1,-1.089298050140942e-5
6,CHs_1,-5.517312241901681e-7
7,CHs_1,4.679295493484418e-6
8,CHs_1,7.226458199476927e-6
9,CHs_1,8.416166132374124e-6
10,CHs_1,8.936492857665752e-6
11,CHs_1,9.132777417934588e-6
12,CHs_1,9.17448707147747e-6
13,CHs_1,9.143452730610996e-6
14,CHs_1,9.078716245544484e-6
15,CHs_1,8.998733609249607e-6
16,CHs_1,8.912165802021234e-6
17,CHs_1,8.82305245121902e-6
18,CHs_1,8.733267049316894e-6
19,CHs_1,8.643672955678956e-6
20,CHs_1,8.554664353094508e-6
21,CHs_1,8.466418181182136e-6
22,CHs_1,8.379011031541595e-6
23,CHs_1,8.292473233921645e-6
24,CHs_1,8.206813830843537e-6
25,CHs_1,8.122032094954889e-6
26,CHs_1,8.038122837330153e-6
27,CHs_1,7.95507885436653e-6
28,CHs_1,7.872892056648817e-6
29,CHs_1,7.79155399053744e-6
30,CHs_1,7.711056079655196e-6
31,CHs_1,7.631389736922077e-6
32,CHs_1,7.552546416580056e-6
33,CHs_1,7.474517638280977e-6
34,CHs_1,7.397294998095964e-6
35,CHs_1,7.32087017335911e-6
36,CHs_1,7.2452349245799e-6
37,CHs_1,7.1703810959487384e-6
38,CHs_1,7.096300615160707e-6
39,CHs_1,7.0229854929060676e-6
40,CHs_1,6.950427822197457e-6
1,CFs_1,-4.624104722657422e-7
2,CFs_1,4.9969443656401615e-6
3,CFs_1,2.7427442959211994e-6
4,CFs_1,1.2578840710666356e-6
5,CFs_1,4.1515908633039943e-7
6,CFs_1,-2.93046418922766e-8
7,CFs_1,-2.5307043455410673e-7
8,CFs_1,-3.6150677869160793e-7
9,CFs_1,-4.1179506603130657e-7
10,CFs_1,-4.3346591006464213e-7
11,CFs_1,-4.4130095425488977e-7
12,CFs_1,-4.425429537685591e-7
13,CFs_1,-4.406864384435354e-7
14,CFs_1,-4.3739798956212235e-7
15,CFs_1,-4.334652221171667e-7
16,CFs_1,-4.292576007703146e-7
17,CFs_1,-4.249473167780797e-7
18,CFs_1,-4.206141101366548e-7
19,CFs_1,-4.16294628417382e-7
20,CFs_1,-4.1200552396058323e-7
21,CFs_1,-4.0775420704553945e-7
22,CFs_1,-4.0354383101741076e-7
23,CFs_1,-3.993755951596608e-7
24,CFs_1,-3.952498052722658e-7
25,CFs_1,-3.9116636082654857e-7
26,CFs_1,-3.871249782034838e-7
27,CFs_1,-3.8312529277012943e-7
28,CFs_1,-3.7916690545449297e-7
29,CFs_1,-3.752494039465597e-7
30,CFs_1,-3.713723723199758e-7
31,CFs_1,-3.675353953784005e-7
32,CFs_1,-3.637380606024426e-7
33,CFs_1,-3.5997995900706535e-7
34,CFs_1,-3.562606855051572e-7
35,CFs_1,-3.5257983904776376e-7
36,CFs_1,-3.4893702266362426e-7
37,CFs_1,-3.453318434535272e-7
38,CFs_1,-3.4176391256456976e-7
39,CFs_1,-3.3823284515563794e-7
40,CFs_1,-3.347382603591934e-7
1,Cg_1,0.07928643032681673
2,Cg_1,0.06782918368807317
3,Cg_1,0.051403505645486604
4,Cg_1,0.03686311521568916
5,Cg_1,0.026528875121918795
6,Cg_1,0.01996306797779806
7,Cg_1,0.016057269722930322
8,Cg_1,0.01382123364874578
9,Cg_1,0.01256136943580801
10,Cg_1,0.011845414522112902
11,Cg_1,0.011422240036675853
12,Cg_1,0.011152713312274106
13,Cg_1,0.010962367325120025
14,Cg_1,0.010812385721706034
15,Cg_1,0.010682956634826973
16,Cg_1,0.010564141060935475
17,Cg_1,0.010451024320045387
18,Cg_1,0.010341205344775757
19,Cg_1,0.010233522353200063
20,Cg_1,0.010127416710210472
21,Cg_1,0.010022619860373297
22,Cg_1,0.009919001191794395
23,Cg_1,0.009816494961793615
24,Cg_1,0.00971506558905467
25,Cg_1,0.00961469135393971
26,Cg_1,0.009515356835148042
27,Cg_1,0.009417049447174832
28,Cg_1,0.009319757880283722
29,Cg_1,0.009223471411604858
30,Cg_1,0.009128179608915639
31,Cg_1,0.009033872207969851
32,Cg_1,0.008940539064513649
33,Cg_1,0.008848170137228011
34,Cg_1,0.008756755482715217
35,Cg_1,0.008666285254675443
36,Cg_1,0.008576749704190373
37,Cg_1,0.00848813918002397
38,Cg_1,0.008400444128638995
39,Cg_1,0.008313655093911018
40,Cg_1,0.008227762716603595
1,Cs_1,-8.605918758423906e-7
2,Cs_1,-5.6492681575478145e-5
3,Cs_1,-3.155256313313962e-5
4,Cs_1,-1.4881376673732844e-5
5,Cs_1,-5.337191765057748e-6
6,Cs_1,-2.729504951309403e-7
7,Cs_1,2.288805112512582e-6
8,Cs_1,3.536237229494403e-6
9,Cs_1,4.118896332340574e-6
10,Cs_1,4.373743012652889e-6
11,Cs_1,4.46989736322053e-6
12,Cs_1,4.490351784854263e-6
13,Cs_1,4.475181089437635e-6
14,Cs_1,4.443505162410209e-6
15,Cs_1,4.404362430747816e-6
16,Cs_1,4.36199443147551e-6
17,Cs_1,4.318379495976648e-6
18,Cs_1,4.2744351380656886e-6
19,Cs_1,4.2305841797205126e-6
20,Cs_1,4.187019672340829e-6
21,Cs_1,4.143828275637281e-6
22,Cs_1,4.1010475047040374e-6
23,Cs_1,4.058692217834711e-6
24,Cs_1,4.016766847580764e-6
25,Cs_1,3.975271041355304e-6
26,Cs_1,3.934202261231049e-6
27,Cs_1,3.893556982377286e-6
28,Cs_1,3.853331245980528e-6
29,Cs_1,3.8135209147361676e-6
30,Cs_1,3.774121791147046e-6
31,Cs_1,3.7351296724127406e-6
32,Cs_1,3.6965403759218045e-6
33,Cs_1,3.6583497510571895e-6
34,Cs_1,3.6205536845934044e-6
35,Cs_1,3.5831481030720573e-6
36,Cs_1,3.546128973740615e-6
37,Cs_1,3.5094923048014084e-6
38,Cs_1,3.473234145326249e-6
39,Cs_1,3.437350585007593e-6
40,Cs_1,3.4018377538295377e-6
1,CHg_2,23.208452316692888
2,CHg_2,-8180.087323267997
3,CHg_2,-4550.811054530719
4,CHg_2,-2126.7811788916015
5,CHg_2,-739.6066901403028
6,CHg_2,-3.807965904443668
7,CHg_2,368.21687702703446
8,CHg_2,549.1984728190644
9,CHg_2,633.5510117601692
10,CHg_2,670.2516221998593
11,CHg_2,683.8832009947288
12,CHg_2,686.5105638152312
13,CHg_2,683.9602611566727
14,CHg_2,679.012587116571
15,CHg_2,672.982060485335
16,CHg_2,666.4856498814562
17,CHg_2,659.8111566478505
18,CHg_2,653.0920651514872
19,CHg_2,646.3898833617309
20,CHg_2,639.7326818252578
21,CHg_2,633.1330454911507
22,CHg_2,626.5964048989471
23,CHg_2,620.12489173387
24,CHg_2,613.7191195364923
25,CHg_2,607.3790050828742
26,CHg_2,601.104147044164
27,CHg_2,594.8940005753037
28,CHg_2,588.7479578815482
29,CHg_2,582.6653854536987
30,CHg_2,576.6456413116574
31,CHg_2,570.6880830058042
32,CHg_2,564.792071332551
33,CHg_2,558.9569720539391
34,CHg_2,553.1821566824457
35,CHg_2,547.4670028249061
36,CHg_2,541.8108943167182
37,CHg_2,536.2132212553568
38,CHg_2,530.6733799850623
39,CHg_2,525.1907730576745
40,CHg_2,519.7648091817632
1,CFg_2,-3.622741921200518e-7
2,CFg_2,1.1820675838784286e-5
3,CFg_2,6.554097513045842e-6
4,CFg_2,3.0556032323833285e-6
5,CFg_2,1.0600769885404813e-6
6,CFg_2,3.92341679833643e-9
7,CFg_2,-5.292680940617587e-7
8,CFg_2,-7.883787643540951e-7
9,CFg_2,-9.090463579142209e-7
10,CFg_2,-9.61501498266016e-7
11,CFg_2,-9.809531025083728e-7
12,CFg_2,-9.846682046554196e-7
13,CFg_2,-9.809817852492211e-7
14,CFg_2,-9.738698248488707e-7
15,CFg_2,-9.652116452007713e-7
16,CFg_2,-9.558890245043052e-7
17,CFg_2,-9.463131062747077e-7
18,CFg_2,-9.366744521301021e-7
19,CFg_2,-9.270607801084779e-7
20,CFg_2,-9.175120603158329e-7
21,CFg_2,-9.080461703621461e-7
22,CFg_2,-8.986707950393865e-7
23,CFg_2,-8.893889285022582e-7
24,CFg_2,-8.802014121617761e-7
25,CFg_2,-8.711081031332015e-7
26,CFg_2,-8.62108411487023e-7
27,CFg_2,-8.532015470765439e-7
28,CFg_2,-8.443866328961772e-7
29,CFg_2,-8.356627571414917e-7
30,CFg_2,-8.270289971193068e-7
31,CFg_2,-8.184844302237186e-7
32,CFg_2,-8.100281389620575e-7
33,CFg_2,-8.016592132381908e-7
34,CFg_2,-7.933767513679923e-7
35,CFg_2,-7.851798605065163e-7
36,CFg_2,-7.770676568009341e-7
37,CFg_2,-7.690392654149917e-7
38,CFg_2,-7.610938204929716e-7
39,CFg_2,-7.532304650951433e-7
40,CFg_2,-7.4544835111983e-7
1,CHs_2,2.7338573670690223e-7
2,CHs_2,-9.611994064418253e-5
3,CHs_2,-5.347427140389007e-5
4,CHs_2,-2.4990808253194448e-5
5,CHs_2,-8.690873503444443e-6
6,CHs_2,-4.490267481180257e-8
7,CHs_2,4.326558980943507e-6
8,CHs_2,6.453175684513095e-6
9,CHs_2,7.4443572868306874e-6
10,CHs_2,7.875607296454107e-6
11,CHs_2,8.035785859835627e-6
12,CHs_2,8.06665998278481e-6
13,CHs_2,8.036694236927144e-6
14,CHs_2,7.978558312641852e-6
15,CHs_2,7.907698385728201e-6
16,CHs_2,7.831364107777562e-6
17,CHs_2,7.752937269706149e-6
18,CHs_2,7.673986370385305e-6
19,CHs_2,7.595234154749884e-6
20,CHs_2,7.517010463629324e-6
21,CHs_2,7.439463175490897e-6
22,CHs_2,7.362656101485054e-6
23,CHs_2,7.286614289860833e-6
24,CHs_2,7.21134495005254e-6
25,CHs_2,7.136847104235917e-6
26,CHs_2,7.063116036731816e-6
27,CHs_2,6.99014534549243e-6
28,CHs_2,6.917927888788707e-6
29,CHs_2,6.846456222737956e-6
30,CHs_2,6.77572280392161e-6
31,CHs_2,6.705720083403976e-6
32,CHs_2,6.636440550391114e-6
33,CHs_2,6.567876752436525e-6
34,CHs_2,6.500021304662804e-6
35,CHs_2,6.432866893802765e-6
36,CHs_2,6.366406279776372e-6
37,CHs_2,6.3006322960845116e-6
38,CHs_2,6.235537849629064e-6
39,CHs_2,6.1711159202526795e-6
40,CHs_2,6.1073595601410556e-6
1,CFs_2,-3.570714655575944e-7
2,CFs_2,1.1820676542458302e-5
3,CFs_2,6.554097780045111e-6
4,CFs_2,3.0556032074515748e-6
5,CFs_2,1.060076797188696e-6
6,CFs_2,3.923138172471886e-9
7,CFs_2,-5.292684156202024e-7
8,CFs_2,-7.883791054820466e-7
9,CFs_2,-9.090467067538483e-7
10,CFs_2,-9.615018489502293e-7
11,CFs_2,-9.80953452190575e-7
12,CFs_2,-9.846685519796843e-7
13,CFs_2,-9.809821295845267e-7
14,CFs_2,-9.738701659130918e-7
15,CFs_2,-9.65211982878491e-7
16,CFs_2,-9.55889358759351e-7
17,CFs_2,-9.463134371084138e-7
18,CFs_2,-9.366747795614669e-7
19,CFs_2,-9.270611041647424e-7
20,CFs_2,-9.175123810280026e-7
21,CFs_2,-9.080464877628628e-7
22,CFs_2,-8.986711091619061e-7
23,CFs_2,-8.893892393799643e-7
24,CFs_2,-8.802017198279417e-7
25,CFs_2,-8.711084076208745e-7
26,CFs_2,-8.621087128289727e-7
27,CFs_2,-8.532018453052315e-7
28,CFs_2,-8.443869280437465e-7
29,CFs_2,-8.356630492397642e-7
30,CFs_2,-8.270292861997792e-7
31,CFs_2,-8.184847163175656e-7
32,CFs_2,-8.100284221001331e-7
33,CFs_2,-8.016594934510311e-7
34,CFs_2,-7.933770286858191e-7
35,CFs_2,-7.851801349592385e-7
36,CFs_2,-7.770679284181527e-7
37,CFs_2,-7.690395342260011e-7
38,CFs_2,-7.610940865267642e-7
39,CFs_2,-7.532307283804123e-7
40,CFs_2,-7.454486116849708e-7
1,Cg_2,11.624866755548906
2,Cg_2,-4110.28022928251
3,Cg_2,-2286.6621516564023
4,Cg_2,-1068.6481927480831
5,Cg_2,-371.6275283807762
6,Cg_2,-1.9068243421770474
7,Cg_2,185.0265239339149
8,Cg_2,275.9653302715599
9,Cg_2,318.35038859053
10,Cg_2,336.7915054760225
11,Cg_2,343.6409887875954
12,Cg_2,344.9611169503897
13,Cg_2,343.6795916771243
14,Cg_2,341.19344437371427
15,Cg_2,338.16318953526775
16,Cg_2,334.8988393454769
17,Cg_2,331.5450072437113
18,Cg_2,328.1687660275229
19,Cg_2,324.80102203890226
20,Cg_2,321.4558800901059
21,Cg_2,318.13966383541555
22,Cg_2,314.8551019998081
23,Cg_2,311.60326570700994
24,Cg_2,308.38446324584567
25,Cg_2,305.1986527955393
26,Cg_2,302.0456326939692
27,Cg_2,298.92512916484077
28,Cg_2,295.83683680074415
29,Cg_2,292.7804372731573
30,Cg_2,289.75560799702845
31,Cg_2,286.7620261513435
32,Cg_2,283.79937054614277
33,Cg_2,280.86732248659797
34,Cg_2,277.96556616737513
35,Cg_2,275.09378884545254
36,Cg_2,272.25168090756114
37,Cg_2,269.438935887025
38,Cg_2,266.6552504560723
39,Cg_2,263.9003244061514
40,Cg_2,261.1738606223742
1,Cs_2,1.3520166983092882e-7
2,Cs_2,-4.805206856949983e-5
3,Cs_2,-2.6732753254247477e-5
4,Cs_2,-1.2493360557388581e-5
5,Cs_2,-4.344727634953653e-6
6,Cs_2,-2.2448625254565195e-8
7,Cs_2,2.162925533795663e-6
8,Cs_2,3.2260605426386918e-6
9,Cs_2,3.7215706125121337e-6
10,Cs_2,3.937160520217218e-6
11,Cs_2,4.017236785274368e-6
12,Cs_2,4.032671358736738e-6
13,Cs_2,4.017690949994099e-6
14,Cs_2,3.988627744079614e-6
15,Cs_2,3.9532035714909115e-6
16,Cs_2,3.915042668034477e-6
17,Cs_2,3.8758356540657935e-6
18,Cs_2,3.8363666515054056e-6
19,Cs_2,3.7969969741186906e-6
20,Cs_2,3.757891515568336e-6
21,Cs_2,3.7191242031200715e-6
22,Cs_2,3.6807269372029554e-6
23,Cs_2,3.642712239935177e-6
24,Cs_2,3.6050837154688924e-6
25,Cs_2,3.567840874986229e-6
26,Cs_2,3.5309813610413837e-6
27,Cs_2,3.4945019731385e-6
28,Cs_2,3.4583991409993634e-6
29,Cs_2,3.4226691432923507e-6
30,Cs_2,3.387308208925247e-6
31,Cs_2,3.352312564047266e-6
32,Cs_2,3.3176784538750927e-6
33,Cs_2,3.2834021527942077e-6
34,Cs_2,3.249479968969021e-6
35,Cs_2,3.215908246363152e-6
36,Cs_2,3.182683365527772e-6
37,Cs_2,3.1498017437984827e-6
38,Cs_2,3.1172598352053935e-6
39,Cs_2,3.0850541302430148e-6
40,Cs_2,3.053181155571491e-6
1,CHg_3,0.3981766008269477
2,CHg_3,0.32557588109846414
3,CHg_3,0.20792318281185065
4,CHg_3,0.12231859951480588
5,CHg_3,0.07114548156432203
6,CHg_3,0.043176708901246634
7,CHg_3,0.028627682760319254
8,CHg_3,0.02127003472082988
9,CHg_3,0.01759546973998781
10,CHg_3,0.015752052881602394
11,CHg_3,0.014800477019809362
12,CHg_3,0.014276948409910907
13,CHg_3,0.013956815806581587
14,CHg_3,0.013732813340534345
15,CHg_3,0.013554290984815864
16,CHg_3,0.013397544220677788
17,CHg_3,0.01325155954185931
18,CHg_3,0.013111250059359527
19,CHg_3,0.01297427667471597
20,CHg_3,0.01283956616069555
21,CHg_3,0.012706625021747535
22,CHg_3,0.01257522373784085
23,CHg_3,0.012445252284920641
24,CHg_3,0.012316654400377545
25,CHg_3,0.012189397854096517
26,CHg_3,0.012063461093072377
27,CHg_3,0.011938827288939712
28,CHg_3,0.01181548171084657
29,CHg_3,0.011693410580552665
30,CHg_3,0.011572600581862581
31,CHg_3,0.011453038655297244
32,CHg_3,0.011334711914981728
33,CHg_3,0.011217607616621097
34,CHg_3,0.011101713146043777
35,CHg_3,0.010987016015524828
36,CHg_3,0.010873503862722572
37,CHg_3,0.010761164450261734
38,CHg_3,0.010649985665294374
39,CHg_3,0.010539955518867649
40,CHg_3,0.010431062145098544
1,CFg_3,-0.07466711177335049
2,CFg_3,-0.04865818834292826
3,CFg_3,-0.018407960813559665
4,CFg_3,0.0018112223018267397
5,CFg_3,0.013336029722292322
6,CFg_3,0.019379111227892227
7,CFg_3,0.02235132325589223
8,CFg_3,0.023705617421753467
9,CFg_3,0.024238776487591377
10,CFg_3,0.02436566184361676
11,CFg_3,0.02429543708334354
12,CFg_3,0.02413132646621905
13,CFg_3,0.023923526888806074
14,CFg_3,0.023696198149688243
15,CFg_3,0.023460884474659518
16,CFg_3,0.02322307343850432
17,CFg_3,0.022985362496676705
18,CFg_3,0.022748974913844835
19,CFg_3,0.022514481472269587
20,CFg_3,0.02228214297294139
21,CFg_3,0.02205207260108401
22,CFg_3,0.021824312967112798
23,CFg_3,0.021598872767521465
24,CFg_3,0.021375744316027016
25,CFg_3,0.021154911985366096
26,CFg_3,0.02093635630902422
27,CFg_3,0.02072005599611322
28,CFg_3,0.020505988933665367
29,CFg_3,0.020294132692086204
30,CFg_3,0.0200844647836093
31,CFg_3,0.01987696279613448
32,CFg_3,0.01967160446318322
33,CFg_3,0.01946836770055907
34,CFg_3,0.01926723062536676
35,CFg_3,0.01906817156553639
36,CFg_3,0.01887116906416388
37,CFg_3,0.018676201880987408
38,CFg_3,0.018483248992266294
39,CFg_3,0.01829228958976422
40,CFg_3,0.01810330307922991
1,CHs_3,-1.24207089166566e-6
2,CHs_3,7.455996776966183e-5
3,CHs_3,4.22494664357456e-5
4,CHs_3,2.061449615786127e-5
5,CHs_3,8.224385701921663e-6
6,CHs_3,1.6477678184717203e-6
7,CHs_3,-1.683142962541354e-6
8,CHs_3,-3.3105995135321124e-6
9,CHs_3,-4.077060591104342e-6
10,CHs_3,-4.419198983148903e-6
11,CHs_3,-4.556009280433182e-6
12,CHs_3,-4.5948799953385855e-6
13,CHs_3,-4.587629395146539e-6
14,CHs_3,-4.558962637279556e-6
15,CHs_3,-4.5205498428088355e-6
16,CHs_3,-4.4778633271082665e-6
17,CHs_3,-4.433453484993915e-6
18,CHs_3,-4.38850232135279e-6
19,CHs_3,-4.343554360830328e-6
20,CHs_3,-4.298858392320576e-6
21,CHs_3,-4.254526468711425e-6
22,CHs_3,-4.210607593944614e-6
23,CHs_3,-4.167121767500105e-6
24,CHs_3,-4.124075676056216e-6
25,CHs_3,-4.081469913339534e-6
26,CHs_3,-4.039302298107119e-6
27,CHs_3,-3.997569398001936e-6
28,CHs_3,-3.956267229335535e-6
29,CHs_3,-3.915391578551942e-6
30,CHs_3,-3.874938149994872e-6
31,CHs_3,-3.834902633865714e-6
32,CHs_3,-3.795280737455897e-6
33,CHs_3,-3.756068199439478e-6
34,CHs_3,-3.7172607963261387e-6
35,CHs_3,-3.678854345270175e-6
36,CHs_3,-3.6408447051763313e-6
37,CHs_3,-3.60322777700468e-6
38,CHs_3,-3.565999503696294e-6
39,CHs_3,-3.5291558699185246e-6
40,CHs_3,-3.492692901724384e-6
1,CFs_3,-1.3405611363296588e-6
2,CFs_3,6.538419282595423e-5
3,CFs_3,3.6786293927795646e-5
4,CFs_3,1.7688342755362877e-5
5,CFs_3,6.7657900750707766e-6
6,CFs_3,9.737346818810227e-7
7,CFs_3,-1.956657333489122e-6
8,CFs_3,-3.385857420547251e-6
9,CFs_3,-4.056454235357105e-6
10,CFs_3,-4.353219181068284e-6
11,CFs_3,-4.469095865513631e-6
12,CFs_3,-4.498701241735264e-6
13,CFs_3,-4.487696627971117e-6
14,CFs_3,-4.457855711243592e-6
15,CFs_3,-4.419465993969951e-6
16,CFs_3,-4.377352436792073e-6
17,CFs_3,-4.333764076808498e-6
18,CFs_3,-4.28974327720029e-6
19,CFs_3,-4.245770105864393e-6
20,CFs_3,-4.202063705505441e-6
21,CFs_3,-4.158722548616479e-6
22,CFs_3,-4.1157894556107955e-6
23,CFs_3,-4.073281642162884e-6
24,CFs_3,-4.031204571935914e-6
25,CFs_3,-3.989558331708337e-6
26,CFs_3,-3.948340561667654e-6
27,CFs_3,-3.907547801372452e-6
28,CFs_3,-3.8671761078674505e-6
29,CFs_3,-3.827221339608362e-6
30,CFs_3,-3.787679286938243e-6
31,CFs_3,-3.748545732057514e-6
32,CFs_3,-3.709816476552096e-6
33,CFs_3,-3.6714873539607133e-6
34,CFs_3,-3.6335542354209546e-6
35,CFs_3,-3.5960130320999298e-6
36,CFs_3,-3.5588596961234235e-6
37,CFs_3,-3.522090220799702e-6
38,CFs_3,-3.4857006405100774e-6
39,CFs_3,-3.4496870304413236e-6
40,CFs_3,-3.414045506243188e-6
1,Cg_3,0.1677171847769176
2,Cg_3,0.14321366902891858
3,Cg_3,0.0976312385080726
4,Cg_3,0.06359332131156503
5,Cg_3,0.04297236921668388
6,Cg_3,0.03157735530276841
7,Cg_3,0.02556634815086923
8,Cg_3,0.022454009618546506
9,Cg_3,0.020829875525296696
10,Cg_3,0.019946605958142273
11,Cg_3,0.019424536919816455
12,Cg_3,0.01907617950778075
13,Cg_3,0.01881081457475959
14,Cg_3,0.01858521932251333
15,Cg_3,0.01837905067174312
16,Cg_3,0.01818282926151221
17,Cg_3,0.017992174135277154
18,Cg_3,0.01780507330746818
19,Cg_3,0.01762060564844838
20,Cg_3,0.017438347996056463
21,Cg_3,0.017258102488037743
22,Cg_3,0.017079772213658202
23,Cg_3,0.016903305002747986
24,Cg_3,0.01672866826594526
25,Cg_3,0.01655583786604222
26,Cg_3,0.016384793269288427
27,Cg_3,0.01621551547532098
28,Cg_3,0.01604798615860658
29,Cg_3,0.01588218732773098
30,Cg_3,0.015718101199815617
31,Cg_3,0.01555571016045674
32,Cg_3,0.015394996755198481
33,Cg_3,0.0152359436909762
34,Cg_3,0.015078533839509248
35,Cg_3,0.014922750240056466
36,Cg_3,0.014768576100985756
37,Cg_3,0.0146159948002798
38,Cg_3,0.014464989885252001
39,Cg_3,0.014315545071726995
40,Cg_3,0.014167644242877416
1,Cs_3,-8.317247011993399e-7
2,Cs_3,4.499599639471773e-5
3,Cs_3,2.5396938766969345e-5
4,Cs_3,1.2292879279565528e-5
5,Cs_3,4.7938818774225875e-6
6,Cs_3,8.155670426278032e-7
7,Cs_3,-1.1981635533421427e-6
8,Cs_3,-2.1810824596507934e-6
9,Cs_3,-2.643047888825051e-6
10,Cs_3,-2.8482838854823474e-6
11,Cs_3,-2.9292923651288013e-6
12,Cs_3,-2.9510495415027084e-6
13,Cs_3,-2.9449106120156145e-6
14,Cs_3,-2.9258261492089646e-6
15,Cs_3,-2.900859254421555e-6
16,Cs_3,-2.873322305533754e-6
17,Cs_3,-2.844759180487023e-6
18,Cs_3,-2.815885413933687e-6
19,Cs_3,-2.787030589441542e-6
20,Cs_3,-2.7583452165264064e-6
21,Cs_3,-2.7298969971824466e-6
22,Cs_3,-2.7017154466710574e-6
23,Cs_3,-2.6738125120148123e-6
24,Cs_3,-2.646192076695313e-6
25,Cs_3,-2.618854334360541e-6
26,Cs_3,-2.5917977990185505e-6
27,Cs_3,-2.565020228323672e-6
28,Cs_3,-2.5385190475759054e-6
29,Cs_3,-2.5122915444877007e-6
30,Cs_3,-2.486334958698975e-6
31,Cs_3,-2.460646522931319e-6
32,Cs_3,-2.4352234818892443e-6
33,Cs_3,-2.4100631008983534e-6
34,Cs_3,-2.3851626697947728e-6
35,Cs_3,-2.360519504607966e-6
36,Cs_3,-2.336130948212673e-6
37,Cs_3,-2.3119943704964004e-6
38,Cs_3,-2.288107168297737e-6
39,Cs_3,-2.264466765235872e-6
40,Cs_3,-2.2410706114884257e-6
1,CHg_4,0.029016228968347657
2,CHg_4,0.012046572180575345
3,CHg_4,0.008251454883301763
4,CHg_4,0.009325107626235394
5,CHg_4,0.011148011553399196
6,CHg_4,0.012534144911638569
7,CHg_4,0.013360602095803756
8,CHg_4,0.013774411923474165
9,CHg_4,0.013933290962238186
10,CHg_4,0.013948100129889177
11,CHg_4,0.013885840744837799
12,CHg_4,0.013783989729016361
13,CHg_4,0.013662568955243716
14,CHg_4,0.013531966779695275
15,CHg_4,0.013397470346741196
16,CHg_4,0.013261735941267472
17,CHg_4,0.013126085970991162
18,CHg_4,0.012991173694600363
19,CHg_4,0.012857318631807202
20,CHg_4,0.012724674179806173
21,CHg_4,0.012593310950580998
22,CHg_4,0.01246325814806603
23,CHg_4,0.01233452414959356
24,CHg_4,0.01220710679142571
25,CHg_4,0.012080998546260381
26,CHg_4,0.011956189154200644
27,CHg_4,0.011832666974772268
28,CHg_4,0.011710419690395274
29,CHg_4,0.01158943467717502
30,CHg_4,0.011469699202816768
31,CHg_4,0.011351200533453462
32,CHg_4,0.011233925991796715
33,CHg_4,0.011117862988911122
34,CHg_4,0.011002999041507335
35,CHg_4,0.010889321781189518
36,CHg_4,0.010776818959186358
37,CHg_4,0.010665478448525136
38,CHg_4,0.01055528824474879
39,CHg_4,0.01044623646579956
40,CHg_4,0.010338311351425619
1,CFg_4,-245.49871224152375
2,CFg_4,8290.190417278875
3,CFg_4,4596.668496564204
4,CFg_4,2143.0612769839477
5,CFg_4,743.5113549501767
6,CFg_4,2.7763744498558145
7,CFg_4,-371.1812511162586
8,CFg_4,-552.9114036750921
9,CFg_4,-637.5434113496394
10,CFg_4,-674.333867642955
11,CFg_4,-687.9768653085046
12,CFg_4,-690.5828395219145
13,CFg_4,-687.997639283284
14,CFg_4,-683.0098755119295
15,CFg_4,-676.9376391302559
16,CFg_4,-670.3993796233602
17,CFg_4,-663.6834597996516
18,CFg_4,-656.9235338743688
19,CFg_4,-650.1811249658607
20,CFg_4,-643.4842672709464
21,CFg_4,-636.8454999249158
22,CFg_4,-630.2702130572387
23,CFg_4,-623.7605068621624
24,CFg_4,-617.3169716150485
25,CFg_4,-610.9395072005158
26,CFg_4,-604.6276999353014
27,CFg_4,-598.3809956938364
28,CFg_4,-592.1987794199578
29,CFg_4,-586.0804116439732
30,CFg_4,-580.0252452548773
31,CFg_4,-574.0326332001256
32,CFg_4,-568.101932011636
33,CFg_4,-562.232503407817
34,CFg_4,-556.4237150061438
35,CFg_4,-550.6749406229809
36,CFg_4,-544.9855603809881
37,CFg_4,-539.3549607263486
38,CFg_4,-533.7825344035479
39,CFg_4,-528.2676804101282
40,CFg_4,-522.8098039420502
1,CHs_4,-1.1228126162360493e-6
2,CHs_4,3.2934728546077945e-5
3,CHs_4,1.8413553027442774e-5
4,CHs_4,8.714194235975058e-6
5,CHs_4,3.1654262056099458e-6
6,CHs_4,2.2273145272790635e-7
7,CHs_4,-1.2655061855818319e-6
8,CHs_4,-1.9903204010738376e-6
9,CHs_4,-2.329149659770514e-6
10,CHs_4,-2.477682453770055e-6
11,CHs_4,-2.5341020080496955e-6
12,CHs_4,-2.546581520589705e-6
13,CHs_4,-2.5383807492120217e-6
14,CHs_4,-2.5205966529447363e-6
15,CHs_4,-2.498474829964263e-6
16,CHs_4,-2.474476719893896e-6
17,CHs_4,-2.449750190976067e-6
18,CHs_4,-2.4248274503410137e-6
19,CHs_4,-2.3999536511282374e-6
20,CHs_4,-2.375240659977763e-6
21,CHs_4,-2.350738659496738e-6
22,CHs_4,-2.326469361764413e-6
23,CHs_4,-2.302441368371725e-6
24,CHs_4,-2.2786572576421706e-6
25,CHs_4,-2.2551168493677684e-6
26,CHs_4,-2.231818707164513e-6
27,CHs_4,-2.2087608295135565e-6
28,CHs_4,-2.1859409676569056e-6
29,CHs_4,-2.1633567719253732e-6
30,CHs_4,-2.141005859153458e-6
31,CHs_4,-2.118885843758229e-6
32,CHs_4,-2.0969943520547952e-6
33,CHs_4,-2.0753290288157487e-6
34,CHs_4,-2.0538875402278765e-6
35,CHs_4,-2.0326675751668e-6
36,CHs_4,-2.011666845681347e-6
37,CHs_4,-1.990883087104038e-6
38,CHs_4,-1.9703140579834015e-6
39,CHs_4,-1.9499575399309474e-6
40,CHs_4,-1.9298113374272854e-6
1,CFs_4,-3.55453488923524e-7
2,CFs_4,1.1879832747247396e-5
3,CFs_4,6.587008086612777e-6
4,CFs_4,3.070983605292681e-6
5,CFs_4,1.0654255318870734e-6
6,CFs_4,3.9507782327896576e-9
7,CFs_4,-5.319311578154714e-7
8,CFs_4,-7.923506576972359e-7
9,CFs_4,-9.136282742154892e-7
10,CFs_4,-9.663488260352093e-7
11,CFs_4,-9.858990100329826e-7
12,CFs_4,-9.896331111372513e-7
13,CFs_4,-9.85928246616838e-7
14,CFs_4,-9.787805036940676e-7
15,CFs_4,-9.700787105147175e-7
16,CFs_4,-9.607091071011316e-7
17,CFs_4,-9.510849183040542e-7
18,CFs_4,-9.413976710802995e-7
19,CFs_4,-9.317355282841903e-7
20,CFs_4,-9.221386630236632e-7
21,CFs_4,-9.126250439211096e-7
22,CFs_4,-9.032023950412655e-7
23,CFs_4,-8.938737259547609e-7
24,CFs_4,-8.846398825095233e-7
25,CFs_4,-8.755007212188106e-7
26,CFs_4,-8.664556492506243e-7
27,CFs_4,-8.575038725178763e-7
28,CFs_4,-8.486445096193477e-7
29,CFs_4,-8.39876644169012e-7
30,CFs_4,-8.31199348830832e-7
31,CFs_4,-8.226116963526519e-7
32,CFs_4,-8.141127646190236e-7
33,CFs_4,-8.057016389469534e-7
34,CFs_4,-7.973774131070381e-7
35,CFs_4,-7.891391897531271e-7
36,CFs_4,-7.809860805762407e-7
37,CFs_4,-7.729172063292525e-7
38,CFs_4,-7.649316967907556e-7
39,CFs_4,-7.570286907002225e-7
40,CFs_4,-7.492073356797027e-7
1,Cg_4,0.02903066381068183
2,Cg_4,0.011637596038085724
3,Cg_4,0.008022836580040214
4,Cg_4,0.009216946940476803
5,Cg_4,0.011108756975659108
6,Cg_4,0.012531431598800668
7,Cg_4,0.013376368349149705
8,Cg_4,0.013799177826596091
9,Cg_4,0.013962263616427446
10,Cg_4,0.013978916596633351
11,Cg_4,0.01391735724969209
12,Cg_4,0.013815660669835752
13,Cg_4,0.01369413754839101
14,Cg_4,0.01356331403364552
15,Cg_4,0.013428542405231227
16,Cg_4,0.013292509512025368
17,Cg_4,0.013156552014875008
18,Cg_4,0.01302132978080327
19,Cg_4,0.012887165373456034
20,Cg_4,0.012754213578935459
21,Cg_4,0.012622545632214382
22,Cg_4,0.01249219100671568
23,Cg_4,0.012363158186484268
24,Cg_4,0.012235445039717885
25,Cg_4,0.012109044036807612
26,Cg_4,0.011983944899959189
27,Cg_4,0.01186013596378882
28,Cg_4,0.011737604882740471
29,Cg_4,0.01161633900369284
30,Cg_4,0.011496325564710289
31,Cg_4,0.011377551802256056
32,Cg_4,0.01126000500952071
33,Cg_4,0.011143672568277778
34,Cg_4,0.011028541966213341
35,Cg_4,0.010914600806189318
36,Cg_4,0.01080183681098043
37,Cg_4,0.01069023782544956
38,Cg_4,0.010579791817264012
39,Cg_4,0.010470486876777246
40,Cg_4,0.010362311216433048
1,Cs_4,-5.598437173812871e-7
2,Cs_4,1.6467364495158614e-5
3,Cs_4,9.206776636879945e-6
4,Cs_4,4.357097175406458e-6
5,Cs_4,1.5827131227257337e-6
6,Cs_4,1.1136572643819672e-7
7,Cs_4,-6.327531027361191e-7
8,Cs_4,-9.951602153512167e-7
9,Cs_4,-1.1645748469670989e-6
10,Cs_4,-1.2388412449525944e-6
11,Cs_4,-1.26705102245795e-6
12,Cs_4,-1.2732907787977754e-6
13,Cs_4,-1.269190393039667e-6
14,Cs_4,-1.2602983447723856e-6
15,Cs_4,-1.249237433119454e-6
16,Cs_4,-1.2372383779090904e-6
17,Cs_4,-1.2248751132702348e-6
18,Cs_4,-1.2124137427715874e-6
19,Cs_4,-1.199976842984549e-6
20,Cs_4,-1.1876203472298814e-6
21,Cs_4,-1.1753693468114954e-6
22,Cs_4,-1.1632346977691602e-6
23,Cs_4,-1.1512207008984e-6
24,Cs_4,-1.13932864536098e-6
25,Cs_4,-1.1275584410529064e-6
26,Cs_4,-1.1159093697821648e-6
27,Cs_4,-1.1043804307893173e-6
28,Cs_4,-1.092970499695351e-6
29,Cs_4,-1.0816784016656536e-6
30,Cs_4,-1.0705029451174589e-6
31,Cs_4,-1.0594429372592835e-6
32,Cs_4,-1.0484971912486635e-6
33,Cs_4,-1.03766452947188e-6
34,Cs_4,-1.026943785022308e-6
35,Cs_4,-1.016333802337742e-6
36,Cs_4,-1.0058334374425788e-6
37,Cs_4,-9.95441558003062e-7
38,Cs_4,-9.85157043293441e-7
39,Cs_4,-9.74978784119453e-7
40,Cs_4,-9.64905682721388e-7
1,CHg_5,-0.48622565912765164
2,CHg_5,-2198.4133043872075
3,CHg_5,-1215.6243230504247
4,CHg_5,-560.1143971327195
5,CHg_5,-185.19976496639407
6,CHg_5,13.584188143849223
7,CHg_5,114.02524814387827
8,CHg_5,162.81926326651768
9,CHg_5,185.48801363680977
10,CHg_5,195.2718258910346
11,CHg_5,198.81732096967946
12,CHg_5,199.38712898716105
13,CHg_5,198.5572237734235
14,CHg_5,197.07979433500722
15,CHg_5,195.31056068658492
16,CHg_5,193.41652146101524
17,CHg_5,191.47559605623502
18,CHg_5,189.52393043881455
19,CHg_5,187.5781802685814
20,CHg_5,185.6459434041915
21,CHg_5,183.73062105346565
22,CHg_5,181.8336746083201
23,CHg_5,179.95567053054668
24,CHg_5,178.0967631865849
25,CHg_5,176.25691770002683
26,CHg_5,174.43601276426634
27,CHg_5,172.63388808946684
28,CHg_5,170.85036632191256
29,CHg_5,169.08526318800398
30,CHg_5,167.33839219942843
31,CHg_5,165.60956684049975
32,CHg_5,163.89860158593856
33,CHg_5,162.20531237284715
34,CHg_5,160.52951681641642
35,CHg_5,158.87103430440024
36,CHg_5,157.22968603372442
37,CHg_5,155.60529501919473
38,CHg_5,153.9976860886206
39,CHg_5,152.40668587126657
40,CHg_5,150.8321227830171
1,CFg_5,-3.5293544223160715e-7
2,CFg_5,1.1879832131518301e-5
3,CFg_5,6.587007742356943e-6
4,CFg_5,3.070983442369485e-6
5,CFg_5,1.0654254727008366e-6
6,CFg_5,3.950774062027322e-9
7,CFg_5,-5.319311341625765e-7
8,CFg_5,-7.923506204933479e-7
9,CFg_5,-9.136282306768594e-7
10,CFg_5,-9.663487797195704e-7
11,CFg_5,-9.858989626624628e-7
12,CFg_5,-9.896330635333476e-7
13,CFg_5,-9.85928199166185e-7
14,CFg_5,-9.787804565758355e-7
15,CFg_5,-9.700786638100047e-7
16,CFg_5,-9.607090608450179e-7
17,CFg_5,-9.510848725101582e-7
18,CFg_5,-9.413976257522907e-7
19,CFg_5,-9.317354834211539e-7
20,CFg_5,-9.221386186225935e-7
21,CFg_5,-9.126249999780632e-7
22,CFg_5,-9.03202351551892e-7
23,CFg_5,-8.938736829145496e-7
24,CFg_5,-8.846398399139152e-7
25,CFg_5,-8.755006790632502e-7
26,CFg_5,-8.664556075305832e-7
27,CFg_5,-8.575038312288624e-7
28,CFg_5,-8.486444687569122e-7
29,CFg_5,-8.398766037287493e-7
30,CFg_5,-8.311993088083818e-7
31,CFg_5,-8.226116567436978e-7
32,CFg_5,-8.141127254192937e-7
33,CFg_5,-8.05701600152219e-7
34,CFg_5,-7.973773747131159e-7
35,CFg_5,-7.891391517558759e-7
36,CFg_5,-7.809860429715621e-7
37,CFg_5,-7.729171691130909e-7
38,CFg_5,-7.649316599590971e-7
39,CFg_5,-7.570286542490937e-7
40,CFg_5,-7.492072996051737e-7
1,CHs_5,-1.0423411424743076e-9
2,CHs_5,-2.6538914882570746e-5
3,CHs_5,-1.4674946567290408e-5
4,CHs_5,-6.761793829816128e-6
5,CHs_5,-2.235913860511367e-6
6,CHs_5,1.6376030547398447e-7
7,CHs_5,1.3762628558239199e-6
8,CHs_5,1.9652946387490993e-6
9,CHs_5,2.2389484695312182e-6
10,CHs_5,2.3570584216816363e-6
11,CHs_5,2.39986091809842e-6
12,CHs_5,2.4067416439134574e-6
13,CHs_5,2.3967253698059763e-6
14,CHs_5,2.3788923336744985e-6
15,CHs_5,2.3575366964240594e-6
16,CHs_5,2.3346744214598835e-6
17,CHs_5,2.3112461304614007e-6
18,CHs_5,2.2876881672892068e-6
19,CHs_5,2.264201594178591e-6
20,CHs_5,2.240878130196795e-6
21,CHs_5,2.217758833718017e-6
22,CHs_5,2.1948613462872976e-6
23,CHs_5,2.172192506165178e-6
24,CHs_5,2.1497541769531386e-6
25,CHs_5,2.1275459377914664e-6
26,CHs_5,2.1055663244745087e-6
27,CHs_5,2.0838134022105753e-6
28,CHs_5,2.062285030222048e-6
29,CHs_5,2.040978984198302e-6
30,CHs_5,2.019893013093667e-6
31,CHs_5,1.9990248655314413e-6
32,CHs_5,1.9783723020897144e-6
33,CHs_5,1.9579331009985813e-6
34,CHs_5,1.9377050607439247e-6
35,CHs_5,1.9176860012077787e-6
36,CHs_5,1.8978737641102149e-6
37,CHs_5,1.8782662131144293e-6
38,CHs_5,1.8588612337678805e-6
39,CHs_5,1.8396567333628795e-6
40,CHs_5,1.8206506407575158e-6
1,CFs_5,-3.490469058444481e-7
2,CFs_5,1.1879832131532499e-5
3,CFs_5,6.587007742368757e-6
4,CFs_5,3.070983442380128e-6
5,CFs_5,1.0654254727108778e-6
6,CFs_5,3.950774071743126e-9
7,CFs_5,-5.319311341530571e-7
8,CFs_5,-7.923506204839665e-7
9,CFs_5,-9.136282306675911e-7
10,CFs_5,-9.663487797104036e-7
11,CFs_5,-9.858989626533932e-7
12,CFs_5,-9.896330635243714e-7
13,CFs_5,-9.859281991573021e-7
14,CFs_5,-9.787804565670444e-7
15,CFs_5,-9.700786638013042e-7
16,CFs_5,-9.60709060836407e-7
17,CFs_5,-9.510848725016368e-7
18,CFs_5,-9.413976257438576e-7
19,CFs_5,-9.317354834128079e-7
20,CFs_5,-9.221386186143341e-7
21,CFs_5,-9.126249999698888e-7
22,CFs_5,-9.032023515438023e-7
23,CFs_5,-8.938736829065431e-7
24,CFs_5,-8.846398399059919e-7
25,CFs_5,-8.755006790554086e-7
26,CFs_5,-8.664556075228223e-7
27,CFs_5,-8.575038312211814e-7
28,CFs_5,-8.48644468749311e-7
29,CFs_5,-8.398766037212271e-7
30,CFs_5,-8.311993088009368e-7
31,CFs_5,-8.226116567363293e-7
32,CFs_5,-8.14112725412002e-7
33,CFs_5,-8.05701600145003e-7
34,CFs_5,-7.973773747059741e-7
35,CFs_5,-7.891391517488081e-7
36,CFs_5,-7.809860429645672e-7
37,CFs_5,-7.729171691061684e-7
38,CFs_5,-7.649316599522461e-7
39,CFs_5,-7.570286542423136e-7
40,CFs_5,-7.49207299598463e-7
1,Cg_5,-0.12351718518654915
2,Cg_5,-1099.1538585775065
3,Cg_5,-607.7783089148975
4,Cg_5,-280.03641463277256
5,Cg_5,-92.58673078384503
6,Cg_5,6.801127742341795
7,Cg_5,57.019528397069294
8,Cg_5,81.41545663001821
9,Cg_5,92.749283937309
10,Cg_5,97.64090368403765
11,Cg_5,99.41349098937543
12,Cg_5,99.69829478269409
13,Cg_5,99.28327028179541
14,Cg_5,98.5444970206089
15,Cg_5,97.6598280227269
16,Cg_5,96.71275938047873
17,Cg_5,95.74224931834573
18,Cg_5,94.7663701509611
19,Cg_5,93.79344940709221
20,Cg_5,92.82728588083357
21,Cg_5,91.86958011493125
22,Cg_5,90.92106277681205
23,Cg_5,89.98201708298338
24,Cg_5,89.05252020827616
25,Cg_5,88.13255470857094
26,Cg_5,87.22205992562995
27,Cg_5,86.3209557099712
28,Cg_5,85.42915338030667
29,Cg_5,84.54656079545738
30,Cg_5,83.67308470691451
31,Cg_5,82.808631852507
32,Cg_5,81.95310946529574
33,Cg_5,81.10642550956494
34,Cg_5,80.26848878867948
35,Cg_5,79.4392089923246
36,Cg_5,78.61849671481134
37,Cg_5,77.80626345943203
38,Cg_5,77.00242163602182
39,Cg_5,76.2068845551849
40,Cg_5,75.41956642087655
1,Cs_5,-1.0732196014946658e-9
2,Cs_5,-1.3269457441269857e-5
3,Cs_5,-7.3374732836342145e-6
4,Cs_5,-3.3808969149009556e-6
5,Cs_5,-1.1179569302510148e-6
6,Cs_5,8.188015274029359e-8
7,Cs_5,6.881314279145366e-7
8,Cs_5,9.82647319376752e-7
9,Cs_5,1.1194742347676176e-6
10,Cs_5,1.1785292108427231e-6
11,Cs_5,1.1999304590510562e-6
12,Cs_5,1.203370821958537e-6
13,Cs_5,1.1983626849047692e-6
14,Cs_5,1.1894461668390075e-6
15,Cs_5,1.1787683482137685e-6
16,Cs_5,1.167337210731662e-6
17,Cs_5,1.1556230652324023e-6
18,Cs_5,1.1438440836462877e-6
19,Cs_5,1.132100797090962e-6
20,Cs_5,1.120439065100047e-6
21,Cs_5,1.1088794168606405e-6
22,Cs_5,1.0974306731452645e-6
23,Cs_5,1.0860962530841876e-6
24,Cs_5,1.074877088478151e-6
25,Cs_5,1.0637729688972985e-6
26,Cs_5,1.0527831622388044e-6
27,Cs_5,1.0419067011068216e-6
28,Cs_5,1.0311425151125418e-6
29,Cs_5,1.0204894921006534e-6
30,Cs_5,1.00994650654832e-6
31,Cs_5,9.99512432767192e-7
32,Cs_5,9.891861510463128e-7
33,Cs_5,9.78966550500731e-7
34,Cs_5,9.688525303733877e-7
35,Cs_5,9.58843000605301e-7
36,Cs_5,9.489368820565033e-7
37,Cs_5,9.391331065585967e-7
38,Cs_5,9.294306168853079e-7
39,Cs_5,9.198283666827938e-7
40,Cs_5,9.103253203800978e-7
1,CHg_6,-2.370778006456273e-6
2,CHg_6,-1.984538524417742e-5
3,CHg_6,-1.1278127226389184e-5
4,CHg_6,-5.541022942516677e-6
5,CHg_6,-2.253640693322113e-6
6,CHg_6,-5.077501283417014e-7
7,CHg_6,3.7699406187598814e-7
8,CHg_6,8.096236203793006e-7
9,CHg_6,1.0137127623462623e-6
10,CHg_6,1.1051788963742718e-6
11,CHg_6,1.1421558080710447e-6
12,CHg_6,1.1531455182459716e-6
13,CHg_6,1.1518971742477754e-6
14,CHg_6,1.1449637219999267e-6
15,CHg_6,1.1354396437327516e-6
16,CHg_6,1.1247756548494989e-6
17,CHg_6,1.1136478124001693e-6
18,CHg_6,1.1023694943213994e-6
19,CHg_6,1.0910851490149974e-6
20,CHg_6,1.079860854677568e-6
21,CHg_6,1.0687264441612815e-6
22,CHg_6,1.0576950269873906e-6
23,CHg_6,1.0467720109120884e-6
24,CHg_6,1.0359592624881463e-6
25,CHg_6,1.0252570233020636e-6
26,CHg_6,1.0146647919934052e-6
27,CHg_6,1.0041817302719542e-6
28,CHg_6,9.93806849968676e-7
29,CHg_6,9.835390993401539e-7
30,CHg_6,9.733774029737635e-7
31,CHg_6,9.633206802833905e-7
32,CHg_6,9.533678540977877e-7
33,CHg_6,9.435178546455395e-7
34,CHg_6,9.337696213895367e-7
35,CHg_6,9.241221038499328e-7
36,CHg_6,9.145742619473488e-7
37,CHg_6,9.051250661163628e-7
38,CHg_6,8.957734973078677e-7
39,CHg_6,8.865185469371529e-7
40,CHg_6,8.773592168053253e-7
1,CFg_6,-3.703545563291596e-7
2,CFg_6,1.1839462721373272e-5
3,CFg_6,6.564064469602725e-6
4,CFg_6,3.0597098962242202e-6
5,CFg_6,1.060838798565195e-6
6,CFg_6,2.915450023123495e-9
7,CFg_6,-5.311667661228262e-7
8,CFg_6,-7.907062107902663e-7
9,CFg_6,-9.115686562538318e-7
10,CFg_6,-9.641031285476542e-7
11,CFg_6,-9.835780719905205e-7
12,CFg_6,-9.872897943021488e-7
13,CFg_6,-9.835874450537263e-7
14,CFg_6,-9.764537818832235e-7
15,CFg_6,-9.677713383525506e-7
16,CFg_6,-9.584234035441688e-7
17,CFg_6,-9.48821827124499e-7
18,CFg_6,-9.391574986004057e-7
19,CFg_6,-9.295182869991072e-7
20,CFg_6,-9.199442310154877e-7
21,CFg_6,-9.104532385860222e-7
22,CFg_6,-9.010530071066901e-7
23,CFg_6,-8.917465351456536e-7
24,CFg_6,-8.825346647516305e-7
25,CFg_6,-8.734172519440865e-7
26,CFg_6,-8.643937049085114e-7
27,CFg_6,-8.554632312607072e-7
28,CFg_6,-8.466249516072493e-7
29,CFg_6,-8.378779516992544e-7
30,CFg_6,-8.292213063860043e-7
31,CFg_6,-8.20654090611211e-7
32,CFg_6,-8.121753844483775e-7
33,CFg_6,-8.037842753884279e-7
34,CFg_6,-7.954798593571164e-7
35,CFg_6,-7.872612411430175e-7
36,CFg_6,-7.791275345507389e-7
37,CFg_6,-7.710778624253794e-7
38,CFg_6,-7.631113566163858e-7
39,CFg_6,-7.552271579128181e-7
40,CFg_6,-7.474244159652118e-7
1,CHs_6,0.06738742303521109
2,CHs_6,0.04217176606686603
3,CHs_6,0.024550764797545106
4,CHs_6,0.015152594830733345
5,CHs_6,0.010677823273044054
6,CHs_6,0.008659969569859195
7,CHs_6,0.007764281522724711
8,CHs_6,0.007354744843275571
9,CHs_6,0.007148361423822111
10,CHs_6,0.007024597597662305
11,CHs_6,0.006933741981498056
12,CHs_6,0.006855848148820332
13,CHs_6,0.006783129950113154
14,CHs_6,0.006712644155295848
15,CHs_6,0.006643325021097457
16,CHs_6,0.006574810927698973
17,CHs_6,0.006506992179264243
18,CHs_6,0.0064398424802134925
19,CHs_6,0.006373359125127294
20,CHs_6,0.006307543452116412
21,CHs_6,0.0062423954690418
22,CHs_6,0.0061779130501266885
23,CHs_6,0.00611409235188876
24,CHs_6,0.006050928383369741
25,CHs_6,0.005988415456167314
26,CHs_6,0.005926547487025702
27,CHs_6,0.005865318186950834
28,CHs_6,0.005804721174861965
29,CHs_6,0.0057447500443447794
30,CHs_6,0.005685398402287876
31,CHs_6,0.005626659890994966
32,CHs_6,0.005568528200690447
33,CHs_6,0.005510997076470176
34,CHs_6,0.005454060322047194
35,CHs_6,0.005397711801648862
36,CHs_6,0.0053419454408472865
37,CHs_6,0.005286755226774104
38,CHs_6,0.005232135207980181
39,CHs_6,0.005178079494091231
40,CHs_6,0.005124582255346887
1,CFs_6,-0.07638074749426726
2,CFs_6,0.0036476029069249533
3,CFs_6,0.010669958555832294
4,CFs_6,0.015412575038452858
5,CFs_6,0.018081773571661925
6,CFs_6,0.019420171766576393
7,CFs_6,0.020005939257145673
8,CFs_6,0.020193338072336964
9,CFs_6,0.0201784875583713
10,CFs_6,0.020064084186910486
11,CFs_6,0.01990207900158187
12,CFs_6,0.01971815529835204
13,CFs_6,0.019524808966505124
14,CFs_6,0.019328049979047097
15,CFs_6,0.019130743168533183
16,CFs_6,0.01893424294802244
17,CFs_6,0.018739182970481588
18,CFs_6,0.018545854219255014
19,CFs_6,0.018354385003241953
20,CFs_6,0.018164826375135546
21,CFs_6,0.01797719263135103
22,CFs_6,0.017791480538663838
23,CFs_6,0.017607678492463082
24,CFs_6,0.01742577090303452
25,CFs_6,0.017245740312259106
26,CFs_6,0.017067568424825787
27,CFs_6,0.01689123661623871
28,CFs_6,0.016716726186118865
29,CFs_6,0.01654401848600922
30,CFs_6,0.01637309498447961
31,CFs_6,0.016203937300419774
32,CFs_6,0.016036527219926777
33,CFs_6,0.01587084670459075
34,CFs_6,0.01570687789519905
35,CFs_6,0.015544603112964229
36,CFs_6,0.015384004859398106
37,CFs_6,0.015225065815439373
38,CFs_6,0.015067768840168586
39,CFs_6,0.014912096969296365
40,CFs_6,0.014758033413529544
1,Cg_6,-1.1861535360137395e-6
2,Cg_6,-9.897845429661035e-6
3,Cg_6,-5.62527335960851e-6
4,Cg_6,-2.764068556705922e-6
5,Cg_6,-1.1245691103288707e-6
6,Cg_6,-2.5384263165130747e-7
7,Cg_6,1.8740914691629738e-7
8,Cg_6,4.031793632727546e-7
9,Cg_6,5.049702047566465e-7
10,Cg_6,5.505928406427757e-7
11,Cg_6,5.690401981690066e-7
12,Cg_6,5.745270140491389e-7
13,Cg_6,5.73910352660181e-7
14,Cg_6,5.704583348825412e-7
15,Cg_6,5.657142541977285e-7
16,Cg_6,5.604016161325539e-7
17,Cg_6,5.548575856208091e-7
18,Cg_6,5.492384513606118e-7
19,Cg_6,5.436162532927963e-7
20,Cg_6,5.380239465415841e-7
21,Cg_6,5.324764099597682e-7
22,Cg_6,5.269801821428e-7
23,Cg_6,5.215379606557889e-7
24,Cg_6,5.161506769841186e-7
25,Cg_6,5.108184521979359e-7
26,Cg_6,5.055410368333765e-7
27,Cg_6,5.003180133826518e-7
28,Cg_6,4.951488895813835e-7
29,Cg_6,4.900331414514169e-7
30,Cg_6,4.849702332031592e-7
31,Cg_6,4.799596264603527e-7
32,Cg_6,4.75000784543677e-7
33,Cg_6,4.700931744584262e-7
34,Cg_6,4.6523626780960083e-7
35,Cg_6,4.6042954121248444e-7
36,Cg_6,4.556724764639185e-7
37,Cg_6,4.5096456059899463e-7
38,Cg_6,4.4630528589230096e-7
39,Cg_6,4.4169414983210224e-7
40,Cg_6,4.371306550812056e-7
1,Cs_6,0.06704910473717389
2,Cs_6,0.04213985634382813
3,Cs_6,0.02455453725302712
4,Cs_6,0.015173994848916647
5,Cs_6,0.010706805907774553
6,Cs_6,0.008691835203132225
7,Cs_6,0.007797033218562961
8,Cs_6,0.007387591374170291
9,Cs_6,0.007181009340235096
10,Cs_6,0.0070569469146335015
11,Cs_6,0.006965763597360191
12,Cs_6,0.006887537109996888
13,Cs_6,0.0068144886358051425
14,Cs_6,0.006743676671334116
15,Cs_6,0.006674035554700518
16,Cs_6,0.006605203391566124
17,Cs_6,0.006537070217954508
18,Cs_6,0.00646960954482169
19,Cs_6,0.006402818537871145
20,Cs_6,0.006336698448856522
21,Cs_6,0.006271249224346662
22,Cs_6,0.006206468691242858
23,Cs_6,0.00614235296631525
24,Cs_6,0.006078897022941339
25,Cs_6,0.006016095139295714
26,Cs_6,0.005953941199989451
27,Cs_6,0.005892428884700789
28,Cs_6,0.005831551781581541
29,Cs_6,0.005771303453886038
30,Cs_6,0.005711677478544147
31,Cs_6,0.005652667468240203
32,Cs_6,0.005594267083900367
33,Cs_6,0.0055364700416327154
34,Cs_6,0.005479270116465979
35,Cs_6,0.0054226611442416955
36,Cs_6,0.005366637022440499
37,Cs_6,0.005311191710393386
38,Cs_6,0.005256319229138128
39,Cs_6,0.0052020136610717565
40,Cs_6,0.005148269149486637
1,CHg_7,2.542099924682853e-6
2,CHg_7,-6.137956995993946e-5
3,CHg_7,-3.343800576026199e-5
4,CHg_7,-1.481453691930918e-5
5,CHg_7,-4.169943511449657e-6
6,CHg_7,1.4691624879733571e-6
7,CHg_7,4.3138783019553925e-6
8,CHg_7,5.690864380686211e-6
9,CHg_7,6.325183522191046e-6
10,CHg_7,6.593083351544345e-6
11,CHg_7,6.683524408805965e-6
12,CHg_7,6.6893154761495965e-6
13,CHg_7,6.655316209565274e-6
14,CHg_7,6.60295239899154e-6
15,CHg_7,6.5423636445738564e-6
16,CHg_7,6.478313214745885e-6
17,CHg_7,6.413024708602999e-6
18,CHg_7,6.347529831868201e-6
19,CHg_7,6.28230376372709e-6
20,CHg_7,6.2175628589164635e-6
21,CHg_7,6.153403473816276e-6
22,CHg_7,6.089866466433776e-6
23,CHg_7,6.026967080528644e-6
24,CHg_7,5.964708764122216e-6
25,CHg_7,5.903089551309842e-6
26,CHg_7,5.842105008051839e-6
27,CHg_7,5.781749592196072e-6
28,CHg_7,5.722017281945396e-6
29,CHg_7,5.662901866718348e-6
30,CHg_7,5.604397082019818e-6
31,CHg_7,5.5464966720816395e-6
32,CHg_7,5.489194418949187e-6
33,CHg_7,5.432484155910848e-6
34,CHg_7,5.3763597735788525e-6
35,CHg_7,5.320815222495954e-6
36,CHg_7,5.265844514085569e-6
37,CHg_7,5.211441720804614e-6
38,CHg_7,5.157600975909066e-6
39,CHg_7,5.1043164730300675e-6
40,CHg_7,5.051582465657454e-6
1,CFg_7,-2.2966545016554502e-7
2,CFg_7,8.843782115338558e-6
3,CFg_7,4.933561682014468e-6
4,CFg_7,2.3391159946069787e-6
5,CFg_7,8.603219081317419e-7
6,CFg_7,7.79113932865802e-8
7,CFg_7,-3.1719500979207883e-7
8,CFg_7,-5.094766354228637e-7
9,CFg_7,-5.993718999976763e-7
10,CFg_7,-6.388450704126241e-7
11,CFg_7,-6.539308772682862e-7
12,CFg_7,-6.573902304344142e-7
13,CFg_7,-6.553799630279826e-7
14,CFg_7,-6.50835691782923e-7
15,CFg_7,-6.451443745981094e-7
16,CFg_7,-6.389564836786811e-7
17,CFg_7,-6.325751800410366e-7
18,CFg_7,-6.261409223130106e-7
19,CFg_7,-6.197183522643817e-7
20,CFg_7,-6.133369337145094e-7
21,CFg_7,-6.070098661103664e-7
22,CFg_7,-6.007428517119499e-7
23,CFg_7,-5.945381463445719e-7
24,CFg_7,-5.883964261038887e-7
25,CFg_7,-5.823176458047682e-7
26,CFg_7,-5.763014331264444e-7
27,CFg_7,-5.703472693633914e-7
28,CFg_7,-5.644545722456065e-7
29,CFg_7,-5.58622733863167e-7
30,CFg_7,-5.528511380206007e-7
31,CFg_7,-5.471391681674594e-7
32,CFg_7,-5.414862110098484e-7
33,CFg_7,-5.358916581405364e-7
34,CFg_7,-5.303549067586182e-7
35,CFg_7,-5.24875359969911e-7
36,CFg_7,-5.194524268937292e-7
37,CFg_7,-5.140855226799987e-7
38,CFg_7,-5.087740684847515e-7
39,CFg_7,-5.035174914263322e-7
40,CFg_7,-4.983152245327424e-7
1,CHs_7,0.06611820932093815
2,CHs_7,0.03914677538744138
3,CHs_7,0.023285132645379063
4,CHs_7,0.015653960045417248
5,CHs_7,0.012253176709627544
6,CHs_7,0.010766623192653427
7,CHs_7,0.010099443422927954
8,CHs_7,0.009772762963978386
9,CHs_7,0.009584949980032587
10,CHs_7,0.009453037335713768
11,CHs_7,0.009343492467431876
12,CHs_7,0.00924300495239583
13,CHs_7,0.009146405718361023
14,CHs_7,0.00905174627769316
15,CHs_7,0.008958323657636975
16,CHs_7,0.008865901219218939
17,CHs_7,0.008774408221825644
18,CHs_7,0.008683827771968208
19,CHs_7,0.008594157192790393
20,CHs_7,0.008505395298383064
21,CHs_7,0.008417539128597957
22,CHs_7,0.008330583690248208
23,CHs_7,0.0082445224493004
24,CHs_7,0.0081593478653924
25,CHs_7,0.008075051796925602
26,CHs_7,0.007991625771606734
27,CHs_7,0.007909061156321343
28,CHs_7,0.007827349260158677
29,CHs_7,0.007746481395559163
30,CHs_7,0.007666448914053565
31,CHs_7,0.007587243226866765
32,CHs_7,0.007508855816600323
33,CHs_7,0.0074312782436880866
34,CHs_7,0.0073545021497989195
35,CHs_7,0.007278519259459563
36,CHs_7,0.0072033213806410685
37,CHs_7,0.007128900404742842
38,CHs_7,0.007055248306227544
39,CHs_7,0.006982357142055027
40,CHs_7,0.00691021905100189
1,CFs_7,-0.0747995543759115
2,CFs_7,-0.04765703062369928
3,CFs_7,-0.017769981594319723
4,CFs_7,0.002162073404376178
5,CFs_7,0.013495418068737188
6,CFs_7,0.01941938016257494
7,CFs_7,0.022320061946553737
8,CFs_7,0.023632335706211347
9,CFs_7,0.02414125068470702
10,CFs_7,0.02425444084152256
11,CFs_7,0.02417673213790672
12,CFs_7,0.024008780013777126
13,CFs_7,0.02379927009931754
14,CFs_7,0.02357147568654751
15,CFs_7,0.023336421435318826
16,CFs_7,0.023099290354766443
17,CFs_7,0.02286250124585332
18,CFs_7,0.02262717249290211
19,CFs_7,0.022393813265475057
20,CFs_7,0.02216264815649688
21,CFs_7,0.021933769076220574
22,CFs_7,0.021707206146893365
23,CFs_7,0.021482960751637612
24,CFs_7,0.02126102094055329
25,CFs_7,0.021041368621080678
26,CFs_7,0.020823982922158583
27,CFs_7,0.020608841774097518
28,CFs_7,0.020395922654176318
29,CFs_7,0.020185202940551282
30,CFs_7,0.019976660081215725
31,CFs_7,0.019770271674973153
32,CFs_7,0.01956601551016033
33,CFs_7,0.019363869582854677
34,CFs_7,0.019163812104991247
35,CFs_7,0.018965821507447387
36,CFs_7,0.018769876440581174
37,CFs_7,0.018575955773465012
38,CFs_7,0.018384038592443325
39,CFs_7,0.01819410419933953
40,CFs_7,0.018006132109482556
1,Cg_7,1.2447111806283005e-6
2,Cg_7,-2.9898837597992833e-5
3,Cg_7,-1.6283037160787996e-5
4,Cg_7,-7.207386521155856e-6
5,Cg_7,-2.0198475438044195e-6
6,Cg_7,7.283597209735342e-7
7,Cg_7,2.1147084121100248e-6
8,Cg_7,2.785725958099042e-6
9,Cg_7,3.094777406463243e-6
10,Cg_7,3.225236792864869e-6
11,Cg_7,3.2692016995364635e-6
12,Cg_7,3.2719073983765577e-6
13,Cg_7,3.2552191096293255e-6
14,Cg_7,3.2295802807143236e-6
15,Cg_7,3.1999332986131197e-6
16,Cg_7,3.1685999901283083e-6
17,Cg_7,3.1366642570564236e-6
18,Cg_7,3.1046290171257336e-6
19,Cg_7,3.072725904514247e-6
20,Cg_7,3.0410603836299163e-6
21,Cg_7,3.0096794210156023e-6
22,Cg_7,2.978602927278547e-6
23,Cg_7,2.9478383252556265e-6
24,Cg_7,2.9173872866565052e-6
25,Cg_7,2.8872488434129035e-6
26,Cg_7,2.8574208239437334e-6
27,Cg_7,2.8279005163083325e-6
28,Cg_7,2.798684974680958e-6
29,Cg_7,2.7697711612079182e-6
30,Cg_7,2.741156011796152e-6
31,Cg_7,2.712836466674377e-6
32,Cg_7,2.6848094845870097e-6
33,Cg_7,2.6570720493492186e-6
34,Cg_7,2.629621172815861e-6
35,Cg_7,2.6024538961545214e-6
36,Cg_7,2.5755672903096686e-6
37,Cg_7,2.5489584560773143e-6
38,Cg_7,2.5226245239904017e-6
39,Cg_7,2.4965626541115807e-6
40,Cg_7,2.4707700357806573e-6
1,Cs_7,0.058386977817591106
2,Cs_7,0.0346219899076593
3,Cs_7,0.021161513616817933
4,Cs_7,0.014970157337196163
5,Cs_7,0.012336394627320606
6,Cs_7,0.011234520998719645
7,Cs_7,0.010752055163166598
8,Cs_7,0.010509961123299615
9,Cs_7,0.010357923395114044
10,Cs_7,0.010238430071418161
11,Cs_7,0.010130292336283398
12,Cs_7,0.010026092203192753
13,Cs_7,0.009923441227531778
14,Cs_7,0.009821691573476189
15,Cs_7,0.00972074436566273
16,Cs_7,0.009620641836367624
17,Cs_7,0.00952144120886197
18,Cs_7,0.009423183875426087
19,Cs_7,0.009325893399159312
20,Cs_7,0.009229580142999232
21,Cs_7,0.009134245978878418
22,Cs_7,0.00903988768258013
23,Cs_7,0.008946499096227599
24,Cs_7,0.008854072425115399
25,Cs_7,0.008762598990305083
26,Cs_7,0.008672069657458436
27,Cs_7,0.00858247507878489
28,Cs_7,0.008493805828876235
29,Cs_7,0.008406052480783384
30,Cs_7,0.008319205648538368
31,Cs_7,0.008233256010825321
32,Cs_7,0.008148194324032625
33,Cs_7,0.008064011429300471
34,Cs_7,0.007980698256158247
35,Cs_7,0.007898245824217298
36,Cs_7,0.007816645243750989
37,Cs_7,0.007735887715636903
38,Cs_7,0.007655964530933658
39,Cs_7,0.007576867070249197
40,Cs_7,0.007498586802991496
1,CHg_8,1.8400631278102399e-6
2,CHg_8,-8.087835677552405e-5
3,CHg_8,-4.4527867075500235e-5
4,CHg_8,-2.0285955631141324e-5
5,CHg_8,-6.425335325777152e-6
6,CHg_8,9.208595998254227e-7
7,CHg_8,4.630536807442798e-6
8,CHg_8,6.430621111242052e-6
9,CHg_8,7.2647651504273056e-6
10,CHg_8,7.622488528973838e-6
11,CHg_8,7.749539279418244e-6
12,CHg_8,7.766561858998287e-6
13,CHg_8,7.73184157544906e-6
14,CHg_8,7.673202264864394e-6
15,CHg_8,7.603804574873693e-6
16,CHg_8,7.529827929029985e-6
17,CHg_8,7.454155809545403e-6
18,CHg_8,7.378125769168632e-6
19,CHg_8,7.302353951767056e-6
20,CHg_8,7.227121198049369e-6
21,CHg_8,7.152552988880361e-6
22,CHg_8,7.07870299701677e-6
23,CHg_8,7.005591773278001e-6
24,CHg_8,6.933224622935911e-6
25,CHg_8,6.861599855548109e-6
26,CHg_8,6.7907125899945555e-6
27,CHg_8,6.720556509676123e-6
28,CHg_8,6.651124672820886e-6
29,CHg_8,6.582409887114237e-6
30,CHg_8,6.514404883225633e-6
31,CHg_8,6.4471023953213185e-6
32,CHg_8,6.380495198424154e-6
33,CHg_8,6.314576125667724e-6
34,CHg_8,6.249338076130133e-6
35,CHg_8,6.184774018223134e-6
36,CHg_8,6.120876990966578e-6
37,CHg_8,6.0576401042474175e-6
38,CHg_8,5.995056538586667e-6
39,CHg_8,5.933119544666085e-6
40,CHg_8,5.8718224427375e-6
1,CFg_8,-3.6212397642221277e-7
2,CFg_8,1.1879832131548554e-5
3,CFg_8,6.5870077423870425e-6
4,CFg_8,3.070983442392176e-6
5,CFg_8,1.065425472717368e-6
6,CFg_8,3.950774074673366e-9
7,CFg_8,-5.319311341521368e-7
8,CFg_8,-7.923506204841062e-7
9,CFg_8,-9.136282306682635e-7
10,CFg_8,-9.663487797113347e-7
11,CFg_8,-9.858989626544424e-7
12,CFg_8,-9.89633063525472e-7
13,CFg_8,-9.859281991584209e-7
14,CFg_8,-9.787804565681652e-7
15,CFg_8,-9.700786638024198e-7
16,CFg_8,-9.60709060837514e-7
17,CFg_8,-9.510848725027337e-7
18,CFg_8,-9.413976257449434e-7
19,CFg_8,-9.317354834138829e-7
20,CFg_8,-9.221386186153977e-7
21,CFg_8,-9.126249999709412e-7
22,CFg_8,-9.03202351544844e-7
23,CFg_8,-8.938736829075745e-7
24,CFg_8,-8.846398399070122e-7
25,CFg_8,-8.755006790564183e-7
26,CFg_8,-8.664556075238216e-7
27,CFg_8,-8.575038312221706e-7
28,CFg_8,-8.486444687502898e-7
29,CFg_8,-8.398766037221954e-7
30,CFg_8,-8.311993088018957e-7
31,CFg_8,-8.226116567372786e-7
32,CFg_8,-8.141127254129402e-7
33,CFg_8,-8.057016001459317e-7
34,CFg_8,-7.973773747068932e-7
35,CFg_8,-7.89139151749718e-7
36,CFg_8,-7.809860429654675e-7
37,CFg_8,-7.729171691070596e-7
38,CFg_8,-7.649316599531279e-7
39,CFg_8,-7.570286542431863e-7
40,CFg_8,-7.49207299599327e-7
1,CHs_8,0.03506213318590052
2,CHs_8,0.0014290104557247443
3,CHs_8,-0.00599712031120268
4,CHs_8,-0.003936310149441926
5,CHs_8,-0.0003638486104019519
6,CHs_8,0.002373656393803628
7,CHs_8,0.0040535344142632115
8,CHs_8,0.004971559880846716
9,CHs_8,0.005430269084726678
10,CHs_8,0.005635402472515487
11,CHs_8,0.005707688608829949
12,CHs_8,0.0057127917304262655
13,CHs_8,0.00568483525532123
14,CHs_8,0.005641029833982061
15,CHs_8,0.005589877517738625
16,CHs_8,0.0055355154285998435
17,CHs_8,0.005479933705783569
18,CHs_8,0.005424080679240886
19,CHs_8,0.005368404139543332
20,CHs_8,0.005313113130289447
21,CHs_8,0.005258303408453482
22,CHs_8,0.00520401716772578
23,CHs_8,0.005150271334868487
24,CHs_8,0.005097070935528389
25,CHs_8,0.005044415397964813
26,CHs_8,0.004992301525850058
27,CHs_8,0.0049407249021353634
28,CHs_8,0.004889680553877886
29,CHs_8,0.004839163268423614
30,CHs_8,0.00478916774461612
31,CHs_8,0.004739688665574817
32,CHs_8,0.004690720733944875
33,CHs_8,0.004642258689040028
34,CHs_8,0.004594297315159234
35,CHs_8,0.004546831445549374
36,CHs_8,0.00449985596419107
37,CHs_8,0.004453365806480623
38,CHs_8,0.004407355959344037
39,CHs_8,0.004361821461055323
40,CHs_8,0.004316757400899283
1,CFs_8,-3.604269834187761e-7
2,CFs_8,1.187983213154642e-5
3,CFs_8,6.587007742388087e-6
4,CFs_8,3.070983442395184e-6
5,CFs_8,1.0654254727213462e-6
6,CFs_8,3.950774079053528e-9
7,CFs_8,-5.319311341476273e-7
8,CFs_8,-7.92350620479584e-7
9,CFs_8,-9.13628230663773e-7
10,CFs_8,-9.6634877970689e-7
11,CFs_8,-9.85898962650047e-7
12,CFs_8,-9.896330635211245e-7
13,CFs_8,-9.859281991541203e-7
14,CFs_8,-9.787804565639104e-7
15,CFs_8,-9.700786637982096e-7
16,CFs_8,-9.607090608333472e-7
17,CFs_8,-9.510848724986106e-7
18,CFs_8,-9.413976257408629e-7
19,CFs_8,-9.317354834098447e-7
20,CFs_8,-9.221386186114016e-7
21,CFs_8,-9.12624999966986e-7
22,CFs_8,-9.032023515409298e-7
23,CFs_8,-8.938736829037009e-7
24,CFs_8,-8.846398399031787e-7
25,CFs_8,-8.755006790526247e-7
26,CFs_8,-8.664556075200668e-7
27,CFs_8,-8.575038312184552e-7
28,CFs_8,-8.486444687466126e-7
29,CFs_8,-8.398766037185573e-7
30,CFs_8,-8.311993087982939e-7
31,CFs_8,-8.226116567337137e-7
32,CFs_8,-8.14112725409413e-7
33,CFs_8,-8.057016001424409e-7
34,CFs_8,-7.973773747034385e-7
35,CFs_8,-7.89139151746299e-7
36,CFs_8,-7.809860429620835e-7
37,CFs_8,-7.729171691037109e-7
38,CFs_8,-7.649316599498139e-7
39,CFs_8,-7.570286542399066e-7
40,CFs_8,-7.492072995960811e-7
1,Cg_8,9.164069429909439e-7
2,Cg_8,-4.0439178387768455e-5
3,Cg_8,-2.226393353775241e-5
4,Cg_8,-1.0142977815570252e-5
5,Cg_8,-3.2126676628866453e-6
6,Cg_8,4.604297999154294e-7
7,Cg_8,2.3152684037244977e-6
8,Cg_8,3.215310555624297e-6
9,Cg_8,3.6323825752169884e-6
10,Cg_8,3.811244264490266e-6
11,Cg_8,3.874769639712459e-6
12,Cg_8,3.883280929502456e-6
13,Cg_8,3.865920787727813e-6
14,Cg_8,3.836601132435449e-6
15,Cg_8,3.801902287440063e-6
16,Cg_8,3.764913964518176e-6
17,Cg_8,3.7270779047758552e-6
18,Cg_8,3.6890628845874343e-6
19,Cg_8,3.651176975886617e-6
20,Cg_8,3.61356059902774e-6
21,Cg_8,3.5762764944432058e-6
22,Cg_8,3.5393514985113788e-6
23,Cg_8,3.502795886641964e-6
24,Cg_8,3.4666123114708866e-6
25,Cg_8,3.4307999277769533e-6
26,Cg_8,3.395356295000147e-6
27,Cg_8,3.3602782548409025e-6
28,Cg_8,3.325562336413256e-6
29,Cg_8,3.2912049435599017e-6
30,Cg_8,3.2572024416155687e-6
31,Cg_8,3.223551197663384e-6
32,Cg_8,3.190247599214776e-6
33,Cg_8,3.1572880628365318e-6
34,Cg_8,3.1246690380677085e-6
35,Cg_8,3.0923870091141813e-6
36,Cg_8,3.060438495485877e-6
37,Cg_8,3.0288200521262698e-6
38,Cg_8,2.997528269295868e-6
39,Cg_8,2.9665597723355507e-6
40,Cg_8,2.935911221371232e-6
1,Cs_8,0.035045697541289965
2,Cs_8,0.0021693973823345503
3,Cs_8,-0.005589219971225275
4,Cs_8,-0.0037501604225444575
5,Cs_8,-0.00030449179192517295
6,Cs_8,0.002365810152385944
7,Cs_8,0.004011749715621383
8,Cs_8,0.0049133042691990704
9,Cs_8,0.005364378110090439
10,Cs_8,0.005566233923048508
11,Cs_8,0.005637352404217648
12,Cs_8,0.005642294278343923
13,Cs_8,0.005614649853364424
14,Cs_8,0.005571375294642997
15,Cs_8,0.005520852285848688
16,Cs_8,0.005467161433462931
17,Cs_8,0.005412266505772129
18,Cs_8,0.005357103600343215
19,Cs_8,0.005302114872878523
20,Cs_8,0.005247506798435741
21,Cs_8,0.005193373986140043
22,Cs_8,0.005139758138450131
23,Cs_8,0.005086675993748435
24,Cs_8,0.005034132528692326
25,Cs_8,0.004982127186510355
26,Cs_8,0.004930656815014327
27,Cs_8,0.004879717054419382
28,Cs_8,0.004829302994764109
29,Cs_8,0.004779409488669405
30,Cs_8,0.0047300313009615
31,Cs_8,0.00468116318071462
32,Cs_8,0.004632799896159566
33,Cs_8,0.004584936251668983
34,Cs_8,0.004537567096002434
35,Cs_8,0.004490687326238166
36,Cs_8,0.00444429188954728
37,Cs_8,0.004398375783873237
38,Cs_8,0.00435293405804803
39,Cs_8,0.0043079618116147545
40,Cs_8,0.004263454194495738
1,CHg_9,2.6892916244508624e-6
2,CHg_9,-0.00014691906169927478
3,CHg_9,-8.199037811465667e-5
4,CHg_9,-3.859721814191841e-5
5,CHg_9,-1.3759582183196418e-5
6,CHg_9,-5.82682060206748e-7
7,CHg_9,6.081777514792657e-6
8,CHg_9,9.326248562878093e-6
9,CHg_9,1.084102009864877e-5
10,CHg_9,1.1502860164004673e-5
11,CHg_9,1.1751800874199066e-5
12,CHg_9,1.1803779955611281e-5
13,CHg_9,1.1763070759792257e-5
14,CHg_9,1.1679424501734399e-5
15,CHg_9,1.1576360656821194e-5
16,CHg_9,1.1464916682811971e-5
17,CHg_9,1.1350240649842716e-5
18,CHg_9,1.1234720028111942e-5
19,CHg_9,1.1119454911700996e-5
20,CHg_9,1.1004947451880384e-5
21,CHg_9,1.0891422947361e-5
22,CHg_9,1.0778978827456272e-5
23,CHg_9,1.0667653582273961e-5
24,CHg_9,1.0557458588755551e-5
25,CHg_9,1.044839278532844e-5
26,CHg_9,1.0340449433745703e-5
27,CHg_9,1.023361923490123e-5
28,CHg_9,1.0127891765591407e-5
29,CHg_9,1.0023256141923071e-5
30,CHg_9,9.919701326187431e-6
31,CHg_9,9.817216269062964e-6
32,CHg_9,9.7157899755463e-6
33,CHg_9,9.615411535414205e-6
34,CHg_9,9.51607013710419e-6
35,CHg_9,9.417755073791291e-6
36,CHg_9,9.320455745762756e-6
37,CHg_9,9.22416166102042e-6
38,CHg_9,9.128862435026612e-6
39,CHg_9,9.034547790033266e-6
40,CHg_9,8.941207554207245e-6
1,CFg_9,-3.604410247613428e-7
2,CFg_9,1.1879832131519196e-5
3,CFg_9,6.587007742363181e-6
4,CFg_9,3.0709834423789708e-6
5,CFg_9,1.0654254727119698e-6
6,CFg_9,3.950774073896395e-9
7,CFg_9,-5.31931134150434e-7
8,CFg_9,-7.923506204811536e-7
9,CFg_9,-9.13628230664713e-7
10,CFg_9,-9.663487797075167e-7
11,CFg_9,-9.858989626505205e-7
12,CFg_9,-9.896330635215226e-7
13,CFg_9,-9.859281991544802e-7
14,CFg_9,-9.787804565642515e-7
15,CFg_9,-9.7007866379854e-7
16,CFg_9,-9.60709060833671e-7
17,CFg_9,-9.510848724989297e-7
18,CFg_9,-9.41397625741178e-7
19,CFg_9,-9.317354834101564e-7
20,CFg_9,-9.221386186117098e-7
21,CFg_9,-9.126249999672916e-7
22,CFg_9,-9.032023515412321e-7
23,CFg_9,-8.93873682904e-7
24,CFg_9,-8.846398399034748e-7
25,CFg_9,-8.755006790529176e-7
26,CFg_9,-8.664556075203573e-7
27,CFg_9,-8.575038312187422e-7
28,CFg_9,-8.486444687468973e-7
29,CFg_9,-8.398766037188384e-7
30,CFg_9,-8.311993087985727e-7
31,CFg_9,-8.226116567339894e-7
32,CFg_9,-8.141127254096862e-7
33,CFg_9,-8.05701600142711e-7
34,CFg_9,-7.973773747037059e-7
35,CFg_9,-7.891391517465639e-7
36,CFg_9,-7.809860429623464e-7
37,CFg_9,-7.729171691039706e-7
38,CFg_9,-7.649316599500705e-7
39,CFg_9,-7.57028654240161e-7
40,CFg_9,-7.492072995963328e-7
1,CHs_9,0.09160245355804734
2,CHs_9,0.06298569066865135
3,CHs_9,0.0390204375118033
4,CHs_9,0.024234185800578137
5,CHs_9,0.01617197822879087
6,CHs_9,0.01201648415112957
7,CHs_9,0.009928082926631365
8,CHs_9,0.008880778754028972
9,CHs_9,0.008342295034879115
10,CHs_9,0.008047594903424405
11,CHs_9,0.007868154397416267
12,CHs_9,0.007742797006508355
13,CHs_9,0.007642805278523648
14,CHs_9,0.007554844723422194
15,CHs_9,0.007472778090748434
16,CHs_9,0.007393801062921501
17,CHs_9,0.007316639489815374
18,CHs_9,0.00724071639080843
19,CHs_9,0.007165770166527488
20,CHs_9,0.007091680877058992
21,CHs_9,0.007018391736018083
22,CHs_9,0.006945873879593442
23,CHs_9,0.006874110675447217
24,CHs_9,0.006803090795659075
25,CHs_9,0.006732805191901184
26,CHs_9,0.006663245793297978
27,CHs_9,0.006594404956734766
28,CHs_9,0.0065262752412636495
29,CHs_9,0.006458849319430054
30,CHs_9,0.006392119944829177
31,CHs_9,0.0063260799417519335
32,CHs_9,0.006260722202864737
33,CHs_9,0.006196039689378051
34,CHs_9,0.006132025431670993
35,CHs_9,0.006068672529730905
36,CHs_9,0.0060059741532809165
37,CHs_9,0.005943923541633911
38,CHs_9,0.005882514003346178
39,CHs_9,0.005821738915737232
40,CHs_9,0.005761591724325037
1,CFs_9,-3.6121510490314123e-7
2,CFs_9,1.1879832131541322e-5
3,CFs_9,6.587007742382415e-6
4,CFs_9,3.070983442391269e-6
5,CFs_9,1.0654254727190199e-6
6,CFs_9,3.9507740777763445e-9
7,CFs_9,-5.319311341482912e-7
8,CFs_9,-7.923506204799119e-7
9,CFs_9,-9.136282306639242e-7
10,CFs_9,-9.663487797069504e-7
11,CFs_9,-9.85898962650062e-7
12,CFs_9,-9.89633063521118e-7
13,CFs_9,-9.85928199154103e-7
14,CFs_9,-9.787804565638881e-7
15,CFs_9,-9.70078663798185e-7
16,CFs_9,-9.607090608333225e-7
17,CFs_9,-9.510848724985847e-7
18,CFs_9,-9.41397625740838e-7
19,CFs_9,-9.317354834098194e-7
20,CFs_9,-9.221386186113765e-7
21,CFs_9,-9.126249999669618e-7
22,CFs_9,-9.032023515409059e-7
23,CFs_9,-8.93873682903677e-7
24,CFs_9,-8.846398399031549e-7
25,CFs_9,-8.755006790526009e-7
26,CFs_9,-8.664556075200439e-7
27,CFs_9,-8.575038312184321e-7
28,CFs_9,-8.486444687465903e-7
29,CFs_9,-8.398766037185339e-7
30,CFs_9,-8.311993087982721e-7
31,CFs_9,-8.226116567336922e-7
32,CFs_9,-8.141127254093917e-7
33,CFs_9,-8.057016001424191e-7
34,CFs_9,-7.973773747034176e-7
35,CFs_9,-7.891391517462785e-7
36,CFs_9,-7.809860429620633e-7
37,CFs_9,-7.729171691036906e-7
38,CFs_9,-7.649316599497938e-7
39,CFs_9,-7.570286542398866e-7
40,CFs_9,-7.492072995960614e-7
1,Cg_9,1.346102050705546e-6
2,Cg_9,-7.3459530849652e-5
3,Cg_9,-4.099518905733769e-5
4,Cg_9,-1.9298609070965714e-5
5,Cg_9,-6.879791091603245e-6
6,Cg_9,-2.9134103010766307e-7
7,Cg_9,3.04088875739242e-6
8,Cg_9,4.663124281435341e-6
9,Cg_9,5.420510049320793e-6
10,Cg_9,5.7514300819988186e-6
11,Cg_9,5.875900437096067e-6
12,Cg_9,5.901889977802217e-6
13,Cg_9,5.881535379892744e-6
14,Cg_9,5.839712250863852e-6
15,Cg_9,5.788180328407285e-6
16,Cg_9,5.732458341402708e-6
17,Cg_9,5.675120324918114e-6
18,Cg_9,5.6173600140527615e-6
19,Cg_9,5.559727455847321e-6
20,Cg_9,5.5024737259370485e-6
21,Cg_9,5.445711473677389e-6
22,Cg_9,5.389489413725056e-6
23,Cg_9,5.333826791133935e-6
24,Cg_9,5.278729294374762e-6
25,Cg_9,5.2241963926612375e-6
26,Cg_9,5.170224716869898e-6
27,Cg_9,5.116809617447692e-6
28,Cg_9,5.063945882792809e-6
29,Cg_9,5.011628070958672e-6
30,Cg_9,4.9598506630908816e-6
31,Cg_9,4.90860813452868e-6
32,Cg_9,4.857894987770374e-6
33,Cg_9,4.807705767704357e-6
34,Cg_9,4.758035068549377e-6
35,Cg_9,4.7088775368929554e-6
36,Cg_9,4.660227872878716e-6
37,Cg_9,4.6120808305075764e-6
38,Cg_9,4.564431217510698e-6
39,Cg_9,4.517273895014053e-6
40,Cg_9,4.470603777101068e-6
1,Cs_9,0.0915891031848479
2,Cs_9,0.06374708377012472
3,Cs_9,0.039445501591558435
4,Cs_9,0.02443447092900566
5,Cs_9,0.01624360357031738
6,Cs_9,0.012019852573014154
7,Cs_9,0.009896928193733773
8,Cs_9,0.008832815613725795
9,Cs_9,0.008286482733562878
10,Cs_9,0.007988351252593518
11,Cs_9,0.0078076180083893765
12,Cs_9,0.007681988038572359
13,Cs_9,0.007582203816671408
14,Cs_9,0.0074946731758070186
15,Cs_9,0.007413137053346922
16,Cs_9,0.00733473396763085
17,Cs_9,0.007258163106722947
18,Cs_9,0.007182835125542049
19,Cs_9,0.007108482727494781
20,Cs_9,0.00703498337205787
21,Cs_9,0.006962279105938807
22,Cs_9,0.006890340560569373
23,Cs_9,0.0068191509040446425
24,Cs_9,0.006748698749261156
25,Cs_9,0.006678975053106083
26,Cs_9,0.006609971779306726
27,Cs_9,0.00654168133260808
28,Cs_9,0.0064740963257413405
29,Cs_9,0.0064072094873168445
30,Cs_9,0.006341013627792489
31,Cs_9,0.006275501628383989
32,Cs_9,0.006210666438403653
33,Cs_9,0.0061465010752714214
34,Cs_9,0.006082998625067721
35,Cs_9,0.006020152242941638
36,Cs_9,0.005957955153226227
37,Cs_9,0.005896400649289308
38,Cs_9,0.0058354820931885085
39,Cs_9,0.005775192915194471
40,Cs_9,0.0057155266132305985
1,CHg_10,-1.035500977394529e-6
2,CHg_10,-9.184903622840776e-5
3,CHg_10,-4.94244696191705e-5
4,CHg_10,-2.1278523861044515e-5
5,CHg_10,-5.219779663373595e-6
6,CHg_10,3.2782204157706592e-6
7,CHg_10,7.559377692513305e-6
8,CHg_10,9.626343686424911e-6
9,CHg_10,1.0572990229463754e-5
10,CHg_10,1.0966869364076623e-5
11,CHg_10,1.1093035835872876e-5
12,CHg_10,1.1091517712176456e-5
13,CHg_10,1.1030013602937717e-5
14,CHg_10,1.0940866698720774e-5
15,CHg_10,1.0839388313614713e-5
16,CHg_10,1.0732773992195834e-5
17,CHg_10,1.0624384159219206e-5
18,CHg_10,1.0515778569246222e-5
19,CHg_10,1.0407675727964605e-5
20,CHg_10,1.0300402629086087e-5
21,CHg_10,1.0194104593452978e-5
22,CHg_10,1.0088842829620507e-5
23,CHg_10,9.984639674967346e-6
24,CHg_10,9.881499538397466e-6
25,CHg_10,9.779418585863863e-6
26,CHg_10,9.67838921906241e-6
27,CHg_10,9.578402147812188e-6
28,CHg_10,9.479447350406229e-6
29,CHg_10,9.381514519633222e-6
30,CHg_10,9.284593270488545e-6
31,CHg_10,9.188673237147741e-6
32,CHg_10,9.093744118270546e-6
33,CHg_10,8.999795698063018e-6
34,CHg_10,8.90681785588607e-6
35,CHg_10,8.814800570405799e-6
36,CHg_10,8.723733921116783e-6
37,CHg_10,8.63360808858733e-6
38,CHg_10,8.544413354076307e-6
39,CHg_10,8.45614009883854e-6
40,CHg_10,8.368778803275676e-6
1,CFg_10,-3.5376666938766407e-7
2,CFg_10,1.1648444803780266e-5
3,CFg_10,6.462499384127324e-6
4,CFg_10,3.0173822846134634e-6
5,CFg_10,1.052280613218688e-6
6,CFg_10,1.2214661596530507e-8
7,CFg_10,-5.128818744943408e-7
8,CFg_10,-7.680941457232657e-7
9,CFg_10,-8.869869366666925e-7
10,CFg_10,-9.387152422977222e-7
11,CFg_10,-9.579476253720142e-7
12,CFg_10,-9.616855998611598e-7
13,CFg_10,-9.581357306107442e-7
14,CFg_10,-9.512126228942637e-7
15,CFg_10,-9.427665311463811e-7
16,CFg_10,-9.336655676751377e-7
17,CFg_10,-9.24314491414821e-7
18,CFg_10,-9.149008998299326e-7
19,CFg_10,-9.055111456413869e-7
20,CFg_10,-8.961845781615645e-7
21,CFg_10,-8.869387999073495e-7
22,CFg_10,-8.777813807432486e-7
23,CFg_10,-8.687152739686117e-7
24,CFg_10,-8.597413143277946e-7
25,CFg_10,-8.508593679972467e-7
26,CFg_10,-8.420688612916205e-7
27,CFg_10,-8.333690235329102e-7
28,CFg_10,-8.247589985719447e-7
29,CFg_10,-8.162378959940157e-7
30,CFg_10,-8.078048146303746e-7
31,CFg_10,-7.994588533478029e-7
32,CFg_10,-7.911991159873034e-7
33,CFg_10,-7.830247136067734e-7
34,CFg_10,-7.749347654779401e-7
35,CFg_10,-7.669283995055631e-7
36,CFg_10,-7.590047523775106e-7
37,CFg_10,-7.511629695888291e-7
38,CFg_10,-7.434022054065736e-7
39,CFg_10,-7.357216228067167e-7
40,CFg_10,-7.281203933979876e-7
1,CHs_10,0.05109771913074093
2,CHs_10,0.009850664327277549
3,CHs_10,-0.001280203620168607
4,CHs_10,-0.0017985647994029183
5,CHs_10,0.00017460846253874803
6,CHs_10,0.001998913881413136
7,CHs_10,0.003190258712797635
8,CHs_10,0.0038613030040420978
9,CHs_10,0.004202586201789585
10,CHs_10,0.004356952187030715
11,CHs_10,0.004411742059230949
12,CHs_10,0.004415567647257952
13,CHs_10,0.00439407740210188
14,CHs_10,0.004360352881664915
15,CHs_10,0.004320914222402543
16,CHs_10,0.004278958253090685
17,CHs_10,0.004236033258843823
18,CHs_10,0.004192881747810039
19,CHs_10,0.004149856551057084
20,CHs_10,0.004107123485993973
21,CHs_10,0.004064759096530046
22,CHs_10,0.0040227974592433
23,CHs_10,0.003981252489720681
24,CHs_10,0.00394012854159741
25,CHs_10,0.0038994254364475025
26,CHs_10,0.00385914085167165
27,CHs_10,0.0038192714563932708
28,CHs_10,0.0037798134537643346
29,CHs_10,0.0037407628412404756
30,CHs_10,0.0037021155363408625
31,CHs_10,0.003663867437887205
32,CHs_10,0.0036260144560607715
33,CHs_10,0.003588552527245911
34,CHs_10,0.003551477621366233
35,CHs_10,0.0035147857454677386
36,CHs_10,0.0034784729453986663
37,CHs_10,0.0034425353065097777
38,CHs_10,0.00340696895384312
39,CHs_10,0.003371770052050157
40,CHs_10,0.0033369348051653634
1,CFs_10,-0.07810217504573219
2,CFs_10,0.05938592006151445
3,CFs_10,0.04160487042894994
4,CFs_10,0.029873862279259786
5,CFs_10,0.023147763157132042
6,CFs_10,0.019513887094359143
7,CFs_10,0.017589324538827555
8,CFs_10,0.016556518610455692
9,CFs_10,0.01597306589112682
10,CFs_10,0.015611088810838896
11,CFs_10,0.01535682677827043
12,CFs_10,0.015154701893805678
13,CFs_10,0.014977987195805181
14,CFs_10,0.014813983688895858
15,CFs_10,0.014656713639182327
16,CFs_10,0.014503382796617406
17,CFs_10,0.014352690555352897
18,CFs_10,0.014204031434612371
19,CFs_10,0.014057121098998074
20,CFs_10,0.013911822562482985
21,CFs_10,0.013768065994120286
22,CFs_10,0.013625811968650302
23,CFs_10,0.013485034745383843
24,CFs_10,0.013345714719177152
25,CFs_10,0.013207835043024278
26,CFs_10,0.013071380133613848
27,CFs_10,0.012936335019285901
28,CFs_10,0.012802685060743344
29,CFs_10,0.012670415834364818
30,CFs_10,0.012539513085077222
31,CFs_10,0.012409962708160492
32,CFs_10,0.01228175074257595
33,CFs_10,0.012154863368558628
34,CFs_10,0.012029286906569939
35,CFs_10,0.011905007816528744
36,CFs_10,0.011782012696970667
37,CFs_10,0.011660288284060925
38,CFs_10,0.01153982145047629
39,CFs_10,0.011420599204193001
40,CFs_10,0.011302608687214413
1,Cg_10,-5.230853941925529e-7
2,Cg_10,-4.5888787068719334e-5
3,Cg_10,-2.4692525711321135e-5
4,Cg_10,-1.0630193707540242e-5
5,Cg_10,-2.6068915014226054e-6
6,Cg_10,1.6388960397373642e-6
7,Cg_10,3.777853476031157e-6
8,Cg_10,4.810549550546113e-6
9,Cg_10,5.2835074406204866e-6
10,Cg_10,5.480289378038903e-6
11,Cg_10,5.543315519739908e-6
12,Cg_10,5.542547302909477e-6
13,Cg_10,5.511808636383829e-6
14,Cg_10,5.467258997504101e-6
15,Cg_10,5.416548313917337e-6
16,Cg_10,5.3632716688897515e-6
17,Cg_10,5.3091080206282354e-6
18,Cg_10,5.254836664962084e-6
19,Cg_10,5.200816587048035e-6
20,Cg_10,5.147211161792962e-6
21,Cg_10,5.094092995136706e-6
22,Cg_10,5.041492668023378e-6
23,Cg_10,4.9894213401540126e-6
24,Cg_10,4.9378812135821235e-6
25,Cg_10,4.886870371901909e-6
26,Cg_10,4.836385017950346e-6
27,Cg_10,4.786420509240599e-6
28,Cg_10,4.736971837789296e-6
29,Cg_10,4.688033852967134e-6
30,Cg_10,4.639601365280615e-6
31,Cg_10,4.591669194824819e-6
32,Cg_10,4.544232193919767e-6
33,Cg_10,4.497285257634384e-6
34,Cg_10,4.450823328587543e-6
35,Cg_10,4.404841399021911e-6
36,Cg_10,4.359334511565089e-6
37,Cg_10,4.314297759352184e-6
38,Cg_10,4.269726285834303e-6
39,Cg_10,4.225615284431499e-6
40,Cg_10,4.181959998108444e-6
1,Cs_10,0.05072627032645844
2,Cs_10,0.011744777287210685
3,Cs_10,-0.0002156698576262672
4,Cs_10,-0.0013055347193471575
5,Cs_10,0.00033435535619442714
6,Cs_10,0.0019796262689827093
7,Cs_10,0.0030796633085746427
8,Cs_10,0.0037060475089556997
9,Cs_10,0.004026481702087976
10,Cs_10,0.004171824724440214
11,Cs_10,0.0042233497510199645
12,Cs_10,0.0042266701632295185
13,Cs_10,0.004205978143714022
14,Cs_10,0.004173656975243599
15,Cs_10,0.0041358952316208515
16,Cs_10,0.004095733516601416
17,Cs_10,0.004054646978113548
18,Cs_10,0.004013344089508612
19,Cs_10,0.0039721619511084195
20,Cs_10,0.003931259182492247
21,Cs_10,0.003890709095043401
22,Cs_10,0.003850544371110769
23,Cs_10,0.0038107783826791036
24,Cs_10,0.0037714153326896495
25,Cs_10,0.003732455073052795
26,Cs_10,0.003693895394491467
27,Cs_10,0.0036557331170465023
28,Cs_10,0.0036179646113409254
29,Cs_10,0.0035805860490803693
30,Cs_10,0.0035435935242597366
31,Cs_10,0.0035069831122751687
32,Cs_10,0.0034707508989856414
33,Cs_10,0.003434892995091633
34,Cs_10,0.003399405543256903
35,Cs_10,0.003364284721596401
36,Cs_10,0.00332952674531812
37,Cs_10,0.0032951278674132993
38,Cs_10,0.0032610843788487
39,Cs_10,0.0032273926084950447
40,Cs_10,0.0031940489229143085
1,CHg_11,3.0810118089693185e-6
2,CHg_11,-6.570669657021019e-5
3,CHg_11,-3.718238319968419e-5
4,CHg_11,-1.805099473681766e-5
5,CHg_11,-7.081896765985891e-6
6,CHg_11,-1.2550712311945268e-6
7,CHg_11,1.6970590773914801e-6
8,CHg_11,3.1390894425755917e-6
9,CHg_11,3.81738638175998e-6
10,CHg_11,4.119143367410536e-6
11,CHg_11,4.238649257239679e-6
12,CHg_11,4.27121267537924e-6
13,CHg_11,4.2628345659691395e-6
14,CHg_11,4.235450865941161e-6
15,CHg_11,4.199425522545379e-6
16,CHg_11,4.159619442738561e-6
17,CHg_11,4.118298736553521e-6
18,CHg_11,4.076514065780942e-6
19,CHg_11,4.0347496875265504e-6
20,CHg_11,3.993226976406159e-6
21,CHg_11,3.952045680547639e-6
22,CHg_11,3.911249413547659e-6
23,CHg_11,3.870855931978015e-6
24,CHg_11,3.830871103575789e-6
25,CHg_11,3.791295342363128e-6
26,CHg_11,3.752126571200134e-6
27,CHg_11,3.7133615856266042e-6
28,CHg_11,3.674996682133499e-6
29,CHg_11,3.637027947965789e-6
30,CHg_11,3.599451395047027e-6
31,CHg_11,3.5622630219923505e-6
32,CHg_11,3.525458842856515e-6
33,CHg_11,3.4890349004350822e-6
34,CHg_11,3.45298727235595e-6
35,CHg_11,3.417312073783875e-6
36,CHg_11,3.3820054585212896e-6
37,CHg_11,3.347063619342794e-6
38,CHg_11,3.312482787960026e-6
39,CHg_11,3.2782592348067203e-6
40,CHg_11,3.2443892687358085e-6
1,CFg_11,-3.5657165989850243e-7
2,CFg_11,1.1879087355946483e-5
3,CFg_11,6.586586285581249e-6
4,CFg_11,3.0707788370045457e-6
5,CFg_11,1.0653452004128674e-6
6,CFg_11,3.9365479663158255e-9
7,CFg_11,-5.319118983043422e-7
8,CFg_11,-7.923150394371119e-7
9,CFg_11,-9.135849612262484e-7
10,CFg_11,-9.663020898983765e-7
11,CFg_11,-9.858509182594684e-7
12,CFg_11,-9.895846500284027e-7
13,CFg_11,-9.858798806253532e-7
14,CFg_11,-9.787324484246316e-7
15,CFg_11,-9.700310640001612e-7
16,CFg_11,-9.606619122306177e-7
17,CFg_11,-9.510381922592696e-7
18,CFg_11,-9.413514191238872e-7
19,CFg_11,-9.316897501852266e-7
20,CFg_11,-9.220933560398879e-7
21,CFg_11,-9.125802041786919e-7
22,CFg_11,-9.031580181716173e-7
23,CFg_11,-8.938298073878627e-7
24,CFg_11,-8.845964176087989e-7
25,CFg_11,-8.754577053429947e-7
26,CFg_11,-8.664130777820208e-7
27,CFg_11,-8.574617408751491e-7
28,CFg_11,-8.486028132631831e-7
29,CFg_11,-8.398353786044893e-7
30,CFg_11,-8.311585096082784e-7
31,CFg_11,-8.225712790677949e-7
32,CFg_11,-8.140727649128161e-7
33,CFg_11,-8.05662052505245e-7
34,CFg_11,-7.973382356601831e-7
35,CFg_11,-7.891004170755567e-7
36,CFg_11,-7.809477084860226e-7
37,CFg_11,-7.728792306876538e-7
38,CFg_11,-7.648941135017977e-7
39,CFg_11,-7.569914957102412e-7
40,CFg_11,-7.491705249769148e-7
1,CHs_11,0.07271574775757049
2,CHs_11,0.02512027384087815
3,CHs_11,0.007786566241597051
4,CHs_11,0.003136608113504423
5,CHs_11,0.0023697474883487115
6,CHs_11,0.0025415675896878227
7,CHs_11,0.002814077254628756
8,CHs_11,0.0030045182413999966
9,CHs_11,0.003107096408681582
10,CHs_11,0.0031495815511394243
11,CHs_11,0.003156691879224207
12,CHs_11,0.0031445256997535915
13,CHs_11,0.0031223753073194548
14,CHs_11,0.0030952749644277463
15,CHs_11,0.0030658493423520727
16,CHs_11,0.0030354326903317217
17,CHs_11,0.0030046913503927884
18,CHs_11,0.0029739536318269372
19,CHs_11,0.0029433793365767746
20,CHs_11,0.00291304511682616
21,CHs_11,0.0028829868599887856
22,CHs_11,0.002853220540442446
23,CHs_11,0.0028237524185837927
24,CHs_11,0.0027945840150612605
25,CHs_11,0.0027657145359990766
26,CHs_11,0.0027371420578491874
27,CHs_11,0.0027088641087367146
28,CHs_11,0.0026808779555210402
29,CHs_11,0.0026531807467171037
30,CHs_11,0.002625769584346794
31,CHs_11,0.0025986415604401882
32,CHs_11,0.0025717937757643115
33,CHs_11,0.002545223349505314
34,CHs_11,0.00251892742428245
35,CHs_11,0.0024929031687182675
36,CHs_11,0.002467147778710844
37,CHs_11,0.002441658478007117
38,CHs_11,0.0024164325183950717
39,CHs_11,0.002391467179686101
40,CHs_11,0.0023667597695809727
1,CFs_11,-0.19256100762085876
2,CFs_11,3.891868634571896
3,CFs_11,2.1665632930636867
4,CFs_11,1.0205251092493541
5,CFs_11,0.3667842226228775
6,CFs_11,0.020706989695889008
7,CFs_11,-0.1540987755435951
8,CFs_11,-0.239145367142971
9,CFs_11,-0.2788537390481424
10,CFs_11,-0.2962232664592061
11,CFs_11,-0.302783893448107
12,CFs_11,-0.3041899107047789
13,CFs_11,-0.30317061278499596
14,CFs_11,-0.30102789010952313
15,CFs_11,-0.2983770824092548
16,CFs_11,-0.295506897491262
17,CFs_11,-0.29255194827892483
18,CFs_11,-0.28957462967723474
19,CFs_11,-0.28660366867241904
20,CFs_11,-0.2836521626828634
21,CFs_11,-0.280725978456091
22,CFs_11,-0.27782764727178905
23,CFs_11,-0.2749581657482436
24,CFs_11,-0.27211782631205084
25,CFs_11,-0.26930659945337393
26,CFs_11,-0.2665243094308732
27,CFs_11,-0.2637707149625213
28,CFs_11,-0.26104554626468424
29,CFs_11,-0.2583485220514745
30,CFs_11,-0.2556793573361359
31,CFs_11,-0.2530377670090962
32,CFs_11,-0.25042346747484884
33,CFs_11,-0.24783617739505379
34,CFs_11,-0.24527561801904874
35,CFs_11,-0.24274151332324703
36,CFs_11,-0.2402335900616383
37,CFs_11,-0.23775157777474173
38,CFs_11,-0.23529520877906168
39,CFs_11,-0.2328642181473787
40,CFs_11,-0.23045834368475418
1,Cg_11,1.540354170363193e-6
2,Cg_11,-3.2853213252593785e-5
3,Cg_11,-1.8591116723864127e-5
4,Cg_11,-9.025462455532269e-6
5,Cg_11,-3.540936265611999e-6
6,Cg_11,-6.275355632375452e-7
7,Cg_11,8.485235000069946e-7
8,Cg_11,1.5695357225220998e-6
9,Cg_11,1.9086828135628033e-6
10,Cg_11,2.0595607070767565e-6
11,Cg_11,2.1193134297047637e-6
12,Cg_11,2.1355950962587774e-6
13,Cg_11,2.131406083591984e-6
14,Cg_11,2.117714314749621e-6
15,Cg_11,2.0997017418878005e-6
16,Cg_11,2.0797988084116757e-6
17,Cg_11,2.0591385646408368e-6
18,Cg_11,2.0382463392936798e-6
19,Cg_11,2.017364259920985e-6
20,Cg_11,1.996603013374031e-6
21,Cg_11,1.976012473512512e-6
22,Cg_11,1.9556144470469586e-6
23,Cg_11,1.935417812229059e-6
24,Cg_11,1.9154255029177287e-6
25,Cg_11,1.895637726125666e-6
26,Cg_11,1.8760534432896526e-6
27,Cg_11,1.8566710521886054e-6
28,Cg_11,1.8374887010780166e-6
29,Cg_11,1.8185044335907821e-6
30,Cg_11,1.7997162556992108e-6
31,Cg_11,1.7811221667214018e-6
32,Cg_11,1.7627201736952123e-6
33,Cg_11,1.7445082980288116e-6
34,Cg_11,1.7264845785464388e-6
35,Cg_11,1.7086470728406704e-6
36,Cg_11,1.6909938578228102e-6
37,Cg_11,1.673523029890146e-6
38,Cg_11,1.6562327049083848e-6
39,Cg_11,1.6391210181041737e-6
40,Cg_11,1.6221861239136634e-6
1,Cs_11,0.07270183187597704
2,Cs_11,0.025426019072905284
3,Cs_11,0.007959568247076611
4,Cs_11,0.0032205326913955323
5,Cs_11,0.002402587617592798
6,Cs_11,0.0025472682515255496
7,Cs_11,0.002806026954932598
8,Cs_11,0.0029897509858154694
9,Cs_11,0.0030891700596667486
10,Cs_11,0.0031302504208674943
11,Cs_11,0.003136805172038363
12,Cs_11,0.003124488564955339
13,Cs_11,0.003102378544303372
14,Cs_11,0.0030754071461428865
15,Cs_11,0.0030461507381284772
16,Cs_11,0.0030159209118966806
17,Cs_11,0.0029853734458773792
18,Cs_11,0.00295483175139593
19,Cs_11,0.0029244533728719022
20,Cs_11,0.0028943139305442514
21,Cs_11,0.0028644488469367173
22,Cs_11,0.0028348738932526215
23,Cs_11,0.0028055952472621592
24,Cs_11,0.0027766144024085914
25,Cs_11,0.002747930563029381
26,Cs_11,0.0027195418153968163
27,Cs_11,0.0026914457027062454
28,Cs_11,0.0026636395092093355
29,Cs_11,0.0026361204017853125
30,Cs_11,0.0026088855011687563
31,Cs_11,0.0025819319181622875
32,Cs_11,0.0025552567722316663
33,Cs_11,0.002528857201126214
34,Cs_11,0.002502730365864542
35,Cs_11,0.002476873453292248
36,Cs_11,0.0024512836773490964
37,Cs_11,0.0024259582796408116
38,Cs_11,0.002400894529631491
39,Cs_11,0.002376089724626974
40,Cs_11,0.002351541189642247
1,CHg_12,-2.097942246378445e-6
2,CHg_12,-9.029588778558645e-5
3,CHg_12,-5.0476369473065026e-5
4,CHg_12,-2.394073783011685e-5
5,CHg_12,-8.771946067199017e-6
6,CHg_12,-7.300588356773722e-7
7,CHg_12,3.3364322762726537e-6
8,CHg_12,5.316985290515605e-6
9,CHg_12,6.243200684878973e-6
10,CHg_12,6.649762318258876e-6
11,CHg_12,6.8048555841211635e-6
12,CHg_12,6.8400220356895316e-6
13,CHg_12,6.818753881854388e-6
14,CHg_12,6.771333029205139e-6
15,CHg_12,6.712069962253773e-6
16,CHg_12,6.647678293484632e-6
17,CHg_12,6.581288487744713e-6
18,CHg_12,6.514352015722354e-6
19,CHg_12,6.44753763004257e-6
20,CHg_12,6.381150659166702e-6
21,CHg_12,6.3153282204898305e-6
22,CHg_12,6.250129767212749e-6
23,CHg_12,6.185578967260493e-6
24,CHg_12,6.121683032290192e-6
25,CHg_12,6.058441626559162e-6
26,CHg_12,5.995850970183336e-6
27,CHg_12,5.933905728958823e-6
28,CHg_12,5.872599885303056e-6
29,CHg_12,5.8119271401428e-6
30,CHg_12,5.751881098681208e-6
31,CHg_12,5.692455356412898e-6
32,CHg_12,5.633643538972805e-6
33,CHg_12,5.575439320536577e-6
34,CHg_12,5.517836432205191e-6
35,CHg_12,5.460828665682051e-6
36,CHg_12,5.404409874720258e-6
37,CHg_12,5.3485739755041625e-6
38,CHg_12,5.293314946516987e-6
39,CHg_12,5.238626828158697e-6
40,CHg_12,5.184503722242064e-6
1,CFg_12,-3.615558671505668e-7
2,CFg_12,1.1879832131541943e-5
3,CFg_12,6.5870077423809795e-6
4,CFg_12,3.070983442389185e-6
5,CFg_12,1.0654254727167077e-6
6,CFg_12,3.950774075377503e-9
7,CFg_12,-5.319311341507201e-7
8,CFg_12,-7.923506204823451e-7
9,CFg_12,-9.136282306663482e-7
10,CFg_12,-9.663487797093587e-7
11,CFg_12,-9.858989626524506e-7
12,CFg_12,-9.896330635234841e-7
13,CFg_12,-9.859281991564462e-7
14,CFg_12,-9.787804565662077e-7
15,CFg_12,-9.70078663800481e-7
16,CFg_12,-9.607090608355946e-7
17,CFg_12,-9.510848725008338e-7
18,CFg_12,-9.413976257430632e-7
19,CFg_12,-9.31735483412022e-7
20,CFg_12,-9.221386186135565e-7
21,CFg_12,-9.126249999691192e-7
22,CFg_12,-9.032023515430408e-7
23,CFg_12,-8.938736829057896e-7
24,CFg_12,-8.846398399052463e-7
25,CFg_12,-8.755006790546708e-7
26,CFg_12,-8.664556075220917e-7
27,CFg_12,-8.575038312204591e-7
28,CFg_12,-8.486444687485958e-7
29,CFg_12,-8.398766037205195e-7
30,CFg_12,-8.311993088002364e-7
31,CFg_12,-8.226116567356364e-7
32,CFg_12,-8.141127254113152e-7
33,CFg_12,-8.057016001443241e-7
34,CFg_12,-7.973773747053021e-7
35,CFg_12,-7.891391517481434e-7
36,CFg_12,-7.809860429639091e-7
37,CFg_12,-7.729171691055173e-7
38,CFg_12,-7.649316599516016e-7
39,CFg_12,-7.57028654241676e-7
40,CFg_12,-7.492072995978321e-7
1,CHs_12,0.04972280572868328
2,CHs_12,-0.06894133041511359
3,CHs_12,-0.04688858374140195
4,CHs_12,-0.02418633900867976
5,CHs_12,-0.009037241597344144
6,CHs_12,-0.00033300628866761255
7,CHs_12,0.00429303365663068
8,CHs_12,0.0066245663644390225
9,CHs_12,0.007743145004250197
10,CHs_12,0.008244666151869032
11,CHs_12,0.008440367861579425
12,CHs_12,0.008487425113296877
13,CHs_12,0.008463413844212378
14,CHs_12,0.008406001024049734
15,CHs_12,0.008333255276270235
16,CHs_12,0.008253763967367978
17,CHs_12,0.008171578314140294
18,CHs_12,0.00808859739732309
19,CHs_12,0.008005705699483247
20,CHs_12,0.007923311661139746
21,CHs_12,0.007841601147780668
22,CHs_12,0.007760656214193925
23,CHs_12,0.0076805105757461
24,CHs_12,0.007601175463732119
25,CHs_12,0.00752265166427416
26,CHs_12,0.007444935123989025
27,CHs_12,0.007368019562964015
28,CHs_12,0.007291897695417283
29,CHs_12,0.007216561801834817
30,CHs_12,0.007142003998318355
31,CHs_12,0.007068216364041823
32,CHs_12,0.00699519100187062
33,CHs_12,0.006922920067282475
34,CHs_12,0.006851395782125559
35,CHs_12,0.006780610441048148
36,CHs_12,0.006710556414343452
37,CHs_12,0.006641226149017703
38,CHs_12,0.006572612168965304
39,CHs_12,0.006504707074689693
40,CHs_12,0.006437503542790583
1,CFs_12,-3.555390651094682e-7
2,CFs_12,1.1879832131523248e-5
3,CFs_12,6.587007742363377e-6
4,CFs_12,3.070983442372775e-6
5,CFs_12,1.0654254727011725e-6
6,CFs_12,3.950774060419973e-9
7,CFs_12,-5.319311341652954e-7
8,CFs_12,-7.923506204966508e-7
9,CFs_12,-9.136282306804466e-7
10,CFs_12,-9.663487797232812e-7
11,CFs_12,-9.858989626662156e-7
12,CFs_12,-9.896330635370996e-7
13,CFs_12,-9.859281991699174e-7
14,CFs_12,-9.787804565795386e-7
15,CFs_12,-9.700786638136734e-7
16,CFs_12,-9.607090608486504e-7
17,CFs_12,-9.510848725137547e-7
18,CFs_12,-9.413976257558508e-7
19,CFs_12,-9.317354834246775e-7
20,CFs_12,-9.221386186260805e-7
21,CFs_12,-9.126249999815138e-7
22,CFs_12,-9.032023515553073e-7
23,CFs_12,-8.938736829179299e-7
24,CFs_12,-8.846398399172606e-7
25,CFs_12,-8.755006790665611e-7
26,CFs_12,-8.6645560753386e-7
27,CFs_12,-8.575038312321055e-7
28,CFs_12,-8.486444687601218e-7
29,CFs_12,-8.398766037319262e-7
30,CFs_12,-8.311993088115255e-7
31,CFs_12,-8.226116567468087e-7
32,CFs_12,-8.141127254223723e-7
33,CFs_12,-8.057016001552664e-7
34,CFs_12,-7.973773747161317e-7
35,CFs_12,-7.891391517588613e-7
36,CFs_12,-7.809860429745161e-7
37,CFs_12,-7.729171691160149e-7
38,CFs_12,-7.649316599619905e-7
39,CFs_12,-7.570286542519577e-7
40,CFs_12,-7.492072996080075e-7
1,Cg_12,-1.0490191386518389e-6
2,Cg_12,-4.514794389279026e-5
3,Cg_12,-2.5238184736530748e-5
4,Cg_12,-1.197036891505797e-5
5,Cg_12,-4.3859730335999356e-6
6,Cg_12,-3.650294178396143e-7
7,Cg_12,1.668216138135137e-6
8,Cg_12,2.6584926452564857e-6
9,Cg_12,3.1216003424381147e-6
10,Cg_12,3.3248811591280477e-6
11,Cg_12,3.4024277920591884e-6
12,Cg_12,3.42001101784338e-6
13,Cg_12,3.4093769409258194e-6
14,Cg_12,3.3856665146012053e-6
15,Cg_12,3.3560349811255374e-6
16,Cg_12,3.32383914674098e-6
17,Cg_12,3.2906442438710353e-6
18,Cg_12,3.2571760078598687e-6
19,Cg_12,3.2237688150199887e-6
20,Cg_12,3.190575329582067e-6
21,Cg_12,3.1576641102436472e-6
22,Cg_12,3.125064883605119e-6
23,Cg_12,3.092789483629003e-6
24,Cg_12,3.060841516143867e-6
25,Cg_12,3.0292208132783627e-6
26,Cg_12,2.9979254850904637e-6
27,Cg_12,2.966952864478219e-6
28,Cg_12,2.9362999426503474e-6
29,Cg_12,2.9059635700702343e-6
30,Cg_12,2.8759405493394496e-6
31,Cg_12,2.8462276782053057e-6
32,Cg_12,2.81682176948527e-6
33,Cg_12,2.787719660267169e-6
34,Cg_12,2.7589182161014872e-6
35,Cg_12,2.730414332839929e-6
36,Cg_12,2.702204937359044e-6
37,Cg_12,2.674286987751007e-6
38,Cg_12,2.646657473257431e-6
39,Cg_12,2.619313414078296e-6
40,Cg_12,2.5922518611199906e-6
1,Cs_12,0.05056840220088693
2,Cs_12,-0.032540512909811824
3,Cs_12,-0.02654013485822447
4,Cs_12,-0.014535150653844829
5,Cs_12,-0.005501020568540668
6,Cs_12,-3.869661145988617e-5
7,Cs_12,0.0029480261606384477
8,Cs_12,0.004481142116409525
9,Cs_12,0.005226337207478257
10,Cs_12,0.005563961880504577
11,Cs_12,0.005697141100809341
12,Cs_12,0.005730021741573686
13,Cs_12,0.005714584241450888
14,Cs_12,0.00567628808030594
15,Cs_12,0.005627432922039958
16,Cs_12,0.005573899686774968
17,Cs_12,0.005518477612718518
18,Cs_12,0.00546248065187375
19,Cs_12,0.005406523693781239
20,Cs_12,0.005350892092453911
21,Cs_12,0.005295716437493767
22,Cs_12,0.0052410548164271735
23,Cs_12,0.005186931403411817
24,Cs_12,0.005133354522518706
25,Cs_12,0.005080325095215471
26,Cs_12,0.005027840591894693
27,Cs_12,0.004975896883009534
28,Cs_12,0.004924489108633138
29,Cs_12,0.004873612088583325
30,Cs_12,0.004823260516882544
31,Cs_12,0.004773429054539218
32,Cs_12,0.004724112374102863
33,Cs_12,0.004675305181167198
34,Cs_12,0.004627002224748211
35,Cs_12,0.004579198302231446
36,Cs_12,0.004531888261633451
37,Cs_12,0.004485067002515994
38,Cs_12,0.0044387294762146205
39,Cs_12,0.004392870685713542
40,Cs_12,0.004347485685336017
1,PIV_1,0.19159163621239228
2,PIV_1,0.13902153667685938
3,PIV_1,0.07758746756651726
4,PIV_1,0.03655242167716344
5,PIV_1,0.013070543263034853
6,PIV_1,0.0006145892817504777
7,PIV_1,-0.005684904943019899
8,PIV_1,-0.008751811389304821
9,PIV_1,-0.010183945881851212
10,PIV_1,-0.010810005025610067
11,PIV_1,-0.011045861100043129
12,PIV_1,-0.011095584874326029
13,PIV_1,-0.011057715676782365
14,PIV_1,-0.010979267613367845
15,PIV_1,-0.010882465715552446
16,PIV_1,-0.01077773974772643
17,PIV_1,-0.010669954229635589
18,PIV_1,-0.010561365076511894
19,PIV_1,-0.010453011741309278
20,PIV_1,-0.010345368691471832
21,PIV_1,-0.010238648814269048
22,PIV_1,-0.01013294418954305
23,PIV_1,-0.010028291218066528
24,PIV_1,-0.009924700690207794
25,PIV_1,-0.00982217164899428
26,PIV_1,-0.00972069777718374
27,PIV_1,-0.009620270339894434
28,PIV_1,-0.009520879541207967
29,PIV_1,-0.009422515150385181
30,PIV_1,-0.00932516679142965
31,PIV_1,-0.009228824077206921
32,PIV_1,-0.00913347667159172
33,PIV_1,-0.009039114318161564
34,PIV_1,-0.008945726853259981
35,PIV_1,-0.008853304211709068
36,PIV_1,-0.008761836429037806
37,PIV_1,-0.008671313642044022
38,PIV_1,-0.008581726088552332
39,PIV_1,-0.008493064106780976
40,PIV_1,-0.008405318134518117
1,VOil_1,-0.6135898490640305
2,VOil_1,-0.2345704820140522
3,VOil_1,-0.07834143756329287
4,VOil_1,-0.015664809670486085
5,VOil_1,0.008808339091464062
6,VOil_1,0.01802452765410826
7,VOil_1,0.021285860696513895
8,VOil_1,0.022285636370670592
9,VOil_1,0.022457151490214686
10,VOil_1,0.022341258818706997
11,VOil_1,0.022134512069263645
12,VOil_1,0.021904494805728494
13,VOil_1,0.021672394199064977
14,VOil_1,0.02144369287979247
15,VOil_1,0.021219088658598045
16,VOil_1,0.020998125534590288
17,VOil_1,0.02078026259091578
18,VOil_1,0.020565107857487955
19,VOil_1,0.02035241625479867
20,VOil_1,0.020142042475098165
21,VOil_1,0.01993390009092805
22,VOil_1,0.019727934871050554
23,VOil_1,0.019524109349085442
24,VOil_1,0.01932239450012456
25,VOil_1,0.01912276546106566
26,VOil_1,0.018925199411279382
27,VOil_1,0.01872967455744089
28,VOil_1,0.018536169663065084
29,VOil_1,0.018344663838299125
30,VOil_1,0.01815513645008228
31,VOil_1,0.01796756708592524
32,VOil_1,0.017781935540429415
33,VOil_1,0.017598221810760165
34,VOil_1,0.01741640609519749
35,VOil_1,0.017236468792427975
36,VOil_1,0.017058390500756495
37,VOil_1,0.016882152017026756
38,VOil_1,0.016707734335257237
39,VOil_1,0.016535118645060333
40,VOil_1,0.016364286329914594
1,VNon_1,-0.6135462643213504
2,VNon_1,-0.23602279533798215
3,VNon_1,-0.07914696345100576
4,VNon_1,-0.01604069097650662
5,VNon_1,0.008677524924451051
6,VNon_1,0.018023419078103092
7,VNon_1,0.021350235163735222
8,VNon_1,0.022381835778235378
9,VNon_1,0.02256817479618204
10,VNon_1,0.022458729541283945
11,VNon_1,0.02225437742348419
12,VNon_1,0.022024822378638002
13,VNon_1,0.021792275083775754
14,VNon_1,0.021562706396090068
15,VNon_1,0.021337044891255357
16,VNon_1,0.02111494284137049
17,VNon_1,0.020895909812846825
18,VNon_1,0.02067957723396118
19,VNon_1,0.020465710795844284
20,VNon_1,0.02025417009875099
21,VNon_1,0.02004487091070609
22,VNon_1,0.019837759944506993
23,VNon_1,0.01963280010191687
24,VNon_1,0.019429962461873167
25,VNon_1,0.019229222144275703
26,VNon_1,0.01903055625661189
27,VNon_1,0.01883394290909036
28,VNon_1,0.018639360758092225
29,VNon_1,0.018446788802354272
30,VNon_1,0.018256206296063872
31,VNon_1,0.018067592713985562
32,VNon_1,0.01788092773859721
33,VNon_1,0.017696191255843485
34,VNon_1,0.01751336335381137
35,VNon_1,0.017332424322074293
36,VNon_1,0.017153354650922895
37,VNon_1,0.01697613503028844
38,VNon_1,0.01680074634837448
39,VNon_1,0.01662716969006807
40,VNon_1,0.01645538633520252
1,PIV_2,0.1915911264673072
2,PIV_2,0.13899950816934936
3,PIV_2,0.07757521773225849
4,PIV_2,0.03654673530360116
5,PIV_2,0.013068624316302855
6,PIV_2,0.0006146727034426707
7,PIV_2,-0.005683807962292353
8,PIV_2,-0.00875022124333557
9,PIV_2,-0.01018212616560204
10,PIV_2,-0.010808085857891095
11,PIV_2,-0.011043905515879488
12,PIV_2,-0.01109362295549585
13,PIV_2,-0.01105576158040362
14,PIV_2,-0.010977327893808722
15,PIV_2,-0.01088054333092852
16,PIV_2,-0.010775835967392998
17,PIV_2,-0.010668069534688423
18,PIV_2,-0.010559499582152779
19,PIV_2,-0.010451165393968518
20,PIV_2,-0.010343541360462631
21,PIV_2,-0.01023684033428564
22,PIV_2,-0.010131154380327488
23,PIV_2,-0.010026519893497352
24,PIV_2,-0.009922947662495197
25,PIV_2,-0.009820436730613141
26,PIV_2,-0.009718980781760608
27,PIV_2,-0.009618571082610357
28,PIV_2,-0.009519197838976737
29,PIV_2,-0.009420850821927057
30,PIV_2,-0.009323519657296256
31,PIV_2,-0.009227193959783286
32,PIV_2,-0.009131863395087564
33,PIV_2,-0.009037517708597424
34,PIV_2,-0.008944146738451068
35,PIV_2,-0.008851740421247992
36,PIV_2,-0.008760288794276894
37,PIV_2,-0.008669781996077493
38,PIV_2,-0.00858021026619848
39,PIV_2,-0.008491563944564481
40,PIV_2,-0.008403833470652456
1,VOil_2,-0.4718350193686327
2,VOil_2,-0.15728430678706515
3,VOil_2,-0.0418062201067828
4,VOil_2,-0.0007896504580837464
5,VOil_2,0.01321609790017127
6,VOil_2,0.017683419960687258
7,VOil_2,0.018899696690475185
8,VOil_2,0.01906659409790411
9,VOil_2,0.018926128591174367
10,VOil_2,0.01871360861977733
11,VOil_2,0.018495738631763056
12,VOil_2,0.018286914769327877
13,VOil_2,0.01808736981814363
14,VOil_2,0.017894705081364974
15,VOil_2,0.01770683481287073
16,VOil_2,0.017522413678768264
17,VOil_2,0.017340669432131698
18,VOil_2,0.01716118334462274
19,VOil_2,0.016983733599928788
20,VOil_2,0.016808201760557175
21,VOil_2,0.016634521557450595
22,VOil_2,0.016462652294478745
23,VOil_2,0.01629256553552883
24,VOil_2,0.016124238628737787
25,VOil_2,0.015957651633563615
26,VOil_2,0.015792785896826766
27,VOil_2,0.01562962340930319
28,VOil_2,0.015468146523446143
29,VOil_2,0.015308337834093237
30,VOil_2,0.015150180130561745
31,VOil_2,0.014993656378778995
32,VOil_2,0.014838749715303355
33,VOil_2,0.014685443445573959
34,VOil_2,0.014533721043334275
35,VOil_2,0.014383566150127668
36,VOil_2,0.014234962574546995
37,VOil_2,0.014087894291207975
38,VOil_2,0.013942345439501836
39,VOil_2,0.013798300322194876
40,VOil_2,0.013655743403930628
1,VNon_2,-0.47179305621855555
2,VNon_2,-0.1586954126951227
3,VNon_2,-0.042588897728258496
4,VNon_2,-0.0011548794846404403
5,VNon_2,0.01308897936033973
6,VNon_2,0.01768232508867974
7,VNon_2,0.018962226055239128
8,VNon_2,0.019160045089399412
9,VNon_2,0.01903398280703712
10,VNon_2,0.018827727381181682
11,VNon_2,0.018612184211351194
12,VNon_2,0.01840380961517889
13,VNon_2,0.01820383082680973
14,VNon_2,0.01801032351489763
15,VNon_2,0.017821426146556053
16,VNon_2,0.01763589858679377
17,VNon_2,0.01745301763860226
18,VNon_2,0.0172723873076596
19,VNon_2,0.017093796242482764
20,VNon_2,0.01691713077423578
21,VNon_2,0.01674232676701699
22,VNon_2,0.01656934444193894
23,VNon_2,0.01639815572059298
24,VNon_2,0.016228738052027628
25,VNon_2,0.01606107147920071
26,VNon_2,0.015895137279105777
27,VNon_2,0.01573091734880668
28,VNon_2,0.0155683939366802
29,VNon_2,0.01540754952933223
30,VNon_2,0.015248366806544785
31,VNon_2,0.015090828624715377
32,VNon_2,0.014934918011477366
33,VNon_2,0.014780618164221966
34,VNon_2,0.014627912449643002
35,VNon_2,0.014476784403283344
36,VNon_2,0.014327217728802862
37,VNon_2,0.014179196296954676
38,VNon_2,0.014032704144333592
39,VNon_2,0.013887725471968045
40,VNon_2,0.013744244643812914
1,PIV_3,0.1915942903641093
2,PIV_3,0.13893931077620325
3,PIV_3,0.07754032173080677
4,PIV_3,0.036528628241809295
5,PIV_3,0.013060103134510122
6,PIV_3,0.0006112370503694491
7,PIV_3,-0.005684662507281589
8,PIV_3,-0.008749806029241029
9,PIV_3,-0.010181102690512726
10,PIV_3,-0.010806779563171607
11,PIV_3,-0.011042473671797878
12,PIV_3,-0.011092140539996588
13,PIV_3,-0.011054263945217128
14,PIV_3,-0.010975831536353156
15,PIV_3,-0.010879055859247887
16,PIV_3,-0.010774360828187987
17,PIV_3,-0.010666608237725
18,PIV_3,-0.010558052739931953
19,PIV_3,-0.010449733205165438
20,PIV_3,-0.01034212383381818
21,PIV_3,-0.010235437391971554
22,PIV_3,-0.010129765905553475
23,PIV_3,-0.010025145752398441
24,PIV_3,-0.009921587714180837
25,PIV_3,-0.009819090831775578
26,PIV_3,-0.009717648788784849
27,PIV_3,-0.009617252852537027
28,PIV_3,-0.009517893229938115
29,PIV_3,-0.009419559693340754
30,PIV_3,-0.00932224186994726
31,PIV_3,-0.009225929375854484
32,PIV_3,-0.009130611878166286
33,PIV_3,-0.009036279123671
34,PIV_3,-0.008942920951897155
35,PIV_3,-0.008850527300822593
36,PIV_3,-0.008759088209101252
37,PIV_3,-0.00866859381662461
38,PIV_3,-0.00857903436427943
39,PIV_3,-0.008490400193314736
40,PIV_3,-0.008402681744518305
1,VOil_3,-1.238040718702803
2,VOil_3,-0.4625847074828783
3,VOil_3,-0.16455254022943222
4,VOil_3,-0.04971756856385209
5,VOil_3,-0.0054792297301165084
6,VOil_3,0.011485821209927444
7,VOil_3,0.017904513811405495
8,VOil_3,0.020245324836714547
9,VOil_3,0.02101103905243124
10,VOil_3,0.021169839420783758
11,VOil_3,0.021095955955431737
12,VOil_3,0.020933844725071454
13,VOil_3,0.0207391666436287
14,VOil_3,0.020533322155892604
15,VOil_3,0.02032451893184963
16,VOil_3,0.02011589547036652
17,VOil_3,0.01990864624613012
18,VOil_3,0.019703220867864562
19,VOil_3,0.019499783118157223
20,VOil_3,0.019298386436882
21,VOil_3,0.019099041083424077
22,VOil_3,0.01890174000096142
23,VOil_3,0.018706468928191843
24,VOil_3,0.018513210468976755
25,VOil_3,0.018321945810008497
26,VOil_3,0.01813265549553553
27,VOil_3,0.017945319804906223
28,VOil_3,0.017759918950702516
29,VOil_3,0.017576433188903742
30,VOil_3,0.01739484288238378
31,VOil_3,0.017215128538069568
32,VOil_3,0.01703727082861639
33,VOil_3,0.01686125060477487
34,VOil_3,0.016687048902106868
35,VOil_3,0.01651464694426371
36,VOil_3,0.01634402614417854
37,VOil_3,0.016175168103999885
38,VOil_3,0.016008054614271402
39,VOil_3,0.01584266765266507
40,VOil_3,0.015678989382453906
1,VNon_3,-1.2380362620655194
2,VNon_3,-0.4627160283314021
3,VNon_3,-0.1646256157283875
4,VNon_3,-0.04975196810695144
5,VNon_3,-0.0054915726075545285
6,VNon_3,0.0114851519450809
7,VNon_3,0.0179097395450526
8,VNon_3,0.02025341784715536
9,VNon_3,0.021020470348959985
10,VNon_3,0.02117985580793855
11,VNon_3,0.021106193067707314
12,VNon_3,0.020944128838118917
13,VNon_3,0.02074941603540568
14,VNon_3,0.02054349898124295
15,VNon_3,0.020334606080057736
16,VNon_3,0.020125885557168082
17,VNon_3,0.01991853642148493
18,VNon_3,0.019713010383022485
19,VNon_3,0.019509472191631013
20,VNon_3,0.019307975728091335
21,VNon_3,0.019108531449228958
22,VNon_3,0.018911132383370274
23,VNon_3,0.018715764302703594
24,VNon_3,0.018522409820880836
25,VNon_3,0.018331050123551615
26,VNon_3,0.01814166574900182
27,VNon_3,0.017954236968412793
28,VNon_3,0.017768743985241146
29,VNon_3,0.01758516704595451
30,VNon_3,0.017403486503791133
31,VNon_3,0.017223682856038723
32,VNon_3,0.01704573676576475
33,VNon_3,0.016869629074208504
34,VNon_3,0.016695340807508032
35,VNon_3,0.016522853179983064
36,VNon_3,0.016352147595329065
37,VNon_3,0.016183205646551117
38,VNon_3,0.01601600911514326
39,VNon_3,0.015850539969821057
40,VNon_3,0.015686780364993446
1,PIV_4,0.1915893426766927
2,PIV_4,0.13911772265200228
3,PIV_4,0.07764137242757403
4,PIV_4,0.036578015547665155
5,PIV_4,0.013079919161389581
6,PIV_4,0.0006153564218177308
7,PIV_4,-0.005688494624146325
8,PIV_4,-0.008757524376567922
9,PIV_4,-0.010190652342601816
10,PIV_4,-0.010817147746529901
11,PIV_4,-0.011053170296726294
12,PIV_4,-0.01110293182799398
13,PIV_4,-0.011065039792587862
14,PIV_4,-0.01098654080161202
15,PIV_4,-0.010889675253444399
16,PIV_4,-0.010784880123995623
17,PIV_4,-0.010677023296519815
18,PIV_4,-0.010568362246080182
19,PIV_4,-0.010459937144399934
20,PIV_4,-0.010352222787101463
21,PIV_4,-0.010245432208824722
22,PIV_4,-0.010139657553298756
23,PIV_4,-0.010034935246719034
24,PIV_4,-0.009931276087191788
25,PIV_4,-0.009828679117374405
26,PIV_4,-0.009727138015956649
27,PIV_4,-0.009626644042321313
28,PIV_4,-0.009527187394082348
29,PIV_4,-0.009428757833731961
30,PIV_4,-0.009331344978403221
31,PIV_4,-0.009234938434081413
32,PIV_4,-0.0091395278577938
33,PIV_4,-0.009045102986322816
34,PIV_4,-0.008951653649278222
35,PIV_4,-0.008859169774813555
36,PIV_4,-0.008767641391855924
37,PIV_4,-0.008677058630668404
38,PIV_4,-0.008587411722607779
39,PIV_4,-0.00849869099949098
40,PIV_4,-0.008410886892770838
1,VOil_4,-0.21502067850263568
2,VOil_4,-0.06732928638650992
3,VOil_4,-0.013782964206980601
4,VOil_4,0.006194717224741153
5,VOil_4,0.013625242542431066
6,VOil_4,0.016322576517124748
7,VOil_4,0.01722763984859351
8,VOil_4,0.017454510419785733
9,VOil_4,0.017426139672020665
10,VOil_4,0.017302892171572964
11,VOil_4,0.0171453207156713
12,VOil_4,0.016976141613328312
13,VOil_4,0.016803805110716094
14,VOil_4,0.01663142321086494
15,VOil_4,0.016460128715277758
16,VOil_4,0.016290327696392895
17,VOil_4,0.016122161441794007
18,VOil_4,0.015955674840065846
19,VOil_4,0.015790877137234306
20,VOil_4,0.015627763788790557
21,VOil_4,0.015466324436612864
22,VOil_4,0.015306545972511455
23,VOil_4,0.015148413842056244
24,VOil_4,0.014991912685035589
25,VOil_4,0.014837026696053923
26,VOil_4,0.014683739846372525
27,VOil_4,0.014532036025772825
28,VOil_4,0.014381899133891924
29,VOil_4,0.014233313138475062
30,VOil_4,0.014086262111888742
31,VOil_4,0.013940730253491792
32,VOil_4,0.013796701902936677
33,VOil_4,0.01365416154773735
34,VOil_4,0.013513093827260191
35,VOil_4,0.013373483534509805
36,VOil_4,0.013235315616569406
37,VOil_4,0.01309857517422931
38,VOil_4,0.012963247461130556
39,VOil_4,0.01282931788262312
40,VOil_4,0.012696771994459486
1,VNon_4,-0.2149791591868201
2,VNon_4,-0.06869116353671062
3,VNon_4,-0.014538345970605803
4,VNon_4,0.0058422140261754065
5,VNon_4,0.0135025390121746
6,VNon_4,0.01632149801670385
7,VNon_4,0.017287964947446208
8,VNon_4,0.017544677994781443
9,VNon_4,0.017530207909896522
10,VNon_4,0.017413006486655662
11,VNon_4,0.017257680835063894
12,VNon_4,0.017088935525267857
13,VNon_4,0.016916180538033683
14,VNon_4,0.016742985682532387
15,VNon_4,0.016570700146399397
16,VNon_4,0.016399831528490536
17,VNon_4,0.016230568453947148
18,VNon_4,0.016062977751703088
19,VNon_4,0.015897078767276408
20,VNon_4,0.0157328715583419
21,VNon_4,0.015570347825473419
22,VNon_4,0.015409495345716362
23,VNon_4,0.015250299909873416
24,VNon_4,0.015092746255139433
25,VNon_4,0.014936818560213271
26,VNon_4,0.014782500728985938
27,VNon_4,0.01462977656081737
28,VNon_4,0.01447862985492063
29,VNon_4,0.014329044474606645
30,VNon_4,0.014181004386549439
31,VNon_4,0.014034493684420462
32,VNon_4,0.01388949660276832
33,VNon_4,0.013745997524849403
34,VNon_4,0.013603980986735747
35,VNon_4,0.013463431679149986
36,VNon_4,0.013324334447923377
37,VNon_4,0.013186674293627172
38,VNon_4,0.013050436370712083
39,VNon_4,0.012915605986359187
40,VNon_4,0.012782168599164477
1,PIV_5,0.1915915827390009
2,PIV_5,0.13900525700071942
3,PIV_5,0.07757875945078552
4,PIV_5,0.03654876215154368
5,PIV_5,0.013069774259321475
6,PIV_5,0.0006153534262897766
7,PIV_5,-0.005683367632485772
8,PIV_5,-0.008749901066287152
9,PIV_5,-0.010181865406255599
10,PIV_5,-0.010807854624519848
11,PIV_5,-0.011043689359430283
12,PIV_5,-0.011093414979731795
13,PIV_5,-0.011055558521717098
14,PIV_5,-0.010977128214132104
15,PIV_5,-0.010880346304080421
16,PIV_5,-0.010775641246378434
17,PIV_5,-0.010667876948595128
18,PIV_5,-0.010559309041488423
19,PIV_5,-0.01045097684679168
20,PIV_5,-0.01034335477214833
21,PIV_5,-0.010236655678228995
22,PIV_5,-0.010130971633686897
23,PIV_5,-0.010026339035250739
24,PIV_5,-0.00992276867255437
25,PIV_5,-0.009820259589420776
26,PIV_5,-0.009718805470106789
27,PIV_5,-0.009618397581548678
28,PIV_5,-0.009519026129785476
29,PIV_5,-0.00942068088609068
30,PIV_5,-0.009323351476496104
31,PIV_5,-0.009227027515892333
32,PIV_5,-0.009131698670167023
33,PIV_5,-0.009037354684894226
34,PIV_5,-0.008943985398395657
35,PIV_5,-0.008851580747452346
36,PIV_5,-0.008760130769532568
37,PIV_5,-0.008669625603353782
38,PIV_5,-0.008580055488640567
39,PIV_5,-0.008491410765491605
40,PIV_5,-0.008403681873556135
1,VOil_5,-0.21853328263044303
2,VOil_5,-0.11202499807840412
3,VOil_5,-0.04954835770985875
4,VOil_5,-0.014340957101130963
5,VOil_5,0.004249422473571047
6,VOil_5,0.013623566048472625
7,VOil_5,0.018162758715954325
8,VOil_5,0.02025580451976048
9,VOil_5,0.02114221456335872
10,VOil_5,0.02144454947989947
11,VOil_5,0.021468495692835324
12,VOil_5,0.021361707164677564
13,VOil_5,0.021194634980327857
14,VOil_5,0.02100057833626584
15,VOil_5,0.020795158519527897
16,VOil_5,0.020585657265330314
17,VOil_5,0.020375448201845732
18,VOil_5,0.02016608296220729
19,VOil_5,0.01995826714500122
20,VOil_5,0.01975231470998331
21,VOil_5,0.01954835875811539
22,VOil_5,0.019346449036412857
23,VOil_5,0.019146596955804826
24,VOil_5,0.018948796351750324
25,VOil_5,0.018753033054365837
26,VOil_5,0.018559289301508734
27,VOil_5,0.018367545775982843
28,VOil_5,0.018177782547616945
29,VOil_5,0.01798997950986568
30,VOil_5,0.017804116582544903
31,VOil_5,0.01762017380598834
32,VOil_5,0.01743813138455188
33,VOil_5,0.017257969706342392
34,VOil_5,0.017079669351700865
35,VOil_5,0.01690321109631839
36,VOil_5,0.016728575911765103
37,VOil_5,0.016555744964760106
38,VOil_5,0.016384699615824106
39,VOil_5,0.01621542141762917
40,VOil_5,0.01604789211320201
1,VNon_5,-0.2183212010615169
2,VNon_5,-0.11914391263093906
3,VNon_5,-0.053495842654946314
4,VNon_5,-0.016181677165389242
5,VNon_5,0.0036104074140031013
6,VNon_5,0.013620572979408217
7,VNon_5,0.018480860810381892
8,VNon_5,0.02072994992435861
9,VNon_5,0.021689032483011655
10,VNon_5,0.02202296216880738
11,VNon_5,0.02205862832114014
12,VNon_5,0.02195408315305017
13,VNon_5,0.021784797084741573
14,VNon_5,0.02158646364640114
15,VNon_5,0.02137583584851881
16,VNon_5,0.02116072642989889
17,VNon_5,0.02094475660748509
18,VNon_5,0.02072959276985865
19,VNon_5,0.020515993339340056
20,VNon_5,0.02030429634599504
21,VNon_5,0.020094645657182025
22,VNon_5,0.01988709564827913
23,VNon_5,0.01968165953390401
24,VNon_5,0.019478331656825137
25,VNon_5,0.019277097761718848
26,VNon_5,0.01907793973178237
27,VNon_5,0.01888083777457874
28,VNon_5,0.018685771432380403
29,VNon_5,0.018492720050121588
30,VNon_5,0.018301662992533146
31,VNon_5,0.018112579744909516
32,VNon_5,0.017925449959640096
33,VNon_5,0.017740253477313415
34,VNon_5,0.017556970335811963
35,VNon_5,0.01737558077368559
36,VNon_5,0.017196065230772665
37,VNon_5,0.017018404347484875
38,VNon_5,0.016842578963438142
39,VNon_5,0.016668570115763635
40,VNon_5,0.016496359037264215
1,PIV_6,0.19159076061504235
2,PIV_6,0.1390106077003427
3,PIV_6,0.07758168500227097
4,PIV_6,0.03655011096192049
5,PIV_6,0.013070232353930143
6,PIV_6,0.000615342670916986
7,PIV_6,-0.005683614240569878
8,PIV_6,-0.008750261974384487
9,PIV_6,-0.010182279392667729
10,PIV_6,-0.01080829158196417
11,PIV_6,-0.011044134740057969
12,PIV_6,-0.011093861853662271
13,PIV_6,-0.011056003632254762
14,PIV_6,-0.010977570055449337
15,PIV_6,-0.010880784197494166
16,PIV_6,-0.01077607490115206
17,PIV_6,-0.010668306254820166
18,PIV_6,-0.010559733973040636
19,PIV_6,-0.010451397416096261
20,PIV_6,-0.010343771009182809
21,PIV_6,-0.010237067620810295
22,PIV_6,-0.0101313793229914
23,PIV_6,-0.010026742513753475
24,PIV_6,-0.009923167983083816
25,PIV_6,-0.009820654774727067
26,PIV_6,-0.009719196572665885
27,PIV_6,-0.00961878464347487
28,PIV_6,-0.009519409192793602
29,PIV_6,-0.009421059991481125
30,PIV_6,-0.009323726665150247
31,PIV_6,-0.009227398828272795
32,PIV_6,-0.0091320661463201
33,PIV_6,-0.009037718364453275
34,PIV_6,-0.008944345320584954
35,PIV_6,-0.008851936951091115
36,PIV_6,-0.008760483293039061
37,PIV_6,-0.008669974484749389
38,PIV_6,-0.008580400765553872
39,PIV_6,-0.008491752475162453
40,PIV_6,-0.008404020052839621
1,VOil_6,-0.20218202854591646
2,VOil_6,-0.08865653240759745
3,VOil_6,-0.032076291059753646
4,VOil_6,-0.003066759553385679
5,VOil_6,0.01138843414158088
6,VOil_6,0.018407595342119262
7,VOil_6,0.021702710367588942
8,VOil_6,0.02316177404891626
9,VOil_6,0.023727869045095745
10,VOil_6,0.023865080827313596
11,VOil_6,0.023798889817243055
12,VOil_6,0.023637670445808973
13,VOil_6,0.02343304076706571
14,VOil_6,0.023209399394793752
15,VOil_6,0.022978203875436115
16,VOil_6,0.022744802545115433
17,VOil_6,0.022511676075975696
18,VOil_6,0.02227996508711357
19,VOil_6,0.022050186149715212
20,VOil_6,0.021822565966827738
21,VOil_6,0.021597196850121778
22,VOil_6,0.021374108896416215
23,VOil_6,0.02115330345164042
24,VOil_6,0.020934768620908265
25,VOil_6,0.020718486461691242
26,VOil_6,0.02050443632521311
27,VOil_6,0.020292596412665804
28,VOil_6,0.020082944502554583
29,VOil_6,0.019875458292033785
30,VOil_6,0.019670115557691235
31,VOil_6,0.019466894231383924
32,VOil_6,0.019265772435803623
33,VOil_6,0.019066728500775027
34,VOil_6,0.018869740970234212
35,VOil_6,0.018674788604644103
36,VOil_6,0.01848185038114721
37,VOil_6,0.018290905492583207
38,VOil_6,0.018101933345932214
39,VOil_6,0.017914913560467465
40,VOil_6,0.01772982596576337
1,VNon_6,-0.20197768574014896
2,VNon_6,-0.09541868781785656
3,VNon_6,-0.03582596384669699
4,VNon_6,-0.00481525597283874
5,VNon_6,0.010781414506998063
6,VNon_6,0.01840472091738843
7,VNon_6,0.022004838221549805
8,VNon_6,0.0236121246452529
9,VNon_6,0.024247250110395368
10,VNon_6,0.024414473429239244
11,VNon_6,0.024359415253763048
12,VNon_6,0.024200327104901127
13,VNon_6,0.023993594801703252
14,VNon_6,0.023765891286545892
15,VNon_6,0.02352974910658182
16,VNon_6,0.023291020987154593
17,VNon_6,0.023052422779766806
18,VNon_6,0.022815204107283677
19,VNon_6,0.022579931717037392
20,VNon_6,0.022346855175960325
21,VNon_6,0.02211607702251025
22,VNon_6,0.021887631749910038
23,VNon_6,0.021661522417398237
24,VNon_6,0.021437737611996813
25,VNon_6,0.02121625931004609
26,VNon_6,0.020997066525912808
27,VNon_6,0.020780137009395083
28,VNon_6,0.020565448037910876
29,VNon_6,0.020352976787613816
30,VNon_6,0.02014270050785521
31,VNon_6,0.019934596603298743
32,VNon_6,0.019728642672361445
33,VNon_6,0.01952481652481818
34,VNon_6,0.01932309618936117
35,VNon_6,0.019123459916260046
36,VNon_6,0.01892588617760203
37,VNon_6,0.018730353666323724
38,VNon_6,0.01853684129463378
39,VNon_6,0.018345328192128797
40,VNon_6,0.01815579370375676
1,PIV_7,0.19159334364699804
2,PIV_7,0.13906263493623963
3,PIV_7,0.07760947969138139
4,PIV_7,0.03656172499687707
5,PIV_7,0.013072588696015349
6,PIV_7,0.0006127937201663386
7,PIV_7,-0.00568863453335392
8,PIV_7,-0.008756473376638475
9,PIV_7,-0.010189033341755721
10,PIV_7,-0.010815267781943609
11,PIV_7,-0.011051177966695202
12,PIV_7,-0.011100898049945197
13,PIV_7,-0.011062998014931033
14,PIV_7,-0.010984506618006776
15,PIV_7,-0.010887655828165187
16,PIV_7,-0.010782878670709812
17,PIV_7,-0.010675041188324044
18,PIV_7,-0.01056640000294431
19,PIV_7,-0.010457994892836841
20,PIV_7,-0.010350300473260455
21,PIV_7,-0.0102435296969527
22,PIV_7,-0.010137774671116947
23,PIV_7,-0.010033071806292109
24,PIV_7,-0.009929431894508756
25,PIV_7,-0.009826853976738855
26,PIV_7,-0.009725331731992744
27,PIV_7,-0.00962485642088516
28,PIV_7,-0.009525418242670756
29,PIV_7,-0.009427006961660237
30,PIV_7,-0.009329612196876745
31,PIV_7,-0.009233223556218258
32,PIV_7,-0.009137830698624727
33,PIV_7,-0.009043423362780915
34,PIV_7,-0.00894999138018372
35,PIV_7,-0.008857524680856533
36,PIV_7,-0.008766013295578025
37,PIV_7,-0.008675447356444264
38,PIV_7,-0.008585817096626347
39,PIV_7,-0.008497112849736923
40,PIV_7,-0.00840932504900606
1,VOil_7,-0.2435863362332114
2,VOil_7,-0.06835738262094597
3,VOil_7,-0.0067089613962340615
4,VOil_7,0.014850475194772637
5,VOil_7,0.022196831389244397
6,VOil_7,0.024514924209484316
7,VOil_7,0.025085035677113912
8,VOil_7,0.02506869186157167
9,VOil_7,0.024868163463266892
10,VOil_7,0.024617330757184638
11,VOil_7,0.024357732816105523
12,VOil_7,0.024100580096431547
13,VOil_7,0.0238479115862989
14,VOil_7,0.02359943395275765
15,VOil_7,0.02335452520556002
16,VOil_7,0.023112704469550636
17,VOil_7,0.02287366954735556
18,VOil_7,0.022637244019879453
19,VOil_7,0.022403325597548193
20,VOil_7,0.022171851911860517
21,VOil_7,0.021942780897999878
22,VOil_7,0.021716080403165007
23,VOil_7,0.021491722972387974
24,VOil_7,0.02126968334468003
25,VOil_7,0.021049937299895786
26,VOil_7,0.020832461151812642
27,VOil_7,0.020617231538368547
28,VOil_7,0.020404225342539772
29,VOil_7,0.020193419667312848
30,VOil_7,0.019984791831018072
31,VOil_7,0.019778319368966374
32,VOil_7,0.019573980036021506
33,VOil_7,0.01937175180838304
34,VOil_7,0.019171612884265433
35,VOil_7,0.018973541683626506
36,VOil_7,0.01877751684719809
37,VOil_7,0.018583517235045324
38,VOil_7,0.018391521924824804
39,VOil_7,0.01820151020985916
40,VOil_7,0.018013461597105453
1,VNon_7,-0.24358153834032503
2,VNon_7,-0.06850022013679699
3,VNon_7,-0.006788422539027618
4,VNon_7,0.014813098547764709
5,VNon_7,0.022183455656241233
6,VNon_7,0.024514251114638442
7,VNon_7,0.025090777080835028
8,VNon_7,0.025077553000585572
9,VNon_7,0.02487848045853942
10,VNon_7,0.024628283951972408
11,VNon_7,0.02436892568855069
12,VNon_7,0.024111823589598517
13,VNon_7,0.0238591167665882
14,VNon_7,0.02361055963738321
15,VNon_7,0.023365552777263168
16,VNon_7,0.02312362589667171
17,VNon_7,0.02288448173305166
18,VNon_7,0.022647946154269676
19,VNon_7,0.022413917923482293
20,VNon_7,0.022182335152040166
21,VNon_7,0.02195315598998642
22,VNon_7,0.021726348377156132
23,VNon_7,0.021501884894989453
24,VNon_7,0.021279740293108116
25,VNon_7,0.021059890350184917
26,VNon_7,0.020842311373459998
27,VNon_7,0.020626979991934424
28,VNon_7,0.020413873078604712
29,VNon_7,0.020202967726057293
30,VNon_7,0.01999424124208788
31,VNon_7,0.01978767115146923
32,VNon_7,0.01958323519858339
33,VNon_7,0.019380911349231845
34,VNon_7,0.019180677791326733
35,VNon_7,0.018982512934624367
36,VNon_7,0.018786395409757725
37,VNon_7,0.018592304066796145
38,VNon_7,0.018400217973503
39,VNon_7,0.018210116413409524
40,VNon_7,0.01802197888378247
1,PIV_8,0.19159015189617284
2,PIV_8,0.1389453070911861
3,PIV_8,0.07754519912605373
4,PIV_8,0.03653282097844561
5,PIV_8,0.013063908852822312
6,PIV_8,0.0006148299180709523
7,PIV_8,-0.00568119000080564
8,PIV_8,-0.00874640779534196
9,PIV_8,-0.010177756721586568
10,PIV_8,-0.010803475619838143
11,PIV_8,-0.011039207021447667
12,PIV_8,-0.011088908941989729
13,PIV_8,-0.011051066256294767
14,PIV_8,-0.010972667085607886
15,PIV_8,-0.010875924175395069
16,PIV_8,-0.0107712615234177
17,PIV_8,-0.010663540959393973
18,PIV_8,-0.010555017150961727
19,PIV_8,-0.010446728976304484
20,PIV_8,-0.010339150640684339
21,PIV_8,-0.010232494913964033
22,PIV_8,-0.010126853825468784
23,PIV_8,-0.01002226375629739
24,PIV_8,-0.00991873549133765
25,PIV_8,-0.009816268074649614
26,PIV_8,-0.009714855192995807
27,PIV_8,-0.009614488116838814
28,PIV_8,-0.009515157056190717
29,PIV_8,-0.009416851786480756
30,PIV_8,-0.009319561937957582
31,PIV_8,-0.009223277129733715
32,PIV_8,-0.009127987031898039
33,PIV_8,-0.009033681394193313
34,PIV_8,-0.00894035005907213
35,PIV_8,-0.008847982967406276
36,PIV_8,-0.008756570160713744
37,PIV_8,-0.008666101781720548
38,PIV_8,-0.008576568074118695
39,PIV_8,-0.008487959381933493
40,PIV_8,-0.008400266148700318
1,VOil_8,-0.14373360869074284
2,VOil_8,0.03601110728361255
3,VOil_8,0.0447593957758794
4,VOil_8,0.038286443728567404
5,VOil_8,0.03157532470940185
6,VOil_8,0.02705991396885941
7,VOil_8,0.024379305771040954
8,VOil_8,0.022846356211835537
9,VOil_8,0.021955159270309377
10,VOil_8,0.02140252791838274
11,VOil_8,0.021022594826147007
12,VOil_8,0.02072914532482449
13,VOil_8,0.02047880461130705
14,VOil_8,0.02025023510204632
15,VOil_8,0.020033108382233232
16,VOil_8,0.019822483292396796
17,VOil_8,0.01961601450787721
18,VOil_8,0.019412592533381054
19,VOil_8,0.019211690513699732
20,VOil_8,0.01901305404133134
21,VOil_8,0.018816555212023384
22,VOil_8,0.018622124504211298
23,VOil_8,0.018429719210939968
24,VOil_8,0.018239308910102208
25,VOil_8,0.01805086882235911
26,VOil_8,0.01786437679663068
27,VOil_8,0.017679811952838957
28,VOil_8,0.017497154076360606
29,VOil_8,0.017316383350672263
30,VOil_8,0.017137480240660283
31,VOil_8,0.016960425442221292
32,VOil_8,0.016785199860553775
33,VOil_8,0.01661178460058588
34,VOil_8,0.01644016096236784
35,VOil_8,0.016270310438391077
36,VOil_8,0.016102214711589635
37,VOil_8,0.01593585565354103
38,VOil_8,0.01577121532269617
39,VOil_8,0.015608275962590401
40,VOil_8,0.015447020000031623
1,VNon_8,-0.14170409783654828
2,VNon_8,-0.030622947117166795
3,VNon_8,0.007812565164238835
4,VNon_8,0.02106082537434967
5,VNon_8,0.025598780861157182
6,VNon_8,0.027037128459200106
7,VNon_8,0.027362256618206914
8,VNon_8,0.027289990197127627
9,VNon_8,0.02707903781802546
10,VNon_8,0.026822118675266206
11,VNon_8,0.02655184729963727
12,VNon_8,0.02627934811762979
13,VNon_8,0.02600823302885355
14,VNon_8,0.02573957823112477
15,VNon_8,0.025473649613380684
16,VNon_8,0.02521047687171151
17,VNon_8,0.024950032428563286
18,VNon_8,0.02469228104864448
19,VNon_8,0.024437190375436523
20,VNon_8,0.024184731329474504
21,VNon_8,0.02393487679143194
22,VNon_8,0.023687600563836377
23,VNon_8,0.023442876820655115
24,VNon_8,0.02320067988458754
25,VNon_8,0.022960984172020086
26,VNon_8,0.02272376420726515
27,VNon_8,0.022488994656816228
28,VNon_8,0.02225665036288296
29,VNon_8,0.022026706369545276
30,VNon_8,0.02179913794087123
31,VNon_8,0.021573920572405158
32,VNon_8,0.021351029997799684
33,VNon_8,0.021130442192120086
34,VNon_8,0.020912133372964083
35,VNon_8,0.02069608000019076
36,VNon_8,0.02048225877478547
37,VNon_8,0.020270646637199036
38,VNon_8,0.020061220765375067
39,VNon_8,0.019853958572597363
40,VNon_8,0.0196488377052389
1,PIV_9,0.19159069131525486
2,PIV_9,0.1390126675336205
3,PIV_9,0.07758308150705553
4,PIV_9,0.03655105136584648
5,PIV_9,0.01307090772149873
6,PIV_9,0.000615875228326483
7,PIV_9,-0.00568315603394898
8,PIV_9,-0.00874984231838267
9,PIV_9,-0.010181880323190706
10,PIV_9,-0.01080790432174514
11,PIV_9,-0.011043755072983084
12,PIV_9,-0.011093487772418736
13,PIV_9,-0.011055634180328023
14,PIV_9,-0.01097720476974473
15,PIV_9,-0.010880422844391684
16,PIV_9,-0.010775717353031433
17,PIV_9,-0.010667952432836459
18,PIV_9,-0.010559383820796318
19,PIV_9,-0.010451050887597384
20,PIV_9,-0.010343428063354173
21,PIV_9,-0.01023672821900593
22,PIV_9,-0.010131043427866993
23,PIV_9,-0.01002641008875585
24,PIV_9,-0.009922838992219133
25,PIV_9,-0.009820329182454648
26,PIV_9,-0.009718874343848539
27,PIV_9,-0.009618465743354574
28,PIV_9,-0.009519093586978599
29,PIV_9,-0.009420747645938145
30,PIV_9,-0.009323417546198988
31,PIV_9,-0.009227092902581526
32,PIV_9,-0.009131763380901648
33,PIV_9,-0.009037418726661379
34,PIV_9,-0.008944048778110638
35,PIV_9,-0.008851643471959166
36,PIV_9,-0.008760192845604598
37,PIV_9,-0.008669687037694421
38,PIV_9,-0.00858011628788394
39,PIV_9,-0.008491470936203258
40,PIV_9,-0.00840374142223376
1,VOil_9,-0.1892874407701559
2,VOil_9,-0.05409893710074234
3,VOil_9,-0.014373614096917453
4,VOil_9,0.005578996867528708
5,VOil_9,0.01530446479620086
6,VOil_9,0.0198922468927955
7,VOil_9,0.021956893299754265
8,VOil_9,0.022804283697833737
9,VOil_9,0.023072838310571196
10,VOil_9,0.023069615145837816
11,VOil_9,0.02294046691926338
12,VOil_9,0.02275401306945238
13,VOil_9,0.022542298710189253
14,VOil_9,0.02232020173237414
15,VOil_9,0.022094596048946615
16,VOil_9,0.021868642495039343
17,VOil_9,0.021643785597507546
18,VOil_9,0.021420678452894526
19,VOil_9,0.021199609700864173
20,VOil_9,0.02098070021824628
21,VOil_9,0.020763993637129052
22,VOil_9,0.020549498003725842
23,VOil_9,0.020337204973848215
24,VOil_9,0.020127098679072853
25,VOil_9,0.01991915983718551
26,VOil_9,0.01971336766759842
27,VOil_9,0.019509700789739
28,VOil_9,0.019308137647669813
29,VOil_9,0.019108656712432674
30,VOil_9,0.018911236579164648
31,VOil_9,0.018715856013846233
32,VOil_9,0.018522493975625613
33,VOil_9,0.018331129627124784
34,VOil_9,0.018141742338736826
35,VOil_9,0.017954311689869808
36,VOil_9,0.017768817468615045
37,VOil_9,0.017585239670592438
38,VOil_9,0.017403558497362605
39,VOil_9,0.01722375435461215
40,VOil_9,0.017045807850222503
1,VNon_9,-0.1880454581773743
2,VNon_9,-0.09590670871629885
3,VNon_9,-0.03755502150137233
4,VNon_9,-0.005228929508765934
5,VNon_9,0.01155443002481
6,VNon_9,0.019877717647486418
7,VNon_9,0.02382822298827181
8,VNon_9,0.025592076055797764
9,VNon_9,0.026287431224965567
10,VNon_9,0.026469745710984517
11,VNon_9,0.026409403542041607
12,VNon_9,0.026236096547393263
13,VNon_9,0.026011350179046034
14,VNon_9,0.025764105150667935
15,VNon_9,0.02550788243636371
16,VNon_9,0.025248961676728948
17,VNon_9,0.024990241595099355
18,VNon_9,0.024733049298076296
19,VNon_9,0.024477983682703267
20,VNon_9,0.024225307000734383
21,VNon_9,0.02397512611864673
22,VNon_9,0.023727476265119916
23,VNon_9,0.023482359687535773
24,VNon_9,0.023239763494638247
25,VNon_9,0.022999667899794705
26,VNon_9,0.02276205003670051
27,VNon_9,0.022526885730824984
28,VNon_9,0.02229415032500167
29,VNon_9,0.02206381906592439
30,VNon_9,0.021835867285843896
31,VNon_9,0.021610270488144893
32,VNon_9,0.021387004387451745
33,VNon_9,0.02116604492801334
34,VNon_9,0.02094736829159384
35,VNon_9,0.02073095090022849
36,VNon_9,0.0205167694164337
37,VNon_9,0.02030480074213913
38,VNon_9,0.020095022016972747
39,VNon_9,0.019887410616217984
40,VNon_9,0.01968194414860706
1,PIV_10,0.19159150051471519
2,PIV_10,0.1389640889739061
3,PIV_10,0.07755681552743372
4,PIV_10,0.03653920136950529
5,PIV_10,0.013067183007104235
6,PIV_10,0.0006164218223858827
7,PIV_10,-0.005680464001760469
8,PIV_10,-0.008746113243545827
9,PIV_10,-0.010177672224279035
10,PIV_10,-0.01080349149997913
11,PIV_10,-0.01103927000538299
12,PIV_10,-0.011088993524794184
13,PIV_10,-0.011051160362469363
14,PIV_10,-0.01097276504919477
15,PIV_10,-0.010876023358846127
16,PIV_10,-0.010771360708766936
17,PIV_10,-0.010663639589877325
18,PIV_10,-0.010555114976160752
19,PIV_10,-0.010446825887091254
20,PIV_10,-0.010339246592824359
21,PIV_10,-0.010232589892900436
22,PIV_10,-0.010126947830146593
23,PIV_10,-0.010022356791756643
24,PIV_10,-0.009918827565331566
25,PIV_10,-0.009816359196104737
26,PIV_10,-0.009714945371313016
27,PIV_10,-0.009614577361577108
28,PIV_10,-0.00951524537692485
29,PIV_10,-0.009416939192737676
30,PIV_10,-0.009319648439188432
31,PIV_10,-0.009223362735301876
32,PIV_10,-0.009128071751074374
33,PIV_10,-0.009033765236154626
34,PIV_10,-0.00894043303290102
35,PIV_10,-0.008848065082091634
36,PIV_10,-0.008756651425151547
37,PIV_10,-0.008666182204714703
38,PIV_10,-0.008576647664381978
39,PIV_10,-0.008488038148088468
40,PIV_10,-0.008400344099280267
1,VOil_10,-0.24509797519332305
2,VOil_10,-0.010074585493698971
3,VOil_10,0.04230282690308665
4,VOil_10,0.047305345488255005
5,VOil_10,0.04250835345706519
6,VOil_10,0.03752794196639848
7,VOil_10,0.03407717766624771
8,VOil_10,0.03194340369563552
9,VOil_10,0.03065109562588514
10,VOil_10,0.029837310543662576
11,VOil_10,0.02927974033244613
12,VOil_10,0.02885483834530801
13,VOil_10,0.028497596050234837
14,VOil_10,0.02817497675901841
15,VOil_10,0.02787058734378586
16,VOil_10,0.02757643019618918
17,VOil_10,0.027288649477009132
18,VOil_10,0.02700539893037403
19,VOil_10,0.026725794757240143
20,VOil_10,0.026449409262180007
21,VOil_10,0.026176028982886575
22,VOil_10,0.025905540323172396
23,VOil_10,0.025637875949744617
24,VOil_10,0.02537298986981513
25,VOil_10,0.025110845932947868
26,VOil_10,0.024851412567857598
27,VOil_10,0.024594660393408015
28,VOil_10,0.02434056114434874
29,VOil_10,0.024089087193372646
30,VOil_10,0.023840211340994375
31,VOil_10,0.023593906724269392
32,VOil_10,0.02335014677743075
33,VOil_10,0.023108905214732856
34,VOil_10,0.022870156022510378
35,VOil_10,0.02263387345488884
36,VOil_10,0.022400032030833673
37,VOil_10,0.022168606531621112
38,VOil_10,0.021939571998394546
39,VOil_10,0.021712903729703224
40,VOil_10,0.021488577279004672
1,VNon_10,-0.2449740397483454
2,VNon_10,-0.014173219213503393
3,VNon_10,0.0400299963646477
4,VNon_10,0.046245379926748716
5,VNon_10,0.04214020789281262
6,VNon_10,0.03752595332627149
7,VNon_10,0.03426004372441916
8,VNon_10,0.03221610505915656
9,VNon_10,0.030965636371684212
10,VNon_10,0.03017004259796044
11,VNon_10,0.02961922196610845
12,VNon_10,0.02919561399622226
13,VNon_10,0.028837099727034732
14,VNon_10,0.028512020854923378
15,VNon_10,0.028204635767408247
16,VNon_10,0.027907252545635315
17,VNon_10,0.027616157882534565
18,VNon_10,0.027329571584640368
19,VNon_10,0.027046640262474143
20,VNon_10,0.026766950077469275
21,VNon_10,0.026490293765445077
22,VNon_10,0.02621656039484175
23,VNon_10,0.025945683670913815
24,VNon_10,0.025677617893137668
25,VNon_10,0.0254123268621166
26,VNon_10,0.025149778802624416
27,VNon_10,0.024889944060169575
28,VNon_10,0.0246327940660292
29,VNon_10,0.024378300877354084
30,VNon_10,0.024126436975336066
31,VNon_10,0.023877175177732125
32,VNon_10,0.023630488601243786
33,VNon_10,0.0233863506451524
34,VNon_10,0.023144734983730285
35,VNon_10,0.02290561556209938
36,VNon_10,0.022668966593333468
37,VNon_10,0.02243476255593753
38,VNon_10,0.02220297819139189
39,VNon_10,0.021973588501668247
40,VNon_10,0.02174656874670539
1,PIV_11,0.19159085216923982
2,PIV_11,0.13900349100514353
3,PIV_11,0.07757801718657871
4,PIV_11,0.0365487079675359
5,PIV_11,0.013070114225957915
6,PIV_11,0.0006159014911277847
7,PIV_11,-0.005682716166116904
8,PIV_11,-0.008749201634777841
9,PIV_11,-0.010181146285967106
10,PIV_11,-0.010807129870201793
11,PIV_11,-0.011042965816890103
12,PIV_11,-0.011092695920553751
13,PIV_11,-0.011054845473418064
14,PIV_11,-0.010976421863357545
15,PIV_11,-0.010879646935878418
16,PIV_11,-0.010774948955516313
17,PIV_11,-0.01066719174036688
18,PIV_11,-0.010558630879493514
19,PIV_11,-0.010450305675466613
20,PIV_11,-0.010342690527350847
21,PIV_11,-0.01023599829219482
22,PIV_11,-0.010130321037345253
23,PIV_11,-0.010025695159303249
24,PIV_11,-0.009922131447975855
25,PIV_11,-0.009819628947690036
26,PIV_11,-0.00971818134331113
27,PIV_11,-0.009617779902429414
28,PIV_11,-0.00951841483175576
29,PIV_11,-0.009420075903240316
30,PIV_11,-0.009322752743590217
31,PIV_11,-0.009226434968367178
32,PIV_11,-0.009131112244124407
33,PIV_11,-0.009036774317095344
34,PIV_11,-0.00894341102625459
35,PIV_11,-0.00885101230902954
36,PIV_11,-0.00875956820352822
37,PIV_11,-0.008669068849101307
38,PIV_11,-0.00857950448610007
39,PIV_11,-0.008490865455243437
40,PIV_11,-0.008403142196794475
1,VOil_11,-0.15347301685465936
2,VOil_11,-0.05956661738376801
3,VOil_11,-0.01874449725457376
4,VOil_11,0.0046302897634758885
5,VOil_11,0.017066322882830044
6,VOil_11,0.02330550745125614
7,VOil_11,0.026262566027115773
8,VOil_11,0.027552449627458144
9,VOil_11,0.02801884618254896
10,VOil_11,0.028086821081398376
11,VOil_11,0.027965423480765205
12,VOil_11,0.02775573313186114
13,VOil_11,0.027506019101756245
14,VOil_11,0.02723911404108439
15,VOil_11,0.026965736845940644
16,VOil_11,0.026690885963263588
17,VOil_11,0.026416875592575287
18,VOil_11,0.026144766333179584
19,VOil_11,0.025875035338570326
20,VOil_11,0.025607888869517367
21,VOil_11,0.025343407617352626
22,VOil_11,0.025081614141399314
23,VOil_11,0.02482250413571085
24,VOil_11,0.024566060927990407
25,VOil_11,0.02431226221131653
26,VOil_11,0.024061083176965647
27,VOil_11,0.02381249797740415
28,VOil_11,0.023566480412505766
29,VOil_11,0.02332300425300352
30,VOil_11,0.02308204339360065
31,VOil_11,0.02284357192552436
32,VOil_11,0.02260756417064276
33,VOil_11,0.022373994697045173
34,VOil_11,0.022142838325573108
35,VOil_11,0.021914070131873544
36,VOil_11,0.021687665446207566
37,VOil_11,0.021463599852119503
38,VOil_11,0.021241849184523865
39,VOil_11,0.021022389527495113
40,VOil_11,0.020805197211908943
1,VNon_11,-0.15293016420458996
2,VNon_11,-0.07732535581976921
3,VNon_11,-0.028591442858868284
4,VNon_11,3.913327770224097e-5
5,VNon_11,0.015473090687436509
6,VNon_11,0.02329897598704771
7,VNon_11,0.027057076670324268
8,VNon_11,0.028736240670361506
9,VNon_11,0.029383928481839544
10,VNon_11,0.029530715766375486
11,VNon_11,0.029438547654188487
12,VNon_11,0.029234445003486903
13,VNon_11,0.02897919893610733
14,VNon_11,0.02870161541474605
15,VNon_11,0.028415236732499818
16,VNon_11,0.02812638607478665
17,VNon_11,0.027837995322621423
18,VNon_11,0.02755141136625942
19,VNon_11,0.027267243143404226
20,VNon_11,0.02698575696500191
21,VNon_11,0.02670706038185074
22,VNon_11,0.026431187499468812
23,VNon_11,0.02615813851103171
24,VNon_11,0.025887898009111013
25,VNon_11,0.02562044347283538
26,VNon_11,0.02535574920786848
27,VNon_11,0.025093788180235124
28,VNon_11,0.02483453287285153
29,VNon_11,0.02457795568719604
30,VNon_11,0.024324029132345555
31,VNon_11,0.02407272591402175
32,VNon_11,0.023824018976260596
33,VNon_11,0.02357788152042413
34,VNon_11,0.023334287013257432
35,VNon_11,0.02309320918958457
36,VNon_11,0.022854622052346975
37,VNon_11,0.02261849987130957
38,VNon_11,0.022384817181093846
39,VNon_11,0.022153548778870612
40,VNon_11,0.02192466972188442
1,PIV_12,0.1915906663232751
2,PIV_12,0.13901684740230152
3,PIV_12,0.07758545698932078
4,PIV_12,0.03655222501125162
5,PIV_12,0.01307139437305945
6,PIV_12,0.0006159974525678251
7,PIV_12,-0.0056832184265414145
8,PIV_12,-0.008749995035290864
9,PIV_12,-0.010182075729111874
10,PIV_12,-0.010808118948149741
11,PIV_12,-0.011043977565368977
12,PIV_12,-0.011093712714520273
13,PIV_12,-0.01105585902044255
14,PIV_12,-0.010977428321576194
15,PIV_12,-0.01088064456651145
16,PIV_12,-0.0107759370063636
17,PIV_12,-0.010668169919214357
18,PIV_12,-0.010559599107368575
19,PIV_12,-0.010451263971616439
20,PIV_12,-0.01034363895584275
21,PIV_12,-0.010236936937205437
22,PIV_12,-0.010131249991755322
23,PIV_12,-0.010026614519445259
24,PIV_12,-0.009923041311220598
25,PIV_12,-0.009820529411340973
26,PIV_12,-0.00971907250410067
27,PIV_12,-0.009618661856292154
28,PIV_12,-0.009519287673729155
29,PIV_12,-0.00942093972742405
30,PIV_12,-0.00932360764313265
31,PIV_12,-0.00922728103546427
32,PIV_12,-0.009131949570024405
33,PIV_12,-0.009037602992106101
34,PIV_12,-0.008944231139752137
35,PIV_12,-0.008851823949467093
36,PIV_12,-0.008760371458445451
37,PIV_12,-0.008669863805133621
38,PIV_12,-0.008580291228987872
39,PIV_12,-0.008491644069841351
40,PIV_12,-0.008403912767080475
1,VOil_12,-0.15601089185209813
2,VOil_12,-0.04199880118622602
3,VOil_12,-0.012628160817562255
4,VOil_12,0.0024031362406423326
5,VOil_12,0.009829673776332783
6,VOil_12,0.013361222349050777
7,VOil_12,0.014964689413214768
8,VOil_12,0.015635079642291543
9,VOil_12,0.015861043448166672
10,VOil_12,0.01587802162635321
11,VOil_12,0.0157979713810692
12,VOil_12,0.01567362233533988
13,VOil_12,0.01552962767802281
14,VOil_12,0.01537744607420908
15,VOil_12,0.015222376185905554
16,VOil_12,0.015066855447393977
17,VOil_12,0.014911997568427673
18,VOil_12,0.014758305741792889
19,VOil_12,0.01460600226090474
20,VOil_12,0.014455180424462564
21,VOil_12,0.014305874394272736
22,VOil_12,0.014158091274706673
23,VOil_12,0.01401182583162492
24,VOil_12,0.01386706724429572
25,VOil_12,0.013723802203858819
26,VOil_12,0.013582016336617174
27,VOil_12,0.01344169485881133
28,VOil_12,0.013302822878363778
29,VOil_12,0.013165385534102706
30,VOil_12,0.013029368059932019
31,VOil_12,0.012894755814191375
32,VOil_12,0.012761534292781332
33,VOil_12,0.0126296891346646
34,VOil_12,0.012499206123757723
35,VOil_12,0.01237007118909915
36,VOil_12,0.012242270404186883
37,VOil_12,0.012115789985914373
38,VOil_12,0.011990616293312042
39,VOil_12,0.011866735826197202
40,VOil_12,0.011744135223783397
1,VNon_12,-0.15486638793254087
2,VNon_12,-0.07988907250363585
3,VNon_12,-0.03363743274831418
4,VNon_12,-0.007392100863791322
5,VNon_12,0.006430974323559092
6,VNon_12,0.013347995913287067
7,VNon_12,0.016660609184029004
8,VNon_12,0.018161586002483243
9,VNon_12,0.018774357790079885
10,VNon_12,0.018959488460347708
11,VNon_12,0.018941797393087788
12,VNon_12,0.01882936384326336
13,VNon_12,0.01867355889507341
14,VNon_12,0.018498586284417234
15,VNon_12,0.01831576887344014
16,VNon_12,0.018130370654880767
17,VNon_12,0.017944823269714808
18,VNon_12,0.017760240762750096
19,VNon_12,0.017577126612149135
20,VNon_12,0.017395702244029015
21,VNon_12,0.01721605912924204
22,VNon_12,0.017038229007533948
23,VNon_12,0.016862216243897884
24,VNon_12,0.016688012715842027
25,VNon_12,0.01651560465740406
26,VNon_12,0.01634497580466263
27,VNon_12,0.016176108841758824
28,VNon_12,0.016008986066037467
29,VNon_12,0.015843589694166747
30,VNon_12,0.015679902002963014
31,VNon_12,0.015517905393941435
32,VNon_12,0.015357582422556033
33,VNon_12,0.015198915811022746
34,VNon_12,0.015041888453467928
35,VNon_12,0.014886483417466604
36,VNon_12,0.014732683943871115
37,VNon_12,0.014580473445825689
38,VNon_12,0.014429835507392809
39,VNon_12,0.014280753881996379
40,VNon_12,0.014133212490781344
1,C_f,0.21120228864169333
2,C_f,0.1006969080101137
3,C_f,0.05112237750866255
4,C_f,0.028901474983872966
5,C_f,0.018905889134993466
6,C_f,0.01437458995282204
7,C_f,0.012286212370888831
8,C_f,0.011290538573309911
9,C_f,0.01078410670022183
10,C_f,0.01049715672162257
11,C_f,0.01030906514081854
12,C_f,0.010165871627965525
13,C_f,0.010043421626545018
14,C_f,0.009930891877559227
15,C_f,0.009823424803477882
16,C_f,0.00971883423141648
17,C_f,0.009616131317271556
18,C_f,0.009514864521553208
19,C_f,0.00941482382636919
20,C_f,0.009315908032208945
21,C_f,0.009218065130979572
22,C_f,0.009121265461045231
23,C_f,0.009025489589846612
24,C_f,0.00893072282574253
25,C_f,0.008836952721319402
26,C_f,0.008744167931023243
27,C_f,0.008652357684515437
28,C_f,0.008561511541467795
29,C_f,0.00847161927587818
30,C_f,0.008382670820501457
31,C_f,0.008294656239475704
32,C_f,0.008207565714340836
33,C_f,0.008121389536514641
34,C_f,0.008036118102937083
35,C_f,0.007951741913300312
36,C_f,0.007868251568090373
37,C_f,0.0077856377670551
38,C_f,0.007703891307902436
39,C_f,0.00762300308512776
40,C_f,0.007542964088916669
1,C_g_f,0.32329149449842515
2,C_g_f,0.15278820914528168
3,C_g_f,0.0765583145428807
4,C_g_f,0.0424968414219711
5,C_g_f,0.027248579835204
6,C_g_f,0.02038535899862702
7,C_g_f,0.017255075894710536
8,C_g_f,0.015784484929555937
9,C_g_f,0.015050767666534846
10,C_g_f,0.014643809250939941
11,C_g_f,0.014381713544238109
12,C_g_f,0.014184015853268799
13,C_g_f,0.014015243244641607
14,C_g_f,0.013859827646533535
15,C_g_f,0.013710976512060796
16,C_g_f,0.013565748070134253
17,C_g_f,0.013422879517384044
18,C_g_f,0.013281833639650607
19,C_g_f,0.013142382913802327
20,C_g_f,0.013004429646937498
21,C_g_f,0.012867929141414304
22,C_g_f,0.012732857450035549
23,C_g_f,0.012599198201328515
24,C_g_f,0.012466937441143213
25,C_g_f,0.012336061757894451
26,C_g_f,0.012206557698763184
27,C_g_f,0.012078411658564684
28,C_g_f,0.011951609918250757
29,C_g_f,0.011826138713883601
30,C_g_f,0.011701984297717146
31,C_g_f,0.011579132983039734
32,C_g_f,0.011457571174248686
33,C_g_f,0.011337285385887767
34,C_g_f,0.01121826225413219
35,C_g_f,0.01110048854335278
36,C_g_f,0.010983951149570344
37,C_g_f,0.010868637101985447
38,C_g_f,0.010754533563334924
39,C_g_f,0.010641627829542411
40,C_g_f,0.01052990732894917
1,C_s_f,0.06261250111674792
2,C_s_f,0.03106740741081909
3,C_s_f,0.016835204811337413
4,C_s_f,0.010451916188644427
5,C_s_f,0.007577548707257028
6,C_s_f,0.006269345926445605
7,C_s_f,0.005659049383836505
8,C_s_f,0.00535923585965601
9,C_s_f,0.005197341287838116
10,C_s_f,0.005096666092121094
11,C_s_f,0.005023209723893262
12,C_s_f,0.004961950776204692
13,C_s_f,0.004906281723116448
14,C_s_f,0.004853312426455813
15,C_s_f,0.004801787761081441
16,C_s_f,0.004751167372102315
17,C_s_f,0.00470122078793124
18,C_s_f,0.004651850333783503
19,C_s_f,0.004603014307716682
20,C_s_f,0.004554694030946925
21,C_s_f,0.004506879945537241
22,C_s_f,0.004459565889978892
23,C_s_f,0.004412746830502217
24,C_s_f,0.004366418018611672
25,C_s_f,0.004320574715950732
26,C_s_f,0.004275212131209707
27,C_s_f,0.004230325427227913
28,C_s_f,0.004185909744926748
29,C_s_f,0.004141960226163027
30,C_s_f,0.004098472031012225
31,C_s_f,0.0040554403495542055
32,C_s_f,0.004012860409423831
33,C_s_f,0.003970727480418356
34,C_s_f,0.003929036877169303
35,C_s_f,0.0038877839605837385
36,C_s_f,0.0038469641385205796
37,C_s_f,0.003806572865999019
38,C_s_f,0.003766605645124523
39,C_s_f,0.0037270580248464115
40,C_s_f,0.003687925600616353
1,CFs_f,-0.17842431028266573
2,CFs_f,-0.047437177690612786
3,CFs_f,-0.007489343771564288
4,CFs_f,0.00820049477296396
5,CFs_f,0.01432389851627138
6,CFs_f,0.01665276820646507
7,CFs_f,0.017471286987125443
8,CFs_f,0.01768738650503519
9,CFs_f,0.017663127732290996
10,CFs_f,0.017543298512724827
11,CFs_f,0.017385965379567686
12,CFs_f,0.017214493150052707
13,CFs_f,0.017038322520152308
14,CFs_f,0.01686128799824968
15,CFs_f,0.016684956287722343
16,CFs_f,0.016509970478052166
17,CFs_f,0.01633659374347791
18,CFs_f,0.016164930734418863
19,CFs_f,0.01599501862939101
20,CFs_f,0.01582686513349763
21,CFs_f,0.01566046466895224
22,CFs_f,0.015495805470006018
23,CFs_f,0.015332872804607229
24,CFs_f,0.015171650499361315
25,CFs_f,0.015012121693999516
26,CFs_f,0.014854269230847886
27,CFs_f,0.014698075863381468
28,CFs_f,0.014543524371081046
29,CFs_f,0.014390597623848844
30,CFs_f,0.01423927861841039
31,CFs_f,0.01408955049879234
32,CFs_f,0.013941396567601723
33,CFs_f,0.013794800291936107
34,CFs_f,0.01364974530614139
35,CFs_f,0.013506215412714087
36,CFs_f,0.013364194582111922
37,CFs_f,0.013223666951924675
38,CFs_f,0.013084616825672803
39,CFs_f,0.012947028671392722
40,CFs_f,0.012810887120102815
1,CFg_f,-0.17839599493693098
2,CFg_f,-0.06803470584580883
3,CFg_f,-0.019104913855575806
4,CFg_f,0.002657696884644871
5,CFg_f,0.012293729711409716
6,CFg_f,0.01650750924621816
7,CFg_f,0.018292261440649455
8,CFg_f,0.018986697843927838
9,CFg_f,0.019190790834151695
10,CFg_f,0.01917410691666037
11,CFg_f,0.01905813830046426
12,CFg_f,0.018897852169917892
13,CFg_f,0.018718235815197534
14,CFg_f,0.01853071335778707
15,CFg_f,0.01834054272154759
16,CFg_f,0.01815016122905782
17,CFg_f,0.017960706079281828
18,CFg_f,0.017772709553312515
19,CFg_f,0.017586419291945887
20,CFg_f,0.01740194722637499
21,CFg_f,0.017219339618068336
22,CFg_f,0.01703861044170051
23,CFg_f,0.01685975754461823
24,CFg_f,0.01668277060590782
25,CFg_f,0.016507635130711015
26,CFg_f,0.016334334494258796
27,CFg_f,0.016162851008363226
28,CFg_f,0.015993166488195536
29,CFg_f,0.015825262558495475
30,CFg_f,0.01565912082127416
31,CFg_f,0.015494722948562464
32,CFg_f,0.01533205073393915
33,CFg_f,0.01517108612107204
34,CFg_f,0.015011811219289658
35,CFg_f,0.014854208311766098
36,CFg_f,0.01469825985946837
37,CFg_f,0.014543948502660733
38,CFg_f,0.014391257060996839
39,CFg_f,0.01424016853279581
40,CFg_f,0.01409066609384853
1,PV_f,0.3901341880639182
2,PV_f,0.1691795974611009
3,PV_f,0.07031870388262015
4,PV_f,0.026196888760138835
5,PV_f,0.006533293830519288
6,PV_f,-0.002201881107197476
7,PV_f,-0.006053764288439811
8,PV_f,-0.007723472188350653
9,PV_f,-0.008418076107998208
10,PV_f,-0.008677090774618108
11,PV_f,-0.00874172164828928
12,PV_f,-0.008719844079977983
13,PV_f,-0.008659725104904453
14,PV_f,-0.008582972642144129
15,PV_f,-0.008499265715372673
16,PV_f,-0.008412942114619083
17,PV_f,-0.008325945975936265
18,PV_f,-0.008239147505120429
19,PV_f,-0.008152934370752226
20,PV_f,-0.008067477021476525
21,PV_f,-0.007982847894498159
22,PV_f,-0.007899075082007342
23,PV_f,-0.00781616655314778
24,PV_f,-0.00773412112264974
25,PV_f,-0.0076529334389243584
26,PV_f,-0.007572596264623421
27,PV_f,-0.007493101526264326
28,PV_f,-0.007414440801216834
29,PV_f,-0.007336605545767911
30,PV_f,-0.007259587203022627
31,PV_f,-0.0071833772544593905
32,PV_f,-0.007107967244736407
33,PV_f,-0.007033348793616218
34,PV_f,-0.006959513601585525
35,PV_f,-0.006886453452335055
36,PV_f,-0.006814160213647404
37,PV_f,-0.006742625837463797
38,PV_f,-0.006671842359521092
39,PV_f,-0.006601801898761657
40,PV_f,-0.00653249665662304
1,p_g_f,-0.11208852244073284
2,p_g_f,-0.05229674540644959
3,p_g_f,-0.02568083068568053
4,p_g_f,-0.013795924511007635
5,p_g_f,-0.00847807635731737
6,p_g_f,-0.0060869125731125235
7,p_g_f,-0.004999508591400549
8,p_g_f,-0.004492608027789127
9,p_g_f,-0.004244060665346975
10,p_g_f,-0.004110478032888513
11,p_g_f,-0.004028098987601908
12,p_g_f,-0.003968606211843586
13,p_g_f,-0.003919444137318152
14,p_g_f,-0.003875057451160254
15,p_g_f,-0.0038329945550127013
16,p_g_f,-0.0037921768025388795
17,p_g_f,-0.003752131015704033
18,p_g_f,-0.003712649917788378
19,p_g_f,-0.0036736423490944573
20,p_g_f,-0.003635067467540344
21,p_g_f,-0.003596906005469769
22,p_g_f,-0.003559147811113859
23,p_g_f,-0.0035217865073053347
24,p_g_f,-0.003484817237280069
25,p_g_f,-0.003448235735282974
26,p_g_f,-0.0034120379570567504
27,p_g_f,-0.003376219941625896
28,p_g_f,-0.0033407777653092644
29,p_g_f,-0.003305707530385793
30,p_g_f,-0.0032710053653756937
31,p_g_f,-0.0032366674282286088
32,p_g_f,-0.0032026899094631227
33,p_g_f,-0.0031690690344892912
34,p_g_f,-0.0031358010650971552
35,p_g_f,-0.0031028823002963554
36,p_g_f,-0.0030703090767034693
37,p_g_f,-0.0030380777686322405
38,p_g_f,-0.003006184787995811
39,p_g_f,-0.0029746265840932306
40,p_g_f,-0.0029433996433264192
1,p_s_f,0.1485911101139515
2,p_s_f,0.06959836817627667
3,p_s_f,0.03423511745099454
4,p_s_f,0.018401126097892493
5,p_s_f,0.01129184217556293
6,p_s_f,0.008081178540300687
7,p_s_f,0.006613230488861766
8,p_s_f,0.005924744310949143
9,p_s_f,0.005585230656938008
10,p_s_f,0.005402231158853035
11,p_s_f,0.005289662393666824
12,p_s_f,0.005208995386399876
13,p_s_f,0.005142969727566655
14,p_s_f,0.005083842988638242
15,p_s_f,0.005028135546158209
16,p_s_f,0.004974278955516193
17,p_s_f,0.0049215628156667295
18,p_s_f,0.004869662660987306
19,p_s_f,0.004818428037672014
20,p_s_f,0.00476778720692812
21,p_s_f,0.0047177041941160935
22,p_s_f,0.004668159372768148
23,p_s_f,0.004619140653662022
24,p_s_f,0.004570639466565135
25,p_s_f,0.004522648916057095
26,p_s_f,0.004475162928337363
27,p_s_f,0.0044281758525175925
28,p_s_f,0.004381682271957434
29,p_s_f,0.004335676913599865
30,p_s_f,0.004290154603559879
31,p_s_f,0.004245110244844113
32,p_s_f,0.004200538805828341
33,p_s_f,0.0041564353140581215
34,p_s_f,0.004112794852735024
35,p_s_f,0.004069612558585907
36,p_s_f,0.0040268836204597844
37,p_s_f,0.003984603278315911
38,p_s_f,0.00394276682242704
39,p_s_f,0.0039013695927039094
40,p_s_f,0.0038604069780899743
1,r_f,-0.22101067202994396
2,r_f,-0.09914896819687254
3,r_f,-0.04444173080475533
4,r_f,-0.019991112301899948
5,r_f,-0.009062550847655624
6,r_f,-0.004176717150516617
7,r_f,-0.0019913171844780143
8,r_f,-0.0010128394176323028
9,r_f,-0.0005738804943634326
10,r_f,-0.0003761675913399897
11,r_f,-0.00028637456949157347
12,r_f,-0.0002448900378694486
13,r_f,-0.0002250515259943326
14,r_f,-0.0002149277705808876
15,r_f,-0.0002091760420573612
16,r_f,-0.0002054017466374991
17,r_f,-0.00020253032611481565
18,r_f,-0.00020007877811053989
19,r_f,-0.0001978294985144838
20,r_f,-0.00019568413061394206
21,r_f,-0.00019359800239284334
22,r_f,-0.00019155067241656806
23,r_f,-0.00018953267222362238
24,r_f,-0.00018753952405862903
25,r_f,-0.0001855690327622159
26,r_f,-0.0001836200547515303
27,r_f,-0.00018169193548402026
28,r_f,-0.0001797842506902222
29,r_f,-0.00017789668636223292
30,r_f,-0.00017602898253853846
31,r_f,-0.00017418090665936273
32,r_f,-0.00017235224076408748
33,r_f,-0.00017054277524447572
34,r_f,-0.00016875230574503293
35,r_f,-0.00016698063159707084
36,r_f,-0.00016522755501229816
37,r_f,-0.00016349288065873433
38,r_f,-0.0001617764154320783
39,r_f,-0.0001600779683283588
40,r_f,-0.00015839735036959942
1,N_f,-0.12177227629862707
2,N_f,-0.060285579444896084
3,N_f,-0.03265369600170121
4,N_f,-0.020238449035225394
5,N_f,-0.014626064739987942
6,N_f,-0.012055975399491572
7,N_f,-0.010847227520270513
8,N_f,-0.010248276155057896
9,N_f,-0.009922989604892718
10,N_f,-0.009720954149740165
11,N_f,-0.009574813605597497
12,N_f,-0.009454375191146214
13,N_f,-0.009346085524880195
14,N_f,-0.00924384783173867
15,N_f,-0.009144910757877694
16,N_f,-0.009048026195514225
17,N_f,-0.00895262289120482
18,N_f,-0.008858435178045436
19,N_f,-0.008765335852885787
20,N_f,-0.008673260755814646
21,N_f,-0.008582174621100789
22,N_f,-0.008492055549011881
23,N_f,-0.008402887906181574
24,N_f,-0.008314659056981831
25,N_f,-0.008227357845477384
26,N_f,-0.008140973882707576
27,N_f,-0.008055497207566834
28,N_f,-0.007970918122793654
29,N_f,-0.00788722711405608
30,N_f,-0.007804414809047031
31,N_f,-0.007722471956166092
32,N_f,-0.007641389412967761
33,N_f,-0.007561158139576675
34,N_f,-0.007481769194681591
35,N_f,-0.00740321373289659
36,N_f,-0.007325483002862721
37,N_f,-0.007248568345759385
38,N_f,-0.007172461194047744
39,N_f,-0.007097153070348982
40,N_f,-0.007022635586403462
1,Lab_costs_f,-1.091432849441458e-17
2,Lab_costs_f,-8.930746448778002e-18
3,Lab_costs_f,-6.900533484184301e-18
4,Lab_costs_f,-5.749052258914896e-18
5,Lab_costs_f,-5.131890230769976e-18
6,Lab_costs_f,-4.801493470024135e-18
7,Lab_costs_f,-4.617165004621864e-18
8,Lab_costs_f,-4.505066864514254e-18
9,Lab_costs_f,-4.428078077828843e-18
10,Lab_costs_f,-4.36803326233378e-18
11,Lab_costs_f,-4.3162053037236104e-18
12,Lab_costs_f,-4.2684562866412534e-18
13,Lab_costs_f,-4.222842752813356e-18
14,Lab_costs_f,-4.178457747328794e-18
15,Lab_costs_f,-4.13487931913816e-18
16,Lab_costs_f,-4.0919108134337224e-18
17,Lab_costs_f,-4.049459632303239e-18
18,Lab_costs_f,-4.007481023030547e-18
19,Lab_costs_f,-3.965952158830513e-18
20,Lab_costs_f,-3.924860240928609e-18
21,Lab_costs_f,-3.884197057225483e-18
22,Lab_costs_f,-3.843956501540807e-18
23,Lab_costs_f,-3.804133445598298e-18
24,Lab_costs_f,-3.764723227243403e-18
25,Lab_costs_f,-3.725721418645642e-18
26,Lab_costs_f,-3.687123721412303e-18
27,Lab_costs_f,-3.6489259191028275e-18
28,Lab_costs_f,-3.6111238556502624e-18
29,Lab_costs_f,-3.573713425450921e-18
30,Lab_costs_f,-3.536690568697924e-18
31,Lab_costs_f,-3.500051269066179e-18
32,Lab_costs_f,-3.4637915524496097e-18
33,Lab_costs_f,-3.4279074861685515e-18
34,Lab_costs_f,-3.3923951783874036e-18
35,Lab_costs_f,-3.357250777626862e-18
36,Lab_costs_f,-3.322470472319597e-18
37,Lab_costs_f,-3.2880504903868637e-18
38,Lab_costs_f,-3.2539870988262424e-18
39,Lab_costs_f,-3.220276603306301e-18
40,Lab_costs_f,-3.1869153477663718e-18
1,w_f,0.3006099196283524
2,w_f,0.14109524139330862
3,w_f,0.06958462819454612
4,w_f,0.03756244467220619
5,w_f,0.023186101624809878
6,w_f,0.016694858478050467
7,w_f,0.0137274747953914
8,w_f,0.012335370661029417
9,w_f,0.011647919863161575
10,w_f,0.011276100723708495
11,w_f,0.011046064501286538
12,w_f,0.010880103836467848
13,w_f,0.010743472870977176
14,w_f,0.010620626562914917
15,w_f,0.010504603330111485
16,w_f,0.010392279974023437
17,w_f,0.01028225054306044
18,w_f,0.010173877847712832
19,w_f,0.010066869156519135
20,w_f,0.009961086275293215
21,w_f,0.00985646047257443
22,w_f,0.009752954331929454
23,w_f,0.009650544623297107
24,w_f,0.009549214598269368
25,w_f,0.009448950516112112
26,w_f,0.009349740072363347
27,w_f,0.00925157168494226
28,w_f,0.009154434167874882
29,w_f,0.009058316580895053
30,w_f,0.008963208159235072
31,w_f,0.008869098280206537
32,w_f,0.008775976446793583
33,w_f,0.008683832279191235
34,w_f,0.008592655510100492
35,w_f,0.008502435981827103
36,w_f,0.008413163644263168
37,w_f,0.008324828553311266
38,w_f,0.008237420869537406
39,w_f,0.008150930856947186
40,w_f,0.008065348881831896
1,Y_f,0.2767730012959243
2,Y_f,0.12412817649747779
3,Y_f,0.05588154634713351
4,Y_f,0.025415228372877782
5,Y_f,0.01181796311177606
6,Y_f,0.00574989172298791
7,Y_f,0.0030408984922558066
8,Y_f,0.0018297670893760005
9,Y_f,0.001286143942453069
10,Y_f,0.0010397680693692145
11,Y_f,0.000925642721709656
12,Y_f,0.0008703016932223403
13,Y_f,0.0008410682197985163
14,Y_f,0.0008234282757445866
15,Y_f,0.0008109469054770954
16,Y_f,0.0008007779164393961
17,Y_f,0.0007916663613660667
18,Y_f,0.0007830611323918037
19,Y_f,0.0007747214283954128
20,Y_f,0.0007665426518345607
21,Y_f,0.0007584796294710852
22,Y_f,0.0007505128992174773
23,Y_f,0.0007426339944960643
24,Y_f,0.0007348390735084128
25,Y_f,0.0007271261929838864
26,Y_f,0.0007194941608910597
27,Y_f,0.0007119420655607022
28,Y_f,0.0007044690899028189
29,Y_f,0.0006970744429048274
30,Y_f,0.0006897573375721835
31,Y_f,0.0006825169861018191
32,Y_f,0.0006753526006778487
33,Y_f,0.0006682633955522108
34,Y_f,0.0006612485889745006
35,Y_f,0.0006543074046261484
36,Y_f,0.0006474390725801829
37,Y_f,0.0006406428298996803
38,Y_f,0.0006339179209866692
39,Y_f,0.0006272635977676422
40,Y_f,0.0006206791197755736
1,Ctot_f,0.18230717189302956
2,Ctot_f,0.08698852820795334
3,Ctot_f,0.044323998385686805
4,Ctot_f,0.025250396039235273
5,Ctot_f,0.016703880824274642
6,Ctot_f,0.012849644480442358
7,Ctot_f,0.011084281384547857
8,Ctot_f,0.01024750895694953
9,Ctot_f,0.009822919424043562
10,Ctot_f,0.009581067469889145
11,Ctot_f,0.00942023156885425
12,Ctot_f,0.009295443376443398
13,Ctot_f,0.009186897793489222
14,Ctot_f,0.009085914817549239
15,Ctot_f,0.008988714358644921
16,Ctot_f,0.008893663375253843
17,Ctot_f,0.008800063036053931
18,Ctot_f,0.00870761705271502
19,Ctot_f,0.008616200212111248
20,Ctot_f,0.00852575856346511
21,Ctot_f,0.008436266958365265
22,Ctot_f,0.008347711343912496
23,Ctot_f,0.008260081599004971
24,Ctot_f,0.008173368775582661
25,Ctot_f,0.008087564127157205
26,Ctot_f,0.008002658828943651
27,Ctot_f,0.007918643943752982
28,Ctot_f,0.007835510460293925
29,Ctot_f,0.007753249341716626
30,Ctot_f,0.007671851565660562
31,Ctot_f,0.007591308152779214
32,Ctot_f,0.007511610185549129
33,Ctot_f,0.00743274882003966
34,Ctot_f,0.0073547152929441225
35,Ctot_f,0.007277500925553792
36,Ctot_f,0.007201097125812312
37,Ctot_f,0.007125495389187253
38,Ctot_f,0.007050687298823127
39,Ctot_f,0.006976664525263089
40,Ctot_f,0.0069034188259149585
1,Ctots_f,0.0610185633842525
2,Ctots_f,0.030258290524414994
3,Ctots_f,0.016402161869127165
4,Ctots_f,0.010190148043518137
5,Ctots_f,0.0073939316822709536
6,Ctots_f,0.006121684902315741
7,Ctots_f,0.005528269233144465
8,Ctots_f,0.005236725655188024
9,Ctots_f,0.005079216013760337
10,Ctots_f,0.004981171508944961
11,Ctots_f,0.004909550967969193
12,Ctots_f,0.004849764422550787
13,Ctots_f,0.004795398165122488
14,Ctots_f,0.004743649054914138
15,Ctots_f,0.004693301000311466
16,Ctots_f,0.004643831169936269
17,Ctots_f,0.004595016982031178
18,Ctots_f,0.004546764343399899
19,Ctots_f,0.004499033210265782
20,Ctots_f,0.004451805704918977
21,Ctots_f,0.004405072689322064
22,Ctots_f,0.004358828252616919
23,Ctots_f,0.004313067536533928
24,Ctots_f,0.004267785934553121
25,Ctots_f,0.004222978835094162
26,Ctots_f,0.004178641566440453
27,Ctots_f,0.004134769407319235
28,Ctots_f,0.004091357612327839
29,Ctots_f,0.004048401435420069
30,Ctots_f,0.00400589614745449
31,Ctots_f,0.003963837048090603
32,Ctots_f,0.003922219473386711
33,Ctots_f,0.0038810388004298212
34,Ctots_f,0.003840290450021025
35,Ctots_f,0.003799969888127477
36,Ctots_f,0.0037600726265687944
37,Ctots_f,0.0037205942232357075
38,Ctots_f,0.0036815302820265424
39,Ctots_f,0.0036428764526154666
40,Ctots_f,0.003604628430121783
1,Ctotg_f,0.3096575839771873
2,Ctotg_f,0.14655413971493683
3,Ctotg_f,0.0736413665903596
4,Ctotg_f,0.04106335431231546
5,Ctotg_f,0.026479140657238158
6,Ctotg_f,0.019913867068419758
7,Ctotg_f,0.01691798268480886
8,Ctotg_f,0.015508730902878621
9,Ctotg_f,0.014803712841788658
10,Ctotg_f,0.014410865950737912
11,Ctotg_f,0.014156355711383097
12,Ctotg_f,0.013963317093622985
13,Ctotg_f,0.013797884305753724
14,Ctotg_f,0.013645206758472144
15,Ctotg_f,0.013498812214953415
16,Ctotg_f,0.013355901935295511
17,Ctotg_f,0.013215277035687409
18,Ctotg_f,0.013076428926964619
19,Ctotg_f,0.012939142969893161
20,Ctotg_f,0.012803327337698176
21,Ctotg_f,0.012668940071396876
22,Ctotg_f,0.012535958569110234
23,Ctotg_f,0.012404367183868165
24,Ctotg_f,0.012274152409080676
25,Ctotg_f,0.012145301156688926
26,Ctotg_f,0.01201780024126951
27,Ctotg_f,0.011891636299005916
28,Ctotg_f,0.01176679583950941
29,Ctotg_f,0.01164326532067238
30,Ctotg_f,0.011521031212340377
31,Ctotg_f,0.011400080042296408
32,Ctotg_f,0.011280398426841512
33,Ctotg_f,0.011161973090061167
34,Ctotg_f,0.011044790875419475
35,Ctotg_f,0.010928838752381188
36,Ctotg_f,0.010814103819902495
37,Ctotg_f,0.010700573307988152
38,Ctotg_f,0.010588234578071813
39,Ctotg_f,0.010477075122688907
40,Ctotg_f,0.010367082564729187
1,VA_f,0.26213724174313335
2,VA_f,0.11747374701574048
3,VA_f,0.05285159983553151
4,VA_f,0.024010278835327584
5,VA_f,0.011141304189401544
6,VA_f,0.00539971821697028
7,VA_f,0.0028372799289420264
8,VA_f,0.0016921713170762586
9,VA_f,0.0011785423392667476
10,VA_f,0.0009460473301670304
11,VA_f,0.0008385973873741274
12,VA_f,0.000786708782014463
13,VA_f,0.0007594843434367517
14,VA_f,0.0007432048461281786
15,VA_f,0.0007317901005884731
16,VA_f,0.0007225521680120809
17,VA_f,0.000714306651790403
18,VA_f,0.000706533883378123
19,VA_f,0.0006990070760373884
20,VA_f,0.0006916278928808543
21,VA_f,0.0006843539764185096
22,VA_f,0.000677167152769411
23,VA_f,0.0006700595678668639
24,VA_f,0.0006630276943962823
25,VA_f,0.0006560697725213531
26,VA_f,0.0006491847361482522
27,VA_f,0.0006423717742873156
28,VA_f,0.0006356301593054194
29,VA_f,0.0006289591844784716
30,VA_f,0.0006223581445107901
31,VA_f,0.0006158263317879587
32,VA_f,0.0006093630376137268
33,VA_f,0.0006029675544654266
34,VA_f,0.0005966391779905984
35,VA_f,0.0005903772084662447
36,VA_f,0.0005841809517688623
37,VA_f,0.000578049719978795
38,VA_f,0.0005719828317344029
39,VA_f,0.0005659796124233094
40,VA_f,0.000560039394270787
1,GDP_f,0.3914481311044014
2,GDP_f,0.17593180190407184
3,GDP_f,0.0798654370471389
4,GDP_f,0.03695214022305529
5,GDP_f,0.01776393904150175
6,GDP_f,0.009170868174455027
7,GDP_f,0.005312175639064866
8,GDP_f,0.00357058534057095
9,GDP_f,0.0027766240700048484
10,GDP_f,0.002407376880252692
11,GDP_f,0.0022288261630578274
12,GDP_f,0.002136127200555028
13,GDP_f,0.0020822403077889115
14,GDP_f,0.0020460214344779804
15,GDP_f,0.002017943347062014
16,GDP_f,0.0019936994335280744
17,GDP_f,0.001971334659539106
18,GDP_f,0.0019499563998022424
19,GDP_f,0.001929153858507997
20,GDP_f,0.0019087358410959383
21,GDP_f,0.0018886118693441634
22,GDP_f,0.0018687380237759977
23,GDP_f,0.0018490921216170017
24,GDP_f,0.0018296622528658293
25,GDP_f,0.0018104414355182054
26,GDP_f,0.0017914250949870457
27,GDP_f,0.00177260985913238
28,GDP_f,0.0017539929730911463
29,GDP_f,0.001735572010034334
30,GDP_f,0.0017173447254189643
31,GDP_f,0.0016993089820380527
32,GDP_f,0.0016814627106640058
33,GDP_f,0.0016638038889413064
34,GDP_f,0.0016463305298224076
35,GDP_f,0.0016290406750903564
36,GDP_f,0.0016119323916415837
37,GDP_f,0.0015950037692907982
38,GDP_f,0.0015782529194273598
39,GDP_f,0.0015616779741539552
40,GDP_f,0.00154527708570153
1,TB_f,8.077286248974584
2,TB_f,3.38401318334415
3,TB_f,1.305494730224488
4,TB_f,0.38023970096830995
5,TB_f,-0.0309296764618032
6,TB_f,-0.21272027020858092
7,TB_f,-0.29206675929427467
8,TB_f,-0.32561489291348755
9,TB_f,-0.3386693656635039
10,TB_f,-0.3425478416163097
11,TB_f,-0.3423195637672041
12,TB_f,-0.34025913237139593
13,TB_f,-0.3373894293904404
14,TB_f,-0.33417168663672525
15,TB_f,-0.3308145496573629
16,TB_f,-0.3274127424899347
17,TB_f,-0.3240094193875442
18,TB_f,-0.3206242812703173
19,TB_f,-0.3172663002849049
20,TB_f,-0.31393950509575197
21,TB_f,-0.31064562658207373
22,TB_f,-0.30738531663065094
23,TB_f,-0.30415871469609224
24,TB_f,-0.30096571407699163
25,TB_f,-0.29780608870562114
26,TB_f,-0.29467955443669885
27,TB_f,-0.29158579917677724
28,TB_f,-0.28852449796583446
29,TB_f,-0.2854953206672044
30,TB_f,-0.28249793595863626
31,TB_f,-0.2795320134359363
32,TB_f,-0.2765972247343479
33,TB_f,-0.2736932441288636
34,TB_f,-0.2708197488531627
35,TB_f,-0.26797641926417437
36,TB_f,-0.26516293892079723
37,TB_f,-0.2623789946143649
38,TB_f,-0.2596242763717784
39,TB_f,-0.2568984774430913
40,TB_f,-0.2542012942802565
1,M_f,0.29233907840129675
2,M_f,0.1312037853809646
3,M_f,0.059103853599187246
4,M_f,0.026910193817118032
5,M_f,0.012538852665659619
6,M_f,0.006123795683474124
7,M_f,0.0032590481699732395
8,M_f,0.0019777443535801136
9,M_f,0.0014022335299642503
10,M_f,0.0011410912445686168
11,M_f,0.0010198553686870066
12,M_f,0.0009608282360928616
13,M_f,0.0009294423281540782
14,M_f,0.0009103392040424554
15,M_f,0.0008967070038791043
16,M_f,0.0008855314059526597
17,M_f,0.0008754825076596725
18,M_f,0.0008659757965621148
19,M_f,0.0008567555789923949
20,M_f,0.0008477106026583283
21,M_f,0.0008387926998199393
22,M_f,0.000829981037112765
23,M_f,0.0008212664948359973
24,M_f,0.0008126448949110823
25,M_f,0.0008041140971699982
26,M_f,0.0007956727738772546
27,M_f,0.0007873199045699407
28,M_f,0.0007790545753419583
29,M_f,0.0007708759038960771
30,M_f,0.0007627830147359764
31,M_f,0.0007547750331873065
32,M_f,0.0007468510857211538
33,M_f,0.0007390103018467958
34,M_f,0.000731251815969161
35,M_f,0.0007235747687954539
36,M_f,0.0007159783082833891
37,M_f,0.0007084615902329284
38,M_f,0.0007010237786292608
39,M_f,0.000693664045821959
40,M_f,0.0006863815726000004
1,r_star_f,-0.00017888280500400717
2,r_star_f,-0.0002449412850932934
3,r_star_f,-0.00028968607264580527
4,r_star_f,-0.00030962370880947154
5,r_star_f,-0.00031734430205366675
6,r_star_f,-0.0003191894966363743
7,r_star_f,-0.000318260123767568
8,r_star_f,-0.0003160442357684759
9,r_star_f,-0.0003132465690871327
10,r_star_f,-0.00031019758382542324
11,r_star_f,-0.0003070510038531749
12,r_star_f,-0.00030387783205729023
13,r_star_f,-0.0003007106167782698
14,r_star_f,-0.00029756412511167796
15,r_star_f,-0.0002944449370284658
16,r_star_f,-0.0002913558759255719
17,r_star_f,-0.0002882980467499004
18,r_star_f,-0.00028527177075039973
19,r_star_f,-0.0002822770132041401
20,r_star_f,-0.0002793135788077056
21,r_star_f,-0.0002763812008327962
22,r_star_f,-0.0002734795817792031
23,r_star_f,-0.0002706084119047219
24,r_star_f,-0.00026776737766820533
25,r_star_f,-0.0002649561655726691
26,r_star_f,-0.0002621744639089251
27,r_star_f,-0.0002594219635395233
28,r_star_f,-0.00025669835824300273
29,r_star_f,-0.0002540033448560793
30,r_star_f,-0.00025133662332262226
31,r_star_f,-0.00024869789669946493
32,r_star_f,-0.00024608687114215864
33,r_star_f,-0.00024350325588141244
34,r_star_f,-0.000240946763195246
35,r_star_f,-0.00023841710837923326
36,r_star_f,-0.00023591400971597178
37,r_star_f,-0.00023343718844432776
38,r_star_f,-0.00023098636872872466
39,r_star_f,-0.00022856127762860897
40,r_star_f,-0.0002261616450681598
1,pi_e_f,0.3901395135840308
2,pi_e_f,-0.22083188138233958
3,pi_e_f,-0.09893174640498376
4,pi_e_f,-0.04416527970042444
5,pi_e_f,-0.01968566642004201
6,pi_e_f,-0.008744240222526461
7,pi_e_f,-0.0038538096133243784
8,pi_e_f,-0.0016679340813691638
9,pi_e_f,-0.0006909887030304902
10,pi_e_f,-0.000254517885840604
11,pi_e_f,-5.973373575599808e-5
12,pi_e_f,2.693877773450507e-5
13,pi_e_f,6.523007532068606e-5
14,pi_e_f,8.185903977654265e-5
15,pi_e_f,8.878342507319802e-5
16,pi_e_f,9.135825404748552e-5
17,pi_e_f,9.198371438118956e-5
18,pi_e_f,9.173681043219258e-5
19,pi_e_f,9.110151651124604e-5
20,pi_e_f,9.029571985644427e-5
21,pi_e_f,8.941773907200202e-5
22,pi_e_f,8.851205857790385e-5
23,pi_e_f,8.759886297425889e-5
24,pi_e_f,8.668733222390692e-5
25,pi_e_f,8.578164160277389e-5
26,pi_e_f,8.488367821248089e-5
27,pi_e_f,8.399427605719817e-5
28,pi_e_f,8.311378058856055e-5
29,pi_e_f,8.224230850358276e-5
30,pi_e_f,8.137986831026072e-5
31,pi_e_f,8.052641685702972e-5
32,pi_e_f,7.968188616543237e-5
33,pi_e_f,7.884619635009868e-5
34,pi_e_f,7.801926194061079e-5
35,pi_e_f,7.720099502901931e-5
36,pi_e_f,7.639130686505636e-5
37,pi_e_f,7.559010867840101e-5
38,pi_e_f,7.479731210871648e-5
39,pi_e_f,7.401282943263607e-5
40,pi_e_f,7.323657368366248e-5
1,Q_f,0.3901395135840308
2,Q_f,0.169319708943917
3,Q_f,0.07039239455223835
4,Q_f,0.026227094109639873
5,Q_f,0.006538910903321374
6,Q_f,-0.0022091871786202666
7,Q_f,-0.0060675427905981525
8,Q_f,-0.007740354944320543
9,Q_f,-0.008436365119105244
10,Q_f,-0.008695950219764636
11,Q_f,-0.008760747390822055
12,Q_f,-0.00873884365361844
13,Q_f,-0.008678608274269192
14,Q_f,-0.008601697984498132
15,Q_f,-0.008517814905403976
16,Q_f,-0.008431307674841394
17,Q_f,-0.00834412548927989
18,Q_f,-0.008257140898531166
19,Q_f,-0.008170742647027504
20,Q_f,-0.008085101669862217
21,Q_f,-0.008000290617808733
22,Q_f,-0.007916337670734826
23,Q_f,-0.007833250827592151
24,Q_f,-0.007751028906434261
25,Q_f,-0.0076696665469550545
26,Q_f,-0.007589156497681322
27,Q_f,-0.00750949066863731
28,Q_f,-0.007430660619721686
29,Q_f,-0.007352657789406779
30,Q_f,-0.007275473602928088
31,Q_f,-0.007199099523970145
32,Q_f,-0.007123527079531458
33,Q_f,-0.0070487478718746985
34,Q_f,-0.006974753584157168
35,Q_f,-0.006901535982914525
36,Q_f,-0.006829086918949375
37,Q_f,-0.00675739832739739
38,Q_f,-0.0066864622273630474
39,Q_f,-0.006616270721327965
40,Q_f,-0.0065468159944389
1,Bstar_f,-0.10914778888118039
2,Bstar_f,-0.15650527216936844
3,Bstar_f,-0.17650251454684082
4,Bstar_f,-0.18432410719660872
5,Bstar_f,-0.18672153584603718
6,Bstar_f,-0.1867054968261724
7,Bstar_f,-0.185620099597649
8,Bstar_f,-0.18406616611251417
9,Bstar_f,-0.18231263721226945
10,Bstar_f,-0.18048007283747008
11,Bstar_f,-0.1786225890639317
12,Bstar_f,-0.17676449157058138
13,Bstar_f,-0.17491667939282016
14,Bstar_f,-0.17308400416719938
15,Bstar_f,-0.1712685796055348
16,Bstar_f,-0.16947127427725192
17,Bstar_f,-0.16769238753631263
18,Bstar_f,-0.16593195706954397
19,Bstar_f,-0.16418989968996847
20,Bstar_f,-0.16246607628276172
21,Bstar_f,-0.16076032204351115
22,Bstar_f,-0.15907246071378142
23,Bstar_f,-0.15740231136917612
24,Bstar_f,-0.15574969170199218
25,Bstar_f,-0.15411441963167588
26,Bstar_f,-0.15249631410514972
27,Bstar_f,-0.1508951954978125
28,Bstar_f,-0.14931088581400495
29,Bstar_f,-0.1477432087848146
30,Bstar_f,-0.14619198991232082
31,Bstar_f,-0.14465705648540061
32,Bstar_f,-0.14313823758020391
33,Bstar_f,-0.14163536405227106
34,Bstar_f,-0.14014826852406786
35,Bstar_f,-0.13867678537001452
36,Bstar_f,-0.13722075070016743
37,Bstar_f,-0.13578000234320642
38,Bstar_f,-0.1343543798290998
39,Bstar_f,-0.13294372437165988
40,Bstar_f,-0.13154787885111124
1,PX_f,0.06197851360807072
2,PX_f,0.030131209922283568
3,PX_f,0.015834600945886873
4,PX_f,0.009414237957459855
5,PX_f,0.006515644760391922
6,PX_f,0.005192683834283857
7,PX_f,0.004575291386603426
8,PX_f,0.004274289826971459
9,PX_f,0.004115477762892816
10,PX_f,0.00402080576583823
11,PX_f,0.00395525988680903
12,PX_f,0.0039031056401481554
13,PX_f,0.00385725601356324
14,PX_f,0.003814508829237553
15,PX_f,0.0037734107726624753
16,PX_f,0.0037332979561471072
17,PX_f,0.0036938640865842283
18,PX_f,0.0036549655908731504
19,PX_f,0.0036165333745937283
20,PX_f,0.0035785326903062667
21,PX_f,0.003540944783827578
22,PX_f,0.003503758441143048
23,PX_f,0.003466966060970319
24,PX_f,0.003430561810339377
25,PX_f,0.003394540747180567
26,PX_f,0.0033588983965677508
27,PX_f,0.0033236305424794374
28,PX_f,0.003288733123461936
29,PX_f,0.0032542021792268338
30,PX_f,0.003220033822679173
31,PX_f,0.0031862242248919858
32,PX_f,0.0031527696068038734
33,PX_f,0.0031196662344768946
34,PX_f,0.003086910416275433
35,PX_f,0.0030544985010996758
36,PX_f,0.0030224268772074026
37,PX_f,0.0029906919713688198
38,PX_f,0.0029592902482126694
39,PX_f,0.002928218209683818
40,PX_f,0.002897472394566973
1,X_f,0.16408038975454126
2,X_f,0.06951114135117968
3,X_f,0.027233060683105055
4,X_f,0.008385405761495745
5,X_f,4.7925400916310905e-6
6,X_f,-0.003700258945019211
7,X_f,-0.005316942726060854
8,X_f,-0.006001003331545936
9,X_f,-0.006268745852497854
10,X_f,-0.0063508334053287195
11,X_f,-0.006350326202408003
12,X_f,-0.006313277057711958
13,X_f,-0.006260267432767222
14,X_f,-0.006200496110644381
15,X_f,-0.006138074011907542
16,X_f,-0.006074837178761141
17,X_f,-0.006011604106885979
18,X_f,-0.005948737913076764
19,X_f,-0.005886397790362278
20,X_f,-0.00582465154440427
21,X_f,-0.005763525994643878
22,X_f,-0.005703029568780438
23,X_f,-0.0056431624443720714
24,X_f,-0.00558392110830288
25,X_f,-0.005525300410888827
26,X_f,-0.005467294493697118
27,X_f,-0.005409897209962387
28,X_f,-0.005353102315778431
29,X_f,-0.0052969035573642975
30,X_f,-0.005241294710996506
31,X_f,-0.00518626960125755
32,X_f,-0.005131822109279412
33,X_f,-0.005077946176330247
34,X_f,-0.005024635805211226
35,X_f,-0.00497188506061178
36,X_f,-0.004919688068963547
37,X_f,-0.004868039018050604
38,X_f,-0.00481693215650065
39,X_f,-0.004766361793218433
40,X_f,-0.0047163222967922126
1,IMP_f,-0.4280100534156511
2,IMP_f,-0.180257104749527
3,IMP_f,-0.06986332881609258
4,IMP_f,-0.020663498022948864
5,IMP_f,0.0012163204309833216
6,IMP_f,0.010893526218343521
7,IMP_f,0.015117715090056173
8,IMP_f,0.01690390788829683
9,IMP_f,0.01759968724032426
10,IMP_f,0.01780779463618483
11,IMP_f,0.01779806301458723
12,IMP_f,0.01769142576328591
13,IMP_f,0.017542158545957604
14,IMP_f,0.017374662215718217
15,IMP_f,0.017199928485445493
16,IMP_f,0.017022918968234362
17,IMP_f,0.016845876864338284
18,IMP_f,0.016669816023675312
19,IMP_f,0.016495192113304608
20,IMP_f,0.016322206083877522
21,IMP_f,0.016150941935285757
22,IMP_f,0.015981429581057645
23,IMP_f,0.015813673721202015
24,IMP_f,0.015647667210912753
25,IMP_f,0.015483397312184035
26,IMP_f,0.015320848652134697
27,IMP_f,0.015160004642359734
28,IMP_f,0.015000848170523145
29,IMP_f,0.014843361942957312
30,IMP_f,0.014687528657201977
31,IMP_f,0.014533331090190175
32,IMP_f,0.014380752143791605
33,IMP_f,0.014229774868374767
34,IMP_f,0.014080382474818704
35,IMP_f,0.013932558340345184
36,IMP_f,0.01378628601099123
37,IMP_f,0.01364154920223078
38,IMP_f,0.013498331798566632
39,IMP_f,0.013356617852546618
40,IMP_f,0.013216391583458222
1,V_f,-0.566873402808898
2,V_f,-0.2429124542303771
3,V_f,-0.0982275326099861
4,V_f,-0.03369781150779432
5,V_f,-0.004968320887877437
6,V_f,0.007768809062006144
7,V_f,0.013360621936389252
8,V_f,0.015759387695830514
9,V_f,0.016731187975896678
10,V_f,0.017065474157784293
11,V_f,0.017115294505479578
12,V_f,0.017038624780702626
13,V_f,0.01690620363227294
14,V_f,0.0167497337760265
15,V_f,0.016583436945876977
16,V_f,0.01641369861020703
17,V_f,0.01624338678021853
18,V_f,0.016073787870560192
19,V_f,0.01590547557030941
20,V_f,0.015738701488990082
21,V_f,0.015573571185977752
22,V_f,0.015410123722391996
23,V_f,0.015248367747595979
24,V_f,0.015088297947492023
25,V_f,0.014929902587219903
26,V_f,0.014773166996149547
27,V_f,0.014618075192885356
28,V_f,0.014464610651221536
29,V_f,0.014312756665621481
30,V_f,0.0141624965278785
31,V_f,0.014013813613551364
32,V_f,0.013866691424617045
33,V_f,0.013721113610509648
34,V_f,0.013577063978291407
35,V_f,0.013434526497255427
36,V_f,0.013293485300622859
37,V_f,0.013153924685698945
38,V_f,0.013015829113200785
39,V_f,0.012879183206136475
40,V_f,0.012743971748441291
1,Y_g_f,0.374847898328649
2,Y_g_f,0.1686501927779469
3,Y_g_f,0.07660495563093023
4,Y_g_f,0.0355262179306557
5,Y_g_f,0.017193203007982306
6,Y_g_f,0.009007908649282624
7,Y_g_f,0.005348079719302256
8,Y_g_f,0.0037054378971483675
9,Y_g_f,0.002961408933979275
10,Y_g_f,0.0026174170291411105
11,Y_g_f,0.002451381563701645
12,Y_g_f,0.002364466218783118
13,Y_g_f,0.0023127336973074765
14,Y_g_f,0.0022766806799177416
15,Y_g_f,0.002247666561420215
16,Y_g_f,0.002221872864967848
17,Y_g_f,0.002197617505459152
18,Y_g_f,0.0021741623996639663
19,Y_g_f,0.0021511851020583825
20,Y_g_f,0.002128545285980339
21,Y_g_f,0.002106181897040132
22,Y_g_f,0.002084068072567409
23,Y_g_f,0.00206219151045442
24,Y_g_f,0.002040545997999006
25,Y_g_f,0.002019127803466948
26,Y_g_f,0.001997934167737174
27,Y_g_f,0.0019769626915667918
28,Y_g_f,0.0019562110978710795
29,Y_g_f,0.0019356771467346318
30,Y_g_f,0.001915358609916518
31,Y_g_f,0.0018952532667749116
32,Y_g_f,0.001875358906713675
33,Y_g_f,0.0018556733327427456
34,Y_g_f,0.0018361943644729449
35,Y_g_f,0.001816919840230269
36,Y_g_f,0.0017978476184062032
37,Y_g_f,0.0017789755782481836
38,Y_g_f,0.0017603016202712748
39,Y_g_f,0.0017418236664250987
40,Y_g_f,0.001723539660107288
1,Y_s_f,0.1801827585371646
2,Y_s_f,0.08028013285966488
3,Y_s_f,0.03547184726980761
4,Y_s_f,0.015457298602625994
5,Y_s_f,0.006524093399142255
6,Y_s_f,0.0025411945369268885
7,Y_s_f,0.0007686432896482242
8,Y_s_f,-1.7509882791445533e-5
9,Y_s_f,-0.0003637609493333703
10,Y_s_f,-0.0005139984985562985
11,Y_s_f,-0.0005769995418869942
12,Y_s_f,-0.0006012442247823155
13,Y_s_f,-0.0006083192399150633
14,Y_s_f,-0.0006078248470591695
15,Y_s_f,-0.0006040237412304115
16,Y_s_f,-0.0005988045490988102
17,Y_s_f,-0.000593001546090552
18,Y_s_f,-0.00058698169513227
19,Y_s_f,-0.0005809053888724038
20,Y_s_f,-0.0005748420365996585
21,Y_s_f,-0.0005688211708089414
22,Y_s_f,-0.0005628549650346689
23,Y_s_f,-0.0005569481083865505
24,Y_s_f,-0.0005511021076499454
25,Y_s_f,-0.0005453171447056042
26,Y_s_f,-0.0005395928682178496
27,Y_s_f,-0.0005339287248010869
28,Y_s_f,-0.0005283240936519329
29,Y_s_f,-0.0005227783388135792
30,Y_s_f,-0.0005172908278517228
31,Y_s_f,-0.0005118609374209312
32,Y_s_f,-0.0005064880540948352
33,Y_s_f,-0.0005011715737428219
34,Y_s_f,-0.0004959109006490665
35,Y_s_f,-0.0004907054467481649
36,Y_s_f,-0.000485554631050008
37,Y_s_f,-0.00048045787923044225
38,Y_s_f,-0.000475414623344188
39,Y_s_f,-0.00047042430162102036
40,Y_s_f,-0.0004654863583162352
1,PO_f,0.3901388104329365
2,PO_f,0.16929926416405414
3,PO_f,0.070381444686631
4,PO_f,0.026222396733292866
5,PO_f,0.0065377623253452515
6,PO_f,-0.0022084648974207343
7,PO_f,-0.006065880514708125
8,PO_f,-0.007738239692482995
9,PO_f,-0.008434042720481429
10,PO_f,-0.00869354177836303
11,PO_f,-0.008758311498957613
12,PO_f,-0.008736408235910839
13,PO_f,-0.008676186440579764
14,PO_f,-0.00859929577079744
15,PO_f,-0.008515435000526303
16,PO_f,-0.008428951195611238
17,PO_f,-0.008341792819052837
18,PO_f,-0.008254832080712067
19,PO_f,-0.008168457568769058
20,PO_f,-0.008082840147446231
21,PO_f,-0.007998052436186289
22,PO_f,-0.00791412260177882
23,PO_f,-0.00783105863849686
24,PO_f,-0.007748859363566648
25,PO_f,-0.00766751941761109
26,PO_f,-0.00758703155087901
27,PO_f,-0.007507387675467365
28,PO_f,-0.007428579353495324
29,PO_f,-0.007350598025710533
30,PO_f,-0.007273435119636111
31,PO_f,-0.0071970821012370826
32,PO_f,-0.00712153049977654
33,PO_f,-0.007046771919761898
34,PO_f,-0.006972798046573686
35,PO_f,-0.006899600648948597
36,PO_f,-0.006827171579867908
37,PO_f,-0.006755502776623635
38,PO_f,-0.0066845862604544126
39,PO_f,-0.006614414135954003
40,PO_f,-0.006544978590359515
1,VOil_f,-0.6221440803380711
2,VOil_f,-0.26642760453398473
3,VOil_f,-0.10865819897078864
4,VOil_f,-0.038406904987971106
5,VOil_f,-0.007167800627194239
6,VOil_f,0.006673307192146179
7,VOil_f,0.012752434554037217
8,VOil_f,0.015367410195249008
9,VOil_f,0.016436006901800696
10,VOil_f,0.01681439442315448
11,VOil_f,0.016885017320020547
12,VOil_f,0.016818824653379905
13,VOil_f,0.016692289593229864
14,VOil_f,0.016539653738893507
15,VOil_f,0.016376264818640223
16,VOil_f,0.01620900865856534
17,VOil_f,0.01604097614566424
18,VOil_f,0.015873553283893102
19,VOil_f,0.015707358463661794
20,VOil_f,0.015542663500317277
21,VOil_f,0.015379583194794374
22,VOil_f,0.015218160923878402
23,VOil_f,0.01505840742898112
24,VOil_f,0.014900318477991718
25,VOil_f,0.014743882955357075
26,VOil_f,0.01458908659533568
27,VOil_f,0.014435913720378687
28,VOil_f,0.014284348059310217
29,VOil_f,0.014134373137120978
30,VOil_f,0.013985972463097506
31,VOil_f,0.013839129622753146
32,VOil_f,0.013693828323164448
33,VOil_f,0.013550052415350547
34,VOil_f,0.01340778590513231
35,VOil_f,0.01326701295810035
36,VOil_f,0.013127717901514452
37,VOil_f,0.012989885224577858
38,VOil_f,0.012853499577839005
39,VOil_f,0.012718545772120829
40,VOil_f,0.012585008777194023
1,VNon_f,-0.5559140121585867
2,VNon_f,-0.2377775782728252
3,VNon_f,-0.09589403363536796
4,VNon_f,-0.03263776219072255
5,VNon_f,-0.004485678005954331
6,VNon_f,0.007990113229421374
7,VNon_f,0.013463786724522744
8,VNon_f,0.015809181855067023
9,VNon_f,0.016756868827807244
10,VNon_f,0.017080245475271642
11,VNon_f,0.01712511145932231
12,VNon_f,0.017046172504835852
13,VNon_f,0.01691269295120861
14,VNon_f,0.016755711034923765
15,VNon_f,0.016589149018478633
16,VNon_f,0.016419257365824436
17,VNon_f,0.016248843187611682
18,VNon_f,0.016079165395787853
19,VNon_f,0.015910785237963663
20,VNon_f,0.015743948681194803
21,VNon_f,0.015578758716282417
22,VNon_f,0.01541525322848557
23,VNon_f,0.01525344032415824
24,VNon_f,0.015093314434884255
25,VNon_f,0.01493486370385539
26,VNon_f,0.014778073399595613
27,VNon_f,0.014622927508314293
28,VNon_f,0.014469409484808859
29,VNon_f,0.014317502610949872
30,VNon_f,0.014167190169059938
31,VNon_f,0.014018455526791151
32,VNon_f,0.013871282179027592
33,VNon_f,0.01372565376855708
34,VNon_f,0.013581554096059174
35,VNon_f,0.01343896712461473
36,VNon_f,0.013297876981354598
37,VNon_f,0.013158267957589792
38,VNon_f,0.013020124508125043
39,VNon_f,0.01288343125012986
40,VNon_f,0.012748172961769944
1,P_f_1,-0.016186998847391516
2,P_f_1,-0.006113911873152807
3,P_f_1,-0.0016756884777595843
4,P_f_1,0.00028126583710868695
5,P_f_1,0.001135829385400359
6,P_f_1,0.0015016407384503751
7,P_f_1,0.0016514139268923272
8,P_f_1,0.0017061100477671594
9,P_f_1,0.0017192356524673971
10,P_f_1,0.0017143722925868268
11,P_f_1,0.0017018610304908354
12,P_f_1,0.0016862054760197849
13,P_f_1,0.001669348018193988
14,P_f_1,0.0016521146788618974
15,P_f_1,0.0016348493171934409
16,P_f_1,0.0016176902262104687
17,P_f_1,0.0016006896975133392
18,P_f_1,0.0015838650606362162
19,P_f_1,0.0015672200769640773
20,P_f_1,0.0015507536639598792
21,P_f_1,0.0015344632995011932
22,P_f_1,0.0015183462509868158
23,P_f_1,0.0015023999518350368
24,P_f_1,0.0014866220675692663
25,P_f_1,0.0014710104649142183
26,P_f_1,0.001455563162214042
27,P_f_1,0.0014402782860837647
28,P_f_1,0.0014251540394660193
29,P_f_1,0.0014101886798810511
30,P_f_1,0.0013953805052455955
31,P_f_1,0.0013807278448564836
32,P_f_1,0.0013662290537365868
33,P_f_1,0.0013518825091071956
34,P_f_1,0.001337686608179986
35,P_f_1,0.0013236397667575085
36,P_f_1,0.0013097404183248053
37,P_f_1,0.0012959870134376685
38,P_f_1,0.0012823780192895123
39,P_f_1,0.0012689119193856878
40,P_f_1,0.0012555872132825458
1,PM_f_1,-0.21611431989372826
2,PM_f_1,-0.09494114344955229
3,PM_f_1,-0.040923154201970326
4,PM_f_1,-0.016838065962004992
5,PM_f_1,-0.006109534677962264
6,PM_f_1,-0.0013399894786530477
7,PM_f_1,0.0007715979915962891
8,PM_f_1,0.0016980367609454377
9,PM_f_1,0.002096311608326377
10,PM_f_1,0.0022594069984416404
11,PM_f_1,0.0023179320417797927
12,PM_f_1,0.002330081896937267
13,PM_f_1,0.0023217690114401084
14,PM_f_1,0.002304520731542546
15,PM_f_1,0.0022834584497140186
16,PM_f_1,0.0022608532455471596
17,PM_f_1,0.002237709370570993
18,PM_f_1,0.0022144688718691435
19,PM_f_1,0.002191324798518987
20,PM_f_1,0.0021683602214097905
21,PM_f_1,0.0021456098192343324
22,PM_f_1,0.0021230870901793597
23,PM_f_1,0.0021007963330393832
24,PM_f_1,0.0020787378970888054
25,PM_f_1,0.002056910467246079
26,PM_f_1,0.0020353120495565286
27,PM_f_1,0.002013940390568609
28,PM_f_1,0.0019927931523295904
29,PM_f_1,0.001971867983219479
30,PM_f_1,0.0019511625452044777
31,PM_f_1,0.0019306745233626666
32,PM_f_1,0.0019104016285179028
33,PM_f_1,0.0018903415974022935
34,PM_f_1,0.0018704921920738918
35,PM_f_1,0.0018508511992145183
36,PM_f_1,0.0018314164295003914
37,PM_f_1,0.0018121857170805339
38,PM_f_1,0.0017931569191483735
39,PM_f_1,0.0017743279155821728
40,PM_f_1,0.0017556966086328296
1,PH_f_1,-0.04337454810104753
2,PH_f_1,-0.017841000888264572
3,PH_f_1,-0.006491890980883886
4,PH_f_1,-0.0014523972168046474
5,PH_f_1,0.0007746953507438584
6,PH_f_1,0.0017492727552766568
7,PH_f_1,0.002166705796550414
8,PH_f_1,0.0023367382505322123
9,PH_f_1,0.0023971985722491007
10,PH_f_1,0.002409332921063623
11,PH_f_1,0.0024003072077488107
12,PH_f_1,0.0023821412976232736
13,PH_f_1,0.0023601356271041483
14,PH_f_1,0.002336616570902978
15,PH_f_1,0.002312598286031513
16,PH_f_1,0.002288518403333677
17,PH_f_1,0.0022645627220703245
18,PH_f_1,0.0022408079227844357
19,PH_f_1,0.0022172839418619
20,PH_f_1,0.0021940010220396684
21,PH_f_1,0.002170961316170242
22,PH_f_1,0.0021481637872502713
23,PH_f_1,0.0021256062298118505
24,PH_f_1,0.0021032860738841525
25,PH_f_1,0.0020812006855650627
26,PH_f_1,0.0020593474666177284
27,PH_f_1,0.0020377238784079705
28,PH_f_1,0.0020163274403879653
29,PH_f_1,0.001995155722141727
30,PH_f_1,0.0019742063354707025
31,PH_f_1,0.0019534769282218444
32,PH_f_1,0.0019329651799142524
33,PH_f_1,0.0019126687987730555
34,PH_f_1,0.0018925855197495405
35,PH_f_1,0.0018727131031938888
36,PH_f_1,0.0018530493339454215
37,PH_f_1,0.0018335920206844116
38,PH_f_1,0.0018143389954457206
39,PH_f_1,0.001795288113231858
40,PH_f_1,0.0017764372516870944
1,Cg_f_1,0.22739977054591962
2,Cg_f_1,0.10658782740140169
3,Cg_f_1,0.0525502772020639
4,Cg_f_1,0.028425410469860576
5,Cg_f_1,0.01764507414230013
6,Cg_f_1,0.012809547491995659
7,Cg_f_1,0.010618006723233545
8,Cg_f_1,0.009600097202240199
9,Cg_f_1,0.009101959060778797
10,Cg_f_1,0.00883344588088442
11,Cg_f_1,0.008666162827338944
12,Cg_f_1,0.008543499178397198
13,Cg_f_1,0.008440614915734656
14,Cg_f_1,0.008346680841098396
15,Cg_f_1,0.00825701675981891
16,Cg_f_1,0.00816962345587152
17,Cg_f_1,0.00808366005278326
18,Cg_f_1,0.0079987797684218
19,Cg_f_1,0.007914842698548391
20,Cg_f_1,0.007831793170474874
21,Cg_f_1,0.007749608313147195
22,Cg_f_1,0.0076682770730664325
23,Cg_f_1,0.007587792019089049
24,Cg_f_1,0.007508146379040322
25,Cg_f_1,0.007429333128473913
26,Cg_f_1,0.007351344827461318
27,Cg_f_1,0.0072741736917153535
28,Cg_f_1,0.00719781170934046
29,Cg_f_1,0.007122250743035441
30,Cg_f_1,0.007047482605139875
31,Cg_f_1,0.006973499108333752
32,Cg_f_1,0.0069002920982386765
33,Cg_f_1,0.006827853473665055
34,Cg_f_1,0.006756175198817842
35,Cg_f_1,0.00668524931042032
36,Cg_f_1,0.006615067921688679
37,Cg_f_1,0.00654562322438207
38,Cg_f_1,0.006476907489688753
39,Cg_f_1,0.0064089130684144915
40,Cg_f_1,0.006341632390756024
1,Cs_f_1,3.659590567185978e-7
2,Cs_f_1,-6.556144276601368e-7
3,Cs_f_1,-1.0816435599037022e-7
4,Cs_f_1,2.1517539341246808e-7
5,Cs_f_1,3.885537316689157e-7
6,Cs_f_1,4.760434750752253e-7
7,Cs_f_1,5.175715210747139e-7
8,Cs_f_1,5.353926552886051e-7
9,Cs_f_1,5.412718866114288e-7
10,Cs_f_1,5.412436180244029e-7
11,Cs_f_1,5.383423973641679e-7
12,Cs_f_1,5.340725036526462e-7
13,Cs_f_1,5.291712809699479e-7
14,Cs_f_1,5.239967407544437e-7
15,Cs_f_1,5.187212291864397e-7
16,Cs_f_1,5.13427005300916e-7
17,Cs_f_1,5.081529415641334e-7
18,Cs_f_1,5.029171520258574e-7
19,Cs_f_1,4.977278777361615e-7
20,Cs_f_1,4.925886901805967e-7
21,Cs_f_1,4.875009645736428e-7
22,Cs_f_1,4.824650494242767e-7
23,Cs_f_1,4.774808169655077e-7
24,Cs_f_1,4.725479210331945e-7
25,Cs_f_1,4.67665917351102e-7
26,Cs_f_1,4.628343193844581e-7
27,Cs_f_1,4.580526241483958e-7
28,Cs_f_1,4.5332032406393695e-7
29,Cs_f_1,4.486369123619055e-7
30,Cs_f_1,4.4400188551638603e-7
31,Cs_f_1,4.3941474431728615e-7
32,Cs_f_1,4.348749943228871e-7
33,Cs_f_1,4.3038214603186233e-7
34,Cs_f_1,4.259357149294812e-7
35,Cs_f_1,4.2153522147810127e-7
36,Cs_f_1,4.1718019108345174e-7
37,Cs_f_1,4.1287015405075717e-7
38,Cs_f_1,4.086046455368748e-7
39,Cs_f_1,4.043832055011112e-7
40,Cs_f_1,4.002053786558563e-7
1,CHg_f_1,0.2545669570346511
2,CHg_f_1,0.1182578899126119
3,CHg_f_1,0.057341554138268934
4,CHg_f_1,0.030153211070189884
5,CHg_f_1,0.018010635081572867
6,CHg_f_1,0.012571594420046267
7,CHg_f_1,0.010114956673541215
8,CHg_f_1,0.008982896104998469
9,CHg_f_1,0.008437921418795544
10,CHg_f_1,0.008152572520628763
11,CHg_f_1,0.007981803994050475
12,CHg_f_1,0.007861573988703956
13,CHg_f_1,0.007763725514054161
14,CHg_f_1,0.007675948648824145
15,CHg_f_1,0.007592902207738496
16,CHg_f_1,0.007512292019095284
17,CHg_f_1,0.0074331457475865885
18,CHg_f_1,0.007355058209819516
19,CHg_f_1,0.007277863761084687
20,CHg_f_1,0.007201495597423902
21,CHg_f_1,0.0071259262549374265
22,CHg_f_1,0.007051143014808706
23,CHg_f_1,0.006977138091128576
24,CHg_f_1,0.006903904942581343
25,CHg_f_1,0.006831437035720986
26,CHg_f_1,0.006759727535349631
27,CHg_f_1,0.006688769309630925
28,CHg_f_1,0.006618555017000555
29,CHg_f_1,0.006549077194843149
30,CHg_f_1,0.00648032832839534
31,CHg_f_1,0.006412300898656999
32,CHg_f_1,0.006344987413736837
33,CHg_f_1,0.0062783804285489
34,CHg_f_1,0.006212472556794453
35,CHg_f_1,0.006147256478014755
36,CHg_f_1,0.00608272494156687
37,CHg_f_1,0.00601887076870939
38,CHg_f_1,0.005955686853540782
39,CHg_f_1,0.005893166163247809
40,CHg_f_1,0.005831301737942732
1,CFg_f_1,-0.17846462440943966
2,CFg_f_1,-0.06566918707529144
3,CFg_f_1,-0.017772222533311115
4,CFg_f_1,0.003292222512440462
5,CFg_f_1,0.012526247136692464
6,CFg_f_1,0.016525909345539585
7,CFg_f_1,0.018202036217478675
8,CFg_f_1,0.018843438038025268
9,CFg_f_1,0.01902268160917514
10,CFg_f_1,0.018995072772941952
11,CFg_f_1,0.018874930283579717
12,CFg_f_1,0.018713695002869943
13,CFg_f_1,0.018534649078226686
14,CFg_f_1,0.018348402148292576
15,CFg_f_1,0.018159826720551057
16,CFg_f_1,0.01797117908433895
17,CFg_f_1,0.017783511928064582
18,CFg_f_1,0.0175973183038314
19,CFg_f_1,0.01741282775642939
20,CFg_f_1,0.01723014394413513
21,CFg_f_1,0.01704930940729742
22,CFg_f_1,0.016870336503632368
23,CFg_f_1,0.016693222434378076
24,CFg_f_1,0.01651795667966661
25,CFg_f_1,0.016344524751146797
26,CFg_f_1,0.016172910124530968
27,CFg_f_1,0.016003095254648835
28,CFg_f_1,0.015835062118470005
29,CFg_f_1,0.015668792510323545
30,CFg_f_1,0.015504268204505171
31,CFg_f_1,0.01534147104565713
32,CFg_f_1,0.015180382999193848
33,CFg_f_1,0.015020986179330915
34,CFg_f_1,0.01486326286442142
35,CFg_f_1,0.014707195505036345
36,CFg_f_1,0.014552766727869825
37,CFg_f_1,0.014399959337231382
38,CFg_f_1,0.014248756315140654
39,CFg_f_1,0.01409914082061312
40,CFg_f_1,0.013951096188479681
1,CHs_f_1,7.144993114029693e-7
2,CHs_f_1,-2.7027629470724536e-6
3,CHs_f_1,-9.89308704763016e-7
4,CHs_f_1,7.012420959157806e-8
5,CHs_f_1,6.531639410736088e-7
6,CHs_f_1,9.535552177147473e-7
7,CHs_f_1,1.1000628517855867e-6
8,CHs_f_1,1.1665894844803005e-6
9,CHs_f_1,1.1927451925248623e-6
10,CHs_f_1,1.1989480668190493e-6
11,CHs_f_1,1.1954619073029515e-6
12,CHs_f_1,1.18735589648011e-6
13,CHs_f_1,1.1771007983362889e-6
14,CHs_f_1,1.1658883694835306e-6
15,CHs_f_1,1.154288424842481e-6
16,CHs_f_1,1.142571231854869e-6
17,CHs_f_1,1.130863903894538e-6
18,CHs_f_1,1.1192255831261393e-6
19,CHs_f_1,1.1076833169363092e-6
20,CHs_f_1,1.096249072469655e-6
21,CHs_f_1,1.0849277636226338e-6
22,CHs_f_1,1.07372102083698e-6
23,CHs_f_1,1.0626289545173726e-6
24,CHs_f_1,1.0516509769930376e-6
25,CHs_f_1,1.0407861844103768e-6
26,CHs_f_1,1.0300335336222993e-6
27,CHs_f_1,1.0193919238704991e-6
28,CHs_f_1,1.0088602343753342e-6
29,CHs_f_1,9.984373415584074e-7
30,CHs_f_1,9.88122126880034e-7
31,CHs_f_1,9.779134803623808e-7
32,CHs_f_1,9.678103021341533e-7
33,CHs_f_1,9.578115030703457e-7
34,CHs_f_1,9.479160050194257e-7
35,CHs_f_1,9.381227408432084e-7
36,CHs_f_1,9.284306543722783e-7
37,CHs_f_1,9.188387003238009e-7
38,CHs_f_1,9.093458442029857e-7
39,CHs_f_1,8.999510621978436e-7
40,CHs_f_1,8.906533410715686e-7
1,CFs_f_1,2.777089741254814e-7
2,CFs_f_1,1.294406793369264e-5
3,CFs_f_1,7.269422680214126e-6
4,CFs_f_1,3.4698281753877196e-6
5,CFs_f_1,1.2911053398640615e-6
6,CFs_f_1,1.3330435995286518e-7
7,CFs_f_1,-4.533261269603839e-7
8,CFs_f_1,-7.396018719628227e-7
9,CFs_f_1,-8.738047058862353e-7
10,CFs_f_1,-9.329503274010967e-7
11,CFs_f_1,-9.557307602940697e-7
12,CFs_f_1,-9.61149042923368e-7
13,CFs_f_1,-9.583878142978778e-7
14,CFs_f_1,-9.518309672012654e-7
15,CFs_f_1,-9.435521028534279e-7
16,CFs_f_1,-9.345248752623687e-7
17,CFs_f_1,-9.252036833766019e-7
18,CFs_f_1,-9.157994115901363e-7
19,CFs_f_1,-9.064093294444615e-7
20,CFs_f_1,-8.970779099813314e-7
21,CFs_f_1,-8.878251677689142e-7
22,CFs_f_1,-8.786598137443865e-7
23,CFs_f_1,-8.695853446781661e-7
24,CFs_f_1,-8.606028563622713e-7
25,CFs_f_1,-8.517123415913252e-7
26,CFs_f_1,-8.429132887151248e-7
27,CFs_f_1,-8.342049577075122e-7
28,CFs_f_1,-8.255865076149217e-7
29,CFs_f_1,-8.170570554902603e-7
30,CFs_f_1,-8.086157037052157e-7
31,CFs_f_1,-8.002615526378725e-7
32,CFs_f_1,-7.919937065752278e-7
33,CFs_f_1,-7.838112764539461e-7
34,CFs_f_1,-7.75713381119285e-7
35,CFs_f_1,-7.676991478845085e-7
36,CFs_f_1,-7.597677127571785e-7
37,CFs_f_1,-7.519182205052832e-7
38,CFs_f_1,-7.441498246455378e-7
39,CFs_f_1,-7.364616873935364e-7
40,CFs_f_1,-7.288529795951116e-7
1,L_f_1,-0.359658816088057
2,L_f_1,-0.1681549741259239
3,L_f_1,-0.08237008030728117
4,L_f_1,-0.043954920412221925
5,L_f_1,-0.026706280410416852
6,L_f_1,-0.018917961512475705
7,L_f_1,-0.015359595305944095
8,L_f_1,-0.013693747545450382
9,L_f_1,-0.012875513252575174
10,L_f_1,-0.012437594654890914
11,L_f_1,-0.012170891315930922
12,L_f_1,-0.011981765939841302
13,L_f_1,-0.011828242603091007
14,L_f_1,-0.01169147644906096
15,L_f_1,-0.011562989124025666
16,L_f_1,-0.011438953919363254
17,L_f_1,-0.011317634820050411
18,L_f_1,-0.011198237505437731
19,L_f_1,-0.011080393022863686
20,L_f_1,-0.010963925285525228
21,L_f_1,-0.010848746094118811
22,L_f_1,-0.010734807571614142
23,L_f_1,-0.010622080514495858
24,L_f_1,-0.010510544482791014
25,L_f_1,-0.010400183230551493
26,L_f_1,-0.01029098257957517
27,L_f_1,-0.010182929418821731
28,L_f_1,-0.010076011227052942
29,L_f_1,-0.00997021584129069
30,L_f_1,-0.009865531342254588
31,L_f_1,-0.009761945996307258
32,L_f_1,-0.00965944822516333
33,L_f_1,-0.009558026589496345
34,L_f_1,-0.009457669779642228
35,L_f_1,-0.009358366610001397
36,L_f_1,-0.009260106015408727
37,L_f_1,-0.009162877048572176
38,L_f_1,-0.009066668878103827
39,L_f_1,-0.008971470786886395
40,L_f_1,-0.008877272170634321
1,Y_f_1,0.150903632231709
2,Y_f_1,0.06775847790083478
3,Y_f_1,0.03055324919522982
4,Y_f_1,0.013956131795442731
5,Y_f_1,0.006559187794429874
6,Y_f_1,0.0032653524247085895
7,Y_f_1,0.0017992978665986876
8,Y_f_1,0.0011462983530615067
9,Y_f_1,0.0008543299417265638
10,Y_f_1,0.0007223137875916608
11,Y_f_1,0.000660961227048348
12,Y_f_1,0.0006307157930676279
13,Y_f_1,0.0006141069512118337
14,Y_f_1,0.0006034502294680073
15,Y_f_1,0.0005953842581373022
16,Y_f_1,0.0005884497741435969
17,Y_f_1,0.0005820198589893742
18,Y_f_1,0.0005758290968947842
19,Y_f_1,0.0005697674401773199
20,Y_f_1,0.0005637906212249424
21,Y_f_1,0.000557881612589154
22,Y_f_1,0.0005520342877489943
23,Y_f_1,0.0005462466413878593
24,Y_f_1,0.0005405180680376355
25,Y_f_1,0.0005348483281494016
26,Y_f_1,0.0005292371936993314
27,Y_f_1,0.0005236843534230665
28,Y_f_1,0.000518189408047715
29,Y_f_1,0.000512751890361439
30,Y_f_1,0.0005073712872917067
31,Y_f_1,0.0005020470575075368
32,Y_f_1,0.0004967786438448639
33,Y_f_1,0.0004915654815405101
34,Y_f_1,0.00048640700348289665
35,Y_f_1,0.00048130264347329984
36,Y_f_1,0.0004762518382101215
37,Y_f_1,0.00047125402847326015
38,Y_f_1,0.00046630865981559796
39,Y_f_1,0.0004614151829542985
40,Y_f_1,0.0004565730539808236
1,M_f_1,0.4072951379790845
2,M_f_1,0.18221514189045093
3,M_f_1,0.08166894170256189
4,M_f_1,0.03679714050476389
5,M_f_1,0.016778414544067994
6,M_f_1,0.007850051434275748
7,M_f_1,0.0038685231697601096
8,M_f_1,0.0020923823882741934
9,M_f_1,0.0012988088531010551
10,M_f_1,0.0009426433765351042
11,M_f_1,0.0007810004158189697
12,M_f_1,0.0007057578323114102
13,M_f_1,0.0006688372599712647
14,M_f_1,0.0006488907972373046
15,M_f_1,0.0006364576570706437
16,M_f_1,0.000627355754646568
17,M_f_1,0.0006197426729154797
18,M_f_1,0.0006128103717427922
19,M_f_1,0.0006062065522952089
20,M_f_1,0.0005997787832290456
21,M_f_1,0.0005934617302745849
22,M_f_1,0.0005872276803296818
23,M_f_1,0.0005810649695012462
24,M_f_1,0.0005749686585180934
25,M_f_1,0.0005689365511506359
26,M_f_1,0.0005629675240122134
27,M_f_1,0.0005570608444375952
28,M_f_1,0.0005512159035318368
29,M_f_1,0.0005454321192087294
30,M_f_1,0.0005397089060302371
31,M_f_1,0.0005340456694909021
32,M_f_1,0.0005284418080342167
33,M_f_1,0.0005228967166391952
34,M_f_1,0.0005174097899951095
35,M_f_1,0.0005119804248343125
36,M_f_1,0.0005066080215001616
37,M_f_1,0.0005012919849435201
38,M_f_1,0.0004960317253283211
39,M_f_1,0.000490826658382421
40,M_f_1,0.0004856762055874746
1,V_f_1,-0.49253856571237403
2,V_f_1,-0.20982728543138146
3,V_f_1,-0.08345234759892128
4,V_f_1,-0.027081579733298687
5,V_f_1,-0.0019872682645422552
6,V_f_1,0.00913055828077646
7,V_f_1,0.01400120180796216
8,V_f_1,0.016078812498526815
9,V_f_1,0.01690753162698772
10,V_f_1,0.017177956659754228
11,V_f_1,0.01719912700133293
12,V_f_1,0.01710943940294094
13,V_f_1,0.016970930172629944
14,V_f_1,0.01681143896614005
15,V_f_1,0.0166434755937345
16,V_f_1,0.01647266862569229
17,V_f_1,0.01630155245857939
18,V_f_1,0.016131267072435083
19,V_f_1,0.015962322239710797
20,V_f_1,0.015794941878819614
21,V_f_1,0.01562921966978408
22,V_f_1,0.015465189641047568
23,V_f_1,0.015302858340879504
24,V_f_1,0.015142219589216601
25,V_f_1,0.01498326129330263
26,V_f_1,0.014825968625976332
27,V_f_1,0.01467032552430856
28,V_f_1,0.014516315405377655
29,V_f_1,0.014363921513029444
30,V_f_1,0.014213127088356117
31,V_f_1,0.014063915454656312
32,V_f_1,0.013916270060187023
33,V_f_1,0.013770174499693363
34,V_f_1,0.013625612525061457
35,V_f_1,0.01348256805029016
36,V_f_1,0.013341025153442633
37,V_f_1,0.013200968076967612
38,V_f_1,0.013062381227130111
39,V_f_1,0.012925249172952454
40,V_f_1,0.01278955664488621
1,MC_f_1,-0.04337454482825669
2,MC_f_1,-0.017840903868250064
3,MC_f_1,-0.00649183915249114
4,MC_f_1,-0.001452375109156959
5,MC_f_1,0.0007747006146769694
6,MC_f_1,0.0017492691517761766
7,MC_f_1,0.0021666977434050302
8,MC_f_1,0.002336728056064707
9,MC_f_1,0.0023971874003937896
10,MC_f_1,0.002409321344719661
11,MC_f_1,0.0024002955038874324
12,MC_f_1,0.002382129598153058
13,MC_f_1,0.002360123993905071
14,MC_f_1,0.0023366050324370316
15,MC_f_1,0.00231258685495723
16,MC_f_1,0.002288507084891559
17,MC_f_1,0.0022645515180418933
18,MC_f_1,0.0022407968333491976
19,MC_f_1,0.0022172729664637196
20,MC_f_1,0.002193990159789191
21,MC_f_1,0.0021709505660311218
22,MC_f_1,0.0021481531481250607
23,MC_f_1,0.0021255957005814775
24,MC_f_1,0.0021032756534259973
25,MC_f_1,0.0020811903727611858
26,MC_f_1,0.002059337260358572
27,MC_f_1,0.00203771377759399
28,MC_f_1,0.0020163174439303154
29,MC_f_1,0.0019951458289625057
30,MC_f_1,0.001974196544503006
31,MC_f_1,0.0019534672384097273
32,MC_f_1,0.0019329555902126484
33,MC_f_1,0.0019126593081476829
34,MC_f_1,0.001892576127176797
35,MC_f_1,0.0018727038076607446
36,MC_f_1,0.0018530401344493098
37,MC_f_1,0.001833582916233125
38,MC_f_1,0.0018143299850573
39,MC_f_1,0.0017952791959344923
40,MC_f_1,0.0017764284265190105
1,PL_f_1,0.300609405077541
2,PL_f_1,0.14109866130624182
3,PL_f_1,0.06958655484877388
4,PL_f_1,0.03756336596900585
5,PL_f_1,0.02318644463143232
6,PL_f_1,0.016694893587900658
7,PL_f_1,0.013727353732338087
8,PL_f_1,0.01233517334592433
9,PL_f_1,0.011647686796793373
10,PL_f_1,0.011275851902942816
11,PL_f_1,0.01104580961497439
12,PL_f_1,0.010879847509825407
13,PL_f_1,0.010743217282600175
14,PL_f_1,0.010620372723632811
15,PL_f_1,0.010504351698540216
16,PL_f_1,0.010392030749535729
17,PL_f_1,0.01028200380404119
18,PL_f_1,0.01017363361638016
19,PL_f_1,0.01006662742916565
20,PL_f_1,0.00996084703634237
21,PL_f_1,0.009856223701096546
22,PL_f_1,0.009752720004656814
23,PL_f_1,0.009650312716017507
24,PL_f_1,0.009548985086469638
25,PL_f_1,0.009448723375275012
26,PL_f_1,0.009349515278104095
27,PL_f_1,0.009251349213070855
28,PL_f_1,0.009154213994423977
29,PL_f_1,0.00905809868213174
30,PL_f_1,0.008962992511665213
31,PL_f_1,0.008868884860575525
32,PL_f_1,0.008775765232085448
33,PL_f_1,0.008683623246626974
34,PL_f_1,0.008592448637136003
35,PL_f_1,0.00850223124615097
36,PL_f_1,0.008412961023794354
37,PL_f_1,0.008324628026196797
38,PL_f_1,0.008237222414150041
39,PL_f_1,0.008150734451883102
40,PL_f_1,0.008065154505908391
1,PIV_f_1,0.3901346872384106
2,PIV_f_1,0.16918589131110162
3,PIV_f_1,0.07032182800770781
4,PIV_f_1,0.026197973422207123
5,PIV_f_1,0.006533238398956984
6,PIV_f_1,-0.0022025302629238032
7,PIV_f_1,-0.006054707952518532
8,PIV_f_1,-0.0077245550833208495
9,PIV_f_1,-0.008419220254094842
10,PIV_f_1,-0.008678257881083081
11,PIV_f_1,-0.008742893234995703
12,PIV_f_1,-0.008721011365209938
13,PIV_f_1,-0.00866088398804183
14,PIV_f_1,-0.008584121257489426
15,PIV_f_1,-0.008500403254896201
16,PIV_f_1,-0.008414068267027152
17,PIV_f_1,-0.008327060661525536
18,PIV_f_1,-0.008240250751266899
19,PIV_f_1,-0.008154026253766692
20,PIV_f_1,-0.008068557639585293
21,PIV_f_1,-0.007983917355344695
22,PIV_f_1,-0.007900133496897376
23,PIV_f_1,-0.00781721403441313
24,PIV_f_1,-0.0077351577824489575
25,PIV_f_1,-0.00765395938870283
26,PIV_f_1,-0.007573611614874992
27,PIV_f_1,-0.007494106386430214
28,PIV_f_1,-0.007415435279646747
29,PIV_f_1,-0.007337589749709167
30,PIV_f_1,-0.007260561238621775
31,PIV_f_1,-0.007184341226769336
32,PIV_f_1,-0.007108921257725898
33,PIV_f_1,-0.007034292950180282
34,PIV_f_1,-0.006960448003556271
35,PIV_f_1,-0.0068873782004925345
36,PIV_f_1,-0.006815075407730451
37,PIV_f_1,-0.006743531576180772
38,PIV_f_1,-0.0066727387405605305
39,PIV_f_1,-0.0066026890188028145
40,PIV_f_1,-0.006533374611346315
1,VOil_f_1,-0.4925055216891532
2,VOil_f_1,-0.20790078835431525
3,VOil_f_1,-0.08237321902826508
4,VOil_f_1,-0.02656942539780403
5,VOil_f_1,-0.0018001394980757155
6,VOil_f_1,0.00914499240908248
7,VOil_f_1,0.013928157005311553
8,VOil_f_1,0.015963101288613994
9,VOil_f_1,0.016771844925727423
10,VOil_f_1,0.01703349497079927
11,VOil_f_1,0.017051317495966084
12,VOil_f_1,0.016960873364248175
13,VOil_f_1,0.016822828312093144
14,VOil_f_1,0.01666436756067642
15,VOil_f_1,0.016497691317546744
16,VOil_f_1,0.016328282756091224
17,VOil_f_1,0.016158608407100067
18,VOil_f_1,0.015989776751239065
19,VOil_f_1,0.015822283031964493
20,VOil_f_1,0.015656344526257873
21,VOil_f_1,0.015492051927378453
22,VOil_f_1,0.015329437966339883
23,VOil_f_1,0.015168508673373021
24,VOil_f_1,0.015009257709312817
25,VOil_f_1,0.014851672987205055
26,VOil_f_1,0.01469573976109916
27,VOil_f_1,0.01454144208339898
28,VOil_f_1,0.014388763501573842
29,VOil_f_1,0.014237687396101071
30,VOil_f_1,0.01408819714685759
31,VOil_f_1,0.013940276216180998
32,VOil_f_1,0.013793908190737968
33,VOil_f_1,0.013649076802643835
34,VOil_f_1,0.013505765939927257
35,VOil_f_1,0.013363959651418487
36,VOil_f_1,0.01322364214866741
37,VOil_f_1,0.0130847978062553
38,VOil_f_1,0.012947411161227678
39,VOil_f_1,0.012811466912043237
40,VOil_f_1,0.01267694991725644
1,VNon_f_1,-0.49253120991485383
2,VNon_f_1,-0.20943651088793447
3,VNon_f_1,-0.08323403576374745
4,VNon_f_1,-0.026978546261158733
5,VNon_f_1,-0.0019502781867792311
6,VNon_f_1,0.009132474974411215
7,VNon_f_1,0.013985360959554218
8,VNon_f_1,0.016054317076600932
9,VNon_f_1,0.016878990023415627
10,VNon_f_1,0.017147643345915946
11,VNon_f_1,0.017168143960871123
12,VNon_f_1,0.01707831273401768
13,VNon_f_1,0.016939907659103436
14,VNon_f_1,0.016780635499763035
15,VNon_f_1,0.01661294319652273
16,VNon_f_1,0.01644242979444761
17,VNon_f_1,0.016271615909216074
18,VNon_f_1,0.016101635125156628
19,VNon_f_1,0.015932994265366814
20,VNon_f_1,0.015765915900713884
21,VNon_f_1,0.015600493105837677
22,VNon_f_1,0.015436759646825811
23,VNon_f_1,0.015274721967824671
24,VNon_f_1,0.015114373857499154
25,VNon_f_1,0.0149557032252751
26,VNon_f_1,0.014798695261459358
27,VNon_f_1,0.014643333927498198
28,VNon_f_1,0.014489602667885324
29,VNon_f_1,0.014337484755134272
30,VNon_f_1,0.014186963459429328
31,VNon_f_1,0.01403802213320136
32,VNon_f_1,0.013890644253701189
33,VNon_f_1,0.013744813444446743
34,VNon_f_1,0.013600513485838074
35,VNon_f_1,0.013457728320112456
36,VNon_f_1,0.013316442053289376
37,VNon_f_1,0.01317663895549
38,VNon_f_1,0.013038303460368486
39,VNon_f_1,0.012901420164054713
40,VNon_f_1,0.012765973823828481
1,P_f_2,0.07766790567650717
2,P_f_2,0.03618965683293982
3,P_f_2,0.01774951071419663
4,P_f_2,0.009503294757989987
5,P_f_2,0.0058033984778216394
6,P_f_2,0.004132740000054009
7,P_f_2,0.0033686898313170406
8,P_f_2,0.003010186082719237
9,P_f_2,0.0028334059898757137
10,P_f_2,0.0027382702831705895
11,P_f_2,0.002679975522516139
12,P_f_2,0.0026384332170577224
13,P_f_2,0.002604618307186918
14,P_f_2,0.002574465417657297
15,P_f_2,0.002546136705211722
16,P_f_2,0.0025187971528225347
17,P_f_2,0.002492064592764551
18,P_f_2,0.002465762156696117
19,P_f_2,0.002439806519570473
20,P_f_2,0.0024141572550752644
21,P_f_2,0.002388793773271328
22,P_f_2,0.002363704753728214
23,P_f_2,0.0023388832664646034
24,P_f_2,0.0023143244975667877
25,P_f_2,0.002290024676642685
26,P_f_2,0.0022659805640218283
27,P_f_2,0.002242189201623427
28,P_f_2,0.0022186477897066484
29,P_f_2,0.002195353624661932
30,P_f_2,0.0021723040669218807
31,P_f_2,0.0021494965240174994
32,P_f_2,0.0021269284414019655
33,P_f_2,0.0021045972973380627
34,P_f_2,0.0020825005999530327
35,P_f_2,0.0020606358854706333
36,P_f_2,0.0020390007170933777
37,P_f_2,0.0020175926842493784
38,P_f_2,0.001996409402046571
39,P_f_2,0.001975448510846515
40,P_f_2,0.001954707675908161
1,PM_f_2,-0.02387164292008961
2,PM_f_2,-0.008917980522001377
3,PM_f_2,-0.002291177611658524
4,PM_f_2,0.000638475501555449
5,PM_f_2,0.0019217166153474704
6,PM_f_2,0.0024728437559775472
7,PM_f_2,0.00269909634129399
8,PM_f_2,0.0027816253884724936
9,PM_f_2,0.002800869952159863
10,PM_f_2,0.0027924648673512366
11,PM_f_2,0.0027721469459631477
12,PM_f_2,0.0027468361006901224
13,PM_f_2,0.0027195571844964494
14,PM_f_2,0.0026916212546325567
15,PM_f_2,0.002663589431076437
16,PM_f_2,0.002635697135266489
17,PM_f_2,0.0026080398252330854
18,PM_f_2,0.002580653719427544
19,PM_f_2,0.0025535505243085184
20,PM_f_2,0.002526732157960276
21,PM_f_2,0.0025001968598456553
22,PM_f_2,0.0024739416434669532
23,PM_f_2,0.002447963228304418
24,PM_f_2,0.0024222583592477423
25,PM_f_2,0.0023968238919326933
26,PM_f_2,0.0023716567968755163
27,PM_f_2,0.002346754141153591
28,PM_f_2,0.0023221130682284413
29,PM_f_2,0.0022977307817721947
30,PM_f_2,0.002273604534141109
31,PM_f_2,0.0022497316186161167
32,PM_f_2,0.002226109364326837
33,PM_f_2,0.002202735132966776
34,PM_f_2,0.002179606316659714
35,PM_f_2,0.0021567203365485837
36,PM_f_2,0.002134074641830948
37,PM_f_2,0.002111666709067855
38,PM_f_2,0.002089494041659181
39,PM_f_2,0.0020675541694202245
40,PM_f_2,0.0020458446482200677
1,PH_f_2,0.07742894683948061
2,PH_f_2,0.03608795267303465
3,PH_f_2,0.017709308383164996
4,PH_f_2,0.009490528319118317
5,PH_f_2,0.005802840289789233
6,PH_f_2,0.004137584406415618
7,PH_f_2,0.0033758956603447006
8,PH_f_2,0.0030183946561261384
9,PH_f_2,0.0028420105694500534
10,PH_f_2,0.0027470001893043017
11,PH_f_2,0.0026887102741965556
12,PH_f_2,0.0026471194683406634
13,PH_f_2,0.0026132327224590596
14,PH_f_2,0.0025829980769791062
15,PH_f_2,0.002554583685192372
16,PH_f_2,0.0025271572088195232
17,PH_f_2,0.0025003376746518396
18,PH_f_2,0.002473948744578016
19,PH_f_2,0.00244790732629824
20,PH_f_2,0.0024221730929348357
21,PH_f_2,0.002396725494198874
22,PH_f_2,0.0023715532224861213
23,PH_f_2,0.0023466493486099596
24,PH_f_2,0.0023220090540687997
25,PH_f_2,0.002297628561494518
26,PH_f_2,0.0022735046232043384
27,PH_f_2,0.0022496342726810747
28,PH_f_2,0.002226014701601578
29,PH_f_2,0.0022026431977548873
30,PH_f_2,0.0021795171130111037
31,PH_f_2,0.0021566338464040933
32,PH_f_2,0.002133990834967212
33,PH_f_2,0.0021115855486259507
34,PH_f_2,0.00208941548725483
35,PH_f_2,0.002067478178910005
36,PH_f_2,0.0020457711787113253
37,PH_f_2,0.0020242920680886584
38,PH_f_2,0.0020030384542354153
39,PH_f_2,0.001982007969681575
40,PH_f_2,0.0019611982719366368
1,Cg_f_2,-67.47859362090726
2,Cg_f_2,-2525.632486818145
3,Cg_f_2,-1381.8394781801317
4,Cg_f_2,-622.9537770850269
5,Cg_f_2,-190.21764486584235
6,Cg_f_2,38.73488482148741
7,Cg_f_2,154.19601884766402
8,Cg_f_2,210.14193758615673
9,Cg_f_2,236.0060985942859
10,Cg_f_2,247.03937724888533
11,Cg_f_2,250.89333770070573
12,Cg_f_2,251.32336277306902
13,Cg_f_2,250.1436537017661
14,Cg_f_2,248.22032097084383
15,Cg_f_2,245.96307741104903
16,Cg_f_2,243.56431229890939
17,Cg_f_2,241.11379568517876
18,Cg_f_2,238.6531582570639
19,Cg_f_2,236.20156522352474
20,Cg_f_2,233.76774106104426
21,Cg_f_2,231.35557412902298
22,Cg_f_2,228.96671887894476
23,Cg_f_2,226.6018004123566
24,Cg_f_2,224.26097078630502
25,Cg_f_2,221.94416550744742
26,Cg_f_2,219.6512216671631
27,Cg_f_2,217.38193232465258
28,Cg_f_2,215.13607154263562
29,Cg_f_2,212.91340591783197
30,Cg_f_2,210.71369989451767
31,Cg_f_2,208.53671821319583
32,Cg_f_2,206.38222703658118
33,Cg_f_2,204.2499944631954
34,Cg_f_2,202.1397907563361
35,Cg_f_2,200.05138844010054
36,Cg_f_2,197.98456233293973
37,Cg_f_2,195.9390895516684
38,Cg_f_2,193.9147495014171
39,Cg_f_2,191.91132385887047
40,Cg_f_2,189.92859655231672
1,Cs_f_2,-7.900060781488058e-7
2,Cs_f_2,-2.9526781703449192e-5
3,Cs_f_2,-1.6154849215331673e-5
4,Cs_f_2,-7.282895996937283e-6
5,Cs_f_2,-2.223900263207547e-6
6,Cs_f_2,4.5271322074691097e-7
7,Cs_f_2,1.8025321992883227e-6
8,Cs_f_2,2.456577770571712e-6
9,Cs_f_2,2.758947613708934e-6
10,Cs_f_2,2.8879347805893946e-6
11,Cs_f_2,2.932991113030167e-6
12,Cs_f_2,2.9380194721871125e-6
13,Cs_f_2,2.9242290286509573e-6
14,Cs_f_2,2.901745158878524e-6
15,Cs_f_2,2.8753576599973583e-6
16,Cs_f_2,2.8473156802632692e-6
17,Cs_f_2,2.8186686856038214e-6
18,Cs_f_2,2.789903363391186e-6
19,Cs_f_2,2.761243766057097e-6
20,Cs_f_2,2.732791887712136e-6
21,Cs_f_2,2.704593185468427e-6
22,Cs_f_2,2.6766670008008073e-6
23,Cs_f_2,2.649020641525276e-6
24,Cs_f_2,2.6216558853222395e-6
25,Cs_f_2,2.5945719782919675e-6
26,Cs_f_2,2.5677670160153897e-6
27,Cs_f_2,2.5412385793191415e-6
28,Cs_f_2,2.514984026954194e-6
29,Cs_f_2,2.4890006303918313e-6
30,Cs_f_2,2.463285635940954e-6
31,Cs_f_2,2.4378362933737046e-6
32,Cs_f_2,2.4126498690884124e-6
33,Cs_f_2,2.3877236521135603e-6
34,Cs_f_2,2.363054956784408e-6
35,Cs_f_2,2.338641123865457e-6
36,Cs_f_2,2.3144795209426874e-6
37,Cs_f_2,2.2905675424704022e-6
38,Cs_f_2,2.2669026096537492e-6
39,Cs_f_2,2.2434821702527658e-6
40,Cs_f_2,2.220303698349149e-6
1,CHg_f_2,-134.42770598899298
2,CHg_f_2,-5027.022685794284
3,CHg_f_2,-2750.4297010921628
4,CHg_f_2,-1239.9555484696593
5,CHg_f_2,-378.64493419130804
6,CHg_f_2,77.05826120111901
7,CHg_f_2,306.87024712804265
8,CHg_f_2,418.22427282190597
9,CHg_f_2,469.70415281115186
10,CHg_f_2,491.6649400685896
11,CHg_f_2,499.3361580748735
12,CHg_f_2,500.1924449381159
13,CHg_f_2,497.8447489569801
14,CHg_f_2,494.0169577773504
15,CHg_f_2,489.5245547004904
16,CHg_f_2,484.7504669274323
17,CHg_f_2,479.873370650839
18,CHg_f_2,474.9761265911186
19,CHg_f_2,470.0968807210269
20,CHg_f_2,465.2529980397873
21,CHg_f_2,460.45221786434684
22,CHg_f_2,455.6978332013555
23,CHg_f_2,450.9910882680382
24,CHg_f_2,446.33228574747943
25,CHg_f_2,441.721297307255
26,CHg_f_2,437.15779873207083
27,CHg_f_2,432.6413781661904
28,CHg_f_2,428.1715859436713
29,CHg_f_2,423.7479575382323
30,CHg_f_2,419.37002413916133
31,CHg_f_2,415.03731752505064
32,CHg_f_2,410.74937230491344
33,CHg_f_2,406.5057269404204
34,CHg_f_2,402.30592420163066
35,CHg_f_2,398.1495113581123
36,CHg_f_2,394.0360402457307
37,CHg_f_2,389.96506727463264
38,CHg_f_2,385.93615340924686
39,CHg_f_2,381.94886413492725
40,CHg_f_2,378.002769418246
1,CFg_f_2,2.315839202871129e-7
2,CFg_f_2,1.2987595299210686e-5
3,CFg_f_2,7.262713007093336e-6
4,CFg_f_2,3.43464615518391e-6
5,CFg_f_2,1.2410275883551048e-6
6,CFg_f_2,7.586230472508965e-8
7,CFg_f_2,-5.141660753250699e-7
8,CFg_f_2,-8.018079025849285e-7
9,CFg_f_2,-9.36354801002109e-7
10,CFg_f_2,-9.953381859946326e-7
11,CFg_f_2,-1.0177096774716856e-6
12,CFg_f_2,-1.022601541925903e-6
13,CFg_f_2,-1.0192601436174873e-6
14,CFg_f_2,-1.0121005290585413e-6
15,CFg_f_2,-1.003211400911633e-6
16,CFg_f_2,-9.935736664621362e-7
17,CFg_f_2,-9.836451687701903e-7
18,CFg_f_2,-9.736384000324368e-7
19,CFg_f_2,-9.636513580251272e-7
20,CFg_f_2,-9.53728825364605e-7
21,CFg_f_2,-9.438909282090906e-7
22,CFg_f_2,-9.341463961460126e-7
23,CFg_f_2,-9.244987013826453e-7
24,CFg_f_2,-9.149488953471656e-7
25,CFg_f_2,-9.054969176333163e-7
26,CFg_f_2,-8.961421996577693e-7
27,CFg_f_2,-8.868839430907338e-7
28,CFg_f_2,-8.777212483886722e-7
29,CFg_f_2,-8.686531742206379e-7
30,CFg_f_2,-8.596787650005895e-7
31,CFg_f_2,-8.507970636704444e-7
32,CFg_f_2,-8.42007117641524e-7
33,CFg_f_2,-8.333079815488794e-7
34,CFg_f_2,-8.246987185125511e-7
35,CFg_f_2,-8.161784006944339e-7
36,CFg_f_2,-8.07746109519987e-7
37,CFg_f_2,-7.994009357389558e-7
38,CFg_f_2,-7.911419794079823e-7
39,CFg_f_2,-7.829683498350134e-7
40,CFg_f_2,-7.748791655049227e-7
1,CHs_f_2,-1.5803171575348986e-6
2,CHs_f_2,-5.907028513820221e-5
3,CHs_f_2,-3.231903944857438e-5
4,CHs_f_2,-1.4570199654307423e-5
5,CHs_f_2,-4.449381885684443e-6
6,CHs_f_2,9.053460135516333e-7
7,CHs_f_2,3.605743873413232e-6
8,CHs_f_2,4.914205362149532e-6
9,CHs_f_2,5.519118182621714e-6
10,CHs_f_2,5.777168317466492e-6
11,CHs_f_2,5.867309625874533e-6
12,CHs_f_2,5.877372474458853e-6
13,CHs_f_2,5.8497871144225525e-6
14,CHs_f_2,5.804809985546166e-6
15,CHs_f_2,5.7520233724588045e-6
16,CHs_f_2,5.695926835132175e-6
17,CHs_f_2,5.638619895138083e-6
18,CHs_f_2,5.5810762009070265e-6
19,CHs_f_2,5.523743983510859e-6
20,CHs_f_2,5.466827288834091e-6
21,CHs_f_2,5.4104170570054585e-6
22,CHs_f_2,5.354551982200194e-6
23,CHs_f_2,5.299246684504648e-6
24,CHs_f_2,5.244504720616467e-6
25,CHs_f_2,5.190324582641395e-6
26,CHs_f_2,5.136702460992367e-6
27,CHs_f_2,5.083633516278122e-6
28,CHs_f_2,5.031112464825979e-6
29,CHs_f_2,4.979133848350292e-6
30,CHs_f_2,4.927692158222507e-6
31,CHs_f_2,4.876781892738826e-6
32,CHs_f_2,4.8263975834537745e-6
33,CHs_f_2,4.776533807191653e-6
34,CHs_f_2,4.727185191401398e-6
35,CHs_f_2,4.678346416402243e-6
36,CHs_f_2,4.630012216168458e-6
37,CHs_f_2,4.5821773784231275e-6
38,CHs_f_2,4.5348367444031534e-6
39,CHs_f_2,4.487985208467289e-6
40,CHs_f_2,4.441617717629567e-6
1,CFs_f_2,2.3122839751218742e-7
2,CFs_f_2,1.2987596285683323e-5
3,CFs_f_2,7.262713286038018e-6
4,CFs_f_2,3.4346461188478845e-6
5,CFs_f_2,1.2410274121883045e-6
6,CFs_f_2,7.58620673146874e-8
7,CFs_f_2,-5.141663387215732e-7
8,CFs_f_2,-8.018081761212681e-7
9,CFs_f_2,-9.363550775439885e-7
10,CFs_f_2,-9.953384623268107e-7
11,CFs_f_2,-1.0177099521470442e-6
12,CFs_f_2,-1.0226018142979686e-6
13,CFs_f_2,-1.0192604134039932e-6
14,CFs_f_2,-1.0121007961438175e-6
15,CFs_f_2,-1.003211665256708e-6
16,CFs_f_2,-9.935739280636003e-7
17,CFs_f_2,-9.836454276412227e-7
18,CFs_f_2,-9.736386561939806e-7
19,CFs_f_2,-9.636516115017392e-7
20,CFs_f_2,-9.537290761824728e-7
21,CFs_f_2,-9.438911763950783e-7
22,CFs_f_2,-9.3414664172719e-7
23,CFs_f_2,-9.244989443860523e-7
24,CFs_f_2,-9.149491357996942e-7
25,CFs_f_2,-9.054971555616507e-7
26,CFs_f_2,-8.961424350883536e-7
27,CFs_f_2,-8.868841760497579e-7
28,CFs_f_2,-8.777214789020627e-7
29,CFs_f_2,-8.686534023140583e-7
30,CFs_f_2,-8.596789906994372e-7
31,CFs_f_2,-8.507972869998515e-7
32,CFs_f_2,-8.420073386263627e-7
33,CFs_f_2,-8.333082002137601e-7
34,CFs_f_2,-8.246989348818268e-7
35,CFs_f_2,-8.161786147922018e-7
36,CFs_f_2,-8.077463213700921e-7
37,CFs_f_2,-7.994011453649925e-7
38,CFs_f_2,-7.91142186833298e-7
39,CFs_f_2,-7.829685550827088e-7
40,CFs_f_2,-7.748793685978586e-7
1,L_f_2,-0.1882130250487608
2,L_f_2,-0.09466193988412244
3,L_f_2,-0.05139172784005613
4,L_f_2,-0.03181789186322803
5,L_f_2,-0.022922175517547796
6,L_f_2,-0.01883268150502797
7,L_f_2,-0.016905242002074758
8,L_f_2,-0.015950419900207485
9,L_f_2,-0.015433537107740552
10,L_f_2,-0.015114344737159325
11,L_f_2,-0.01488490859446899
12,L_f_2,-0.014696732493549566
13,L_f_2,-0.01452801593067283
14,L_f_2,-0.01436894872415097
15,L_f_2,-0.014215107547300973
16,L_f_2,-0.01406449051351754
17,L_f_2,-0.013916185153606781
18,L_f_2,-0.01376976978186673
19,L_f_2,-0.013625044238390316
20,L_f_2,-0.013481908634817009
21,L_f_2,-0.013340308658435752
22,L_f_2,-0.013200210843362535
23,L_f_2,-0.013061591356134892
24,L_f_2,-0.012924430889505414
25,L_f_2,-0.012788712325142738
26,L_f_2,-0.012654419656356344
27,L_f_2,-0.012521537487074226
28,L_f_2,-0.0123900507960408
29,L_f_2,-0.012259944824060781
30,L_f_2,-0.012131205018895088
31,L_f_2,-0.012003817007494696
32,L_f_2,-0.01187776658138383
33,L_f_2,-0.011753039688473696
34,L_f_2,-0.011629622428080983
35,L_f_2,-0.011507501047577858
36,L_f_2,-0.011386661939892436
37,L_f_2,-0.011267091641464633
38,L_f_2,-0.011148776830453545
39,L_f_2,-0.011031704325089141
40,L_f_2,-0.010915861082110716
1,Y_f_2,0.14304688952974506
2,Y_f_2,0.06123507574823055
3,Y_f_2,0.02562637712310035
4,Y_f_2,0.009858304583896355
5,Y_f_2,0.0028827286734585903
6,Y_f_2,-0.0001942671372307002
7,Y_f_2,-0.0015424059937430117
8,Y_f_2,-0.0021240571831398487
9,Y_f_2,-0.0023661284798788427
10,Y_f_2,-0.0024579662147967214
11,Y_f_2,-0.0024835116480392263
12,Y_f_2,-0.0024799463949542497
13,Y_f_2,-0.0024637182545513368
14,Y_f_2,-0.002442088841181978
15,Y_f_2,-0.002418254868810543
16,Y_f_2,-0.0023936175827264715
17,Y_f_2,-0.0023687872004776464
18,Y_f_2,-0.0023440266867755864
19,Y_f_2,-0.0023194473296833927
20,Y_f_2,-0.0022950946332606246
21,Y_f_2,-0.002270985857354172
22,Y_f_2,-0.0022471263139581168
23,Y_f_2,-0.0022235163744535537
24,Y_f_2,-0.0022001544416625418
25,Y_f_2,-0.0021770381851990935
26,Y_f_2,-0.002154165039216693
27,Y_f_2,-0.002131532392936131
28,Y_f_2,-0.0021091376569749415
29,Y_f_2,-0.0020869782818512023
30,Y_f_2,-0.002065051759626405
31,Y_f_2,-0.002043355620669735
32,Y_f_2,-0.002021887429808319
33,Y_f_2,-0.0020006447831275556
34,Y_f_2,-0.001979625305608304
35,Y_f_2,-0.001958826649461328
36,Y_f_2,-0.001938246492964933
37,Y_f_2,-0.001917882539641303
38,Y_f_2,-0.00189773251765209
39,Y_f_2,-0.001877794179332697
40,Y_f_2,-0.0018580653008132037
1,M_f_2,0.2934039591945442
2,M_f_2,0.12805773252286495
3,M_f_2,0.055324470349544075
4,M_f_2,0.023002616351145762
5,M_f_2,0.008645125439485396
6,M_f_2,0.0022764511027832434
7,M_f_2,-0.0005390528164354011
8,M_f_2,-0.0017743094544022356
9,M_f_2,-0.0023069699974440244
10,M_f_2,-0.0025274494132922942
11,M_f_2,-0.0026093898745320155
12,M_f_2,-0.002629993389854696
13,M_f_2,-0.002623564128069103
14,M_f_2,-0.002605331308838119
15,M_f_2,-0.0025820469732140377
16,M_f_2,-0.0025566988617460526
17,M_f_2,-0.002530605114927015
18,M_f_2,-0.00250434454594701
19,M_f_2,-0.002478169314226452
20,M_f_2,-0.0024521877016220168
21,M_f_2,-0.002426444890458956
22,M_f_2,-0.0024009585577738995
23,M_f_2,-0.002375734496012976
24,M_f_2,-0.0023507734299015584
25,M_f_2,-0.002326073968157378
26,M_f_2,-0.002301633867512748
27,M_f_2,-0.002277450565387129
28,M_f_2,-0.0022535213990054997
29,M_f_2,-0.0022298436921410003
30,M_f_2,-0.002206414787237624
31,M_f_2,-0.0021832320557881053
32,M_f_2,-0.0021602929005619057
33,M_f_2,-0.002137594755115097
34,M_f_2,-0.0021151350826310016
35,M_f_2,-0.0020929113747842816
36,M_f_2,-0.0020709211508065694
37,M_f_2,-0.0020491619567556754
38,M_f_2,-0.0020276313649434745
39,M_f_2,-0.0020063269734753525
40,M_f_2,-0.001985246405864168
1,V_f_2,-0.3210912336959219
2,V_f_2,-0.13631387895773744
3,V_f_2,-0.05246211887990459
4,V_f_2,-0.014938438562828688
5,V_f_2,0.0017996217257036972
6,V_f_2,0.009216846217934858
7,V_f_2,0.0124556575255933
8,V_f_2,0.01382179648035605
9,V_f_2,0.01434895085451714
10,V_f_2,0.01450055132844313
11,V_f_2,0.014484411813519945
12,V_f_2,0.0143937588675256
13,V_f_2,0.014270439340381637
14,V_f_2,0.014133251520226542
15,V_f_2,0.01399064702934645
16,V_f_2,0.013846428133832321
17,V_f_2,0.013702304993362745
18,V_f_2,0.013559044632330831
19,V_f_2,0.01341698788224901
20,V_f_2,0.013276282394958773
21,V_f_2,0.013136987932810354
22,V_f_2,0.012999124099136424
23,V_f_2,0.012862692066087745
24,V_f_2,0.012727684518453613
25,V_f_2,0.012594090235120061
26,V_f_2,0.012461896217448382
27,V_f_2,0.012331088687931932
28,V_f_2,0.012201653564220054
29,V_f_2,0.012073576687002244
30,V_f_2,0.011946843930986707
31,V_f_2,0.011821441259552142
32,V_f_2,0.011697354751816137
33,V_f_2,0.0115745706159537
34,V_f_2,0.011453075195532994
35,V_f_2,0.011332854972238175
36,V_f_2,0.011213896566689984
37,V_f_2,0.011096186738249598
38,V_f_2,0.010979712384272923
39,V_f_2,0.010864460539066432
40,V_f_2,0.010750418372681762
1,MC_f_2,0.07742894767040624
2,MC_f_2,0.036088007643756796
3,MC_f_2,0.0177093381071815
4,MC_f_2,0.00949054136787695
5,MC_f_2,0.005802843862078567
6,MC_f_2,0.004137582978928532
7,MC_f_2,0.003375891718398625
8,MC_f_2,0.003018389500221752
9,MC_f_2,0.00284200485594404
10,MC_f_2,0.0027469942414496125
11,MC_f_2,0.0026887042483400027
12,MC_f_2,0.002647113438980998
13,MC_f_2,0.002613226724576867
14,MC_f_2,0.0025829921266961814
15,MC_f_2,0.002554577789712322
16,MC_f_2,0.0025271513711597727
17,MC_f_2,0.002500331895877547
18,MC_f_2,0.0024739430248497635
19,MC_f_2,0.0024479016653608113
20,MC_f_2,0.0024221674903442615
21,MC_f_2,0.002396719949427524
22,MC_f_2,0.0023715477349711953
23,MC_f_2,0.002346643917775798
24,MC_f_2,0.0023220036793371083
25,MC_f_2,0.0022976232422890373
26,MC_f_2,0.0022734993589529494
27,MC_f_2,0.0022496290628167374
28,MC_f_2,0.0022260095455627254
29,MC_f_2,0.002202638094985577
30,MC_f_2,0.002179512062961052
31,MC_f_2,0.002156628848528666
32,MC_f_2,0.002133985888727383
33,MC_f_2,0.0021115806534882558
34,MC_f_2,0.0020894106426913098
35,MC_f_2,0.0020674733843981537
36,MC_f_2,0.0020457664337340357
37,MC_f_2,0.0020242873721341634
38,MC_f_2,0.0020030338067972358
39,MC_f_2,0.0019820033702584636
40,MC_f_2,0.0019611937200325253
1,PL_f_2,0.3006100172683787
2,PL_f_2,0.1411082080748122
3,PL_f_2,0.06959185277032122
4,PL_f_2,0.03756583459528279
5,PL_f_2,0.023187297308506216
6,PL_f_2,0.016694890281801014
7,PL_f_2,0.013726918059308625
8,PL_f_2,0.012334527502322725
9,PL_f_2,0.011646943079232008
10,PL_f_2,0.011275065661509591
11,PL_f_2,0.01104500763661872
12,PL_f_2,0.010879042569116024
13,PL_f_2,0.010742415388679686
14,PL_f_2,0.010619576657844415
15,PL_f_2,0.01050356271632623
16,PL_f_2,0.010391249390273692
17,PL_f_2,0.010281230273166079
18,PL_f_2,0.010172867964506168
19,PL_f_2,0.010065869635614922
20,PL_f_2,0.009960097047935676
21,PL_f_2,0.00985548145010811
22,PL_f_2,0.009751985417102522
23,PL_f_2,0.0096495857154719
24,PL_f_2,0.009548265595819456
25,PL_f_2,0.00944801131752206
26,PL_f_2,0.009348810576730562
27,PL_f_2,0.009250651792203336
28,PL_f_2,0.009153523778904889
29,PL_f_2,0.009057415597548099
30,PL_f_2,0.008962316484357781
31,PL_f_2,0.008868215817638903
32,PL_f_2,0.008775103101364007
33,PL_f_2,0.008682967956708875
34,PL_f_2,0.00859180011734636
35,PL_f_2,0.008501589426544652
36,PL_f_2,0.008412325835148657
37,PL_f_2,0.008323999400004074
38,PL_f_2,0.008236600282610373
39,PL_f_2,0.00815011874789701
40,PL_f_2,0.008064545163069616
1,PIV_f_2,0.3901348876151093
2,PIV_f_2,0.16919136961445494
3,PIV_f_2,0.07032454651380607
4,PIV_f_2,0.026198913964364124
5,PIV_f_2,0.006533183546998264
6,PIV_f_2,-0.0022031041747390756
7,PIV_f_2,-0.006055539617138753
8,PIV_f_2,-0.007725508703839462
9,PIV_f_2,-0.00842022755445546
10,PIV_f_2,-0.008679285302929276
11,PIV_f_2,-0.008743924568785253
12,PIV_f_2,-0.008722038902553325
13,PIV_f_2,-0.008661904127054173
14,PIV_f_2,-0.00858513235828337
15,PIV_f_2,-0.008501404606719125
16,PIV_f_2,-0.008415059595790954
17,PIV_f_2,-0.008328041896870942
18,PIV_f_2,-0.008241221917107059
19,PIV_f_2,-0.008154987417137686
20,PIV_f_2,-0.00806950888685915
21,PIV_f_2,-0.007984858781216372
22,PIV_f_2,-0.0079010651993083
23,PIV_f_2,-0.007818136112222677
24,PIV_f_2,-0.007736070334373228
25,PIV_f_2,-0.0076548625128358555
26,PIV_f_2,-0.0075745054084766774
27,PIV_f_2,-0.007494990945835963
28,PIV_f_2,-0.007416310700232404
29,PIV_f_2,-0.007338456125880922
30,PIV_f_2,-0.007261418663817296
31,PIV_f_2,-0.007185189793463856
32,PIV_f_2,-0.007109761057440444
33,PIV_f_2,-0.007035124073490818
34,PIV_f_2,-0.00696127054010315
35,PIV_f_2,-0.006888192238990048
36,PIV_f_2,-0.006815881035976347
37,PIV_f_2,-0.006744328881065715
38,PIV_f_2,-0.006673527808077466
39,PIV_f_2,-0.006603469934056245
40,PIV_f_2,-0.006534147458561483
1,VOil_f_2,-0.3210549161291453
2,VOil_f_2,-0.13422594032403315
3,VOil_f_2,-0.05129288941717695
4,VOil_f_2,-0.014383852058270126
5,VOil_f_2,0.0020018788821950934
6,VOil_f_2,0.009231911011167956
7,VOil_f_2,0.012375904511706542
8,VOil_f_2,0.013695801229818994
9,VOil_f_2,0.014201309224720038
10,VOil_f_2,0.014343403977237915
11,VOil_f_2,0.014323641407770035
12,VOil_f_2,0.01423217414178885
13,VOil_f_2,0.014109363415251682
14,VOil_f_2,0.013973298149590925
15,VOil_f_2,0.01383209437621353
16,VOil_f_2,0.0136893967594672
17,VOil_f_2,0.013546841896631533
18,VOil_f_2,0.013405162668979809
19,VOil_f_2,0.013264684159961529
20,VOil_f_2,0.013125546823093075
21,VOil_f_2,0.01298780718387208
22,VOil_f_2,0.012851483439914293
23,VOil_f_2,0.012716576202452996
24,VOil_f_2,0.012583077984408565
25,VOil_f_2,0.012450977571527484
26,VOil_f_2,0.0123202620537558
27,VOil_f_2,0.012190917779146384
28,VOil_f_2,0.012062930807220306
29,VOil_f_2,0.011936287127294843
30,VOil_f_2,0.011810972765032738
31,VOil_f_2,0.011686973835036299
32,VOil_f_2,0.011564276566958596
33,VOil_f_2,0.011442867318377752
34,VOil_f_2,0.011322732580928847
35,VOil_f_2,0.011203858982936462
36,VOil_f_2,0.011086233290199055
37,VOil_f_2,0.010969842405782585
38,VOil_f_2,0.010854673369277215
39,VOil_f_2,0.010740713355761749
40,VOil_f_2,0.0106279496746099
1,VNon_f_2,-0.3210803408426698
2,VNon_f_2,-0.1357164868695735
3,VNon_f_2,-0.05212844509106715
4,VNon_f_2,-0.014781028110811967
5,VNon_f_2,0.0018560544252934515
6,VNon_f_2,0.009219654785059464
7,VNon_f_2,0.012431317286815593
8,VNon_f_2,0.013784225306344006
9,VNon_f_2,0.014305194618715801
10,VNon_f_2,0.014454087502977416
11,VNon_f_2,0.014436925231208647
12,VNon_f_2,0.014346053880282601
13,VNon_f_2,0.014222894780147162
14,VNon_f_2,0.01408604303704277
15,VNon_f_2,0.013943854149845019
16,VNon_f_2,0.013800085242515081
17,VNon_f_2,0.013656425404625116
18,VNon_f_2,0.01351363188196397
19,VNon_f_2,0.013372040996742073
20,VNon_f_2,0.013231798340589119
21,VNon_f_2,0.0130929627503779
22,VNon_f_2,0.012955553428435318
23,VNon_f_2,0.012819571387834978
24,VNon_f_2,0.012685009265672557
25,VNon_f_2,0.012551855844287323
26,VNon_f_2,0.012420098151863122
27,VNon_f_2,0.012289722448274736
28,VNon_f_2,0.012160714693199131
29,VNon_f_2,0.01203306077126663
30,VNon_f_2,0.011906746601773726
31,VNon_f_2,0.011781758192747464
32,VNon_f_2,0.01165808166774099
33,VNon_f_2,0.01153570327902575
34,VNon_f_2,0.011414609413869438
35,VNon_f_2,0.011294786597233401
36,VNon_f_2,0.011176221492583177
37,VNon_f_2,0.011058900901689659
38,VNon_f_2,0.010942811763884262
39,VNon_f_2,0.010827941155017428
40,VNon_f_2,0.010714276286256685
1,P_f_3,-0.14114841666955907
2,P_f_3,-0.06565702716586876
3,P_f_3,-0.03205741141790251
4,P_f_3,-0.017053952744785494
5,P_f_3,-0.010341014691617228
6,P_f_3,-0.007323381113394445
7,P_f_3,-0.005952339704175097
8,P_f_3,-0.005314744065417988
9,P_f_3,-0.005003753531991715
10,P_f_3,-0.004838207430451391
11,P_f_3,-0.004737498435740358
12,P_f_3,-0.004665796271108037
13,P_f_3,-0.004607194969718022
14,P_f_3,-0.004554645152841581
15,P_f_3,-0.004505028901906259
16,P_f_3,-0.004456970278198737
17,P_f_3,-0.00440986329105352
18,P_f_3,-0.004363441137134913
19,P_f_3,-0.004317585769793608
20,P_f_3,-0.004272243989480624
21,P_f_3,-0.004227390635395087
22,P_f_3,-0.004183012537561633
23,P_f_3,-0.004139101579488855
24,P_f_3,-0.004095651735089796
25,P_f_3,-0.004052657824921081
26,P_f_3,-0.004010115007535848
27,P_f_3,-0.0039680185798424425
28,P_f_3,-0.003926363904082038
29,P_f_3,-0.003885146384635615
30,P_f_3,-0.003844361463117987
31,P_f_3,-0.0038040046192964277
32,P_f_3,-0.003764071373227542
33,P_f_3,-0.0037245572871219324
34,P_f_3,-0.0036854579666059117
35,P_f_3,-0.0036467690614304894
36,P_f_3,-0.003608486265767064
37,P_f_3,-0.0035706053182212247
38,P_f_3,-0.0035331220016642443
39,P_f_3,-0.0034960321429508895
40,P_f_3,-0.0034593316125684547
1,PM_f_3,-0.24110097185328638
2,PM_f_3,-0.10671037191680079
3,PM_f_3,-0.04672349021059347
4,PM_f_3,-0.019961568726716995
5,PM_f_3,-0.008030119379982409
6,PM_f_3,-0.002717222222581713
7,PM_f_3,-0.0003573367495601718
8,PM_f_3,0.0006854281101519233
9,PM_f_3,0.0011409911019590639
10,PM_f_3,0.0013349430555453473
11,PM_f_3,0.0014124655679270146
12,PM_f_3,0.0014382645299217684
13,PM_f_3,0.001441160435497952
14,PM_f_3,0.001433979241718762
15,PM_f_3,0.0014224222371500333
16,PM_f_3,0.001409019585124957
17,PM_f_3,0.0013948914934305543
18,PM_f_3,0.0013805321496422854
19,PM_f_3,0.001366158310872802
20,PM_f_3,0.0013518640989413234
21,PM_f_3,0.0013376896139115592
22,PM_f_3,0.0013236512730872305
23,PM_f_3,0.001309755181891398
24,PM_f_3,0.001296003000242523
25,PM_f_3,0.0012823945005636535
26,PM_f_3,0.001268928673652704
27,PM_f_3,0.001255604200972688
28,PM_f_3,0.0012424196527949434
29,PM_f_3,0.0012293735691055057
30,PM_f_3,0.0012164644912214463
31,PM_f_3,0.0012036909732062735
32,PM_f_3,0.001191051585334333
33,PM_f_3,0.0011785449146373178
34,PM_f_3,0.0011661695645221444
35,PM_f_3,0.0011539241541957972
36,PM_f_3,0.0011418073181354105
37,PM_f_3,0.001129817705656604
38,PM_f_3,0.0011179539805722043
39,PM_f_3,0.001106214820919174
40,PM_f_3,0.0010945989187328218
1,PH_f_3,-0.646294883234126
2,PH_f_3,-0.2889127389735353
3,PH_f_3,-0.1293828094848216
4,PH_f_3,-0.05817176675026661
5,PH_f_3,-0.026384975456768864
6,PH_f_3,-0.01219537682023152
7,PH_f_3,-0.005859680665300573
8,PH_f_3,-0.00302892099979291
9,PH_f_3,-0.0017620872471797101
10,PH_f_3,-0.0011929751260953201
11,PH_f_3,-0.0009350852532440612
12,PH_f_3,-0.0008159950308584827
13,PH_f_3,-0.0007588035968956195
14,PH_f_3,-0.0007292241577715483
15,PH_f_3,-0.0007119761737216426
16,PH_f_3,-0.0007002533077448621
17,PH_f_3,-0.0006910259424493676
18,PH_f_3,-0.0006829466848277391
19,PH_f_3,-0.000675416873370031
20,PH_f_3,-0.0006681707623573623
21,PH_f_3,-0.0006610904374781102
22,PH_f_3,-0.000654123513610419
23,PH_f_3,-0.0006472465851443661
24,PH_f_3,-0.0006404490230570979
25,PH_f_3,-0.0006337258088582427
26,PH_f_3,-0.0006270743753183689
27,PH_f_3,-0.0006204932196432904
28,PH_f_3,-0.0006139812982760406
29,PH_f_3,-0.000607537764935148
30,PH_f_3,-0.0006011618585090741
31,PH_f_3,-0.0005948528558550113
32,PH_f_3,-0.0005886100523926421
33,PH_f_3,-0.0005824327544085271
34,PH_f_3,-0.0005763202761759138
35,PH_f_3,-0.0005702719389804884
36,PH_f_3,-0.0005642870708529857
37,PH_f_3,-0.0005583650065323656
38,PH_f_3,-0.0005525050874818347
39,PH_f_3,-0.0005467066618990034
40,PH_f_3,-0.0005409690847061792
1,Cg_f_3,0.3523494930424935
2,Cg_f_3,0.16616657972114796
3,Cg_f_3,0.08294468755551282
4,Cg_f_3,0.045759174981143735
5,Cg_f_3,0.029112708294340994
6,Cg_f_3,0.021621376330874305
7,Cg_f_3,0.018206631427794568
8,Cg_f_3,0.016604947832276225
9,Cg_f_3,0.01580860494694197
10,Cg_f_3,0.01536960641403623
11,Cg_f_3,0.015089155224495296
12,Cg_f_3,0.014879246941331418
13,Cg_f_3,0.014701045314859964
14,Cg_f_3,0.014537482049282426
15,Cg_f_3,0.014381095368359275
16,Cg_f_3,0.014228644844513411
17,Cg_f_3,0.014078734226293394
18,Cg_f_3,0.013930766478861451
19,Cg_f_3,0.013784487057164051
20,Cg_f_3,0.013639785849673916
21,Cg_f_3,0.013496612238562113
22,Cg_f_3,0.01335493924709764
23,Cg_f_3,0.013214748760371115
24,Cg_f_3,0.0130760256540964
25,Cg_f_3,0.012938755603686774
26,Cg_f_3,0.012802924360495481
27,Cg_f_3,0.012668517578881024
28,Cg_f_3,0.012535520827501973
29,Cg_f_3,0.01240391964635343
30,Cg_f_3,0.012273699602625412
31,Cg_f_3,0.012144846333259835
32,Cg_f_3,0.012017345574015155
33,Cg_f_3,0.01189118317804275
34,Cg_f_3,0.011766345127143803
35,Cg_f_3,0.011642817538202267
36,Cg_f_3,0.01152058666654753
37,Cg_f_3,0.011399638907407736
38,Cg_f_3,0.011279960796195726
39,Cg_f_3,0.011161539008091007
40,Cg_f_3,0.011044360357202805
1,Cs_f_3,-6.665708191117944e-7
2,Cs_f_3,6.377695250761639e-6
3,Cs_f_3,3.4525299346161215e-6
4,Cs_f_3,1.517957429855772e-6
5,Cs_f_3,4.196102903593796e-7
6,Cs_f_3,-1.5908544086970207e-7
7,Cs_f_3,-4.4973968073586184e-7
8,Cs_f_3,-5.899083884835626e-7
9,Cs_f_3,-6.542364764008563e-7
10,Cs_f_3,-6.812608562054121e-7
11,Cs_f_3,-6.902633433491657e-7
12,Cs_f_3,-6.906876061488121e-7
13,Cs_f_3,-6.870881434310407e-7
14,Cs_f_3,-6.816361620637859e-7
15,Cs_f_3,-6.753573572060165e-7
16,Cs_f_3,-6.687326827062448e-7
17,Cs_f_3,-6.619861837223204e-7
18,Cs_f_3,-6.552215397700684e-7
19,Cs_f_3,-6.484863381522492e-7
20,Cs_f_3,-6.418021419412218e-7
21,Cs_f_3,-6.35178485692283e-7
22,Cs_f_3,-6.286193631504175e-7
23,Cs_f_3,-6.221262243043893e-7
24,Cs_f_3,-6.156993559089363e-7
25,Cs_f_3,-6.093385158311305e-7
26,Cs_f_3,-6.030432239144544e-7
27,Cs_f_3,-5.96812895096643e-7
28,Cs_f_3,-5.906469002240432e-7
29,Cs_f_3,-5.845445937805848e-7
30,Cs_f_3,-5.785053264984292e-7
31,Cs_f_3,-5.725284510684192e-7
32,Cs_f_3,-5.666133247042488e-7
33,Cs_f_3,-5.607593102731961e-7
34,Cs_f_3,-5.549657767742683e-7
35,Cs_f_3,-5.492320995194886e-7
36,Cs_f_3,-5.435576601803369e-7
37,Cs_f_3,-5.379418467730923e-7
38,Cs_f_3,-5.323840536166815e-7
39,Cs_f_3,-5.268836812783134e-7
40,Cs_f_3,-5.214401365138969e-7
1,CHg_f_3,0.8569870854364489
2,CHg_f_3,0.38916312126448827
3,CHg_f_3,0.18015222964096553
4,CHg_f_3,0.08682571139873138
5,CHg_f_3,0.04513644836513465
6,CHg_f_3,0.02648751975285946
7,CHg_f_3,0.01811471280467591
8,CHg_f_3,0.014322858023415881
9,CHg_f_3,0.012572006674449026
10,CHg_f_3,0.011730016414154215
11,CHg_f_3,0.011292611177212565
12,CHg_f_3,0.011035383515182672
13,CHg_f_3,0.010858588792992951
14,CHg_f_3,0.010717960734397241
15,CHg_f_3,0.01059389288064269
16,CHg_f_3,0.010477722551754444
17,CHg_f_3,0.010365633562391837
18,CHg_f_3,0.010255949958889569
19,CHg_f_3,0.010147937335059974
20,CHg_f_3,0.010041273371277418
21,CHg_f_3,0.009935814845983283
22,CHg_f_3,0.009831495631807475
23,CHg_f_3,0.00972828235061521
24,CHg_f_3,0.009626155283596472
25,CHg_f_3,0.0095251002676237
26,CHg_f_3,0.009425105325209812
27,CHg_f_3,0.009326159306360465
28,CHg_f_3,0.009228251368589908
29,CHg_f_3,0.009131370795597568
30,CHg_f_3,0.009035506946113773
31,CHg_f_3,0.008940649248422592
32,CHg_f_3,0.008846787207922738
33,CHg_f_3,0.008753910416161729
34,CHg_f_3,0.008662008557959035
35,CHg_f_3,0.008571071416159412
36,CHg_f_3,0.008481088874433886
37,CHg_f_3,0.00839205091868286
38,CHg_f_3,0.008303947637506486
39,CHg_f_3,0.008216769222078606
40,CHg_f_3,0.00813050596565066
1,CFg_f_3,-0.1784012742347072
2,CFg_f_3,-0.0684041431160788
3,CFg_f_3,-0.01931168091834842
4,CFg_f_3,0.0025597981396241333
5,CFg_f_3,0.012258240752382481
6,CFg_f_3,0.01650517744415815
7,CFg_f_3,0.01830672288723382
8,CFg_f_3,0.019009347513072435
9,CFg_f_3,0.019217271672569584
10,CFg_f_3,0.01920226827909394
11,CFg_f_3,0.01908693812451416
12,CFg_f_3,0.01892679293007134
13,CFg_f_3,0.018747083158108975
14,CFg_f_3,0.018559358592681117
15,CFg_f_3,0.01836893660674353
16,CFg_f_3,0.018178282441434303
17,CFg_f_3,0.017988546326748938
18,CFg_f_3,0.017800266591699587
19,CFg_f_3,0.017613693666341853
20,CFg_f_3,0.01742894075657756
21,CFg_f_3,0.017246054696846407
22,CFg_f_3,0.017065049710441895
23,CFg_f_3,0.016885923743700626
24,CFg_f_3,0.016708666505799746
25,CFg_f_3,0.016533263500325492
26,CFg_f_3,0.01635969808648745
27,CFg_f_3,0.01618795255353488
28,CFg_f_3,0.01601800869119319
29,CFg_f_3,0.015849848097564862
30,CFg_f_3,0.01568345234761607
31,CFg_f_3,0.015518803086289038
32,CFg_f_3,0.015355882080199385
33,CFg_f_3,0.015194671246255767
34,CFg_f_3,0.015035152667267458
35,CFg_f_3,0.0148773086001451
36,CFg_f_3,0.014721121479854419
37,CFg_f_3,0.014566573920922294
38,CFg_f_3,0.014413648717528428
39,CFg_f_3,0.014262328842779849
40,CFg_f_3,0.014112597447515115
1,CHs_f_3,-1.681074017148102e-6
2,CHs_f_3,-5.3305701792556e-6
3,CHs_f_3,-3.211159273410125e-6
4,CHs_f_3,-1.7507018183852804e-6
5,CHs_f_3,-8.931091264279479e-7
6,CHs_f_3,-4.280718702291541e-7
7,CHs_f_3,-1.877428459340408e-7
8,CHs_f_3,-6.749320937476558e-8
9,CHs_f_3,-8.743928207375332e-9
10,CHs_f_3,1.9388928737004783e-8
11,CHs_f_3,3.258141707147679e-8
12,CHs_f_3,3.858834298952105e-8
13,CHs_f_3,4.117673775490993e-8
14,CHs_f_3,4.215245535583988e-8
15,CHs_f_3,4.237281260343e-8
16,CHs_f_3,4.2241923423800634e-8
17,CHs_f_3,4.194930592583421e-8
18,CHs_f_3,4.1583532801112816e-8
19,CHs_f_3,4.1185913613671854e-8
20,CHs_f_3,4.07756964897291e-8
21,CHs_f_3,4.0361848092199476e-8
22,CHs_f_3,3.994854446907461e-8
23,CHs_f_3,3.9537726810421495e-8
24,CHs_f_3,3.913029096314507e-8
25,CHs_f_3,3.87266417858925e-8
26,CHs_f_3,3.832695221424506e-8
27,CHs_f_3,3.79312848582506e-8
28,CHs_f_3,3.753964942619373e-8
29,CHs_f_3,3.715203006015864e-8
30,CHs_f_3,3.676839847893218e-8
31,CHs_f_3,3.6388720372893635e-8
32,CHs_f_3,3.601295855848474e-8
33,CHs_f_3,3.564107455787861e-8
34,CHs_f_3,3.527302940258545e-8
35,CHs_f_3,3.490878404859268e-8
36,CHs_f_3,3.454829959374111e-8
37,CHs_f_3,3.419153739263791e-8
38,CHs_f_3,3.3838459117540405e-8
39,CHs_f_3,3.3489026790265995e-8
40,CHs_f_3,3.314320279832087e-8
1,CFs_f_3,-5.573680500956437e-7
2,CFs_f_3,2.060760965774373e-5
3,CFs_f_3,1.1387975373607002e-5
4,CFs_f_3,5.248602300182789e-6
5,CFs_f_3,1.7427202605230344e-6
6,CFs_f_3,-1.1386241467050757e-7
7,CFs_f_3,-1.0511670568965843e-6
8,CFs_f_3,-1.5062875028673938e-6
9,CFs_f_3,-1.7176986315986955e-6
10,CFs_f_3,-1.8089752715884327e-6
11,CFs_f_3,-1.8421070107401106e-6
12,CFs_f_3,-1.8475095504918161e-6
13,CFs_f_3,-1.8398710817295389e-6
14,CFs_f_3,-1.8262008800233997e-6
15,CFs_f_3,-1.8098131901838953e-6
16,CFs_f_3,-1.7922635865712179e-6
17,CFs_f_3,-1.77427761444291e-6
18,CFs_f_3,-1.7561916495907626e-6
19,CFs_f_3,-1.7381605512807549e-6
20,CFs_f_3,-1.7202548681609261e-6
21,CFs_f_3,-1.7025061198106572e-6
22,CFs_f_3,-1.6849278085569003e-6
23,CFs_f_3,-1.6675251397727902e-6
24,CFs_f_3,-1.6502995080524561e-6
25,CFs_f_3,-1.6332505641431017e-6
26,CFs_f_3,-1.6163771661666032e-6
27,CFs_f_3,-1.5996778171221201e-6
28,CFs_f_3,-1.58315086609297e-6
29,CFs_f_3,-1.566794600811198e-6
30,CFs_f_3,-1.5506072902615792e-6
31,CFs_f_3,-1.534587204290164e-6
32,CFs_f_3,-1.5187326226109601e-6
33,CFs_f_3,-1.5030418389121996e-6
34,CFs_f_3,-1.487513162689444e-6
35,CFs_f_3,-1.4721449200194042e-6
36,CFs_f_3,-1.4569354538373528e-6
37,CFs_f_3,-1.4418831239804775e-6
38,CFs_f_3,-1.4269863071202194e-6
39,CFs_f_3,-1.4122433966417984e-6
40,CFs_f_3,-1.3976528024987043e-6
1,L_f_3,-0.8566105794146259
2,L_f_3,-0.3905712175203363
3,L_f_3,-0.1821478741945304
4,L_f_3,-0.08896458007895681
5,L_f_3,-0.04725382402424418
6,L_f_3,-0.028536273415777913
7,L_f_3,-0.020091952188965805
8,L_f_3,-0.01623904461615426
9,L_f_3,-0.01443919501692686
10,L_f_3,-0.013558156529329892
11,L_f_3,-0.013088954971571778
12,L_f_3,-0.01280490021408544
13,L_f_3,-0.012604575084894607
14,L_f_3,-0.012442573377219542
15,L_f_3,-0.012298544085134495
16,L_f_3,-0.01216335124085347
17,L_f_3,-0.012032883143984716
18,L_f_3,-0.01190528147578448
19,L_f_3,-0.011779700075625892
20,L_f_3,-0.011655748328744721
21,L_f_3,-0.011533241203432621
22,L_f_3,-0.01141208678777217
23,L_f_3,-0.011292235566315334
24,L_f_3,-0.011173657469909452
25,L_f_3,-0.011056331448859676
26,L_f_3,-0.010940240710575875
27,L_f_3,-0.010825370529609283
28,L_f_3,-0.010711707231870796
29,L_f_3,-0.01059923771829692
30,L_f_3,-0.010487949238369206
31,L_f_3,-0.01037782928051857
32,L_f_3,-0.010268865517873831
33,L_f_3,-0.010161045780591571
34,L_f_3,-0.01005435804116419
35,L_f_3,-0.009948790406182318
36,L_f_3,-0.00984433111137241
37,L_f_3,-0.00974096851833233
38,L_f_3,-0.00963869111216757
39,L_f_3,-0.009537487499616842
40,L_f_3,-0.00943734640745073
1,Y_f_3,0.5488525460627185
2,Y_f_3,0.2477539563299664
3,Y_f_3,0.11321917060219094
4,Y_f_3,0.053154661207711944
5,Y_f_3,0.026334122824272835
6,Y_f_3,0.014348863062564061
7,Y_f_3,0.008981386536919456
8,Y_f_3,0.0065646829930417604
9,Y_f_3,0.005463009639002931
10,Y_f_3,0.004947063179509444
11,Y_f_3,0.004691879602151619
12,Y_f_3,0.004552775163139635
13,Y_f_3,0.004465398204649376
14,Y_f_3,0.004401164764657693
15,Y_f_3,0.004347400096290951
16,Y_f_3,0.004298496209122292
17,Y_f_3,0.004251978488919945
18,Y_f_3,0.004206758326554871
19,Y_f_3,0.004162358225376699
20,Y_f_3,0.0041185689721738574
21,Y_f_3,0.004075298441113138
22,Y_f_3,0.004032505197791227
23,Y_f_3,0.003990169512784071
24,Y_f_3,0.00394828080945802
25,Y_f_3,0.003906832290268927
26,Y_f_3,0.0038658186738774235
27,Y_f_3,0.003825235265389966
28,Y_f_3,0.0037850775887953835
29,Y_f_3,0.0037453412508747113
30,Y_f_3,0.0037060218969030487
31,Y_f_3,0.003667115200500013
32,Y_f_3,0.0036286168646853423
33,Y_f_3,0.0035905226255481346
34,Y_f_3,0.003552828255671009
35,Y_f_3,0.0035155295666109065
36,Y_f_3,0.0034786224104665303
37,Y_f_3,0.003442102680748048
38,Y_f_3,0.003405966312764837
39,Y_f_3,0.0033702092836983134
40,Y_f_3,0.0033348276124762397
1,M_f_3,-0.05256078287066144
2,M_f_3,-0.022627447457248723
3,M_f_3,-0.009439578813052777
4,M_f_3,-0.0035466692860237113
5,M_f_3,-0.0009061782513449025
6,M_f_3,0.00027890346279020324
7,M_f_3,0.0008100549591317488
8,M_f_3,0.0010459915023570431
9,M_f_3,0.001147901945402215
10,M_f_3,0.0011885610111128093
11,M_f_3,0.001201016158341961
12,M_f_3,0.0012003813836828539
13,M_f_3,0.0011936292579065174
14,M_f_3,0.0011840104047179964
15,M_f_3,0.0011730592475565934
16,M_f_3,0.0011615105571301549
17,M_f_3,0.001149721824077776
18,M_f_3,0.0011378699120110339
19,M_f_3,0.0011260437534878407
20,M_f_3,0.0011142886811118895
21,M_f_3,0.0011026279822770278
22,M_f_3,0.001091073573419516
23,M_f_3,0.0010796313906845207
24,M_f_3,0.0010683041677539546
25,M_f_3,0.0010570928961088797
26,M_f_3,0.001045997607365003
27,M_f_3,0.0010350177997471791
28,M_f_3,0.0010241526741628223
29,M_f_3,0.0010134012665986671
30,M_f_3,0.00100276252317709
31,M_f_3,0.0009922353430707985
32,M_f_3,0.0009818186031971463
33,M_f_3,0.0009715111724882013
34,M_f_3,0.0009613119201526671
35,M_f_3,0.0009512197204546864
36,M_f_3,0.0009412334554642626
37,M_f_3,0.0009313520166224359
38,M_f_3,0.0009215743056121743
39,M_f_3,0.000911899234821934
40,M_f_3,0.0009023257275700628
1,V_f_3,-0.9894714774674283
2,V_f_3,-0.431865008691583
3,V_f_3,-0.1830212602553142
4,V_f_3,-0.07199519166069879
5,V_f_3,-0.022503220727576167
6,V_f_3,-0.0004903185836437188
7,V_f_3,0.009249025242773986
8,V_f_3,0.013505313626233554
9,V_f_3,0.015311753952866332
10,V_f_3,0.016023618704079524
11,V_f_3,0.01624667935042865
12,V_f_3,0.016251824892462245
13,V_f_3,0.016160261988965717
14,V_f_3,0.01602626228897247
15,V_f_3,0.015874147051662523
16,V_f_3,0.01571482536177282
17,V_f_3,0.01555319388531866
18,V_f_3,0.015391450376139391
19,V_f_3,0.015230578946901193
20,V_f_3,0.015071016736395253
21,V_f_3,0.01491295367228164
22,V_f_3,0.014756467567112101
23,V_f_3,0.0146015851842803
24,V_f_3,0.01444830994690564
25,V_f_3,0.014296634572437635
26,V_f_3,0.014146546869343746
27,V_f_3,0.013998032416983814
28,V_f_3,0.013851075816055632
29,V_f_3,0.013705661278416872
30,V_f_3,0.013561772908683475
31,V_f_3,0.013419394840361644
32,V_f_3,0.013278511302389905
33,V_f_3,0.013139106651867832
34,V_f_3,0.013001165390069153
35,V_f_3,0.01286467217003811
36,V_f_3,0.012729611799867879
37,V_f_3,0.012595969243723817
38,V_f_3,0.012463729621670116
39,V_f_3,0.012332878208853948
40,V_f_3,0.01220340043434245
1,MC_f_3,-0.646294877848145
2,MC_f_3,-0.2889123783441022
3,MC_f_3,-0.12938262207277507
4,MC_f_3,-0.058171692320835466
5,MC_f_3,-0.026384964712338404
6,MC_f_3,-0.0121953994553422
7,MC_f_3,-0.005859719971158935
8,MC_f_3,-0.003028968270952281
9,MC_f_3,-0.0017621381019621632
10,MC_f_3,-0.001193027410306488
11,MC_f_3,-0.0009351379263699595
12,MC_f_3,-0.0008160475978992272
13,MC_f_3,-0.0007588558261176508
14,MC_f_3,-0.000729275943068026
15,MC_f_3,-0.0007120274683984279
16,MC_f_3,-0.000700304092995636
17,MC_f_3,-0.0006910762124681717
18,MC_f_3,-0.0006829964398244196
19,MC_f_3,-0.0006754661163110848
20,MC_f_3,-0.0006682194974521187
21,MC_f_3,-0.0006611386694784402
22,MC_f_3,-0.0006541712474880236
23,MC_f_3,-0.0006472938259426639
24,MC_f_3,-0.000640495775823592
25,MC_f_3,-0.0006337720786138744
26,MC_f_3,-0.0006271201670438254
27,MC_f_3,-0.0006205385382730627
28,MC_f_3,-0.000614026148696014
29,MC_f_3,-0.0006075821519817964
30,MC_f_3,-0.0006012057869693809
31,MC_f_3,-0.0005948963304667153
32,MC_f_3,-0.0005886530778446283
33,MC_f_3,-0.0005824753353412773
34,MC_f_3,-0.0005763624171819846
35,MC_f_3,-0.0005703136446049958
36,MC_f_3,-0.0005643283455940904
37,MC_f_3,-0.000558405854841757
38,MC_f_3,-0.0005525455137652094
39,MC_f_3,-0.0005467466705165406
40,MC_f_3,-0.000541008679973011
1,PL_f_3,0.30061188122198673
2,PL_f_3,0.14112221445916215
3,PL_f_3,0.06960045803710538
4,PL_f_3,0.037570680136523156
5,PL_f_3,0.023189930483017113
6,PL_f_3,0.016696323271035457
7,PL_f_3,0.01372773020823804
8,PL_f_3,0.0123350279543601
9,PL_f_3,0.011647289868147741
10,PL_f_3,0.011275337304677521
11,PL_f_3,0.011045242378505475
12,PL_f_3,0.010879258777249755
13,PL_f_3,0.010742621797687563
14,PL_f_3,0.010619777395456957
15,PL_f_3,0.01050375972838318
16,PL_f_3,0.010391443596548689
17,PL_f_3,0.010281422113309097
18,PL_f_3,0.010173057654207705
19,PL_f_3,0.01006605728623411
20,PL_f_3,0.009960282722191774
21,PL_f_3,0.009855665187963426
22,PL_f_3,0.009752167247788207
23,PL_f_3,0.009649765663081832
24,PL_f_3,0.009548443681919417
25,PL_f_3,0.009448187562372303
26,PL_f_3,0.009348984999862583
27,PL_f_3,0.009250824412694647
28,PL_f_3,0.009153694615511729
29,PL_f_3,0.00905758466877082
30,PL_f_3,0.008962483808473991
31,PL_f_3,0.008868381412720993
32,PL_f_3,0.008775266985288998
33,PL_f_3,0.008683130147164441
34,PL_f_3,0.008591960631834882
35,PL_f_3,0.00850174828238626
36,PL_f_3,0.008412483049483725
37,PL_f_3,0.008324154989795414
38,PL_f_3,0.008236754264645265
39,PL_f_3,0.008150271138789118
40,PL_f_3,0.008064695979260846
1,PIV_f_3,0.3901296677043147
2,PIV_f_3,0.1690542294937531
3,PIV_f_3,0.07025038984036878
4,PIV_f_3,0.026166362348233455
5,PIV_f_3,0.006524292206309267
6,PIV_f_3,-0.0021995030817987217
7,PIV_f_3,-0.006045651600370723
8,PIV_f_3,-0.007712583574537733
9,PIV_f_3,-0.008405906649248455
10,PIV_f_3,-0.008664377484364286
11,PIV_f_3,-0.008728821280443107
12,PIV_f_3,-0.008706926765103814
13,PIV_f_3,-0.008646870812464885
14,PIV_f_3,-0.008570218293853852
15,PIV_f_3,-0.00848662786694348
16,PIV_f_3,-0.00840042775760798
17,PIV_f_3,-0.008313557639083856
18,PIV_f_3,-0.008226885647745043
19,PIV_f_3,-0.008140798499796471
20,PIV_f_3,-0.008055466210665581
21,PIV_f_3,-0.007970961024796466
22,PIV_f_3,-0.00788731095266829
23,PIV_f_3,-0.007804523932863604
24,PIV_f_3,-0.007722598773042228
25,PIV_f_3,-0.007641530125286985
26,PIV_f_3,-0.0075613107607949365
27,PIV_f_3,-0.007481932616802984
28,PIV_f_3,-0.007403387282333381
29,PIV_f_3,-0.007325666225687833
30,PIV_f_3,-0.007248760902085957
31,PIV_f_3,-0.007172662805099959
32,PIV_f_3,-0.00709736349140586
33,PIV_f_3,-0.007022854592683013
34,PIV_f_3,-0.006949127821222871
35,PIV_f_3,-0.006876174972404288
36,PIV_f_3,-0.006803987925579851
37,PIV_f_3,-0.006732558644142534
38,PIV_f_3,-0.006661879175163299
39,PIV_f_3,-0.006591941648801855
40,PIV_f_3,-0.006522738277597378
1,VOil_f_3,-0.9894726422038107
2,VOil_f_3,-0.43179541254108633
3,VOil_f_3,-0.1829793635622276
4,VOil_f_3,-0.07197241285875117
5,VOil_f_3,-0.022491609268398247
6,VOil_f_3,-0.00048472687139199875
7,VOil_f_3,0.009251522607752019
8,VOil_f_3,0.013506269771787887
9,VOil_f_3,0.015311959911208284
10,VOil_f_3,0.016023466379990022
11,VOil_f_3,0.016246359173266615
12,VOil_f_3,0.016251428091305704
13,VOil_f_3,0.01615983180518935
14,VOil_f_3,0.016025819047909437
15,VOil_f_3,0.015873700239796843
16,VOil_f_3,0.015714379375573403
17,VOil_f_3,0.015552750743532007
18,VOil_f_3,0.015391010990989835
19,VOil_f_3,0.01523014371698739
20,VOil_f_3,0.015070585822282233
21,VOil_f_3,0.014912527124331536
22,VOil_f_3,0.014756045384722721
23,VOil_f_3,0.014601167343344195
24,VOil_f_3,0.014447896412556883
25,VOil_f_3,0.014296225304985085
26,VOil_f_3,0.014146141827043778
27,VOil_f_3,0.013997631557342767
28,VOil_f_3,0.013850679096445233
29,VOil_f_3,0.01370526865636676
30,VOil_f_3,0.013561384342020685
31,VOil_f_3,0.013419010287276935
32,VOil_f_3,0.013278130721468651
33,VOil_f_3,0.013138730002103556
34,VOil_f_3,0.013000792630868402
35,VOil_f_3,0.012864303261220983
36,VOil_f_3,0.012729246701666336
37,VOil_f_3,0.012595607916778814
38,VOil_f_3,0.01246337202702816
39,VOil_f_3,0.01233252430796332
40,VOil_f_3,0.012203050189049327
1,VNon_f_3,-0.9894729517701069
2,VNon_f_3,-0.4318829214683678
3,VNon_f_3,-0.18303038255638435
4,VNon_f_3,-0.0719986170824885
5,VNon_f_3,-0.022503445963807534
6,VNon_f_3,-0.0004888707028317582
7,VNon_f_3,0.009251306456815902
8,VNon_f_3,0.01350799123568497
9,VNon_f_3,0.015314608185811037
10,VNon_f_3,0.016026541545216575
11,VNon_f_3,0.016249618635297208
12,VNon_f_3,0.016254755813265753
13,VNon_f_3,0.016163172943335226
14,VNon_f_3,0.01602914797836784
15,VNon_f_3,0.015877005160135845
16,VNon_f_3,0.015717654973961503
17,VNon_f_3,0.015555994738942487
18,VNon_f_3,0.015394222511104972
19,VNon_f_3,0.015233322541476973
20,VNon_f_3,0.015073732031081723
21,VNon_f_3,0.014915640934581455
22,VNon_f_3,0.014759127075292703
23,VNon_f_3,0.0146042172199227
24,VNon_f_3,0.014450914791504147
25,VNon_f_3,0.014299212505861573
26,VNon_f_3,0.014149098169152411
27,VNon_f_3,0.014000557358131346
28,VNon_f_3,0.01385357467077337
29,VNon_f_3,0.013708134316176264
30,VNon_f_3,0.01356422039619528
31,VNon_f_3,0.013421817041591351
32,VNon_f_3,0.01328090847858029
33,VNon_f_3,0.013141479061564532
34,VNon_f_3,0.013003513289147419
35,VNon_f_3,0.012866995811729927
36,VNon_f_3,0.012731911434789082
37,VNon_f_3,0.012598245119901024
38,VNon_f_3,0.012465981984567479
39,VNon_f_3,0.012335107301399584
40,VNon_f_3,0.012205606496954654
1,P_f_4,0.21411769422830793
2,P_f_4,0.09525605735877112
3,P_f_4,0.04217626875058117
4,P_f_4,0.018472535868293328
5,P_f_4,0.00788650535497962
6,P_f_4,0.003159293595744819
7,P_f_4,0.001049509013134186
8,P_f_4,0.00010944161773949576
9,P_f_4,-0.00030767218627675725
10,P_f_4,-0.0004908712505917246
11,P_f_4,-0.0005693834692861823
12,P_f_4,-0.0006010186740347988
13,P_f_4,-0.0006116569448575426
14,P_f_4,-0.0006128951927238009
15,P_f_4,-0.0006099363883316034
16,P_f_4,-0.0006051185059142292
17,P_f_4,-0.0005994941812926098
18,P_f_4,-0.0005935384690178171
19,P_f_4,-0.0005874663340780975
20,P_f_4,-0.0005813753010825064
21,P_f_4,-0.0005753096793336821
22,P_f_4,-0.000569289556796895
23,P_f_4,-0.000563323934823859
24,P_f_4,-0.0005574167050248054
25,P_f_4,-0.0005515693845116862
26,P_f_4,-0.0005457823766332457
27,P_f_4,-0.0005400555572490442
28,P_f_4,-0.0005343885503157891
29,P_f_4,-0.0005287808590990963
30,P_f_4,-0.0005232319295748019
31,P_f_4,-0.0005177411815715845
32,P_f_4,-0.0005123080243376367
33,P_f_4,-0.0005069318644590733
34,P_f_4,-0.0005016121099531899
35,P_f_4,-0.0004963481724112843
36,P_f_4,-0.0004911394681273109
37,P_f_4,-0.00048598541868910376
38,P_f_4,-0.00048088545127974335
39,P_f_4,-0.0004758389988201472
40,P_f_4,-0.00047084550002354683
1,PM_f_4,0.048936043655254585
2,PM_f_4,0.023325069559694357
3,PM_f_4,0.011862108115806467
4,PM_f_4,0.006720248512865927
5,PM_f_4,0.00440323005466138
6,PM_f_4,0.0033497543120358845
7,PM_f_4,0.002862150940201936
8,PM_f_4,0.002628404716347424
9,PM_f_4,0.0025088258399707554
10,PM_f_4,0.002440789153218283
11,PM_f_4,0.002396169067234271
12,PM_f_4,0.002362304985804516
13,PM_f_4,0.002333480571373329
14,PM_f_4,0.0023071045135328165
15,PM_f_4,0.0022819957874634545
16,PM_f_4,0.002257612125981824
17,PM_f_4,0.002233701921217647
18,PM_f_4,0.002210146612153028
19,PM_f_4,0.0021868889965228444
20,PM_f_4,0.0021639004361793056
21,PM_f_4,0.0021411657458491554
22,PM_f_4,0.002118676167367465
23,PM_f_4,0.0020964260672208753
24,PM_f_4,0.002074411363826536
25,PM_f_4,0.0020526287670795417
26,PM_f_4,0.0020310754042646285
27,PM_f_4,0.0020097486325154263
28,PM_f_4,0.001988645942880185
29,PM_f_4,0.0019677649102116035
30,PM_f_4,0.001947103166430564
31,PM_f_4,0.0019266583859508329
32,PM_f_4,0.001906428277554482
33,PM_f_4,0.0018864105797520296
34,PM_f_4,0.0018666030580566687
35,PM_f_4,0.0018470035033255428
36,PM_f_4,0.001827609730703669
37,PM_f_4,0.0018084195789121677
38,PM_f_4,0.0017894309097352603
39,PM_f_4,0.0017706416076232238
40,PM_f_4,0.0017520495793637554
1,PH_f_4,0.2141178166911866
2,PH_f_4,0.09525877258051484
3,PH_f_4,0.042177646777294804
4,PH_f_4,0.01847304754957004
5,PH_f_4,0.007886530600895643
6,PH_f_4,0.00315906464358274
7,PH_f_4,0.0010491535194413586
8,PH_f_4,0.00010902598269183873
9,PH_f_4,-0.0003081145695107936
10,PH_f_4,-0.0004913239705010456
11,PH_f_4,-0.0005698386002316266
12,PH_f_4,-0.0006014724469600779
13,PH_f_4,-0.000612107597307452
14,PH_f_4,-0.000613341920234787
15,PH_f_4,-0.0006103788397545226
16,PH_f_4,-0.0006055565429868176
17,PH_f_4,-0.0005999277650205743
18,PH_f_4,-0.0005939676063331841
19,PH_f_4,-0.0005878910529335799
20,PH_f_4,-0.0005817956388779468
21,PH_f_4,-0.0005757256775609308
22,PH_f_4,-0.0005697012585723282
23,PH_f_4,-0.0005637313837566253
24,PH_f_4,-0.0005578199447007799
25,PH_f_4,-0.0005519684582602999
26,PH_f_4,-0.0005461773274238639
27,PH_f_4,-0.0005404464276464745
28,PH_f_4,-0.0005347753824626811
29,PH_f_4,-0.0005291636947105075
30,PH_f_4,-0.0005236108099382378
31,PH_f_4,-0.0005181161475494743
32,PH_f_4,-0.0005126791163708711
33,PH_f_4,-0.0005072991225709903
34,PH_f_4,-0.0005019755737537309
35,PH_f_4,-0.0004967078811012003
36,PH_f_4,-0.0004914954605023641
37,PH_f_4,-0.0004863377331442419
38,PH_f_4,-0.000481234125813238
39,PH_f_4,-0.00047618407103769097
40,PH_f_4,-0.00047118700714230983
1,Cg_f_4,-0.0029271246101148355
2,Cg_f_4,0.004749281819614736
3,Cg_f_4,0.008440088462590886
4,Cg_f_4,0.010115636863263538
5,Cg_f_4,0.010855615992044569
6,Cg_f_4,0.011155313398664253
7,Cg_f_4,0.01124463050939433
8,Cg_f_4,0.011231823614661194
9,Cg_f_4,0.011168723955981778
10,Cg_f_4,0.011080614346365255
11,Cg_f_4,0.010980078011121941
12,Cg_f_4,0.010873509166310556
13,Cg_f_4,0.010764224265805727
14,Cg_f_4,0.010653976469911645
15,Cg_f_4,0.01054370781512963
16,Cg_f_4,0.010433930751944877
17,Cg_f_4,0.010324925846005967
18,Cg_f_4,0.010216846357318647
19,Cg_f_4,0.010109774634051131
20,Cg_f_4,0.01000375305189363
21,Cg_f_4,0.009898801244385982
22,Cg_f_4,0.009794925820373534
23,Cg_f_4,0.009692125901424454
24,Cg_f_4,0.009590396303603584
25,Cg_f_4,0.009489729377669042
26,Cg_f_4,0.009390116078693268
27,Cg_f_4,0.009291546590083926
28,Cg_f_4,0.009194010688563702
29,Cg_f_4,0.009097497957944786
30,Cg_f_4,0.009001997914366539
31,Cg_f_4,0.008907500079568179
32,Cg_f_4,0.008813994023607765
33,Cg_f_4,0.008721469389593619
34,Cg_f_4,0.008629915907816964
35,Cg_f_4,0.008539323403636561
36,Cg_f_4,0.008449681801679761
37,Cg_f_4,0.008360981127872962
38,Cg_f_4,0.008273211510194382
39,Cg_f_4,0.008186363178676541
40,Cg_f_4,0.008100426464969872
1,Cs_f_4,-4.7556363227794634e-7
2,Cs_f_4,-1.8630565395159198e-5
3,Cs_f_4,-1.0007593554860558e-5
4,Cs_f_4,-4.320883942642795e-6
5,Cs_f_4,-1.087735918137492e-6
6,Cs_f_4,6.193485376190016e-7
7,Cs_f_4,1.478267734357362e-6
8,Cs_f_4,1.8927916803596138e-6
9,Cs_f_4,2.0827455473815927e-6
10,Cs_f_4,2.1619668341777897e-6
11,Cs_f_4,2.1875718355755894e-6
12,Cs_f_4,2.1876050113674324e-6
13,Cs_f_4,2.1756232915484236e-6
14,Cs_f_4,2.1581038638617204e-6
15,Cs_f_4,2.1381132514307313e-6
16,Cs_f_4,2.1170925004999624e-6
17,Cs_f_4,2.0957144069625954e-6
18,Cs_f_4,2.074291044595512e-6
19,Cs_f_4,2.0529660011641625e-6
20,Cs_f_4,2.031804501467261e-6
21,Cs_f_4,2.010835450845973e-6
22,Cs_f_4,1.9900709717168593e-6
23,Cs_f_4,1.9695154530938678e-6
24,Cs_f_4,1.949169732006229e-6
25,Cs_f_4,1.929033021888624e-6
26,Cs_f_4,1.909103800693147e-6
27,Cs_f_4,1.8893802195357062e-6
28,Cs_f_4,1.869860290631181e-6
29,Cs_f_4,1.850541973701008e-6
30,Cs_f_4,1.8314232156849494e-6
31,Cs_f_4,1.812501968966031e-6
32,Cs_f_4,1.7937761996972322e-6
33,Cs_f_4,1.7752438915597577e-6
34,Cs_f_4,1.7569030474070798e-6
35,Cs_f_4,1.7387516899270864e-6
36,Cs_f_4,1.720787861846252e-6
37,Cs_f_4,1.7030096259193424e-6
38,Cs_f_4,1.6854150648183094e-6
39,Cs_f_4,1.6680022809739034e-6
40,Cs_f_4,1.650769396395357e-6
1,CHg_f_4,-0.0029396592478704553
2,CHg_f_4,0.004260445167182599
3,CHg_f_4,0.00817758539226926
4,CHg_f_4,0.01000238160999055
5,CHg_f_4,0.010827208664243339
6,CHg_f_4,0.011171702676492389
7,CHg_f_4,0.011283557833415746
8,CHg_f_4,0.011281627122086779
9,CHg_f_4,0.011223510618504332
10,CHg_f_4,0.011137478442672323
11,CHg_f_4,0.011037612622966245
12,CHg_f_4,0.010931043287147712
13,CHg_f_4,0.010821442632333672
14,CHg_f_4,0.01071073378401019
15,CHg_f_4,0.010599939245801287
16,CHg_f_4,0.010489609281838508
17,CHg_f_4,0.010380042112086922
18,CHg_f_4,0.010271399185320168
19,CHg_f_4,0.010163766617317048
20,CHg_f_4,0.010057188495104936
21,CHg_f_4,0.009951685210533693
22,CHg_f_4,0.009847263690379703
23,CHg_f_4,0.009743923171225202
24,CHg_f_4,0.009641658490952247
25,CHg_f_4,0.009540461979539049
26,CHg_f_4,0.009440324551983806
27,CHg_f_4,0.009341236343047418
28,CHg_f_4,0.0092431870771639
29,CHg_f_4,0.009146166284481639
30,CHg_f_4,0.009050163427142726
31,CHg_f_4,0.008955167973033603
32,CHg_f_4,0.008861169438722397
33,CHg_f_4,0.008768157414288828
34,CHg_f_4,0.008676121577499944
35,CHg_f_4,0.008585051701712053
36,CHg_f_4,0.008494937660077122
37,CHg_f_4,0.008405769427572925
38,CHg_f_4,0.008317537081752901
39,CHg_f_4,0.008230230802744423
40,CHg_f_4,0.008143840872807704
1,CFg_f_4,162.7963252054789
2,CFg_f_4,9088.579811069998
3,CFg_f_4,5082.081010351564
4,CFg_f_4,2403.0974152364724
5,CFg_f_4,867.9630783372153
6,CFg_f_4,52.56728097605823
7,CFg_f_4,-360.33677125882133
8,CFg_f_4,-561.6263299546465
9,CFg_f_4,-655.7782806653986
10,CFg_f_4,-697.0501541139328
11,CFg_f_4,-712.7007283621973
12,CFg_f_4,-716.1189522547925
13,CFg_f_4,-713.7755169982916
14,CFg_f_4,-708.7601119309261
15,CFg_f_4,-702.534429809919
16,CFg_f_4,-695.7849181121924
17,CFg_f_4,-688.8319791191119
18,CFg_f_4,-681.8243162544551
19,CFg_f_4,-674.8305086552706
20,CFg_f_4,-667.8818949945638
21,CFg_f_4,-660.992559143832
22,CFg_f_4,-654.1686095724435
23,CFg_f_4,-647.4124756104409
24,CFg_f_4,-640.7248925253056
25,CFg_f_4,-634.1058175297427
26,CFg_f_4,-627.5548522231916
27,CFg_f_4,-621.0714374373414
28,CFg_f_4,-614.6549431824498
29,CFg_f_4,-608.3047102330021
30,CFg_f_4,-602.0200693940919
31,CFg_f_4,-595.8003504464684
32,CFg_f_4,-589.6448863039807
33,CFg_f_4,-583.5530149407834
34,CFg_f_4,-577.5240802737881
35,CFg_f_4,-571.5574325522176
36,CFg_f_4,-565.6524285126602
37,CFg_f_4,-559.8084314214796
38,CFg_f_4,-554.0248110625822
39,CFg_f_4,-548.3009436984522
40,CFg_f_4,-542.6362120180523
1,CHs_f_4,-9.511272732750379e-7
2,CHs_f_4,-3.726113127732233e-5
3,CHs_f_4,-2.001518738201157e-5
4,CHs_f_4,-8.641768014024787e-6
5,CHs_f_4,-2.1754718827602362e-6
6,CHs_f_4,1.238697072440822e-6
7,CHs_f_4,2.9565354880399266e-6
8,CHs_f_4,3.7855833908287564e-6
9,CHs_f_4,4.165491129916849e-6
10,CHs_f_4,4.323933705720227e-6
11,CHs_f_4,4.3751437093541156e-6
12,CHs_f_4,4.37521006112073e-6
13,CHs_f_4,4.351246621356957e-6
14,CHs_f_4,4.316207765714645e-6
15,CHs_f_4,4.276226540518927e-6
16,CHs_f_4,4.234185038295584e-6
17,CHs_f_4,4.191428850848147e-6
18,CHs_f_4,4.1485821257383474e-6
19,CHs_f_4,4.105932038500761e-6
20,CHs_f_4,4.063609038734496e-6
21,CHs_f_4,4.021670937122634e-6
22,CHs_f_4,3.980141978498627e-6
23,CHs_f_4,3.9390309408904975e-6
24,CHs_f_4,3.8983394983567495e-6
25,CHs_f_4,3.858066077766739e-6
26,CHs_f_4,3.8182076350246385e-6
27,CHs_f_4,3.7787604723622293e-6
28,CHs_f_4,3.7397206142092396e-6
29,CHs_f_4,3.7010839800085046e-6
30,CHs_f_4,3.6628464636395162e-6
31,CHs_f_4,3.6250039698682875e-6
32,CHs_f_4,3.5875524310007387e-6
33,CHs_f_4,3.550487814399251e-6
34,CHs_f_4,3.5138061257707308e-6
35,CHs_f_4,3.4775034104909145e-6
36,CHs_f_4,3.4415757540127247e-6
37,CHs_f_4,3.406019281845654e-6
38,CHs_f_4,3.3708301593335715e-6
39,CHs_f_4,3.3360045913379464e-6
40,CHs_f_4,3.301538821877209e-6
1,CFs_f_4,2.2863951003466613e-7
2,CFs_f_4,1.3023945203510801e-5
3,CFs_f_4,7.282600705442829e-6
4,CFs_f_4,3.443611731617474e-6
5,CFs_f_4,1.2437651543916205e-6
6,CFs_f_4,7.530476760239484e-8
7,CFs_f_4,-5.163853315903192e-7
8,CFs_f_4,-8.048323311271263e-7
9,CFs_f_4,-9.397514647014907e-7
10,CFs_f_4,-9.988936390998535e-7
11,CFs_f_4,-1.0213205955828367e-6
12,CFs_f_4,-1.0262186480081947e-6
13,CFs_f_4,-1.0228602705239793e-6
14,CFs_f_4,-1.0156729746410628e-6
15,CFs_f_4,-1.0067513595724519e-6
16,CFs_f_4,-9.970791014501763e-7
17,CFs_f_4,-9.871153352946458e-7
18,CFs_f_4,-9.770731524461242e-7
19,CFs_f_4,-9.670508265039365e-7
20,CFs_f_4,-9.5709326564578e-7
21,CFs_f_4,-9.472206519904816e-7
22,CFs_f_4,-9.374417389359831e-7
23,CFs_f_4,-9.277600076858169e-7
24,CFs_f_4,-9.181765118564365e-7
25,CFs_f_4,-9.086911901132987e-7
26,CFs_f_4,-8.993034715284152e-7
27,CFs_f_4,-8.900125547936301e-7
28,CFs_f_4,-8.808175371136491e-7
29,CFs_f_4,-8.717174737983212e-7
30,CFs_f_4,-8.627114058714217e-7
31,CFs_f_4,-8.537983728889491e-7
32,CFs_f_4,-8.449774188967793e-7
33,CFs_f_4,-8.362475951923725e-7
34,CFs_f_4,-8.27607961589338e-7
35,CFs_f_4,-8.190575869756772e-7
36,CFs_f_4,-8.105955495359779e-7
37,CFs_f_4,-8.022209368121901e-7
38,CFs_f_4,-7.939328456860973e-7
39,CFs_f_4,-7.857303823234775e-7
40,CFs_f_4,-7.776126620994458e-7
1,L_f_4,-0.027189894998318836
2,L_f_4,-0.022642329177937813
3,L_f_4,-0.019707139324106622
4,L_f_4,-0.018197398418008777
5,L_f_4,-0.017382533859256224
6,L_f_4,-0.01690245469726538
7,L_f_4,-0.016583062051217103
8,L_f_4,-0.016341068466903107
9,L_f_4,-0.016136850437848183
10,L_f_4,-0.01595159333466109
11,L_f_4,-0.015776352352728857
12,L_f_4,-0.01560685624113945
13,L_f_4,-0.015441048903770623
14,L_f_4,-0.015277927775107796
15,L_f_4,-0.015116994292508956
16,L_f_4,-0.014957993022411494
17,L_f_4,-0.014800787097281908
18,L_f_4,-0.014645298253656295
19,L_f_4,-0.014491477664915974
20,L_f_4,-0.014339291572880265
21,L_f_4,-0.014188714105284746
22,L_f_4,-0.014039723626612849
23,L_f_4,-0.013892300851713984
24,L_f_4,-0.013746427853141079
25,L_f_4,-0.01360208752942138
26,L_f_4,-0.01345926331524904
27,L_f_4,-0.013317939020854649
28,L_f_4,-0.013178098741484493
29,L_f_4,-0.013039726805504486
30,L_f_4,-0.012902807744068373
31,L_f_4,-0.012767326272965882
32,L_f_4,-0.012633267281419419
33,L_f_4,-0.012500615824879206
34,L_f_4,-0.012369357120136905
35,L_f_4,-0.012239476541793453
36,L_f_4,-0.012110959619523933
37,L_f_4,-0.01198379203581577
38,L_f_4,-0.011857959623991549
39,L_f_4,-0.011733448366405799
40,L_f_4,-0.011610244392750955
1,Y_f_4,0.10118768175386895
2,Y_f_4,0.04542170857302041
3,Y_f_4,0.020988873786603024
4,Y_f_4,0.010143956819004155
5,Y_f_4,0.005328484870647632
6,Y_f_4,0.0031878803690253807
7,Y_f_4,0.0022331573273850908
8,Y_f_4,0.0018036188619008765
9,Y_f_4,0.0016063101917485388
10,Y_f_4,0.0015114855614428663
11,Y_f_4,0.001461780522934009
12,Y_f_4,0.0014318937712167194
13,Y_f_4,0.0014107032128520206
14,Y_f_4,0.0013933422529261235
15,Y_f_4,0.0013776949075572436
16,Y_f_4,0.0013628491086688749
17,Y_f_4,0.001348416366068635
18,Y_f_4,0.0013342338539714634
19,Y_f_4,0.001320234770934333
20,Y_f_4,0.0013063924184398533
21,Y_f_4,0.0012926963784003459
22,Y_f_4,0.0012791425484206158
23,Y_f_4,0.0012657290874601992
24,Y_f_4,0.0012524548380571715
25,Y_f_4,0.0012393187588736086
26,Y_f_4,0.0012263197521435885
27,Y_f_4,0.0012134566343104947
28,Y_f_4,0.0012007281510472837
29,Y_f_4,0.0011881330005504352
30,Y_f_4,0.0011756698537097726
31,Y_f_4,0.0011633373688547685
32,Y_f_4,0.0011511342016985856
33,Y_f_4,0.0011390590117309552
34,Y_f_4,0.0011271104661940176
35,Y_f_4,0.0011152872424877005
36,Y_f_4,0.001103588029583772
37,Y_f_4,0.0010920115288260341
38,Y_f_4,0.0010805564543555236
39,Y_f_4,0.0010692215333089393
40,Y_f_4,0.0010580055058810585
1,M_f_4,0.3463612373894386
2,M_f_4,0.15219917509100733
3,M_f_4,0.0659899084222101
4,M_f_4,0.027590292570404216
5,M_f_4,0.010499173533251895
6,M_f_4,0.00290459203861913
7,M_f_4,-0.00045846884099793873
8,M_f_4,-0.0019366589355527511
9,M_f_4,-0.002575717235672478
10,M_f_4,-0.002841526067316294
11,M_f_4,-0.0029415518698569215
12,M_f_4,-0.002968128683748679
13,M_f_4,-0.0029623162613441486
14,M_f_4,-0.0029423523448356566
15,M_f_4,-0.00291632465641001
16,M_f_4,-0.002887811557501929
17,M_f_4,-0.002858390936940659
18,M_f_4,-0.002828754964840025
19,M_f_4,-0.002799204702311189
20,M_f_4,-0.00276986913796264
21,M_f_4,-0.0027408019371542368
22,M_f_4,-0.0027120240267478695
23,M_f_4,-0.002683542249324532
24,M_f_4,-0.0026553574807428133
25,M_f_4,-0.002627468130019831
26,M_f_4,-0.0025998716285052068
27,M_f_4,-0.002572565051346053
28,M_f_4,-0.002545545369244417
29,M_f_4,-0.002518809545597306
30,M_f_4,-0.0024923545707737976
31,M_f_4,-0.002466177471970931
32,M_f_4,-0.0024402753143210444
33,M_f_4,-0.0024146451993674856
34,M_f_4,-0.0023892842631194665
35,M_f_4,-0.0023641896743655643
36,M_f_4,-0.002339358633367488
37,M_f_4,-0.0023147883708808962
38,M_f_4,-0.002290476147415972
39,M_f_4,-0.0022664192526611784
40,M_f_4,-0.0022426150050137788
1,V_f_4,-0.16006591115020602
2,V_f_4,-0.06422789704446712
3,V_f_4,-0.020742531358828097
4,V_f_4,-0.001303506099216636
5,V_f_4,0.007342061109495006
6,V_f_4,0.01114374415866183
7,V_f_4,0.012771436190993048
8,V_f_4,0.013423270934700287
9,V_f_4,0.01363709065992172
10,V_f_4,0.01365448298971718
11,V_f_4,0.013584067554607742
12,V_f_4,0.013474745425431435
13,V_f_4,0.01334857044479964
14,V_f_4,0.013215510064070922
15,V_f_4,0.013080080146941234
16,V_f_4,0.012944331339593686
17,V_f_4,0.012809195788163186
18,V_f_4,0.012675095976769513
19,V_f_4,0.01254222089000322
20,V_f_4,0.012410651816980556
21,V_f_4,0.012280419977290699
22,V_f_4,0.012151533101715935
23,V_f_4,0.012023987799581566
24,V_f_4,0.0118977753740423
25,V_f_4,0.011772884591065385
26,V_f_4,0.011649303017166704
27,V_f_4,0.011527017676218812
28,V_f_4,0.011406015377525981
29,V_f_4,0.011286282882542957
30,V_f_4,0.011167806990941909
31,V_f_4,0.01105057458558661
32,V_f_4,0.010934572656158794
33,V_f_4,0.010819788311482734
34,V_f_4,0.010706208785760505
35,V_f_4,0.01059382144147502
36,V_f_4,0.010482613770445796
37,V_f_4,0.010372573393850656
38,V_f_4,0.010263688061665202
39,V_f_4,0.010155945651774242
40,V_f_4,0.010049334168899623
1,MC_f_4,0.21411781770697363
2,MC_f_4,0.0952588176696262
3,MC_f_4,0.042177670745696484
4,MC_f_4,0.01847305764797846
5,MC_f_4,0.00788653284887696
6,MC_f_4,0.003159062763470592
7,MC_f_4,0.0010491495703530112
8,MC_f_4,0.00010902103954888798
9,MC_f_4,-0.00030811996506327266
10,MC_f_4,-0.0004913295519999477
11,MC_f_4,-0.0005698442389117744
12,MC_f_4,-0.0006014780815253748
13,MC_f_4,-0.0006121131990214976
14,MC_f_4,-0.0006133474758946879
15,MC_f_4,-0.0006103843435014736
16,MC_f_4,-0.0006055619924084168
17,MC_f_4,-0.0005999331593109596
18,MC_f_4,-0.0005939729454302278
19,MC_f_4,-0.0005878963371164376
20,MC_f_4,-0.0005818008685801683
21,MC_f_4,-0.0005757308532840088
22,MC_f_4,-0.0005697063808458445
23,MC_f_4,-0.0005637364531199453
24,MC_f_4,-0.0005578249616946786
25,MC_f_4,-0.0005519734234231568
26,MC_f_4,-0.0005461822412899527
27,MC_f_4,-0.0005404512907452145
28,MC_f_4,-0.0005347801953183237
29,MC_f_4,-0.0005291684578420258
30,MC_f_4,-0.0005236155238593064
31,MC_f_4,-0.0005181208127684889
32,MC_f_4,-0.0005126837333909882
33,MC_f_4,-0.0005073036918901737
34,MC_f_4,-0.0005019800958648025
35,MC_f_4,-0.0004967123564918917
36,MC_f_4,-0.0004914998896553683
37,MC_f_4,-0.00048634211653726515
38,MC_f_4,-0.0004812384639190513
39,MC_f_4,-0.00047618836432418134
40,MC_f_4,-0.00047119125607252954
1,PL_f_4,0.3006100574795897
2,PL_f_4,0.14110556803637092
3,PL_f_4,0.06959029947704734
4,PL_f_4,0.03756502276350011
5,PL_f_4,0.023186913420095177
6,PL_f_4,0.01669473456372464
7,PL_f_4,0.013726878403665039
8,PL_f_4,0.012334544982442424
9,PL_f_4,0.011646987925859182
10,PL_f_4,0.011275123226964173
11,PL_f_4,0.011045070847189198
12,PL_f_4,0.010879108056287725
13,PL_f_4,0.010742481566354637
14,PL_f_4,0.010619642786838681
15,PL_f_4,0.010503628456137316
16,PL_f_4,0.010391314586744211
17,PL_f_4,0.010281294858755924
18,PL_f_4,0.010172931911758549
19,PL_f_4,0.010065932935550477
20,PL_f_4,0.009960159700057697
21,PL_f_4,0.009855543457791062
22,PL_f_4,0.009752046785467944
23,PL_f_4,0.009649646450410825
24,PL_f_4,0.00954832570354258
25,PL_f_4,0.009448070804352645
26,PL_f_4,0.00934886944900906
27,PL_f_4,0.009250710056243498
28,PL_f_4,0.009153581440973639
29,PL_f_4,0.009057472663856444
30,PL_f_4,0.008962372961056845
31,PL_f_4,0.008868271710818372
32,PL_f_4,0.008775158417051707
33,PL_f_4,0.008683022700870896
34,PL_f_4,0.008591854295887429
35,PL_f_4,0.008501643045308637
36,PL_f_4,0.008412378899919122
37,PL_f_4,0.008324051916504876
38,PL_f_4,0.008236652256506254
39,PL_f_4,0.008150170184794194
40,PL_f_4,0.008064596068516413
1,PIV_f_4,0.39013377821005657
2,PIV_f_4,0.1691540302026399
3,PIV_f_4,0.07030469281205197
4,PIV_f_4,0.026190548936872383
5,PIV_f_4,0.0065313303096753315
6,PIV_f_4,-0.0022015282379094893
7,PIV_f_4,-0.006052242730050791
8,PIV_f_4,-0.0077213840048218725
9,PIV_f_4,-0.008415725697551715
10,PIV_f_4,-0.008674628249086616
11,PIV_f_4,-0.008739219690778973
12,PIV_f_4,-0.008717337362780513
13,PIV_f_4,-0.008657229933797419
14,PIV_f_4,-0.008580496553022563
15,PIV_f_4,-0.008496812094848386
16,PIV_f_4,-0.00841051240060703
17,PIV_f_4,-0.00832354069692832
18,PIV_f_4,-0.00823676676778759
19,PIV_f_4,-0.008150578087528216
20,PIV_f_4,-0.008065145016340067
21,PIV_f_4,-0.007980539951977278
22,PIV_f_4,-0.00789679096981838
23,PIV_f_4,-0.007813906032628527
24,PIV_f_4,-0.00773188395355482
25,PIV_f_4,-0.007650719381620926
26,PIV_f_4,-0.0075704050810893875
27,PIV_f_4,-0.007490932980535257
28,PIV_f_4,-0.007412294659579019
29,PIV_f_4,-0.007334481576834505
30,PIV_f_4,-0.0072574851777559
31,PIV_f_4,-0.007181296946168154
32,PIV_f_4,-0.007105908429061992
33,PIV_f_4,-0.007031311248513252
34,PIV_f_4,-0.006957497107300378
35,PIV_f_4,-0.006884457791383309
36,PIV_f_4,-0.006812185170790972
37,PIV_f_4,-0.006740671199688003
38,PIV_f_4,-0.0066699079160118455
39,PIV_f_4,-0.006599887440882794
40,PIV_f_4,-0.006530601977893861
1,VOil_f_4,-0.16003893448698553
2,VOil_f_4,-0.06264627239524376
3,VOil_f_4,-0.01985590484505565
4,VOil_f_4,-0.0008820382733904558
5,VOil_f_4,0.007496822428907219
6,VOil_f_4,0.011156777350258983
7,VOil_f_4,0.012712666189555005
8,VOil_f_4,0.013329472673279772
9,VOil_f_4,0.013526886258220728
10,VOil_f_4,0.013537064874184683
11,VOil_f_4,0.013463890009673648
12,VOil_f_4,0.013353935284910646
13,VOil_f_4,0.013228129686803721
14,VOil_f_4,0.013095903558878368
15,VOil_f_4,0.012961518668255064
16,VOil_f_4,0.012826906331354209
17,VOil_f_4,0.012692942995277021
18,VOil_f_4,0.012560025291203928
19,VOil_f_4,0.012428330278383155
20,VOil_f_4,0.012297933793916988
21,VOil_f_4,0.012168864604798978
22,VOil_f_4,0.01204112937570058
23,VOil_f_4,0.01191472428953457
24,VOil_f_4,0.011789640517669715
25,VOil_f_4,0.011665866829663323
26,VOil_f_4,0.011543390857541061
27,VOil_f_4,0.011422199718714922
28,VOil_f_4,0.011302280328407426
29,VOil_f_4,0.011183619559130433
30,VOil_f_4,0.011066204323395331
31,VOil_f_4,0.010950021617127114
32,VOil_f_4,0.010835058542564602
33,VOil_f_4,0.010721302320247688
34,VOil_f_4,0.010608740295097644
35,VOil_f_4,0.010497359939251334
36,VOil_f_4,0.010387148853089204
37,VOil_f_4,0.010278094765249
38,VOil_f_4,0.010170185532066838
39,VOil_f_4,0.01006340913669498
40,VOil_f_4,0.00995775368803831
1,VNon_f_4,-0.16006329230938116
2,VNon_f_4,-0.06408284909743672
3,VNon_f_4,-0.020661282196458183
4,VNon_f_4,-0.0012649443653639685
5,VNon_f_4,0.0073561520023796
6,VNon_f_4,0.01114483317898516
7,VNon_f_4,0.01276593911867388
8,VNon_f_4,0.013414561610135238
9,VNon_f_4,0.013626877422011512
10,VNon_f_4,0.013643609090841278
11,VNon_f_4,0.013572941589108612
12,VNon_f_4,0.013463562482393648
13,VNon_f_4,0.013337422427448554
14,VNon_f_4,0.013204439605470167
15,VNon_f_4,0.01306910657125131
16,VNon_f_4,0.0129334630245766
17,VNon_f_4,0.01279843600223314
18,VNon_f_4,0.01266444561688907
19,VNon_f_4,0.0125316797593182
20,VNon_f_4,0.012400219218641434
21,VNon_f_4,0.012270094989594908
22,VNon_f_4,0.012141314705288096
23,VNon_f_4,0.012013874936048365
24,VNon_f_4,0.01188776697305368
25,VNon_f_4,0.011762979582708324
26,VNon_f_4,0.01163950033764162
27,VNon_f_4,0.011517316270408013
28,VNon_f_4,0.011396414200126999
29,VNon_f_4,0.011276780898538183
30,VNon_f_4,0.011158403175760591
31,VNon_f_4,0.01104126792512394
32,VNon_f_4,0.010925362146728497
33,VNon_f_4,0.010810672959738801
34,VNon_f_4,0.010697187608604771
35,VNon_f_4,0.010584893465958459
36,VNon_f_4,0.010473778033667301
37,VNon_f_4,0.010363828942855107
38,VNon_f_4,0.010255033953341682
39,VNon_f_4,0.010147380952754859
40,VNon_f_4,0.010040857955459143
1,P_f_5,-0.05318110535563976
2,P_f_5,-0.021870018857839228
3,P_f_5,-0.008002530538457587
4,P_f_5,-0.0018478870413418734
5,P_f_5,0.0008718615418497334
6,P_f_5,0.0020626669226141924
7,P_f_5,0.002573490519056262
8,P_f_5,0.00278230565411399
9,P_f_5,0.002857273039401207
10,P_f_5,0.0028731321042509764
11,P_f_5,0.002863054732342895
12,P_f_5,0.00284173554753317
13,P_f_5,0.0028156667738781518
14,P_f_5,0.002787706012539521
15,P_f_5,0.0027591042356697286
16,P_f_5,0.0027304045844586747
17,P_f_5,0.0027018397643530086
18,P_f_5,0.0026735071833923845
19,P_f_5,0.002645445799776986
20,P_f_5,0.0026176696381242314
21,P_f_5,0.0025901822849405134
22,P_f_5,0.0025629830836910237
23,P_f_5,0.002536069737171756
24,P_f_5,0.002509439372679209
25,P_f_5,0.0024830889603431145
26,P_f_5,0.0024570154659939608
27,P_f_5,0.0024312158992966537
28,P_f_5,0.0024056873232751056
29,P_f_5,0.002380426851418875
30,P_f_5,0.002355431642096048
31,P_f_5,0.002330698893449585
32,P_f_5,0.0023062258395073064
33,P_f_5,0.0022820097474244632
34,P_f_5,0.0022580479155820134
35,P_f_5,0.0022343376722746386
36,P_f_5,0.0022108763747855876
37,P_f_5,0.0021876614087079763
38,P_f_5,0.002164690187420386
39,P_f_5,0.0021419601516582403
40,P_f_5,0.0021194687691444883
1,PM_f_5,-0.3229861514470135
2,PM_f_5,-0.14320086126190668
3,PM_f_5,-0.06300545137233507
4,PM_f_5,-0.027228253234882916
5,PM_f_5,-0.011274555689150001
6,PM_f_5,-0.004166949578028302
7,PM_f_5,-0.0010062148805684058
8,PM_f_5,0.00039393919665082025
9,PM_f_5,0.001009008739536655
10,PM_f_5,0.0012741631020347067
11,PM_f_5,0.0013834811586544338
12,PM_f_5,0.0014234891785692148
13,PM_f_5,0.001432745332618084
14,PM_f_5,0.0014284212967971745
15,PM_f_5,0.0014181578127816401
16,PM_f_5,0.0014053506233806736
17,PM_f_5,0.001391506253411442
18,PM_f_5,0.0013772913114519628
19,PM_f_5,0.0013629995115760458
20,PM_f_5,0.0013487593253087766
21,PM_f_5,0.0013346261858142958
22,PM_f_5,0.0013206233558479329
23,PM_f_5,0.0013067599979663953
24,PM_f_5,0.0012930391383508951
25,PM_f_5,0.0012794611609748044
26,PM_f_5,0.0012660253313141105
27,PM_f_5,0.001252730455134957
28,PM_f_5,0.0012395751598775371
29,PM_f_5,0.0012265580127158605
30,PM_f_5,0.0012136775687570033
31,PM_f_5,0.001200932389858081
32,PM_f_5,0.0011883210513942738
33,PM_f_5,0.0011758421442799444
34,PM_f_5,0.0011634942752447718
35,PM_f_5,0.0011512760665525368
36,PM_f_5,0.0011391861556025245
37,PM_f_5,0.0011272231945566181
38,PM_f_5,0.001115385850024399
39,PM_f_5,0.001103672802802
40,PM_f_5,0.001092082747651788
1,PH_f_5,-0.053181105355602706
2,PH_f_5,-0.021870018857047424
3,PH_f_5,-0.008002530538055786
4,PH_f_5,-0.0018478870411926882
5,PH_f_5,0.0008718615418570964
6,PH_f_5,0.002062666922547447
7,PH_f_5,0.0025734905189526264
8,PH_f_5,0.0027823056539928235
9,PH_f_5,0.002857273039272243
10,PH_f_5,0.002873132104118999
11,PH_f_5,0.0028630547322102155
12,PH_f_5,0.002841735547400886
13,PH_f_5,0.0028156667737467777
14,PH_f_5,0.0027877060124092915
15,PH_f_5,0.002759104235540746
16,PH_f_5,0.0027304045843309786
17,PH_f_5,0.00270183976422661
18,PH_f_5,0.002673507183267282
19,PH_f_5,0.002645445799653172
20,PH_f_5,0.0026176696380016953
21,PH_f_5,0.002590182284819242
22,PH_f_5,0.0025629830835710047
23,PH_f_5,0.002536069737052977
24,PH_f_5,0.0025094393725616565
25,PH_f_5,0.0024830889602267766
26,PH_f_5,0.002457015465878825
27,PH_f_5,0.002431215899182707
28,PH_f_5,0.002405687323162336
29,PH_f_5,0.0023804268513072714
30,PH_f_5,0.0023554316419855978
31,PH_f_5,0.002330698893340276
32,PH_f_5,0.002306225839399126
33,PH_f_5,0.0022820097473174004
34,PH_f_5,0.002258047915476057
35,PH_f_5,0.0022343376721697763
36,PH_f_5,0.002210876374681809
37,PH_f_5,0.0021876614086052694
38,PH_f_5,0.0021646901873187407
39,PH_f_5,0.002141960151557646
40,PH_f_5,0.0021194687690449326
1,Cg_f_5,17.275276157019842
2,Cg_f_5,59.0067116602932
3,Cg_f_5,55.56832693484725
4,Cg_f_5,49.05107106545454
5,Cg_f_5,44.080572851617276
6,Cg_f_5,40.96886064835578
7,Cg_f_5,39.13112686916251
8,Cg_f_5,38.021799933338954
9,Cg_f_5,37.29253650960028
10,Cg_f_5,36.751491657390275
11,Cg_f_5,36.30120107961768
12,Cg_f_5,35.89461063613002
13,Cg_f_5,35.50977743470016
14,Cg_f_5,35.136711322025164
15,Cg_f_5,34.770933130978875
16,Cg_f_5,34.4104465805648
17,Cg_f_5,34.054355553275016
18,Cg_f_5,33.70224606635482
19,Cg_f_5,33.35391432725967
20,Cg_f_5,33.00924833722227
21,Cg_f_5,32.66817662348714
22,Cg_f_5,32.330646024447816
23,Cg_f_5,31.996611984072313
24,Cg_f_5,31.66603423657642
25,Cg_f_5,31.3388748330011
26,Cg_f_5,31.015097203306965
27,Cg_f_5,30.694665689441642
28,Cg_f_5,30.377545301034225
29,Cg_f_5,30.06370158127635
30,Cg_f_5,29.753100530025392
31,Cg_f_5,29.445708557969517
32,Cg_f_5,29.141492458278144
33,Cg_f_5,28.840419388363674
34,Cg_f_5,28.5424568576001
35,Cg_f_5,28.24757271859362
36,Cg_f_5,27.955735160589118
37,Cg_f_5,27.66691270416982
38,Cg_f_5,27.381074196745306
39,Cg_f_5,27.098188808525492
40,Cg_f_5,26.818226028798918
1,Cs_f_5,2.055252349130944e-7
2,Cs_f_5,7.108088826459679e-7
3,Cs_f_5,6.700695147393809e-7
4,Cs_f_5,5.917399539906699e-7
5,Cs_f_5,5.318924321438191e-7
6,Cs_f_5,4.943984722916587e-7
7,Cs_f_5,4.7224551830922516e-7
8,Cs_f_5,4.5886868711108766e-7
9,Cs_f_5,4.5007231307643136e-7
10,Cs_f_5,4.4354470607875875e-7
11,Cs_f_5,4.3811117475038275e-7
12,Cs_f_5,4.3320452273434573e-7
13,Cs_f_5,4.285602264676998e-7
14,Cs_f_5,4.2405784747536487e-7
15,Cs_f_5,4.196433840237031e-7
16,Cs_f_5,4.1529276751273227e-7
17,Cs_f_5,4.109951930070014e-7
18,Cs_f_5,4.0674566836755403e-7
19,Cs_f_5,4.025417356759399e-7
20,Cs_f_5,3.983820438203691e-7
21,Cs_f_5,3.942657303841874e-7
22,Cs_f_5,3.9019215379789784e-7
23,Cs_f_5,3.8616077630652864e-7
24,Cs_f_5,3.821711119260701e-7
25,Cs_f_5,3.7822270263822415e-7
26,Cs_f_5,3.743151070731224e-7
27,Cs_f_5,3.7044789487311163e-7
28,Cs_f_5,3.6662064374277085e-7
29,Cs_f_5,3.628329378289213e-7
30,Cs_f_5,3.590843667915819e-7
31,Cs_f_5,3.5537452525012014e-7
32,Cs_f_5,3.517030124406638e-7
33,Cs_f_5,3.4806943199570837e-7
34,Cs_f_5,3.4447339179571983e-7
35,Cs_f_5,3.4091450386367596e-7
36,Cs_f_5,3.3739238428542543e-7
37,Cs_f_5,3.33906653145681e-7
38,Cs_f_5,3.3045693447354134e-7
39,Cs_f_5,3.270428561938894e-7
40,Cs_f_5,3.2366405008246724e-7
1,CHg_f_5,34.28616819197048
2,CHg_f_5,117.89106181715941
3,CHg_f_5,111.07777384716545
4,CHg_f_5,98.07159332427752
5,CHg_f_5,88.14324706096087
6,CHg_f_5,81.92548551787259
7,CHg_f_5,78.25257166262887
8,CHg_f_5,76.0350902966935
9,CHg_f_5,74.57712358656958
10,CHg_f_5,73.49532311701877
11,CHg_f_5,72.59491160076414
12,CHg_f_5,71.78184759951168
13,CHg_f_5,71.01227473840125
14,CHg_f_5,70.26622558118913
15,CHg_f_5,69.53474738554472
16,CHg_f_5,68.8138499957413
17,CHg_f_5,68.10174219909406
18,CHg_f_5,67.3975964574391
19,CHg_f_5,66.70100536100911
20,CHg_f_5,66.01174498314475
21,CHg_f_5,65.32967240735175
22,CHg_f_5,64.6546813235559
23,CHg_f_5,63.98668262739055
24,CHg_f_5,63.3255957935118
25,CHg_f_5,62.671344930117584
26,CHg_f_5,62.0238569035035
27,CHg_f_5,61.383060404218675
28,CHg_f_5,60.74888545837969
29,CHg_f_5,60.121263159349546
30,CHg_f_5,59.500125513877606
31,CHg_f_5,58.88540535038303
32,CHg_f_5,58.277036262224726
33,CHg_f_5,57.67495257120562
34,CHg_f_5,57.07908930299762
35,CHg_f_5,56.489382169676084
36,CHg_f_5,55.90576755652865
37,CHg_f_5,55.32818251145248
38,CHg_f_5,54.756564735929274
39,CHg_f_5,54.19085257697299
40,CHg_f_5,53.63098501968647
1,CFg_f_5,2.3103936177257525e-7
2,CFg_f_5,1.302394590013475e-5
3,CFg_f_5,7.2826010796465815e-6
4,CFg_f_5,3.4436118931862246e-6
5,CFg_f_5,1.2437651950668094e-6
6,CFg_f_5,7.530474444611365e-8
7,CFg_f_5,-5.163853868635049e-7
8,CFg_f_5,-8.048324019003338e-7
9,CFg_f_5,-9.397515425775431e-7
10,CFg_f_5,-9.988937199382053e-7
11,CFg_f_5,-1.0213206773786491e-6
12,CFg_f_5,-1.0262187298052773e-6
13,CFg_f_5,-1.0228603518730649e-6
14,CFg_f_5,-1.0156730553350835e-6
15,CFg_f_5,-1.0067514395190042e-6
16,CFg_f_5,-9.970791806107398e-7
17,CFg_f_5,-9.871154136558578e-7
18,CFg_f_5,-9.77073230006292e-7
19,CFg_f_5,-9.67050903266737e-7
20,CFg_f_5,-9.570933416173282e-7
21,CFg_f_5,-9.472207271779723e-7
22,CFg_f_5,-9.37441813347066e-7
23,CFg_f_5,-9.277600813283054e-7
24,CFg_f_5,-9.181765847381753e-7
25,CFg_f_5,-9.086912622421027e-7
26,CFg_f_5,-8.99303542912042e-7
27,CFg_f_5,-8.900126254397701e-7
28,CFg_f_5,-8.808176070299165e-7
29,CFg_f_5,-8.717175429922548e-7
30,CFg_f_5,-8.627114743504824e-7
31,CFg_f_5,-8.537984406605231e-7
32,CFg_f_5,-8.44977485968175e-7
33,CFg_f_5,-8.362476615708238e-7
34,CFg_f_5,-8.27608027282004e-7
35,CFg_f_5,-8.190576519896432e-7
36,CFg_f_5,-8.105956138782554e-7
37,CFg_f_5,-8.022210004897194e-7
38,CFg_f_5,-7.939329087057451e-7
39,CFg_f_5,-7.857304446920415e-7
40,CFg_f_5,-7.776127238236529e-7
1,CHs_f_5,4.1105046973656934e-7
2,CHs_f_5,1.4216177652474544e-6
3,CHs_f_5,1.3401390294545932e-6
4,CHs_f_5,1.1834799079666362e-6
5,CHs_f_5,1.0637848642773434e-6
6,CHs_f_5,9.887969445750817e-7
7,CHs_f_5,9.444910366111875e-7
8,CHs_f_5,9.177373742153877e-7
9,CHs_f_5,9.001446261463254e-7
10,CHs_f_5,8.870894121511265e-7
11,CHs_f_5,8.762223494944763e-7
12,CHs_f_5,8.66409045462483e-7
13,CHs_f_5,8.571204529292623e-7
14,CHs_f_5,8.481156949446589e-7
15,CHs_f_5,8.392867680413987e-7
16,CHs_f_5,8.305855350195204e-7
17,CHs_f_5,8.219903860081203e-7
18,CHs_f_5,8.134913367292857e-7
19,CHs_f_5,8.050834713461181e-7
20,CHs_f_5,7.967640876350361e-7
21,CHs_f_5,7.885314607627315e-7
22,CHs_f_5,7.803843075902111e-7
23,CHs_f_5,7.723215526075299e-7
24,CHs_f_5,7.643422238466701e-7
25,CHs_f_5,7.564454052710346e-7
26,CHs_f_5,7.48630214140887e-7
27,CHs_f_5,7.408957897409206e-7
28,CHs_f_5,7.332412874802939e-7
29,CHs_f_5,7.256658756526495e-7
30,CHs_f_5,7.181687335780241e-7
31,CHs_f_5,7.107490504951535e-7
32,CHs_f_5,7.034060248762935e-7
33,CHs_f_5,6.961388639864349e-7
34,CHs_f_5,6.889467835865091e-7
35,CHs_f_5,6.81829007722472e-7
36,CHs_f_5,6.747847685660216e-7
37,CHs_f_5,6.678133062865826e-7
38,CHs_f_5,6.609138689423528e-7
39,CHs_f_5,6.540857123830978e-7
40,CHs_f_5,6.473281001603017e-7
1,CFs_f_5,2.3198410366364377e-7
2,CFs_f_5,1.3023945900138192e-5
3,CFs_f_5,7.282601079655885e-6
4,CFs_f_5,3.4436118931997217e-6
5,CFs_f_5,1.2437651950826248e-6
6,CFs_f_5,7.530474446303904e-8
7,CFs_f_5,-5.163853868461305e-7
8,CFs_f_5,-8.048324018828433e-7
9,CFs_f_5,-9.397515425600984e-7
10,CFs_f_5,-9.9889371992088e-7
11,CFs_f_5,-1.0213206773614764e-6
12,CFs_f_5,-1.0262187297882708e-6
13,CFs_f_5,-1.02286035185623e-6
14,CFs_f_5,-1.0156730553184207e-6
15,CFs_f_5,-1.006751439502513e-6
16,CFs_f_5,-9.970791805944198e-7
17,CFs_f_5,-9.871154136397074e-7
18,CFs_f_5,-9.770732299903091e-7
19,CFs_f_5,-9.670509032509192e-7
20,CFs_f_5,-9.570933416016744e-7
21,CFs_f_5,-9.472207271624812e-7
22,CFs_f_5,-9.374418133317365e-7
23,CFs_f_5,-9.277600813131341e-7
24,CFs_f_5,-9.181765847231618e-7
25,CFs_f_5,-9.086912622272451e-7
26,CFs_f_5,-8.993035428973387e-7
27,CFs_f_5,-8.900126254252191e-7
28,CFs_f_5,-8.80817607015516e-7
29,CFs_f_5,-8.717175429780041e-7
30,CFs_f_5,-8.627114743363793e-7
31,CFs_f_5,-8.53798440646566e-7
32,CFs_f_5,-8.449774859543633e-7
33,CFs_f_5,-8.362476615571548e-7
34,CFs_f_5,-8.276080272684769e-7
35,CFs_f_5,-8.190576519762562e-7
36,CFs_f_5,-8.105956138650078e-7
37,CFs_f_5,-8.02221000476609e-7
38,CFs_f_5,-7.939329086927708e-7
39,CFs_f_5,-7.857304446792016e-7
40,CFs_f_5,-7.77612723810946e-7
1,L_f_5,-0.19987917426797244
2,L_f_5,-0.09617539191754104
3,L_f_5,-0.050094991402632606
4,L_f_5,-0.029481380487643385
5,L_f_5,-0.020216732498327606
6,L_f_5,-0.016011464709093322
7,L_f_5,-0.014062599013446147
8,L_f_5,-0.013120665114206625
9,L_f_5,-0.01262857384416903
10,L_f_5,-0.012337892513265496
11,L_f_5,-0.01213781106911909
12,L_f_5,-0.01197889263630295
13,L_f_5,-0.01183907409457064
14,L_f_5,-0.01170850336635355
15,L_f_5,-0.011582776316857913
16,L_f_5,-0.011459919768094014
17,L_f_5,-0.011339045463196824
18,L_f_5,-0.011219749452780398
19,L_f_5,-0.01110184405998431
20,L_f_5,-0.010985238247481415
21,L_f_5,-0.010869884212212595
22,L_f_5,-0.010755753539811253
23,L_f_5,-0.010642826554593386
24,L_f_5,-0.01053108756119754
25,L_f_5,-0.010420522717370541
26,L_f_5,-0.010311119082131533
27,L_f_5,-0.01020286418919188
28,L_f_5,-0.01009574585521633
29,L_f_5,-0.009989752093149253
30,L_f_5,-0.009884871072587068
31,L_f_5,-0.00978109110124295
32,L_f_5,-0.009678400615884864
33,L_f_5,-0.009576788177539928
34,L_f_5,-0.009476242468628594
35,L_f_5,-0.009376752290978273
36,L_f_5,-0.009278306564243147
37,L_f_5,-0.009180894324516223
38,L_f_5,-0.009084504723036568
39,L_f_5,-0.008989127024947346
40,L_f_5,-0.008894750608084314
1,Y_f_5,0.3252390330377789
2,Y_f_5,0.14570388792607414
3,Y_f_5,0.06506245698859278
4,Y_f_5,0.029012800593057046
5,Y_f_5,0.012903037802642053
6,Y_f_5,0.00570649108912836
7,Y_f_5,0.0024929683081873237
8,Y_f_5,0.0010588079040295148
9,Y_f_5,0.0004193128466895581
10,Y_f_5,0.00013459674234759579
11,Y_f_5,8.208848811847698e-6
12,Y_f_5,-4.75567779827569e-5
13,Y_f_5,-7.18422650496283e-5
14,Y_f_5,-8.210850649494978e-5
15,Y_f_5,-8.614030044652063e-5
16,Y_f_5,-8.740597267907375e-5
17,Y_f_5,-8.744932037934748e-5
18,Y_f_5,-8.695666336542002e-5
19,Y_f_5,-8.623260870510788e-5
20,Y_f_5,-8.541203775620599e-5
21,Y_f_5,-8.455448002120581e-5
22,Y_f_5,-8.368607973736452e-5
23,Y_f_5,-8.281822997499886e-5
24,Y_f_5,-8.195583021072071e-5
25,Y_f_5,-8.110093591891219e-5
26,Y_f_5,-8.02543658168452e-5
27,Y_f_5,-7.941640624303872e-5
28,Y_f_5,-7.858711779262465e-5
29,Y_f_5,-7.776646756256755e-5
30,Y_f_5,-7.695438543199277e-5
31,Y_f_5,-7.615078755073453e-5
32,Y_f_5,-7.535558585372058e-5
33,Y_f_5,-7.456869173105676e-5
34,Y_f_5,-7.379001732255012e-5
35,Y_f_5,-7.30194758899899e-5
36,Y_f_5,-7.225698185958452e-5
37,Y_f_5,-7.150245076561965e-5
38,Y_f_5,-7.075579917872174e-5
39,Y_f_5,-7.001694464425376e-5
40,Y_f_5,-6.928580563531346e-5
1,M_f_5,0.725701039580436
2,M_f_5,0.32579720994449357
3,M_f_5,0.14670449536592148
4,M_f_5,0.06668512745141945
5,M_f_5,0.030931560556875865
6,M_f_5,0.014952330518472823
7,M_f_5,0.007805347515147025
8,M_f_5,0.004602786879786131
9,M_f_5,0.003161576152796715
10,M_f_5,0.002506816451167939
11,M_f_5,0.0022032089548724015
12,M_f_5,0.002056420992361654
13,M_f_5,0.001979711474289066
14,M_f_5,0.0019343714305839288
15,M_f_5,0.0019031309130474548
16,M_f_5,0.0018782870914131437
17,M_f_5,0.0018564052556220751
18,M_f_5,0.0018359541362831773
19,M_f_5,0.0018162509530239524
20,M_f_5,0.0017969909333759946
21,M_f_5,0.0017780375843454116
22,M_f_5,0.0017593292554627788
23,M_f_5,0.0017408375432556985
24,M_f_5,0.0017225487928368482
25,M_f_5,0.0017044558823116332
26,M_f_5,0.0016865545805430507
27,M_f_5,0.0016688419362663495
28,M_f_5,0.0016513155678812418
29,M_f_5,0.0016339733516526158
30,M_f_5,0.001616813285584608
31,M_f_5,0.001599833430422055
32,M_f_5,0.00158303188431439
33,M_f_5,0.0015664067720519523
34,M_f_5,0.0015499562405385716
35,M_f_5,0.0015336784568892744
36,M_f_5,0.0015175716076063117
37,M_f_5,0.001501633898181683
38,M_f_5,0.0014858635528580224
39,M_f_5,0.0014702588144417123
40,M_f_5,0.0014548179441288274
1,V_f_5,-0.33275796965022275
2,V_f_5,-0.13785200012116303
3,V_f_5,-0.05118040438644918
4,V_f_5,-0.01261025883510702
5,V_f_5,0.004500644394315639
6,V_f_5,0.012035750905067014
7,V_f_5,0.015297072305633097
8,V_f_5,0.01665086379342356
9,V_f_5,0.017153491193951927
10,V_f_5,0.017276708593763828
11,V_f_5,0.017231276099220875
12,V_f_5,0.017111395516747015
13,V_f_5,0.016959192994234012
14,V_f_5,0.01679351666414352
15,V_f_5,0.01662280270814384
16,V_f_5,0.016450826441689617
17,V_f_5,0.016279274631819145
18,V_f_5,0.016108896947513808
19,V_f_5,0.015940021913924348
20,V_f_5,0.015772788413804403
21,V_f_5,0.015607249737930923
22,V_f_5,0.015443420455899042
23,V_f_5,0.015281297590461687
24,V_f_5,0.015120870218541513
25,V_f_5,0.014962123844934628
26,V_f_5,0.014805042406329776
27,V_f_5,0.014649609196025141
28,V_f_5,0.014495807294123683
29,V_f_5,0.01434361976944537
30,V_f_5,0.014193029775081644
31,V_f_5,0.01404402059384148
32,V_f_5,0.013896575659777184
33,V_f_5,0.013750678568118306
34,V_f_5,0.013606313079494751
35,V_f_5,0.013463463121297533
36,V_f_5,0.013322112787580838
37,V_f_5,0.013182246338210113
38,V_f_5,0.013043848197616763
39,V_f_5,0.012906902953347768
40,V_f_5,0.012771395354510325
1,MC_f_5,-0.05318110285605368
2,MC_f_5,-0.021869966118905126
3,MC_f_5,-0.00800250297265157
4,MC_f_5,-0.0018478759130530144
5,MC_f_5,0.0008718633957687524
6,MC_f_5,0.002062663910913119
7,MC_f_5,0.0025734850745938714
8,MC_f_5,0.0027822990452670083
9,MC_f_5,0.0028572659049050197
10,MC_f_5,0.0028731247582659087
11,MC_f_5,0.0028630473266749437
12,MC_f_5,0.0028417281544336937
13,MC_f_5,0.0028156594271942937
14,MC_f_5,0.0027876987277881686
15,MC_f_5,0.0027590970196970065
16,MC_f_5,0.0027303974400398794
17,MC_f_5,0.002701832692365291
18,MC_f_5,0.002673500183834252
19,MC_f_5,0.0026454388722440933
20,MC_f_5,0.0026176627820304085
21,MC_f_5,0.002590175499620039
22,MC_f_5,0.0025629763684457546
23,MC_f_5,0.002536063091292771
24,MC_f_5,0.002509432795456696
25,MC_f_5,0.0024830824510708505
26,MC_f_5,0.002457009023971318
27,MC_f_5,0.002431209523829472
28,MC_f_5,0.002405681013676048
29,MC_f_5,0.00238042060700755
30,MC_f_5,0.0023554254621990225
31,MC_f_5,0.0023306927774003517
32,MC_f_5,0.0023062197866462295
33,MC_f_5,0.0022820037570987182
34,MC_f_5,0.0022580419871455156
35,MC_f_5,0.0022343318050879767
36,MC_f_5,0.00221087056821596
37,MC_f_5,0.0021876556621291147
38,MC_f_5,0.0021646845002124943
39,MC_f_5,0.002141954523207926
40,MC_f_5,0.0021194631988446936
1,PL_f_5,0.30060948307406626
2,PL_f_5,0.14109382160287967
3,PL_f_5,0.06958382420445829
4,PL_f_5,0.03756205252937327
5,PL_f_5,0.023185945184144977
6,PL_f_5,0.016694827096850454
7,PL_f_5,0.013727506737215392
8,PL_f_5,0.01233543353610382
9,PL_f_5,0.011647997304405891
10,PL_f_5,0.011276184666468422
11,PL_f_5,0.01104615104368172
12,PL_f_5,0.010880191117555598
13,PL_f_5,0.01074356001448788
14,PL_f_5,0.010620713161982142
15,PL_f_5,0.01050468919958344
16,PL_f_5,0.010392365032707532
17,PL_f_5,0.01028233475821322
18,PL_f_5,0.010173961209045233
19,PL_f_5,0.010066951664086948
20,PL_f_5,0.00996116793387927
21,PL_f_5,0.009856541289091027
22,PL_f_5,0.009753034314220473
23,PL_f_5,0.009650623779586873
24,PL_f_5,0.009549292936909582
25,PL_f_5,0.009449028045466004
26,PL_f_5,0.009349816800752876
27,PL_f_5,0.009251647620624292
28,PL_f_5,0.00915450931903069
29,PL_f_5,0.009058390955625911
30,PL_f_5,0.008963281765560691
31,PL_f_5,0.008869171126064782
32,PL_f_5,0.008776048540040793
33,PL_f_5,0.008683903627602825
34,PL_f_5,0.008592726121371652
35,PL_f_5,0.008502505863573583
36,PL_f_5,0.008413232804022064
37,PL_f_5,0.008324896998541817
38,PL_f_5,0.008237488607621798
39,PL_f_5,0.008150997895191336
40,PL_f_5,0.008065415227466245
1,PIV_f_5,0.3901341742759933
2,PIV_f_5,0.16917646405331682
3,PIV_f_5,0.07031702724181531
4,PIV_f_5,0.026196171251875948
5,PIV_f_5,0.006533121309306455
6,PIV_f_5,-0.002201765940229855
7,PIV_f_5,-0.0060535043902411045
8,PIV_f_5,-0.007723142467194672
9,PIV_f_5,-0.00841771443007504
10,PIV_f_5,-0.008676715819795087
11,PIV_f_5,-0.00874134246593273
12,PIV_f_5,-0.00871946498821551
13,PIV_f_5,-0.008659348133323478
14,PIV_f_5,-0.008582598726215206
15,PIV_f_5,-0.008498895272247115
16,PIV_f_5,-0.008412575317734263
17,PIV_f_5,-0.0083255828848892
18,PIV_f_5,-0.008238788126686174
19,PIV_f_5,-0.008152578687399912
20,PIV_f_5,-0.008067125004638001
21,PIV_f_5,-0.00798249951071954
22,PIV_f_5,-0.00789873029579189
23,PIV_f_5,-0.007815825328265684
24,PIV_f_5,-0.00773378342273943
25,PIV_f_5,-0.0076525992277670886
26,PIV_f_5,-0.007572265506267456
27,PIV_f_5,-0.007492774185079961
28,PIV_f_5,-0.00741411684191966
29,PIV_f_5,-0.007336284933427486
30,PIV_f_5,-0.0072592699030644735
31,PIV_f_5,-0.0071830632326639375
32,PIV_f_5,-0.007107656467236533
33,PIV_f_5,-0.007033041226894183
34,PIV_f_5,-0.00695920921246963
35,PIV_f_5,-0.006886152207996187
36,PIV_f_5,-0.006813862081595566
37,PIV_f_5,-0.006742330785544627
38,PIV_f_5,-0.0066715503559124124
39,PIV_f_5,-0.006601512911970055
40,PIV_f_5,-0.0065322106554804695
1,VOil_f_5,-0.3326145717723797
2,VOil_f_5,-0.12975029444444475
3,VOil_f_5,-0.046648048492769115
4,VOil_f_5,-0.010464995903824572
5,VOil_f_5,0.005277886921256367
6,VOil_f_5,0.012086299642290955
7,VOil_f_5,0.014979602043122327
8,VOil_f_5,0.01615396221533298
9,VOil_f_5,0.016572640975697953
10,VOil_f_5,0.016659038271288798
11,VOil_f_5,0.016599620619771396
12,VOil_f_5,0.016476657159534155
13,VOil_f_5,0.016326507119813594
14,VOil_f_5,0.016165264988336883
15,VOil_f_5,0.016000064235037015
16,VOil_f_5,0.01583406838982744
17,VOil_f_5,0.015668678664995307
18,VOil_f_5,0.015504512197272606
19,VOil_f_5,0.01534183638815791
20,VOil_f_5,0.015180762186311661
21,VOil_f_5,0.015021330326390251
22,VOil_f_5,0.014863549929883847
23,VOil_f_5,0.014707415850539227
24,VOil_f_5,0.014552916506210666
25,VOil_f_5,0.014400037436171818
26,VOil_f_5,0.014248762928620831
27,VOil_f_5,0.014099076771725977
28,VOil_f_5,0.013950962603643367
29,VOil_f_5,0.013804404077356136
30,VOil_f_5,0.013659384939050764
31,VOil_f_5,0.013515889065586057
32,VOil_f_5,0.013373900482310333
33,VOil_f_5,0.013233403371275593
34,VOil_f_5,0.013094382074672577
35,VOil_f_5,0.012956821095843342
36,VOil_f_5,0.012820705099044323
37,VOil_f_5,0.012686018908556031
38,VOil_f_5,0.012552747507448147
39,VOil_f_5,0.012420876036163486
40,VOil_f_5,0.012290389791008627
1,VNon_f_5,-0.33275163040684014
2,VNon_f_5,-0.1374983528951512
3,VNon_f_5,-0.05098261769955697
4,VNon_f_5,-0.012516696827971787
5,VNon_f_5,0.004534480473850923
6,VNon_f_5,0.012037862343382093
7,VNon_f_5,0.015283118406102778
8,VNon_f_5,0.016629077727409045
9,VNon_f_5,0.017128041333804543
10,VNon_f_5,0.017249652333636668
11,VNon_f_5,0.017203610282038963
12,VNon_f_5,0.017083596065226418
13,VNon_f_5,0.016931484078720548
14,VNon_f_5,0.01676600224648382
15,VNon_f_5,0.016595529881430367
16,VNon_f_5,0.01642381559217591
17,VNon_f_5,0.016252533680270964
18,VNon_f_5,0.0160824280292735
19,VNon_f_5,0.015913824496181776
20,VNon_f_5,0.01574686074444639
21,VNon_f_5,0.015581589516841843
22,VNon_f_5,0.015418025145245293
23,VNon_f_5,0.015256164557830163
24,VNon_f_5,0.015095996802848746
25,VNon_f_5,0.014937507386698575
26,VNon_f_5,0.014780680261506326
27,VNon_f_5,0.014625498742263977
28,VNon_f_5,0.0144719459335246
29,VNon_f_5,0.01432000492969658
30,VNon_f_5,0.014169658909848401
31,VNon_f_5,0.01402089118280666
32,VNon_f_5,0.013873685208520035
33,VNon_f_5,0.013728024607918232
34,VNon_f_5,0.013583893167100685
35,VNon_f_5,0.013441274838682186
36,VNon_f_5,0.01330015374168887
37,VNon_f_5,0.013160514160704673
38,VNon_f_5,0.013022340544626473
39,VNon_f_5,0.012885617505215226
40,VNon_f_5,0.012750329815542626
1,P_f_6,0.11876129455752546
2,P_f_6,0.056027718198134964
3,P_f_6,0.027927345525480655
4,P_f_6,0.015338296942249268
5,P_f_6,0.00968016980757384
6,P_f_6,0.007119844344235568
7,P_f_6,0.005944716414284975
8,P_f_6,0.005389433681841523
9,P_f_6,0.0051118517603538065
10,P_f_6,0.004958948300979393
11,P_f_6,0.00486224256267281
12,P_f_6,0.004791062199057312
13,P_f_6,0.00473165323253128
14,P_f_6,0.004677838094376186
15,P_f_6,0.004626835550971529
16,P_f_6,0.004577388916277283
17,P_f_6,0.004528927055939601
18,P_f_6,0.004481187831419794
19,P_f_6,0.004434048806044553
20,P_f_6,0.004387450962773512
21,P_f_6,0.004341364232154859
22,P_f_6,0.004295771855703339
23,P_f_6,0.004250663258746933
24,P_f_6,0.004206030781829353
25,P_f_6,0.004161868170013704
26,P_f_6,0.00411816986787387
27,P_f_6,0.004074930686541745
28,P_f_6,0.004032145644172597
29,P_f_6,0.003989809888161726
30,P_f_6,0.003947918656421217
31,P_f_6,0.0039064672576119485
32,P_f_6,0.0038654510607366963
33,P_f_6,0.0038248654894451144
34,P_f_6,0.003784706018758585
35,P_f_6,0.0037449681730636016
36,P_f_6,0.003705647524783967
37,P_f_6,0.0036667396934237408
38,P_f_6,0.003628240344816848
39,P_f_6,0.003590145190494445
40,P_f_6,0.003552449987121031
1,PM_f_6,-0.049597362098364066
2,PM_f_6,-0.01994855156539977
3,PM_f_6,-0.006822740951595981
4,PM_f_6,-0.0010019017684140873
5,PM_f_6,0.001565821931558086
6,PM_f_6,0.0026856233394005093
7,PM_f_6,0.003161562726711199
8,PM_f_6,0.0033516075205839483
9,PM_f_6,0.003415007318234024
10,PM_f_6,0.0034225339808405504
11,PM_f_6,0.0034055938548220163
12,PM_f_6,0.003378096439870921
13,PM_f_6,0.0033461850646874357
14,PM_f_6,0.0033125623601560302
15,PM_f_6,0.0032784104337133177
16,PM_f_6,0.0032442417323671636
17,PM_f_6,0.0032102751522038605
18,PM_f_6,0.003176601740074494
19,PM_f_6,0.003143257366775477
20,PM_f_6,0.003110254402218214
21,PM_f_6,0.0030775954021801458
22,PM_f_6,0.0030452789500924993
23,PM_f_6,0.0030133021062550298
24,PM_f_6,0.002981661407308086
25,PM_f_6,0.0029503532568026887
26,PM_f_6,0.0029193740665859453
27,PM_f_6,0.00288872030033417
28,PM_f_6,0.0028583884813208095
29,PM_f_6,0.0028283751889012654
30,PM_f_6,0.00279867705273103
31,PM_f_6,0.002769290747611097
32,PM_f_6,0.002740212989583611
33,PM_f_6,0.002711440533160263
34,PM_f_6,0.0026829701693970457
35,PM_f_6,0.00265479872454911
36,PM_f_6,0.002626923059105083
37,PM_f_6,0.0025993400670628313
38,PM_f_6,0.00257204667535642
39,PM_f_6,0.00254503984337708
40,PM_f_6,0.002518316562552575
1,PH_f_6,0.11807448401759316
2,PH_f_6,0.055744796870357084
3,PH_f_6,0.027821818961552957
4,PH_f_6,0.01531147186173183
5,PH_f_6,0.009688168800519795
6,PH_f_6,0.007143145399590842
7,PH_f_6,0.005974629632050048
8,PH_f_6,0.005422090108866071
9,PH_f_6,0.005145529209381654
10,PH_f_6,0.004992880974712503
11,PH_f_6,0.004896090916086517
12,PH_f_6,0.004824676738651522
13,PH_f_6,0.004764969233730487
14,PH_f_6,0.004710828652874909
15,PH_f_6,0.004659490636694462
16,PH_f_6,0.004609706023056129
17,PH_f_6,0.004560907024708662
18,PH_f_6,0.004512832982916417
19,PH_f_6,0.004465362105198995
20,PH_f_6,0.00441843564436247
21,PH_f_6,0.004372023632906304
22,PH_f_6,0.004326109338931545
23,PH_f_6,0.004280682180531964
24,PH_f_6,0.004235734475891297
25,PH_f_6,0.0041912599410233444
26,PH_f_6,0.004147252988583985
27,PH_f_6,0.004103708396656026
28,PH_f_6,0.0040606211500086725
29,PH_f_6,0.0040179863626788525
30,PH_f_6,0.003975799239415996
31,PH_f_6,0.00393405505599136
32,PH_f_6,0.0038927491488262023
33,PH_f_6,0.003851876909311963
34,PH_f_6,0.003811433780540821
35,PH_f_6,0.003771415255300206
36,PH_f_6,0.0037318168747439017
37,PH_f_6,0.0036926342274327595
38,PH_f_6,0.0036538629485815518
39,PH_f_6,0.003615498719423281
40,PH_f_6,0.003577537266642126
1,Cg_f_6,3.1016652632833483e-7
2,Cg_f_6,-3.047834871052745e-6
3,Cg_f_6,-1.44113078159093e-6
4,Cg_f_6,-4.1955194585517535e-7
5,Cg_f_6,1.5058201342428504e-7
6,Cg_f_6,4.4773193844064866e-7
7,Cg_f_6,5.951489910838389e-7
8,Cg_f_6,6.645695783616184e-7
9,Cg_f_6,6.946389484497416e-7
10,Cg_f_6,7.052908199634483e-7
11,Cg_f_6,7.065267600497865e-7
12,Cg_f_6,7.032697419829299e-7
13,Cg_f_6,6.979089932724895e-7
14,Cg_f_6,6.915914422432756e-7
15,Cg_f_6,6.848627675438203e-7
16,Cg_f_6,6.779805700915659e-7
17,Cg_f_6,6.710655341875192e-7
18,Cg_f_6,6.64173703534665e-7
19,Cg_f_6,6.573307765643636e-7
20,Cg_f_6,6.505482771935541e-7
21,Cg_f_6,6.438311387948347e-7
22,Cg_f_6,6.371812444944894e-7
23,Cg_f_6,6.305990729888612e-7
24,Cg_f_6,6.24084460749676e-7
25,Cg_f_6,6.176369537434874e-7
26,Cg_f_6,6.112559691531847e-7
27,Cg_f_6,6.049408694589413e-7
28,Cg_f_6,5.986909962283236e-7
29,Cg_f_6,5.92505685446169e-7
30,Cg_f_6,5.863842744165742e-7
31,Cg_f_6,5.803261048322706e-7
32,Cg_f_6,5.743305241089784e-7
33,Cg_f_6,5.683968859386285e-7
34,Cg_f_6,5.625245504933549e-7
35,Cg_f_6,5.567128844748506e-7
36,Cg_f_6,5.509612610961868e-7
37,Cg_f_6,5.452690600347905e-7
38,Cg_f_6,5.396356673735841e-7
39,Cg_f_6,5.340604755376549e-7
40,Cg_f_6,5.285428832295808e-7
1,Cs_f_6,0.09244792868043013
2,Cs_f_6,0.0445830558201534
3,Cs_f_6,0.023116969929659375
4,Cs_f_6,0.013507174062969933
5,Cs_f_6,0.009191938495094056
6,Cs_f_6,0.00723875994312454
7,Cs_f_6,0.006338303583639175
8,Cs_f_6,0.005906539385668198
9,Cs_f_6,0.005683255716541015
10,Cs_f_6,0.0055526767069775705
11,Cs_f_6,0.0054633796157830756
12,Cs_f_6,0.005392575247930913
13,Cs_f_6,0.005330192761864963
14,Cs_f_6,0.0052717978571988865
15,Cs_f_6,0.0052154468663333006
16,Cs_f_6,0.005160292324501806
17,Cs_f_6,0.005105966671307982
18,Cs_f_6,0.005052310916254216
19,Cs_f_6,0.004999255804022255
20,Cs_f_6,0.004946770142037769
21,Cs_f_6,0.00489483855620425
22,Cs_f_6,0.004843452051013526
23,Cs_f_6,0.004792604086784307
24,Cs_f_6,0.004742289001293708
25,Cs_f_6,0.004692501407508166
26,Cs_f_6,0.004643235985225984
27,Cs_f_6,0.004594487423761481
28,Cs_f_6,0.004546250417358304
29,Cs_f_6,0.0044985196754380435
30,Cs_f_6,0.004451289934320002
31,Cs_f_6,0.004404555966549911
32,Cs_f_6,0.004358312587359028
33,Cs_f_6,0.004312554658777162
34,Cs_f_6,0.004267277092069615
35,Cs_f_6,0.004222474849055249
36,Cs_f_6,0.004178142942707125
37,Cs_f_6,0.004134276437305221
38,Cs_f_6,0.004090870448315015
39,Cs_f_6,0.004047920142101044
40,Cs_f_6,0.004005420735542851
1,CHg_f_6,6.194619595074854e-7
2,CHg_f_6,-6.148644581742647e-6
3,CHg_f_6,-2.9118327443851095e-6
4,CHg_f_6,-8.530362357777694e-7
5,CHg_f_6,2.9619022395235845e-7
6,CHg_f_6,8.952473556941662e-7
7,CHg_f_6,1.1924898847670357e-6
8,CHg_f_6,1.3325046864239641e-6
9,CHg_f_6,1.3931919193936366e-6
10,CHg_f_6,1.4147356078083448e-6
11,CHg_f_6,1.4172979354236217e-6
12,CHg_f_6,1.4108029725798469e-6
13,CHg_f_6,1.4000669323540287e-6
14,CHg_f_6,1.3874017016581825e-6
15,CHg_f_6,1.3739071682710063e-6
16,CHg_f_6,1.3601025404125917e-6
17,CHg_f_6,1.3462310567687278e-6
18,CHg_f_6,1.3324056726851035e-6
19,CHg_f_6,1.3186781852729076e-6
20,CHg_f_6,1.3050718252255805e-6
21,CHg_f_6,1.29159654141959e-6
22,CHg_f_6,1.278256135680013e-6
23,CHg_f_6,1.2650515794945012e-6
24,CHg_f_6,1.251982550012966e-6
25,CHg_f_6,1.2390481388342091e-6
26,CHg_f_6,1.226247177915097e-6
27,CHg_f_6,1.2135783888698387e-6
28,CHg_f_6,1.2010404510751832e-6
29,CHg_f_6,1.1886320325728252e-6
30,CHg_f_6,1.1763518039857683e-6
31,CHg_f_6,1.1641984447092307e-6
32,CHg_f_6,1.1521706456035727e-6
33,CHg_f_6,1.1402671101119503e-6
34,CHg_f_6,1.1284865546734374e-6
35,CHg_f_6,1.1168277088239813e-6
36,CHg_f_6,1.105289315160937e-6
37,CHg_f_6,1.0938701292492593e-6
38,CHg_f_6,1.082568919503694e-6
39,CHg_f_6,1.0713844670618862e-6
40,CHg_f_6,1.0603155656547176e-6
1,CFg_f_6,2.3270540093380405e-7
2,CFg_f_6,1.3011514983034736e-5
3,CFg_f_6,7.276723275226493e-6
4,CFg_f_6,3.4419007061708947e-6
5,CFg_f_6,1.2443793597472284e-6
6,CFg_f_6,7.713086654605426e-8
7,CFg_f_6,-5.139580087117159e-7
8,CFg_f_6,-8.021218845358388e-7
9,CFg_f_6,-9.369183841045939e-7
10,CFg_f_6,-9.96017116679894e-7
11,CFg_f_6,-1.0184390332078885e-6
12,CFg_f_6,-1.0233503697274335e-6
13,CFg_f_6,-1.0200138561762289e-6
14,CFg_f_6,-1.01285232643878e-6
15,CFg_f_6,-1.0039581542346363e-6
16,CFg_f_6,-9.943139650971052e-7
17,CFg_f_6,-9.843784018480557e-7
18,CFg_f_6,-9.743643272592501e-7
19,CFg_f_6,-9.643699101216097e-7
20,CFg_f_6,-9.544400116137562e-7
21,CFg_f_6,-9.445947937343134e-7
22,CFg_f_6,-9.348430022011456e-7
23,CFg_f_6,-9.251881162655384e-7
24,CFg_f_6,-9.156311902109431e-7
25,CFg_f_6,-9.061721645546101e-7
26,CFg_f_6,-8.968104707455755e-7
27,CFg_f_6,-8.875453100758065e-7
28,CFg_f_6,-8.783757824354199e-7
29,CFg_f_6,-8.693009458424475e-7
30,CFg_f_6,-8.603198440234595e-7
31,CFg_f_6,-8.514315192193561e-7
32,CFg_f_6,-8.426350181375695e-7
33,CFg_f_6,-8.339293947115224e-7
34,CFg_f_6,-8.25313711364354e-7
35,CFg_f_6,-8.167870395669654e-7
36,CFg_f_6,-8.083484600602894e-7
37,CFg_f_6,-7.999970629162533e-7
38,CFg_f_6,-7.91731947520496e-7
39,CFg_f_6,-7.835522225167825e-7
40,CFg_f_6,-7.754570057326126e-7
1,CHs_f_6,0.09313948120208534
2,CHs_f_6,0.04481126721225757
3,CHs_f_6,0.023196575339634182
4,CHs_f_6,0.013526361953522617
5,CHs_f_6,0.009186501434372217
6,CHs_f_6,0.007223335253645955
7,CHs_f_6,0.006318903120452641
8,CHs_f_6,0.0058856375544912055
9,CHs_f_6,0.0056618713112588735
10,CHs_f_6,0.00553122852442222
11,CHs_f_6,0.005442038967539958
12,CHs_f_6,0.005371411364131274
13,CHs_f_6,0.0053092327872669015
14,CHs_f_6,0.005251051601599829
15,CHs_f_6,0.005194917009706342
16,CHs_f_6,0.005139978622188256
17,CHs_f_6,0.005085867685975865
18,CHs_f_6,0.005032424731164902
19,CHs_f_6,0.004979580316974553
20,CHs_f_6,0.004927303186733021
21,CHs_f_6,0.0048755779525283035
22,CHs_f_6,0.004824395625971203
23,CHs_f_6,0.004773749683258541
24,CHs_f_6,0.004723634481710276
25,CHs_f_6,0.004674044655339655
26,CHs_f_6,0.004624974905560764
27,CHs_f_6,0.004576419943457045
28,CHs_f_6,0.004528374485003582
29,CHs_f_6,0.0044808332612247615
30,CHs_f_6,0.004433791029869292
31,CHs_f_6,0.0043872425847164736
32,CHs_f_6,0.0043411827620240965
33,CHs_f_6,0.0042956064446362146
34,CHs_f_6,0.004250508564418033
35,CHs_f_6,0.004205884103573762
36,CHs_f_6,0.004161728095248051
37,CHs_f_6,0.004118035623680102
38,CHs_f_6,0.004074801824083992
39,CHs_f_6,0.004032021882364158
40,CHs_f_6,0.00398969103473336
1,CFs_f_6,-0.17763002038259051
2,CFs_f_6,-0.010830200268043473
3,CFs_f_6,0.01299044324883284
4,CFs_f_6,0.017895972055997467
5,CFs_f_6,0.017838804364085633
6,CFs_f_6,0.016884355423934204
7,CFs_f_6,0.016039998114089994
8,CFs_f_6,0.015445288191085255
9,CFs_f_6,0.015041649166135226
10,CFs_f_6,0.014755396044943294
11,CFs_f_6,0.014534826329783828
12,CFs_f_6,0.014349385270372788
13,CFs_f_6,0.014182453777515144
14,CFs_f_6,0.014025422597424635
15,CFs_f_6,0.013873971235570534
16,CFs_f_6,0.013725977897547098
17,CFs_f_6,0.013580415172594158
18,CFs_f_6,0.013436788689985464
19,CFs_f_6,0.013294859341797645
20,CFs_f_6,0.01315450855586
21,CFs_f_6,0.01301567398608702
22,CFs_f_6,0.012878319229243273
23,CFs_f_6,0.012742419739865564
24,CFs_f_6,0.012607956358040847
25,CFs_f_6,0.01247491237319596
26,CFs_f_6,0.012343272211263624
27,CFs_f_6,0.012213020857920953
28,CFs_f_6,0.012084143610830093
29,CFs_f_6,0.01195662597634731
30,CFs_f_6,0.011830453628193996
31,CFs_f_6,0.011705612391825267
32,CFs_f_6,0.011582088238914118
33,CFs_f_6,0.011459867285468361
34,CFs_f_6,0.01133893579101471
35,CFs_f_6,0.011219280157919656
36,CFs_f_6,0.01110088693056744
37,CFs_f_6,0.010983742794354495
38,CFs_f_6,0.010867834574533282
39,CFs_f_6,0.010753149234951423
40,CFs_f_6,0.01063967387672496
1,L_f_6,-0.13446486658324122
2,L_f_6,-0.06648092218354433
3,L_f_6,-0.03580414748995845
4,L_f_6,-0.022015763433903924
5,L_f_6,-0.015784873761250196
6,L_f_6,-0.012935427714559388
7,L_f_6,-0.011599110304864694
8,L_f_6,-0.010940226235014732
9,L_f_6,-0.0105850017615211
10,L_f_6,-0.010366260429738717
11,L_f_6,-0.010209220888935274
12,L_f_6,-0.010080423128142028
13,L_f_6,-0.009964888479964537
14,L_f_6,-0.009855905557659727
15,L_f_6,-0.009750462157134309
16,L_f_6,-0.009647201918227153
17,L_f_6,-0.009545510098470883
18,L_f_6,-0.009445104382646756
19,L_f_6,-0.009345851643084765
20,L_f_6,-0.009247685825453137
21,L_f_6,-0.009150571116435174
22,L_f_6,-0.009054485401539244
23,L_f_6,-0.008959412822974777
24,L_f_6,-0.008865340423888153
25,L_f_6,-0.008772256630547589
26,L_f_6,-0.008680150562960995
27,L_f_6,-0.008589011719943683
28,L_f_6,-0.008498829834051773
29,L_f_6,-0.008409594803935357
30,L_f_6,-0.008321296662189755
31,L_f_6,-0.008233925559607808
32,L_f_6,-0.008147471757083148
33,L_f_6,-0.008061925621125834
34,L_f_6,-0.007977277621109361
35,L_f_6,-0.007893518327363238
36,L_f_6,-0.007810638409688454
37,L_f_6,-0.007728628636090969
38,L_f_6,-0.007647479871632272
39,L_f_6,-0.007567183077346251
40,L_f_6,-0.007487729309196288
1,Y_f_6,0.13646510745253845
2,Y_f_6,0.06020794995732453
3,Y_f_6,0.02618656909955423
4,Y_f_6,0.011012472453628146
5,Y_f_6,0.004250518226315298
6,Y_f_6,0.001242184928418938
7,Y_f_6,-9.177235200481302e-5
8,Y_f_6,-0.0006791621217868965
9,Y_f_6,-0.0009338731683514548
10,Y_f_6,-0.001040470206890817
11,Y_f_6,-0.0010812167850599533
12,Y_f_6,-0.0010927563535302637
13,Y_f_6,-0.0010913979073705875
14,Y_f_6,-0.0010843920751582047
15,Y_f_6,-0.0010749574216727528
16,Y_f_6,-0.0010645196127263927
17,Y_f_6,-0.0010537081783696283
18,Y_f_6,-0.0010427997745866286
19,Y_f_6,-0.0010319150386625647
20,Y_f_6,-0.0010211058579723262
21,Y_f_6,-0.001010393964961599
22,Y_f_6,-0.0009997879508961722
23,Y_f_6,-0.000989290733151241
24,Y_f_6,-0.0009789028129038224
25,Y_f_6,-0.0009686236844864222
26,Y_f_6,-0.0009584524379175358
27,Y_f_6,-0.0009483880120937916
28,Y_f_6,-0.0009384292984494727
29,Y_f_6,-0.0009285751816607253
30,Y_f_6,-0.0009188245544934335
31,Y_f_6,-0.0009091763224386968
32,Y_f_6,-0.0008996294045766238
33,Y_f_6,-0.0008901827332223939
34,Y_f_6,-0.0008808352533046601
35,Y_f_6,-0.000871585921787956
36,Y_f_6,-0.000862433707211749
37,Y_f_6,-0.0008533775893391904
38,Y_f_6,-0.0008444165588892007
39,Y_f_6,-0.0008355496173263426
40,Y_f_6,-0.0008267757766889257
1,M_f_6,0.3853345164118518
2,M_f_6,0.17256642803796876
3,M_f_6,0.07761340866190765
4,M_f_6,0.03522809189689535
5,M_f_6,0.01630684497096152
6,M_f_6,0.00785807599262502
7,M_f_6,0.004082876736500543
8,M_f_6,0.0023930852002303363
9,M_f_6,0.001633686035789838
10,M_f_6,0.0012893065463460307
11,M_f_6,0.001130028084526832
12,M_f_6,0.0010533038593527892
13,M_f_6,0.0010134109868205436
14,M_f_6,0.0009899711435344331
15,M_f_6,0.0009739066203125213
16,M_f_6,0.000961176332886742
17,M_f_6,0.0009499827672049668
18,M_f_6,0.0009395270866462635
19,M_f_6,0.0009294545679850868
20,M_f_6,0.0009196077346025787
21,M_f_6,0.0009099165664390405
22,M_f_6,0.0009003497341494223
23,M_f_6,0.0008908929750839577
24,M_f_6,0.0008815395263097247
25,M_f_6,0.0008722859048345373
26,M_f_6,0.000863130054032433
27,M_f_6,0.0008540705340229689
28,M_f_6,0.0008451061707759847
29,M_f_6,0.0008362359056724079
30,M_f_6,0.0008274587319924928
31,M_f_6,0.0008187736686960407
32,M_f_6,0.0008101797499551084
33,M_f_6,0.0008016760211895626
34,M_f_6,0.0007932615376927561
35,M_f_6,0.0007849353642286729
36,M_f_6,0.0007766965749536813
37,M_f_6,0.0007685442534189281
38,M_f_6,0.0007604774925709534
39,M_f_6,0.0007524953947294015
40,M_f_6,0.0007445970715416721
1,V_f_6,-0.26734375135396937
2,V_f_6,-0.10816020962999855
3,V_f_6,-0.03689037098735753
4,V_f_6,-0.005144332561060696
5,V_f_6,0.008933409545250503
6,V_f_6,0.015112993245188928
7,V_f_6,0.017761907951157015
8,V_f_6,0.018832711374290007
9,V_f_6,0.019198494166936152
10,V_f_6,0.019249774458217787
11,V_f_6,0.01916129368189278
12,V_f_6,0.0190112816768417
13,V_f_6,0.01883478250544616
14,V_f_6,0.018647504744101887
15,V_f_6,0.018456493183385683
16,V_f_6,0.018264906575386392
17,V_f_6,0.01807415829153902
18,V_f_6,0.01788487642132554
19,V_f_6,0.01769733496525879
20,V_f_6,0.017511647833601245
21,V_f_6,0.017327856331386702
22,V_f_6,0.017145968729349093
23,V_f_6,0.01696597823200741
24,V_f_6,0.01678787117683227
25,V_f_6,0.01661163079889301
26,V_f_6,0.016437238972577737
27,V_f_6,0.016264677024731312
28,V_f_6,0.016093926118208715
29,V_f_6,0.015924967434773223
30,V_f_6,0.015757782263177353
31,V_f_6,0.015592352041823358
32,V_f_6,0.015428658379324403
33,V_f_6,0.015266683064127337
34,V_f_6,0.015106408068622838
35,V_f_6,0.014947815550427061
36,V_f_6,0.014790887852187885
37,V_f_6,0.014635607500611379
38,V_f_6,0.014481957205073009
39,V_f_6,0.014329919856008304
40,V_f_6,0.01417947852318872
1,MC_f_6,0.11807448607931274
2,MC_f_6,0.0557448413953786
3,MC_f_6,0.027821842446571994
4,MC_f_6,0.015311481558593928
5,MC_f_6,0.009688170702427916
6,MC_f_6,0.007143143206359858
7,MC_f_6,0.00597462538857238
8,MC_f_6,0.005422084882143736
9,MC_f_6,0.005145523536944852
10,MC_f_6,0.004992875120972351
11,MC_f_6,0.004896085008807632
12,MC_f_6,0.0048246708386444235
13,MC_f_6,0.004764963369491496
14,MC_f_6,0.004710822837481714
15,MC_f_6,0.004659484875933751
16,MC_f_6,0.004609700319292572
17,MC_f_6,0.004560901378711611
18,MC_f_6,0.004512827394716718
19,MC_f_6,0.00446535657448873
20,MC_f_6,0.004418430170680618
21,MC_f_6,0.0043720182157246466
22,MC_f_6,0.0043261039776942576
23,MC_f_6,0.0042806768746738106
24,MC_f_6,0.004235729224845947
25,MC_f_6,0.0041912547442271506
26,MC_f_6,0.004147247845477678
27,MC_f_6,0.004103703306685456
28,MC_f_6,0.004060616112625113
29,MC_f_6,0.004017981377339113
30,MC_f_6,0.003975794305582436
31,MC_f_6,0.003934050173131863
32,MC_f_6,0.003892744316414139
33,MC_f_6,0.0038518721268261413
34,MC_f_6,0.0038114290474654255
35,MC_f_6,0.0037714105711247527
36,MC_f_6,0.003731812238963179
37,MC_f_6,0.003692629639546777
38,MC_f_6,0.0036538584080954813
39,MC_f_6,0.00361549422584741
40,MC_f_6,0.0035775328194918
1,PL_f_6,0.30060961213456455
2,PL_f_6,0.14109736085712882
3,PL_f_6,0.06958587142671918
4,PL_f_6,0.03756309085215272
5,PL_f_6,0.023186401588167767
6,PL_f_6,0.01669497282584728
7,PL_f_6,0.013727494247506165
8,PL_f_6,0.01233534320898202
9,PL_f_6,0.011647869896314172
10,PL_f_6,0.01127604030857409
11,PL_f_6,0.01104599949481065
12,PL_f_6,0.010880037040986003
13,PL_f_6,0.01074340561174125
14,PL_f_6,0.010620559459865288
15,PL_f_6,0.010504536669571869
16,PL_f_6,0.010392213885647214
17,PL_f_6,0.010282185083334307
18,PL_f_6,0.010173813039104437
19,PL_f_6,0.01006680500573973
20,PL_f_6,0.009961022781786856
21,PL_f_6,0.009856397632454583
22,PL_f_6,0.009752892139801938
23,PL_f_6,0.009650483073103908
24,PL_f_6,0.009549153683679352
25,PL_f_6,0.009448890230702165
26,PL_f_6,0.009349680409702413
27,PL_f_6,0.009251512638630353
28,PL_f_6,0.009154375731561123
29,PL_f_6,0.009058258748285867
30,PL_f_6,0.008963150924097813
31,PL_f_6,0.008869041636370886
32,PL_f_6,0.008775920388151911
33,PL_f_6,0.008683776799698473
34,PL_f_6,0.008592600603773723
35,PL_f_6,0.008502381642745069
36,PL_f_6,0.008413109866565694
37,PL_f_6,0.008324775331198677
38,PL_f_6,0.008237368197269916
39,PL_f_6,0.008150878728844287
40,PL_f_6,0.008065297292271765
1,PIV_f_6,0.39013443682880616
2,PIV_f_6,0.16918356261162398
3,PIV_f_6,0.07032072655364065
4,PIV_f_6,0.026197651309967807
5,PIV_f_6,0.006533348272691327
6,PIV_f_6,-0.0022021969389259405
7,PIV_f_6,-0.006054264571798379
8,PIV_f_6,-0.007724060234105533
9,PIV_f_6,-0.008418703282499487
10,PIV_f_6,-0.008677733175133411
11,PIV_f_6,-0.008742367731442846
12,PIV_f_6,-0.008720488356092725
13,PIV_f_6,-0.008660365006414763
14,PIV_f_6,-0.00858360699634636
15,PIV_f_6,-0.008499894009494751
16,PIV_f_6,-0.008413564145765056
17,PIV_f_6,-0.008326561685692681
18,PIV_f_6,-0.008239756901921818
19,PIV_f_6,-0.008153537493638417
20,PIV_f_6,-0.00806807392325242
21,PIV_f_6,-0.007983438633941837
22,PIV_f_6,-0.007899659720279426
23,PIV_f_6,-0.007816745152144087
24,PIV_f_6,-0.007734693744249776
25,PIV_f_6,-0.007653500144651437
26,PIV_f_6,-0.007573157115493391
27,PIV_f_6,-0.007493656582720415
28,PIV_f_6,-0.007414990123103713
29,PIV_f_6,-0.007337149192323506
30,PIV_f_6,-0.007260125232877956
31,PIV_f_6,-0.007183909725641952
32,PIV_f_6,-0.007108494214675151
33,PIV_f_6,-0.007033870319147171
34,PIV_f_6,-0.006960029738957674
35,PIV_f_6,-0.006886964257216319
36,PIV_f_6,-0.006814665741130589
37,PIV_f_6,-0.006743126142072522
38,PIV_f_6,-0.006672337495215664
39,PIV_f_6,-0.00660229191894489
40,PIV_f_6,-0.006532981614146014
1,VOil_f_6,-0.2672003363661281
2,VOil_f_6,-0.10010227245542173
3,VOil_f_6,-0.03238262412606429
4,VOil_f_6,-0.0030108407149186437
5,VOil_f_6,0.009706246784390353
6,VOil_f_6,0.01516305289060509
7,VOil_f_6,0.017445933696785865
8,VOil_f_6,0.018338274979218906
9,VOil_f_6,0.01862056376868266
10,VOil_f_6,0.018635224575926024
11,VOil_f_6,0.018532836167752142
12,VOil_f_6,0.018379760029050188
13,VOil_f_6,0.018205304386392514
14,VOil_f_6,0.018022439012708242
15,VOil_f_6,0.01783691300768002
16,VOil_f_6,0.017651276634890925
17,VOil_f_6,0.017466659249963965
18,VOil_f_6,0.017283557124486867
19,VOil_f_6,0.01710218346490615
20,VOil_f_6,0.016922624398147488
21,VOil_f_6,0.016744908741019103
22,VOil_f_6,0.01656903934573952
23,VOil_f_6,0.016395007259735157
24,VOil_f_6,0.016222798165178458
25,VOil_f_6,0.016052395331642984
26,VOil_f_6,0.015883780983339212
27,VOil_f_6,0.01571693693951817
28,VOil_f_6,0.015551844918279916
29,VOil_f_6,0.01538848668259908
30,VOil_f_6,0.015226844111320553
31,VOil_f_6,0.015066899233886202
32,VOil_f_6,0.014908634247207592
33,VOil_f_6,0.014752031523578402
34,VOil_f_6,0.014597073614000887
35,VOil_f_6,0.01444374324912119
36,VOil_f_6,0.014292023338897477
37,VOil_f_6,0.014141896971588202
38,VOil_f_6,0.013993347412373713
39,VOil_f_6,0.013846358101781059
40,VOil_f_6,0.013700912654005698
1,VNon_f_6,-0.26733112256688735
2,VNon_f_6,-0.10745921327772044
3,VNon_f_6,-0.03649849205102819
4,VNon_f_6,-0.004959127717737391
5,VNon_f_6,0.009000191420677133
6,VNon_f_6,0.015116877042507028
7,VNon_f_6,0.017733942668271836
8,VNon_f_6,0.018789220846954998
9,VNon_f_6,0.01914774277225881
10,VNon_f_6,0.019195841205408723
11,VNon_f_6,0.019106154900929005
12,VNon_f_6,0.018955880913928302
13,VNon_f_6,0.018779564178774983
14,VNon_f_6,0.018592674943554717
15,VNon_f_6,0.018402145248741134
16,VNon_f_6,0.01821108089617925
17,VNon_f_6,0.0180208705426292
18,VNon_f_6,0.01783213080723178
19,VNon_f_6,0.01764513040071245
20,VNon_f_6,0.017459980816164983
21,VNon_f_6,0.017276722272433404
22,VNon_f_6,0.017095362569252967
23,VNon_f_6,0.016915894723933896
24,VNon_f_6,0.016738305017405867
25,VNon_f_6,0.01656257668820822
26,VNon_f_6,0.01638869164162532
27,VNon_f_6,0.01621663124779569
28,VNon_f_6,0.01604637671832792
29,VNon_f_6,0.015877909285991514
30,VNon_f_6,0.015711210291312092
31,VNon_f_6,0.015546261224542056
32,VNon_f_6,0.015383043745901277
33,VNon_f_6,0.015221539695051295
34,VNon_f_6,0.015061731095137452
35,VNon_f_6,0.014903600154040552
36,VNon_f_6,0.014747129264171188
37,VNon_f_6,0.014592301001492948
38,VNon_f_6,0.014439098124134608
39,VNon_f_6,0.014287503570783799
40,VNon_f_6,0.014137500458966938
1,P_f_7,0.14884160781140346
2,P_f_7,0.06804289626471696
3,P_f_7,0.03184062571032828
4,P_f_7,0.01564322788512108
5,P_f_7,0.00838644957961646
6,P_f_7,0.0051260865242814466
7,P_f_7,0.003652637345898134
8,P_f_7,0.0029785487357429233
9,P_f_7,0.0026623125024910774
10,P_f_7,0.002506468943881323
11,P_f_7,0.0024226609852696615
12,P_f_7,0.002371323932600243
13,P_f_7,0.002334724613564209
14,P_f_7,0.002304904588593393
15,P_f_7,0.0022782857826062603
16,P_f_7,0.0022532554015390143
17,P_f_7,0.002229083752861318
18,P_f_7,0.002205438774951286
19,P_f_7,0.002182167924811499
20,P_f_7,0.0021591999911040874
21,P_f_7,0.0021365007797370687
22,P_f_7,0.0021140530466974413
23,P_f_7,0.0020918473717308666
24,P_f_7,0.002069877984907141
25,P_f_7,0.002048140844799736
26,P_f_7,0.0020266327457827403
27,P_f_7,0.0020053508989002866
28,P_f_7,0.0019842927325143915
29,P_f_7,0.00196345579601248
30,P_f_7,0.001942837712447698
31,P_f_7,0.0019224361547537554
32,P_f_7,0.0019022488335074391
33,P_f_7,0.001882273490452066
34,P_f_7,0.0018625078949515604
35,P_f_7,0.001842949841965605
36,P_f_7,0.0018235971508302347
37,P_f_7,0.0018044476644733128
38,P_f_7,0.0017854992488692564
39,P_f_7,0.0017667497926277926
40,P_f_7,0.0017481972066592125
1,PM_f_7,-0.04699643628729314
2,PM_f_7,-0.01900346838408371
3,PM_f_7,-0.006609697997937681
4,PM_f_7,-0.001113078072331078
5,PM_f_7,0.0013121644338143744
6,PM_f_7,0.0023705042681522086
7,PM_f_7,0.0028211076928281228
8,PM_f_7,0.003001921395235923
9,PM_f_7,0.003063262253938713
10,PM_f_7,0.00307191453598429
11,PM_f_7,0.003057503519778482
12,PM_f_7,0.0030331427133758193
13,PM_f_7,0.003004619496001054
14,PM_f_7,0.0029744772621220932
15,PM_f_7,0.002943826897825151
16,PM_f_7,0.002913149052608884
17,PM_f_7,0.0028826485080970746
18,PM_f_7,0.002852410141659484
19,PM_f_7,0.0028224672316076527
20,PM_f_7,0.002792831169576493
21,PM_f_7,0.002763504263232323
22,PM_f_7,0.0027344851786989225
23,PM_f_7,0.0027057712086763397
24,PM_f_7,0.002677359189398097
25,PM_f_7,0.0026492458533799324
26,PM_f_7,0.002621427953344709
27,PM_f_7,0.0025939022976276416
28,PM_f_7,0.0025666657541269554
29,PM_f_7,0.0025397152449813014
30,PM_f_7,0.002513047739928342
31,PM_f_7,0.0024866602507436285
32,PM_f_7,0.002460549827149555
33,PM_f_7,0.002434713553965544
34,PM_f_7,0.0024091485491590232
35,PM_f_7,0.0023838519625043217
36,PM_f_7,0.0023588209746353813
37,PM_f_7,0.0023340527963474278
38,PM_f_7,0.002309544668053761
39,PM_f_7,0.002285293859338523
40,PM_f_7,0.002261297668568839
1,PH_f_7,0.13485321526820465
2,PH_f_7,0.06218431447031368
3,PH_f_7,0.029612286796173653
4,PH_f_7,0.015032275761612153
5,PH_f_7,0.00849392740997995
6,PH_f_7,0.005550521051243919
7,PH_f_7,0.0042147402821562565
8,PH_f_7,0.003598267708765786
9,PH_f_7,0.0033039207351683473
10,PH_f_7,0.003154040569237855
11,PH_f_7,0.0030691166903631583
12,PH_f_7,0.0030135374593276234
13,PH_f_7,0.002971336405322333
14,PH_f_7,0.002935344748058704
15,PH_f_7,0.0029023373255516694
16,PH_f_7,0.002870858954854474
17,PH_f_7,0.0028402501781050423
18,PH_f_7,0.0028102100527256433
19,PH_f_7,0.0027805996305857324
20,PH_f_7,0.002751353437217843
21,PH_f_7,0.002722439488571902
22,PH_f_7,0.0026938411667441686
23,PH_f_7,0.00266554896650509
24,PH_f_7,0.0026375567147463174
25,PH_f_7,0.00260985982593589
26,PH_f_7,0.0025824544896510785
27,PH_f_7,0.002555337287897986
28,PH_f_7,0.002528505012388278
29,PH_f_7,0.0025019545758650646
30,PH_f_7,0.0024756829682435733
31,PH_f_7,0.0024496872344317334
32,PH_f_7,0.0024239644628195243
33,PH_f_7,0.0023985117791174957
34,PH_f_7,0.0023733263429307856
35,PH_f_7,0.002348405345760561
36,PH_f_7,0.0023237460097653997
37,PH_f_7,0.0022993455869352018
38,PH_f_7,0.0022752013584933202
39,PH_f_7,0.00225131063442734
40,PH_f_7,0.0022276707530938036
1,Cg_f_7,-2.0258738857898632e-7
2,Cg_f_7,6.2300558830773096e-6
3,Cg_f_7,3.7730680451758736e-6
4,Cg_f_7,2.0738298393784605e-6
5,Cg_f_7,1.085261364487861e-6
6,Cg_f_7,5.54956697246972e-7
7,Cg_f_7,2.835225446925939e-7
8,Cg_f_7,1.487001046608033e-7
9,Cg_f_7,8.306190541565824e-8
10,Cg_f_7,5.1518423471393056e-8
11,Cg_f_7,3.646002752495924e-8
12,Cg_f_7,2.9263418144349144e-8
13,Cg_f_7,2.5778616830534954e-8
14,Cg_f_7,2.403366597016136e-8
15,Cg_f_7,2.3100360595740454e-8
16,Cg_f_7,2.2544863366648707e-8
17,Cg_f_7,2.216545019849324e-8
18,Cg_f_7,2.1868664710782193e-8
19,Cg_f_7,2.1611306805980988e-8
20,Cg_f_7,2.1373424456317962e-8
21,Cg_f_7,2.1145796236470116e-8
22,Cg_f_7,2.0924148394573517e-8
23,Cg_f_7,2.0706488644169533e-8
24,Cg_f_7,2.0491878083769133e-8
25,Cg_f_7,2.027986545875662e-8
26,Cg_f_7,2.0070226214528153e-8
27,Cg_f_7,1.986284183335423e-8
28,Cg_f_7,1.9657643821724058e-8
29,Cg_f_7,1.945458756643874e-8
30,Cg_f_7,1.9253640043232637e-8
31,Cg_f_7,1.905477398450209e-8
32,Cg_f_7,1.8857965080204926e-8
33,Cg_f_7,1.8663190616005287e-8
34,Cg_f_7,1.8470428800006482e-8
35,Cg_f_7,1.8279658423741628e-8
36,Cg_f_7,1.8090858687884834e-8
37,Cg_f_7,1.7904009110506084e-8
38,Cg_f_7,1.7719089477439067e-8
39,Cg_f_7,1.7536079814537724e-8
40,Cg_f_7,1.7354960371523185e-8
1,Cs_f_7,0.06235948485905921
2,Cs_f_7,0.03270065911083822
3,Cs_f_7,0.0192768018171738
4,Cs_f_7,0.013235705348340725
5,Cs_f_7,0.010496490362945055
6,Cs_f_7,0.00923136635776738
7,Cs_f_7,0.008623182193853435
8,Cs_f_7,0.008307287896971284
9,Cs_f_7,0.008121296437386424
10,Cs_f_7,0.007993071494273526
11,Cs_f_7,0.007890666321341874
12,Cs_f_7,0.007799987572228433
13,Cs_f_7,0.007714848672974183
14,Cs_f_7,0.0076325508773332565
15,Cs_f_7,0.007551925923516796
16,Cs_f_7,0.007472472389799274
17,Cs_f_7,0.007393976577632797
18,Cs_f_7,0.007316347241466005
19,Cs_f_7,0.007239544229211827
20,Cs_f_7,0.007163548085538356
21,Cs_f_7,0.007088347356835194
22,Cs_f_7,0.007013933445782712
23,Cs_f_7,0.00694029862477042
24,Cs_f_7,0.006867435333278584
25,Cs_f_7,0.006795335973323075
26,Cs_f_7,0.006723992882616103
27,Cs_f_7,0.006653398360584852
28,Cs_f_7,0.0065835447022932515
29,Cs_f_7,0.0065144242265966785
30,Cs_f_7,0.006446029296220172
31,Cs_f_7,0.006378352330976086
32,Cs_f_7,0.006311385815994773
33,Cs_f_7,0.006245122306592153
34,Cs_f_7,0.006179554430965325
35,Cs_f_7,0.006114674891523756
36,Cs_f_7,0.006050476465379669
37,Cs_f_7,0.005986952004327939
38,Cs_f_7,0.005924094434520005
39,Cs_f_7,0.005861896755956826
40,Cs_f_7,0.005800352041876661
1,CHg_f_7,-4.2936006426789174e-7
2,CHg_f_7,1.141109505487642e-5
3,CHg_f_7,6.964641077156847e-6
4,CHg_f_7,3.87778625512731e-6
5,CHg_f_7,2.0789560724263157e-6
6,CHg_f_7,1.1129636239594482e-6
7,CHg_f_7,6.179569587613494e-7
8,CHg_f_7,3.7160057172804395e-7
9,CHg_f_7,2.5117195952052526e-7
10,CHg_f_7,1.927914805011812e-7
11,CHg_f_7,1.644050051681987e-7
12,CHg_f_7,1.5032104209000385e-7
13,CHg_f_7,1.4299150381052724e-7
14,CHg_f_7,1.3883165400685871e-7
15,CHg_f_7,1.3615508831518553e-7
16,CHg_f_7,1.3417400729653794e-7
17,CHg_f_7,1.3252225844081663e-7
18,CHg_f_7,1.3103024138181408e-7
19,CHg_f_7,1.2961953831211815e-7
20,CHg_f_7,1.282538891916364e-7
21,CHg_f_7,1.269164843453184e-7
22,CHg_f_7,1.2559947979393552e-7
23,CHg_f_7,1.242991656141133e-7
24,CHg_f_7,1.230137412271485e-7
25,CHg_f_7,1.2174229074142247e-7
26,CHg_f_7,1.204843103202331e-7
27,CHg_f_7,1.1923948957141526e-7
28,CHg_f_7,1.1800761000288859e-7
29,CHg_f_7,1.1678849757621517e-7
30,CHg_f_7,1.1558200036367773e-7
31,CHg_f_7,1.1438797792144921e-7
32,CHg_f_7,1.132062961721444e-7
33,CHg_f_7,1.1203682490283558e-7
34,CHg_f_7,1.1087943651917172e-7
35,CHg_f_7,1.0973400541106007e-7
36,CHg_f_7,1.0860040762078976e-7
37,CHg_f_7,1.0747852066333666e-7
38,CHg_f_7,1.0636822342466758e-7
39,CHg_f_7,1.0526939610079943e-7
40,CHg_f_7,1.041819201585687e-7
1,CFg_f_7,2.113234696856507e-7
2,CFg_f_7,1.3656571205451244e-5
3,CFg_f_7,7.665733810536653e-6
4,CFg_f_7,3.6541970404085756e-6
5,CFg_f_7,1.3539670640347955e-6
6,CFg_f_7,1.3165731281076974e-7
7,CFg_f_7,-4.875953503373715e-7
8,CFg_f_7,-7.897327862772599e-7
9,CFg_f_7,-9.313170976395387e-7
10,CFg_f_7,-9.93662328916666e-7
11,CFg_f_7,-1.0176183773496025e-6
12,CFg_f_7,-1.0232472028691906e-6
13,CFg_f_7,-1.0202426858873186e-6
14,CFg_f_7,-1.0132325787826016e-6
15,CFg_f_7,-1.0044057346040246e-6
16,CFg_f_7,-9.947898831519819e-7
17,CFg_f_7,-9.848646433590016e-7
18,CFg_f_7,-9.748525965193798e-7
19,CFg_f_7,-9.648564029520567e-7
20,CFg_f_7,-9.549229968475127e-7
21,CFg_f_7,-9.450734967068223e-7
22,CFg_f_7,-9.353170899025929e-7
23,CFg_f_7,-9.256574599434169e-7
24,CFg_f_7,-9.160957557856732e-7
25,CFg_f_7,-9.066319619170214e-7
26,CFg_f_7,-8.9726553021161e-7
27,CFg_f_7,-8.879956713959852e-7
28,CFg_f_7,-8.788214896298921e-7
29,CFg_f_7,-8.69742044753307e-7
30,CFg_f_7,-8.607563811433492e-7
31,CFg_f_7,-8.518635411248043e-7
32,CFg_f_7,-8.430625712120107e-7
33,CFg_f_7,-8.343525250088626e-7
34,CFg_f_7,-8.257324645417319e-7
35,CFg_f_7,-8.172014608521396e-7
36,CFg_f_7,-8.087585942366482e-7
37,CFg_f_7,-8.004029543169556e-7
38,CFg_f_7,-7.921336400274035e-7
39,CFg_f_7,-7.839497595619523e-7
40,CFg_f_7,-7.758504303011719e-7
1,CHs_f_7,0.07633171985814406
2,CHs_f_7,0.03860039374068581
3,CHs_f_7,0.021531972118692764
4,CHs_f_7,0.013862562863240106
5,CHs_f_7,0.0103983063177516
6,CHs_f_7,0.008812599168545545
7,CHs_f_7,0.00806485964208722
8,CHs_f_7,0.0076903959874111616
9,CHs_f_7,0.007482039622727666
10,CHs_f_7,0.007347612612040918
11,CHs_f_7,0.00724619980840506
12,CHs_f_7,0.00715969482074041
13,CHs_f_7,0.007080115405598956
14,CHs_f_7,0.007003959363716933
15,CHs_f_7,0.006929699018954914
16,CHs_f_7,0.006856672297031302
17,CHs_f_7,0.0067845938491833315
18,CHs_f_7,0.006713340653958816
19,CHs_f_7,0.006642858659761347
20,CHs_f_7,0.006573122532680547
21,CHs_f_7,0.006504118542570198
22,CHs_f_7,0.006435837434202224
23,CHs_f_7,0.006368271549157733
24,CHs_f_7,0.006301413721722728
25,CHs_f_7,0.006235256893092
26,CHs_f_7,0.006169794002463308
27,CHs_f_7,0.006105017975758053
28,CHs_f_7,0.00604092174251955
29,CHs_f_7,0.005977498256264559
30,CHs_f_7,0.0059147405109737095
31,CHs_f_7,0.005852641552661658
32,CHs_f_7,0.00579119448686061
33,CHs_f_7,0.005730392483162795
34,CHs_f_7,0.0056702287777910445
35,CHs_f_7,0.0056106966749009885
36,CHs_f_7,0.005551789547089208
37,CHs_f_7,0.005493500835413824
38,CHs_f_7,0.005435824049120449
39,CHs_f_7,0.005378752765192769
40,CHs_f_7,0.005322280627800533
1,CFs_f_7,-0.17866327462616033
2,CFs_f_7,-0.06673364196907157
3,CFs_f_7,-0.01826741965925655
4,CFs_f_7,0.0031159820904336074
5,CFs_f_7,0.012500710952063994
6,CFs_f_7,0.01656126456224613
7,CFs_f_7,0.018256389061779378
8,CFs_f_7,0.018899654555524597
9,CFs_f_7,0.019075064424677015
10,CFs_f_7,0.01904263602731997
11,CFs_f_7,0.018918315605037265
12,CFs_f_7,0.018753893245576355
13,CFs_f_7,0.0185725456751485
14,CFs_f_7,0.018384665625413337
15,CFs_f_7,0.018194922156182913
16,CFs_f_7,0.018005415176035107
17,CFs_f_7,0.017817087765930665
18,CFs_f_7,0.017630360087269474
19,CFs_f_7,0.017445414795914334
20,CFs_f_7,0.01726232605324824
21,CFs_f_7,0.01708111812918653
22,CFs_f_7,0.01690179218752893
23,CFs_f_7,0.016724338622999636
24,CFs_f_7,0.01654874279729453
25,CFs_f_7,0.01637498773634805
26,CFs_f_7,0.016203055415535492
27,CFs_f_7,0.01603292738122698
28,CFs_f_7,0.01586458505620904
29,CFs_f_7,0.01569800989215321
30,CFs_f_7,0.015533183446780448
31,CFs_f_7,0.015370087423245157
32,CFs_f_7,0.015208703690189757
33,CFs_f_7,0.015049014291715266
34,CFs_f_7,0.014891001451993272
35,CFs_f_7,0.014734647576983026
36,CFs_f_7,0.014579935254563312
37,CFs_f_7,0.014426847253787782
38,CFs_f_7,0.014275366523653714
39,CFs_f_7,0.014125476191601417
40,CFs_f_7,0.013977159561867205
1,L_f_7,-0.024726695172990948
2,L_f_7,-0.01732408614411826
3,L_f_7,-0.013966420155262631
4,L_f_7,-0.012397707608464729
5,L_f_7,-0.01162850031227402
6,L_f_7,-0.011218006414082934
7,L_f_7,-0.010969375958855544
8,L_f_7,-0.010794449228802272
9,L_f_7,-0.010653605922583425
10,L_f_7,-0.010528962250615705
11,L_f_7,-0.010412400737905433
12,L_f_7,-0.010300209898615222
13,L_f_7,-0.010190676012387743
14,L_f_7,-0.010082996863472835
15,L_f_7,-0.009976789353280365
16,L_f_7,-0.009871864945409621
17,L_f_7,-0.009768126483963952
18,L_f_7,-0.009665520343337364
19,L_f_7,-0.009564013989054721
20,L_f_7,-0.009463585314720574
21,L_f_7,-0.009364217496438584
22,L_f_7,-0.009265896466248971
23,L_f_7,-0.009168609647720247
24,L_f_7,-0.009072345310285702
25,L_f_7,-0.008977092232627725
26,L_f_7,-0.008882839523495065
27,L_f_7,-0.008789576524338183
28,L_f_7,-0.008697292755304245
29,L_f_7,-0.008605977884636877
30,L_f_7,-0.008515621710922705
31,L_f_7,-0.008426214152494643
32,L_f_7,-0.008337745240873905
33,L_f_7,-0.008250205116516677
34,L_f_7,-0.008163584025889027
35,L_f_7,-0.008077872319314366
36,L_f_7,-0.007993060449274563
37,L_f_7,-0.007909138968980383
38,L_f_7,-0.007826098531104166
39,L_f_7,-0.007743929886612168
40,L_f_7,-0.0076626238836599815
1,Y_f_7,0.22129956184127375
2,Y_f_7,0.09979205968079553
3,Y_f_7,0.04535870098335916
4,Y_f_7,0.021041306914320292
5,Y_f_7,0.010178366650954828
6,Y_f_7,0.005323719846381366
7,Y_f_7,0.0031510114421146205
8,Y_f_7,0.0021748818256910403
9,Y_f_7,0.0017323381789102097
10,Y_f_7,0.0015275983812095613
11,Y_f_7,0.00142878318687246
12,Y_f_7,0.001377135663518065
13,Y_f_7,0.0013465020945479514
14,Y_f_7,0.0013252550300719747
15,Y_f_7,0.0013082331110398887
16,Y_f_7,0.0012931497426825664
17,Y_f_7,0.0012789943866610327
18,Y_f_7,0.0012653217275378444
19,Y_f_7,0.0012519361077992413
20,Y_f_7,0.0012387517268663448
21,Y_f_7,0.001225730878019633
22,Y_f_7,0.001212856763585493
23,Y_f_7,0.0012001215902300575
24,Y_f_7,0.0011875213919620045
25,Y_f_7,0.0011750538006522473
26,Y_f_7,0.0011627170991410781
27,Y_f_7,0.001150509827173333
28,Y_f_7,0.0011384306224146337
29,Y_f_7,0.0011264781594710165
30,Y_f_7,0.0011146511285479086
31,Y_f_7,0.0011029482293710396
32,Y_f_7,0.0010913681704803296
33,Y_f_7,0.0010799096700704286
34,Y_f_7,0.0010685714570179592
35,Y_f_7,0.001057352271694418
36,Y_f_7,0.0010462508665076168
37,Y_f_7,0.0010352660062182856
38,Y_f_7,0.0010243964680953178
39,Y_f_7,0.0010136410419632265
40,Y_f_7,0.0010029985301806457
1,M_f_7,0.4912127521066013
2,M_f_7,0.22031763542566102
3,M_f_7,0.09913316335116217
4,M_f_7,0.045010174936069645
5,M_f_7,0.0208391739228127
6,M_f_7,0.010042917926222552
7,M_f_7,0.005217759516215456
8,M_f_7,0.0030577728850445293
9,M_f_7,0.0020870783323108356
10,M_f_7,0.0016469449756795985
11,M_f_7,0.0014434417785828399
12,M_f_7,0.0013454587435119936
13,M_f_7,0.001294538210435668
14,M_f_7,0.0012646299082016432
15,M_f_7,0.0012441331432329445
16,M_f_7,0.0012278863941550132
17,M_f_7,0.0012135955982776813
18,M_f_7,0.0012002424272858773
19,M_f_7,0.001187375431486407
20,M_f_7,0.001174794647013713
21,M_f_7,0.0011624114366652904
22,M_f_7,0.0011501863037051818
23,M_f_7,0.0011381013600786033
24,M_f_7,0.0011261481723366835
25,M_f_7,0.0011143224170407837
26,M_f_7,0.001102621543016184
27,M_f_7,0.001091043756278995
28,M_f_7,0.0010795875837689233
29,M_f_7,0.0010682516885571502
30,M_f_7,0.0010570347932202606
31,M_f_7,0.0010459356490752887
32,M_f_7,0.0010349530244519593
33,M_f_7,0.0010240857006138559
34,M_f_7,0.0010133324705917648
35,M_f_7,0.001002692139020105
36,M_f_7,0.0009921635222457806
37,M_f_7,0.0009817454484552163
38,M_f_7,0.0009714367577486273
39,M_f_7,0.0009612363021550318
40,M_f_7,0.0009511429455999851
1,V_f_7,-0.15760587998723843
2,V_f_7,-0.05902055271949083
3,V_f_7,-0.015061575787082632
4,V_f_7,0.004470167636193855
5,V_f_7,0.01308925233580239
6,V_f_7,0.01683146616799493
7,V_f_7,0.018393482643269725
8,V_f_7,0.018980704926784015
9,V_f_7,0.019132275548083597
10,V_f_7,0.019089525500342576
11,V_f_7,0.018960584992859582
12,V_f_7,0.018793961080338394
13,V_f_7,0.01861144527879565
14,V_f_7,0.018422842901191974
15,V_f_7,0.018232572422007716
16,V_f_7,0.018042626076856774
17,V_f_7,0.01785390025906938
18,V_f_7,0.01766679464962828
19,V_f_7,0.017481482784447725
20,V_f_7,0.017298034683718197
21,V_f_7,0.01711647268824959
22,V_f_7,0.016936797032412063
23,V_f_7,0.016758997642649206
24,V_f_7,0.01658305963029156
25,V_f_7,0.01640896587672345
26,V_f_7,0.016236698265689988
27,V_f_7,0.016066238279226038
28,V_f_7,0.015897567290310978
29,V_f_7,0.015730666708794104
30,V_f_7,0.015565518055113463
31,V_f_7,0.015402102997820199
32,V_f_7,0.015240403372607493
33,V_f_7,0.015080401191705044
34,V_f_7,0.014922078648162406
35,V_f_7,0.014765418117376099
36,V_f_7,0.014610402157110205
37,V_f_7,0.014457013506685764
38,V_f_7,0.014305235085709675
39,V_f_7,0.014155049992549651
40,V_f_7,0.01400644150267158
1,MC_f_7,0.13485321841262074
2,MC_f_7,0.062184480901754706
3,MC_f_7,0.029612375505267748
4,MC_f_7,0.015032313372652099
5,MC_f_7,0.00849393607144181
6,MC_f_7,0.005550514477229553
7,MC_f_7,0.004214726066302533
8,MC_f_7,0.003598249817929127
9,MC_f_7,0.0033039011692188205
10,MC_f_7,0.003154020312379712
11,MC_f_7,0.0030690962183441677
12,MC_f_7,0.0030135169986839094
13,MC_f_7,0.0029713160622962254
14,MC_f_7,0.0029353245714927685
15,MC_f_7,0.0029023173371460786
16,MC_f_7,0.002870839163569922
17,MC_f_7,0.002840230586962413
18,MC_f_7,0.002810190661995158
19,MC_f_7,0.002780580439274771
20,MC_f_7,0.0027513344437620035
21,MC_f_7,0.002722420691154776
22,MC_f_7,0.002693822563444817
23,MC_f_7,0.00266553055536583
24,MC_f_7,0.0026375384938037492
25,MC_f_7,0.002609841793235019
26,MC_f_7,0.002582436643251673
27,MC_f_7,0.002555319625877372
28,MC_f_7,0.002528487532842505
29,MC_f_7,0.0025019372769093345
30,MC_f_7,0.00247566584801232
31,MC_f_7,0.0024496702910785533
32,MC_f_7,0.002423947694517042
33,MC_f_7,0.0023984951840571905
34,MC_f_7,0.002373309919322811
35,MC_f_7,0.002348389091833557
36,MC_f_7,0.002323729923766305
37,MC_f_7,0.002299329667129066
38,MC_f_7,0.0022751856031631174
39,MC_f_7,0.002251295041873781
40,MC_f_7,0.0022276553216351584
1,PL_f_7,0.300609732324784
2,PL_f_7,0.14109244356583878
3,PL_f_7,0.06958318640993824
4,PL_f_7,0.03756188458786504
5,PL_f_7,0.023186036001371563
6,PL_f_7,0.0166950506810154
7,PL_f_7,0.013727795110229866
8,PL_f_7,0.012335751846408918
9,PL_f_7,0.011648328222142151
10,PL_f_7,0.01127651975287503
11,PL_f_7,0.01104648625688128
12,PL_f_7,0.010880524552139819
13,PL_f_7,0.010743890789859628
14,PL_f_7,0.010621040884190545
15,PL_f_7,0.010505013703833091
16,PL_f_7,0.010392686261286086
17,PL_f_7,0.010282652703051724
18,PL_f_7,0.010174275884862988
19,PL_f_7,0.0100672630959072
20,PL_f_7,0.009961476151256615
21,PL_f_7,0.009856846323456651
22,PL_f_7,0.009753336197668508
23,PL_f_7,0.009650922544323624
24,PL_f_7,0.009549588615006164
25,PL_f_7,0.009449320668749095
26,PL_f_7,0.009350106400757945
27,PL_f_7,0.009251934228576925
28,PL_f_7,0.009154792965840378
29,PL_f_7,0.009058671671885326
30,PL_f_7,0.008963559581547315
31,PL_f_7,0.008869446071743533
32,PL_f_7,0.00877632064506702
33,PL_f_7,0.008684172921325437
34,PL_f_7,0.008592992632836286
35,PL_f_7,0.00850276962152574
36,PL_f_7,0.008413493836910223
37,PL_f_7,0.00832515533452052
38,PL_f_7,0.008237744274554685
39,PL_f_7,0.008151250920654163
40,PL_f_7,0.008065665638749858
1,PIV_f_7,0.39013520959055603
2,PIV_f_7,0.16919769929530168
3,PIV_f_7,0.07032800423670008
4,PIV_f_7,0.02620046787348918
5,PIV_f_7,0.006533653802403473
6,PIV_f_7,-0.002203206201268069
7,PIV_f_7,-0.006055929738991317
8,PIV_f_7,-0.0077260381769727925
9,PIV_f_7,-0.008420821322948911
10,PIV_f_7,-0.008679906418202809
11,PIV_f_7,-0.008744555169337196
12,PIV_f_7,-0.00872267048104375
13,PIV_f_7,-0.008662532689074466
14,PIV_f_7,-0.008585756061268124
15,PIV_f_7,-0.008502022624833372
16,PIV_f_7,-0.008415671580075576
17,PIV_f_7,-0.008328647720619194
18,PIV_f_7,-0.008241821556553307
19,PIV_f_7,-0.008155580895840547
20,PIV_f_7,-0.00807009624988389
21,PIV_f_7,-0.007985440083191065
22,PIV_f_7,-0.00790164049891417
23,PIV_f_7,-0.00781870546965923
24,PIV_f_7,-0.0077366338101954295
25,PIV_f_7,-0.0076554201674229735
26,PIV_f_7,-0.007575057301791559
27,PIV_f_7,-0.007495537137317774
28,PIV_f_7,-0.0074168512487506255
29,PIV_f_7,-0.007338991089717515
30,PIV_f_7,-0.0072619481006617696
31,PIV_f_7,-0.007185713760414273
32,PIV_f_7,-0.007110279611007139
33,PIV_f_7,-0.007035637269601341
34,PIV_f_7,-0.0069617784341077455
35,PIV_f_7,-0.006888694885667365
36,PIV_f_7,-0.006816378489539219
37,PIV_f_7,-0.006744821195166931
38,PIV_f_7,-0.0066740150358155425
39,PIV_f_7,-0.0066039521279811254
40,PIV_f_7,-0.006534624670680196
1,VOil_f_7,-0.15760063437759844
2,VOil_f_7,-0.058675458369820924
3,VOil_f_7,-0.014866933552697808
4,VOil_f_7,0.004563875477831461
5,VOil_f_7,0.013125003649485368
6,VOil_f_7,0.016836384484428396
7,VOil_f_7,0.01838276194425462
8,VOil_f_7,0.018962341941722007
9,VOil_f_7,0.0191103214922559
10,VOil_f_7,0.019065980736007643
11,VOil_f_7,0.018936419021864482
12,VOil_f_7,0.018769636940417396
13,VOil_f_7,0.018587181218687777
14,VOil_f_7,0.01839874028567185
15,VOil_f_7,0.01820867732163702
16,VOil_f_7,0.01801895859507578
17,VOil_f_7,0.017830468378104983
18,VOil_f_7,0.01764360072445347
19,VOil_f_7,0.01745852657301278
20,VOil_f_7,0.01727531475535087
21,VOil_f_7,0.017093987076287984
22,VOil_f_7,0.016914543535944102
23,VOil_f_7,0.016736973965781412
24,VOil_f_7,0.016561263446333175
25,VOil_f_7,0.016387394857709393
26,VOil_f_7,0.016215350095908715
27,VOil_f_7,0.01604511066136282
28,VOil_f_7,0.015876657948177584
29,VOil_f_7,0.0157099733884773
30,VOil_f_7,0.015545038525389023
31,VOil_f_7,0.015381835050224705
32,VOil_f_7,0.015220344821350255
33,VOil_f_7,0.01506054987350543
34,VOil_f_7,0.014902432422052586
35,VOil_f_7,0.014745974864488233
36,VOil_f_7,0.014591159780457157
37,VOil_f_7,0.014437969930939732
38,VOil_f_7,0.014286388256980902
39,VOil_f_7,0.014136397878166274
40,VOil_f_7,0.01398798209096115
1,VNon_f_7,-0.15760117988959124
2,VNon_f_7,-0.058775593102801595
3,VNon_f_7,-0.014925012519839503
4,VNon_f_7,0.004534332912934262
5,VNon_f_7,0.01311196121060906
6,VNon_f_7,0.01683216765029998
7,VNon_f_7,0.018383046392876745
8,VNon_f_7,0.01896484363440752
9,VNon_f_7,0.019113880790328528
10,VNon_f_7,0.019070024258913354
11,VNon_f_7,0.018940668582942726
12,VNon_f_7,0.018773959509744746
13,VNon_f_7,0.01859151394848816
14,VNon_f_7,0.018403053840202865
15,VNon_f_7,0.018212958217165363
16,VNon_f_7,0.01802320079207391
17,VNon_f_7,0.01783466931294949
18,VNon_f_7,0.01764775944880714
19,VNon_f_7,0.01746264288579527
20,VNon_f_7,0.017279388799282872
21,VNon_f_7,0.017098019150860413
22,VNon_f_7,0.01691853401086279
23,VNon_f_7,0.016740923240945792
24,VNon_f_7,0.01656517193333587
25,VNon_f_7,0.01639126297128379
26,VNon_f_7,0.016219178249977196
27,VNon_f_7,0.016048899267215814
28,VNon_f_7,0.01588040741364215
29,VNon_f_7,0.015713684117546884
30,VNon_f_7,0.015548710918069307
31,VNon_f_7,0.015385469502481304
32,VNon_f_7,0.015223941725104731
33,VNon_f_7,0.015064109616654353
34,VNon_f_7,0.014905955388497677
35,VNon_f_7,0.014749461434171728
36,VNon_f_7,0.014594610329399656
37,VNon_f_7,0.014441384831279064
38,VNon_f_7,0.014289767877011358
39,VNon_f_7,0.014139742582377832
40,VNon_f_7,0.0139912922400785
1,P_f_8,0.24966187358784384
2,P_f_8,0.11505220394433456
3,P_f_8,0.05482962440687765
4,P_f_8,0.027891960221798972
5,P_f_8,0.0158216936852189
6,P_f_8,0.010392943923184631
7,P_f_8,0.007931652244063964
8,P_f_8,0.006796682185038701
9,P_f_8,0.00625487065431873
10,P_f_8,0.00597862077874075
11,P_f_8,0.00582151421868825
12,P_f_8,0.005718085332091105
13,P_f_8,0.005639048149680347
14,P_f_8,0.00557129169887287
15,P_f_8,0.005508939684256533
16,P_f_8,0.005449353642946337
17,P_f_8,0.005391345339605338
18,P_f_8,0.005334376788679701
19,P_f_8,0.005278201978481743
20,P_f_8,0.0052227062521434135
21,P_f_8,0.005167834204312456
22,P_f_8,0.005113557256678464
23,P_f_8,0.0050598590434347435
24,P_f_8,0.0050067288044232
25,P_f_8,0.0049541583867187605
26,P_f_8,0.00490214087697654
27,P_f_8,0.004850669973536559
28,P_f_8,0.0047997396957195244
29,P_f_8,0.00474934424776081
30,P_f_8,0.004699477954209095
31,P_f_8,0.004650135228667217
32,P_f_8,0.004601310558269921
33,P_f_8,0.004552998495692319
34,P_f_8,0.004505193654820491
35,P_f_8,0.004457890708235928
36,P_f_8,0.004411084385616944
37,P_f_8,0.004364769472614213
38,P_f_8,0.00431894080997768
39,P_f_8,0.0042735932928204415
40,P_f_8,0.004228721869959822
1,PM_f_8,0.18741063172863862
2,PM_f_8,0.08715413160578894
3,PM_f_8,0.04225837196603264
4,PM_f_8,0.022162960848544525
5,PM_f_8,0.013147960984969408
6,PM_f_8,0.009084158677337516
7,PM_f_8,0.0072333251275385506
8,PM_f_8,0.006372031050707701
9,PM_f_8,0.005953558809139232
10,PM_f_8,0.0057335327884112846
11,PM_f_8,0.0056026811088544844
12,PM_f_8,0.005512118705112244
13,PM_f_8,0.005439960431693856
14,PM_f_8,0.005376398707102118
15,PM_f_8,0.005317031739555353
16,PM_f_8,0.005259879263747113
17,PM_f_8,0.005204046902779839
18,PM_f_8,0.005149127922026603
19,PM_f_8,0.0050949349915692145
20,PM_f_8,0.005041379751938205
21,PM_f_8,0.004988418644473283
22,PM_f_8,0.004936028489617307
23,PM_f_8,0.00488419544315748
24,PM_f_8,0.004832909982392111
25,PM_f_8,0.004782164618268252
26,PM_f_8,0.0047319528445860055
27,PM_f_8,0.0046822686513553835
28,PM_f_8,0.004633106297037634
29,PM_f_8,0.004584460200518167
30,PM_f_8,0.004536324888991095
31,PM_f_8,0.004488694972260385
32,PM_f_8,0.004441565129696532
33,PM_f_8,0.004394930103354389
34,PM_f_8,0.004348784694145282
35,PM_f_8,0.004303123759553619
36,PM_f_8,0.004257942212151406
37,PM_f_8,0.004213235018534362
38,PM_f_8,0.004168997198486263
39,PM_f_8,0.004125223824270111
40,PM_f_8,0.004081910019991977
1,PH_f_8,0.24966203905657178
2,PH_f_8,0.11505581266282228
3,PH_f_8,0.05483145563971576
4,PH_f_8,0.027892640160382565
5,PH_f_8,0.015821727273584874
6,PH_f_8,0.010392639769804238
7,PH_f_8,0.00793117996830086
8,PH_f_8,0.006796130008495417
9,PH_f_8,0.00625428294246963
10,PH_f_8,0.005978019334907987
11,PH_f_8,0.005820909572135919
12,PH_f_8,0.0057174824899388545
13,PH_f_8,0.0056384494532781965
14,PH_f_8,0.005570698216901859
15,PH_f_8,0.005508351883189253
16,PH_f_8,0.005448771706447903
17,PH_f_8,0.005390769319470646
18,PH_f_8,0.0053338066756944275
19,PH_f_8,0.0052776377355075645
20,PH_f_8,0.005222147829492484
21,PH_f_8,0.005167281546861169
22,PH_f_8,0.005113010307145259
23,PH_f_8,0.005059317743883524
24,PH_f_8,0.005006193096948842
25,PH_f_8,0.004953628213756861
26,PH_f_8,0.004901616181441064
27,PH_f_8,0.004850150698878943
28,PH_f_8,0.004799225785952062
29,PH_f_8,0.004748835647463864
30,PH_f_8,0.00469897460853105
31,PH_f_8,0.004649637083321182
32,PH_f_8,0.00460081755952904
33,PH_f_8,0.004552510590384469
34,PH_f_8,0.004504710790322762
35,PH_f_8,0.004457412832469035
36,PH_f_8,0.004410611447039641
37,PH_f_8,0.004364301420217758
38,PH_f_8,0.004318477593280325
39,PH_f_8,0.004273134861861998
40,PH_f_8,0.004228268175296265
1,Cg_f_8,4.6858654690675174e-7
2,Cg_f_8,1.055096589432747e-6
3,Cg_f_8,6.170309388292669e-7
4,Cg_f_8,3.3081271995950087e-7
5,Cg_f_8,1.6999513206390375e-7
6,Cg_f_8,8.569384211772393e-8
7,Cg_f_8,4.318512783353549e-8
8,Cg_f_8,2.2267736688425098e-8
9,Cg_f_8,1.2143188179891374e-8
10,Cg_f_8,7.297298389161976e-9
11,Cg_f_8,4.99316651455598e-9
12,Cg_f_8,3.898476635983025e-9
13,Cg_f_8,3.37382679616585e-9
14,Cg_f_8,3.115731623669904e-9
15,Cg_f_8,2.981442919982256e-9
16,Cg_f_8,2.904338589996643e-9
17,Cg_f_8,2.8535446220386432e-9
18,Cg_f_8,2.8148501313517455e-9
19,Cg_f_8,2.781758855025984e-9
20,Cg_f_8,2.7513228156400093e-9
21,Cg_f_8,2.7222150571847475e-9
22,Cg_f_8,2.693843745579629e-9
23,Cg_f_8,2.6659475964799767e-9
24,Cg_f_8,2.638412428778333e-9
25,Cg_f_8,2.611188667811747e-9
26,Cg_f_8,2.58425461785485e-9
27,Cg_f_8,2.5576003205688427e-9
28,Cg_f_8,2.531220582685114e-9
29,Cg_f_8,2.505112037140615e-9
30,Cg_f_8,2.479271949061545e-9
31,Cg_f_8,2.453697758983782e-9
32,Cg_f_8,2.4283869267890365e-9
33,Cg_f_8,2.403336891482837e-9
34,Cg_f_8,2.3785450711114925e-9
35,Cg_f_8,2.3540088734553852e-9
36,Cg_f_8,2.329725707181139e-9
37,Cg_f_8,2.305692990570702e-9
38,Cg_f_8,2.2819081575911625e-9
39,Cg_f_8,2.2583686618352803e-9
40,Cg_f_8,2.2350719789502833e-9
1,Cs_f_8,-0.03844995649128164
2,Cs_f_8,-0.014367753402423591
3,Cs_f_8,-0.003748380845948384
4,Cs_f_8,0.0009669373699861075
5,Cs_f_8,0.0030507060703826613
6,Cs_f_8,0.003959097303870896
7,Cs_f_8,0.004341391994967024
8,Cs_f_8,0.004487692119127675
9,Cs_f_8,0.004527916221955205
10,Cs_f_8,0.0045204056326522335
11,Cs_f_8,0.004491446276712984
12,Cs_f_8,0.004452929832608142
13,Cs_f_8,0.00441026301692198
14,Cs_f_8,0.004365918863918189
15,Cs_f_8,0.0043210363938025005
16,Cs_f_8,0.004276144090763539
17,Cs_f_8,0.004231488771043039
18,Cs_f_8,0.004187186028258377
19,Cs_f_8,0.004143289603366626
20,Cs_f_8,0.004099823683480757
21,Cs_f_8,0.004056798117889713
22,Cs_f_8,0.004014215686452048
23,Cs_f_8,0.003972075627357867
24,Cs_f_8,0.003930375380016165
25,Cs_f_8,0.0038891114626976356
26,Cs_f_8,0.003848279923252922
27,Cs_f_8,0.003807876575116714
28,Cs_f_8,0.003767897123157437
29,Cs_f_8,0.0037283372318799154
30,Cs_f_8,0.0036891925628775263
31,Cs_f_8,0.0036504587955886333
32,Cs_f_8,0.0036121316388441687
33,Cs_f_8,0.003574206837266505
34,Cs_f_8,0.0035366801747569493
35,Cs_f_8,0.0034995474763220595
36,Cs_f_8,0.003462804608945587
37,Cs_f_8,0.0034264474819096047
38,Cs_f_8,0.003390472046796975
39,Cs_f_8,0.0033548742973095826
40,Cs_f_8,0.0033196502689805487
1,CHg_f_8,9.371730939025486e-7
2,CHg_f_8,2.110193178911464e-6
3,CHg_f_8,1.2340618776763406e-6
4,CHg_f_8,6.616254399211918e-7
5,CHg_f_8,3.399902641218406e-7
6,CHg_f_8,1.713876842254015e-7
7,CHg_f_8,8.637025565506903e-8
8,CHg_f_8,4.4535473363965356e-8
9,CHg_f_8,2.4286376346545227e-8
10,CHg_f_8,1.4594596764991354e-8
11,CHg_f_8,9.986333015807692e-9
12,CHg_f_8,7.796953258748262e-9
13,CHg_f_8,6.747653579227206e-9
14,CHg_f_8,6.231463234360517e-9
15,CHg_f_8,5.962885827115229e-9
16,CHg_f_8,5.8086771672755585e-9
17,CHg_f_8,5.707089231491062e-9
18,CHg_f_8,5.629700250248031e-9
19,CHg_f_8,5.563517697726202e-9
20,CHg_f_8,5.502645619082725e-9
21,CHg_f_8,5.444430102299407e-9
22,CHg_f_8,5.387687479215057e-9
23,CHg_f_8,5.331895181140354e-9
24,CHg_f_8,5.2768248458603815e-9
25,CHg_f_8,5.222377324049225e-9
26,CHg_f_8,5.168509224256186e-9
27,CHg_f_8,5.115200629803665e-9
28,CHg_f_8,5.062441154154465e-9
29,CHg_f_8,5.010224063182472e-9
30,CHg_f_8,4.958543887140115e-9
31,CHg_f_8,4.907395507099173e-9
32,CHg_f_8,4.856773842823077e-9
33,CHg_f_8,4.8066737723228815e-9
34,CHg_f_8,4.757090131691234e-9
35,CHg_f_8,4.708017736488888e-9
36,CHg_f_8,4.659451404049135e-9
37,CHg_f_8,4.61138597093584e-9
38,CHg_f_8,4.563816305083251e-9
39,CHg_f_8,4.5167373136768464e-9
40,CHg_f_8,4.470143948011105e-9
1,CFg_f_8,2.3247491332753014e-7
2,CFg_f_8,1.302394590011361e-5
3,CFg_f_8,7.282601079619267e-6
4,CFg_f_8,3.4436118931596286e-6
5,CFg_f_8,1.2437651950419e-6
6,CFg_f_8,7.53047444225453e-8
7,CFg_f_8,-5.163853868861761e-7
8,CFg_f_8,-8.048324019224156e-7
9,CFg_f_8,-9.397515425992148e-7
10,CFg_f_8,-9.988937199595635e-7
11,CFg_f_8,-1.0213206773997434e-6
12,CFg_f_8,-1.0262187298261323e-6
13,CFg_f_8,-1.0228603518936946e-6
14,CFg_f_8,-1.0156730553554945e-6
15,CFg_f_8,-1.006751439539201e-6
16,CFg_f_8,-9.970791806307266e-7
17,CFg_f_8,-9.871154136756377e-7
18,CFg_f_8,-9.770732300258665e-7
19,CFg_f_8,-9.670509032861086e-7
20,CFg_f_8,-9.57093341636498e-7
21,CFg_f_8,-9.47220727196944e-7
22,CFg_f_8,-9.374418133658412e-7
23,CFg_f_8,-9.27760081346886e-7
24,CFg_f_8,-9.181765847565632e-7
25,CFg_f_8,-9.086912622602999e-7
26,CFg_f_8,-8.993035429300507e-7
27,CFg_f_8,-8.90012625457592e-7
28,CFg_f_8,-8.808176070475533e-7
29,CFg_f_8,-8.717175430097092e-7
30,CFg_f_8,-8.627114743677557e-7
31,CFg_f_8,-8.53798440677617e-7
32,CFg_f_8,-8.449774859850921e-7
33,CFg_f_8,-8.362476615875647e-7
34,CFg_f_8,-8.276080272985717e-7
35,CFg_f_8,-8.19057652006039e-7
36,CFg_f_8,-8.105956138944816e-7
37,CFg_f_8,-8.022210005057768e-7
38,CFg_f_8,-7.939329087216364e-7
39,CFg_f_8,-7.857304447077683e-7
40,CFg_f_8,-7.77612723839216e-7
1,CHs_f_8,-0.03844182105674944
2,CHs_f_8,-0.01435268355737787
3,CHs_f_8,-0.0037392889489565677
4,CHs_f_8,0.0009721134165891455
5,CHs_f_8,0.003053681388386624
6,CHs_f_8,0.00396091791340715
7,CHs_f_8,0.004342628164787112
8,CHs_f_8,0.004488637877055689
9,CHs_f_8,0.00452871827759032
10,CHs_f_8,0.00452113563546007
11,CHs_f_8,0.004492138696459963
12,CHs_f_8,0.004453601074012972
13,CHs_f_8,0.004410920830547007
14,CHs_f_8,0.004366566900104291
15,CHs_f_8,0.004321676377888152
16,CHs_f_8,0.004276776851416896
17,CHs_f_8,0.0042321147222080515
18,CHs_f_8,0.004187805393297984
19,CHs_f_8,0.0041439025185575525
20,CHs_f_8,0.004100430245458215
21,CHs_f_8,0.004057398405232434
22,CHs_f_8,0.004014809769419242
23,CHs_f_8,0.003972663572237959
24,CHs_f_8,0.0039309572510456536
25,CHs_f_8,0.003889687322895188
26,CHs_f_8,0.0038488498347753006
27,CHs_f_8,0.003808440599407486
28,CHs_f_8,0.0037684553210079606
29,CHs_f_8,0.003728889663454443
30,CHs_f_8,0.0036897392877244567
31,CHs_f_8,0.0036509998726468977
32,CHs_f_8,0.003612667126448269
33,CHs_f_8,0.003574736793151433
34,CHs_f_8,0.003537204656063337
35,CHs_f_8,0.003500066539601571
36,CHs_f_8,0.00346331831016652
37,CHs_f_8,0.003426955876462594
38,CHs_f_8,0.0033909751895007624
39,CHs_f_8,0.00335537224241681
40,CHs_f_8,0.0033201430701835263
1,CFs_f_8,2.3301131138135891e-7
2,CFs_f_8,1.3023945900147074e-5
3,CFs_f_8,7.282601079654794e-6
4,CFs_f_8,3.443611893193565e-6
5,CFs_f_8,1.2437651950741036e-6
6,CFs_f_8,7.530474445350437e-8
7,CFs_f_8,-5.16385386856046e-7
8,CFs_f_8,-8.048324018928564e-7
9,CFs_f_8,-9.397515425700874e-7
10,CFs_f_8,-9.988937199307953e-7
11,CFs_f_8,-1.021320677371299e-6
12,CFs_f_8,-1.0262187297979936e-6
13,CFs_f_8,-1.0228603518658517e-6
14,CFs_f_8,-1.0156730553279414e-6
15,CFs_f_8,-1.0067514395119335e-6
16,CFs_f_8,-9.970791806037412e-7
17,CFs_f_8,-9.871154136489307e-7
18,CFs_f_8,-9.770732299994357e-7
19,CFs_f_8,-9.670509032599503e-7
20,CFs_f_8,-9.570933416106106e-7
21,CFs_f_8,-9.472207271713238e-7
22,CFs_f_8,-9.374418133404853e-7
23,CFs_f_8,-9.277600813217918e-7
24,CFs_f_8,-9.181765847317286e-7
25,CFs_f_8,-9.086912622357217e-7
26,CFs_f_8,-8.993035429057263e-7
27,CFs_f_8,-8.900126254335185e-7
28,CFs_f_8,-8.808176070237289e-7
29,CFs_f_8,-8.717175429861303e-7
30,CFs_f_8,-8.627114743444208e-7
31,CFs_f_8,-8.537984406545233e-7
32,CFs_f_8,-8.449774859622365e-7
33,CFs_f_8,-8.362476615649457e-7
34,CFs_f_8,-8.276080272761859e-7
35,CFs_f_8,-8.190576519838844e-7
36,CFs_f_8,-8.105956138725563e-7
37,CFs_f_8,-8.02221000484078e-7
38,CFs_f_8,-7.939329087001618e-7
39,CFs_f_8,-7.857304446865152e-7
40,CFs_f_8,-7.776127238181823e-7
1,L_f_8,0.046712516969769496
2,L_f_8,0.01552773622736734
3,L_f_8,0.0016711035330445566
4,L_f_8,-0.004455218645824751
5,L_f_8,-0.007132199879106089
6,L_f_8,-0.008270999390834843
7,L_f_8,-0.008724522369013025
8,L_f_8,-0.008873247145473037
9,L_f_8,-0.008886818974971584
10,L_f_8,-0.00884082890805804
11,L_f_8,-0.008768929353788688
12,L_f_8,-0.0086860834713363
13,L_f_8,-0.008598932297556965
14,L_f_8,-0.00851041487427441
15,L_f_8,-0.008421825672554369
16,L_f_8,-0.008333729900762898
17,L_f_8,-0.008246370179526619
18,L_f_8,-0.008159846917691095
19,L_f_8,-0.008074198131605209
20,L_f_8,-0.007989434656836603
21,L_f_8,-0.007905555616140224
22,L_f_8,-0.00782255517504285
23,L_f_8,-0.007740425468608583
24,L_f_8,-0.0076591578549588014
25,L_f_8,-0.007578743443207817
26,L_f_8,-0.0074991733101691695
27,L_f_8,-0.007420438585643371
28,L_f_8,-0.007342530483494548
29,L_f_8,-0.007265440311167203
30,L_f_8,-0.0071891594711437625
31,L_f_8,-0.0071136794597330254
32,L_f_8,-0.007038991865218883
33,L_f_8,-0.006965088366052035
34,L_f_8,-0.006891960729257521
35,L_f_8,-0.006819600809057037
36,L_f_8,-0.006748000545659335
37,L_f_8,-0.006677151964170433
38,L_f_8,-0.006607047173585937
39,L_f_8,-0.006537678365838941
40,L_f_8,-0.006469037814886007
1,Y_f_8,0.12233146929099281
2,Y_f_8,0.054177876929346294
3,Y_f_8,0.02356986542142148
4,Y_f_8,0.009898595167602747
5,Y_f_8,0.003799756236113558
6,Y_f_8,0.0010844201663707056
7,Y_f_8,-0.0001200472946730479
8,Y_f_8,-0.0006503258519082041
9,Y_f_8,-0.0008800272725961421
10,Y_f_8,-0.0009758805968287731
11,Y_f_8,-0.001012236104069583
12,Y_f_8,-0.0010222190605985123
13,Y_f_8,-0.001020570642086894
14,Y_f_8,-0.0010138408848235393
15,Y_f_8,-0.0010049342544474786
16,Y_f_8,-0.0009951350315078442
17,Y_f_8,-0.0009850087970800661
18,Y_f_8,-0.0009748031185810738
19,Y_f_8,-0.0009646253181662673
20,Y_f_8,-0.0009545211504668289
21,Y_f_8,-0.000944509511380968
22,Y_f_8,-0.000934597682884979
23,Y_f_8,-0.0009247879888503208
24,Y_f_8,-0.0009150806769108621
25,Y_f_8,-0.0009054751517292295
26,Y_f_8,-0.0008959704938826522
27,Y_f_8,-0.0008865656726863765
28,Y_f_8,-0.0008772596300208327
29,Y_f_8,-0.000868051311103749
30,Y_f_8,-0.0008589396742641212
31,Y_f_8,-0.0008499236929341954
32,Y_f_8,-0.0008410023551104094
33,Y_f_8,-0.0008321746622429296
34,Y_f_8,-0.0008234396282008906
35,Y_f_8,-0.0008147962784674352
36,Y_f_8,-0.0008062436495535522
37,Y_f_8,-0.0007977807885786031
38,Y_f_8,-0.0007894067529663243
39,Y_f_8,-0.0007811206102169268
40,Y_f_8,-0.0007729214377279185
1,M_f_8,0.21472916000355158
2,M_f_8,0.09561037340519755
3,M_f_8,0.04224202231399409
4,M_f_8,0.018407600018451663
5,M_f_8,0.007769715337307654
6,M_f_8,0.0030262111570412815
7,M_f_8,0.0009145446881064614
8,M_f_8,-2.2480027716624706e-5
9,M_f_8,-0.00043549607186801274
10,M_f_8,-0.0006149031412772354
11,M_f_8,-0.0006902609656786197
12,M_f_8,-0.0007193411897448521
13,M_f_8,-0.0007278873500350643
14,M_f_8,-0.0007273609783824308
15,M_f_8,-0.0007228590609952524
16,M_f_8,-0.0007166446798343286
17,M_f_8,-0.0007097204479583263
18,M_f_8,-0.0007025291461241246
19,M_f_8,-0.0006952653805591858
20,M_f_8,-0.0006880140219881602
21,M_f_8,-0.000680811586982627
22,M_f_8,-0.0006736733861775397
23,M_f_8,-0.0006666054917176805
24,M_f_8,-0.0006596099889646376
25,M_f_8,-0.0006526872668859341
26,M_f_8,-0.0006458370083775393
27,M_f_8,-0.0006390586132645396
28,M_f_8,-0.0006323513757953026
29,M_f_8,-0.0006257145571403048
30,M_f_8,-0.0006191474137485437
31,M_f_8,-0.0006126492076153088
32,M_f_8,-0.0006062192094328332
33,M_f_8,-0.0005998566991310453
34,M_f_8,-0.000593560965589161
35,M_f_8,-0.0005873313061761043
36,M_f_8,-0.0005811670263324287
37,M_f_8,-0.0005750674392406991
38,M_f_8,-0.0005690318655769225
39,M_f_8,-0.0005630596333229143
40,M_f_8,-0.0005571500776206838
1,V_f_8,-0.08616601382183689
2,V_f_8,-0.026126386464124962
3,V_f_8,0.0005988036033094612
4,V_f_8,0.01242262795702583
5,V_f_8,0.017588203611031965
6,V_f_8,0.01977726421957471
7,V_f_8,0.020635187936311167
8,V_f_8,0.020897823691055264
9,V_f_8,0.020894550646123167
10,V_f_8,0.02077296770914625
11,V_f_8,0.02059930641058182
12,V_f_8,0.020403336052639276
13,V_f_8,0.020198462949180197
14,V_f_8,0.019990736638308665
15,V_f_8,0.01978289116500107
16,V_f_8,0.01957616180245025
17,V_f_8,0.019371103667907126
18,V_f_8,0.019167961713544436
19,V_f_8,0.01896683860549482
20,V_f_8,0.018767771277311794
21,V_f_8,0.018570766059111943
22,V_f_8,0.01837581492492947
23,V_f_8,0.018182903079970055
24,V_f_8,0.017992012544976725
25,V_f_8,0.01780312387258067
26,V_f_8,0.01761621698175875
27,V_f_8,0.017431271570209805
28,V_f_8,0.01724826732151453
29,V_f_8,0.017067184010754365
30,V_f_8,0.016888001558932424
31,V_f_8,0.016710700061072906
32,V_f_8,0.016535259800525216
33,V_f_8,0.01636166125590525
34,V_f_8,0.016189885104042605
35,V_f_8,0.016019912220731375
36,V_f_8,0.01585172368026106
37,V_f_8,0.015685300754266218
38,V_f_8,0.015520624910195974
39,V_f_8,0.015357677809573764
40,V_f_8,0.015196441306144514
1,MC_f_8,0.24966204230613592
2,MC_f_8,0.11505593153522219
3,MC_f_8,0.05483151897897929
4,MC_f_8,0.027892667008748234
5,MC_f_8,0.01582173345024637
6,MC_f_8,0.010392635067047492
7,MC_f_8,0.007931169808066517
8,MC_f_8,0.006796117223385604
9,MC_f_8,0.0062542689607155665
10,MC_f_8,0.00597800485950496
11,MC_f_8,0.005820894942960271
12,MC_f_8,0.00571746786885865
13,MC_f_8,0.005638434916221241
14,MC_f_8,0.005570683798780624
15,MC_f_8,0.005508337599517844
16,MC_f_8,0.005448757563634048
17,MC_f_8,0.005390755319675524
18,MC_f_8,0.005333792819112398
19,MC_f_8,0.005277624021429912
20,MC_f_8,0.005222134256801556
21,MC_f_8,0.005167268114259071
22,MC_f_8,0.0051129970132593305
23,MC_f_8,0.005059304587314811
24,MC_f_8,0.0050061800762943
25,MC_f_8,0.0049536153276194496
26,MC_f_8,0.004901603428434292
27,MC_f_8,0.004850138077628869
28,MC_f_8,0.004799213295098126
29,MC_f_8,0.004748823285659188
30,MC_f_8,0.004698962374442505
31,MC_f_8,0.004649624975629335
32,MC_f_8,0.004600805576928052
33,MC_f_8,0.004552498731581973
34,MC_f_8,0.004504699054039738
35,MC_f_8,0.004457401217439675
36,MC_f_8,0.0044105999520112115
37,MC_f_8,0.004364290043950467
38,MC_f_8,0.004318466334547191
39,MC_f_8,0.004273123719448714
40,MC_f_8,0.004228257148001069
1,PL_f_8,0.3006095225556001
2,PL_f_8,0.1410955492608861
3,PL_f_8,0.06958504712166431
4,PL_f_8,0.03756288421046882
5,PL_f_8,0.023186534452481873
6,PL_f_8,0.01669528030824339
7,PL_f_8,0.013727887308676547
8,PL_f_8,0.012335776013947749
9,PL_f_8,0.011648319523977612
10,PL_f_8,0.011276495524535947
11,PL_f_8,0.011046454880865086
12,PL_f_8,0.010880490024856405
13,PL_f_8,0.010743854996194813
14,PL_f_8,0.010621004705377891
15,PL_f_8,0.010504977548525817
16,PL_f_8,0.01039265031716953
17,PL_f_8,0.010282617055020626
18,PL_f_8,0.010174240570170605
19,PL_f_8,0.010067228129781738
20,PL_f_8,0.009961441538762243
21,PL_f_8,0.00985681206497523
22,PL_f_8,0.009753302291431478
23,PL_f_8,0.009650888987582136
24,PL_f_8,0.009549555404572833
25,PL_f_8,0.009449287801249606
26,PL_f_8,0.009350073872748398
27,PL_f_8,0.009251902036598824
28,PL_f_8,0.009154761106446542
29,PL_f_8,0.009058640141652124
30,PL_f_8,0.008963528377080428
31,PL_f_8,0.008869415189680615
32,PL_f_8,0.008776290082078846
33,PL_f_8,0.00868414267411633
34,PL_f_8,0.008592962698144154
35,PL_f_8,0.008502739996121946
36,PL_f_8,0.008413464517599346
37,PL_f_8,0.008325126318140074
38,PL_f_8,0.008237715557974819
39,PL_f_8,0.008151222500777334
40,PL_f_8,0.00806563751251051
1,PIV_f_8,0.3901340493935815
2,PIV_f_8,0.16916724074928746
3,PIV_f_8,0.07031202189817995
4,PIV_f_8,0.02619395867046833
5,PIV_f_8,0.006532498044707524
6,PIV_f_8,-0.002201549914939375
7,PIV_f_8,-0.006052865974018351
8,PIV_f_8,-0.007722299961551978
9,PIV_f_8,-0.008416778049033105
10,PIV_f_8,-0.008675739850662768
11,PIV_f_8,-0.008740353166226547
12,PIV_f_8,-0.008718474869496588
13,PIV_f_8,-0.00865836307081891
14,PIV_f_8,-0.008581621428631217
15,PIV_f_8,-0.008497926951102908
16,PIV_f_8,-0.00841161648186165
17,PIV_f_8,-0.00832463371542928
18,PIV_f_8,-0.008237848652930051
19,PIV_f_8,-0.008151648868814232
20,PIV_f_8,-0.008066204768967742
21,PIV_f_8,-0.007981588771627045
22,PIV_f_8,-0.007897828960998872
23,PIV_f_8,-0.007814933303301392
24,PIV_f_8,-0.0077329006126608925
25,PIV_f_8,-0.007651725537945104
26,PIV_f_8,-0.007571400842742741
27,PIV_f_8,-0.007491918454721684
28,PIV_f_8,-0.007413269952493158
29,PIV_f_8,-0.007335446793620248
30,PIV_f_8,-0.0072584404224929535
31,PIV_f_8,-0.007182242321871564
32,PIV_f_8,-0.007106844037687705
33,PIV_f_8,-0.0070322371909664295
34,PIV_f_8,-0.006958413483444981
35,PIV_f_8,-0.006885364700052222
36,PIV_f_8,-0.006813082709796339
37,PIV_f_8,-0.006741559465831614
38,PIV_f_8,-0.006670787005095486
39,PIV_f_8,-0.006600757447718538
40,PIV_f_8,-0.006531462996314269
1,VOil_f_8,-0.08485549323066631
2,VOil_f_8,0.04717923246868277
3,VOil_f_8,0.04159131395989471
4,VOil_f_8,0.03180832211874846
5,VOil_f_8,0.024592440294877668
6,VOil_f_8,0.0202049581086812
7,VOil_f_8,0.01773258930559322
8,VOil_f_8,0.016371694123634574
9,VOil_f_8,0.015609003813375736
10,VOil_f_8,0.015154506456481462
11,VOil_f_8,0.014854578975227102
12,VOil_f_8,0.014631002492670988
13,VOil_f_8,0.014444994130500566
14,VOil_f_8,0.014277683620436249
15,VOil_f_8,0.01412001576699451
16,VOil_f_8,0.013967689321677041
17,VOil_f_8,0.01381867520528381
18,VOil_f_8,0.01367201900407704
19,VOil_f_8,0.01352727025741051
20,VOil_f_8,0.013384213133527128
21,VOil_f_8,0.013242740365265878
22,VOil_f_8,0.013102794654854913
23,VOil_f_8,0.012964341609837159
24,VOil_f_8,0.01282735731685755
25,VOil_f_8,0.012691822669958958
26,VOil_f_8,0.012557720797825437
27,VOil_f_8,0.012425035904616005
28,VOil_f_8,0.012293752751648413
29,VOil_f_8,0.012163856427598077
30,VOil_f_8,0.012035332247518349
31,VOil_f_8,0.011908165708788311
32,VOil_f_8,0.011782342471881476
33,VOil_f_8,0.01165784835176081
34,VOil_f_8,0.011534669313706891
35,VOil_f_8,0.011412791470925627
36,VOil_f_8,0.011292201082827764
37,VOil_f_8,0.011172884553535833
38,VOil_f_8,0.011054828430451807
39,VOil_f_8,0.010938019402830726
40,VOil_f_8,0.010822444300347647
1,VNon_f_8,-0.08616046888209256
2,VNon_f_8,-0.025815704308077583
3,VNon_f_8,0.0007726415339863507
4,VNon_f_8,0.012504942792406088
5,VNon_f_8,0.01761806537057565
6,VNon_f_8,0.019779261910221144
7,VNon_f_8,0.020623073916486205
8,VNon_f_8,0.02087882897934535
9,VNon_f_8,0.020872336393066494
10,VNon_f_8,0.020749341014318766
11,VNon_f_8,0.020575142867755317
12,VNon_f_8,0.020379053708954053
13,VNon_f_8,0.020174258723514128
14,VNon_f_8,0.019966701862608162
15,VNon_f_8,0.019759067219308722
16,VNon_f_8,0.019552566608080975
17,VNon_f_8,0.019347744196612005
18,VNon_f_8,0.019144839855095755
19,VNon_f_8,0.018943953905824516
20,VNon_f_8,0.01874512221115694
21,VNon_f_8,0.01854835061968154
22,VNon_f_8,0.01835363089646223
23,VNon_f_8,0.018160948163473
24,VNon_f_8,0.017970284416125352
25,VNon_f_8,0.017781620208314388
26,VNon_f_8,0.01759493547243866
27,VNon_f_8,0.017410209925116847
28,VNon_f_8,0.017227423271273093
29,VNon_f_8,0.017046555308334203
30,VNon_f_8,0.016867585979991835
31,VNon_f_8,0.01669049540399596
32,VNon_f_8,0.016515263886316748
33,VNon_f_8,0.016341871928019905
34,VNon_f_8,0.016170300228183603
35,VNon_f_8,0.01600052968463597
36,VNon_f_8,0.015832541393480625
37,VNon_f_8,0.015666316647944864
38,VNon_f_8,0.015501836936849537
39,VNon_f_8,0.015339083942870143
40,VNon_f_8,0.015178039540685728
1,P_f_9,0.06061459472223546
2,P_f_9,0.02973296679538575
3,P_f_9,0.015852888186054397
4,P_f_9,0.009615051829300385
5,P_f_9,0.006795411570382395
6,P_f_9,0.005505528539304238
7,P_f_9,0.004900880768331165
8,P_f_9,0.004603609064758665
9,P_f_9,0.004444534409356563
10,P_f_9,0.004347839427981214
11,P_f_9,0.00427950376506524
12,P_f_9,0.0042242359542629514
13,P_f_9,0.004175146814148401
14,P_f_9,0.004129122605614214
15,P_f_9,0.004084749548590692
16,P_f_9,0.004041381377648271
17,P_f_9,0.003998719578607446
18,P_f_9,0.003956623922351296
19,P_f_9,0.003915026653497952
20,P_f_9,0.0038738934539277407
21,P_f_9,0.003833205584579027
22,P_f_9,0.0037929516576071377
23,P_f_9,0.003753123811932102
24,P_f_9,0.003713715916237635
25,P_f_9,0.003674722713579121
26,P_f_9,0.003636139407953551
27,P_f_9,0.0035979614609566333
28,P_f_9,0.003560184489792698
29,P_f_9,0.003522804215007076
30,P_f_9,0.0034858164330646316
31,P_f_9,0.0034492170015880297
32,P_f_9,0.003413001831175993
33,P_f_9,0.003377166880709175
34,P_f_9,0.0033417081545393966
35,P_f_9,0.003306621700713767
36,P_f_9,0.0032719036097766077
37,P_f_9,0.003237550013898836
38,P_f_9,0.0032035570861956592
39,P_f_9,0.0031699210401542337
40,P_f_9,0.0031366381291267308
1,PM_f_9,0.01884245482881479
2,PM_f_9,0.010688175571724991
3,PM_f_9,0.006935561656111493
4,PM_f_9,0.005220505462171177
5,PM_f_9,0.004423159529350012
6,PM_f_9,0.004039883360051718
7,PM_f_9,0.003843996851098447
8,PM_f_9,0.0037333136621886115
9,PM_f_9,0.0036616584819684768
10,PM_f_9,0.0036080968777362104
11,PM_f_9,0.003563095870032483
12,PM_f_9,0.003522289113635468
13,PM_f_9,0.003483661449994217
14,PM_f_9,0.0034462735211198106
15,PM_f_9,0.0034096816276337947
16,PM_f_9,0.003373672423670125
17,PM_f_9,0.0033381407647162143
18,PM_f_9,0.0033030329877145833
19,PM_f_9,0.0032683202987578396
20,PM_f_9,0.003233986130174037
21,PM_f_9,0.0032000200458076633
22,PM_f_9,0.0031664147537733903
23,PM_f_9,0.0031331646152930035
24,PM_f_9,0.0031002648857437515
25,PM_f_9,0.0030677113206095926
26,PM_f_9,0.003035499966817091
27,PM_f_9,0.00300362705012642
28,PM_f_9,0.0029720889132661596
29,PM_f_9,0.0029408819813716712
30,PM_f_9,0.0029100027423633818
31,PM_f_9,0.0028794477356222977
32,PM_f_9,0.002849213545333095
33,PM_f_9,0.0028192967964815866
34,PM_f_9,0.0027896941523755277
35,PM_f_9,0.0027604023130464467
36,PM_f_9,0.0027314180141644914
37,PM_f_9,0.0027027380262539544
38,PM_f_9,0.002674359154086228
39,PM_f_9,0.002646278236178362
40,PM_f_9,0.0026184921443551984
1,PH_f_9,0.060614878017188525
2,PH_f_9,0.029739093257569685
3,PH_f_9,0.015855997252069053
4,PH_f_9,0.009616206459505313
5,PH_f_9,0.006795468943431019
6,PH_f_9,0.0055050125495534116
7,PH_f_9,0.00490007936491632
8,PH_f_9,0.0046026720153047075
9,PH_f_9,0.004443537030278713
10,PH_f_9,0.004346818733449198
11,PH_f_9,0.004278477629990745
12,PH_f_9,0.004223212878952466
13,PH_f_9,0.00417413077339589
14,PH_f_9,0.004128115413683709
15,PH_f_9,0.004083751997415888
16,PH_f_9,0.00404039377905926
17,PH_f_9,0.003997742020566973
18,PH_f_9,0.003955656389250657
19,PH_f_9,0.003914069082323456
20,PH_f_9,0.003872945760360864
21,PH_f_9,0.0038322676750729553
22,PH_f_9,0.0037920234349512706
23,PH_f_9,0.003752205177804306
24,PH_f_9,0.0037128067723680084
25,PH_f_9,0.0036738229622758317
26,PH_f_9,0.0036352489523365267
27,PH_f_9,0.003597080205057904
28,PH_f_9,0.003559312338596094
29,PH_f_9,0.003521941074460489
30,PH_f_9,0.003484962210079929
31,PH_f_9,0.0034483716040354735
32,PH_f_9,0.0034121651678762645
33,PH_f_9,0.0033763388614243875
34,PH_f_9,0.00334088868996373
35,PH_f_9,0.0033058107024639795
36,PH_f_9,0.0032711009903825653
37,PH_f_9,0.0032367556867941008
38,PH_f_9,0.003202770965708157
39,PH_f_9,0.0031691430414970195
40,PH_f_9,0.0031358681683888393
1,Cg_f_9,-1.2561552662409274e-7
2,Cg_f_9,2.7850078276980217e-5
3,Cg_f_9,1.571012338213358e-5
4,Cg_f_9,7.564581916730103e-6
5,Cg_f_9,2.894665380840504e-6
6,Cg_f_9,4.1478298885849394e-7
7,Cg_f_9,-8.408345963119731e-7
8,Cg_f_9,-1.4534222138066061e-6
9,Cg_f_9,-1.7408654591439337e-6
10,Cg_f_9,-1.8680476208148757e-6
11,Cg_f_9,-1.917686592018282e-6
12,Cg_f_9,-1.930349191317443e-6
13,Cg_f_9,-1.9256097244287617e-6
14,Cg_f_9,-1.9127998430694576e-6
15,Cg_f_9,-1.8963273176556251e-6
16,Cg_f_9,-1.878259033382728e-6
17,Cg_f_9,-1.8595583770421387e-6
18,Cg_f_9,-1.8406719418216791e-6
19,Cg_f_9,-1.821805524296437e-6
20,Cg_f_9,-1.8030531655391473e-6
21,Cg_f_9,-1.7844571969632837e-6
22,Cg_f_9,-1.766036078722503e-6
23,Cg_f_9,-1.7477972706812433e-6
24,Cg_f_9,-1.7297431717323018e-6
25,Cg_f_9,-1.711873857257741e-6
26,Cg_f_9,-1.6941883402759746e-6
27,Cg_f_9,-1.6766851526265457e-6
28,Cg_f_9,-1.6593626130873255e-6
29,Cg_f_9,-1.6422189512890015e-6
30,Cg_f_9,-1.6252523651238492e-6
31,Cg_f_9,-1.6084610474139395e-6
32,Cg_f_9,-1.5918431983229577e-6
33,Cg_f_9,-1.5753970311260547e-6
34,Cg_f_9,-1.5591207748665899e-6
35,Cg_f_9,-1.5430126755428122e-6
36,Cg_f_9,-1.5270709965940166e-6
37,Cg_f_9,-1.5112940190495208e-6
38,Cg_f_9,-1.4956800415135451e-6
39,Cg_f_9,-1.480227380069513e-6
40,Cg_f_9,-1.4649343681445018e-6
1,Cs_f_9,0.15058779962161079
2,Cs_f_9,0.0712056324556012
3,Cs_f_9,0.03537133286890096
4,Cs_f_9,0.01931209426885969
5,Cs_f_9,0.012102335901136865
6,Cs_f_9,0.008849059205599561
7,Cs_f_9,0.007363162158926573
8,Cs_f_9,0.006666133157586665
9,Cs_f_9,0.006320983748777786
10,Cs_f_9,0.006132758140272036
11,Cs_f_9,0.006014582398753085
12,Cs_f_9,0.005927800209823362
13,Cs_f_9,0.005855241066565355
14,Cs_f_9,0.005789294727084769
15,Cs_f_9,0.005726597043654442
16,Cs_f_9,0.0056656652346762735
17,Cs_f_9,0.005605847504211466
18,Cs_f_9,0.005546857566073925
19,Cs_f_9,0.005488569003882196
20,Cs_f_9,0.005430924796938506
21,Cs_f_9,0.005373897737042916
22,Cs_f_9,0.005317473243225052
23,Cs_f_9,0.0052616419804949865
24,Cs_f_9,0.005206396737940954
25,Cs_f_9,0.0051517311379922
26,Cs_f_9,0.005097639121210124
27,Cs_f_9,0.0050441147523323125
28,Cs_f_9,0.004991152154905007
29,Cs_f_9,0.00493874549452547
30,Cs_f_9,0.0048868889785730315
31,Cs_f_9,0.004835576860214924
32,Cs_f_9,0.004784803442494532
33,Cs_f_9,0.004734563081377054
34,Cs_f_9,0.004684850187692317
35,Cs_f_9,0.004635659228209613
36,Cs_f_9,0.004586984726104169
37,Cs_f_9,0.004538821261022815
38,Cs_f_9,0.0044911634688957
39,Cs_f_9,0.004444006041591634
40,Cs_f_9,0.00439734372647957
1,CHg_f_9,-2.5123105321882923e-7
2,CHg_f_9,5.57001565539692e-5
3,CHg_f_9,3.1420246764266546e-5
4,CHg_f_9,1.5129163833455071e-5
5,CHg_f_9,5.78933076167374e-6
6,CHg_f_9,8.295659777087611e-7
7,CHg_f_9,-1.6816691926325724e-6
8,CHg_f_9,-2.9068444276219705e-6
9,CHg_f_9,-3.481730918296637e-6
10,CHg_f_9,-3.736095241638479e-6
11,CHg_f_9,-3.835373184045221e-6
12,CHg_f_9,-3.860698382643466e-6
13,CHg_f_9,-3.851219448866018e-6
14,CHg_f_9,-3.825599686147324e-6
15,CHg_f_9,-3.7926546353195745e-6
16,CHg_f_9,-3.756518066773691e-6
17,CHg_f_9,-3.7191167540924296e-6
18,CHg_f_9,-3.6813438836514254e-6
19,CHg_f_9,-3.6436110486008564e-6
20,CHg_f_9,-3.6061063310861977e-6
21,CHg_f_9,-3.568914393934387e-6
22,CHg_f_9,-3.5320721574527448e-6
23,CHg_f_9,-3.495594541370146e-6
24,CHg_f_9,-3.459486343472185e-6
25,CHg_f_9,-3.4237477145229836e-6
26,CHg_f_9,-3.388376680559373e-6
27,CHg_f_9,-3.3533703052604407e-6
28,CHg_f_9,-3.318725226181923e-6
29,CHg_f_9,-3.2844379025851984e-6
30,CHg_f_9,-3.25050473025482e-6
31,CHg_f_9,-3.216922094834927e-6
32,CHg_f_9,-3.1836863966528916e-6
33,CHg_f_9,-3.1507940622590128e-6
34,CHg_f_9,-3.1182415497400124e-6
35,CHg_f_9,-3.0860253510923854e-6
36,CHg_f_9,-3.0541419931947247e-6
37,CHg_f_9,-3.0225880381056636e-6
38,CHg_f_9,-2.991360083033644e-6
39,CHg_f_9,-2.960454760145512e-6
40,CHg_f_9,-2.9298687362954224e-6
1,CFg_f_9,2.3294014855774624e-7
2,CFg_f_9,1.3023945900025718e-5
3,CFg_f_9,7.282601079601936e-6
4,CFg_f_9,3.443611893170346e-6
5,CFg_f_9,1.2437651950638198e-6
6,CFg_f_9,7.530474444888495e-8
7,CFg_f_9,-5.16385386858179e-7
8,CFg_f_9,-8.048324018938973e-7
9,CFg_f_9,-9.397515425706474e-7
10,CFg_f_9,-9.988937199311438e-7
11,CFg_f_9,-1.021320677371554e-6
12,CFg_f_9,-1.0262187297982069e-6
13,CFg_f_9,-1.0228603518660466e-6
14,CFg_f_9,-1.0156730553281283e-6
15,CFg_f_9,-1.0067514395121165e-6
16,CFg_f_9,-9.970791806039214e-7
17,CFg_f_9,-9.871154136491095e-7
18,CFg_f_9,-9.77073229999614e-7
19,CFg_f_9,-9.67050903260128e-7
20,CFg_f_9,-9.570933416107876e-7
21,CFg_f_9,-9.472207271715e-7
22,CFg_f_9,-9.374418133406613e-7
23,CFg_f_9,-9.277600813219668e-7
24,CFg_f_9,-9.181765847319027e-7
25,CFg_f_9,-9.086912622358955e-7
26,CFg_f_9,-8.993035429058991e-7
27,CFg_f_9,-8.900126254336913e-7
28,CFg_f_9,-8.80817607023901e-7
29,CFg_f_9,-8.71717542986302e-7
30,CFg_f_9,-8.627114743445913e-7
31,CFg_f_9,-8.53798440654693e-7
32,CFg_f_9,-8.449774859624057e-7
33,CFg_f_9,-8.362476615651143e-7
34,CFg_f_9,-8.27608027276354e-7
35,CFg_f_9,-8.190576519840517e-7
36,CFg_f_9,-8.105956138727221e-7
37,CFg_f_9,-8.022210004842433e-7
38,CFg_f_9,-7.939329087003257e-7
39,CFg_f_9,-7.857304446866793e-7
40,CFg_f_9,-7.776127238183461e-7
1,CHs_f_9,0.15058629954155153
2,CHs_f_9,0.07147233578376952
3,CHs_f_9,0.03552212570457526
4,CHs_f_9,0.019385044604907926
5,CHs_f_9,0.012130635174160456
6,CHs_f_9,0.008853637957517977
7,CHs_f_9,0.007355725815497257
8,CHs_f_9,0.006652831321731099
9,CHs_f_9,0.006304926343834511
10,CHs_f_9,0.006115478131388347
11,CHs_f_9,0.005996821553950448
12,CHs_f_9,0.005909912263539989
13,CHs_f_9,0.005837392521307476
14,CHs_f_9,0.005771562829427984
15,CHs_f_9,0.005709016882283268
16,CHs_f_9,0.005648252130372449
17,CHs_f_9,0.00558860756391455
18,CHs_f_9,0.005529792625295592
19,CHs_f_9,0.00547167892947669
20,CHs_f_9,0.005414208555802744
21,CHs_f_9,0.005357353890607815
22,CHs_f_9,0.0053011001757431436
23,CHs_f_9,0.005245438004251236
24,CHs_f_9,0.005190360141668226
25,CHs_f_9,0.005135860209107414
26,CHs_f_9,0.0050819321559878745
27,CHs_f_9,0.005028570060518331
28,CHs_f_9,0.004975768061763685
29,CHs_f_9,0.004923520341700913
30,CHs_f_9,0.004871821124400061
31,CHs_f_9,0.004820664679774316
32,CHs_f_9,0.004770045327549074
33,CHs_f_9,0.004719957440252066
34,CHs_f_9,0.0046703954451305565
35,CHs_f_9,0.004621353825214652
36,CHs_f_9,0.004572827119778997
37,CHs_f_9,0.004524809924406938
38,CHs_f_9,0.004477296890802285
39,CHs_f_9,0.004430282726445511
40,CHs_f_9,0.004383762194156475
1,CFs_f_9,2.3273373919277184e-7
2,CFs_f_9,1.3023945900255257e-5
3,CFs_f_9,7.282601079701569e-6
4,CFs_f_9,3.443611893214332e-6
5,CFs_f_9,1.2437651950837456e-6
6,CFs_f_9,7.530474445832729e-8
7,CFs_f_9,-5.163853868533383e-7
8,CFs_f_9,-8.04832401891092e-7
9,CFs_f_9,-9.397515425687505e-7
10,CFs_f_9,-9.988937199296585e-7
11,CFs_f_9,-1.0213206773702595e-6
12,CFs_f_9,-1.0262187297970052e-6
13,CFs_f_9,-1.0228603518648937e-6
14,CFs_f_9,-1.0156730553270035e-6
15,CFs_f_9,-1.006751439511012e-6
16,CFs_f_9,-9.970791806028334e-7
17,CFs_f_9,-9.871154136480356e-7
18,CFs_f_9,-9.770732299985524e-7
19,CFs_f_9,-9.67050903259079e-7
20,CFs_f_9,-9.570933416097506e-7
21,CFs_f_9,-9.472207271704747e-7
22,CFs_f_9,-9.374418133396482e-7
23,CFs_f_9,-9.27760081320965e-7
24,CFs_f_9,-9.181765847309125e-7
25,CFs_f_9,-9.086912622349162e-7
26,CFs_f_9,-8.993035429049317e-7
27,CFs_f_9,-8.900126254327344e-7
28,CFs_f_9,-8.808176070229548e-7
29,CFs_f_9,-8.717175429853664e-7
30,CFs_f_9,-8.627114743436664e-7
31,CFs_f_9,-8.53798440653779e-7
32,CFs_f_9,-8.44977485961502e-7
33,CFs_f_9,-8.362476615642211e-7
34,CFs_f_9,-8.27608027275471e-7
35,CFs_f_9,-8.190576519831785e-7
36,CFs_f_9,-8.105956138718594e-7
37,CFs_f_9,-8.022210004833904e-7
38,CFs_f_9,-7.93932908699483e-7
39,CFs_f_9,-7.857304446858455e-7
40,CFs_f_9,-7.776127238175218e-7
1,L_f_9,-0.15079451588765577
2,L_f_9,-0.07192374517314326
3,L_f_9,-0.03719077895503842
4,L_f_9,-0.021685737979159948
5,L_f_9,-0.014729358191350296
6,L_f_9,-0.011577120344615013
7,L_f_9,-0.010119215630238787
8,L_f_9,-0.009416760200901543
9,L_f_9,-0.009051665478618087
10,L_f_9,-0.008837633451471715
11,L_f_9,-0.008691593069090314
12,L_f_9,-0.008576472980087438
13,L_f_9,-0.008475713096610596
14,L_f_9,-0.008381905680549617
15,L_f_9,-0.00829173015410721
16,L_f_9,-0.008203692901854465
17,L_f_9,-0.008117117940918654
18,L_f_9,-0.008031695771276439
19,L_f_9,-0.007947281492270936
20,L_f_9,-0.00786380433388381
21,L_f_9,-0.007781227042209946
22,L_f_9,-0.007699527603871786
23,L_f_9,-0.007618690997820244
24,L_f_9,-0.007538705458327058
25,L_f_9,-0.007459560773380163
26,L_f_9,-0.007381247504843814
27,L_f_9,-0.007303756628036991
28,L_f_9,-0.007227079363304744
29,L_f_9,-0.007151207096142454
30,L_f_9,-0.007076131338547721
31,L_f_9,-0.007001843709787187
32,L_f_9,-0.0069283359264324116
33,L_f_9,-0.006855599796892609
34,L_f_9,-0.006783627218169695
35,L_f_9,-0.006712410173734813
36,L_f_9,-0.006641940731984147
37,L_f_9,-0.006572211045001992
38,L_f_9,-0.0065032133474918164
39,L_f_9,-0.0064349399558025575
40,L_f_9,-0.006367383267011463
1,Y_f_9,0.20542185294230655
2,Y_f_9,0.09331113566428645
3,Y_f_9,0.042530812642348904
4,Y_f_9,0.019782055568641314
5,Y_f_9,0.009594900056516247
6,Y_f_9,0.005032048477384629
7,Y_f_9,0.002985596998813122
8,Y_f_9,0.00206427283351087
9,Y_f_9,0.0016456888382951312
10,Y_f_9,0.0014516050804213455
11,Y_f_9,0.0013577207101900248
12,Y_f_9,0.0013085489386710735
13,Y_f_9,0.0012793435091842846
14,Y_f_9,0.0012590800598895025
15,Y_f_9,0.0012428538592446682
16,Y_f_9,0.0012284863674254553
17,Y_f_9,0.0012150118275896838
18,Y_f_9,0.0012020030412423376
19,Y_f_9,0.0011892714089903667
20,Y_f_9,0.0011767337138753385
21,Y_f_9,0.0011643530933527421
22,Y_f_9,0.0011521129635666547
23,Y_f_9,0.00114000554726842
24,Y_f_9,0.001128026854516544
25,Y_f_9,0.0011161745032737202
26,Y_f_9,0.001104446783117279
27,Y_f_9,0.0010928422590702777
28,Y_f_9,0.0010813596076830975
29,Y_f_9,0.0010699975515087083
30,Y_f_9,0.0010587548343582308
31,Y_f_9,0.0010476302128946196
32,Y_f_9,0.001036622454412928
33,Y_f_9,0.0010257303367265597
34,Y_f_9,0.001014952648605525
35,Y_f_9,0.0010042881902316155
36,Y_f_9,0.0009937357735255964
37,Y_f_9,0.000983294222337359
38,Y_f_9,0.0009729623725279307
39,Y_f_9,0.0009627390719757174
40,Y_f_9,0.0009526231805329609
1,M_f_9,0.26742384077327064
2,M_f_9,0.12159884312903046
3,M_f_9,0.055776797746488554
4,M_f_9,0.026308627008181602
5,M_f_9,0.013116249470976414
6,M_f_9,0.007205869933976707
7,M_f_9,0.004551770261100223
8,M_f_9,0.003353052797392354
9,M_f_9,0.002804515937118246
10,M_f_9,0.0025463331674085497
11,M_f_9,0.002417795038512306
12,M_f_9,0.002347168203555134
13,M_f_9,0.002302457204465193
14,M_f_9,0.0022694032278346966
15,M_f_9,0.0022416583289149327
16,M_f_9,0.0022163998244311817
17,M_f_9,0.002192374210826152
18,M_f_9,0.0021690254626220962
19,M_f_9,0.002146106995608443
20,M_f_9,0.0021235091764481295
21,M_f_9,0.0021011827885017856
22,M_f_9,0.0020791051563009053
23,M_f_9,0.0020572652003631293
24,M_f_9,0.0020356568725963062
25,M_f_9,0.0020142762900470113
26,M_f_9,0.0019931204937256378
27,M_f_9,0.0019721869173268806
28,M_f_9,0.0019514731635564087
29,M_f_9,0.0019309769122356818
30,M_f_9,0.0019106958839400932
31,M_f_9,0.0018906278264728211
32,M_f_9,0.0018707705103739583
33,M_f_9,0.0018511217277769226
34,M_f_9,0.0018316792923533027
35,M_f_9,0.0018124410395038784
36,M_f_9,0.001793404826518221
37,M_f_9,0.0017745685326371933
38,M_f_9,0.0017559300590235013
39,M_f_9,0.001737487328662995
40,M_f_9,0.0017192382862189068
1,V_f_9,-0.283672196577806
2,V_f_9,-0.1136605817631804
3,V_f_9,-0.03830894621769041
4,V_f_9,-0.004829170084564521
5,V_f_9,0.009983827705706055
6,V_f_9,0.0164713792485554
7,V_f_9,0.01924449650788976
8,V_f_9,0.020360142545011083
9,V_f_9,0.020736387362684513
10,V_f_9,0.020783215157937976
11,V_f_9,0.020683829912254495
12,V_f_9,0.020520157611239168
13,V_f_9,0.02032886468541031
14,V_f_9,0.02012637559865183
15,V_f_9,0.0199200527505494
16,V_f_9,0.01971319648236453
17,V_f_9,0.019507283427198735
18,V_f_9,0.019302969796547456
19,V_f_9,0.019100541795575642
20,V_f_9,0.018900118247090713
21,V_f_9,0.018701741984860375
22,V_f_9,0.018505421216444246
23,V_f_9,0.018311148324422873
24,V_f_9,0.018118908459305166
25,V_f_9,0.017928683493726696
26,V_f_9,0.017740453857281752
27,V_f_9,0.017554199396373343
28,V_f_9,0.017369899781692146
29,V_f_9,0.017187534703603614
30,V_f_9,0.01700708396684848
31,V_f_9,0.016828527536744294
32,V_f_9,0.016651845561639754
33,V_f_9,0.016477018383532212
34,V_f_9,0.01630402654267515
35,V_f_9,0.01613285077907823
36,V_f_9,0.01596347203237402
37,V_f_9,0.01579587144081515
38,V_f_9,0.015630030339804837
39,V_f_9,0.015465930260177835
40,V_f_9,0.015303552926350198
1,MC_f_9,0.06061488101588439
2,MC_f_9,0.02973924187990188
3,MC_f_9,0.015856076897266515
4,MC_f_9,0.009616240671380298
5,MC_f_9,0.006795477385091672
6,MC_f_9,0.005505007416665039
7,MC_f_9,0.004900067416935988
8,MC_f_9,0.0046026567854046095
9,MC_f_9,0.0044435203003127585
10,MC_f_9,0.004346801380509116
11,MC_f_9,0.004278460078109196
12,MC_f_9,0.004223195330076528
13,MC_f_9,0.004174113322270287
14,MC_f_9,0.004128098103901906
15,MC_f_9,0.004083734848384941
16,MC_f_9,0.004040376798834589
17,MC_f_9,0.003997725211911153
18,MC_f_9,0.003955639752474822
19,MC_f_9,0.003914052616612826
20,MC_f_9,0.003872929464390394
21,MC_f_9,0.0038322515472922437
22,MC_f_9,0.00379200747371598
23,MC_f_9,0.003752189381436579
24,MC_f_9,0.003712791139184151
25,MC_f_9,0.0036738074905989185
26,MC_f_9,0.0036352336405020853
27,MC_f_9,0.0035970650514164228
28,MC_f_9,0.0035592973415140786
29,MC_f_9,0.0035219262323208495
30,MC_f_9,0.003484947521282064
31,MC_f_9,0.0034483570669952162
32,MC_f_9,0.0034121507810257697
33,MC_f_9,0.0033763246232119868
34,MC_f_9,0.003340874598853775
35,MC_f_9,0.0033057967569366823
36,MC_f_9,0.0032710871889338375
37,MC_f_9,0.003236742027935391
38,MC_f_9,0.0032027574479662952
39,MC_f_9,0.003169129663414053
40,MC_f_9,0.0031358549285218787
1,PL_f_9,0.30060999297312807
2,PL_f_9,0.14107944524398414
3,PL_f_9,0.0695759380064847
4,PL_f_9,0.03755848015601144
5,PL_f_9,0.02318483308902502
6,PL_f_9,0.01669501633431567
7,PL_f_9,0.013728352005172044
8,PL_f_9,0.012336596615798036
9,PL_f_9,0.011649307357199507
10,PL_f_9,0.011277557525660271
11,PL_f_9,0.011047545995304114
12,PL_f_9,0.010881588757838418
13,PL_f_9,0.010744951226440723
14,PL_f_9,0.010622093735763723
15,PL_f_9,0.010506057244903493
16,PL_f_9,0.010393719747666515
17,PL_f_9,0.010283675848406799
18,PL_f_9,0.010175288615268343
19,PL_f_9,0.010068265435352232
20,PL_f_9,0.009962468168443811
21,PL_f_9,0.009857828107157868
22,PL_f_9,0.009754307845336447
23,PL_f_9,0.009651884156838835
24,PL_f_9,0.009550540294258484
25,PL_f_9,0.00945026251652691
26,PL_f_9,0.009351038518240606
27,PL_f_9,0.009252856716105361
28,PL_f_9,0.009155705922816221
29,PL_f_9,0.009059575196729421
30,PL_f_9,0.008964453771685824
31,PL_f_9,0.008870331023606789
32,PL_f_9,0.008777196454094372
33,PL_f_9,0.00868503968197285
34,PL_f_9,0.008593850438585194
35,PL_f_9,0.008503618564892472
36,PL_f_9,0.008414334009455647
37,PL_f_9,0.008325986826859744
38,PL_f_9,0.008238567176366738
39,PL_f_9,0.008152065320691616
40,PL_f_9,0.008066471624848373
1,PIV_f_9,0.39013434873085223
2,PIV_f_9,0.16918389068894532
3,PIV_f_9,0.07032096467744708
4,PIV_f_9,0.02619781837259756
5,PIV_f_9,0.006533470680701902
6,PIV_f_9,-0.0022020998907489753
7,PIV_f_9,-0.006054181220540411
8,PIV_f_9,-0.0077239841646697775
9,PIV_f_9,-0.008418631157986344
10,PIV_f_9,-0.008677663320452736
11,PIV_f_9,-0.008742299324574342
12,PIV_f_9,-0.008720420998671383
13,PIV_f_9,-0.008660298505754954
14,PIV_f_9,-0.008583541258056599
15,PIV_f_9,-0.008499828985659232
16,PIV_f_9,-0.008413499810300479
17,PIV_f_9,-0.008326498022747125
18,PIV_f_9,-0.008239693900449879
19,PIV_f_9,-0.008153475144874215
20,PIV_f_9,-0.008068012219533892
21,PIV_f_9,-0.007983377568162973
22,PIV_f_9,-0.007899599285633987
23,PIV_f_9,-0.007816685342004796
24,PIV_f_9,-0.007734634552110677
25,PIV_f_9,-0.007653441564099924
26,PIV_f_9,-0.007573099140196256
27,PIV_f_9,-0.007493599206416631
28,PIV_f_9,-0.007414933339600467
29,PIV_f_9,-0.007337092995493844
30,PIV_f_9,-0.007260069616659242
31,PIV_f_9,-0.007183854684034755
32,PIV_f_9,-0.007108439741742331
33,PIV_f_9,-0.007033816409013109
34,PIV_f_9,-0.006959976385807562
35,PIV_f_9,-0.006886911455295477
36,PIV_f_9,-0.006814613484743829
37,PIV_f_9,-0.006743074425583515
38,PIV_f_9,-0.006672286313046329
39,PIV_f_9,-0.006602241265574783
40,PIV_f_9,-0.006532931484111729
1,VOil_f_9,-0.2828179040699946
2,VOil_f_9,-0.06561957444714027
3,VOil_f_9,-0.011443834849509156
4,VOil_f_9,0.007876133096078408
5,VOil_f_9,0.014575027252799166
6,VOil_f_9,0.01675266946913523
7,VOil_f_9,0.01734328489051306
8,VOil_f_9,0.017394946271308373
9,VOil_f_9,0.0172734996479604
10,VOil_f_9,0.017102143099850885
11,VOil_f_9,0.016919999785707306
12,VOil_f_9,0.016738226033953526
13,VOil_f_9,0.016559286272002538
14,VOil_f_9,0.01638327385666881
15,VOil_f_9,0.01620982515122237
16,VOil_f_9,0.01603861215751882
17,VOil_f_9,0.015869417964569317
18,VOil_f_9,0.015702112783066092
19,VOil_f_9,0.015536620327587881
20,VOil_f_9,0.015372893771036194
21,VOil_f_9,0.015210901500508885
22,VOil_f_9,0.015050619432375727
23,VOil_f_9,0.01489202710490231
24,VOil_f_9,0.014735105778685292
25,VOil_f_9,0.014579837549112044
26,VOil_f_9,0.01442620494828202
27,VOil_f_9,0.014274190774947116
28,VOil_f_9,0.014123778026548666
29,VOil_f_9,0.013974949874785429
30,VOil_f_9,0.013827689658470857
31,VOil_f_9,0.013681980882449003
32,VOil_f_9,0.013537807218070618
33,VOil_f_9,0.013395152503621853
34,VOil_f_9,0.013254000744265951
35,VOil_f_9,0.013114336111483087
36,VOil_f_9,0.01297614294211692
37,VOil_f_9,0.012839405737146859
38,VOil_f_9,0.012704109160282894
39,VOil_f_9,0.012570238036452044
40,VOil_f_9,0.012437777350223157
1,VNon_f_9,-0.2836317227936335
2,VNon_f_9,-0.11139727782226841
3,VNon_f_9,-0.03704344426060844
4,VNon_f_9,-0.0042308412881663995
5,VNon_f_9,0.01019985289876743
6,VNon_f_9,0.01648434391866384
7,VNon_f_9,0.0191546355962599
8,VNon_f_9,0.02022015527291531
9,VNon_f_9,0.02057295451576815
10,VNon_f_9,0.02060950557145447
11,VNon_f_9,0.02050622409578952
12,VNon_f_9,0.020341701796332774
13,VNon_f_9,0.02015099369548894
14,VNon_f_9,0.01994975482642483
15,VNon_f_9,0.01974498358086262
16,VNon_f_9,0.019539809352893883
17,VNon_f_9,0.019335628985357442
18,VNon_f_9,0.019133061657985256
19,VNon_f_9,0.01893237649769057
20,VNon_f_9,0.01873368452309555
21,VNon_f_9,0.018537025060776882
22,VNon_f_9,0.018342404797228404
23,VNon_f_9,0.018149815510183083
24,VNon_f_9,0.017959242167173317
25,VNon_f_9,0.017770666651614708
26,VNon_f_9,0.017584069492437463
27,VNon_f_9,0.01739943067541426
28,VNon_f_9,0.017216730028240094
29,VNon_f_9,0.01703594740556362
30,VNon_f_9,0.016857062778889893
31,VNon_f_9,0.016680056280554505
32,VNon_f_9,0.016504908225142615
33,VNon_f_9,0.016331599119626658
34,VNon_f_9,0.016160109667754052
35,VNon_f_9,0.015990420771450305
36,VNon_f_9,0.015822513530647155
37,VNon_f_9,0.015656369242269146
38,VNon_f_9,0.01549196939876726
39,VNon_f_9,0.01532929568640955
40,VNon_f_9,0.015168329983443926
1,P_f_10,0.21545903327054722
2,P_f_10,0.10066093046762974
3,P_f_10,0.04919210019316701
4,P_f_10,0.026145677308993774
5,P_f_10,0.01580147456225492
6,P_f_10,0.011134262619468703
7,P_f_10,0.00900471803707041
8,P_f_10,0.008009959227743254
9,P_f_10,0.007523016723340996
10,P_f_10,0.007263640922814366
11,P_f_10,0.007106530128470345
12,P_f_10,0.006995639416791728
13,P_f_10,0.006905886824355524
14,P_f_10,0.006826037809407809
15,P_f_10,0.006751053614960467
16,P_f_10,0.00667866941898917
17,P_f_10,0.0066078633781229265
18,P_f_10,0.006538171253329118
19,P_f_10,0.006469379334993053
20,P_f_10,0.0064013867132783715
21,P_f_10,0.006334143415725191
22,P_f_10,0.006267622569314829
23,P_f_10,0.0062018078427673205
24,P_f_10,0.006136687763619103
25,P_f_10,0.006072253135721203
26,P_f_10,0.006008495859309501
27,P_f_10,0.005945408388110907
28,P_f_10,0.005882983477269372
29,P_f_10,0.0058212140649009135
30,P_f_10,0.005760093215550723
31,P_f_10,0.005699614092614477
32,P_f_10,0.005639769944477622
33,P_f_10,0.005580554097246129
34,P_f_10,0.005521959950697886
35,P_f_10,0.00546398097583803
36,P_f_10,0.005406610713270243
37,P_f_10,0.005349842771993098
38,P_f_10,0.005293670828423759
39,P_f_10,0.0052380886255470865
40,P_f_10,0.005183089972136467
1,PM_f_10,0.07530165951325568
2,PM_f_10,0.03683194810950181
3,PM_f_10,0.019500626585257367
4,PM_f_10,0.011711111097272872
5,PM_f_10,0.008191744762129641
6,PM_f_10,0.006583903249247473
7,PM_f_10,0.005832277701786547
8,PM_f_10,0.005464587212090215
9,PM_f_10,0.005269382671157105
10,PM_f_10,0.005151933363460645
11,PM_f_10,0.005069760367980755
12,PM_f_10,0.005003791026370477
13,PM_f_10,0.00494544657660858
14,PM_f_10,0.00489085854991722
15,PM_f_10,0.004838276038333458
16,PM_f_10,0.004786902072683366
17,PM_f_10,0.004736370593626393
18,PM_f_10,0.0046865108869519785
19,PM_f_10,0.0046372412096297696
20,PM_f_10,0.004588520590208211
21,PM_f_10,0.004540326892452296
22,PM_f_10,0.0044926467754194685
23,PM_f_10,0.004445471065539372
24,PM_f_10,0.004398792604354033
25,PM_f_10,0.004352605236623059
26,PM_f_10,0.004306903328281402
27,PM_f_10,0.004261681533204037
28,PM_f_10,0.00421693467829451
29,PM_f_10,0.004172657705682852
30,PM_f_10,0.004128845642953835
31,PM_f_10,0.004085493587388886
32,PM_f_10,0.004042596697352337
33,PM_f_10,0.004000150187393598
34,PM_f_10,0.003958149325320777
35,PM_f_10,0.003916589430340485
36,PM_f_10,0.0038754658717848854
37,PM_f_10,0.0038347740681678563
38,PM_f_10,0.0037945094864289537
39,PM_f_10,0.003754667641286479
40,PM_f_10,0.0037152440946554366
1,PH_f_10,0.2149117480093462
2,PH_f_10,0.10044758651519899
3,PH_f_10,0.049126590052993115
4,PH_f_10,0.02614577329379954
5,PH_f_10,0.015830529381951876
6,PH_f_10,0.01117593715929661
7,PH_f_10,0.009051726180057609
8,PH_f_10,0.008059052215654202
9,PH_f_10,0.007572747025578662
10,PH_f_10,0.007313364915788019
11,PH_f_10,0.007155963125316476
12,PH_f_10,0.007044657060643792
13,PH_f_10,0.006954436404327577
14,PH_f_10,0.006874098640050285
15,PH_f_10,0.006798619324183966
16,PH_f_10,0.006725740023784707
17,PH_f_10,0.0066544417357949125
18,PH_f_10,0.006584261470289228
19,PH_f_10,0.00651498605223074
20,PH_f_10,0.006446514784953652
21,PH_f_10,0.006378797764342669
22,PH_f_10,0.00631180812038584
23,PH_f_10,0.006245529495353428
24,PH_f_10,0.006179950377130176
25,PH_f_10,0.006115061524109807
26,PH_f_10,0.006050854788649269
27,PH_f_10,0.005987322575733154
28,PH_f_10,0.00592445759162235
29,PH_f_10,0.005862252725746458
30,PH_f_10,0.005800700994319107
31,PH_f_10,0.005739795512833154
32,PH_f_10,0.005679529482233762
33,PH_f_10,0.00561989618166349
34,PH_f_10,0.005560888964418547
35,PH_f_10,0.0055025012555041915
36,PH_f_10,0.005444726550003724
37,PH_f_10,0.005387558411871268
38,PH_f_10,0.0053309904729512995
39,PH_f_10,0.005275016432123267
40,PH_f_10,0.0052196300545177534
1,Cg_f_10,-6.505061180583225e-7
2,Cg_f_10,5.3785881693202105e-5
3,Cg_f_10,3.064919607171651e-5
4,Cg_f_10,1.5066890059986962e-5
5,Cg_f_10,6.108470350984829e-6
6,Cg_f_10,1.3400417584484584e-6
7,Cg_f_10,-1.0801521512920098e-6
8,Cg_f_10,-2.264809633838547e-6
9,Cg_f_10,-2.8239567779683325e-6
10,Cg_f_10,-3.074513712987569e-6
11,Cg_f_10,-3.1756428609993114e-6
12,Cg_f_10,-3.205458488768465e-6
13,Cg_f_10,-3.2016715512820514e-6
14,Cg_f_10,-3.182266794065527e-6
15,Cg_f_10,-3.155741996587488e-6
16,Cg_f_10,-3.1260833042303367e-6
17,Cg_f_10,-3.095149545603045e-6
18,Cg_f_10,-3.0638030424013446e-6
19,Cg_f_10,-3.0324416713428256e-6
20,Cg_f_10,-3.001247676501409e-6
21,Cg_f_10,-2.9703034752606483e-6
22,Cg_f_10,-2.9396453658066476e-6
23,Cg_f_10,-2.909288370207229e-6
24,Cg_f_10,-2.8792377059236612e-6
25,Cg_f_10,-2.8494940780451353e-6
26,Cg_f_10,-2.820056120572995e-6
27,Cg_f_10,-2.7909215234339215e-6
28,Cg_f_10,-2.762087553627585e-6
29,Cg_f_10,-2.7335512968363103e-6
30,Cg_f_10,-2.7053097698244616e-6
31,Cg_f_10,-2.6773599729386693e-6
32,Cg_f_10,-2.6496989147239416e-6
33,Cg_f_10,-2.6223236234863287e-6
34,Cg_f_10,-2.5952311527007814e-6
35,Cg_f_10,-2.5684185834911034e-6
36,Cg_f_10,-2.541883025702319e-6
37,Cg_f_10,-2.5156216182882648e-6
38,Cg_f_10,-2.4896315293618154e-6
39,Cg_f_10,-2.463909956076881e-6
40,Cg_f_10,-2.438454124425796e-6
1,Cs_f_10,-0.004285844798859561
2,Cs_f_10,0.002522901113020908
3,Cs_f_10,0.003313104038852228
4,Cs_f_10,0.0034127410283678033
5,Cs_f_10,0.003353892303362079
6,Cs_f_10,0.0032789976447460106
7,Cs_f_10,0.0032169931080403406
8,Cs_f_10,0.00316799093472436
9,Cs_f_10,0.003127348012641633
10,Cs_f_10,0.003091318970634322
11,Cs_f_10,0.0030576701389939914
12,Cs_f_10,0.0030252390383316025
13,Cs_f_10,0.0029934742092493894
14,Cs_f_10,0.002962135647550864
15,Cs_f_10,0.002931129527030207
16,Cs_f_10,0.0029004252536307873
17,Cs_f_10,0.0028700167746124245
18,Cs_f_10,0.002839905817888977
19,Cs_f_10,0.002810095310210883
20,Cs_f_10,0.0027805872118446063
21,Cs_f_10,0.002751382104196533
22,Cs_f_10,0.002722479372962025
23,Cs_f_10,0.0026938775231514925
24,Cs_f_10,0.0026655744642381384
25,Cs_f_10,0.002637567725584353
26,Cs_f_10,0.002609854605795027
27,Cs_f_10,0.0025824322712433047
28,Cs_f_10,0.002555297819015254
29,Cs_f_10,0.0025284483162322205
30,Cs_f_10,0.0025018808242035333
31,Cs_f_10,0.0024755924130526906
32,Cs_f_10,0.0024495801704537386
33,Cs_f_10,0.0024238412067672382
34,Cs_f_10,0.0023983726579937916
35,Cs_f_10,0.0023731716874131727
36,Cs_f_10,0.0023482354864359923
37,Cs_f_10,0.002323561274985726
38,Cs_f_10,0.0022991463016019042
39,Cs_f_10,0.00227498784337861
40,Cs_f_10,0.0022510832058063542
1,CHg_f_10,-1.3023444175770692e-6
2,CHg_f_10,0.00010752186919988503
3,CHg_f_10,6.12706496165752e-5
4,CHg_f_10,3.0120818893245192e-5
5,CHg_f_10,1.2212441552081188e-5
6,CHg_f_10,2.6800762800883073e-6
7,CHg_f_10,-2.158038417821386e-6
8,CHg_f_10,-4.526246561131191e-6
9,CHg_f_10,-5.644024516191053e-6
10,CHg_f_10,-6.14491354058753e-6
11,CHg_f_10,-6.347088246049528e-6
12,CHg_f_10,-6.406703357823824e-6
13,CHg_f_10,-6.3991451042980374e-6
14,CHg_f_10,-6.3603659329589885e-6
15,CHg_f_10,-6.30735333676106e-6
16,CHg_f_10,-6.248075817218107e-6
17,CHg_f_10,-6.1862492624285355e-6
18,CHg_f_10,-6.123597494603211e-6
19,CHg_f_10,-6.0609158885168314e-6
20,CHg_f_10,-5.998568759396867e-6
21,CHg_f_10,-5.936720864439356e-6
22,CHg_f_10,-5.875444766523238e-6
23,CHg_f_10,-5.81477049662424e-6
24,CHg_f_10,-5.7547084858653055e-6
25,CHg_f_10,-5.695260144921717e-6
26,CHg_f_10,-5.636422744254443e-6
27,CHg_f_10,-5.578191667059698e-6
28,CHg_f_10,-5.5205614510674375e-6
29,CHg_f_10,-5.463526271531141e-6
30,CHg_f_10,-5.407080165920398e-6
31,CHg_f_10,-5.3512171388721126e-6
32,CHg_f_10,-5.295931211399923e-6
33,CHg_f_10,-5.241216444008983e-6
34,CHg_f_10,-5.1870669475069004e-6
35,CHg_f_10,-5.13347688796152e-6
36,CHg_f_10,-5.080440488844889e-6
37,CHg_f_10,-5.027952031808211e-6
38,CHg_f_10,-4.9760058567824166e-6
39,CHg_f_10,-4.924596361742409e-6
40,CHg_f_10,-4.873718002302132e-6
1,CFg_f_10,2.2947512937440423e-7
2,CFg_f_10,1.3295153143343676e-5
3,CFg_f_10,7.437145054970417e-6
4,CFg_f_10,3.5195844270216303e-6
5,CFg_f_10,1.2745662408392885e-6
6,CFg_f_10,8.20617040689233e-8
7,CFg_f_10,-5.218318921213579e-7
8,CFg_f_10,-8.162523648739952e-7
9,CFg_f_10,-9.539909211810987e-7
10,CFg_f_10,-1.0143964943154467e-6
11,CFg_f_10,-1.037333380320346e-6
12,CFg_f_10,-1.042381773579095e-6
13,CFg_f_10,-1.0390043005824205e-6
14,CFg_f_10,-1.0317191584658838e-6
15,CFg_f_10,-1.022663795335884e-6
16,CFg_f_10,-1.0128419869187014e-6
17,CFg_f_10,-1.0027222411244294e-6
18,CFg_f_10,-9.925219974328494e-7
19,CFg_f_10,-9.823415356823417e-7
20,CFg_f_10,-9.722266829914576e-7
21,CFg_f_10,-9.621980370574016e-7
22,CFg_f_10,-9.522645343067302e-7
23,CFg_f_10,-9.424297316896634e-7
24,CFg_f_10,-9.326947091309553e-7
25,CFg_f_10,-9.23059408851337e-7
26,CFg_f_10,-9.135232530349199e-7
27,CFg_f_10,-9.040854287252809e-7
28,CFg_f_10,-8.947450193463082e-7
29,CFg_f_10,-8.855010655127632e-7
30,CFg_f_10,-8.763525932058264e-7
31,CFg_f_10,-8.672986268561189e-7
32,CFg_f_10,-8.583381954254737e-7
33,CFg_f_10,-8.494703352269582e-7
34,CFg_f_10,-8.406940912166955e-7
35,CFg_f_10,-8.320085175646166e-7
36,CFg_f_10,-8.234126778820638e-7
37,CFg_f_10,-8.149056452845168e-7
38,CFg_f_10,-8.06486502374323e-7
39,CFg_f_10,-7.981543411842573e-7
40,CFg_f_10,-7.899082631018483e-7
1,CHs_f_10,-0.003768618265024979
2,CHs_f_10,0.0051692176811613
3,CHs_f_10,0.004765100265583059
4,CHs_f_10,0.004094293545024143
5,CHs_f_10,0.0036012575737819396
6,CHs_f_10,0.0032980430019701737
7,CHs_f_10,0.003121225843999202
8,CHs_f_10,0.003016549292424834
9,CHs_f_10,0.0029499746758534116
10,CHs_f_10,0.0029026167987225137
11,CHs_f_10,0.0028646832830734005
12,CHs_f_10,0.002831317779231491
13,CHs_f_10,0.00280019130328742
14,CHs_f_10,0.0027702182735293178
15,CHs_f_10,0.002740906147388424
16,CHs_f_10,0.002712037625586256
17,CHs_f_10,0.0026835197295837134
18,CHs_f_10,0.002655313930381718
19,CHs_f_10,0.0026274046218315987
20,CHs_f_10,0.002599785306994285
21,CHs_f_10,0.0025724527706227408
22,CHs_f_10,0.0025454047533293796
23,CHs_f_10,0.0025186391069382747
24,CHs_f_10,0.0024921535444572904
25,CHs_f_10,0.00246594560871057
26,CHs_f_10,0.0024400127078747706
27,CHs_f_10,0.002414352161465323
28,CHs_f_10,0.002388961238983929
29,CHs_f_10,0.002363837187974077
30,CHs_f_10,0.0023389772529310306
31,CHs_f_10,0.0023143786874791814
32,CHs_f_10,0.0022900387619611013
33,CHs_f_10,0.0022659547680360737
34,CHs_f_10,0.0022421240213841374
35,CHs_f_10,0.0022185438632329273
36,CHs_f_10,0.002195211661163141
37,CHs_f_10,0.0021721248094765696
38,CHs_f_10,0.0021492807293011828
39,CHs_f_10,0.002126676868539446
40,CHs_f_10,0.0021043107017240073
1,CFs_f_10,-0.1766344427074008
2,CFs_f_10,0.05499513173019798
3,CFs_f_10,0.04982380519901234
4,CFs_f_10,0.03533420609571129
5,CFs_f_10,0.024160691139387912
6,CFs_f_10,0.017300981108538
7,CFs_f_10,0.013465975243075952
8,CFs_f_10,0.011413126500004468
9,CFs_f_10,0.010327264479700808
10,CFs_f_10,0.009741762065928599
11,CFs_f_10,0.009407500032543514
12,CFs_f_10,0.00919695686827331
13,CFs_f_10,0.00904665160367796
14,CFs_f_10,0.008925599477609594
15,CFs_f_10,0.008818894733023955
16,CFs_f_10,0.008719444612039919
17,CFs_f_10,0.008623901538219646
18,CFs_f_10,0.00853069432820353
19,CFs_f_10,0.008439087260746136
20,CFs_f_10,0.008348734810029405
21,CFs_f_10,0.008259472616440751
22,CFs_f_10,0.008171220011656558
23,CFs_f_10,0.008083934825262228
24,CFs_f_10,0.007997592539227485
25,CFs_f_10,0.007912176719192778
26,CFs_f_10,0.007827674642837304
27,CFs_f_10,0.00774407531224005
28,CFs_f_10,0.007661368554779547
29,CFs_f_10,0.007579544618674798
30,CFs_f_10,0.007498593992107589
31,CFs_f_10,0.007418507322788194
32,CFs_f_10,0.007339275382312079
33,CFs_f_10,0.007260889050304992
34,CFs_f_10,0.00718333930720524
35,CFs_f_10,0.007106617230754833
36,CFs_f_10,0.007030713994048099
37,CFs_f_10,0.0069556208642136165
38,CFs_f_10,0.006881329201342236
39,CFs_f_10,0.006807830457504453
40,CFs_f_10,0.006735116175797371
1,L_f_10,0.1500657387222054
2,L_f_10,0.06385967721377567
3,L_f_10,0.024664225398058227
4,L_f_10,0.007132975726495246
5,L_f_10,-0.0006775050078523206
6,L_f_10,-0.004131412912801095
7,L_f_10,-0.005634967804632495
8,L_f_10,-0.00626644311644978
9,L_f_10,-0.006508590433750134
10,L_f_10,-0.00657734452793056
11,L_f_10,-0.006569199094256712
12,L_f_10,-0.006527225877658267
13,L_f_10,-0.006470624643948252
14,L_f_10,-0.006407938730192917
15,L_f_10,-0.006342960188276877
16,L_f_10,-0.00627736578314175
17,L_f_10,-0.006211892304356177
18,L_f_10,-0.006146859855025376
19,L_f_10,-0.006082404419938425
20,L_f_10,-0.006018580988267747
21,L_f_10,-0.005955409140471527
22,L_f_10,-0.005892893119291219
23,L_f_10,-0.005831030618373135
24,L_f_10,-0.005769816601739401
25,L_f_10,-0.00570924494625782
26,L_f_10,-0.005649309137268726
27,L_f_10,-0.005590002556553042
28,L_f_10,-0.005531318597302342
29,L_f_10,-0.0054732507072178
30,L_f_10,-0.005415792402712435
31,L_f_10,-0.005358937272107535
32,L_f_10,-0.005302678975040874
33,L_f_10,-0.005247011240852062
34,L_f_10,-0.0051919278669086515
35,L_f_10,-0.005137422717142701
36,L_f_10,-0.005083489720823058
37,L_f_10,-0.0050301228715183685
38,L_f_10,-0.0049773162261973645
39,L_f_10,-0.004925063904422823
40,L_f_10,-0.00487336008760805
1,Y_f_10,0.27726440441790634
2,Y_f_10,0.12407076535714016
3,Y_f_10,0.05496249845292509
4,Y_f_10,0.024047384697993182
5,Y_f_10,0.01022967406725079
6,Y_f_10,0.004060556796867201
7,Y_f_10,0.0013109976143059025
8,Y_f_10,8.932748323245346e-5
9,Y_f_10,-0.0004501340635125112
10,Y_f_10,-0.0006852383048105435
11,Y_f_10,-0.0007847055841069118
12,Y_f_10,-0.0008238204445980019
13,Y_f_10,-0.000836146851491517
14,Y_f_10,-0.0008366326083629866
15,Y_f_10,-0.0008319256162831246
16,Y_f_10,-0.0008249770883313597
17,Y_f_10,-0.0008170939076688218
18,Y_f_10,-0.0008088527698194769
19,Y_f_10,-0.0008005068371985519
20,Y_f_10,-0.0007921663426798186
21,Y_f_10,-0.0007838786269851044
22,Y_f_10,-0.0007756635073249286
23,Y_f_10,-0.0007675288469944084
24,Y_f_10,-0.0007594773736401855
25,Y_f_10,-0.0007515096438167184
26,Y_f_10,-0.0007436253191217098
27,Y_f_10,-0.0007358237077216209
28,Y_f_10,-0.0007281039893483492
29,Y_f_10,-0.0007204653057840411
30,Y_f_10,-0.0007129067953321296
31,Y_f_10,-0.0007054276046765915
32,Y_f_10,-0.0006980268920659437
33,Y_f_10,-0.0006907038274652362
34,Y_f_10,-0.0006834575918525325
35,Y_f_10,-0.0006762873764284691
36,Y_f_10,-0.000669192381961792
37,Y_f_10,-0.0006621718182992144
38,Y_f_10,-0.0006552249040101351
39,Y_f_10,-0.0006483508661281524
40,Y_f_10,-0.0006415489399576241
1,M_f_10,0.4844830252108971
2,M_f_10,0.21849939866542045
3,M_f_10,0.09893819871082146
4,M_f_10,0.045473099389739015
5,M_f_10,0.021567357458438338
6,M_f_10,0.010875460595425478
7,M_f_10,0.006088328221828235
8,M_f_10,0.003938880146860951
9,M_f_10,0.0029672893099891053
10,M_f_10,0.00252149866384179
11,M_f_10,0.0023103698510599986
12,M_f_10,0.0022039699664105385
13,M_f_10,0.0021443415839313934
14,M_f_10,0.00210564899626464
15,M_f_10,0.0020763844506021365
16,M_f_10,0.0020514270377202013
17,M_f_10,0.002028500501494656
18,M_f_10,0.0020065942249092206
19,M_f_10,0.0019852599169363477
20,M_f_10,0.001964298675013007
21,M_f_10,0.0019436219343817065
22,M_f_10,0.0019231897937133694
23,M_f_10,0.0019029837257487448
24,M_f_10,0.0018829945412820112
25,M_f_10,0.001863217103727385
26,M_f_10,0.0018436480218564073
27,M_f_10,0.001824284650834094
28,M_f_10,0.001805124664648099
29,M_f_10,0.001786165876087333
30,M_f_10,0.001767406162758275
31,M_f_10,0.0017488434377853474
32,M_f_10,0.001730475638887034
33,M_f_10,0.0017123007247245765
34,M_f_10,0.0016943166739467623
35,M_f_10,0.0016765214851129557
36,M_f_10,0.0016589131768162055
37,M_f_10,0.0016414897877825674
38,M_f_10,0.0016242493768934304
39,M_f_10,0.0016071900231347043
40,M_f_10,0.0015903098254909137
1,V_f_10,0.0171884623915815
2,V_f_10,0.022040875634158283
3,V_f_10,0.02349974728188252
4,V_f_10,0.023967156482943945
5,V_f_10,0.024027019222663495
6,V_f_10,0.02391571984029876
7,V_f_10,0.02373107437149056
8,V_f_10,0.023514595236082146
9,V_f_10,0.023284446555170736
10,V_f_10,0.02304886474535064
11,V_f_10,0.0228117325325161
12,V_f_10,0.02257495229599507
13,V_f_10,0.022339488302681985
14,V_f_10,0.022105841458821624
15,V_f_10,0.021874274538903858
16,V_f_10,0.02164492360505411
17,V_f_10,0.021417855363259932
18,V_f_10,0.02119309774164615
19,V_f_10,0.020970656668510324
20,V_f_10,0.020750525485817854
21,V_f_10,0.020532690318442452
22,V_f_10,0.020317133172678227
23,V_f_10,0.02010383373870186
24,V_f_10,0.019892770444571144
25,V_f_10,0.01968392107445153
26,V_f_10,0.01947726313171707
27,V_f_10,0.01927277405213352
28,V_f_10,0.01907043132873408
29,V_f_10,0.018870212584599942
30,V_f_10,0.01867209561488108
31,V_f_10,0.018476058410647735
32,V_f_10,0.018282079172009386
33,V_f_10,0.01809013631489695
34,V_f_10,0.017900208474107206
35,V_f_10,0.017712274504146325
36,V_f_10,0.01752631347878171
37,V_f_10,0.017342304689839615
38,V_f_10,0.017160227645566482
39,V_f_10,0.016980062068741933
40,V_f_10,0.01680178789465453
1,MC_f_10,0.21491175042802432
2,MC_f_10,0.10044785087515434
3,MC_f_10,0.04912673328513224
4,MC_f_10,0.02614583645147812
5,MC_f_10,0.015830547012881724
6,MC_f_10,0.011175930763106473
7,MC_f_10,0.009051707696932624
8,MC_f_10,0.00805902789463972
9,MC_f_10,0.007572720020718273
10,MC_f_10,0.007313336780419174
11,MC_f_10,0.007155934610706945
12,MC_f_10,0.007044628524758944
13,MC_f_10,0.006954408015254328
14,MC_f_10,0.006874070475272159
15,MC_f_10,0.006798591418343724
16,MC_f_10,0.006725712391417824
17,MC_f_10,0.006654414382060309
18,MC_f_10,0.0065842343960012895
19,MC_f_10,0.006514959256206648
20,MC_f_10,0.006446488265103684
21,MC_f_10,0.006378771518174846
22,MC_f_10,0.006311782145238796
23,MC_f_10,0.006245503788503547
24,MC_f_10,0.006179924935840726
25,MC_f_10,0.006115036345653367
26,MC_f_10,0.006050829870317871
27,MC_f_10,0.005987297914842792
28,MC_f_10,0.0059244331855148845
29,MC_f_10,0.0058622285717903596
30,MC_f_10,0.005800677089909628
31,MC_f_10,0.005739771855392272
32,MC_f_10,0.00567950606921
33,MC_f_10,0.005619873010531688
34,MC_f_10,0.005560866032679617
35,MC_f_10,0.0055024785606848535
36,MC_f_10,0.005444704089656245
37,MC_f_10,0.005387536183573198
38,MC_f_10,0.005330968474305224
39,MC_f_10,0.005274994660756531
40,MC_f_10,0.005219608508082218
1,PL_f_10,0.3006098867803215
2,PL_f_10,0.14105468387531908
3,PL_f_10,0.06956217367392634
4,PL_f_10,0.037552049328431834
5,PL_f_10,0.023182594662877195
6,PL_f_10,0.01669500012042244
7,PL_f_10,0.01372945883004796
8,PL_f_10,0.012338249614230393
9,PL_f_10,0.011651214880814092
10,PL_f_10,0.011279575790755846
11,PL_f_10,0.011049605406624027
12,PL_f_10,0.010883656121705033
13,PL_f_10,0.010747010926269665
14,PL_f_10,0.010624138541518896
15,PL_f_10,0.010508083891353655
16,PL_f_10,0.010395726830262918
17,PL_f_10,0.010285662830429945
18,PL_f_10,0.010177255362407813
19,PL_f_10,0.0100702119986556
20,PL_f_10,0.009964394683505589
21,PL_f_10,0.009859734747447748
22,PL_f_10,0.00975619480064772
23,PL_f_10,0.009653751623358301
24,PL_f_10,0.009552388470001208
25,PL_f_10,0.009452091599243897
26,PL_f_10,0.009352848704465334
27,PL_f_10,0.009254648200724776
28,PL_f_10,0.00915747889888327
29,PL_f_10,0.009061329855386997
30,PL_f_10,0.008966190302142104
31,PL_f_10,0.008872049613134378
32,PL_f_10,0.008778897288040401
33,PL_f_10,0.008686722943774138
34,PL_f_10,0.008595516309785682
35,PL_f_10,0.008505267225161657
36,PL_f_10,0.00841596563660738
37,PL_f_10,0.008327601596871112
38,PL_f_10,0.008240165263396895
39,PL_f_10,0.008153646897100495
40,PL_f_10,0.00806803686121522
1,PIV_f_10,0.390134067204697
2,PIV_f_10,0.16918906275408707
3,PIV_f_10,0.07032415381444679
4,PIV_f_10,0.026199623136373543
5,PIV_f_10,0.006534463413026545
6,PIV_f_10,-0.0022015458423827816
7,PIV_f_10,-0.006053853213912144
8,PIV_f_10,-0.0077237693076660195
9,PIV_f_10,-0.008418472020331483
10,PIV_f_10,-0.00867753149934053
11,PIV_f_10,-0.00874218104521121
12,PIV_f_10,-0.008720309672051308
13,PIV_f_10,-0.008660191009709215
14,PIV_f_10,-0.008583436121276237
15,PIV_f_10,-0.00849972551544034
16,PIV_f_10,-0.008413397678601369
17,PIV_f_10,-0.008326397071487685
18,PIV_f_10,-0.008239594050530747
19,PIV_f_10,-0.008153376353860937
20,PIV_f_10,-0.008067914462036238
21,PIV_f_10,-0.007983280826752443
22,PIV_f_10,-0.00789950354664062
23,PIV_f_10,-0.007816590593569723
24,PIV_f_10,-0.007734540783281291
25,PIV_f_10,-0.007653348764407474
26,PIV_f_10,-0.007573007299457192
27,PIV_f_10,-0.007493508314638197
28,PIV_f_10,-0.007414843386935087
29,PIV_f_10,-0.007337003972216576
30,PIV_f_10,-0.007259981513156192
31,PIV_f_10,-0.007183767490796816
32,PIV_f_10,-0.00710835344936151
33,PIV_f_10,-0.007033731008180145
34,PIV_f_10,-0.006959891867310206
35,PIV_f_10,-0.006886827810017117
36,PIV_f_10,-0.0068145307036623
37,PIV_f_10,-0.0067429924997700185
38,PIV_f_10,-0.006672205233664389
39,PIV_f_10,-0.0066021610238792714
40,PIV_f_10,-0.006532852071447897
1,VOil_f_10,0.017271819338041186
2,VOil_f_10,0.026808413678788914
3,VOil_f_10,0.026167777218522384
4,VOil_f_10,0.025230905214228105
5,VOil_f_10,0.024485923754608962
6,VOil_f_10,0.023947063972176642
7,VOil_f_10,0.023545875604738274
8,VOil_f_10,0.02322380892578419
9,VOil_f_10,0.022944251175060618
10,VOil_f_10,0.022686989389547003
11,VOil_f_10,0.022441612782865904
12,VOil_f_10,0.02220300290088305
13,VOil_f_10,0.02196873091530987
14,VOil_f_10,0.021737677565815485
15,VOil_f_10,0.02150933915004888
16,VOil_f_10,0.021283491774265504
17,VOil_f_10,0.02106003413240876
18,VOil_f_10,0.020838916173691692
19,VOil_f_10,0.02062010786168992
20,VOil_f_10,0.020403586101144747
21,VOil_f_10,0.02018932962756334
22,VOil_f_10,0.019977317240021938
23,VOil_f_10,0.01976752735084388
24,VOil_f_10,0.01955993799868548
25,VOil_f_10,0.019354526986419207
26,VOil_f_10,0.019151272022698045
27,VOil_f_10,0.0189501508329489
28,VOil_f_10,0.0187511412370685
29,VOil_f_10,0.018554221200386953
30,VOil_f_10,0.01835936886557851
31,VOil_f_10,0.01816656257181744
32,VOil_f_10,0.01797578086571368
33,VOil_f_10,0.017787002507082136
34,VOil_f_10,0.017600206471522873
35,VOil_f_10,0.017415371951059307
36,VOil_f_10,0.017232478353607975
37,VOil_f_10,0.017051505301753252
38,VOil_f_10,0.01687243263111463
39,VOil_f_10,0.016695240388479707
40,VOil_f_10,0.016519908829806886
1,VNon_f_10,0.01719422703165269
2,VNon_f_10,0.022371510952638354
3,VNon_f_10,0.02368470727618673
4,VNon_f_10,0.024054694354345933
5,VNon_f_10,0.024058727177626978
6,VNon_f_10,0.023917771849193716
7,VNon_f_10,0.023718108219840568
8,VNon_f_10,0.023494307078771776
9,VNon_f_10,0.0232607328733495
10,VNon_f_10,0.02302364872231539
11,VNon_f_10,0.022785945975921394
12,VNon_f_10,0.022549040076176318
13,VNon_f_10,0.022313659964342113
14,VNon_f_10,0.02208019418350819
15,VNon_f_10,0.02184885235177978
16,VNon_f_10,0.021619745568229806
17,VNon_f_10,0.021392928887414127
18,VNon_f_10,0.021168424829881845
19,VNon_f_10,0.020946236830021506
20,VNon_f_10,0.020726357090089104
21,VNon_f_10,0.020508771222688776
22,VNon_f_10,0.020293461011854898
23,VNon_f_10,0.020080406059290182
24,VNon_f_10,0.019869584766181763
25,VNon_f_10,0.019660974918119398
26,VNon_f_10,0.019454554032835084
27,VNon_f_10,0.019250299566300824
28,VNon_f_10,0.01904818903433335
29,VNon_f_10,0.018848200083862288
30,VNon_f_10,0.018650310534250186
31,VNon_f_10,0.018454498400818562
32,VNon_f_10,0.018260741907815643
33,VNon_f_10,0.018069019495128395
34,VNon_f_10,0.017879309821294796
35,VNon_f_10,0.01769159176433321
36,VNon_f_10,0.017505844421288552
37,VNon_f_10,0.0173220471070283
38,VNon_f_10,0.0171401793526043
39,VNon_f_10,0.016960220903367153
40,VNon_f_10,0.01678215171694386
1,P_f_11,0.17928296806590688
2,P_f_11,0.08484182970285903
3,P_f_11,0.04254192597513188
4,P_f_11,0.023594030117922733
5,P_f_11,0.015078913739359306
6,P_f_11,0.011225418816755615
7,P_f_11,0.009455441897463378
8,P_f_11,0.008617179591784816
9,P_f_11,0.008195965157858899
10,P_f_11,0.00796177227669303
11,P_f_11,0.00781175744834504
12,P_f_11,0.007699917660569593
13,P_f_11,0.0076056608799382214
14,P_f_11,0.007519759997170231
15,P_f_11,0.007438073654498873
16,P_f_11,0.007358738050203407
17,P_f_11,0.007280910363905294
18,P_f_11,0.007204206074972457
19,P_f_11,0.00712844675871963
20,P_f_11,0.007053546901887893
21,P_f_11,0.00697946302338244
22,P_f_11,0.006906170753144954
23,P_f_11,0.006833654476897671
24,P_f_11,0.006761902640593857
25,P_f_11,0.006690905611033987
26,P_f_11,0.006620654695071705
27,P_f_11,0.006551141686361828
28,P_f_11,0.006482358653718526
29,P_f_11,0.006414297840944224
30,P_f_11,0.006346951618558328
31,P_f_11,0.006280312459960618
32,P_f_11,0.006214372929253087
33,P_f_11,0.006149125674711923
34,P_f_11,0.0060845634250472624
35,P_f_11,0.006020678987066316
36,P_f_11,0.0059574652440587865
37,P_f_11,0.005894915154563264
38,P_f_11,0.005833021751340125
39,P_f_11,0.00577177814045999
40,P_f_11,0.005711177500459389
1,PM_f_11,-0.17141064822280014
2,PM_f_11,-0.07454305037230034
3,PM_f_11,-0.031390026435625454
4,PM_f_11,-0.012160550863882779
5,PM_f_11,-0.003604279325056755
6,PM_f_11,0.00019113819158604362
7,PM_f_11,0.0018635572309055048
8,PM_f_11,0.0025896903798092075
9,PM_f_11,0.0028943287006109714
10,PM_f_11,0.0030114422510417026
11,PM_f_11,0.0030452967118128754
12,PM_f_11,0.0030423287593341094
13,PM_f_11,0.003023202819757589
14,PM_f_11,0.002997104083348353
15,PM_f_11,0.002968108625718859
16,PM_f_11,0.0029380208784542177
17,PM_f_11,0.0029076366057513726
18,PM_f_11,0.0028773045122531147
19,PM_f_11,0.0028471756462410736
20,PM_f_11,0.0028173139624165264
21,PM_f_11,0.0027877452199777508
22,PM_f_11,0.0027584785397515737
23,PM_f_11,0.0027295158667314996
24,PM_f_11,0.0027008560990143373
25,PM_f_11,0.0026724968745676053
26,PM_f_11,0.002644435335395553
27,PM_f_11,0.002616668448796194
28,PM_f_11,0.002589193138940756
29,PM_f_11,0.0025620063385370226
30,PM_f_11,0.0025351050076325102
31,PM_f_11,0.00250848613941448
32,PM_f_11,0.0024821467611913263
33,PM_f_11,0.0024560839338068938
34,PM_f_11,0.0024302947507013934
35,PM_f_11,0.0024047763370200607
36,PM_f_11,0.0023795258488653773
37,PM_f_11,0.0023545404726864594
38,PM_f_11,0.002329817424773602
39,PM_f_11,0.002305353950826478
40,PM_f_11,0.0022811473255717482
1,PH_f_11,0.17928028630582532
2,PH_f_11,0.08484935789896882
3,PH_f_11,0.04254596506456708
4,PH_f_11,0.023595641924736982
5,PH_f_11,0.015079119271007694
6,PH_f_11,0.011224875742666982
7,PH_f_11,0.009454521100923156
8,PH_f_11,0.008616076978443082
9,PH_f_11,0.008194780279522704
10,PH_f_11,0.007960554432982549
11,PH_f_11,0.007810530590619244
12,PH_f_11,0.00769869323821166
13,PH_f_11,0.00760444427506496
14,PH_f_11,0.007518553683165825
15,PH_f_11,0.007436878723690255
16,PH_f_11,0.007357554944499273
17,PH_f_11,0.00727973922116738
18,PH_f_11,0.0072030468920486045
19,PH_f_11,0.007127299467725229
20,PH_f_11,0.007052411405714004
21,PH_f_11,0.006978339212147852
22,PH_f_11,0.006905058511784959
23,PH_f_11,0.006832553688647748
24,PH_f_11,0.006760813188579434
25,PH_f_11,0.006689827378989564
26,PH_f_11,0.0066195875676611894
27,PH_f_11,0.006550085549316893
28,PH_f_11,0.006481313393894275
29,PH_f_11,0.006413263346337495
30,PH_f_11,0.006345927778309208
31,PH_f_11,0.006279299164346521
32,PH_f_11,0.006213370069679573
33,PH_f_11,0.006148133143702166
34,PH_f_11,0.00608358111623099
35,PH_f_11,0.006019706795168598
36,PH_f_11,0.005956503064888815
37,PH_f_11,0.0058939628850032165
38,PH_f_11,0.005832079289334116
39,PH_f_11,0.005770845385003135
40,PH_f_11,0.005710254351586981
1,Cg_f_11,3.2900032678864126e-7
2,Cg_f_11,-4.4206248936443104e-5
3,Cg_f_11,-2.4620330096733315e-5
4,Cg_f_11,-1.1546405706090717e-5
5,Cg_f_11,-4.065406721460107e-6
6,Cg_f_11,-9.685486752213474e-8
7,Cg_f_11,1.9102179434793947e-6
8,Cg_f_11,2.8871281815539057e-6
9,Cg_f_11,3.3429270760812353e-6
10,Cg_f_11,3.541704414933222e-6
11,Cg_f_11,3.6160305836071696e-6
12,Cg_f_11,3.6309786220111264e-6
13,Cg_f_11,3.617979974653513e-6
14,Cg_f_11,3.592035521631487e-6
15,Cg_f_11,3.5602388032506803e-6
16,Cg_f_11,3.5259196639435933e-6
17,Cg_f_11,3.4906316051055795e-6
18,Cg_f_11,3.45509524106909e-6
19,Cg_f_11,3.4196426676014177e-6
20,Cg_f_11,3.3844254766967153e-6
21,Cg_f_11,3.3495116633177796e-6
22,Cg_f_11,3.3149306019009417e-6
23,Cg_f_11,3.280693861323333e-6
24,Cg_f_11,3.246804817971783e-6
25,Cg_f_11,3.2132630893307635e-6
26,Cg_f_11,3.1800665773875113e-6
27,Cg_f_11,3.14721241042684e-6
28,Cg_f_11,3.11469737739682e-6
29,Cg_f_11,3.082518128506399e-6
30,Cg_f_11,3.050671268028394e-6
31,Cg_f_11,3.019153397306546e-6
32,Cg_f_11,2.9879611346943305e-6
33,Cg_f_11,2.9570911247649534e-6
34,Cg_f_11,2.926540042505003e-6
35,Cg_f_11,2.896304595147253e-6
36,Cg_f_11,2.8663815228833007e-6
37,Cg_f_11,2.836767599040094e-6
38,Cg_f_11,2.8074596299973747e-6
39,Cg_f_11,2.7784544549790417e-6
40,Cg_f_11,2.7497489457830054e-6
1,Cs_f_11,0.03192312974609717
2,Cs_f_11,0.015491506095972196
3,Cs_f_11,0.008343246505861832
4,Cs_f_11,0.005172180900173436
5,Cs_f_11,0.003759904475970899
6,Cs_f_11,0.003124377282114234
7,Cs_f_11,0.0028312031942692075
8,Cs_f_11,0.0026885123572328515
9,Cs_f_11,0.002611746263712518
10,Cs_f_11,0.002563759296217742
11,Cs_f_11,0.0025283079387297116
12,Cs_f_11,0.0024983341837728395
13,Cs_f_11,0.0024707985000681177
14,Cs_f_11,0.0024444082397978477
15,Cs_f_11,0.002418623356965594
16,Cs_f_11,0.002393223894883429
17,Cs_f_11,0.002368123483936846
18,Cs_f_11,0.0023432899235138593
19,Cs_f_11,0.0023187119799776656
20,Cs_f_11,0.002294385889012548
21,Cs_f_11,0.002270310110472454
22,Cs_f_11,0.0022464834473407704
23,Cs_f_11,0.002222904477903603
24,Cs_f_11,0.0021995714628706654
25,Cs_f_11,0.002176482398787969
26,Cs_f_11,0.0021536350979141626
27,Cs_f_11,0.0021310272569495295
28,Cs_f_11,0.00210865650721321
29,Cs_f_11,0.0020865204485114677
30,Cs_f_11,0.0020646166709788237
31,Cs_f_11,0.002042942768743421
32,Cs_f_11,0.0020214963482832545
33,Cs_f_11,0.002000275033431472
34,Cs_f_11,0.0019792764683062634
35,Cs_f_11,0.0019584983189720804
36,Cs_f_11,0.0019379382743327418
37,Cs_f_11,0.001917594046562883
38,Cs_f_11,0.0018974633712636872
39,Cs_f_11,0.0018775440074549259
40,Cs_f_11,0.0018578337374704921
1,CHg_f_11,6.579954261522252e-7
2,CHg_f_11,-8.841279414535608e-5
3,CHg_f_11,-4.92408258578215e-5
4,CHg_f_11,-2.3092889745070255e-5
5,CHg_f_11,-8.130841732726345e-6
6,CHg_f_11,-1.937114443167126e-7
7,CHg_f_11,3.820447637593074e-6
8,CHg_f_11,5.77427467536635e-6
9,CHg_f_11,6.685875533549105e-6
10,CHg_f_11,7.0834315565894624e-6
11,CHg_f_11,7.232084404069421e-6
12,CHg_f_11,7.261980592259675e-6
13,CHg_f_11,7.235983221109e-6
14,CHg_f_11,7.1840941515293634e-6
15,CHg_f_11,7.120500511780196e-6
16,CHg_f_11,7.051862013103227e-6
17,CHg_f_11,6.9812856687335895e-6
18,CHg_f_11,6.9102127121835765e-6
19,CHg_f_11,6.8393073372233056e-6
20,CHg_f_11,6.7688727288626335e-6
21,CHg_f_11,6.699044877486259e-6
22,CHg_f_11,6.629882532165963e-6
23,CHg_f_11,6.56140883073518e-6
24,CHg_f_11,6.49363052599155e-6
25,CHg_f_11,6.426546852902608e-6
26,CHg_f_11,6.3601536154298325e-6
27,CHg_f_11,6.294445070124629e-6
28,CHg_f_11,6.229414794862587e-6
29,CHg_f_11,6.1650560900401166e-6
30,CHg_f_11,6.1013621641810305e-6
31,CHg_f_11,6.03832621995096e-6
32,CHg_f_11,5.975941494035101e-6
33,CHg_f_11,5.9142012755582884e-6
34,CHg_f_11,5.8530989144723056e-6
35,CHg_f_11,5.792627825221509e-6
36,CHg_f_11,5.732781488168131e-6
37,CHg_f_11,5.673553449945302e-6
38,CHg_f_11,5.614937323291956e-6
39,CHg_f_11,5.55692678663556e-6
40,CHg_f_11,5.499515583551803e-6
1,CFg_f_11,2.3095311315389745e-7
2,CFg_f_11,1.302294375333484e-5
3,CFg_f_11,7.282042941706246e-6
4,CFg_f_11,3.4433501384815756e-6
5,CFg_f_11,1.2436730331006495e-6
6,CFg_f_11,7.53025487492134e-8
7,CFg_f_11,-5.163420826253224e-7
8,CFg_f_11,-8.04766951304504e-7
9,CFg_f_11,-9.396757591128671e-7
10,CFg_f_11,-9.98813430231352e-7
11,CFg_f_11,-1.0212387027124562e-6
12,CFg_f_11,-1.0261364162699335e-6
13,CFg_f_11,-1.0227783330142768e-6
14,CFg_f_11,-1.0155916246316422e-6
15,CFg_f_11,-1.0066707296405808e-6
16,CFg_f_11,-9.96999248740107e-7
17,CFg_f_11,-9.870362817582265e-7
18,CFg_f_11,-9.769949037106917e-7
19,CFg_f_11,-9.669733806736536e-7
20,CFg_f_11,-9.570166173906882e-7
21,CFg_f_11,-9.471447944402708e-7
22,CFg_f_11,-9.373666645548839e-7
23,CFg_f_11,-9.276857086759606e-7
24,CFg_f_11,-9.181029803434445e-7
25,CFg_f_11,-9.086184182314321e-7
26,CFg_f_11,-8.992314514594409e-7
27,CFg_f_11,-8.899412787843474e-7
28,CFg_f_11,-8.807469974835778e-7
29,CFg_f_11,-8.716476629428419e-7
30,CFg_f_11,-8.626423162628186e-7
31,CFg_f_11,-8.537299970764791e-7
32,CFg_f_11,-8.449097495062817e-7
33,CFg_f_11,-8.361806249256802e-7
34,CFg_f_11,-8.275416832235848e-7
35,CFg_f_11,-8.189919933625707e-7
36,CFg_f_11,-8.105306336010515e-7
37,CFg_f_11,-8.021566915540521e-7
38,CFg_f_11,-7.938692641756829e-7
39,CFg_f_11,-7.856674577033064e-7
40,CFg_f_11,-7.775503875828824e-7
1,CHs_f_11,0.03192826376695625
2,CHs_f_11,0.01515164673192778
3,CHs_f_11,0.008154117971718687
4,CHs_f_11,0.00508376583425104
5,CHs_f_11,0.003729135771410638
6,CHs_f_11,0.0031241916587718874
7,CHs_f_11,0.0028464839127975636
8,CHs_f_11,0.0027113190362051125
9,CHs_f_11,0.002638061781570697
10,CHs_f_11,0.0025916021371550435
11,CHs_f_11,0.00255671856236528
12,CHs_f_11,0.0025268547525997076
13,CHs_f_11,0.0024992135366191707
14,CHs_f_11,0.002472617947730019
15,CHs_f_11,0.0024465826482256846
16,CHs_f_11,0.002420913364664435
17,CHs_f_11,0.0023955357102619446
18,CHs_f_11,0.002370423042794493
19,CHs_f_11,0.0023455666899598686
20,CHs_f_11,0.0023209640562928064
21,CHs_f_11,0.0022966141255869247
22,CHs_f_11,0.002272515926838383
23,CHs_f_11,0.002248668127005206
24,CHs_f_11,0.0022250690122904396
25,CHs_f_11,0.002201716575755926
26,CHs_f_11,0.0021786086129591676
27,CHs_f_11,0.0021557427979444588
28,CHs_f_11,0.0021331167367682254
29,CHs_f_11,0.0021107280029127157
30,CHs_f_11,0.002088574159841569
31,CHs_f_11,0.0020666527749959532
32,CHs_f_11,0.002044961428303927
33,CHs_f_11,0.0020234977172563467
34,CHs_f_11,0.0020022592598687985
35,CHs_f_11,0.001981243696356766
36,CHs_f_11,0.0019604486900340764
37,CHs_f_11,0.0019398719277456185
38,CHs_f_11,0.0019195111200223495
39,CHs_f_11,0.0018993640010716607
40,CHs_f_11,0.0018794283286707636
1,CFs_f_11,-0.10145466368093474
2,CFs_f_11,4.251641675710027
3,CFs_f_11,2.3964347410443216
4,CFs_f_11,1.1449133731727643
5,CFs_f_11,0.4248883444763296
6,CFs_f_11,0.04151891947921176
7,CFs_f_11,-0.1529744357705262
8,CFs_f_11,-0.24797237691236848
9,CFs_f_11,-0.29253244293763137
10,CFs_f_11,-0.31217473132491813
11,CFs_f_11,-0.3197351242305056
12,CFs_f_11,-0.3215235012831466
13,CFs_f_11,-0.3205911913645373
14,CFs_f_11,-0.3183958469776806
15,CFs_f_11,-0.31562731265469374
16,CFs_f_11,-0.31260964947522035
17,CFs_f_11,-0.3094941514065083
18,CFs_f_11,-0.3063510537534493
19,CFs_f_11,-0.3032127587917424
20,CFs_f_11,-0.30009408272249566
21,CFs_f_11,-0.2970016931268901
22,CFs_f_11,-0.2939384912282366
23,CFs_f_11,-0.29090564089742843
24,CFs_f_11,-0.2879035061141049
25,CFs_f_11,-0.2849320835051469
26,CFs_f_11,-0.2819912017802136
27,CFs_f_11,-0.27908061369001885
28,CFs_f_11,-0.2762000384584764
29,CFs_f_11,-0.27334918138947517
30,CFs_f_11,-0.2705277429440689
31,CFs_f_11,-0.2677354229513025
32,CFs_f_11,-0.26497192256355906
33,CFs_f_11,-0.2622369451623002
34,CFs_f_11,-0.25953019677274775
35,CFs_f_11,-0.25685138624726545
36,CFs_f_11,-0.25420022533889763
37,CFs_f_11,-0.2515764287222679
38,CFs_f_11,-0.24897971398899524
39,CFs_f_11,-0.24640980163067866
40,CFs_f_11,-0.24386641501579007
1,L_f_11,-0.12038010010358502
2,L_f_11,-0.05879978577069726
3,L_f_11,-0.03013943939344556
4,L_f_11,-0.01717627594531419
5,L_f_11,-0.011299168400923546
6,L_f_11,-0.008616234302041703
7,L_f_11,-0.007371936051111014
8,L_f_11,-0.006775397556061061
9,L_f_11,-0.0064706323559848115
10,L_f_11,-0.006297492505101179
11,L_f_11,-0.006183951012072624
12,L_f_11,-0.006097612393462013
13,L_f_11,-0.006023900437944953
14,L_f_11,-0.005956250833336151
15,L_f_11,-0.005891702520859035
16,L_f_11,-0.005828915893500736
17,L_f_11,-0.005767281689531556
18,L_f_11,-0.0057065200867015475
19,L_f_11,-0.005646500170958685
20,L_f_11,-0.005587158531877459
21,L_f_11,-0.005528462486506262
22,L_f_11,-0.0054703934222619455
23,L_f_11,-0.005412939226536102
24,L_f_11,-0.005356090830592477
25,L_f_11,-0.005299840622547928
26,L_f_11,-0.005244181713158572
27,L_f_11,-0.005189107592896254
28,L_f_11,-0.005134611969836337
29,L_f_11,-0.005080688691837791
30,L_f_11,-0.005027331708446442
31,L_f_11,-0.004974535051761654
32,L_f_11,-0.004922292826493976
33,L_f_11,-0.004870599204554616
34,L_f_11,-0.0048194484219224775
35,L_f_11,-0.00476883477667966
36,L_f_11,-0.004718752627659666
37,L_f_11,-0.0046691963934244445
38,L_f_11,-0.004620160551422373
39,L_f_11,-0.004571639637248638
40,L_f_11,-0.004523628243965543
1,Y_f_11,0.05970333060415402
2,Y_f_11,0.024724665141048215
3,Y_f_11,0.010016991023452543
4,Y_f_11,0.0035666108480760183
5,Y_f_11,0.0007395617687693068
6,Y_f_11,-0.0004950622912389549
7,Y_f_11,-0.0010292868805472618
8,Y_f_11,-0.0012554229536779935
9,Y_f_11,-0.0013461312473535335
10,Y_f_11,-0.0013774162151326068
11,Y_f_11,-0.0013827224972636808
12,Y_f_11,-0.001376752016478235
13,Y_f_11,-0.0013659557500580969
14,Y_f_11,-0.0013531559912821193
15,Y_f_11,-0.0013395819412944073
16,Y_f_11,-0.0013257652852471126
17,Y_f_11,-0.0013119335359842571
18,Y_f_11,-0.0012981823351968255
19,Y_f_11,-0.001284550633106609
20,Y_f_11,-0.0012710533060894937
21,Y_f_11,-0.0012576951935643708
22,Y_f_11,-0.001244477068099936
23,Y_f_11,-0.0012313981310071874
24,Y_f_11,-0.0012184570284105006
25,Y_f_11,-0.001205652247795289
26,Y_f_11,-0.001192982261655301
27,Y_f_11,-0.001180445572006736
28,Y_f_11,-0.001168040718693921
29,Y_f_11,-0.0011557662762503862
30,Y_f_11,-0.0011436208484259648
31,Y_f_11,-0.0011316030633066836
32,Y_f_11,-0.0011197115696636017
33,Y_f_11,-0.0011079450344197528
34,Y_f_11,-0.0010963021409528802
35,Y_f_11,-0.001084781587970535
36,Y_f_11,-0.0010733820887587869
37,Y_f_11,-0.001062102370667865
38,Y_f_11,-0.00105094117474539
39,Y_f_11,-0.0010398972554605287
40,Y_f_11,-0.0010289693804838925
1,M_f_11,0.5802215305383567
2,M_f_11,0.26131316030602814
3,M_f_11,0.11976184195308023
4,M_f_11,0.056640095887576805
5,M_f_11,0.028471118011297182
6,M_f_11,0.01588164362954958
7,M_f_11,0.01023706591296906
8,M_f_11,0.0076885069603188135
9,M_f_11,0.006520238501397649
10,M_f_11,0.00596743949625333
11,M_f_11,0.005689198521656829
12,M_f_11,0.00553357821380701
13,M_f_11,0.005432877330495404
14,M_f_11,0.005356937789888568
15,M_f_11,0.005292330196774836
16,M_f_11,0.005233076662242585
17,M_f_11,0.005176516844897453
18,M_f_11,0.0051214664618140044
19,M_f_11,0.005067397381187042
20,M_f_11,0.005014072805875238
21,M_f_11,0.00496138509449551
22,M_f_11,0.004909283752414059
23,M_f_11,0.004857743511399226
24,M_f_11,0.004806750211108992
25,M_f_11,0.004756294572994856
26,M_f_11,0.00470636946570865
27,M_f_11,0.004656968710571588
28,M_f_11,0.00460808656363666
29,M_f_11,0.004559717493373926
30,M_f_11,0.004511856086545991
31,M_f_11,0.004464497009081072
32,M_f_11,0.0044176349901837424
33,M_f_11,0.004371264816044496
34,M_f_11,0.004325381327377928
35,M_f_11,0.004279979418401617
36,M_f_11,0.004235054036300788
37,M_f_11,0.004190600180818101
38,M_f_11,0.0041466129038463685
39,M_f_11,0.0041030873089925686
40,M_f_11,0.004060018551112544
1,V_f_11,-0.2532596302139063
2,V_f_11,-0.10043475759895716
3,V_f_11,-0.031200153292512717
4,V_f_11,-0.00029205257283910455
5,V_f_11,0.013424576176038901
6,V_f_11,0.019433736986291812
7,V_f_11,0.021988643084524598
8,V_f_11,0.022996124074681115
9,V_f_11,0.023310983909994566
10,V_f_11,0.023316452389752808
11,V_f_11,0.023184385987263266
12,V_f_11,0.022991885882476283
13,V_f_11,0.022773562711221204
14,V_f_11,0.02254496320229057
15,V_f_11,0.02231307401967103
16,V_f_11,0.02208103388695826
17,V_f_11,0.021850249167034454
18,V_f_11,0.02162134474725072
19,V_f_11,0.021394592086932673
20,V_f_11,0.021170102302069387
21,V_f_11,0.02094791349902728
22,V_f_11,0.020728030416265333
23,V_f_11,0.020510442500271175
24,V_f_11,0.020295132195632944
25,V_f_11,0.020082078774535106
26,V_f_11,0.019871260121298934
27,V_f_11,0.01966265357258181
28,V_f_11,0.019456236317545245
29,V_f_11,0.019251985590725742
30,V_f_11,0.019049878765970234
31,V_f_11,0.01884989340243823
32,V_f_11,0.01865200726698787
33,V_f_11,0.01845619834471506
34,V_f_11,0.01826244484343889
35,V_f_11,0.018070725195038183
36,V_f_11,0.01788101805512403
37,V_f_11,0.017693302301822294
38,V_f_11,0.017507557034077276
39,V_f_11,0.017323761569698917
40,V_f_11,0.017141895443275608
1,MC_f_11,0.1792802902978685
2,MC_f_11,0.08484932930710694
3,MC_f_11,0.042545945740856995
4,MC_f_11,0.023595629455986124
5,MC_f_11,0.015079110959413972
6,MC_f_11,0.0112248697331721
7,MC_f_11,0.009454516306438624
8,MC_f_11,0.00861607281190559
9,MC_f_11,0.008194776439106464
10,MC_f_11,0.007960550768381317
11,MC_f_11,0.007810527028544627
12,MC_f_11,0.007698689743390844
13,MC_f_11,0.007604440830610337
14,MC_f_11,0.007518550280953728
15,MC_f_11,0.007436875359732541
16,MC_f_11,0.0073575516167462595
17,MC_f_11,0.007279735928474838
18,MC_f_11,0.007203043633695245
19,MC_f_11,0.007127296243188273
20,MC_f_11,0.007052408214565004
21,MC_f_11,0.006978336054004341
22,MC_f_11,0.006905055386287941
23,MC_f_11,0.0068325505954511916
24,MC_f_11,0.0067608101273453096
25,MC_f_11,0.006689824349385483
26,MC_f_11,0.006619584569359253
27,MC_f_11,0.006550082581993122
28,MC_f_11,0.006481310457228307
29,MC_f_11,0.006413260440012419
30,MC_f_11,0.006345924902011466
31,MC_f_11,0.006279296317765826
32,MC_f_11,0.0062133672525088715
33,MC_f_11,0.0061481303556375835
34,MC_f_11,0.006083578356971806
35,MC_f_11,0.006019704064417197
36,MC_f_11,0.005956500362350663
37,MC_f_11,0.00589396021038682
38,MC_f_11,0.005832076642350997
39,MC_f_11,0.005770842765367794
40,MC_f_11,0.005710251759016867
1,PL_f_11,0.3006092956390137
2,PL_f_11,0.14110892919490717
3,PL_f_11,0.0695926692896586
4,PL_f_11,0.03756663424846107
5,PL_f_11,0.023188059029957474
6,PL_f_11,0.016695620186317997
7,PL_f_11,0.013727625708862375
8,PL_f_11,0.012335219856163575
9,PL_f_11,0.011647624241565027
10,PL_f_11,0.011275737830152692
11,PL_f_11,0.011045671937563924
12,PL_f_11,0.010879699576931159
13,PL_f_11,0.010743065408835779
14,PL_f_11,0.01062021986865998
15,PL_f_11,0.010504199237051927
16,PL_f_11,0.010391879312778716
17,PL_f_11,0.010281853676418203
18,PL_f_11,0.010173484921135833
19,PL_f_11,0.010066480214897235
20,PL_f_11,0.009960701317163109
21,PL_f_11,0.009856079475238522
22,PL_f_11,0.009752577263076762
23,PL_f_11,0.009650171446377137
24,PL_f_11,0.009548845274978112
25,PL_f_11,0.009448585007543314
26,PL_f_11,0.009349378339542237
27,PL_f_11,0.009251213689073046
28,PL_f_11,0.009154079870455132
29,PL_f_11,0.009057965943767819
30,PL_f_11,0.00896286114461181
31,PL_f_11,0.008868754850676164
32,PL_f_11,0.008775636565324917
33,PL_f_11,0.008683495909132241
34,PL_f_11,0.008592322615175977
35,PL_f_11,0.008502106526135674
36,PL_f_11,0.008412837592273799
37,PL_f_11,0.008324505869859715
38,PL_f_11,0.008237101519822564
39,PL_f_11,0.008150614806527382
40,PL_f_11,0.008065036096621235
1,PIV_f_11,0.39013424681746045
2,PIV_f_11,0.16917741467216912
3,PIV_f_11,0.0703174559407244
4,PIV_f_11,0.026196271223033373
5,PIV_f_11,0.006533039224776915
6,PIV_f_11,-0.0022019422744604237
7,PIV_f_11,-0.006053727146248807
8,PIV_f_11,-0.007723386848848719
9,PIV_f_11,-0.008417967966334474
10,PIV_f_11,-0.008676972369952091
11,PIV_f_11,-0.008741599057145359
12,PIV_f_11,-0.00871972020458232
13,PIV_f_11,-0.008659601313965898
14,PIV_f_11,-0.008582849572558737
15,PIV_f_11,-0.00849914365805013
16,PIV_f_11,-0.008412821198078894
17,PIV_f_11,-0.00832582625292588
18,PIV_f_11,-0.008239028993212286
19,PIV_f_11,-0.008152817071275267
20,PIV_f_11,-0.008067360928310629
21,PIV_f_11,-0.007982732998147949
22,PIV_f_11,-0.007898961371485507
23,PIV_f_11,-0.007816054016844556
24,PIV_f_11,-0.007734009748733974
25,PIV_f_11,-0.007652823215528305
26,PIV_f_11,-0.0075724871799276935
27,PIV_f_11,-0.007492993568536722
28,PIV_f_11,-0.007414333958829801
29,PIV_f_11,-0.007336499807206094
30,PIV_f_11,-0.007259482556885793
31,PIV_f_11,-0.007183273689463202
32,PIV_f_11,-0.007107864749712165
33,PIV_f_11,-0.007033247357510131
34,PIV_f_11,-0.006959413213457757
35,PIV_f_11,-0.0068863541013586636
36,PIV_f_11,-0.0068140618891072355
37,PIV_f_11,-0.006742528528755361
38,PIV_f_11,-0.006671746056149437
39,PIV_f_11,-0.006601706590340247
40,PIV_f_11,-0.006532402332872641
1,VOil_f_11,-0.25290018582102597
2,VOil_f_11,-0.08019731333918788
3,VOil_f_11,-0.019881906719322707
4,VOil_f_11,0.005061899051262035
5,VOil_f_11,0.015360675141446588
6,VOil_f_11,0.01955436391817273
7,VOil_f_11,0.021189911363367744
8,VOil_f_11,0.021749185252139168
9,VOil_f_11,0.021854378871381662
10,VOil_f_11,0.021767919100373075
11,VOil_f_11,0.021600970855495297
12,VOil_f_11,0.021400824724170868
13,VOil_f_11,0.02118768427421456
14,VOil_f_11,0.020970217005894583
15,VOil_f_11,0.020752155109936568
16,VOil_f_11,0.02053510892821426
17,VOil_f_11,0.020319771443635937
18,VOil_f_11,0.02010643645131288
19,VOil_f_11,0.019895222714934355
20,VOil_f_11,0.019686171570709846
21,VOil_f_11,0.019479289763127232
22,VOil_f_11,0.019274568426150555
23,VOil_f_11,0.019071991593540522
24,VOil_f_11,0.01887154006913825
25,VOil_f_11,0.018673193216844887
26,VOil_f_11,0.018476929804571496
27,VOil_f_11,0.018282728410594307
28,VOil_f_11,0.018090567623441862
29,VOil_f_11,0.017900426142164486
30,VOil_f_11,0.017712282827365578
31,VOil_f_11,0.017526116727282607
32,VOil_f_11,0.017341907090913298
33,VOil_f_11,0.01715963337426156
34,VOil_f_11,0.016979275242856688
35,VOil_f_11,0.016800812572221473
36,VOil_f_11,0.016624225447198788
37,VOil_f_11,0.016449494160638997
38,VOil_f_11,0.016276599211730487
39,VOil_f_11,0.016105521304133123
40,VOil_f_11,0.015936241344006723
1,VNon_f_11,-0.2532447744448622
2,VNon_f_11,-0.09960988767786139
3,VNon_f_11,-0.030738924395322244
4,VNon_f_11,-7.397205819075254e-5
5,VNon_f_11,0.013503326806525594
6,VNon_f_11,0.019438482129330897
7,VNon_f_11,0.021955913181636824
8,VNon_f_11,0.022945125344646097
9,VNon_f_11,0.023251440188701084
10,VNon_f_11,0.02325316308178393
11,VNon_f_11,0.02311967648474024
12,VNon_f_11,0.022926866394112996
13,VNon_f_11,0.022708756164488197
14,VNon_f_11,0.02248061210366193
15,VNon_f_11,0.02224928821191234
16,VNon_f_11,0.022017860910595648
17,VNon_f_11,0.021787707482746558
18,VNon_f_11,0.021559439319333722
19,VNon_f_11,0.021333321655423305
20,VNon_f_11,0.021109462762711886
21,VNon_f_11,0.020887899469330326
22,VNon_f_11,0.020668635959354704
23,VNon_f_11,0.020451661458810562
24,VNon_f_11,0.020236958345577774
25,VNon_f_11,0.02002450589574887
26,VNon_f_11,0.019814282029828437
27,VNon_f_11,0.01960626413524817
28,VNon_f_11,0.019400429458371317
29,VNon_f_11,0.019196755293589305
30,VNon_f_11,0.01899521907550849
31,VNon_f_11,0.018795798424140517
32,VNon_f_11,0.018598471166911067
33,VNon_f_11,0.01840321534902403
34,VNon_f_11,0.018210009237866896
35,VNon_f_11,0.018018831324311948
36,VNon_f_11,0.017829660322374676
37,VNon_f_11,0.017642475167992496
38,VNon_f_11,0.017457255017329493
39,VNon_f_11,0.017273979244827202
40,VNon_f_11,0.01709262744112207
1,P_f_12,0.23765328640766017
2,P_f_12,0.11101354488739593
3,P_f_12,0.054311909898903374
4,P_f_12,0.028931079290940753
5,P_f_12,0.017542305785210023
6,P_f_12,0.012404736425374239
7,P_f_12,0.010060548973274306
8,P_f_12,0.008965070011811642
9,P_f_12,0.008428193297472943
10,P_f_12,0.008141551965076113
11,P_f_12,0.00796732166486625
12,P_f_12,0.007843880116103995
13,P_f_12,0.007743661332480772
14,P_f_12,0.007654324427848797
15,P_f_12,0.007570337798792927
16,P_f_12,0.0074892169101995676
17,P_f_12,0.00740984176139666
18,P_f_12,0.007331704025143893
19,P_f_12,0.007254569937337148
20,P_f_12,0.007178329207511752
21,P_f_12,0.007102927218661455
22,P_f_12,0.007028334553160489
23,P_f_12,0.006954533266463652
24,P_f_12,0.006881510687187645
25,P_f_12,0.006809256606499277
26,P_f_12,0.006737761997894523
27,P_f_12,0.006667018430412247
28,P_f_12,0.00659701779746028
29,P_f_12,0.00652775219011349
30,P_f_12,0.006459213837022817
31,P_f_12,0.006391395075313374
32,P_f_12,0.0063242883360592516
33,P_f_12,0.006257886136706623
34,P_f_12,0.006192181076861417
35,P_f_12,0.006127165835736258
36,P_f_12,0.00606283317043302
37,P_f_12,0.005999175914656447
38,P_f_12,0.005936186977656363
39,P_f_12,0.005873859343295172
40,P_f_12,0.005812186069186866
1,PM_f_12,-0.01776749147405015
2,PM_f_12,-0.005911619694173617
3,PM_f_12,-0.0007289442296916091
4,PM_f_12,0.0015474093771180569
5,PM_f_12,0.002534432591336699
6,PM_f_12,0.0029502644764938346
7,PM_f_12,0.0031136467159622737
8,PM_f_12,0.0031658729444645384
9,PM_f_12,0.003169455653027541
10,PM_f_12,0.003151976012794382
11,PM_f_12,0.003125556225751985
12,PM_f_12,0.0030954953380547194
13,PM_f_12,0.003064091935151397
14,PM_f_12,0.0030323318509710606
15,PM_f_12,0.0030006306064926727
16,PM_f_12,0.002969158401275371
17,PM_f_12,0.002937981401716047
18,PM_f_12,0.002907122578019475
19,PM_f_12,0.0028765875428187694
20,PM_f_12,0.0028463753062864822
21,PM_f_12,0.0028164826166312464
22,PM_f_12,0.0027869056253588594
23,PM_f_12,0.0027576404695572178
24,PM_f_12,0.002728683436501954
25,PM_f_12,0.002700030980689249
26,PM_f_12,0.0026716796979808968
27,PM_f_12,0.002643626294198555
28,PM_f_12,0.0026158675592796482
29,PM_f_12,0.0025884003486710268
30,PM_f_12,0.0025612215707662865
31,PM_f_12,0.0025343281787051602
32,PM_f_12,0.0025077171651050824
33,PM_f_12,0.0024813855586849295
34,PM_f_12,0.002455330422079123
35,PM_f_12,0.002429548850388328
36,PM_f_12,0.0024040379701810643
37,PM_f_12,0.0023787949387695903
38,PM_f_12,0.0023538169436521012
39,PM_f_12,0.002329101202055858
40,PM_f_12,0.0023046449605418954
1,PH_f_12,0.2376532902155749
2,PH_f_12,0.1110136274692117
3,PH_f_12,0.05431195180447098
4,PH_f_12,0.02893109485016348
5,PH_f_12,0.01754230655330105
6,PH_f_12,0.012404729464563476
7,PH_f_12,0.010060538165145778
8,PH_f_12,0.008965057375234687
9,PH_f_12,0.00842817984770973
10,PH_f_12,0.008141538201075016
11,PH_f_12,0.007967307827579439
12,PH_f_12,0.00784386632011459
13,PH_f_12,0.007743647631368291
14,PH_f_12,0.007654310846068931
15,PH_f_12,0.007570324347020405
16,PH_f_12,0.007489203592637337
17,PH_f_12,0.007409828579229943
18,PH_f_12,0.007331690978161775
19,PH_f_12,0.007254557024689699
20,PH_f_12,0.007178316428061864
21,PH_f_12,0.0071029145711476215
22,PH_f_12,0.007028322036271827
23,PH_f_12,0.006954520878874298
24,PH_f_12,0.006881498427572443
25,PH_f_12,0.006809244473540875
26,PH_f_12,0.0067377499902865085
27,PH_f_12,0.006667006546860513
28,PH_f_12,0.006597006036683554
29,PH_f_12,0.0065277405508434964
30,PH_f_12,0.006459202318004283
31,PH_f_12,0.006391383675303951
32,PH_f_12,0.006324277053829403
33,PH_f_12,0.006257874971039511
34,PH_f_12,0.006192170026552771
35,PH_f_12,0.006127154899594247
36,PH_f_12,0.006062822347278129
37,PH_f_12,0.005999165203321346
38,PH_f_12,0.005936176376985782
39,PH_f_12,0.005873848852145776
40,PH_f_12,0.005812175686427134
1,Cg_f_12,4.3009033900156227e-7
2,Cg_f_12,-5.12695772831739e-6
3,Cg_f_12,-2.6711582706311975e-6
4,Cg_f_12,-1.061527462121952e-6
5,Cg_f_12,-1.4950231023371248e-7
6,Cg_f_12,3.3065294005854357e-7
7,Cg_f_12,5.713185940491908e-7
8,Cg_f_12,6.866426160965097e-7
9,Cg_f_12,7.386576192506295e-7
10,Cg_f_12,7.59461668287461e-7
11,Cg_f_12,7.651562571189932e-7
12,Cg_f_12,7.636487426937183e-7
13,Cg_f_12,7.58763229662581e-7
14,Cg_f_12,7.523278312708143e-7
15,Cg_f_12,7.452085896328965e-7
16,Cg_f_12,7.378127286719832e-7
17,Cg_f_12,7.303304539277294e-7
18,Cg_f_12,7.22849988235023e-7
19,Cg_f_12,7.154118794035413e-7
20,Cg_f_12,7.080344824156844e-7
21,Cg_f_12,7.007258578238678e-7
22,Cg_f_12,6.934893056649645e-7
23,Cg_f_12,6.863259311735144e-7
24,Cg_f_12,6.792358313751441e-7
25,Cg_f_12,6.722186428135174e-7
26,Cg_f_12,6.652737940252512e-7
27,Cg_f_12,6.584006218083854e-7
28,Cg_f_12,6.515984247344096e-7
29,Cg_f_12,6.448664877662805e-7
30,Cg_f_12,6.382040935752732e-7
31,Cg_f_12,6.316105277319418e-7
32,Cg_f_12,6.250850810726065e-7
33,Cg_f_12,6.186270507611139e-7
34,Cg_f_12,6.122357407462771e-7
35,Cg_f_12,6.05910461938455e-7
36,Cg_f_12,5.996505322550828e-7
37,Cg_f_12,5.934552766048191e-7
38,Cg_f_12,5.873240268428956e-7
39,Cg_f_12,5.81256121713003e-7
40,Cg_f_12,5.75250906782994e-7
1,Cs_f_12,-0.026102888323791183
2,Cs_f_12,-0.01448134764773009
3,Cs_f_12,-0.005395192673923661
4,Cs_f_12,-0.0009338870357630167
5,Cs_f_12,0.0012065497733238343
6,Cs_f_12,0.0022123749543262123
7,Cs_f_12,0.002672353025661858
8,Cs_f_12,0.0028725115732831067
9,Cs_f_12,0.00294991684032178
10,Cs_f_12,0.002969656616358797
11,Cs_f_12,0.002962453010611177
12,Cs_f_12,0.002942753180121902
13,Cs_f_12,0.0029173383367881323
14,Cs_f_12,0.002889390705191903
15,Cs_f_12,0.0028604053813146542
16,Cs_f_12,0.002831086422568881
17,Cs_f_12,0.002801766309048356
18,Cs_f_12,0.0027726023567078224
19,Cs_f_12,0.0027436688653269233
20,Cs_f_12,0.002715000506386159
21,Cs_f_12,0.0026866128630864184
22,Cs_f_12,0.0026585122257114977
23,Cs_f_12,0.0026307003069032816
24,Cs_f_12,0.0026031765375432643
25,Cs_f_12,0.0025759391996532624
26,Cs_f_12,0.0025489859938882136
27,Cs_f_12,0.0025223143284576893
28,Cs_f_12,0.00249592146871247
29,Cs_f_12,0.0024698046158832193
30,Cs_f_12,0.002443960949167569
31,Cs_f_12,0.0024183876485225223
32,Cs_f_12,0.002393081907125753
33,Cs_f_12,0.0023680409382165384
34,Cs_f_12,0.0023432619788350223
35,Cs_f_12,0.0023187422918281983
36,Cs_f_12,0.0022944791668772163
37,Cs_f_12,0.0022704699209675147
38,Cs_f_12,0.0022467118985398495
39,Cs_f_12,0.0022232024714580155
40,Cs_f_12,0.002199939038871222
1,CHg_f_12,8.60180677827172e-7
2,CHg_f_12,-1.0253915456759904e-5
3,CHg_f_12,-5.342316541347521e-6
4,CHg_f_12,-2.1230549243008056e-6
5,CHg_f_12,-2.9900462050652977e-7
6,CHg_f_12,6.613058800884176e-7
7,CHg_f_12,1.1426371880755412e-6
8,CHg_f_12,1.3732852321733434e-6
9,CHg_f_12,1.4773152384832906e-6
10,CHg_f_12,1.5189233365578952e-6
11,CHg_f_12,1.530312514221506e-6
12,CHg_f_12,1.527297485371306e-6
13,CHg_f_12,1.5175264593092846e-6
14,CHg_f_12,1.5046556625259571e-6
15,CHg_f_12,1.490417179250301e-6
16,CHg_f_12,1.4756254573286437e-6
17,CHg_f_12,1.4606609078402965e-6
18,CHg_f_12,1.4456999764550419e-6
19,CHg_f_12,1.4308237587922326e-6
20,CHg_f_12,1.4160689648166723e-6
21,CHg_f_12,1.4014517156331897e-6
22,CHg_f_12,1.386978611315533e-6
23,CHg_f_12,1.37265186233278e-6
24,CHg_f_12,1.3584716627361859e-6
25,CHg_f_12,1.3444372856130774e-6
26,CHg_f_12,1.3305475880366878e-6
27,CHg_f_12,1.3168012436030978e-6
28,CHg_f_12,1.3031968494552861e-6
29,CHg_f_12,1.2897329755191674e-6
30,CHg_f_12,1.27640818713729e-6
31,CHg_f_12,1.2632210554507633e-6
32,CHg_f_12,1.2501701621322274e-6
33,CHg_f_12,1.2372541015093756e-6
34,CHg_f_12,1.2244714814798334e-6
35,CHg_f_12,1.2118209238643198e-6
36,CHg_f_12,1.1993010644977044e-6
37,CHg_f_12,1.1869105531973052e-6
38,CHg_f_12,1.1746480536735848e-6
39,CHg_f_12,1.1625122434139246e-6
40,CHg_f_12,1.150501813554031e-6
1,CFg_f_12,2.31579846845469e-7
2,CFg_f_12,1.3023945900054867e-5
3,CFg_f_12,7.282601079607591e-6
4,CFg_f_12,3.4436118931702166e-6
5,CFg_f_12,1.243765195062711e-6
6,CFg_f_12,7.530474444789997e-8
7,CFg_f_12,-5.163853868589123e-7
8,CFg_f_12,-8.048324018944499e-7
9,CFg_f_12,-9.39751542571094e-7
10,CFg_f_12,-9.988937199315347e-7
11,CFg_f_12,-1.0213206773719154e-6
12,CFg_f_12,-1.0262187297985533e-6
13,CFg_f_12,-1.0228603518663839e-6
14,CFg_f_12,-1.0156730553284597e-6
15,CFg_f_12,-1.0067514395124435e-6
16,CFg_f_12,-9.97079180604245e-7
17,CFg_f_12,-9.871154136494303e-7
18,CFg_f_12,-9.770732299999312e-7
19,CFg_f_12,-9.67050903260442e-7
20,CFg_f_12,-9.570933416110987e-7
21,CFg_f_12,-9.47220727171808e-7
22,CFg_f_12,-9.374418133409664e-7
23,CFg_f_12,-9.277600813222691e-7
24,CFg_f_12,-9.181765847322022e-7
25,CFg_f_12,-9.086912622361917e-7
26,CFg_f_12,-8.993035429061933e-7
27,CFg_f_12,-8.900126254339823e-7
28,CFg_f_12,-8.80817607024189e-7
29,CFg_f_12,-8.717175429865868e-7
30,CFg_f_12,-8.627114743448737e-7
31,CFg_f_12,-8.537984406549732e-7
32,CFg_f_12,-8.449774859626825e-7
33,CFg_f_12,-8.362476615653886e-7
34,CFg_f_12,-8.276080272766254e-7
35,CFg_f_12,-8.190576519843207e-7
36,CFg_f_12,-8.105956138729888e-7
37,CFg_f_12,-8.022210004845072e-7
38,CFg_f_12,-7.939329087005876e-7
39,CFg_f_12,-7.857304446869382e-7
40,CFg_f_12,-7.77612723818602e-7
1,CHs_f_12,-0.025756135358759674
2,CHs_f_12,-0.018615008494644383
3,CHs_f_12,-0.007548839575095154
4,CHs_f_12,-0.0017897526108785712
5,CHs_f_12,0.0010860136816602643
6,CHs_f_12,0.0024789688210969368
7,CHs_f_12,0.003132985949197909
8,CHs_f_12,0.0034261256116965605
9,CHs_f_12,0.0035454684696402078
10,CHs_f_12,0.0035819816970445242
11,CHs_f_12,0.003579369391966663
12,CHs_f_12,0.00355845409592569
13,CHs_f_12,0.003529100242774609
14,CHs_f_12,0.003495963991326117
15,CHs_f_12,0.003461238692492958
16,CHs_f_12,0.0034259567319532397
17,CHs_f_12,0.0033906039448698124
18,CHs_f_12,0.0033554087777138367
19,CHs_f_12,0.003320478222327174
20,CHs_f_12,0.0032858617490696502
21,CHs_f_12,0.00325158144003756
22,CHs_f_12,0.0032176462461986064
23,CHs_f_12,0.0031840587712982315
24,CHs_f_12,0.0031508185244435373
25,CHs_f_12,0.0031179234946141035
26,CHs_f_12,0.003085370921715067
27,CHs_f_12,0.0030531576792411828
28,CHs_f_12,0.003021280467007959
29,CHs_f_12,0.0029897359097388254
30,CHs_f_12,0.0029585206082765186
31,CHs_f_12,0.0029276311665607665
32,CHs_f_12,0.002897064205997543
33,CHs_f_12,0.0028668163731560958
34,CHs_f_12,0.002836884343876991
35,CHs_f_12,0.002807264825420482
36,CHs_f_12,0.0027779545575305205
37,CHs_f_12,0.002748950312892094
38,CHs_f_12,0.002720248897246279
39,CHs_f_12,0.0026918471493110807
40,CHs_f_12,0.0026637419405919935
1,CFs_f_12,2.3326610920002867e-7
2,CFs_f_12,1.302394590033189e-5
3,CFs_f_12,7.282601079760546e-6
4,CFs_f_12,3.443611893243545e-6
5,CFs_f_12,1.2437651950912093e-6
6,CFs_f_12,7.530474445283904e-8
7,CFs_f_12,-5.163853868658134e-7
8,CFs_f_12,-8.048324019070931e-7
9,CFs_f_12,-9.397515425864196e-7
10,CFs_f_12,-9.988937199480421e-7
11,CFs_f_12,-1.0213206773888843e-6
12,CFs_f_12,-1.026218729815641e-6
13,CFs_f_12,-1.0228603518834317e-6
14,CFs_f_12,-1.0156730553453928e-6
15,CFs_f_12,-1.0067514395292293e-6
16,CFs_f_12,-9.970791806208688e-7
17,CFs_f_12,-9.871154136658864e-7
18,CFs_f_12,-9.770732300162184e-7
19,CFs_f_12,-9.6705090327656e-7
20,CFs_f_12,-9.57093341627049e-7
21,CFs_f_12,-9.472207271875921e-7
22,CFs_f_12,-9.374418133565855e-7
23,CFs_f_12,-9.277600813377253e-7
24,CFs_f_12,-9.181765847474968e-7
25,CFs_f_12,-9.08691262251327e-7
26,CFs_f_12,-8.993035429211698e-7
27,CFs_f_12,-8.900126254488024e-7
28,CFs_f_12,-8.808176070388542e-7
29,CFs_f_12,-8.717175430010987e-7
30,CFs_f_12,-8.627114743592344e-7
31,CFs_f_12,-8.537984406691834e-7
32,CFs_f_12,-8.449774859767444e-7
33,CFs_f_12,-8.362476615793038e-7
34,CFs_f_12,-8.276080272903953e-7
35,CFs_f_12,-8.190576519979467e-7
36,CFs_f_12,-8.105956138864729e-7
37,CFs_f_12,-8.022210004978503e-7
38,CFs_f_12,-7.93932908713791e-7
39,CFs_f_12,-7.857304447000033e-7
40,CFs_f_12,-7.776127238315315e-7
1,L_f_12,-0.10116084517584822
2,L_f_12,-0.05445095325887109
3,L_f_12,-0.03302306454303742
4,L_f_12,-0.023321024596524416
5,L_f_12,-0.018884843642580366
6,L_f_12,-0.016810870464937264
7,L_f_12,-0.01579590160851004
8,L_f_12,-0.015255708150500355
9,L_f_12,-0.014928638924677936
10,L_f_12,-0.014697621151735943
11,L_f_12,-0.014510320587626562
12,L_f_12,-0.014343364347555903
13,L_f_12,-0.014186322940924024
14,L_f_12,-0.014034545156038584
15,L_f_12,-0.013885956021458217
16,L_f_12,-0.013739627376595362
17,L_f_12,-0.01359514057122622
18,L_f_12,-0.013452302776136148
19,L_f_12,-0.013311020952044656
20,L_f_12,-0.013171246003192881
21,L_f_12,-0.013032948114351708
22,L_f_12,-0.012896105907967142
23,L_f_12,-0.012760701705966897
24,L_f_12,-0.012626719476215627
25,L_f_12,-0.012494143952533964
26,L_f_12,-0.012362960263507408
27,L_f_12,-0.012233153779336071
28,L_f_12,-0.012104710050581426
29,L_f_12,-0.011977614784695478
30,L_f_12,-0.01185185383749111
31,L_f_12,-0.011727413210142151
32,L_f_12,-0.011604279047979197
33,L_f_12,-0.011482437639691806
34,L_f_12,-0.011361875416481518
35,L_f_12,-0.01124257895105995
36,L_f_12,-0.01112453495650245
37,L_f_12,-0.011007730284996289
38,L_f_12,-0.010892151926520823
39,L_f_12,-0.010777787007488368
40,L_f_12,-0.010664622789365611
1,Y_f_12,-0.007716901432871565
2,Y_f_12,-0.009800844240249247
3,Y_f_12,-0.010353809817482318
4,Y_f_12,-0.010509571024666943
5,Y_f_12,-0.010507891690553738
6,Y_f_12,-0.010443212156246
7,Y_f_12,-0.010353273481035331
8,Y_f_12,-0.01025337059538269
9,Y_f_12,-0.010149802503991525
10,Y_f_12,-0.010045215088119726
11,Y_f_12,-0.009940746625634267
12,Y_f_12,-0.009836900111791193
13,Y_f_12,-0.009733903544350227
14,Y_f_12,-0.009631861840035338
15,Y_f_12,-0.009530822642095513
16,Y_f_12,-0.009430805804698471
17,Y_f_12,-0.009331817136674645
18,Y_f_12,-0.009233855089431892
19,Y_f_12,-0.009136914153709265
20,Y_f_12,-0.009040986653373596
21,Y_f_12,-0.008946063724170443
22,Y_f_12,-0.00885213586148328
23,Y_f_12,-0.008759193232565937
24,Y_f_12,-0.008667225856718499
25,Y_f_12,-0.008576223710010903
26,Y_f_12,-0.00848617678632364
27,Y_f_12,-0.008397075132874039
28,Y_f_12,-0.0083089088707557
29,Y_f_12,-0.008221668206644743
30,Y_f_12,-0.008135343439290399
31,Y_f_12,-0.008049924962924018
32,Y_f_12,-0.007965403268848066
33,Y_f_12,-0.007881768945951707
34,Y_f_12,-0.007799012680595097
35,Y_f_12,-0.007717125256124231
36,Y_f_12,-0.007636097552171377
37,Y_f_12,-0.007555920543832887
38,Y_f_12,-0.007476585300778723
39,Y_f_12,-0.007398082986325787
40,Y_f_12,-0.007320404856494013
1,M_f_12,0.3713951071116672
2,M_f_12,0.16374836604353804
3,M_f_12,0.07134212040538492
4,M_f_12,0.03013538709765898
5,M_f_12,0.011767885003278493
6,M_f_12,0.0035897286850028686
7,M_f_12,-4.2289692708254514e-5
8,M_f_12,-0.0016459142388296538
9,M_f_12,-0.002344544573656206
10,M_f_12,-0.0026394702718253046
11,M_f_12,-0.00275439394063497
12,M_f_12,-0.0027891494797416005
13,M_f_12,-0.0027882927539228755
14,M_f_12,-0.002771709507319043
15,M_f_12,-0.002748274701407985
16,M_f_12,-0.002721948618535103
17,M_f_12,-0.0026944976997115085
18,M_f_12,-0.002666709003843772
19,M_f_12,-0.0026389323299955358
20,M_f_12,-0.00261132223762006
21,M_f_12,-0.002583946104058898
22,M_f_12,-0.0025568323769265865
23,M_f_12,-0.0025299921246900803
24,M_f_12,-0.002503428663769359
25,M_f_12,-0.00247714186036598
26,M_f_12,-0.0024511300533756933
27,M_f_12,-0.002425390914274416
28,M_f_12,-0.002399921831804964
29,M_f_12,-0.002374720084131687
30,M_f_12,-0.0023497829158783986
31,M_f_12,-0.002325107572561698
32,M_f_12,-0.0023006913159200277
33,M_f_12,-0.002276531430664383
34,M_f_12,-0.002252625227370495
35,M_f_12,-0.002228970043631998
36,M_f_12,-0.0022055632444281507
37,M_f_12,-0.0021824022221362117
38,M_f_12,-0.0021594843963830637
39,M_f_12,-0.0021368072138245003
40,M_f_12,-0.0021143681478925365
1,V_f_12,-0.2340391940326812
2,V_f_12,-0.09613937761219729
3,V_f_12,-0.034114517903418455
4,V_f_12,-0.006452191356933871
5,V_f_12,0.005832358515105563
6,V_f_12,0.011237278527032714
7,V_f_12,0.01356525645947992
8,V_f_12,0.014517571458312466
9,V_f_12,0.014855294850506285
10,V_f_12,0.014918894862560221
11,V_f_12,0.014860692885807361
12,V_f_12,0.01474884494176866
13,V_f_12,0.014613852352729113
14,V_f_12,0.014469366594981206
15,V_f_12,0.014321496681718586
16,V_f_12,0.014172973849174684
17,V_f_12,0.014025015695879252
18,V_f_12,0.013878160973699287
19,V_f_12,0.013732643663353574
20,V_f_12,0.013588560748026009
21,V_f_12,0.013445947548955846
22,V_f_12,0.013304811606273526
23,V_f_12,0.01316514794743634
24,V_f_12,0.013026945986155551
25,V_f_12,0.012890192650124057
26,V_f_12,0.012754873804968038
27,V_f_12,0.012620974905798374
28,V_f_12,0.012488481297041158
29,V_f_12,0.012357378351201972
30,V_f_12,0.012227651533347322
31,V_f_12,0.012099286431026562
32,V_f_12,0.011972268767944829
33,V_f_12,0.011846584409901306
34,V_f_12,0.011722219366994307
35,V_f_12,0.011599159793997872
36,V_f_12,0.011477391989829982
37,V_f_12,0.011356902396564452
38,V_f_12,0.011237677598212517
39,V_f_12,0.01111970431938948
40,V_f_12,0.01100296942392625
1,MC_f_12,0.23765329081151523
2,MC_f_12,0.11101363366929652
3,MC_f_12,0.05431195530370087
4,MC_f_12,0.028931096541495397
5,MC_f_12,0.017542307207826843
6,MC_f_12,0.012404729567874874
7,MC_f_12,0.010060537988922967
8,MC_f_12,0.008965057062363852
9,MC_f_12,0.00842817947055208
10,MC_f_12,0.008141537795355648
11,MC_f_12,0.007967307410613524
12,MC_f_12,0.007843865900173153
13,MC_f_12,0.007743647212350859
14,MC_f_12,0.007654310429787476
15,MC_f_12,0.007570323934299236
16,MC_f_12,0.007489203183836907
17,MC_f_12,0.007409828174494178
18,MC_f_12,0.0073316905775341
19,MC_f_12,0.007254556628167151
20,MC_f_12,0.007178316035620269
21,MC_f_12,0.00710291418275324
22,MC_f_12,0.007028321651886736
23,MC_f_12,0.006954520498458878
24,MC_f_12,0.006881498051086517
25,MC_f_12,0.006809244100944235
26,MC_f_12,0.006737749621539156
27,MC_f_12,0.006667006181922767
28,MC_f_12,0.006597005675516094
29,MC_f_12,0.006527740193407391
30,MC_f_12,0.0064592019642609935
31,MC_f_12,0.006391383325215327
32,MC_f_12,0.00632427670735769
33,MC_f_12,0.006257874628147342
34,MC_f_12,0.0061921696872031685
35,MC_f_12,0.006127154563750608
36,MC_f_12,0.006062822014904233
37,MC_f_12,0.005999164874381344
38,MC_f_12,0.005936176051444198
39,MC_f_12,0.0058738485299675005
40,MC_f_12,0.005812175367577419
1,PL_f_12,0.3006098002295653
2,PL_f_12,0.1410955925627964
3,PL_f_12,0.06958481901120234
4,PL_f_12,0.037562528475946384
5,PL_f_12,0.023186124357191466
6,PL_f_12,0.01669484893802816
7,PL_f_12,0.013727449025185778
8,PL_f_12,0.01233533706385966
9,PL_f_12,0.011647882678545893
10,PL_f_12,0.011276062036993785
11,PL_f_12,0.011046025319299355
12,PL_f_12,0.010880064637974581
13,PL_f_12,0.01074343388029599
14,PL_f_12,0.010620587883203253
15,PL_f_12,0.01050456500735559
16,PL_f_12,0.010392242027426637
17,PL_f_12,0.010282212979355627
18,PL_f_12,0.010173840667860836
19,PL_f_12,0.010066832358828435
20,PL_f_12,0.009961049856867504
21,PL_f_12,0.009856424429982462
22,PL_f_12,0.009752918661514355
23,PL_f_12,0.009650509321319
24,PL_f_12,0.009549179660970995
25,PL_f_12,0.009448915939748972
26,PL_f_12,0.009349705853217441
27,PL_f_12,0.00925153781932827
28,PL_f_12,0.009154400652142848
29,PL_f_12,0.009058283411431414
30,PL_f_12,0.008963175332462972
31,PL_f_12,0.008869065792585762
32,PL_f_12,0.008775944294820336
33,PL_f_12,0.008683800459397845
34,PL_f_12,0.00859262401905507
35,PL_f_12,0.008502404816133199
36,PL_f_12,0.008413132800559407
37,PL_f_12,0.008324798028270994
38,PL_f_12,0.008237390659868341
39,PL_f_12,0.008150900959391052
40,PL_f_12,0.008065319293164083
1,PIV_f_12,0.3901343929215081
2,PIV_f_12,0.16918367979184057
3,PIV_f_12,0.07032080990729526
4,PIV_f_12,0.026197708674809708
5,PIV_f_12,0.006533389438103845
6,PIV_f_12,-0.002202164947406413
7,PIV_f_12,-0.006054237527069595
8,PIV_f_12,-0.00772403581093094
9,PIV_f_12,-0.008418680268611582
10,PIV_f_12,-0.008677710959909686
11,PIV_f_12,-0.008742346014089105
12,PIV_f_12,-0.008720466990333834
13,PIV_f_12,-0.008660343921354136
14,PIV_f_12,-0.00858358615729356
15,PIV_f_12,-0.008499873398964491
16,PIV_f_12,-0.008413543754391975
17,PIV_f_12,-0.008326541507931303
18,PIV_f_12,-0.008239736934025493
19,PIV_f_12,-0.008153517732713562
20,PIV_f_12,-0.008068054366816832
21,PIV_f_12,-0.007983419279718382
22,PIV_f_12,-0.00789964056609941
23,PIV_f_12,-0.007816726195901767
24,PIV_f_12,-0.007734674983880719
25,PIV_f_12,-0.007653481578122112
26,PIV_f_12,-0.007573138740796025
27,PIV_f_12,-0.0074936383978703855
28,PIV_f_12,-0.0074149721261381335
29,PIV_f_12,-0.0073371313813004185
30,PIV_f_12,-0.007260107605875807
31,PIV_f_12,-0.007183892280759235
32,PIV_f_12,-0.007108476950030104
33,PIV_f_12,-0.007033853232877531
34,PIV_f_12,-0.006960012829220458
35,PIV_f_12,-0.006886947522187594
36,PIV_f_12,-0.006814649179005282
37,PIV_f_12,-0.006743109751064217
38,PIV_f_12,-0.006672321273556403
39,PIV_f_12,-0.006602275864884988
40,PIV_f_12,-0.00653296572595386
1,VOil_f_12,-0.23326273842761294
2,VOil_f_12,-0.052615145021820645
3,VOil_f_12,-0.00977507031372308
4,VOil_f_12,0.005058821667063525
5,VOil_f_12,0.009992183029080752
6,VOil_f_12,0.01149242073722165
7,VOil_f_12,0.011843097746915691
8,VOil_f_12,0.011831463065644166
9,VOil_f_12,0.011718285878377137
10,VOil_f_12,0.011584212630093372
11,VOil_f_12,0.01145103066814522
12,VOil_f_12,0.0113227802536523
13,VOil_f_12,0.01119897644012194
14,VOil_f_12,0.011078475076944148
15,VOil_f_12,0.010960385557024136
16,VOil_f_12,0.010844151920291365
17,VOil_f_12,0.010729457451185245
18,VOil_f_12,0.010616128801778953
19,VOil_f_12,0.010504071543939104
20,VOil_f_12,0.01039323258532553
21,VOil_f_12,0.010283579799787812
22,VOil_f_12,0.01017509147201716
23,VOil_f_12,0.010067750992485957
24,VOil_f_12,0.009961544250424552
25,VOil_f_12,0.009856458375038225
26,VOil_f_12,0.009752481136488815
27,VOil_f_12,0.00964960066436909
28,VOil_f_12,0.009547805316792037
29,VOil_f_12,0.009447083620002994
30,VOil_f_12,0.009347424240592749
31,VOil_f_12,0.009248815972579316
32,VOil_f_12,0.009151247731168828
33,VOil_f_12,0.009054708549462786
34,VOil_f_12,0.008959187576435868
35,VOil_f_12,0.008864674075446055
36,VOil_f_12,0.008771157422959577
37,VOil_f_12,0.008678627107359144
38,VOil_f_12,0.008587072727783657
39,VOil_f_12,0.008496483992981058
40,VOil_f_12,0.008406850720168979
1,VNon_f_12,-0.23400261041522324
2,VNon_f_12,-0.09409806448251444
3,VNon_f_12,-0.03297316499096724
4,VNon_f_12,-0.0059125852724330324
5,VNon_f_12,0.006027153403379989
6,VNon_f_12,0.011248927722717806
7,VNon_f_12,0.01348416490954189
8,VNon_f_12,0.014391270070026663
9,VNon_f_12,0.014707847735286494
10,VNon_f_12,0.014762179332268928
11,VNon_f_12,0.01470046368237424
12,VNon_f_12,0.014587849535584218
13,VNon_f_12,0.014453384843805723
14,VNon_f_12,0.014310027113950855
15,VNon_f_12,0.014163557051094185
16,VNon_f_12,0.014016551709774519
17,VNon_f_12,0.013870156723621374
18,VNon_f_12,0.013724877444620536
19,VNon_f_12,0.01358093245021252
20,VNon_f_12,0.013438411684830433
21,VNon_f_12,0.013297347306535165
22,VNon_f_12,0.013157745483616303
23,VNon_f_12,0.013019600698049855
24,VNon_f_12,0.012882902198560739
25,VNon_f_12,0.012747636922608175
26,VNon_f_12,0.012613790825454349
27,VNon_f_12,0.012481349487952634
28,VNon_f_12,0.012350298396176036
29,VNon_f_12,0.012220623070841362
30,VNon_f_12,0.012092309127463586
31,VNon_f_12,0.011965342304268852
32,VNon_f_12,0.011839708474933722
33,VNon_f_12,0.01171539365409067
34,VNon_f_12,0.011592383999335031
35,VNon_f_12,0.011470665811514125
36,VNon_f_12,0.011350225534160697
37,VNon_f_12,0.01123104975249529
38,VNon_f_12,0.01111312519221062
39,VNon_f_12,0.010996438718146971
40,VNon_f_12,0.010880977332915468
1,Ygap,-0.2900438454338456
2,Ygap,-0.043442199297357285
3,Ygap,0.012905346828445416
4,Ygap,0.018312591520649808
5,Ygap,0.013216162498890781
6,Ygap,0.008014450953735784
7,Ygap,0.004534506014579881
8,Ygap,0.0025176780709914247
9,Ygap,0.0014298675210782453
10,Ygap,0.0008673031627221441
11,Ygap,0.0005838063095805107
12,Ygap,0.000442992311127475
13,Ygap,0.000373268352412129
14,Ygap,0.0003383203527948529
15,Ygap,0.000320157834078624
16,Ygap,0.0003100190284194221
17,Ygap,0.00030369133621101945
18,Ygap,0.0002991695175347409
19,Ygap,0.0002955066134276687
20,Ygap,0.0002922582860061908
21,Ygap,0.0002892171114227142
22,Ygap,0.0002862866421995848
23,Ygap,0.0002834221421625992
24,Ygap,0.00028060286181325826
25,Ygap,0.0002778191336285572
26,Ygap,0.000275066391653965
27,Ygap,0.00027234241082367224
28,Ygap,0.0002696460371593342
29,Ygap,0.0002669766057211254
30,Ygap,0.00026433367472063126
31,Ygap,0.00026171690448907397
32,Ygap,0.0002591260025921264
33,Ygap,0.0002565606990445055
34,Ygap,0.00025402073516919666
35,Ygap,0.0002515058586151466
36,Ygap,0.00024901582114020894
37,Ygap,0.0002465503776279095
38,Ygap,0.00024410928565031105
39,Ygap,0.0002416923052700612
40,Ygap,0.00023929919894575023
1,Ngap,-0.03717254794680808
2,Ngap,-0.008746098623500927
3,Ngap,-0.0019970443662271206
4,Ngap,-0.0011104304022022844
5,Ngap,-0.0014945872668560333
6,Ngap,-0.0019600193927184735
7,Ngap,-0.0022758716080021786
8,Ngap,-0.0024518835731391513
9,Ngap,-0.002536300958351282
10,Ngap,-0.0025680974153669315
11,Ngap,-0.0025716910533745817
12,Ngap,-0.0025608359567037544
13,Ngap,-0.0025428404222575317
14,Ngap,-0.0025214477725688045
15,Ngap,-0.002498527507902868
16,Ngap,-0.002474996003043046
17,Ngap,-0.002451295752276067
18,Ngap,-0.002427637549255434
19,Ngap,-0.0024041203379399664
20,Ngap,-0.002380789613402337
21,Ngap,-0.0023576655421964727
22,Ngap,-0.0023347563750069126
23,Ngap,-0.002312064794901764
24,Ngap,-0.0022895909025845013
25,Ngap,-0.0022673336123751496
26,Ngap,-0.002245291301756232
27,Ngap,-0.0022234621121993217
28,Ngap,-0.002201844087844897
29,Ngap,-0.002180435239112907
30,Ngap,-0.002159233571701264
31,Ngap,-0.002138237099690431
32,Ngap,-0.0021174438513804623
33,Ngap,-0.002096851871820215
34,Ngap,-0.0020764592238391453
35,Ngap,-0.0020562639884056733
36,Ngap,-0.0020362642646855203
37,Ngap,-0.0020164581699679577
38,Ngap,-0.001996843839535249
39,Ngap,-0.0019774194265085553
40,Ngap,-0.001958183101684841
1,GDPgap,-0.0018412323510217335
2,GDPgap,0.001356879603008239
3,GDPgap,0.001656872418214815
4,GDPgap,0.0013784304362682977
5,GDPgap,0.0010648019791131623
6,GDPgap,0.0008442252936345457
7,GDPgap,0.0007117307329837365
8,GDPgap,0.0006374352746918155
9,GDPgap,0.0005965763916146241
10,GDPgap,0.000573552930936863
11,GDPgap,0.000559626642975732
12,GDPgap,0.000550212823240516
13,GDPgap,0.0005430029025235018
14,GDPgap,0.0005368662963002194
15,GDPgap,0.0005312600663076926
16,GDPgap,0.000525927114207375
17,GDPgap,0.0005207468813537606
18,GDPgap,0.0005156631645411629
19,GDPgap,0.0005106497904308184
20,GDPgap,0.0005056944929894157
21,GDPgap,0.000500791411077309
22,GDPgap,0.0004959376219640302
23,GDPgap,0.0004911315481993415
24,GDPgap,0.0004863722283302099
25,GDPgap,0.00048165898397416185
26,GDPgap,0.00047699126808302075
27,GDPgap,0.0004723685958234569
28,GDPgap,0.0004677905130695294
29,GDPgap,0.0004632565820083835
30,GDPgap,0.00045876637453556857
31,GDPgap,0.00045431946920135557
32,GDPgap,0.0004499154497802044
33,GDPgap,0.000445553904585257
34,GDPgap,0.00044123442612678044
35,GDPgap,0.0004369566109306908
36,GDPgap,0.0004327200594323355
37,GDPgap,0.00042852437590617826
38,GDPgap,0.00042436916841293644
39,GDPgap,0.0004202540487553983
40,GDPgap,0.0004161786324387323
1,Cgap_g,-0.16206059987860924
2,Cgap_g,-0.02170306376971081
3,Cgap_g,0.011930977509644366
4,Cgap_g,0.015327866971650436
5,Cgap_g,0.012204864947928426
6,Cgap_g,0.008944355284325817
7,Cgap_g,0.006726875204882127
8,Cgap_g,0.005416820262928275
9,Cgap_g,0.004689532431406822
10,Cgap_g,0.004294296562010577
11,Cgap_g,0.004076606118837293
12,Cgap_g,0.003950255368533999
13,Cgap_g,0.003869751486289971
14,Cgap_g,0.003811919824168572
15,Cgap_g,0.0037652368413739626
16,Cgap_g,0.0037240712627194996
17,Cgap_g,0.0036857064431272293
18,Cgap_g,0.0036488442941783805
19,Cgap_g,0.003612868696609919
20,Cgap_g,0.0035774882478297955
21,Cgap_g,0.003542564972952544
22,Cgap_g,0.0035080329397411064
23,Cgap_g,0.0034738598720767517
24,Cgap_g,0.0034400291535156453
25,Cgap_g,0.0034065314330731515
26,Cgap_g,0.003373360726995748
27,Cgap_g,0.003340512615413775
28,Cgap_g,0.003307983410975255
29,Cgap_g,0.003275769776769415
30,Cgap_g,0.003243868551221182
31,Cgap_g,0.003212276668022865
32,Cgap_g,0.0031809911195685957
33,Cgap_g,0.003150008940239157
34,Cgap_g,0.00311932719871429
35,Cgap_g,0.0030889429943762505
36,Cgap_g,0.003058853455559675
37,Cgap_g,0.003029055738631715
38,Cgap_g,0.002999547027443308
39,Cgap_g,0.002970324532946177
40,Cgap_g,0.0029413854928834367
1,Cgap_s,0.006882982437789393
2,Cgap_s,0.0044504067532112005
3,Cgap_s,0.0012578199342089464
4,Cgap_s,0.00043044408551110643
5,Cgap_s,0.0005363054901294869
6,Cgap_s,0.0008208950960850111
7,Cgap_s,0.0010518202585536032
8,Cgap_s,0.0011961197640812196
9,Cgap_s,0.0012740541871149392
10,Cgap_s,0.0013104398722144492
11,Cgap_s,0.0013232186225792622
12,Cgap_s,0.001323342754452212
13,Cgap_s,0.0013169559420273052
14,Cgap_s,0.00130733446552421
15,Cgap_s,0.001296167810516206
16,Cgap_s,0.0012843065779224545
17,Cgap_s,0.001272171291399089
18,Cgap_s,0.0012599667722040706
19,Cgap_s,0.0012477914200108163
20,Cgap_s,0.0012356917933891167
21,Cgap_s,0.0012236894534240967
22,Cgap_s,0.0012117940085321689
23,Cgap_s,0.0012000093932657133
24,Cgap_s,0.0011883368669573242
25,Cgap_s,0.0011767764365612544
26,Cgap_s,0.0011653275280961335
27,Cgap_s,0.0011539893020102124
28,Cgap_s,0.0011427608006876228
29,Cgap_s,0.0011316410171767408
30,Cgap_s,0.0011206289270897236
31,Cgap_s,0.0011097235033420587
32,Cgap_s,0.001098923722920166
33,Cgap_s,0.0010882285699552914
34,Cgap_s,0.0010776370370899954
35,Cgap_s,0.0010671481260572332
36,Cgap_s,0.0010567608478971764
37,Cgap_s,0.0010464742230078803
38,Cgap_s,0.00103628728112008
39,Cgap_s,0.0010261990612376241
40,Cgap_s,0.0010162086115626183
1,Ygap_g,-0.4140565605453191
2,Ygap_g,-0.06293324225599985
3,Ygap_g,0.01918507218050699
4,Ygap_g,0.027356050198330355
5,Ygap_g,0.01991348465548162
6,Ygap_g,0.012212117748684309
7,Ygap_g,0.007027138872187258
8,Ygap_g,0.004008903486818614
9,Ygap_g,0.0023749946354896844
10,Ygap_g,0.0015269286105383
11,Ygap_g,0.0010976544117413355
12,Ygap_g,0.0008830292482325223
13,Ygap_g,0.0007755780846365863
14,Ygap_g,0.0007206574607049279
15,Ygap_g,0.0006911420775242407
16,Ygap_g,0.0006737980944634318
17,Ygap_g,0.0006622526856168816
18,Ygap_g,0.0006534678722235451
19,Ygap_g,0.0006460069855968914
20,Ygap_g,0.000639194963955237
21,Ygap_g,0.0006327162089104976
22,Ygap_g,0.0006264237142629108
23,Ygap_g,0.0006202491268438466
24,Ygap_g,0.0006141606205502348
25,Ygap_g,0.0006081432652670149
26,Ygap_g,0.0006021899188075996
27,Ygap_g,0.0005962970176484033
28,Ygap_g,0.0005904626385957952
29,Ygap_g,0.0005846856092261725
30,Ygap_g,0.0005789651009982278
31,Ygap_g,0.0005733004437709631
32,Ygap_g,0.0005676910415511522
33,Ygap_g,0.0005621363343684475
34,Ygap_g,0.0005566357810934812
35,Ygap_g,0.0005511888517258114
36,Ygap_g,0.0005457950239434568
37,Ygap_g,0.0005404537815591583
38,Ygap_g,0.0005351646138236055
39,Ygap_g,0.0005299270151014148
40,Ygap_g,0.000524740484709204
1,Ygap_s,-0.16790843003752592
2,Ygap_s,-0.024246211029144413
3,Ygap_s,0.006720683727473996
4,Ygap_s,0.009406032387351082
5,Ygap_s,0.006620224158436366
6,Ygap_s,0.003880328284124311
7,Ygap_s,0.0020796065413644497
8,Ygap_s,0.0010490267705854978
9,Ygap_s,0.0004990477061146659
10,Ygap_s,0.00021766310064028367
11,Ygap_s,7.773682106459903e-5
12,Ygap_s,9.6166369692777e-6
13,Ygap_s,-2.2951229903426e-5
14,Ygap_s,-3.822895005757612e-5
15,Ygap_s,-4.521046355347249e-5
16,Ygap_s,-4.825316352119609e-5
17,Ygap_s,-4.9442124693743665e-5
18,Ygap_s,-4.9765481709982865e-5
19,Ygap_s,-4.9687897016970414e-5
20,Ygap_s,-4.942647729012262e-5
21,Ygap_s,-4.908210937874861e-5
22,Ygap_s,-4.870144739446739e-5
23,Ygap_s,-4.830596803025295e-5
24,Ygap_s,-4.790551185725901e-5
25,Ygap_s,-4.750456347135918e-5
26,Ygap_s,-4.71051515939381e-5
27,Ygap_s,-4.670818309454967e-5
28,Ygap_s,-4.631405438060893e-5
29,Ygap_s,-4.592293059043299e-5
30,Ygap_s,-4.5534872614196465e-5
31,Ygap_s,-4.5149894651130005e-5
32,Ygap_s,-4.476799017192587e-5
33,Ygap_s,-4.4389143566590167e-5
34,Ygap_s,-4.401333533553114e-5
35,Ygap_s,-4.364054438346317e-5
36,Ygap_s,-4.32707490217088e-5
37,Ygap_s,-4.2903927399415054e-5
38,Ygap_s,-4.254005768498453e-5
39,Ygap_s,-4.217911813986837e-5
40,Ygap_s,-4.182108714693434e-5
1,Y_g,-0.03920866234147978
2,Y_g,0.10571695052194695
3,Y_g,0.09579002781143722
4,Y_g,0.062882268128986
5,Y_g,0.03710668766346394
6,Y_g,0.021220026397966926
7,Y_g,0.012375218591489509
8,Y_g,0.007714341383966981
9,Y_g,0.005336403569468958
10,Y_g,0.004144345639679406
11,Y_g,0.0035490359754429823
12,Y_g,0.003247495467015638
13,Y_g,0.0030883117819440636
14,Y_g,0.00299733814062267
15,Y_g,0.002938808638944458
16,Y_g,0.0028956709594312796
17,Y_g,0.002859870191076031
18,Y_g,0.0028276302718875123
19,Y_g,0.0027971920876552737
20,Y_g,0.0027677402499355743
21,Y_g,0.0027388981059506285
22,Y_g,0.002710491786830318
23,Y_g,0.0026824406372982666
24,Y_g,0.0026547066185492398
25,Y_g,0.0026272710687339626
26,Y_g,0.002600124086544774
27,Y_g,0.002573259709215195
28,Y_g,0.0025466737364668738
29,Y_g,0.002520362755960804
30,Y_g,0.0024943237109147465
31,Y_g,0.002468553710545874
32,Y_g,0.0024430499482648266
33,Y_g,0.0024178096671111913
34,Y_g,0.0023928301455664255
35,Y_g,0.00236810869195608
36,Y_g,0.002343642642349659
37,Y_g,0.002319429359807343
38,Y_g,0.0022954662340948805
39,Y_g,0.0022717506815265135
40,Y_g,0.002248280144816492
1,Y_s,0.012274329042970189
2,Y_s,0.05603392183052049
3,Y_s,0.04219253099728163
4,Y_s,0.024863330989977086
5,Y_s,0.013144317557578625
6,Y_s,0.006421522821051207
7,Y_s,0.0028482498310126777
8,Y_s,0.001031516887794054
9,Y_s,0.00013528675678129836
10,Y_s,-0.00029633539791601134
11,Y_s,-0.0004992627208223925
12,Y_s,-0.0005916275878130349
13,Y_s,-0.0006312704698184861
14,Y_s,-0.0006460537971167425
15,Y_s,-0.000649234204783881
16,Y_s,-0.0006470577126200037
17,Y_s,-0.0006424436707842928
18,Y_s,-0.0006367471768422498
19,Y_s,-0.0006305932858893716
20,Y_s,-0.0006242685138897783
21,Y_s,-0.000617903280187687
22,Y_s,-0.0006115564124291336
23,Y_s,-0.0006052540764168011
24,Y_s,-0.0005990076195072016
25,Y_s,-0.0005928217081769606
26,Y_s,-0.0005866980198117853
27,Y_s,-0.0005806369078956337
28,Y_s,-0.0005746381480325392
29,Y_s,-0.00056870126940401
30,Y_s,-0.0005628257004659167
31,Y_s,-0.0005570108320720589
32,Y_s,-0.0005512560442667586
33,Y_s,-0.0005455607173094095
34,Y_s,-0.0005399242359845951
35,Y_s,-0.000534345991131626
36,Y_s,-0.0005288253800717147
37,Y_s,-0.000523361806629855
38,Y_s,-0.00051795468102917
39,Y_s,-0.0005126034197608858
40,Y_s,-0.0005073074454631667
1,Ygap_1,-0.43878546151182735
2,Ygap_1,-0.07794022729418822
3,Ygap_1,0.013856306958028256
4,Ygap_1,0.026468516434738038
5,Ygap_1,0.020402567559035027
6,Ygap_1,0.012820477748037483
7,Ygap_1,0.007390232993632435
8,Ygap_1,0.004102933729446902
9,Ygap_1,0.0022692652706465563
10,Ygap_1,0.00129433167936414
11,Ygap_1,0.000791637700783434
12,Ygap_1,0.0005375283299242086
13,Ygap_1,0.00041048271433898775
14,Ygap_1,0.00034703439099467346
15,Ygap_1,0.00031492274103490854
16,Ygap_1,0.00029806903543450763
17,Ygap_1,0.00028857845256092304
18,Ygap_1,0.0002826197391490315
19,Ygap_1,0.00027835112410886287
20,Ygap_1,0.00027489408126836197
21,Ygap_1,0.0002718322577082374
22,Ygap_1,0.00026896939317571993
23,Ygap_1,0.0002662133703438035
24,Ygap_1,0.00026352107741782775
25,Ygap_1,0.0002608723496923015
26,Ygap_1,0.0002582577200123183
27,Ygap_1,0.00025567268799143127
28,Ygap_1,0.00025311505062153907
29,Ygap_1,0.00025058366395494975
30,Ygap_1,0.00024807787092305354
31,Ygap_1,0.0002455972379955559
32,Ygap_1,0.00024314143447505491
33,Ygap_1,0.00024071017741151331
34,Ygap_1,0.00023830320658353764
35,Ygap_1,0.00023592027319586687
36,Ygap_1,0.00023356113480312845
37,Ygap_1,0.00023122555304355797
38,Ygap_1,0.00022891329263192297
39,Ygap_1,0.00022662412091176842
40,Ygap_1,0.0002243578076532365
1,Lgap_1,-0.07994513007203864
2,Lgap_1,-0.026769957406085326
3,Lgap_1,-0.005913587898407106
4,Lgap_1,-0.00027689811469872337
5,Lgap_1,7.613325044679894e-5
6,Lgap_1,-0.0008683574194235058
7,Lgap_1,-0.0018157609777499225
8,Lgap_1,-0.0024769624402268572
9,Lgap_1,-0.0028727055974351666
10,Lgap_1,-0.0030855839246706285
11,Lgap_1,-0.0031872632323259906
12,Lgap_1,-0.0032259243049646393
13,Lgap_1,-0.0032305043265176167
14,Lgap_1,-0.0032172950268535404
15,Lgap_1,-0.003195088784364314
16,Lgap_1,-0.003168490104732781
17,Lgap_1,-0.0031398561958680586
18,Lgap_1,-0.003110372187628696
19,Lgap_1,-0.00308062489469147
20,Lgap_1,-0.0030509008008976646
21,Lgap_1,-0.0030213376706491827
22,Lgap_1,-0.0029920004511436765
23,Lgap_1,-0.002962918778298244
24,Lgap_1,-0.0029341053100464154
25,Lgap_1,-0.002905564606100212
26,Lgap_1,-0.0028772973950148013
27,Lgap_1,-0.002849302610464688
28,Lgap_1,-0.0028215783569069917
29,Lgap_1,-0.002794122364879946
30,Lgap_1,-0.002766932204472284
31,Lgap_1,-0.0027400053848359923
32,Lgap_1,-0.002713339400276136
33,Lgap_1,-0.002686931751420714
34,Lgap_1,-0.0026607799548235733
35,Lgap_1,-0.0026348815472263787
36,Lgap_1,-0.002609234087367985
37,Lgap_1,-0.0025838351566751655
38,Lgap_1,-0.002558682359447166
39,Lgap_1,-0.002533773322813781
40,Lgap_1,-0.00250910569659379
1,Ygap_2,-0.363204486090035
2,Ygap_2,-0.05696153390798662
3,Ygap_2,0.014401817618215013
4,Ygap_2,0.021577192357400236
5,Ygap_2,0.015310777400127012
6,Ygap_2,0.00883526105883915
7,Ygap_2,0.004503762650545849
8,Ygap_2,0.002002721094893595
9,Ygap_2,0.0006625747897253755
10,Ygap_2,-2.3057868874082037e-5
11,Ygap_2,-0.00036214431426390283
12,Ygap_2,-0.0005247245949595988
13,Ygap_2,-0.0005997297260512513
14,Ygap_2,-0.0006320985984583115
15,Ygap_2,-0.0006440112650505405
16,Ygap_2,-0.0006462301501043133
17,Ygap_2,-0.0006439110013033991
18,Ygap_2,-0.0006394991324221243
19,Ygap_2,-0.0006341450182339787
20,Ygap_2,-0.0006283862751317353
21,Ygap_2,-0.0006224726037582862
22,Ygap_2,-0.0006165192730851023
23,Ygap_2,-0.0006105791098900033
24,Ygap_2,-0.0006046760687044489
25,Ygap_2,-0.0005988208090958083
26,Ygap_2,-0.000593017892930241
27,Ygap_2,-0.0005872690969517634
28,Ygap_2,-0.0005815749319374112
29,Ygap_2,-0.0005759353369506975
30,Ygap_2,-0.0005703499954838989
31,Ygap_2,-0.0005648184788669232
32,Ygap_2,-0.0005593403110353121
33,Ygap_2,-0.000553914997625456
34,Ygap_2,-0.0005485420389537719
35,Ygap_2,-0.0005432209357496637
36,Ygap_2,-0.000537951191649183
37,Ygap_2,-0.0005327323142512212
38,Ygap_2,-0.0005275638155419145
39,Ygap_2,-0.0005224452120449827
40,Ygap_2,-0.0005173760248554217
1,Lgap_2,-0.10962817925070568
2,Lgap_2,-0.023131044021054113
3,Lgap_2,-0.0004417194569454527
4,Lgap_2,0.0024219957908197783
5,Lgap_2,0.0006865969234114685
6,Lgap_2,-0.0012941666322139934
7,Lgap_2,-0.0026487557752565786
8,Lgap_2,-0.003428439707487323
9,Lgap_2,-0.003833246218633546
10,Lgap_2,-0.004023348597897469
11,Lgap_2,-0.00409863683215351
12,Lgap_2,-0.0041151130472388275
13,Lgap_2,-0.004102384812769296
14,Lgap_2,-0.004075538719795857
15,Lgap_2,-0.0040420711967590825
16,Lgap_2,-0.004005639774053052
17,Lgap_2,-0.003968004087788673
18,Lgap_2,-0.003930000908447338
19,Lgap_2,-0.0038920238519154237
20,Lgap_2,-0.00385425581267966
21,Lgap_2,-0.00381678027745761
22,Lgap_2,-0.0037796341474137115
23,Lgap_2,-0.0037428326195620126
24,Lgap_2,-0.003706380835587005
25,Lgap_2,-0.0036702793074053
26,Lgap_2,-0.0036345264328378965
27,Lgap_2,-0.003599119657337132
28,Lgap_2,-0.003564056008422443
29,Lgap_2,-0.0035293323405961525
30,Lgap_2,-0.0034949454471050767
31,Lgap_2,-0.0034608921106690747
32,Lgap_2,-0.0034271691263286588
33,Lgap_2,-0.003393773311601124
34,Lgap_2,-0.003360701510882232
35,Lgap_2,-0.003327950597250742
36,Lgap_2,-0.0032955174731074807
37,Lgap_2,-0.0032633990702956315
38,Lgap_2,-0.0032315923499926986
39,Lgap_2,-0.003200094302503876
40,Lgap_2,-0.0031689019470142596
1,Ygap_3,-0.5262911138665114
2,Ygap_3,-0.07698133731344255
3,Ygap_3,0.02684587123527252
4,Ygap_3,0.0363720985392675
5,Ygap_3,0.02632121419723388
6,Ygap_3,0.01620780844214066
7,Ygap_3,0.00945838405964092
8,Ygap_3,0.005549232861659323
9,Ygap_3,0.003440147817518185
10,Ygap_3,0.0023475320366896555
11,Ygap_3,0.0017943668920980442
12,Ygap_3,0.0015167134239605906
13,Ygap_3,0.0013761932572060422
14,Ygap_3,0.0013027050490488931
15,Ygap_3,0.001261563607720227
16,Ygap_3,0.0012358975088888075
17,Ygap_3,0.0012176047878520954
18,Ygap_3,0.0012028330984416075
19,Ygap_3,0.0011897649402774933
20,Ygap_3,0.0011775480852189227
21,Ygap_3,0.0011657847808438447
22,Ygap_3,0.0011542899424409902
23,Ygap_3,0.0011429774906499025
24,Ygap_3,0.0011318072354849955
25,Ygap_3,0.0011207601764806415
26,Ygap_3,0.0011098270655371433
27,Ygap_3,0.0010990031308793177
28,Ygap_3,0.0010882856515020299
29,Ygap_3,0.0010776728456545917
30,Ygap_3,0.0010671633630789667
31,Ygap_3,0.0010567560537830549
32,Ygap_3,0.0010464498630843137
33,Ygap_3,0.0010362437841282548
34,Ygap_3,0.0010261368364792628
35,Ygap_3,0.001016128056493855
36,Ygap_3,0.0010062164929950197
37,Ygap_3,0.0009964012053189962
38,Ygap_3,0.000986681262416821
39,Ygap_3,0.0009770557424209406
40,Ygap_3,0.0009675237324147343
1,Lgap_3,-0.20747992628554388
2,Lgap_3,-0.030839438720350783
3,Lgap_3,0.008500595645610272
4,Lgap_3,0.011074978730702487
5,Lgap_3,0.006472961130795474
6,Lgap_3,0.0022114904599963444
7,Lgap_3,-0.0005334724568204515
8,Lgap_3,-0.0020742102013060204
9,Lgap_3,-0.002872974372308732
10,Lgap_3,-0.003261061502150746
11,Lgap_3,-0.0034348889392626226
12,Lgap_3,-0.0035010511800343553
13,Lgap_3,-0.003514530990285663
14,Lgap_3,-0.0035027779037455553
15,Lgap_3,-0.003479190169221496
16,Lgap_3,-0.003450201102190022
17,Lgap_3,-0.0034188613805149867
18,Lgap_3,-0.0033866031985463844
19,Lgap_3,-0.00335409306019314
20,Lgap_3,-0.003321638397561096
21,Lgap_3,-0.0032893794314651664
22,Lgap_3,-0.0032573789624248516
23,Lgap_3,-0.003225664119643772
24,Lgap_3,-0.003194245669658341
25,Lgap_3,-0.00316312690715367
26,Lgap_3,-0.003132307733487683
27,Lgap_3,-0.00310178652152744
28,Lgap_3,-0.003071560965776565
29,Lgap_3,-0.003041628468814015
30,Lgap_3,-0.003011986316428121
31,Lgap_3,-0.00298263175670502
32,Lgap_3,-0.0029535620355696187
33,Lgap_3,-0.002924774412631761
34,Lgap_3,-0.00289626616814966
35,Lgap_3,-0.0028680346059993538
36,Lgap_3,-0.0028400770548554105
37,Lgap_3,-0.00281239086857433
38,Lgap_3,-0.002784973426225363
39,Lgap_3,-0.002757822131966901
40,Lgap_3,-0.0027309344148568238
1,Ygap_4,-0.16663882654369444
2,Ygap_4,-0.024511592801143615
3,Ygap_4,0.006693247830987152
4,Ygap_4,0.009632115974843588
5,Ygap_4,0.006942560817924166
6,Ygap_4,0.004239097770721561
7,Ygap_4,0.0024551555024426015
8,Ygap_4,0.0014331037745527351
9,Ygap_4,0.000886910669955612
10,Ygap_4,0.0006062723557917292
11,Ygap_4,0.00046518971478116375
12,Ygap_4,0.0003947882578919899
13,Ygap_4,0.00035931234556896253
14,Ygap_4,0.0003407981521829116
15,Ygap_4,0.0003304211487466116
16,Ygap_4,0.00032391631127846404
17,Ygap_4,0.00031924737247107074
18,Ygap_4,0.00031545133860886215
19,Ygap_4,0.0003120762033432542
20,Ygap_4,0.00030891107359597755
21,Ygap_4,0.00030585800680155546
22,Ygap_4,0.00030287165526022674
23,Ygap_4,0.0002999310363249922
24,Ygap_4,0.0002970264038329459
25,Ygap_4,0.00029415317249047797
26,Ygap_4,0.0002913091184965373
27,Ygap_4,0.0002884930949227768
28,Ygap_4,0.0002857044445051562
29,Ygap_4,0.0002829427322837307
30,Ygap_4,0.0002802076243789964
31,Ygap_4,0.0002774988332812339
32,Ygap_4,0.0002748160932888016
33,Ygap_4,0.00027215914954957304
34,Ygap_4,0.0002695277532069692
35,Ygap_4,0.0002669216592674512
36,Ygap_4,0.00026434062567109084
37,Ygap_4,0.00026178441288817936
38,Ygap_4,0.0002592527837424105
39,Ygap_4,0.0002567455033296674
40,Ygap_4,0.0002542623389759048
1,Lgap_4,-0.01385453285141831
2,Lgap_4,-0.004590285415412079
3,Lgap_4,-0.0037670510448538997
4,Lgap_4,-0.004057220006873614
5,Lgap_4,-0.00438921173104914
6,Lgap_4,-0.0045846779265061284
7,Lgap_4,-0.004669771352170499
8,Lgap_4,-0.00468994359874551
9,Lgap_4,-0.0046761826699541235
10,Lgap_4,-0.004645771478848142
11,Lgap_4,-0.00460756754806867
12,Lgap_4,-0.0045659133807238435
13,Lgap_4,-0.004522882150289717
14,Lgap_4,-0.004479446058973069
15,Lgap_4,-0.004436054619021157
16,Lgap_4,-0.004392912733546129
17,Lgap_4,-0.00435011199512862
18,Lgap_4,-0.004307691913197376
19,Lgap_4,-0.004265668210377515
20,Lgap_4,-0.004224045810575465
21,Lgap_4,-0.004182824767946158
22,Lgap_4,-0.004142002960890711
23,Lgap_4,-0.004101577311040334
24,Lgap_4,-0.004061544332581921
25,Lgap_4,-0.004021900378732453
26,Lgap_4,-0.003982641751755171
27,Lgap_4,-0.003943764751722135
28,Lgap_4,-0.0039052656978937634
29,Lgap_4,-0.003867140937915461
30,Lgap_4,-0.003829386851625644
31,Lgap_4,-0.0037919998524986
32,Lgap_4,-0.0037549763880600174
33,Lgap_4,-0.0037183129398631796
34,Lgap_4,-0.00368200602328167
35,Lgap_4,-0.003646052187228681
36,Lgap_4,-0.003610448013849318
37,Lgap_4,-0.003575190118204991
38,Lgap_4,-0.0035402751479573884
39,Lgap_4,-0.003505699783054869
40,Lgap_4,-0.003471460735421977
1,Ygap_5,-0.20149234734751953
2,Ygap_5,-0.03066215772410284
3,Ygap_5,0.008820039123998372
4,Ygap_5,0.012543761172602088
5,Ygap_5,0.00897252799081612
6,Ygap_5,0.005370354989159534
7,Ygap_5,0.002982300847617104
8,Ygap_5,0.0016103906147892908
9,Ygap_5,0.0008769491393074767
10,Ygap_5,0.0005011063083581634
11,Ygap_5,0.0003135639034956829
12,Ygap_5,0.00022146234923519972
13,Ygap_5,0.00017651008463959557
14,Ygap_5,0.00015443048038785793
15,Ygap_5,0.00014330017454454945
16,Ygap_5,0.0001373606955106602
17,Ygap_5,0.0001338658129618547
18,Ygap_5,0.00013151854516620193
19,Ygap_5,0.00012971105767572
20,Ygap_5,0.00012816024266192237
21,Ygap_5,0.00012673489171217264
22,Ygap_5,0.00012537442865414325
23,Ygap_5,0.00012405095716480448
24,Ygap_5,0.00012275163643540605
25,Ygap_5,0.0001214705355853329
26,Ygap_5,0.00012020488438898861
27,Ygap_5,0.000118953353860526
28,Ygap_5,0.00011771527039409159
29,Ygap_5,0.00011649025775318837
30,Ygap_5,0.000115278074506205
31,Ygap_5,0.00011407854046320925
32,Ygap_5,0.0001128915035126153
33,Ygap_5,0.0001117168247342705
34,Ygap_5,0.00011055437174932124
35,Ygap_5,0.00010940401576586891
36,Ygap_5,0.00010826563027401437
37,Ygap_5,0.0001071390904720773
38,Ygap_5,0.00010602427301411786
39,Ygap_5,0.00010492105589703321
40,Ygap_5,0.00010382931840733367
1,Lgap_5,0.15551010076735525
2,Lgap_5,0.01814833354623079
3,Lgap_5,-0.012526128248409698
4,Lgap_5,-0.014885164504173737
5,Lgap_5,-0.011477254049456136
6,Lgap_5,-0.008176012518695262
7,Lgap_5,-0.005981255082132733
8,Lgap_5,-0.004701456556058431
9,Lgap_5,-0.003998509065718944
10,Lgap_5,-0.0036208694862394615
11,Lgap_5,-0.0034159538064852542
12,Lgap_5,-0.003299419800689536
13,Lgap_5,-0.003227044472037861
14,Lgap_5,-0.003176409978558
15,Lgap_5,-0.0031364128146856604
16,Lgap_5,-0.0031016447836434654
17,Lgap_5,-0.0030695042863031637
18,Lgap_5,-0.0030387513990875015
19,Lgap_5,-0.0030087990577080882
20,Lgap_5,-0.0029793703254412354
21,Lgap_5,-0.0029503344979721555
22,Lgap_5,-0.002921629409524945
23,Lgap_5,-0.002893224860944022
24,Lgap_5,-0.0028651055043063165
25,Lgap_5,-0.002837262872066714
26,Lgap_5,-0.002809691680444343
27,Lgap_5,-0.002782388121324205
28,Lgap_5,-0.0027553490755607125
29,Lgap_5,-0.002728571751707948
30,Lgap_5,-0.002702053520545048
31,Lgap_5,-0.002675791839442829
32,Lgap_5,-0.0026497842178353588
33,Lgap_5,-0.00262402820144428
34,Lgap_5,-0.0025985213650328203
35,Lgap_5,-0.002573261309027458
36,Lgap_5,-0.002548245657887199
37,Lgap_5,-0.0025234720592596945
38,Lgap_5,-0.002498938183490237
39,Lgap_5,-0.00247464172328856
40,Lgap_5,-0.002450580393466282
1,Ygap_6,-0.09537368294023964
2,Ygap_6,-0.014462673540381823
3,Ygap_6,0.0028769930956839824
4,Ygap_6,0.004346164173592025
5,Ygap_6,0.002889408472587325
6,Ygap_6,0.0015148883102963481
7,Ygap_6,0.0006490912110917815
8,Ygap_6,0.00017386424922673316
9,Ygap_6,-6.935202612150604e-5
10,Ygap_6,-0.00018831453228865814
11,Ygap_6,-0.000244281161572321
12,Ygap_6,-0.0002693554504157309
13,Ygap_6,-0.000279614376626582
14,Ygap_6,-0.00028288324074161436
15,Ygap_6,-0.0002828985039111701
16,Ygap_6,-0.0002814199823933617
17,Ygap_6,-0.00027926805501993397
18,Ygap_6,-0.0002768220823560443
19,Ygap_6,-0.000274256305164334
20,Ygap_6,-0.000271650254379556
21,Ygap_6,-0.00026903998906809354
22,Ygap_6,-0.000266441714822554
23,Ygap_6,-0.00026386261087898055
24,Ygap_6,-0.00026130577020291634
25,Ygap_6,-0.00025877244408492665
26,Ygap_6,-0.0002562630580029994
27,Ygap_6,-0.0002537776695869843
28,Ygap_6,-0.00025131617421952847
29,Ygap_6,-0.00024887839690743494
30,Ygap_6,-0.00024646413310311
31,Ygap_6,-0.00024407316671352613
32,Ygap_6,-0.000241705277969125
33,Ygap_6,-0.00023936024681525404
34,Ygap_6,-0.00023703785434342
35,Ygap_6,-0.00023473788337425517
36,Ygap_6,-0.00023246011867924455
37,Ygap_6,-0.00023020434705220698
38,Ygap_6,-0.00022797035732051156
39,Ygap_6,-0.00022575794033356548
40,Ygap_6,-0.00022356688894369764
1,Lgap_6,0.10644380760941445
2,Lgap_6,0.011872951010976313
3,Lgap_6,-0.009316981557369644
4,Lgap_6,-0.011063475574204647
5,Lgap_6,-0.008765377332186089
6,Lgap_6,-0.006467714803993979
7,Lgap_6,-0.004906711766030193
8,Lgap_6,-0.003978925791413301
9,Lgap_6,-0.0034599301940098186
10,Lgap_6,-0.003175693876897125
11,Lgap_6,-0.0030179566855093503
12,Lgap_6,-0.0029257507918539994
13,Lgap_6,-0.0028666363473402257
14,Lgap_6,-0.0028239718711149395
15,Lgap_6,-0.002789433443426341
16,Lgap_6,-0.002758933093810301
17,Lgap_6,-0.0027304903630046445
18,Lgap_6,-0.002703155493944803
19,Lgap_6,-0.0026764762625325705
20,Lgap_6,-0.0026502381707242083
21,Lgap_6,-0.0026243393876252243
22,Lgap_6,-0.0025987311296493923
23,Lgap_6,-0.002573389457295942
24,Lgap_6,-0.002548302018164555
25,Lgap_6,-0.0025234618484674303
26,Lgap_6,-0.0024988644878618134
27,Lgap_6,-0.0024745066417086233
28,Lgap_6,-0.0024503855629034533
29,Lgap_6,-0.0024264987670587906
30,Lgap_6,-0.002402843901600012
31,Lgap_6,-0.0023794186857102884
32,Lgap_6,-0.0023562208827963686
33,Lgap_6,-0.0023332482878416615
34,Lgap_6,-0.0023104987215562525
35,Lgap_6,-0.0022879700276219493
36,Lgap_6,-0.002265660071342761
37,Lgap_6,-0.0022435667389320195
38,Lgap_6,-0.00222168793708728
39,Lgap_6,-0.002200021592695142
40,Lgap_6,-0.0021785656525949884
1,Ygap_7,-0.24179776290269342
2,Ygap_7,-0.035235645466506114
3,Ygap_7,0.010714023924047375
4,Ygap_7,0.014892957312679832
5,Ygap_7,0.010725998195384055
6,Ygap_7,0.006559941472382285
7,Ygap_7,0.0037993362026259537
8,Ygap_7,0.0022092929022128234
9,Ygap_7,0.0013551482278441789
10,Ygap_7,0.0009142432721040574
11,Ygap_7,0.0006917426936202044
12,Ygap_7,0.0005804255887305139
13,Ygap_7,0.0005243016686420648
14,Ygap_7,0.0004950950424997906
15,Ygap_7,0.00047885098393518405
16,Ygap_7,0.0004687965585679229
17,Ygap_7,0.0004616855955660059
18,Ygap_7,0.00045597734084655464
19,Ygap_7,0.00045094610260476824
20,Ygap_7,0.0004462521604343085
21,Ygap_7,0.00044173722131719015
22,Ygap_7,0.0004373277537672213
23,Ygap_7,0.00043298962280099155
24,Ygap_7,0.0004287069234503215
25,Ygap_7,0.0004244721534798529
26,Ygap_7,0.00042028167034524085
27,Ygap_7,0.00041613359912494996
28,Ygap_7,0.0004120268725976721
29,Ygap_7,0.00040796079232922574
30,Ygap_7,0.0004039348286902505
31,Ygap_7,0.0003999485300733986
32,Ygap_7,0.0003960014818456977
33,Ygap_7,0.0003920932878694254
34,Ygap_7,0.00038822356222176154
35,Ygap_7,0.0003843919255012382
36,Ygap_7,0.00038059800318507065
37,Ygap_7,0.000376841424896865
38,Ygap_7,0.0003731218240746583
39,Ygap_7,0.0003694388378128721
40,Ygap_7,0.00036579210677855484
1,Lgap_7,-0.04491880854230234
2,Lgap_7,-0.009947124925102838
3,Lgap_7,-0.00188518666369831
4,Lgap_7,-0.0009453735271554808
5,Lgap_7,-0.001482846077212796
6,Lgap_7,-0.0020763203961820346
7,Lgap_7,-0.002470201134576021
8,Lgap_7,-0.002688191790961768
9,Lgap_7,-0.0027933056374509343
10,Lgap_7,-0.002834253532523645
11,Lgap_7,-0.002841024080157525
12,Lgap_7,-0.002830349862903549
13,Lgap_7,-0.0028110699217167535
14,Lgap_7,-0.002787693906278148
15,Lgap_7,-0.0027624677929869515
16,Lgap_7,-0.002736490259759906
17,Lgap_7,-0.002710291045206809
18,Lgap_7,-0.002684122258457088
19,Lgap_7,-0.0026581021973084316
20,Lgap_7,-0.002632285298041848
21,Lgap_7,-0.002606695766707694
22,Lgap_7,-0.002581343600528341
23,Lgap_7,-0.0025562321628326418
24,Lgap_7,-0.002531361741793427
25,Lgap_7,-0.0025067312131467237
26,Lgap_7,-0.002482338813216844
27,Lgap_7,-0.0024581824966442827
28,Lgap_7,-0.0024342601011649798
29,Lgap_7,-0.002410569423131251
30,Lgap_7,-0.002387108251912222
31,Lgap_7,-0.0023638743854283934
32,Lgap_7,-0.002340865637068185
33,Lgap_7,-0.0023180798386863754
34,Lgap_7,-0.002295514841831303
35,Lgap_7,-0.0022731685181767987
36,Lgap_7,-0.0022510387596004623
37,Lgap_7,-0.002229123478106737
38,Lgap_7,-0.002207420605683405
39,Lgap_7,-0.00218592809413057
40,Lgap_7,-0.0021646439148792353
1,Ygap_8,-0.09715294827586295
2,Ygap_8,-0.01136484026987976
3,Ygap_8,0.0036518905406983707
4,Ygap_8,0.004171753762957507
5,Ygap_8,0.0026395781002271196
6,Ygap_8,0.0013929356340998953
7,Ygap_8,0.0006409988777752985
8,Ygap_8,0.0002337249373076268
9,Ygap_8,2.5078657023336215e-5
10,Ygap_8,-7.799204862001727e-5
11,Ygap_8,-0.00012738571894722485
12,Ygap_8,-0.00015024739578909838
13,Ygap_8,-0.00016025020507286485
14,Ygap_8,-0.00016411284725483986
15,Ygap_8,-0.00016507932598832972
16,Ygap_8,-0.00016469557987158464
17,Ygap_8,-0.0001636908769060003
18,Ygap_8,-0.0001624064263324577
19,Ygap_8,-0.0001610007740376085
20,Ygap_8,-0.00015954713528024315
21,Ygap_8,-0.0001580791140750376
22,Ygap_8,-0.00015661202580717452
23,Ygap_8,-0.00015515278262785652
24,Ygap_8,-0.00015370445300453046
25,Ygap_8,-0.0001522683551794577
26,Ygap_8,-0.00015084501427249634
27,Ygap_8,-0.00014943459804026598
28,Ygap_8,-0.00014803711442362921
29,Ygap_8,-0.0001466525006860186
30,Ygap_8,-0.0001452806634185085
31,Ygap_8,-0.00014392149637670838
32,Ygap_8,-0.00014257488836730978
33,Ygap_8,-0.00014124072669600578
34,Ygap_8,-0.00013991889865088935
35,Ygap_8,-0.0001386092921251441
36,Ygap_8,-0.00013731179586782812
37,Ygap_8,-0.00013602629957703294
38,Ygap_8,-0.00013475269392815596
39,Ygap_8,-0.00013349087057663278
40,Ygap_8,-0.0001322407221514033
1,Lgap_8,-0.014481471562075653
2,Lgap_8,-0.005019533114306387
3,Lgap_8,-0.0029751344878890793
4,Lgap_8,-0.002664004357183743
5,Lgap_8,-0.0025708262279064524
6,Lgap_8,-0.00249852740277677
7,Lgap_8,-0.002437149782107509
8,Lgap_8,-0.0023883507323660467
9,Lgap_8,-0.0023499230787436226
10,Lgap_8,-0.0023185129595775715
11,Lgap_8,-0.002291388021878814
12,Lgap_8,-0.0022667530275440563
13,Lgap_8,-0.002243548602161927
14,Lgap_8,-0.0022211875188269475
15,Lgap_8,-0.0021993568606879354
16,Lgap_8,-0.002177894056114088
17,Lgap_8,-0.0021567158729058613
18,Lgap_8,-0.002135779860997477
19,Lgap_8,-0.0021150641373604913
20,Lgap_8,-0.002094557045761061
21,Lgap_8,-0.0020742519628353293
22,Lgap_8,-0.002054144724975617
23,Lgap_8,-0.002034232367191106
24,Lgap_8,-0.0020145125101641006
25,Lgap_8,-0.0019949830642782586
26,Lgap_8,-0.0019756420873944702
27,Lgap_8,-0.0019564877167255698
28,Lgap_8,-0.001937518136246002
29,Lgap_8,-0.0019187315610797186
30,Lgap_8,-0.0019001262299798048
31,Lgap_8,-0.001881700401659761
32,Lgap_8,-0.0018634523529580003
33,Lgap_8,-0.0018453803778763621
34,Lgap_8,-0.0018274827870365883
35,Lgap_8,-0.0018097579073379525
36,Lgap_8,-0.0017922040817125013
37,Lgap_8,-0.0017748196689284523
38,Lgap_8,-0.0017576030434179233
39,Lgap_8,-0.0017405525951173333
40,Lgap_8,-0.0017236667293148956
1,Ygap_9,-0.13310206815973816
2,Ygap_9,-0.020740466344873382
3,Ygap_9,0.005252386662807242
4,Ygap_9,0.007925946513882738
5,Ygap_9,0.0058719786845083865
6,Ygap_9,0.0037334695613247476
7,Ygap_9,0.0023085396155028363
8,Ygap_9,0.00148777147711021
9,Ygap_9,0.0010469973509555839
10,Ygap_9,0.0008188946750979015
11,Ygap_9,0.0007026602175979975
12,Ygap_9,0.0006430743671130039
13,Ygap_9,0.0006114607723976534
14,Ygap_9,0.000593423809567898
15,Ygap_9,0.0005819027599197287
16,Ygap_9,0.0005734920445675015
17,Ygap_9,0.0005665695074876289
18,Ygap_9,0.0005603698473732
19,Ygap_9,0.0005545346588433436
20,Ygap_9,0.0005488970049768972
21,Ygap_9,0.0005433793903759766
22,Ygap_9,0.0005379458515780739
23,Ygap_9,0.0005325796140226096
24,Ygap_9,0.0005272727312692533
25,Ygap_9,0.000522021303680399
26,Ygap_9,0.0005168232812137422
27,Ygap_9,0.0005116774575617552
28,Ygap_9,0.0005065830113272199
29,Ygap_9,0.0005015392974644018
30,Ygap_9,0.0004965457528176973
31,Ygap_9,0.0004916018534984469
32,Ygap_9,0.0004867070957285435
33,Ygap_9,0.0004818609872652147
34,Ygap_9,0.00047706304357507785
35,Ygap_9,0.00047231278612819256
36,Ygap_9,0.0004676097416320003
37,Ygap_9,0.00046295344167835063
38,Ygap_9,0.00045834342257002996
39,Ygap_9,0.0004537792252241215
40,Ygap_9,0.0004492603951076103
1,Lgap_9,0.13674417063067767
2,Lgap_9,0.015151010609695464
3,Lgap_9,-0.010589805119270504
4,Lgap_9,-0.012241512740838269
5,Lgap_9,-0.009199160878255983
6,Lgap_9,-0.00635445841038202
7,Lgap_9,-0.004488987008443558
8,Lgap_9,-0.00341142579383542
9,Lgap_9,-0.002824936486460106
10,Lgap_9,-0.0025134459633852774
11,Lgap_9,-0.0023472239100044115
12,Lgap_9,-0.0022550230072118363
13,Lgap_9,-0.0021996622609187525
14,Lgap_9,-0.0021623644749719484
15,Lgap_9,-0.0021338589486367444
16,Lgap_9,-0.0021096429003021793
17,Lgap_9,-0.002087555883052729
18,Lgap_9,-0.0020665707910505
19,Lgap_9,-0.002046202570233101
20,Lgap_9,-0.002026223077438838
21,Lgap_9,-0.002006525054447074
22,Lgap_9,-0.001987057788337651
23,Lgap_9,-0.0019677968880812656
24,Lgap_9,-0.0019487301676077624
25,Lgap_9,-0.0019298510834621647
26,Lgap_9,-0.001911155696783797
27,Lgap_9,-0.0018926412719362745
28,Lgap_9,-0.0018743056321793318
29,Lgap_9,-0.0018561468642904753
30,Lgap_9,-0.0018381631835191236
31,Lgap_9,-0.00182035287198841
32,Lgap_9,-0.001802714250645156
33,Lgap_9,-0.0017852456664880947
34,Lgap_9,-0.001767945486732559
35,Lgap_9,-0.0017508120961137305
36,Lgap_9,-0.0017338438956046396
37,Lgap_9,-0.0017170393017692195
38,Lgap_9,-0.0017003967463991988
39,Lgap_9,-0.001683914676277106
40,Lgap_9,-0.0016675915529953595
1,Ygap_10,-0.32433378921440925
2,Ygap_10,-0.04833475625523213
3,Ygap_10,0.013177651712066234
4,Ygap_10,0.018951982706561746
5,Ygap_10,0.013524941610712783
6,Ygap_10,0.008027583371625176
7,Ygap_10,0.004365399266627628
8,Ygap_10,0.0022492186156577326
9,Ygap_10,0.0011109788675473528
10,Ygap_10,0.0005245323610849924
11,Ygap_10,0.00023092244610446085
12,Ygap_10,8.693089505909299e-5
13,Ygap_10,1.7446310524066545e-5
14,Ygap_10,-1.561216786474475e-5
15,Ygap_10,-3.110621768008264e-5
16,Ygap_10,-3.8221239946734525e-5
17,Ygap_10,-4.137350492680929e-5
18,Ygap_10,-4.2665208283703814e-5
19,Ygap_10,-4.30890272357321e-5
20,Ygap_10,-4.311062886147106e-5
21,Ygap_10,-4.294724317478667e-5
22,Ygap_10,-4.2699715825539664e-5
23,Ygap_10,-4.2414659042260886e-5
24,Ygap_10,-4.211352964196491e-5
25,Ygap_10,-4.180616474527785e-5
26,Ygap_10,-4.149705475629987e-5
27,Ygap_10,-4.118823893484543e-5
28,Ygap_10,-4.0880637021271034e-5
29,Ygap_10,-4.057465943137771e-5
30,Ygap_10,-4.027048585533527e-5
31,Ygap_10,-3.9968191972104806e-5
32,Ygap_10,-3.966780683913055e-5
33,Ygap_10,-3.9369338757847764e-5
34,Ygap_10,-3.9072786863221134e-5
35,Ygap_10,-3.877814627910258e-5
36,Ygap_10,-3.848541039034817e-5
37,Ygap_10,-3.8194571832152905e-5
38,Ygap_10,-3.790562291392641e-5
39,Ygap_10,-3.7618555796979815e-5
40,Ygap_10,-3.733336256682769e-5
1,Lgap_10,-0.22109707292417607
2,Lgap_10,-0.03679966582601505
3,Lgap_10,0.006297127062975586
4,Lgap_10,0.010954128281893474
5,Lgap_10,0.007525225141117515
6,Lgap_10,0.0038541786141373493
7,Lgap_10,0.0013718288405895113
8,Lgap_10,-6.954663044599551e-5
9,Lgap_10,-0.0008426288246194927
10,Lgap_10,-0.00123540183105482
11,Lgap_10,-0.0014251790561810138
12,Lgap_10,-0.0015108204830300315
13,Lgap_10,-0.001544475165074901
14,Lgap_10,-0.0015527027175834729
15,Lgap_10,-0.0015487077463079166
16,Lgap_10,-0.001538941202953928
17,Lgap_10,-0.0015265129916221187
18,Lgap_10,-0.0015129066411102023
19,Lgap_10,-0.001498823656409249
20,Lgap_10,-0.0014845931325415558
21,Lgap_10,-0.0014703681984525058
22,Lgap_10,-0.0014562193760545513
23,Lgap_10,-0.001442178622612707
24,Lgap_10,-0.0014282599807881123
25,Lgap_10,-0.0014144692102800458
26,Lgap_10,-0.0014008082597305295
27,Lgap_10,-0.0013872773344484972
28,Lgap_10,-0.0013738758488061119
29,Lgap_10,-0.001360602863265402
30,Lgap_10,-0.0013474572841411805
31,Lgap_10,-0.0013344379545234253
32,Lgap_10,-0.0013215436954508442
33,Lgap_10,-0.0013087733244318514
34,Lgap_10,-0.0012961256636942811
35,Lgap_10,-0.0012835995438005546
36,Lgap_10,-0.0012711938051839546
37,Lgap_10,-0.0012589072987594944
38,Lgap_10,-0.00124673888612678
39,Lgap_10,-0.001234687439595602
40,Lgap_10,-0.0012227518421360501
1,Ygap_11,0.015649419109711998
2,Ygap_11,0.0055289685767799775
3,Ygap_11,-0.00015996174875224087
4,Ygap_11,-0.0014016156381959194
5,Ygap_11,-0.001331738999585568
6,Ygap_11,-0.0010432292307603818
7,Ygap_11,-0.0008080154682004033
8,Ygap_11,-0.0006575353965524799
9,Ygap_11,-0.0005698475524992786
10,Ygap_11,-0.0005205748012755005
11,Ygap_11,-0.0004928237756090724
12,Ygap_11,-0.0004765432072234779
13,Ygap_11,-0.00046618871005156776
14,Ygap_11,-0.0004588369493072921
15,Ygap_11,-0.00045299201694957747
16,Ygap_11,-0.0004479045222443678
17,Ygap_11,-0.00044320491225051595
18,Ygap_11,-0.0004387131011772411
19,Ygap_11,-0.00043434210067810593
20,Ygap_11,-0.0004300501300504088
21,Ygap_11,-0.00042581715265338136
22,Ygap_11,-0.0004216335081996571
23,Ygap_11,-0.0004174944554450828
24,Ygap_11,-0.0004133975722615827
25,Ygap_11,-0.00040934152509458925
26,Ygap_11,-0.0004053254898882994
27,Ygap_11,-0.0004013488809860125
28,Ygap_11,-0.00039741122481393295
29,Ygap_11,-0.00039351210128759316
30,Ygap_11,-0.0003896511167474859
31,Ygap_11,-0.00038582789150757045
32,Ygap_11,-0.0003820420541461443
33,Ygap_11,-0.0003782932388932355
34,Ygap_11,-0.00037458108443306104
35,Ygap_11,-0.00037090523334955126
36,Ygap_11,-0.0003672653318622691
37,Ygap_11,-0.00036366102969247736
38,Ygap_11,-0.0003600919799870288
39,Ygap_11,-0.00035655783926769513
40,Ygap_11,-0.0003530582673915748
1,Lgap_11,0.1414019828307094
2,Lgap_11,0.022092349470102503
3,Lgap_11,-0.007853653294028814
4,Lgap_11,-0.01109839289295379
5,Lgap_11,-0.00857706045636197
6,Lgap_11,-0.005893326648216125
7,Lgap_11,-0.0040737608923799165
8,Lgap_11,-0.003007594291589561
9,Lgap_11,-0.0024236399036663358
10,Lgap_11,-0.002113393605517071
11,Lgap_11,-0.0019489519176288024
12,Lgap_11,-0.001859236642304575
13,Lgap_11,-0.0018068668317082455
14,Lgap_11,-0.001772857356483291
15,Lgap_11,-0.0017477933866839395
16,Lgap_11,-0.0017270856615764591
17,Lgap_11,-0.001708525650608672
18,Lgap_11,-0.0016910607959613494
19,Lgap_11,-0.0016741930698786801
20,Lgap_11,-0.0016576879482588357
21,Lgap_11,-0.001641435171677602
22,Lgap_11,-0.001625382719086921
23,Lgap_11,-0.0016095057234501472
24,Lgap_11,-0.0015937919246583872
25,Lgap_11,-0.0015782348959830017
26,Lgap_11,-0.001562830903894844
27,Lgap_11,-0.0015475774579490223
28,Lgap_11,-0.0015324726435055882
29,Lgap_11,-0.001517514815694858
30,Lgap_11,-0.0015027024595022837
31,Lgap_11,-0.0014880341259900162
32,Lgap_11,-0.0014735084032982116
33,Lgap_11,-0.001459123903479563
34,Lgap_11,-0.001444879256514888
35,Lgap_11,-0.0014307731075722343
36,Lgap_11,-0.001416804115723756
37,Lgap_11,-0.0014029709533141903
38,Lgap_11,-0.0013892723056186027
39,Lgap_11,-0.00137570687062756
40,Lgap_11,-0.0013622733588880245
1,Ygap_12,0.04530904263723396
2,Ygap_12,0.0036877225947832826
3,Ygap_12,-0.006341943157290972
4,Ygap_12,-0.006924394323237573
5,Ygap_12,-0.0056048056201631795
6,Ygap_12,-0.00438183008565094
7,Ygap_12,-0.003573553328780562
8,Ygap_12,-0.0030981131928909814
9,Ygap_12,-0.002830828792781863
10,Ygap_12,-0.0026808028682046192
11,Ygap_12,-0.002593192774638721
12,Ygap_12,-0.0025376854221624114
13,Ygap_12,-0.00249834687818348
14,Ygap_12,-0.0024670680885637516
15,Ygap_12,-0.002439813512135886
16,Ygap_12,-0.0024146070712524788
17,Ygap_12,-0.002390492623103921
18,Ygap_12,-0.0023670114803413154
19,Ygap_12,-0.002343944753440679
20,Ygap_12,-0.002321188083902858
21,Ygap_12,-0.002298691410104895
22,Ygap_12,-0.0022764302568770672
23,Ygap_12,-0.002254392148250059
24,Ygap_12,-0.002232570215395315
25,Ygap_12,-0.0022109602046327917
26,Ygap_12,-0.0021895590830156558
27,Ygap_12,-0.0021683643909298353
28,Ygap_12,-0.0021473739425220415
29,Ygap_12,-0.0021265856874801673
30,Ygap_12,-0.002105997647408996
31,Ygap_12,-0.0020856078865834652
32,Ygap_12,-0.002065414498497255
33,Ygap_12,-0.0020454155996473904
34,Ygap_12,-0.0020256093266237773
35,Ygap_12,-0.002005993834703753
36,Ygap_12,-0.0019865672971297746
37,Ygap_12,-0.0019673279046964758
38,Ygap_12,-0.0019482738654773612
39,Ygap_12,-0.0019294034046148077
40,Ygap_12,-0.0019107147641387653
1,Lgap_12,0.12028842430673989
2,Lgap_12,0.014144190603151197
3,Lgap_12,-0.010592770193423574
4,Lgap_12,-0.012653661580256948
5,Lgap_12,-0.01012582707047339
6,Lgap_12,-0.007648369830562358
7,Lgap_12,-0.005997623582399265
8,Lgap_12,-0.005030274586209447
9,Lgap_12,-0.004492815807735288
10,Lgap_12,-0.004197446661552708
11,Lgap_12,-0.004030567493398553
12,Lgap_12,-0.003929482926926164
13,Lgap_12,-0.0038613432050915346
14,Lgap_12,-0.0038094980856038995
15,Lgap_12,-0.003765698555995444
16,Lgap_12,-0.0037259244641930354
17,Lgap_12,-0.003688240229022926
18,Lgap_12,-0.0036517221398748878
19,Lgap_12,-0.0036159319246290376
20,Lgap_12,-0.00358066206175949
21,Lgap_12,-0.0035458139087572375
22,Lgap_12,-0.0035113398901444118
23,Lgap_12,-0.0034772162662548164
24,Lgap_12,-0.0034434303814317438
25,Lgap_12,-0.0034099747222314596
26,Lgap_12,-0.0033768441606971287
27,Lgap_12,-0.0033440346802266277
28,Lgap_12,-0.0033115427886972596
29,Lgap_12,-0.003279365248983254
30,Lgap_12,-0.003247498955549938
31,Lgap_12,-0.00321594087805788
32,Lgap_12,-0.003184688035606838
33,Lgap_12,-0.0031537374849428456
34,Lgap_12,-0.0031230863150060804
35,Lgap_12,-0.0030927316443469096
36,Lgap_12,-0.0030626706198337112
37,Lgap_12,-0.003032900415939856
38,Lgap_12,-0.003003418234289127
39,Lgap_12,-0.002974221303316058
40,Lgap_12,-0.00294530687797753
1,AUX_ENDO_LAG_20_1,0.0
2,AUX_ENDO_LAG_20_1,-3.432147246522181e-6
3,AUX_ENDO_LAG_20_1,-0.0004021661014077658
4,AUX_ENDO_LAG_20_1,-0.00045426783530476915
5,AUX_ENDO_LAG_20_1,-0.0003638418896398418
6,AUX_ENDO_LAG_20_1,-0.00024145432992749762
7,AUX_ENDO_LAG_20_1,-0.00013270619508127181
8,AUX_ENDO_LAG_20_1,-5.00969783115726e-5
9,AUX_ENDO_LAG_20_1,7.5935294081202585e-6
10,AUX_ENDO_LAG_20_1,4.577149128728716e-5
11,AUX_ENDO_LAG_20_1,7.005750798905938e-5
12,AUX_ENDO_LAG_20_1,8.499016210390576e-5
13,AUX_ENDO_LAG_20_1,9.384922842456057e-5
14,AUX_ENDO_LAG_20_1,9.886195090571277e-5
15,AUX_ENDO_LAG_20_1,0.00010148273722462556
16,AUX_ENDO_LAG_20_1,0.00010263659032067403
17,AUX_ENDO_LAG_20_1,0.00010290098921108365
18,AUX_ENDO_LAG_20_1,0.00010263163696630129
19,AUX_ENDO_LAG_20_1,0.00010204546098070186
20,AUX_ENDO_LAG_20_1,0.0001012737655808872
21,AUX_ENDO_LAG_20_1,0.00010039556965256479
22,AUX_ENDO_LAG_20_1,9.94582086976831e-5
23,AUX_ENDO_LAG_20_1,9.848992977589652e-5
24,AUX_ENDO_LAG_20_1,9.750752998376204e-5
25,AUX_ENDO_LAG_20_1,9.65209612887149e-5
26,AUX_ENDO_LAG_20_1,9.553609399691904e-5
27,AUX_ENDO_LAG_20_1,9.455636947937892e-5
28,AUX_ENDO_LAG_20_1,9.358378601497654e-5
29,AUX_ENDO_LAG_20_1,9.261948566149332e-5
30,AUX_ENDO_LAG_20_1,9.166410308131555e-5
31,AUX_ENDO_LAG_20_1,9.071797263148464e-5
32,AUX_ENDO_LAG_20_1,8.978125119566518e-5
33,AUX_ENDO_LAG_20_1,8.885399098759636e-5
34,AUX_ENDO_LAG_20_1,8.793618267755146e-5
35,AUX_ENDO_LAG_20_1,8.702778092692125e-5
36,AUX_ENDO_LAG_20_1,8.61287195004313e-5
37,AUX_ENDO_LAG_20_1,8.523892020619996e-5
38,AUX_ENDO_LAG_20_1,8.435829818181855e-5
39,AUX_ENDO_LAG_20_1,8.348676501778699e-5
40,AUX_ENDO_LAG_20_1,8.262423060123055e-5
1,AUX_ENDO_LAG_21_1,0.0
2,AUX_ENDO_LAG_21_1,-8.685034090523285e-7
3,AUX_ENDO_LAG_21_1,-6.741754297371634e-5
4,AUX_ENDO_LAG_21_1,-7.714938283585014e-5
5,AUX_ENDO_LAG_21_1,-6.314674919154861e-5
6,AUX_ENDO_LAG_21_1,-4.3567901491870145e-5
7,AUX_ENDO_LAG_21_1,-2.5999767415036496e-5
8,AUX_ENDO_LAG_21_1,-1.2582959126375778e-5
9,AUX_ENDO_LAG_21_1,-3.175777553888051e-6
10,AUX_ENDO_LAG_21_1,3.0743908846310575e-6
11,AUX_ENDO_LAG_21_1,7.070314436637376e-6
12,AUX_ENDO_LAG_21_1,9.545780012105036e-6
13,AUX_ENDO_LAG_21_1,1.1032776845092584e-5
14,AUX_ENDO_LAG_21_1,1.1893225540320936e-5
15,AUX_ENDO_LAG_21_1,1.2363716702719977e-5
16,AUX_ENDO_LAG_21_1,1.2594820852144318e-5
17,AUX_ENDO_LAG_21_1,1.2680578327946336e-5
18,AUX_ENDO_LAG_21_1,1.2678930381938849e-5
19,AUX_ENDO_LAG_21_1,1.2625220388844383e-5
20,AUX_ENDO_LAG_21_1,1.254084566701326e-5
21,AUX_ENDO_LAG_21_1,1.243868607626304e-5
22,AUX_ENDO_LAG_21_1,1.2326459578918779e-5
23,AUX_ENDO_LAG_21_1,1.220877393925633e-5
24,AUX_ENDO_LAG_21_1,1.2088371143898082e-5
25,AUX_ENDO_LAG_21_1,1.1966877654493818e-5
26,AUX_ENDO_LAG_21_1,1.1845254683783158e-5
27,AUX_ENDO_LAG_21_1,1.1724067508849808e-5
28,AUX_ENDO_LAG_21_1,1.1603646128553609e-5
29,AUX_ENDO_LAG_21_1,1.1484180911758246e-5
30,AUX_ENDO_LAG_21_1,1.1365779455062293e-5
31,AUX_ENDO_LAG_21_1,1.1248500342058603e-5
32,AUX_ENDO_LAG_21_1,1.11323731697779e-5
33,AUX_ENDO_LAG_21_1,1.1017410420303935e-5
34,AUX_ENDO_LAG_21_1,1.0903614494329489e-5
35,AUX_ENDO_LAG_21_1,1.0790981876429094e-5
36,AUX_ENDO_LAG_21_1,1.0679505600762987e-5
37,AUX_ENDO_LAG_21_1,1.0569176710137844e-5
38,AUX_ENDO_LAG_21_1,1.0459985119029427e-5
39,AUX_ENDO_LAG_21_1,1.0351920123775688e-5
40,AUX_ENDO_LAG_21_1,1.0244970703950286e-5
1,AUX_ENDO_LAG_142_1,0.0
2,AUX_ENDO_LAG_142_1,-3.642710012091829e-18
3,AUX_ENDO_LAG_142_1,-7.013858320709429e-18
4,AUX_ENDO_LAG_142_1,-5.536324056406158e-18
5,AUX_ENDO_LAG_142_1,-3.545267164882129e-18
6,AUX_ENDO_LAG_142_1,-2.062023662775109e-18
7,AUX_ENDO_LAG_142_1,-1.1345206391941117e-18
8,AUX_ENDO_LAG_142_1,-6.020041978348271e-19
9,AUX_ENDO_LAG_142_1,-3.113944056923855e-19
10,AUX_ENDO_LAG_142_1,-1.580517061959955e-19
11,AUX_ENDO_LAG_142_1,-7.905694407988323e-20
12,AUX_ENDO_LAG_142_1,-3.9086994842693494e-20
13,AUX_ENDO_LAG_142_1,-1.914313028470552e-20
14,AUX_ENDO_LAG_142_1,-9.302082588125458e-21
15,AUX_ENDO_LAG_142_1,-4.4902254878856985e-21
16,AUX_ENDO_LAG_142_1,-2.155235136375088e-21
17,AUX_ENDO_LAG_142_1,-1.0294202595033773e-21
18,AUX_ENDO_LAG_142_1,-4.895893823269558e-22
19,AUX_ENDO_LAG_142_1,-2.319711443291861e-22
20,AUX_ENDO_LAG_142_1,-1.0954252207756618e-22
21,AUX_ENDO_LAG_142_1,-5.157425939082143e-23
22,AUX_ENDO_LAG_142_1,-2.421675770332872e-23
23,AUX_ENDO_LAG_142_1,-1.1343420208276153e-23
24,AUX_ENDO_LAG_142_1,-5.3016847960324935e-24
25,AUX_ENDO_LAG_142_1,-2.472918078545925e-24
26,AUX_ENDO_LAG_142_1,-1.151343666005227e-24
27,AUX_ENDO_LAG_142_1,-5.351360749420375e-25
28,AUX_ENDO_LAG_142_1,-2.483387895974701e-25
29,AUX_ENDO_LAG_142_1,-1.1507915125115333e-25
30,AUX_ENDO_LAG_142_1,-5.325565231912696e-26
31,AUX_ENDO_LAG_142_1,-2.4614568898185396e-26
32,AUX_ENDO_LAG_142_1,-1.1363513857951096e-26
33,AUX_ENDO_LAG_142_1,-5.240344231630805e-27
34,AUX_ENDO_LAG_142_1,-2.414145904903777e-27
35,AUX_ENDO_LAG_142_1,-1.1110939580996387e-27
36,AUX_ENDO_LAG_142_1,-5.109122036187588e-28
37,AUX_ENDO_LAG_142_1,-2.3473211128479567e-28
38,AUX_ENDO_LAG_142_1,-1.077581444161614e-28
39,AUX_ENDO_LAG_142_1,-4.9430843792365935e-29
40,AUX_ENDO_LAG_142_1,-2.2658633240398126e-29
1,AUX_ENDO_LAG_143_1,0.0
2,AUX_ENDO_LAG_143_1,0.0
3,AUX_ENDO_LAG_143_1,-1.6008380084957074e-18
4,AUX_ENDO_LAG_143_1,-1.429300956655434e-18
5,AUX_ENDO_LAG_143_1,-9.571086583344409e-19
6,AUX_ENDO_LAG_143_1,-5.697000836314513e-19
7,AUX_ENDO_LAG_143_1,-3.179088351771609e-19
8,AUX_ENDO_LAG_143_1,-1.703060771307827e-19
9,AUX_ENDO_LAG_143_1,-8.869992173515842e-20
10,AUX_ENDO_LAG_143_1,-4.5254470227826666e-20
11,AUX_ENDO_LAG_143_1,-2.2727952298134917e-20
12,AUX_ENDO_LAG_143_1,-1.1273638414569173e-20
13,AUX_ENDO_LAG_143_1,-5.536089315083194e-21
14,AUX_ENDO_LAG_143_1,-2.6961121313343297e-21
15,AUX_ENDO_LAG_143_1,-1.3039062240500937e-21
16,AUX_ENDO_LAG_143_1,-6.268697935193119e-22
17,AUX_ENDO_LAG_143_1,-2.998381352745912e-22
18,AUX_ENDO_LAG_143_1,-1.427781970244339e-22
19,AUX_ENDO_LAG_143_1,-6.77231474376653e-23
20,AUX_ENDO_LAG_143_1,-3.2011573282611315e-23
21,AUX_ENDO_LAG_143_1,-1.508462146782555e-23
22,AUX_ENDO_LAG_143_1,-7.088545196928756e-24
23,AUX_ENDO_LAG_143_1,-3.3227121034018594e-24
24,AUX_ENDO_LAG_143_1,-1.553969179822667e-24
25,AUX_ENDO_LAG_143_1,-7.252602208338045e-25
26,AUX_ENDO_LAG_143_1,-3.3784972141293155e-25
27,AUX_ENDO_LAG_143_1,-1.5710812069553747e-25
28,AUX_ENDO_LAG_143_1,-7.29421020295053e-26
29,AUX_ENDO_LAG_143_1,-3.3815436073581716e-26
30,AUX_ENDO_LAG_143_1,-1.56550897260302e-26
31,AUX_ENDO_LAG_143_1,-7.23838750495248e-27
32,AUX_ENDO_LAG_143_1,-3.3428076518734495e-27
33,AUX_ENDO_LAG_143_1,-1.5420488376590351e-27
34,AUX_ENDO_LAG_143_1,-7.106122900964405e-28
35,AUX_ENDO_LAG_143_1,-3.271470266826489e-28
36,AUX_ENDO_LAG_143_1,-1.5047150205251221e-28
37,AUX_ENDO_LAG_143_1,-6.914960205224839e-29
38,AUX_ENDO_LAG_143_1,-3.175195300639408e-29
39,AUX_ENDO_LAG_143_1,-1.456853789645471e-29
40,AUX_ENDO_LAG_143_1,-6.679502890721742e-30
1,AUX_ENDO_LAG_144_1,-0.0
2,AUX_ENDO_LAG_144_1,0.9999999999999999
3,AUX_ENDO_LAG_144_1,0.44642273267815996
4,AUX_ENDO_LAG_144_1,0.1992932562518359
5,AUX_ENDO_LAG_144_1,0.08896904006027338
6,AUX_ENDO_LAG_144_1,0.03971780198745993
7,AUX_ENDO_LAG_144_1,0.017730929699211917
8,AUX_ENDO_LAG_144_1,0.00791549008924653
9,AUX_ENDO_LAG_144_1,0.0035336547161283283
10,AUX_ENDO_LAG_144_1,0.0015775037947150764
11,AUX_ENDO_LAG_144_1,0.0007042335548468715
12,AUX_ENDO_LAG_144_1,0.00031438586799839525
13,AUX_ENDO_LAG_144_1,0.0001403489983072389
14,AUX_ENDO_LAG_144_1,6.265498335296004e-5
15,AUX_ENDO_LAG_144_1,2.7970608884333047e-5
16,AUX_ENDO_LAG_144_1,1.2486715652815978e-5
17,AUX_ENDO_LAG_144_1,5.574353723905263e-6
18,AUX_ENDO_LAG_144_1,2.4885182223404655e-6
19,AUX_ENDO_LAG_144_1,1.1109311051366276e-6
20,AUX_ENDO_LAG_144_1,4.959448997722616e-7
21,AUX_ENDO_LAG_144_1,2.214010774141292e-7
22,AUX_ENDO_LAG_144_1,9.88384739971044e-8
23,AUX_ENDO_LAG_144_1,4.4123741655526605e-8
24,AUX_ENDO_LAG_144_1,1.9697841325845347e-8
25,AUX_ENDO_LAG_144_1,8.79356415254467e-9
26,AUX_ENDO_LAG_144_1,3.9256469389597004e-9
27,AUX_ENDO_LAG_144_1,1.7524980340200432e-9
28,AUX_ENDO_LAG_144_1,7.823549613603307e-10
29,AUX_ENDO_LAG_144_1,3.4926103977479514e-10
30,AUX_ENDO_LAG_144_1,1.5591806779427957e-10
31,AUX_ENDO_LAG_144_1,6.960536989862091e-11
32,AUX_ENDO_LAG_144_1,3.107341943921649e-11
33,AUX_ENDO_LAG_144_1,1.3871880819709683e-11
34,AUX_ENDO_LAG_144_1,6.192722942920552e-12
35,AUX_ENDO_LAG_144_1,2.76457229889733e-12
36,AUX_ENDO_LAG_144_1,1.2341679203600889e-12
37,AUX_ENDO_LAG_144_1,5.509606155908727e-13
38,AUX_ENDO_LAG_144_1,2.4596134361011864e-13
39,AUX_ENDO_LAG_144_1,1.0980273514762105e-13
40,AUX_ENDO_LAG_144_1,4.9018437080137236e-14
1,AUX_ENDO_LAG_145_1,0.0
2,AUX_ENDO_LAG_145_1,0.0
3,AUX_ENDO_LAG_145_1,0.0
4,AUX_ENDO_LAG_145_1,0.0
5,AUX_ENDO_LAG_145_1,0.0
6,AUX_ENDO_LAG_145_1,0.0
7,AUX_ENDO_LAG_145_1,0.0
8,AUX_ENDO_LAG_145_1,0.0
9,AUX_ENDO_LAG_145_1,0.0
10,AUX_ENDO_LAG_145_1,0.0
11,AUX_ENDO_LAG_145_1,0.0
12,AUX_ENDO_LAG_145_1,0.0
13,AUX_ENDO_LAG_145_1,0.0
14,AUX_ENDO_LAG_145_1,0.0
15,AUX_ENDO_LAG_145_1,0.0
16,AUX_ENDO_LAG_145_1,0.0
17,AUX_ENDO_LAG_145_1,0.0
18,AUX_ENDO_LAG_145_1,0.0
19,AUX_ENDO_LAG_145_1,0.0
20,AUX_ENDO_LAG_145_1,0.0
21,AUX_ENDO_LAG_145_1,0.0
22,AUX_ENDO_LAG_145_1,0.0
23,AUX_ENDO_LAG_145_1,0.0
24,AUX_ENDO_LAG_145_1,0.0
25,AUX_ENDO_LAG_145_1,0.0
26,AUX_ENDO_LAG_145_1,0.0
27,AUX_ENDO_LAG_145_1,0.0
28,AUX_ENDO_LAG_145_1,0.0
29,AUX_ENDO_LAG_145_1,0.0
30,AUX_ENDO_LAG_145_1,0.0
31,AUX_ENDO_LAG_145_1,0.0
32,AUX_ENDO_LAG_145_1,0.0
33,AUX_ENDO_LAG_145_1,0.0
34,AUX_ENDO_LAG_145_1,0.0
35,AUX_ENDO_LAG_145_1,0.0
36,AUX_ENDO_LAG_145_1,0.0
37,AUX_ENDO_LAG_145_1,0.0
38,AUX_ENDO_LAG_145_1,0.0
39,AUX_ENDO_LAG_145_1,0.0
40,AUX_ENDO_LAG_145_1,0.0
1,AUX_ENDO_LAG_146_1,0.0
2,AUX_ENDO_LAG_146_1,0.0
3,AUX_ENDO_LAG_146_1,0.0
4,AUX_ENDO_LAG_146_1,0.0
5,AUX_ENDO_LAG_146_1,0.0
6,AUX_ENDO_LAG_146_1,0.0
7,AUX_ENDO_LAG_146_1,0.0
8,AUX_ENDO_LAG_146_1,0.0
9,AUX_ENDO_LAG_146_1,0.0
10,AUX_ENDO_LAG_146_1,0.0
11,AUX_ENDO_LAG_146_1,0.0
12,AUX_ENDO_LAG_146_1,0.0
13,AUX_ENDO_LAG_146_1,0.0
14,AUX_ENDO_LAG_146_1,0.0
15,AUX_ENDO_LAG_146_1,0.0
16,AUX_ENDO_LAG_146_1,0.0
17,AUX_ENDO_LAG_146_1,0.0
18,AUX_ENDO_LAG_146_1,0.0
19,AUX_ENDO_LAG_146_1,0.0
20,AUX_ENDO_LAG_146_1,0.0
21,AUX_ENDO_LAG_146_1,0.0
22,AUX_ENDO_LAG_146_1,0.0
23,AUX_ENDO_LAG_146_1,0.0
24,AUX_ENDO_LAG_146_1,0.0
25,AUX_ENDO_LAG_146_1,0.0
26,AUX_ENDO_LAG_146_1,0.0
27,AUX_ENDO_LAG_146_1,0.0
28,AUX_ENDO_LAG_146_1,0.0
29,AUX_ENDO_LAG_146_1,0.0
30,AUX_ENDO_LAG_146_1,0.0
31,AUX_ENDO_LAG_146_1,0.0
32,AUX_ENDO_LAG_146_1,0.0
33,AUX_ENDO_LAG_146_1,0.0
34,AUX_ENDO_LAG_146_1,0.0
35,AUX_ENDO_LAG_146_1,0.0
36,AUX_ENDO_LAG_146_1,0.0
37,AUX_ENDO_LAG_146_1,0.0
38,AUX_ENDO_LAG_146_1,0.0
39,AUX_ENDO_LAG_146_1,0.0
40,AUX_ENDO_LAG_146_1,0.0
1,AUX_ENDO_LAG_147_1,0.0
2,AUX_ENDO_LAG_147_1,0.0
3,AUX_ENDO_LAG_147_1,0.0
4,AUX_ENDO_LAG_147_1,0.0
5,AUX_ENDO_LAG_147_1,0.0
6,AUX_ENDO_LAG_147_1,0.0
7,AUX_ENDO_LAG_147_1,0.0
8,AUX_ENDO_LAG_147_1,0.0
9,AUX_ENDO_LAG_147_1,0.0
10,AUX_ENDO_LAG_147_1,0.0
11,AUX_ENDO_LAG_147_1,0.0
12,AUX_ENDO_LAG_147_1,0.0
13,AUX_ENDO_LAG_147_1,0.0
14,AUX_ENDO_LAG_147_1,0.0
15,AUX_ENDO_LAG_147_1,0.0
16,AUX_ENDO_LAG_147_1,0.0
17,AUX_ENDO_LAG_147_1,0.0
18,AUX_ENDO_LAG_147_1,0.0
19,AUX_ENDO_LAG_147_1,0.0
20,AUX_ENDO_LAG_147_1,0.0
21,AUX_ENDO_LAG_147_1,0.0
22,AUX_ENDO_LAG_147_1,0.0
23,AUX_ENDO_LAG_147_1,0.0
24,AUX_ENDO_LAG_147_1,0.0
25,AUX_ENDO_LAG_147_1,0.0
26,AUX_ENDO_LAG_147_1,0.0
27,AUX_ENDO_LAG_147_1,0.0
28,AUX_ENDO_LAG_147_1,0.0
29,AUX_ENDO_LAG_147_1,0.0
30,AUX_ENDO_LAG_147_1,0.0
31,AUX_ENDO_LAG_147_1,0.0
32,AUX_ENDO_LAG_147_1,0.0
33,AUX_ENDO_LAG_147_1,0.0
34,AUX_ENDO_LAG_147_1,0.0
35,AUX_ENDO_LAG_147_1,0.0
36,AUX_ENDO_LAG_147_1,0.0
37,AUX_ENDO_LAG_147_1,0.0
38,AUX_ENDO_LAG_147_1,0.0
39,AUX_ENDO_LAG_147_1,0.0
40,AUX_ENDO_LAG_147_1,0.0
1,AUX_ENDO_LAG_148_1,0.0
2,AUX_ENDO_LAG_148_1,0.0
3,AUX_ENDO_LAG_148_1,0.0
4,AUX_ENDO_LAG_148_1,0.0
5,AUX_ENDO_LAG_148_1,0.0
6,AUX_ENDO_LAG_148_1,0.0
7,AUX_ENDO_LAG_148_1,0.0
8,AUX_ENDO_LAG_148_1,0.0
9,AUX_ENDO_LAG_148_1,0.0
10,AUX_ENDO_LAG_148_1,0.0
11,AUX_ENDO_LAG_148_1,0.0
12,AUX_ENDO_LAG_148_1,0.0
13,AUX_ENDO_LAG_148_1,0.0
14,AUX_ENDO_LAG_148_1,0.0
15,AUX_ENDO_LAG_148_1,0.0
16,AUX_ENDO_LAG_148_1,0.0
17,AUX_ENDO_LAG_148_1,0.0
18,AUX_ENDO_LAG_148_1,0.0
19,AUX_ENDO_LAG_148_1,0.0
20,AUX_ENDO_LAG_148_1,0.0
21,AUX_ENDO_LAG_148_1,0.0
22,AUX_ENDO_LAG_148_1,0.0
23,AUX_ENDO_LAG_148_1,0.0
24,AUX_ENDO_LAG_148_1,0.0
25,AUX_ENDO_LAG_148_1,0.0
26,AUX_ENDO_LAG_148_1,0.0
27,AUX_ENDO_LAG_148_1,0.0
28,AUX_ENDO_LAG_148_1,0.0
29,AUX_ENDO_LAG_148_1,0.0
30,AUX_ENDO_LAG_148_1,0.0
31,AUX_ENDO_LAG_148_1,0.0
32,AUX_ENDO_LAG_148_1,0.0
33,AUX_ENDO_LAG_148_1,0.0
34,AUX_ENDO_LAG_148_1,0.0
35,AUX_ENDO_LAG_148_1,0.0
36,AUX_ENDO_LAG_148_1,0.0
37,AUX_ENDO_LAG_148_1,0.0
38,AUX_ENDO_LAG_148_1,0.0
39,AUX_ENDO_LAG_148_1,0.0
40,AUX_ENDO_LAG_148_1,0.0
1,AUX_ENDO_LAG_149_1,0.0
2,AUX_ENDO_LAG_149_1,0.0
3,AUX_ENDO_LAG_149_1,0.0
4,AUX_ENDO_LAG_149_1,0.0
5,AUX_ENDO_LAG_149_1,0.0
6,AUX_ENDO_LAG_149_1,0.0
7,AUX_ENDO_LAG_149_1,0.0
8,AUX_ENDO_LAG_149_1,0.0
9,AUX_ENDO_LAG_149_1,0.0
10,AUX_ENDO_LAG_149_1,0.0
11,AUX_ENDO_LAG_149_1,0.0
12,AUX_ENDO_LAG_149_1,0.0
13,AUX_ENDO_LAG_149_1,0.0
14,AUX_ENDO_LAG_149_1,0.0
15,AUX_ENDO_LAG_149_1,0.0
16,AUX_ENDO_LAG_149_1,0.0
17,AUX_ENDO_LAG_149_1,0.0
18,AUX_ENDO_LAG_149_1,0.0
19,AUX_ENDO_LAG_149_1,0.0
20,AUX_ENDO_LAG_149_1,0.0
21,AUX_ENDO_LAG_149_1,0.0
22,AUX_ENDO_LAG_149_1,0.0
23,AUX_ENDO_LAG_149_1,0.0
24,AUX_ENDO_LAG_149_1,0.0
25,AUX_ENDO_LAG_149_1,0.0
26,AUX_ENDO_LAG_149_1,0.0
27,AUX_ENDO_LAG_149_1,0.0
28,AUX_ENDO_LAG_149_1,0.0
29,AUX_ENDO_LAG_149_1,0.0
30,AUX_ENDO_LAG_149_1,0.0
31,AUX_ENDO_LAG_149_1,0.0
32,AUX_ENDO_LAG_149_1,0.0
33,AUX_ENDO_LAG_149_1,0.0
34,AUX_ENDO_LAG_149_1,0.0
35,AUX_ENDO_LAG_149_1,0.0
36,AUX_ENDO_LAG_149_1,0.0
37,AUX_ENDO_LAG_149_1,0.0
38,AUX_ENDO_LAG_149_1,0.0
39,AUX_ENDO_LAG_149_1,0.0
40,AUX_ENDO_LAG_149_1,0.0
1,AUX_ENDO_LAG_150_1,0.0
2,AUX_ENDO_LAG_150_1,0.0
3,AUX_ENDO_LAG_150_1,0.0
4,AUX_ENDO_LAG_150_1,0.0
5,AUX_ENDO_LAG_150_1,0.0
6,AUX_ENDO_LAG_150_1,0.0
7,AUX_ENDO_LAG_150_1,0.0
8,AUX_ENDO_LAG_150_1,0.0
9,AUX_ENDO_LAG_150_1,0.0
10,AUX_ENDO_LAG_150_1,0.0
11,AUX_ENDO_LAG_150_1,0.0
12,AUX_ENDO_LAG_150_1,0.0
13,AUX_ENDO_LAG_150_1,0.0
14,AUX_ENDO_LAG_150_1,0.0
15,AUX_ENDO_LAG_150_1,0.0
16,AUX_ENDO_LAG_150_1,0.0
17,AUX_ENDO_LAG_150_1,0.0
18,AUX_ENDO_LAG_150_1,0.0
19,AUX_ENDO_LAG_150_1,0.0
20,AUX_ENDO_LAG_150_1,0.0
21,AUX_ENDO_LAG_150_1,0.0
22,AUX_ENDO_LAG_150_1,0.0
23,AUX_ENDO_LAG_150_1,0.0
24,AUX_ENDO_LAG_150_1,0.0
25,AUX_ENDO_LAG_150_1,0.0
26,AUX_ENDO_LAG_150_1,0.0
27,AUX_ENDO_LAG_150_1,0.0
28,AUX_ENDO_LAG_150_1,0.0
29,AUX_ENDO_LAG_150_1,0.0
30,AUX_ENDO_LAG_150_1,0.0
31,AUX_ENDO_LAG_150_1,0.0
32,AUX_ENDO_LAG_150_1,0.0
33,AUX_ENDO_LAG_150_1,0.0
34,AUX_ENDO_LAG_150_1,0.0
35,AUX_ENDO_LAG_150_1,0.0
36,AUX_ENDO_LAG_150_1,0.0
37,AUX_ENDO_LAG_150_1,0.0
38,AUX_ENDO_LAG_150_1,0.0
39,AUX_ENDO_LAG_150_1,0.0
40,AUX_ENDO_LAG_150_1,0.0
1,AUX_ENDO_LAG_151_1,0.0
2,AUX_ENDO_LAG_151_1,0.0
3,AUX_ENDO_LAG_151_1,0.0
4,AUX_ENDO_LAG_151_1,0.0
5,AUX_ENDO_LAG_151_1,0.0
6,AUX_ENDO_LAG_151_1,0.0
7,AUX_ENDO_LAG_151_1,0.0
8,AUX_ENDO_LAG_151_1,0.0
9,AUX_ENDO_LAG_151_1,0.0
10,AUX_ENDO_LAG_151_1,0.0
11,AUX_ENDO_LAG_151_1,0.0
12,AUX_ENDO_LAG_151_1,0.0
13,AUX_ENDO_LAG_151_1,0.0
14,AUX_ENDO_LAG_151_1,0.0
15,AUX_ENDO_LAG_151_1,0.0
16,AUX_ENDO_LAG_151_1,0.0
17,AUX_ENDO_LAG_151_1,0.0
18,AUX_ENDO_LAG_151_1,0.0
19,AUX_ENDO_LAG_151_1,0.0
20,AUX_ENDO_LAG_151_1,0.0
21,AUX_ENDO_LAG_151_1,0.0
22,AUX_ENDO_LAG_151_1,0.0
23,AUX_ENDO_LAG_151_1,0.0
24,AUX_ENDO_LAG_151_1,0.0
25,AUX_ENDO_LAG_151_1,0.0
26,AUX_ENDO_LAG_151_1,0.0
27,AUX_ENDO_LAG_151_1,0.0
28,AUX_ENDO_LAG_151_1,0.0
29,AUX_ENDO_LAG_151_1,0.0
30,AUX_ENDO_LAG_151_1,0.0
31,AUX_ENDO_LAG_151_1,0.0
32,AUX_ENDO_LAG_151_1,0.0
33,AUX_ENDO_LAG_151_1,0.0
34,AUX_ENDO_LAG_151_1,0.0
35,AUX_ENDO_LAG_151_1,0.0
36,AUX_ENDO_LAG_151_1,0.0
37,AUX_ENDO_LAG_151_1,0.0
38,AUX_ENDO_LAG_151_1,0.0
39,AUX_ENDO_LAG_151_1,0.0
40,AUX_ENDO_LAG_151_1,0.0
1,AUX_ENDO_LAG_152_1,-0.0
2,AUX_ENDO_LAG_152_1,0.0
3,AUX_ENDO_LAG_152_1,0.0
4,AUX_ENDO_LAG_152_1,0.0
5,AUX_ENDO_LAG_152_1,0.0
6,AUX_ENDO_LAG_152_1,0.0
7,AUX_ENDO_LAG_152_1,0.0
8,AUX_ENDO_LAG_152_1,0.0
9,AUX_ENDO_LAG_152_1,0.0
10,AUX_ENDO_LAG_152_1,0.0
11,AUX_ENDO_LAG_152_1,0.0
12,AUX_ENDO_LAG_152_1,0.0
13,AUX_ENDO_LAG_152_1,0.0
14,AUX_ENDO_LAG_152_1,0.0
15,AUX_ENDO_LAG_152_1,0.0
16,AUX_ENDO_LAG_152_1,0.0
17,AUX_ENDO_LAG_152_1,0.0
18,AUX_ENDO_LAG_152_1,0.0
19,AUX_ENDO_LAG_152_1,0.0
20,AUX_ENDO_LAG_152_1,0.0
21,AUX_ENDO_LAG_152_1,0.0
22,AUX_ENDO_LAG_152_1,0.0
23,AUX_ENDO_LAG_152_1,0.0
24,AUX_ENDO_LAG_152_1,0.0
25,AUX_ENDO_LAG_152_1,0.0
26,AUX_ENDO_LAG_152_1,0.0
27,AUX_ENDO_LAG_152_1,0.0
28,AUX_ENDO_LAG_152_1,0.0
29,AUX_ENDO_LAG_152_1,0.0
30,AUX_ENDO_LAG_152_1,0.0
31,AUX_ENDO_LAG_152_1,0.0
32,AUX_ENDO_LAG_152_1,0.0
33,AUX_ENDO_LAG_152_1,0.0
34,AUX_ENDO_LAG_152_1,0.0
35,AUX_ENDO_LAG_152_1,0.0
36,AUX_ENDO_LAG_152_1,0.0
37,AUX_ENDO_LAG_152_1,0.0
38,AUX_ENDO_LAG_152_1,0.0
39,AUX_ENDO_LAG_152_1,0.0
40,AUX_ENDO_LAG_152_1,0.0
1,AUX_ENDO_LAG_153_1,0.0
2,AUX_ENDO_LAG_153_1,0.0
3,AUX_ENDO_LAG_153_1,0.0
4,AUX_ENDO_LAG_153_1,0.0
5,AUX_ENDO_LAG_153_1,0.0
6,AUX_ENDO_LAG_153_1,0.0
7,AUX_ENDO_LAG_153_1,0.0
8,AUX_ENDO_LAG_153_1,0.0
9,AUX_ENDO_LAG_153_1,0.0
10,AUX_ENDO_LAG_153_1,0.0
11,AUX_ENDO_LAG_153_1,0.0
12,AUX_ENDO_LAG_153_1,0.0
13,AUX_ENDO_LAG_153_1,0.0
14,AUX_ENDO_LAG_153_1,0.0
15,AUX_ENDO_LAG_153_1,0.0
16,AUX_ENDO_LAG_153_1,0.0
17,AUX_ENDO_LAG_153_1,0.0
18,AUX_ENDO_LAG_153_1,0.0
19,AUX_ENDO_LAG_153_1,0.0
20,AUX_ENDO_LAG_153_1,0.0
21,AUX_ENDO_LAG_153_1,0.0
22,AUX_ENDO_LAG_153_1,0.0
23,AUX_ENDO_LAG_153_1,0.0
24,AUX_ENDO_LAG_153_1,0.0
25,AUX_ENDO_LAG_153_1,0.0
26,AUX_ENDO_LAG_153_1,0.0
27,AUX_ENDO_LAG_153_1,0.0
28,AUX_ENDO_LAG_153_1,0.0
29,AUX_ENDO_LAG_153_1,0.0
30,AUX_ENDO_LAG_153_1,0.0
31,AUX_ENDO_LAG_153_1,0.0
32,AUX_ENDO_LAG_153_1,0.0
33,AUX_ENDO_LAG_153_1,0.0
34,AUX_ENDO_LAG_153_1,0.0
35,AUX_ENDO_LAG_153_1,0.0
36,AUX_ENDO_LAG_153_1,0.0
37,AUX_ENDO_LAG_153_1,0.0
38,AUX_ENDO_LAG_153_1,0.0
39,AUX_ENDO_LAG_153_1,0.0
40,AUX_ENDO_LAG_153_1,0.0
