c1,c2,c3,c4,c5,c6,c7,c8,c9,c10,c11,c12,c13,c14,c15,c16,c17,c18,c19,c20,c21,c22,c23,c24,c25,c26,c27,c28,c29,c30,c31,c32,c33,c34,c35,c36,c37,c38,c39,c40,c41,c42,c43,c44,c45,c46,c47,c48,c49,c50,c51,c52,c53,c54,c55,c56,c57,c58,c59,c60,c61,c62,c63,c64,c65,c66,c67,c68,c69,c70,c71,c72,c73,c74,c75,c76,c77,c78,c79,c80
0.09999999999999996,-2.4420005401738987e-17,0.0,0.0,0.0,0.0,0.0,0.0,0.0,0.0,0.0,0.0,0.0,-2.1549903086648737e-17,2.1941587909862035e-19,0.0,0.0,0.0,0.0,0.0,0.0,0.0,0.0,0.0,0.0,0.0,0.0,0.0,0.0,0.0,0.0,0.0,0.0,0.0,0.0,0.0,0.0,0.0,0.0,6.341665406528444e-18,-1.0686812914914989e-17,1.8020363465955276e-17,6.5651355807702e-18,1.6027778946761635e-17,1.3704052095191401e-17,1.8085584157248775e-17,2.001875164964047e-17,3.3099814840396632e-18,-1.9864931916872253e-17,1.3540880409046505e-17,3.968891393002589e-18,0.0,0.0,0.0,0.0,0.0,0.0,0.0,0.0,0.0,0.0,0.0,0.0,0.0,0.0,0.0,0.0,0.0,0.0,0.0,0.0,0.0,0.0,0.0,0.0,0.0,0.0,0.0,0.0,0.0
0.0,0.8000000000000008,0.0,0.0,0.0,0.0,0.0,0.0,0.0,0.0,0.0,0.0,0.0,2.6816178156680106e-18,2.2298669705729575e-19,0.0,0.0,0.0,0.0,0.0,0.0,0.0,0.0,0.0,0.0,0.0,0.0,0.0,0.0,0.0,0.0,0.0,0.0,0.0,0.0,0.0,0.0,0.0,0.0,2.4724022434704042e-19,5.270908442339767e-19,4.850646612663845e-19,3.4111923598715473e-18,1.9093749794427084e-18,2.973878004899665e-18,4.497441092113338e-19,3.5703432059934054e-18,2.405987285578168e-18,-2.3578193542488863e-18,-3.2671576581615214e-18,1.9675495987052103e-18,0.0,0.0,0.0,0.0,0.0,0.0,0.0,0.0,0.0,0.0,0.0,0.0,0.0,0.0,0.0,0.0,0.0,0.0,0.0,0.0,0.0,0.0,0.0,0.0,0.0,0.0,0.0,0.0,0.0
-0.0,0.0,-0.0,-0.0,-0.0,-0.0,-0.0,-0.0,-0.0,-0.0,-0.0,-0.0,-0.0,-0.0,-0.0,-0.0,-0.0,-0.0,-0.0,-0.0,-0.0,-0.0,-0.0,-0.0,-0.0,-0.0,-0.0,-0.0,-0.0,-0.0,-0.0,-0.0,-0.0,-0.0,-0.0,-0.0,-0.0,-0.0,-0.0,-0.0,-0.0,-0.0,-0.0,-0.0,-0.0,-0.0,-0.0,-0.0,-0.0,-0.0,-0.0,-0.0,-0.0,-0.0,-0.0,-0.0,-0.0,-0.0,-0.0,-0.0,-0.0,-0.0,-0.0,-0.0,-0.0,-0.0,-0.0,-0.0,-0.0,-0.0,-0.0,-0.0,-0.0,-0.0,-0.0,-0.0,-0.0,-0.0,-0.0,-0.0
-0.0,0.0,-0.0,-0.0,-0.0,-0.0,-0.0,-0.0,-0.0,-0.0,-0.0,-0.0,-0.0,-0.0,-0.0,-0.0,-0.0,-0.0,-0.0,-0.0,-0.0,-0.0,-0.0,-0.0,-0.0,-0.0,-0.0,-0.0,-0.0,-0.0,-0.0,-0.0,-0.0,-0.0,-0.0,-0.0,-0.0,-0.0,-0.0,-0.0,-0.0,-0.0,-0.0,-0.0,-0.0,-0.0,-0.0,-0.0,-0.0,-0.0,-0.0,-0.0,-0.0,-0.0,-0.0,-0.0,-0.0,-0.0,-0.0,-0.0,-0.0,-0.0,-0.0,-0.0,-0.0,-0.0,-0.0,-0.0,-0.0,-0.0,-0.0,-0.0,-0.0,-0.0,-0.0,-0.0,-0.0,-0.0,-0.0,-0.0
0.05241429487740966,0.2688939478006734,-1.974778172008993e-15,-3.422158335589573e-14,3.583988312514633e-16,-1.1247054067388649,-0.08307401298587097,0.11568994063030977,-1.2137555426667366,-4.1167497933505964e-11,-0.12625027036137765,-0.042223393530729215,9.263000680516389e-14,-0.4265669919894115,-0.01470101462487301,-0.05584086813882494,-0.010255966426301676,-0.29749745442681963,-0.048686439650062086,-0.008842065481925345,-0.07092220155109688,-0.15098365986474735,-0.10395001531426377,-0.18424235040707476,-0.04269936872861163,-0.2848891791089487,-0.002948347063197408,4.8299571139240743e-17,-3.6347456242845163e-16,-1.6844061811918347e-15,-2.103600297181911e-17,-9.086772945056269e-16,-1.0304251473226435e-15,-5.562120140617881e-16,1.9529407473327465e-15,1.2541233946411956e-16,-5.268675695859786e-16,8.643901826041837e-16,6.284187080506874e-16,-0.021647033924345985,-0.08699415391381866,-0.055656991085573745,-0.011366852645371685,-0.013105188368729164,-0.008331914504639718,-0.042469977367744334,-0.029106272055076123,-0.02134213528117598,-0.09179074916178721,-0.027855805268089485,-0.00045278422295142584,-0.0016669335032549833,1.2249834298676534e-15,-0.0005574925827907808,4.73235994195394e-16,3.4418294035149396e-15,3.239629343163655e-15,5.1586994974896e-15,1.3891681666245344e-16,8.49233555358805e-15,3.100330736581509e-15,-2.9660946509630406e-15,2.1793588271698276e-15,4.263360582625018e-15,-1.4479296182352184e-14,2.6025914336767206e-15,-1.505580825110164e-14,-9.273930410280914e-16,-0.0,-0.0,-0.0,-0.0,-0.0,-0.0,-0.0,-0.0,-0.0,-0.0,-0.0,-0.0
-0.0021161684248194104,0.35448532303498714,-1.3192089838894523e-14,7.89837883124687e-14,3.911481433914496e-15,-1.4516870000760829,0.1994467918853765,0.26417429164222056,-1.6277254814744744,3.2641421893837996e-12,-0.04157716747461751,-0.013905151245576917,1.2567801817297497e-13,-0.30644106540635396,-0.03128149637667881,-0.068923839583371,-0.18875135096572826,-0.43707393813943574,-0.06338156787800359,-0.016142813872220343,-0.061092348287742154,-0.1808285974605559,-0.10245418174478083,-0.17096878631197032,-0.09723026610016217,-0.24304322561802633,-0.002532610340269384,-5.703280913952161e-15,-4.77940536946038e-14,1.4172809731243198e-14,-7.795592255179404e-15,2.8305797597545643e-14,1.4733290389369536e-14,5.326807870022284e-14,6.10286921617587e-14,-1.0503639703158817e-14,6.243540095778644e-14,-1.308916805664824e-14,4.498405099777829e-14,0.016029510972279698,0.019429148391819973,0.07014779792171727,0.00549538982259945,0.0018193198656561438,0.0063921245190868,0.010129108643372908,0.005101600975558007,0.0046268358101621,0.010307216777718287,0.00392299515044589,4.8279989111122356e-5,0.000561818532626077,2.2949556108900876e-14,0.00018789571643746484,-4.8420149665835575e-14,3.2556129830413085e-14,2.238252710819409e-14,3.76733039354472e-14,-8.617035054013874e-15,6.105912906388185e-14,-2.5756211869152136e-14,-6.230804355668483e-16,6.857507399145655e-15,3.7994267232326945e-16,-8.589943182447035e-14,-2.0219749940940592e-14,-8.476975941300891e-14,1.975996674285346e-14,-0.0,-0.0,-0.0,-0.0,-0.0,-0.0,-0.0,-0.0,-0.0,-0.0,-0.0,-0.0
-0.0010757240529339447,0.09153906536808565,-6.942813867838278e-15,-5.037961917775143e-15,-1.1070114089874359e-16,-0.39665217967818595,-0.09338848062868997,-0.0020745843932766976,-0.4003568555268899,-4.587550856749103e-11,-0.09438301717072761,-0.03156564548503625,2.5518860637191802e-14,-0.27988292591371894,-0.01665685181045494,-0.019689124490991278,0.05217548316109863,-0.12590302663472636,-0.019868859015302033,-0.0033575824975197277,-0.030680397183683067,-0.05670349096996387,-0.04180399309568758,-0.07922985997819022,-0.003859941080760951,-0.11655884680665857,-0.001173266987588208,1.619352006231635e-16,-2.246198719687409e-16,-3.253303564169035e-16,1.5386855720326905e-17,-1.3700885642487019e-17,-9.244479585986308e-16,-7.311875745264751e-17,1.161674280501833e-17,1.5376363266397824e-16,-1.4642684075496457e-15,3.0398392430040674e-16,-1.4624682929670357e-16,0.007117545852820134,0.005198582009714249,0.03553098899589586,0.003955886598048871,0.0016482741422600723,0.003484106216205988,0.006584477550874513,0.003115790413375952,0.0031473488211012693,0.0052708477457899675,0.0023158396219167617,2.9311325204334386e-5,-0.0013841342877664892,-3.0279744379677036e-15,-0.0004629126461480218,9.171601495566374e-16,2.3014251701693705e-16,1.4968875457655507e-16,-3.6281361307370083e-16,-1.726992429702011e-15,5.352864677726775e-16,-4.74360801955483e-16,-1.4357611901940376e-15,2.493948739419653e-16,3.836027699109044e-15,-6.193913971448077e-16,1.0092213345829133e-15,4.484211184681902e-15,-3.9056879154520405e-16,0.0,0.0,0.0,0.0,0.0,0.0,0.0,0.0,0.0,0.0,0.0,0.0
-0.0011117426394912826,0.11427652936486607,-2.1170099800184654e-14,-1.6480400934799603e-15,-1.0981645918321919e-14,-0.48747713878414767,0.2449992078693945,0.2547915853956001,-0.5076292742649312,-3.5587400080451116e-11,-0.09243743563246991,-0.030914961294755284,-2.431638745315209e-14,-0.2624162176274448,-0.017130932891760976,-0.020569408322149065,0.05129944753315803,-0.09911671753719967,-0.032686472858195335,-0.005029953929274411,-0.04126312996835794,-0.06770629460815192,-0.05717905785069428,-0.10021952209177241,-0.012480114463603186,-0.15919924155111392,-0.001607662730844046,5.866928996612396e-16,1.5810684144734312e-16,-5.2864026267081785e-15,-6.170223370645747e-16,-2.292055344675716e-15,-1.9479433207489263e-16,1.8855810164071072e-16,-2.6127297706605055e-15,8.805716887887989e-17,-1.2522381911860478e-14,-4.0191390319641947e-16,2.945287927956824e-15,0.007342939775721675,0.005305996574399032,0.03327183497743659,0.004454580200569428,0.0016840723667535821,0.004237386991510699,0.006910506430612995,0.0034411663525610384,0.0034063884796620494,0.005608019308633655,0.0025860714747100192,3.156117936917401e-5,-0.0013320198043014844,-5.207852999124072e-15,-0.0004454833738105529,2.2601637254607884e-15,9.188337334511985e-16,1.0204390733535795e-15,1.0192684588690093e-15,3.662404853321158e-15,6.809216235206432e-16,1.7217087319122323e-15,2.50733401178071e-16,-8.334213512567785e-16,-2.9311251460789164e-16,-1.513735132634092e-15,-1.0180122396101555e-15,7.950933181406463e-15,-3.619152978760737e-16,-0.0,-0.0,-0.0,-0.0,-0.0,-0.0,-0.0,-0.0,-0.0,-0.0,-0.0,-0.0
-0.0005569286091651228,0.007140545563206257,-1.830260440066721e-15,9.575084198438357e-15,-2.295294457662234e-15,-0.04568894693623798,0.25422314751027686,-0.007641371003559565,-0.01588268221659843,-4.288484102544992e-11,-0.053802132251503064,-0.017993692974625553,1.0004584552781268e-14,-0.18138673999303942,-0.008238589618249798,-0.023484340100022365,0.028224903553567705,-0.11878598143946464,-0.034059928277125326,0.0018962686819155698,0.007050131468146502,0.019597409136817505,0.009893461124111026,0.016871829822952638,0.013870460723276608,0.016456126146550308,0.00012934594236988525,4.0561243661750377e-16,2.6382698813846728e-16,-9.923623293816226e-16,-6.09420292035319e-17,-1.7480769997104913e-15,3.0674874884940415e-16,1.0575434464040276e-15,-1.598148614254393e-15,-1.3681943382455136e-17,-2.817410388235507e-15,4.055993749216779e-16,1.0925781068375192e-15,0.005486742874180558,0.0027854171482660966,0.023556964600641883,0.002963344040618251,0.0008182679648831377,0.00024131197522313973,0.00236785947470311,0.0010418120536420604,0.0010350685276063953,0.00232049606935642,0.0007753451188737881,1.2247562960032849e-5,-0.0008585476619525454,-5.256457531546485e-15,-0.00028713440130182915,1.327901377429453e-15,9.959179618973532e-17,-4.779829464883335e-16,1.1362171683880725e-15,2.1248749083648417e-15,-1.665619453642735e-15,-5.852170622151381e-16,-8.56801878155223e-16,-1.1649693432337712e-15,-1.6480167839331624e-15,8.148743785688044e-16,1.0335035689674074e-15,4.018604174515804e-15,-1.334098421619497e-15,-0.0,-0.0,-0.0,-0.0,-0.0,-0.0,-0.0,-0.0,-0.0,-0.0,-0.0,-0.0
-0.000554814030326205,0.10713598380165922,-1.9339839359129334e-14,-1.1223124294584461e-14,-8.686351459466184e-15,-0.44178819184790735,-0.00922393964088303,0.2624329563991596,-0.49174659204832954,7.297440944998663e-12,-0.03863530338096691,-0.01292126832012976,-3.43176746295793e-14,-0.08102947763440559,-0.008892343273511136,0.0029149317778728026,0.02307454397959207,0.019669263902263607,0.0013734554189293714,-0.00692622261118882,-0.04831326143650529,-0.08730370374497125,-0.06707251897480375,-0.11709135191472445,-0.026350575186879506,-0.17565536769765525,-0.0017370086732129255,1.810804630436588e-16,-1.0572014669128401e-16,-4.29404029732645e-15,-5.560803078612138e-16,-5.439783449655356e-16,-5.015430809246743e-16,-8.689853447633539e-16,-1.0145811564058444e-15,1.0173911226125253e-16,-9.70497152362395e-15,-8.07513278117831e-16,1.852709821119178e-15,0.0018561969015411257,0.0025205794261327474,0.009714870376794504,0.0014912361599511202,0.0008658044018701279,0.003996075016287614,0.0045426469559099745,0.0023993542989189385,0.00237131995205525,0.003287523239277471,0.001810726355836369,1.931361640964237e-5,-0.0004734721423488783,4.8604532422382214e-17,-0.000158348972508695,9.32262348031236e-16,8.192419372623453e-16,1.4984220198425205e-15,-1.1694870951884373e-16,1.5375299449585027e-15,2.3465410771637917e-15,2.306925794129647e-15,1.1075352793359571e-15,3.315479919777658e-16,1.3549042693263668e-15,-2.3286095112040257e-15,-2.0515158085780165e-15,3.9323290068904e-15,9.721831237434735e-16,-0.0,-0.0,-0.0,-0.0,-0.0,-0.0,-0.0,-0.0,-0.0,-0.0,-0.0,-0.0
0.04512648692640444,0.9726914986474974,2.767468201923524e-14,-1.94212881005506e-13,5.6184797198586896e-15,-3.9808901813788404,0.20839798859720587,0.3902501525603609,-4.468989975923503,1.0430312411796707e-10,-0.10593576870603752,-0.03542937086987202,2.5712697883014614e-13,-0.5295098483234569,0.009158659907711019,-0.22216514883867,-0.469638440131204,-1.0923235335611416,-0.1886611544725731,-0.07073754100722443,-0.14294185583236332,-0.5140344912215263,-0.29837683205392584,-0.5068745074324856,-0.4810800520648403,-0.47193298198716993,-0.006051878814941902,9.238733417784791e-15,4.296379567643169e-14,-8.933037453957106e-15,5.6603165450904566e-15,-3.50131811283524e-14,-1.8912213779398368e-14,-5.092655465713301e-14,-4.638753053967097e-14,6.223490660974348e-15,-3.700664149765081e-14,1.3820653883043192e-14,-4.450002520856054e-14,-0.14555304291921575,-0.4883274065628054,-0.5640287583395885,-0.07787032882022964,-0.06524085840109758,-0.04188908307433293,-0.18633374241562567,-0.10403668700012661,-0.14199057293470022,-0.23181563458747478,-0.0549718121625077,-0.000779562816904672,-0.0008092996110343947,-2.234147414916259e-14,-0.00027066378442801596,4.2761834291582116e-14,-2.0932469740344362e-14,-2.010176675737892e-15,-1.3295862116846493e-14,2.5229175364462716e-14,-8.631983278994691e-15,4.68122302150753e-14,6.255542143317191e-16,-3.9745718188676035e-15,-5.3363441441178085e-15,1.4661678696508206e-14,2.9692052826285086e-14,9.982408031128577e-14,-8.335336743487735e-16,-0.0,-0.0,-0.0,-0.0,-0.0,-0.0,-0.0,-0.0,-0.0,-0.0,-0.0,-0.0
-0.0005383264250177007,0.002778796753643618,-2.0486363769932144e-15,1.0704822686300205e-14,-2.432143108088195e-15,-0.028064533801664692,0.2522415924994431,-0.007613795723033426,0.004414223004187329,-4.5037780945424115e-11,-0.05410994480479838,-0.018096638422063504,1.6115949823265204e-14,-0.18472754835640753,-0.0080569356467006,-0.019382580705877585,0.02860180640684965,-0.1244296850874175,-0.018444720206583554,0.002076778289206426,0.0072919784390303765,0.02068516438275854,0.010630468311977592,0.017954427920924255,0.015147017283411602,0.017820209700708703,0.00014735457721098104,4.41375611897243e-16,4.95075400659515e-16,-1.0622329340888295e-15,-2.7183276454835044e-17,-1.8114448103271004e-15,2.257393095330243e-16,9.93680991942746e-16,-1.6842343999191729e-15,2.9805731535152087e-17,-3.101691491245763e-15,4.1589029345814487e-16,9.912129517356954e-16,0.0048770223789883155,0.0027128727919074297,0.02397201148502685,0.002370961433507051,0.0008087534017460362,0.0002048564124516451,0.002307416021145451,0.0010041212366006357,0.001005295928313444,0.0022282576071319194,0.0007468465339427515,1.1874807743417099e-5,-0.0008712742203902935,-5.906920824145552e-15,-0.0002913906970211651,1.5662672815741625e-15,5.255479414378449e-17,-7.555112184760707e-16,1.3687006581264165e-15,2.0392770194529534e-15,-1.796227879045655e-15,-9.33307270459452e-16,-1.1082758033113506e-15,-1.2884613080618914e-15,-1.0836942061611655e-15,1.0499874169674453e-15,1.685465370504867e-15,4.01971500689685e-15,-1.437178068186935e-15,0.0,0.0,0.0,0.0,0.0,0.0,0.0,0.0,0.0,0.0,0.0,0.0
-0.0005517185726503985,0.1065047622996487,-1.9679975139602265e-14,-1.2382582554909593e-14,-9.04495304389931e-15,-0.4392809409641179,-0.009184110480822802,0.261882293207761,-0.4887712621868784,7.17384139179931e-12,-0.03865392856610537,-0.01292749736438812,-2.7382138849464115e-14,-0.08123930521518918,-0.008918213956907574,0.0029407474445393425,0.023086720287862114,0.019783500689719898,0.001407034558570183,-0.00701128706652061,-0.0469749124297732,-0.09677246618341499,-0.06499123513680877,-0.1200534431659535,-0.02563772169270585,-0.16462945859790368,-0.0016131264510450345,1.6565568750339514e-16,1.432980483369711e-16,-4.434159439467376e-15,-5.183523945287762e-16,-6.734221779104872e-16,-7.911529560585935e-16,-1.0042052083574248e-15,-1.171121546381061e-15,2.2869213669112657e-16,-1.0080577680212285e-14,-8.086524356958242e-16,1.5416265353705106e-15,0.0018462957737618718,0.0025118402315806483,0.009682376224102887,0.0014877337295245343,0.0008660248045667397,0.003908203870629366,0.004731187291568447,0.0023615272769921584,0.0023963217208372786,0.003265111634501559,0.001753750812603987,1.886086694146944e-5,-0.00045871690076714665,2.4713568397031997e-16,-0.00015341419993234958,1.581669971461219e-15,8.213775461568187e-16,1.859764908829025e-15,-5.75106233228139e-16,9.079061139718142e-16,2.2195572966235245e-15,2.3421857176790003e-15,7.766826825562603e-16,2.539386407591664e-16,1.9231065125884736e-15,-2.6895820838875636e-15,-1.7317236039587555e-15,3.594550364263786e-15,9.53637339741512e-16,0.0,0.0,0.0,0.0,0.0,0.0,0.0,0.0,0.0,0.0,0.0,0.0
9.294739842474364e-6,0.11232896712085996,-5.9599344248386485e-15,-1.5538195732283627e-14,9.895079243681873e-16,-0.44459488841103884,-0.10587744467363494,0.017277663469269646,-0.5348555561828747,5.86289599877677e-11,0.018998228125430283,0.0063538055025908115,5.831946378282246e-14,0.11966598279325794,-0.0005805361574903915,0.025137892966388693,-0.007174444848754054,0.16252275592757315,0.022417742653722574,-0.009989665141157907,-0.059262780391452406,-0.12839792094008304,-0.08258240908845607,-0.15062502807791975,-0.04485803024851375,-0.1988467629874669,-0.001915445058384773,-3.172289488190471e-16,-1.302784643285925e-15,5.475828200306236e-16,-2.236735756464946e-16,1.2731023605390544e-15,-7.146874264193234e-16,-1.0662781893837893e-16,1.9431701740278768e-15,6.777530785464686e-17,2.626080880594793e-15,-3.1917121756982765e-16,2.2658517791812574e-16,-0.0035096347603478287,-0.000333808858872318,-0.01659497966494529,-0.001061526749450929,2.8650801539170115e-5,0.004013890592131454,0.002534051758715207,0.0014312820601315973,0.0014679120075593841,0.0010285823892577767,0.0010608894936853222,7.066472799151534e-6,0.0004889785123768634,5.3052039762290015e-15,0.00016353495400705503,-5.413269626386997e-16,7.787891242687337e-16,1.0641385095975769e-15,-1.3002468018698105e-15,-4.558648943583682e-15,2.656207397493066e-15,-7.988623066592353e-16,-2.1987917013187574e-15,8.760749594008809e-16,5.019089242046614e-15,-5.535104679471229e-15,3.2095355171928474e-16,-8.754692385748311e-16,1.8155704992603786e-15,-0.0,-0.0,-0.0,-0.0,-0.0,-0.0,-0.0,-0.0,-0.0,-0.0,-0.0,-0.0
-5.066728719115264e-6,-0.10923953954866539,-3.706307330666392e-15,-2.7945122366303086e-15,-1.0932614905877374e-16,0.43241900337880324,-0.0715877621883178,0.009584568837752138,0.5200539169824959,-5.679960702552891e-11,-0.0185008825173371,-0.0061874722403343066,3.609809584064626e-15,-0.11633875999962051,0.000612672039174545,-0.024015887265601124,0.007094702486882639,-0.15544066684164817,-0.021356725144312434,0.009743902954937884,0.05730995162340539,0.12425496914072014,0.07991195868424848,0.14569344729414674,0.04355269191507469,0.19223442289399517,0.0018618214911134633,-1.0687841273268044e-17,5.255910909064945e-16,-2.5385229589702966e-16,2.6278457040217422e-16,5.0542208683874105e-17,2.6220597821161777e-16,-2.837332951680597e-16,-6.190584463227442e-16,1.5042570555625045e-16,-1.2643110051317173e-15,-1.152451440959427e-16,-6.314080767791507e-16,0.0033454105425630752,0.00031019302287121886,0.015860680906979927,0.0010140745406031265,-2.952855528398902e-5,-0.0038845701056837764,-0.0024564101180721627,-0.0013886022717290616,-0.0014224364441313224,-0.001006781711960453,-0.0010296594481725343,-6.912740586049647e-6,-0.0004364116548169007,-2.0626010163606902e-15,-0.00014595438878124638,3.0320137016233103e-16,-3.427368068319749e-16,-2.1147780158402497e-15,7.70261868612365e-17,-3.641193241434284e-15,-9.914963495777444e-16,-5.1612882608534964e-15,-2.1400110092815166e-15,-1.6337345663532293e-16,1.9780985821672953e-15,1.3139604238716967e-15,3.4912583123745452e-15,-2.6827920716897085e-15,-8.380925562586441e-16,-0.0,-0.0,-0.0,-0.0,-0.0,-0.0,-0.0,-0.0,-0.0,-0.0,-0.0,-0.0
-0.019017198768999884,0.16244209092134587,2.5430786515709433e-15,-2.942724743672788e-14,-2.6987865113480888e-15,-0.6515807011381783,0.08164580533901095,0.15385269441108038,-0.759222966973666,3.9749208850436356e-11,0.027747249610709308,0.009279845788500697,5.433090671554235e-14,0.014885158586475745,0.014710444439412135,-0.03236225091000403,-0.11889376190340283,-0.12985384034107103,-0.022739898333490705,-0.004636475890400584,-0.029616495064283804,-0.080469802832862,-0.049818301135538486,-0.0778845743409812,-0.04739379706085226,-0.1324931517540707,-0.0014433657807421192,-1.1767061442763673e-16,-3.1224466409573665e-16,-1.920439706287839e-15,-3.0039994135803664e-16,-1.0988549400517887e-15,3.3708110568456294e-16,-1.713751375864599e-16,1.105018311828828e-15,-1.061785286653432e-16,-6.766586672800984e-16,9.023760057751497e-17,1.8523172179177762e-15,-0.042417302559768465,-0.12306746009639805,-0.14395035831342468,-0.022714826907942274,-0.02029121213508769,-0.017834262556176855,-0.06827502830583033,-0.043962937645100175,-0.033982879568391335,-0.129419415159477,-0.040726002956696684,-0.0006450827357776847,0.0006604752100480383,4.908714329702993e-15,0.00022089065336299712,-9.944606428693806e-16,3.5182759237253637e-15,4.1521151484476245e-15,6.442503662064878e-15,3.920475260658063e-15,9.660076821972788e-15,4.1790542517739935e-15,-4.352973905129515e-16,1.8089798962761534e-15,-2.564560719119299e-15,-1.687893038073362e-14,1.1665862859694765e-15,-1.0742188131846098e-14,7.732709364843048e-16,-0.0,-0.0,-0.0,-0.0,-0.0,-0.0,-0.0,-0.0,-0.0,-0.0,-0.0,-0.0
0.0007633042693307624,0.1701860329070674,6.21576005780468e-15,2.6057747207302948e-15,1.1034581780262131e-16,-0.6538218647637057,0.08758271429924769,-0.009198381503465478,-0.822051835720021,7.325128403437693e-11,0.0174720188339405,0.005843377007358364,-1.765175792873419e-14,0.1472645073988469,0.0001300545866588156,0.029599711240996193,-0.008059767507579122,0.196693670324777,0.027067252972573955,-0.003414955646741747,0.03898756030184984,0.06228189415037033,0.03794182704081839,0.06878369477518509,0.008302452219606696,0.08996350979055541,0.0007954335952138307,2.2157909303062269e-16,-1.6501156046922226e-16,-2.6116110568605747e-16,-5.771945778569419e-17,-4.918495974096239e-16,4.4143735440071136e-16,-1.564895070301876e-16,6.195014827040306e-16,-1.146808112457283e-16,1.0047611966423121e-15,8.403341298910762e-16,1.6370612500252832e-15,-0.00474066289078057,-0.002088089374980828,-0.02191441982278708,-0.001509691473598733,-0.00037255758958035365,-0.002452506475226124,-0.0023205711449948976,-0.0011476567219790169,-0.0010817612215931955,-0.001877725394168158,-0.000883705235282729,-1.0966617438649558e-5,0.0003758102024759851,-3.1757333331669206e-15,0.0001256867175691909,-1.3762561792853318e-15,2.914294170062113e-17,1.7471255094771158e-15,6.228951317391036e-16,6.825041580124761e-15,1.1713446721172774e-15,7.703914327484337e-15,3.734704698569452e-15,5.830019647037885e-16,-3.3146999284794584e-15,-8.496011370189301e-16,-4.277563360308837e-15,7.443115130156117e-15,6.911364526206287e-16,-0.0,-0.0,-0.0,-0.0,-0.0,-0.0,-0.0,-0.0,-0.0,-0.0,-0.0,-0.0
0.0007708102893866067,0.26822251252322216,-1.137397912480615,2.2892083848652733,3.1401849173675503e-16,-1.041853773725768,-1.0047552343105752,0.005869217491412296,-1.2888422247111935,1.244735646605956e-10,0.03405431755670625,0.01138919423698124,1.2022011273591456e-14,0.25180824053302575,-0.00038268371208725617,0.051493521477657435,-0.014322914093199343,0.3382092449705549,0.04658681844065703,-0.012123495321530524,-0.01269233401426241,-0.049708414522372645,-0.034081531775738375,-0.06258470190368463,-0.03084154423488869,-0.08346932156918625,-0.0008769107948233725,6.398484709111618e-17,-8.11601802772695e-16,4.2448238780142475e-17,-1.915080521679027e-16,3.587693683843479e-16,-3.4534143150311686e-16,-4.449481166364233e-16,1.9915273159902973e-15,-1.6195345574929356e-17,2.5724470339596088e-15,6.269769568089036e-16,1.62597578454669e-15,-0.0077962734237844175,-0.002378273976919685,-0.03636237101490479,-0.0024341229962495667,-0.0003474140686213795,0.0010482347185527474,-0.00010958515769911806,0.00010119882910793926,0.0001989330220725985,-0.0009792563564426256,4.219459948983751e-5,-4.790709318745668e-6,0.0007977900936182264,1.3869291606098833e-15,0.0002668145183692961,-1.535981728966608e-15,4.2999172029107557e-16,3.1767619071399525e-15,-1.3252406400637095e-15,2.957604314754002e-15,3.425847906747451e-15,7.742256069728177e-15,1.985155764099195e-15,1.6910493023181937e-15,-7.669656491428036e-17,-5.505433619686766e-15,-4.995747839321251e-15,7.322124975644246e-15,2.0269105191201467e-15,-0.0,-0.0,-0.0,-0.0,-0.0,-0.0,-0.0,-0.0,-0.0,-0.0,-0.0,-0.0
0.0007565638608675696,0.03936702360547725,-1.1373979124806133,1.1583247588838987e-15,2.2048345955656847,-0.1359933121876003,0.001635297116782867,-0.9976780755346892,-0.19924403106921446,5.0480107941843186e-12,-0.00467478285693437,-0.0015634437508427925,-2.938048646055508e-14,0.007850438042661789,0.000853367882212186,0.0007433191797740443,0.0004055884606527639,0.009976574617137824,0.001392992453307036,0.008244749442749442,0.1076891085671855,0.21121495169488488,0.1337300815447867,0.24342886063578922,0.06047439814029475,0.3204395895018884,0.0030183904105092196,2.4238304647698274e-16,4.532512792061534e-16,-5.178181062954947e-16,2.143491002825821e-16,-4.965036488798591e-16,1.2360962199874102e-15,-7.199351216918649e-16,-5.606158979923647e-16,-9.193620721980659e-17,-6.289523543584253e-16,8.129654995930996e-16,1.0660698454051688e-15,-0.000719673151745782,-0.0017148125070201822,-0.002860800963447588,-0.0002913575129092557,-0.0004074299970003611,-0.007108578533158253,-0.005264362376899539,-0.002811462627077223,-0.0027862020881431492,-0.00308355920751316,-0.0021170149676248335,-1.9218284265853388e-5,-0.00018759554839591904,-6.155212430010614e-15,-6.273983130036009e-5,-1.8631786939806445e-15,-6.801559271800081e-16,-1.741295626562932e-15,1.3093471199200767e-15,3.885833426571082e-15,-4.2445130781452583e-16,1.823111737377758e-15,2.0488942769460047e-15,5.071334306579243e-16,-1.9557187541859417e-15,2.4045478656994853e-15,-6.049902123786555e-16,6.293301072711536e-15,-4.749023808819546e-16,-0.0,-0.0,-0.0,-0.0,-0.0,-0.0,-0.0,-0.0,-0.0,-0.0,-0.0,-0.0
0.0004942019122943365,0.11113154662543584,3.62776844371438e-15,4.8911568606808266e-15,6.376680187328546e-17,0.3129723520775806,0.05685617457141443,-0.005964702423037085,-0.03672372325010311,4.7959251054416816e-11,0.011461672328936757,0.0038332646724636254,-4.244736807320023e-14,0.09617332832882483,6.040761824170478e-5,0.01912438460850528,-0.005380642541940722,0.12742038697586175,0.017453227534589118,-0.0023360355949531737,0.025208679764105017,0.04020587067776883,0.024451954196113863,0.04441712622942785,0.005236191852190787,0.058214078317374164,0.0005105481695974356,-8.937951766569383e-17,-2.2913571488485508e-17,9.09708920228176e-17,-1.60891146608113e-17,1.7194562294999684e-16,6.816702753809425e-16,7.309434468710753e-17,-2.9553771831952066e-16,-1.8328971170562668e-16,5.837078306938413e-17,-9.513400592192056e-17,2.981065824934738e-17,-0.003061827934971363,-0.0013486262060477055,-0.014195294610332802,-0.0009764211082059517,-0.00024065964429754224,-0.0015838427933979958,-0.0015010570353648318,-0.0007406955961651548,-0.0006991490035817814,-0.0012126993818349558,-0.0005712593194052243,-7.076455025382404e-6,0.00024303159046856139,1.4090810399816182e-15,8.127997234682954e-5,-7.180941358313944e-16,-3.4157026755860847e-16,2.3708482395235186e-16,5.006274737668508e-16,1.997677878742716e-15,-8.161782008517292e-16,-6.14028949978199e-17,1.21023199064422e-15,-3.65887184029783e-16,-3.942492515863692e-15,2.1893781221559427e-15,-2.395095372961193e-15,-2.5670754769598657e-15,-6.15226604912199e-16,0.0,0.0,0.0,0.0,0.0,0.0,0.0,0.0,0.0,0.0,0.0,0.0
-1.3090536769748784e-6,0.0002813825843449804,-2.3303591264037642e-15,1.2778211075111155e-14,-4.9921081911476925e-15,-0.0011261139113134748,0.5913154828684839,-2.3380567640372233e-6,-0.0013202609537334496,3.0012252887857773e-13,6.440607463106942e-5,2.154009674317696e-5,3.75414378501869e-14,2.136194313565696e-6,-1.127445978270446e-5,-8.258694093743041e-5,-0.00013193716686738015,-0.00012806411315640775,-0.00010544391794602018,-0.00013545407797084646,-9.12164204297249e-5,-0.00014322466581497128,-0.0001402271413437987,-0.00015109239150550908,-7.902855605443384e-5,-6.486885378022744e-5,-5.476338722980114e-7,6.686217465447934e-16,7.4222268950574e-16,-1.7580331266748441e-15,-2.1351775634666822e-16,-3.2805723239986377e-15,7.814507125799213e-16,2.0694493711201733e-15,-2.4967505361035128e-15,-8.173438589332266e-18,-3.867276501649539e-15,3.929516929593499e-16,2.424348373170812e-15,1.342819516917054e-5,7.290214660264172e-6,1.610578918906061e-5,3.776112494899192e-6,1.8050209219414755e-6,6.885073683170876e-6,3.971069134297438e-6,3.6047934335098537e-6,2.2381330629526034e-6,4.363812547116959e-6,1.5560308738678654e-6,2.117747534717144e-8,1.7630898062633315e-6,-5.515498380803441e-15,5.896512971512819e-7,2.3826106047223286e-15,2.593940355811764e-16,-4.701418955095715e-16,1.5977686972803947e-15,2.7651703710369283e-15,-2.4662703982336987e-15,-1.5586561010408762e-15,-2.6535914156065306e-15,-2.125170301380331e-15,-3.6058883969933405e-15,-1.5476980016219598e-15,1.9923107403619e-15,3.9806427034658015e-15,-1.5099938895549182e-15,0.0,0.0,0.0,0.0,0.0,0.0,0.0,0.0,0.0,0.0,0.0,0.0
3.3768775334518954e-7,-0.00010996665091208906,-3.92667900477044e-14,-2.305580849137206e-14,-1.9457873300240847e-14,0.0004380979126260119,2.3001216728075176e-5,0.5912870739575018,0.000513068186459407,-2.0743187780150834e-13,-2.127394434096537e-5,-7.114900504881488e-6,-1.0112691438532823e-13,-0.0001950443411232157,5.595110417231599e-6,2.1838735944021364e-5,2.3469926957333854e-5,0.00010409070378196456,2.6816720001307987e-5,1.988412944469556e-5,2.5455927300529443e-5,6.020846471124293e-5,4.110534617734558e-5,6.305839685619272e-5,3.529910868105607e-5,6.914298446770484e-5,7.512314744500075e-7,2.0186258506014785e-16,1.1896935076046822e-15,-9.66321506674609e-15,-8.883137116590224e-16,-1.4738552080195662e-15,1.0176263599170374e-16,-2.694386877005556e-15,-3.775459540785993e-15,3.520825039289089e-16,-2.2194264133561772e-14,-2.1560641772355326e-15,2.9943809523558323e-15,-3.7152603110089645e-6,-1.387216624890352e-6,-1.1215786779499861e-5,-8.764020956996675e-7,-1.7452629563273408e-7,-1.944094618215925e-6,-1.476834493967782e-6,-9.223783147914253e-7,-7.358133113375593e-7,-1.8539462766135442e-6,-6.104203194255514e-7,-5.214991741256637e-9,-4.89193755531334e-7,1.0094260137619882e-15,-1.6360694178808127e-7,1.9572221176336424e-15,8.399391424786759e-16,4.417971975880512e-16,-1.6889868483631766e-16,1.0268522404698719e-15,2.689127023480224e-15,-1.7713350462128027e-16,1.6596782072007392e-15,2.0036295724591449e-16,1.2360230470218116e-15,-1.971440141329576e-15,-1.2934772032212774e-15,1.675242500608022e-15,1.3808058929663201e-15,0.0,0.0,0.0,0.0,0.0,0.0,0.0,0.0,0.0,0.0,0.0,0.0
6.710194762398601e-17,2.368847063038399e-17,0.0,0.0,0.0,0.0,0.0,0.0,0.5000000000000001,0.0,0.0,0.0,0.0,-6.213453676096544e-17,-1.1400837117979519e-17,0.0,0.0,0.0,0.0,0.0,0.0,0.0,0.0,0.0,0.0,0.0,0.0,0.0,0.0,0.0,0.0,0.0,0.0,0.0,0.0,0.0,0.0,0.0,0.0,-5.21265267076882e-18,-4.095412159807234e-17,-1.8959013833596548e-17,-5.318017671776988e-17,-1.7058586392809414e-17,-3.770295879636437e-17,-4.5805681224071664e-18,-4.913521589600034e-17,-4.2039314930544256e-17,2.232720288598603e-17,5.5491922493567316e-17,-2.749457439381569e-17,0.0,0.0,0.0,0.0,0.0,0.0,0.0,0.0,0.0,0.0,0.0,0.0,0.0,0.0,0.0,0.0,0.0,0.0,0.0,0.0,0.0,0.0,0.0,0.0,0.0,0.0,0.0,0.0,0.0
0.04300913362306873,1.3271956524833315,1.4590297873161552e-14,-1.1479585159286241e-13,9.366049056232416e-15,-5.432635133466508,0.4078447058339013,0.6544124360872978,-6.096832922673304,1.0757233979718356e-10,-0.1474970851246847,-0.04932922085651115,3.8384840482851664e-13,-0.8358744851300887,-0.022107750726998596,-0.29126726884078513,-0.658784132079576,-1.5283134881674876,-0.25159479113027494,-0.08687580912952815,-0.20406961789906547,-0.694802442725365,-0.40097372448459684,-0.6780915175166282,-0.5788350708626271,-0.714973097893292,-0.008583632976444076,3.476888397925523e-15,-4.781274959512896e-15,5.236692537323717e-15,-2.1723225611800417e-15,-6.733629796104016e-15,-4.100030854493924e-15,2.6362794414916867e-15,1.4704492090447285e-14,-4.296341068711553e-15,2.5643897485656023e-14,7.231510496244382e-16,5.85826046029305e-16,-0.12949448016015716,-0.46885799236364034,-0.49396811893314546,-0.07238816162387723,-0.06341970020717956,-0.03549276026140602,-0.1762001966775412,-0.09893036978045248,-0.137357620667249,-0.22149135490229457,-0.05104686215517172,-0.0007312579692836183,-0.00024291762806360846,5.322301473626896e-16,-8.124185850778648e-5,-5.7520931403904106e-15,1.1627638836753805e-14,2.051000609856372e-14,2.4330054315087954e-14,1.647350440698885e-14,5.254960109034938e-14,2.0974288672136826e-14,1.4684616295121173e-17,2.9884354671075702e-15,-4.7797616811509685e-15,-7.15124861474213e-14,9.520569856169321e-15,1.502351588448842e-14,1.898964063580196e-14,-0.0,-0.0,-0.0,-0.0,-0.0,-0.0,-0.0,-0.0,-0.0,-0.0,-0.0,-0.0
-0.000593427675227714,0.16078786987970783,-2.157388425926171e-15,-6.048215596887346e-15,2.2466080040099228e-17,-0.6444758088501055,-0.05063822832400452,0.007614319785619677,-0.7515156130602215,9.602362273882252e-11,0.029622227179637733,0.009906917045659467,7.712674215038655e-14,0.19074260413132324,-0.008466001217773713,-0.027585365038981804,-0.020890631177974017,-0.18175858010914595,-0.032368558993307726,-0.009332042376560512,-0.03333329753220096,-0.09100519023925198,-0.054569707114195974,-0.09571779972221396,-0.054401143362315156,-0.12181158630262424,-0.001330796338179078,1.7047702049858048e-16,-4.1882926347642326e-16,1.736336954353137e-16,-8.987879818426258e-17,-2.3946588939311755e-16,-6.892357729882387e-16,4.4371563002964425e-16,1.3836316696689001e-15,5.745637045163839e-17,1.4609033160890784e-15,1.327557759821012e-16,9.75707870191566e-16,0.005086616075732509,0.0016929675827611148,0.020431551157592483,0.0011530654127104095,0.00014916633638080407,0.0027079569712727242,0.0024876599451691098,0.0014918816949551484,0.0012977582336728818,0.002851014851754111,0.0011842730418149211,1.2860693740176612e-5,0.0007131414286233252,-2.7915000916458953e-15,0.00023850444913469445,5.3116774211246e-18,4.757290952383427e-16,7.531125713126653e-16,-1.81283930921881e-16,-1.0059974603154795e-15,1.7365203805837352e-15,1.5281513402217083e-15,-1.0957626568154577e-15,3.113554675055417e-16,4.44431278483852e-15,-3.369196943141547e-15,9.31990742955073e-16,4.896597100209321e-15,1.8261534381434353e-15,0.0,0.0,0.0,0.0,0.0,0.0,0.0,0.0,0.0,0.0,0.0,0.0
2.1740137751173175e-5,0.0009173232432703542,6.384301005439736e-17,-2.1017501638749003e-16,-6.00234791102935e-17,-0.003691171530773039,0.000497499951653548,0.00019289536694996954,-0.00427150066233818,7.84949713554311e-14,0.0017778752082687893,0.0005945961490013599,9.290865312709158e-16,-0.000698985926588822,5.5975284143572026e-5,-0.00016160060289035566,-0.0007333435580777152,-0.0011195455092843302,-0.00015184711896596437,-4.8660037877553096e-5,-0.00012369127102129847,-0.00043770484529827454,-0.0002262290060906475,-0.00038907772828943797,-0.00028646366447390937,-0.0004636606361823725,-5.270844997752073e-6,2.692869599269355e-17,-4.6406168848012e-17,8.77448067787289e-18,-6.801669671397736e-17,-5.21934676740253e-17,1.3555292148937037e-17,5.687574014862772e-17,-3.769981223962714e-17,-6.882992631269142e-17,4.47916727674992e-17,-1.4683726696453114e-17,5.3798030337972754e-17,-6.01583911346939e-5,-0.0001909442102808172,-0.000394275290087314,-6.981214414655491e-5,-3.412547230488971e-5,-1.3640463688013516e-5,-0.00010544955840633972,-4.0614004804197805e-5,-4.173174387428527e-5,-9.295129021338692e-5,-2.484499413469341e-5,-3.999333281028089e-7,3.6184602669808085e-6,2.242327784162021e-17,1.210165106075999e-6,-4.817536989000405e-18,3.20477698065922e-17,2.6184467624596963e-17,-1.0839979559072774e-17,7.596268691509546e-17,-1.4588782073106766e-17,1.9650105194116426e-17,-6.796206713495507e-17,-5.553112211573138e-17,9.313942249816124e-17,-9.203218297575638e-19,-1.8350428937359076e-16,1.437940909567287e-16,1.142040097076572e-17,0.0,0.0,0.0,0.0,0.0,0.0,0.0,0.0,0.0,0.0,0.0,0.0
-1.4976640060804262e-7,4.0004650792833196e-5,-6.653766089952173e-17,-6.949876973895558e-17,-4.5711944422529365e-17,-0.00016034511283866517,-1.2660330409864912e-5,1.9358293618329136e-6,-0.00018697532661636436,-1.4170484472296094e-14,7.365390021785943e-6,2.463295805298624e-6,-5.461911373650915e-16,-0.00026209920819268587,-2.108226695272725e-6,-6.853251092031909e-6,-5.1452354983961684e-6,-4.536769864887608e-5,-8.004911133726745e-6,-2.2086680289546813e-6,-8.292536936472107e-6,-2.2660356885497696e-5,-1.3595291375005723e-5,-2.3829450479308073e-5,-1.3547034983681925e-5,-3.0328354373522536e-5,-3.281773747584935e-7,1.325786236460487e-17,-2.6710028976242e-17,-8.743877208187449e-18,-4.0824757048267126e-17,-3.100795906080092e-17,3.858191308163711e-18,2.7019191374662047e-17,-3.0802296822427063e-17,-3.155978413907617e-17,-2.3074347923836073e-17,4.438454674680457e-18,2.154022752990614e-17,1.2679791807940015e-6,4.2235696315519827e-7,5.113247102160914e-6,2.8668136891534627e-7,3.77634528424257e-8,6.7513631336043e-7,6.22671797994951e-7,3.766573227758887e-7,3.263783877483754e-7,7.167288515991348e-7,2.960877270001617e-7,3.2305230423473905e-9,2.3349742484066084e-7,-2.808696724904008e-17,7.809134698814868e-8,5.643285930429705e-18,2.4391574207488592e-17,2.9131507396911574e-18,-1.9137701576257684e-17,2.2264511259215928e-17,-1.9624136047636566e-17,-2.1045989235943512e-17,-3.1217246834632756e-17,-2.6735695973982607e-17,7.593328484992945e-17,3.0816417110984676e-17,-1.079898337865246e-16,9.708162260973547e-17,-2.7250140328796987e-17,-0.0,-0.0,-0.0,-0.0,-0.0,-0.0,-0.0,-0.0,-0.0,-0.0,-0.0,-0.0
-0.00047775666587219085,0.5065367068977733,6.644685143584658e-15,-1.0784597881385502e-15,1.863600720270851e-15,-2.0019920289409106,-0.0183179583754967,0.006731381566758257,-2.3941385319456416,-1.500501384506041e-11,0.07944361039900825,0.02656928033324951,-2.0882942246832052,-0.35492683624568255,-0.01757887436861495,-0.028114339881254537,-0.05178717616394622,-0.1834725977864157,-0.040656807819709984,-0.02296808564651182,-0.030750144362941864,-0.12808894286674208,-0.07622318747581615,-0.13144402017445334,-0.1054945495268227,-0.16480335964231754,-0.001996057181050692,7.727216036753608e-16,-8.201834176286659e-16,3.437258532639545e-16,-5.284472547952384e-16,-1.382909801204862e-15,1.3277473688173046e-16,1.3625006334927178e-15,3.9496588259569275e-15,-3.921876157248185e-16,6.16355310372162e-15,1.9175889592072597e-15,3.4367302445261412e-15,0.00590065647673884,0.0014543878224971545,0.020819016552520084,0.0009025995559737129,-6.0289739802348876e-5,0.0032125764208699513,0.0028825678876056473,0.001972958195935097,0.001632699481115644,0.00408548593382915,0.0015931836693041342,1.5961979947916543e-5,0.0018589891953816867,-8.733785105137792e-15,0.0006217240735428712,-1.691902279420665e-15,3.0470151247167854e-16,3.1861680258040293e-15,-6.391477211190411e-16,4.650545709002855e-15,3.8698163026251864e-15,1.0907597175226088e-14,2.394946534760043e-15,2.191367883776151e-16,7.905469446686695e-15,-2.39635527485663e-15,6.292125840816977e-17,2.9547982478255704e-14,8.11868275728166e-15,-0.0,-0.0,-0.0,-0.0,-0.0,-0.0,-0.0,-0.0,-0.0,-0.0,-0.0,-0.0
0.01572852024736249,0.30793888500981187,1.2142985273937976e-13,-4.0007002438736606e-14,1.8004038590383338e-14,-1.2827464317234432,0.37709349034620987,0.11227650748717544,-1.3924235101703721,1.1715931169298716e-10,2.926040424323118,0.9785908257413091,9.250245274885783e-13,0.04124457489533176,0.04243627715246113,-0.06091983311296363,-0.3926370864484316,-0.43573820392934176,-0.04053015481358525,-0.011980844320498918,-0.03176434929173451,-0.12284444102721824,-0.05797711466192773,-0.1039273823621932,-0.052300621298145396,-0.1303633073611008,-0.0014440577462390557,-7.102503555590622e-17,2.7622524152680346e-15,1.794181465742042e-14,1.9930048673513493e-16,-2.68733551754969e-15,1.4635528092595363e-15,-3.0022435914906014e-15,2.0476979025330522e-14,-1.2638776820306814e-15,5.987203539415994e-14,-5.679032317358847e-15,3.2176979654013055e-15,-0.048041992592012944,-0.13349826788391161,-0.2921735705400723,-0.04769284396159261,-0.022498798626421755,-0.01293540703232748,-0.07339045450774252,-0.029053364256087913,-0.029247154809483793,-0.0672584765570728,-0.018021389158585987,-0.0002825882377032426,-0.0012675657328918236,3.723823273523474e-14,-0.0004239272251048601,-1.2887937425300576e-14,-1.6750049850946062e-15,3.0817209025012982e-15,5.443200637146894e-16,3.925353415021845e-15,1.2223516756848878e-14,2.5930004029416957e-14,5.779048068878127e-15,-2.104026293781422e-15,-9.622779794492989e-16,-3.130734214426073e-14,5.728189419094368e-15,-2.542359825786186e-14,4.4162999825155576e-14,0.0,0.0,0.0,0.0,0.0,0.0,0.0,0.0,0.0,0.0,0.0,0.0
6.335988151015914e-7,-0.0002851168970108506,-4.693637674298781e-15,-3.784822838909235e-15,-1.0867722537839032e-15,0.0011396652359009956,7.427963418487786e-5,-1.4199712423129034e-5,0.0013300937548517977,4.7968604929446914e-14,-5.4880052129945105e-5,-1.8354194661360918e-5,-3.103702128105473e-14,0.0002035574798408079,1.4450852968988266e-5,5.316880925683547e-5,5.011514682208555e-5,0.00029574634476837715,6.34634926802301e-5,3.153021775132284e-5,6.327740596671093e-5,0.00016053269319053022,0.00010219869564417242,0.00016819306362255465,9.423702587946663e-5,0.00019053790100415912,5.838108136697908e-6,-8.398854727558854e-17,-1.720609619168032e-16,-5.092959063385946e-16,1.2036294735880401e-16,2.1343655942596508e-16,-5.250266765642151e-16,-3.23004141260786e-16,-7.08598684670518e-16,2.1625937808802976e-16,-2.2132531795139935e-15,-2.0128923128894814e-16,-1.0036003156573542e-17,-9.048275641993816e-6,-3.5637547995204582e-6,-3.140090211352758e-5,-1.9502496269462123e-6,-1.264782193126228e-7,-4.829590839116606e-6,-3.596649777214717e-6,-2.1679391195899e-6,-1.8078629659417961e-6,-4.682763141020278e-6,-1.5924304425258324e-6,-3.078541097233313e-8,1.508156806670849e-6,-5.587884176399668e-16,5.043909769146687e-7,4.4180531148302565e-16,3.869063057111033e-16,2.2790941795460606e-17,4.734060778802507e-16,1.2168006519679065e-16,2.612468433627245e-16,-3.825925252730346e-16,-5.172229799799368e-16,5.044112276476584e-16,-8.914451998757915e-16,-2.0844974302342455e-15,-1.2128951277720978e-15,-4.844571768164898e-15,-2.6193156432683376e-15,-0.0,-0.0,-0.0,-0.0,-0.0,-0.0,-0.0,-0.0,-0.0,-0.0,-0.0,-0.0
-0.0005934406479340562,0.1607878460233176,-2.157385036212458e-15,-6.048241065250636e-15,2.2465518582519478e-17,-0.6444758090028899,-0.05063822832882933,0.007614319786458537,-0.7515156675623722,-4.221705422399858e-11,0.029622227184274135,0.009906917047210074,7.712688153699159e-14,-0.24023172753804528,-0.008466002050484634,-0.027585365042078473,-0.020890631181101547,-0.18175858012952398,-0.03236855899712527,-0.009332042377932446,-0.03333329753585857,-0.09100519025033028,-0.054569707120818295,-0.09571779973377986,-0.05440114336964801,-0.12181158631728808,-0.0013307963383454003,1.7047684641030855e-16,-4.1882860197464654e-16,1.7363322259354166e-16,-8.987858742566348e-17,-2.3946618405419943e-16,-6.892370806440695e-16,4.4371526343075796e-16,1.3836317225592147e-15,5.745707761166084e-17,1.4609026568443807e-15,1.3275556050253795e-16,9.757071822507582e-16,0.005086641352499879,0.0016929513574316802,0.020431629396733677,0.0011530766423022763,0.00014917824329509135,0.0027079648167827462,0.0024876927697310438,0.0014919006626730239,0.0012977782228625265,0.002851010936888266,0.0011842828718607913,1.2860874820268303e-5,0.0007131414287319529,-2.7915029507166935e-15,0.00023850444917102403,5.312579169153884e-18,4.757354439321051e-16,7.531141553454388e-16,-1.8128147431719746e-16,-1.0059804917715362e-15,1.736521726522295e-15,1.5281711332945326e-15,-1.0957461363851057e-15,3.1135906372542093e-16,4.444330906995942e-15,-3.3692129153547626e-15,9.31996139474587e-16,4.896594072926648e-15,1.8261535950740804e-15,0.0,0.0,0.0,0.0,0.0,0.0,0.0,0.0,0.0,0.0,0.0,0.0
-0.007557890654022861,-0.14012193063731374,-4.830450201524411e-14,2.353675251092796e-14,-6.702651601245198e-15,0.5848515914518863,-0.18286154135923538,-0.05341621534858915,0.6324855187773865,-5.799216459092734e-11,0.05233908024280538,0.017504386927675832,-3.7082285020641106e-13,-0.030319559577153463,-0.020706479656191212,0.027906900050332563,0.1870457183489605,0.20040212976390806,0.01792246609414559,0.005290259689762979,0.013683173431269373,0.054673154572975904,0.025264776315296722,0.04540050412679314,0.02256546249134245,0.05690516065090079,0.0006260906112682222,1.4660564189658415e-16,-1.0027188059764255e-15,-7.306957650780473e-15,-2.4784582504006796e-16,9.37835501120195e-16,-1.200871539231745e-17,1.9688803155970274e-15,-8.039406376455191e-15,2.654131461973174e-16,-2.377354441581318e-14,2.7517657864669016e-15,-1.3088753370563028e-15,0.023237165627014604,0.06400510851235709,0.14083385061311549,0.022890413475716454,0.010780047571137538,0.006317688573804381,0.03525552615055777,0.01397940683412759,0.014063349972199853,0.0323369656876432,0.008682666508593184,0.00013591261803699297,0.0006375449561561453,-1.6554591202382877e-14,0.00021322181338354198,5.142955281576625e-15,2.1480146879294445e-16,-1.4170310748902157e-15,-1.00868121008867e-15,-2.2174050971416575e-15,-5.8880677637871286e-15,-1.1276436622020017e-14,-1.9944167355824878e-15,2.8162649537606803e-16,1.8589852181819903e-15,1.702034942635465e-14,-8.95111071199987e-16,1.8032963383586635e-14,-1.6108497580024697e-14,-0.0,-0.0,-0.0,-0.0,-0.0,-0.0,-0.0,-0.0,-0.0,-0.0,-0.0,-0.0
0.00047794344260646096,-0.0816329579623565,-6.346827769219e-15,-5.8148587173483634e-15,-1.2108854212573846e-16,0.33047187564050434,-0.06536133518999906,0.010476344131572257,0.377547255811455,-5.204067401889823e-11,-0.016529713680802863,-0.005528230582775664,5.47431968029003e-15,-0.10404677302106284,0.005786761390465583,0.024113977861677436,0.44465211460836823,0.0696360433754691,-0.009257536378395069,0.00048755689594252264,-0.028236822558003857,-0.007567991212722343,-0.02367018045358973,-0.05826879440724178,0.03697176299720256,-0.08237738406139249,-0.000701930975737741,7.370367493445636e-16,3.3005945136492903e-16,-2.29904223122576e-16,4.741193178622986e-16,3.4934023189689536e-16,-1.4987505260974203e-15,-1.0620324084422876e-15,2.1263374165616706e-16,2.309193585221362e-16,-3.984184665922737e-15,-7.835707320316796e-16,-1.4187677394378484e-15,-0.00416172109397026,-0.025244707286949677,-0.009004463818957049,0.0001502194883403761,-5.273139087229163e-5,0.0013891702002966648,-0.0004152556834927216,-6.855999786257926e-5,0.000267077986417176,-0.002245201535169303,-4.7718477287612705e-5,-4.279391075374646e-6,-0.0004119632835847709,-2.6342560492277125e-15,-0.00013777782648986402,2.366354697380285e-15,4.554527444382482e-16,-1.6863828650129402e-15,5.809670289124675e-16,-3.955070307776438e-15,-4.876711360375715e-16,-4.875623980024913e-15,-3.3733664058844153e-15,-9.429626302301324e-16,1.7953673549181532e-15,1.732228134348094e-15,3.1718874813599323e-15,-3.793207604748327e-15,-6.904264991071225e-16,-0.0,-0.0,-0.0,-0.0,-0.0,-0.0,-0.0,-0.0,-0.0,-0.0,-0.0,-0.0
-0.0007216142123152279,0.17172309895726032,-4.188820816357771e-15,-2.8796654949456563e-16,3.458255428736432e-16,-0.6899354600288948,-0.008797286942145092,0.00100526550597264,-0.8006397090230913,-8.539618513886682e-12,0.03237658493254321,0.010828089974580754,2.4274329450829082e-14,-0.14425231421842272,-0.009782445218200844,-0.03448605461943798,-0.2381483212784048,-0.18287301011118948,-0.02179106645078991,-0.007846165478641313,-0.013140632695142136,-0.0704591590661636,-0.03272767177346066,-0.04908896231226211,-0.06275270121187337,-0.05838731144833099,-0.0007343467054990451,-6.80240789189642e-16,-2.2643302226513014e-15,1.4400853088983595e-16,-8.663375522559808e-16,-1.3612949928194503e-16,3.5929925777240444e-16,1.6496480756399496e-15,1.337903784656241e-15,-4.805255737131737e-16,4.01314079015195e-15,9.447863185417772e-16,1.7870716961044125e-15,0.006218110839121285,0.013935177291085872,0.021143763036433307,0.0008658230522316581,0.00014806798545392383,0.0015175676394628592,0.00223584902339047,0.0012512554970579362,0.0009260163232073072,0.003443610821393499,0.0009895590963982933,1.2616722187309458e-5,0.0008019461190474509,9.448734217590609e-16,0.00026820446784849906,-2.1283536438202574e-15,1.2271100957319023e-15,1.9371415609390698e-15,5.183678481805709e-16,8.257428388493574e-16,2.6756504108737663e-15,2.4283849963414743e-15,1.7412068718689652e-15,1.2192233550778104e-15,3.1787643036509934e-15,-4.446630553600519e-15,-1.8619314858945943e-15,7.188202155686746e-15,1.1826012210067978e-15,-0.0,-0.0,-0.0,-0.0,-0.0,-0.0,-0.0,-0.0,-0.0,-0.0,-0.0,-0.0
-3.0712824065011084e-8,2.14909959532094e-5,-4.939579904707739e-15,-1.6146677371857094e-15,-6.2269429879924e-17,-8.627229811723979e-5,-1.2199972963271241e-5,6.521263165657429e-6,-9.976472301200125e-5,-2.0049852797561658e-14,2.7013162891497397e-6,9.034336360586056e-7,-2.990955293967868e-14,-0.00019336919453777907,-1.4193206723405497e-6,-1.1666526077823591e-6,4.623435739478858e-6,-3.8506786069791887e-5,-2.1821355180791181e-7,7.091800842124878e-6,-1.9980331054483573e-6,-1.5143709761662138e-5,-3.968314757325672e-6,-1.5109112597824955e-5,-8.292527962087948e-6,-2.619835769604037e-5,1.229012876157467e-6,-3.0181656488547457e-16,-1.0285118716861027e-15,-1.715723253737068e-16,-4.733469658200926e-16,-2.3083716238940435e-16,-2.848548853963959e-16,2.1899014605153865e-16,3.1791859995226337e-16,-2.8392822743608416e-16,6.547696827608373e-16,7.132767759879938e-16,1.9000757192531293e-17,6.216102928119808e-7,6.476272478565953e-7,5.113318034512153e-6,1.3934920495123733e-7,3.0292854578199584e-8,2.2888497039338955e-7,4.976308702481153e-7,4.826371079643834e-7,3.694649188725293e-7,1.713919105569207e-6,9.536919150685899e-8,-2.4318313089295328e-11,1.1623989640242722e-5,1.05764812424034e-15,3.887550404074262e-6,-4.2645104889943877e-16,9.053336432129674e-16,5.953830596670709e-16,6.272471705330017e-16,-2.1653512001970607e-16,9.010766063464588e-16,-5.887740248118478e-16,8.696749909226394e-16,6.254663238618435e-16,4.923706854894982e-16,-8.377825783532126e-16,-1.0492209065024703e-15,1.1373706492988733e-15,-4.875342779110213e-16,-0.0,-0.0,-0.0,-0.0,-0.0,-0.0,-0.0,-0.0,-0.0,-0.0,-0.0,-0.0
0.01689936805686126,0.13119846273577168,2.434570473786244e-15,-2.411593984222369e-14,6.305648754644929e-16,-0.5562611808163859,0.12655116509553194,0.11366154854290768,-0.584016519259043,-6.975624579367614e-11,-0.08232283031808553,-0.027532212415331596,-2.25610242675369e-15,-0.38290087493375163,-0.06786607251468672,-0.020247413979274105,-0.049021802040317176,-0.24278081926873907,-0.02512100955989487,-0.00613190476563629,-0.025828672295798896,-0.06414739830982355,-0.03425176624784647,-0.0730253398226682,0.0009802558766649383,-0.08971067084933751,-0.0008829080128475063,-2.535134806066037e-16,-2.188919319530854e-15,-7.318676119243135e-16,-3.623119257988572e-17,8.431693286083382e-17,4.460913056348235e-17,-7.500307330840586e-16,1.3104674201866875e-15,-2.906795867028721e-16,1.4906527500872149e-15,3.68112061918797e-16,1.100844424542683e-15,-0.05711002592358984,-0.15745249525205646,-0.3259004408791843,-0.050071265737830065,-0.023448678136943225,-0.014665479053370586,-0.07810474620514098,-0.03129687634230454,-0.0311576476515271,-0.07293391194413983,-0.01971502757512738,-0.00030622515866891235,-0.0011762029804236903,5.159934979293013e-15,-0.0003933716828903706,-1.2040374169953087e-15,3.587756370349936e-15,1.6290339682327503e-15,6.051734644823378e-15,3.2950096065272993e-15,7.494631258664921e-15,1.563975156598937e-15,1.0209596312456011e-15,7.443649331361066e-16,-5.254903539311847e-16,-9.481957481460756e-15,7.018396693534996e-16,-7.904430478977977e-15,-7.315410681944423e-16,-0.0,-0.0,-0.0,-0.0,-0.0,-0.0,-0.0,-0.0,-0.0,-0.0,-0.0,-0.0
0.0,0.0,0.0,0.0,0.0,0.0,0.0,0.0,0.0,0.0,0.0,0.0,0.0,0.9000000000000004,2.2243275264575306e-19,0.0,0.0,0.0,0.0,0.0,0.0,0.0,0.0,0.0,0.0,0.0,0.0,0.0,0.0,0.0,0.0,0.0,0.0,0.0,0.0,0.0,0.0,0.0,0.0,0.0,0.0,0.0,0.0,0.0,0.0,0.0,0.0,0.0,0.0,0.0,0.0,0.0,0.0,0.0,0.0,0.0,0.0,0.0,0.0,0.0,0.0,0.0,0.0,0.0,0.0,0.0,0.0,0.0,0.0,0.0,0.0,0.0,0.0,0.0,0.0,0.0,0.0,0.0,0.0,0.0
-0.00863361420656135,-0.04858299836874217,-5.524726444743805e-14,1.8498908392157982e-14,-6.813286352266721e-15,0.18819994536834206,-0.2762499805592629,-0.055490805924862927,0.23212928549450285,-1.0386764550479307e-10,-0.04204396150850392,-0.014061266778139469,-3.4495787519882154e-13,-0.31020211754233806,-0.03736332447013537,0.008217798537937833,0.23922121923026826,0.07449925271522913,-0.001946365869690274,0.0019326855097521307,-0.01699719603315079,-0.0020302611281889506,-0.016539171474920438,-0.03382927667641076,0.01870556637766803,-0.05965358587903281,-0.000547175266910446,3.085159451761776e-16,-1.2272986828268814e-15,-7.632275926231366e-15,-2.32409102366798e-16,9.241659663160167e-16,-9.364740624927909e-16,1.8957007892416383e-15,-8.027721821048863e-15,4.192423011602937e-16,-2.523778490474572e-14,3.0557696328908577e-15,-1.4551668023658275e-15,0.030354707239216128,0.06920368910529591,0.17636482274307005,0.026846299103080434,0.012428321573693503,0.009801792535709343,0.04184000162545306,0.01709519599872002,0.01721069770688593,0.037607811076269315,0.010998505141705209,0.00016522393244510188,-0.0007465898292396684,-1.9582573521926368e-14,-0.00024969099919257894,6.0601017886867395e-15,4.449299006726383e-16,-1.2673727489817033e-15,-1.3715059712865136e-15,-3.944484551669481e-15,-5.352749948180459e-15,-1.1750797611988138e-14,-3.430100878285354e-15,5.310718601638891e-16,5.694989463919164e-15,1.6400909809702625e-14,1.1425866137264485e-16,2.251702058311105e-14,-1.6499027412228238e-14,-0.0,-0.0,-0.0,-0.0,-0.0,-0.0,-0.0,-0.0,-0.0,-0.0,-0.0,-0.0
0.01691090901998713,0.025567967205961963,4.327274253325265e-14,-1.5315244450827178e-14,6.9185079725984866e-15,-0.14833389461485613,0.3917271306870174,0.11060973077510527,-0.07596656719409121,1.7215063680273549e-10,-0.15972065862326296,-0.05341729728365968,2.8361705972535494e-13,-0.7098299817944665,-0.06846868113608436,-0.0042146846652128065,-0.0019719453321572324,-0.13510644545711437,-0.004619774516791277,0.0009762120029683222,-0.010030646656137166,-0.006905021061385609,-0.003975853836370888,-0.023004140904622807,0.050851302590121265,-0.034165829679101804,-0.00019359204180951023,-1.7199298989641013e-15,-7.461020912464709e-15,7.361215306956491e-15,-7.730079638538183e-16,2.339649268819992e-15,2.4933109824525304e-15,3.638029124941598e-15,1.2409312482171622e-14,-1.6630389738820067e-15,2.722552700181387e-14,-3.912715221709878e-15,6.448286433656663e-15,-0.05825725574717836,-0.15635257673386066,-0.32689718852487815,-0.049114048571212994,-0.022737335906070858,-0.015436016409145643,-0.0770566721459573,-0.03110471361069744,-0.030763500634207096,-0.07290128082931518,-0.01964550580092892,-0.0003033917352728921,-0.0024780658480550713,2.4433470599609148e-14,-0.0008287693104323341,-1.0680156830072968e-14,6.112627149634076e-15,2.3443010566545644e-15,9.041331200137306e-15,2.0921571384214426e-15,1.1911007351509069e-14,3.190535616399474e-15,3.1828074228224656e-15,-1.3100993894242047e-16,-5.590522020179094e-15,-2.4518612881317662e-14,-1.4985483096880704e-15,-3.6876185264273e-14,1.4036729463160631e-14,-0.0,-0.0,-0.0,-0.0,-0.0,-0.0,-0.0,-0.0,-0.0,-0.0,-0.0,-0.0
2.709082785328688e-8,4.981912844117124e-8,-7.078719119373837e-21,5.3185437243954533e-20,1.172488616928108e-21,3.1919301496609397e-10,1.0086208133773957e-11,-1.753371927563318e-12,1.1381668290644466e-7,2.886872073177884e-10,-9.688307582998787e-12,-3.2401877457421173e-12,-7.423650694044845e-18,1.2078118802379273e-6,1.738947165630113e-9,6.472490180268219e-12,6.535442873474934e-12,4.259311480577746e-11,7.978880114660616e-12,2.8669361977601655e-12,7.645099565781526e-12,2.3153670565376205e-11,1.3840740332790244e-11,2.417295810365456e-11,1.5324428126512388e-11,3.064784150907784e-11,3.4760601919289417e-13,3.635474961940405e-22,-1.3814102537553658e-21,9.87432705794907e-22,-4.401259473876114e-22,6.153390855818762e-22,2.7307702627294165e-21,7.655662462636584e-22,-1.10450826555203e-22,-1.4767582027341438e-21,1.3766965979406074e-21,4.499847001306955e-22,1.4366226145243504e-21,-5.278532837717097e-8,3.3883261444974604e-8,-1.6338635097120883e-7,-2.345069209460818e-8,-2.4865140368451715e-8,-1.6383733835335234e-8,-6.85473436392649e-8,-3.961017601127896e-8,-4.174330956100116e-8,8.175391136107401e-9,-2.052802826363606e-8,-3.781485113250817e-10,-2.2705540669403725e-13,5.970581620688654e-21,-7.592938380374002e-14,-1.8831152052982393e-21,-1.3257940613822346e-20,-3.30792664675643e-21,-5.1301133346251774e-21,-3.5435312106357306e-20,-2.8107160800041902e-21,-4.133375998169392e-20,-3.449951906437084e-20,-7.50996526826662e-21,-3.784439760452963e-20,3.3354681307071295e-20,-1.1269520726432112e-20,6.321855896031638e-21,-3.2771773913266697e-22,-0.0,-0.0,-0.0,-0.0,-0.0,-0.0,-0.0,-0.0,-0.0,-0.0,-0.0,-0.0
2.7037360699061494e-6,-0.001945878237822526,2.1431930690516317e-14,-9.747519735106286e-16,4.120625372854574e-15,0.0075082714361033465,-2.7501350095164528e-5,0.005144636953951824,0.009384943076845387,-2.1548374370506695e-12,-0.0014996488765395275,-0.0005015455768258844,1.584331321410958e-13,-0.005842028311650483,-1.8148741365592512e-5,0.0002938765005155605,0.0009120352264739966,0.0019708134149559837,0.00037837220579868547,0.00014015307675761238,0.00028294375957269117,0.0010345291222658096,0.0005625617090539618,0.0008983098187020673,0.0009363352425076493,0.0009894862402969283,2.6692574809775368e-5,-8.18192066135735e-16,-2.8239507744786126e-15,4.519761141781971e-15,-3.556797695670917e-16,1.6932910890028612e-15,9.254310663629187e-16,1.8964139923869097e-15,6.654962429452654e-15,-6.853125028279705e-16,1.4511852664688983e-14,-2.239381429021783e-15,2.579823361988876e-15,-2.164028573570176e-5,2.478399990726272e-5,-1.5852820169877916e-5,1.7716443094372118e-5,1.142602976337139e-5,-1.461080405298819e-5,1.854121186495116e-5,9.737501080596336e-7,5.278292125363131e-6,5.678563292448512e-6,-1.0247208370951724e-6,-1.4048388029278563e-8,2.1519395525747217e-5,1.0345234537534288e-14,7.196989748893294e-6,-5.417377469406054e-15,1.307854007622383e-15,8.902911496017474e-16,9.573962203952097e-16,-1.2303141866445692e-15,3.42532157056174e-15,2.145595797506067e-15,1.5734791716114934e-15,1.974543053056326e-16,-8.874510994560293e-16,-8.541559512434175e-15,-1.5994135907867215e-15,-1.4111809965136518e-14,8.610611285395494e-15,-0.0,-0.0,-0.0,-0.0,-0.0,-0.0,-0.0,-0.0,-0.0,-0.0,-0.0,-0.0
8.803703223320743e-6,-0.1036846789411962,1.940625012858147e-14,9.775381550027827e-15,2.1673162733703106e-15,0.40041901437045246,0.2652034669290602,-0.00819645471959556,0.49866486814445804,-1.1317731260324903e-10,-0.07589817941663304,-0.025383539287487263,1.2744921648591428e-13,-0.3210885731685568,-0.0005844620319037404,0.015738852805536708,0.046137821473598795,0.10570356034397493,0.020122862827431816,0.006967963688299181,0.015515081870629532,0.05620784809752107,0.029713350685294643,0.04912288906943255,0.04893471145198022,0.05455535489201669,0.0006626233957980913,-6.482248020972782e-16,-2.448149109013793e-15,3.573320555189071e-15,-3.8109645706826315e-16,5.620404854982148e-16,1.5232674063053874e-15,2.4916449182803494e-15,4.443882769209581e-15,-6.870450569209684e-16,1.1223019883427208e-14,-2.041446411444819e-15,2.767616869360638e-15,-0.0011255242180850985,0.001075092589104554,-0.0009806926413263055,0.0009395297428341242,0.0006999469707417366,-0.0007559062774961139,0.0010296176719605291,0.00019123799753265668,0.00038892038089685313,2.6942434815385612e-5,7.0571897662823e-5,2.8479397279476343e-6,-0.0013233822628759082,8.928293694420141e-15,-0.00044259461719681437,-4.058739613389746e-15,1.2170331778397354e-15,-1.7501996775141314e-16,2.0322066832307224e-15,2.7505568339592984e-17,9.91058000431505e-16,-5.189841888081604e-16,5.884113117591632e-16,-1.0728198840983355e-15,-4.177533735841947e-15,-6.495137162522818e-15,-6.009604426672931e-16,-1.485995264320214e-14,6.157659651495954e-15,-0.0,-0.0,-0.0,-0.0,-0.0,-0.0,-0.0,-0.0,-0.0,-0.0,-0.0,-0.0
0.0,0.0,0.0,0.0,0.0,0.0,0.0,0.0,0.0,0.0,0.0,0.0,0.0,0.0,0.9000000000000008,0.0,0.0,0.0,0.0,0.0,0.0,0.0,0.0,0.0,0.0,0.0,0.0,0.0,0.0,0.0,0.0,0.0,0.0,0.0,0.0,0.0,0.0,0.0,0.0,0.0,0.0,0.0,0.0,0.0,0.0,0.0,0.0,0.0,0.0,0.0,0.0,0.0,0.0,0.0,0.0,0.0,0.0,0.0,0.0,0.0,0.0,0.0,0.0,0.0,0.0,0.0,0.0,0.0,0.0,0.0,0.0,0.0,0.0,0.0,0.0,0.0,0.0,0.0,0.0,0.0
-0.0005940114849472035,0.16081057755764477,-1.7590591870450495e-15,-8.539053691270496e-15,7.492368237994558e-16,-0.6445650032157161,-0.050653740554842105,0.007615864279032121,-0.7516170975313299,-4.221889984408237e-11,0.029627984420926755,0.009908842508976855,7.836919864940902e-14,-0.24023960645765902,0.42250674916304976,-0.02758911645832357,-0.020893984988600685,-0.18178604252309485,-0.03237193751707483,-0.009331402470419142,-0.03333763069982771,-0.09101347251704411,-0.05458265793046754,-0.09572720702434734,-0.054408854633277624,-0.12182658297918361,-0.001336276268598529,4.2167320381093307e-16,3.3221383707220184e-16,3.15931510157848e-17,2.7187447915509825e-17,-4.394058054744676e-16,-8.869237625280468e-16,-1.3006156786428934e-15,5.936794358077755e-16,2.608576032185197e-16,9.183346029750207e-16,4.894346705583569e-16,-2.0928674211291317e-16,0.005087461300518043,0.0016920990441991425,0.020435312555480846,0.0011533329138156427,0.0001494397638270173,0.002708594676968233,0.002488149612702656,0.0014925440189972944,0.0012982581696782747,0.0028493541226161704,0.0011850277504594563,1.2884190081835707e-5,0.0006946658352679173,-1.3178049634500076e-15,0.0002323254346516452,7.605515990604455e-16,-1.8975389715404063e-16,3.2181752648269683e-16,-7.203166113536636e-16,-5.858313873576067e-16,1.0660974741543166e-15,2.5324842335577904e-15,-1.0159695810090232e-15,3.060481951882337e-17,4.359921220095816e-15,-2.2959148714596267e-15,1.1997201888647e-15,6.6094460446419085e-15,1.7003860237109633e-15,-0.0,-0.0,-0.0,-0.0,-0.0,-0.0,-0.0,-0.0,-0.0,-0.0,-0.0,-0.0
0.0029229162509953697,0.022837259713174105,1.972713524227982e-14,-9.759831411723034e-15,1.9317994111769825e-15,-0.09685381187047805,0.022547177792968293,0.019351321222283387,-0.10158294566654244,-5.4367705401734614e-12,-0.01429142324405994,-0.0047796522417072815,1.437805273015855e-13,-0.04524492177715194,-0.03488605087690125,-0.0032386991206447445,-0.009006608503906175,-0.04452437956660867,-0.0025973237049600586,-0.0012032718172889584,-0.004005143431689473,-0.0166831090644247,-0.0045079064557501354,-0.010692626768884954,0.0008205522328718903,-0.014257046490694422,-0.00013174672677007402,1.5503522182956082e-16,4.544234530194824e-16,2.7112361974200057e-15,3.5506149126281127e-16,-3.071366792323989e-17,-3.8313691529325107e-16,-1.395385689546261e-16,4.984398104996413e-15,-9.248362423145662e-18,9.754397416787851e-15,-1.5829546264194428e-15,1.4749958994115086e-15,-0.010051988252028791,-0.028647653543775048,-0.06060208338281771,-0.005772491147231867,-0.0032352142142373403,-0.0023069093831924537,-0.021357694423519678,-0.0030643120083606815,-0.004151912896343034,-0.010663062366886822,-0.0028939908678855524,-4.290591433239953e-5,-0.00019328448346778656,2.0579353787508164e-15,-6.464245018994723e-5,-2.3852911619834586e-15,2.673711108748647e-16,6.332509170293772e-16,7.406986865631545e-16,-2.0246074673390829e-16,3.303617703370899e-15,3.940133107694561e-15,2.6743989155699413e-16,-1.4659492551613984e-16,-6.091916432468066e-16,-6.862048671739429e-15,5.560553761466757e-16,-1.0380120544462267e-14,6.788658419178736e-15,-0.0,-0.0,-0.0,-0.0,-0.0,-0.0,-0.0,-0.0,-0.0,-0.0,-0.0,-0.0
0.01397782981155785,0.10835954538513573,2.223324929846183e-14,-3.9831813999545857e-14,5.212433587262657e-15,-0.45936453086962714,0.10398451197909299,0.09430598494120547,-0.48237816143353185,-6.440679555049218e-11,-0.06802651638181581,-0.022750924520736446,1.4600662225555611e-13,-0.3368082961302249,-0.032978194306342135,-0.017009324705559232,-0.04001791486837543,-0.19825489104175997,-0.022515727436933725,-0.004910277140582002,-0.02182493461038069,-0.04743822004024334,-0.029776883430158607,-0.06230767704186752,0.0001624645069140611,-0.07542691286596381,-0.0007742665929814455,6.156902022675206e-16,4.421398086719642e-15,2.8083875159537122e-15,3.898159089061197e-16,-3.1079125952186624e-15,-1.941892169252951e-15,-8.095984555094937e-15,-1.4812698780146268e-15,2.5739252628084956e-16,7.33704587655124e-15,5.040554089049506e-16,-6.01069114527311e-15,-0.04706171058368813,-0.12880803556568815,-0.26531366415382573,-0.044301182805806257,-0.020216137184624703,-0.012359366229001207,-0.05675281664996712,-0.02823552823292473,-0.02700952363437527,-0.06228050076995445,-0.01682251832696635,-0.00026327191710365596,-0.0010348709068190832,1.6072468816449597e-14,-0.00034610430087309414,2.043903277653835e-15,-1.4400037209245016e-15,9.277463876031478e-17,8.906334533816728e-16,3.656112045478776e-15,3.3033378588343505e-15,8.700089754044498e-15,1.7757711178757852e-15,1.6601757398031445e-16,-1.3063033859913646e-15,-7.84888342741618e-15,3.1014824905517183e-15,-2.758697857220102e-15,5.909934509537615e-15,-0.0,-0.0,-0.0,-0.0,-0.0,-0.0,-0.0,-0.0,-0.0,-0.0,-0.0,-0.0
0.0015888603544098757,-0.06481433052700865,-3.9172374255195866e-15,-2.4106882073574113e-14,-9.403952377458894e-15,0.264864095052264,-0.0667187736091098,0.0137050073798598,0.29198917948702086,-5.14055421734622e-11,-0.02053576764455826,-0.0068680233018990275,-1.6596723820627826e-14,-0.11505727395702031,0.005114859131795655,0.5858220505495139,0.0072401439137564,-0.08593719403391423,-0.017661553563637116,-0.0002879511069823882,-0.030578358593171037,-0.037515756202027684,-0.030202592132646262,-0.06468185997444428,0.053939118803539875,-0.09277166982257748,-0.0003040302290365037,6.98616852497255e-16,1.2259015991256092e-14,-2.7141617844380376e-15,1.828008979283701e-15,-3.029947608768204e-15,-5.895807635894618e-15,1.198155094850458e-15,-2.8022128081652726e-15,1.611426617067348e-15,-1.276448190921621e-14,-1.3607419844575675e-15,-4.957068438978886e-15,-0.08365619046942349,-0.0032707463942700478,0.0032976494616383193,0.0002976820882785068,-0.0003816743161599131,0.0012623030510405218,-0.0009678537703318905,-0.0007601876681323791,-0.00024840916245783587,-0.005118285965792373,-0.0007500987679957623,-1.8271893967736394e-5,-0.0005301735635924085,-2.38586650804192e-14,-0.00017731230953883437,9.064419095293496e-15,-2.1533352853640444e-15,8.307288859532657e-16,-1.2706821734161682e-15,-5.8294908679561646e-15,1.2249721663626863e-15,-4.108793922819107e-15,-7.343064293058703e-15,1.3516044589027496e-15,5.031845890475061e-15,1.8861349639953955e-15,9.17404742392498e-15,-3.071823292667905e-15,-1.3887386214795972e-15,0.0,0.0,0.0,0.0,0.0,0.0,0.0,0.0,0.0,0.0,0.0,0.0
0.00029082329354213407,-0.09406117985811459,-6.207703695279437e-15,-8.394694154160332e-15,-7.151720424554163e-16,0.37861839904373296,-0.0674910177682316,0.010146702199631617,0.4398545617913414,-5.545312346095487e-11,-0.018122605039259033,-0.006060960362183268,1.0704570971141963e-14,-0.11196051045373266,0.0036508263393409766,-0.02225727206988253,0.7619116508394697,-0.13188988578186223,-0.004557855548791017,0.0010018964005712647,-0.02867337442790863,-0.03857117997118317,-0.029196010132246767,-0.05802105423773622,0.03290874113947096,-0.08122074366940137,-0.0007696737262974681,1.7855971095145387e-15,1.006165091620208e-15,-3.827099756188351e-16,8.740271006180737e-16,-3.6569954025254114e-16,-2.4218130295393447e-15,-1.5660568030865195e-15,8.279611724345613e-16,3.3591847092418356e-16,-6.770528850208944e-15,-9.428415772724086e-16,-1.4628334834546957e-15,0.0027620168522544284,-0.042242979578993985,0.011837357546571307,-3.348329995196168e-5,1.4366924065203306e-5,0.0014303712656918606,0.0004302754268121305,0.0001469178761379329,0.0003657582550423292,-0.0018587375033012553,6.365125940084627e-5,-1.997590581818026e-6,-0.00047719118357064894,-8.051089387966559e-15,-0.0001595927761339693,3.916376964096117e-15,5.82521477919172e-16,-2.1688826338636113e-15,8.449792906270595e-16,-3.742663602830935e-15,-1.0884622319233566e-15,-5.043980196062202e-15,-4.252224756586451e-15,-1.4026632304391386e-15,8.93279399743794e-16,3.4568234595262206e-15,3.4087399485702684e-15,-3.2100797723031133e-15,-5.633629629165979e-16,0.0,0.0,0.0,0.0,0.0,0.0,0.0,0.0,0.0,0.0,0.0,0.0
0.0006624674118469629,-0.05745232650383383,-4.755057854124665e-15,-1.607575923943922e-15,2.504919527419718e-15,0.23736324534632744,-0.060602500016139205,0.010604133498358644,0.2560871853107598,-4.4908452000086015e-11,-0.012134080134463418,-0.004058146087015302,1.9014243759285704e-14,-0.08420055727532806,0.01067557263125537,-0.004063846307636615,0.01701404600037946,0.5356515789074531,-0.01434043491813005,-0.0006149960447631881,-0.02824137341770985,-0.039555557998582326,-0.030888937147099515,-0.05939607015265229,0.007698711578986821,-0.08372375301752341,-0.0006612487482670964,-7.372794687305196e-16,-2.3666354665634866e-15,5.38603858330703e-16,-2.2631590084445913e-16,2.0406724438652568e-15,4.67761615823454e-16,-1.442981899430618e-15,2.837736880406451e-16,1.425524531263279e-17,2.4067791817849025e-15,-3.2486469073247684e-16,-6.10134884887865e-16,-0.0009872593007535329,-0.002360892852359785,-0.0565906180438937,0.0003202431510880319,-0.00013302864116541773,0.0014030870446997358,3.110933240830722e-6,-6.905704253358006e-5,0.00017190146562454914,-0.0019567762722042937,-0.0001477662519132644,-6.385122023909245e-6,-0.0002525206423320754,9.672201266397466e-15,-8.445350989400984e-5,-1.1343932527198162e-15,5.536076641196772e-16,-1.3131829414487496e-15,1.860951696024996e-16,-3.596640764373125e-15,1.73858762385749e-16,-3.608741404557395e-15,-1.4425046430846475e-15,-6.614159596111806e-16,2.5655920976633056e-15,-1.5835601535235413e-15,1.5110716428565034e-15,-6.33375525452052e-15,-2.416661362059364e-16,0.0,0.0,0.0,0.0,0.0,0.0,0.0,0.0,0.0,0.0,0.0,0.0
5.665400026340608e-5,-0.08018698141752069,-8.349783859306602e-15,-2.644838075604335e-15,-6.168634598514824e-16,0.3242863171615588,-0.05946864409672055,0.008528145816520767,0.37300630497347775,-4.7659166578862915e-11,-0.012185551487583896,-0.004075360269541852,1.483395111599485e-14,-0.08239886989256712,0.0029092152588364333,-0.020403038920778997,0.02091437351877363,-0.13106895305157057,0.7605634726318976,0.0006587196274487025,-0.027304752928350082,-0.04144077362605528,-0.023578663864487173,-0.052521319765078046,0.005432275662812873,-0.07228814490776547,-0.0006830915097822721,4.086984979650084e-16,3.0597884067963666e-16,2.609171396067875e-16,-4.791513369855866e-16,1.4561678460601594e-15,2.7300143686767107e-16,-2.2205045936391866e-17,2.1800968859314454e-15,-6.256358862945973e-17,-1.967804320913348e-17,-3.750939997580647e-17,-4.729806164000622e-16,0.0026999376430587624,-0.0013747640496079786,0.012536041193108305,-0.028204853505242662,5.6386060051697486e-5,0.0014955943541412103,0.0007548046459809359,0.00021246021269491077,0.00042770073856615137,-0.0005434931359247823,0.00020533070013123913,6.137526084148985e-7,-0.0002673816497639036,1.0543511960363448e-14,-8.942365501263998e-5,6.436388650585288e-16,2.967481857734473e-16,-8.788365702536711e-16,-1.613986583091128e-16,-5.148359205155684e-15,6.80010097530182e-16,-5.691108622425806e-15,-2.6065401488982093e-15,1.4246767447651888e-15,5.5597607545521385e-15,-3.09215615250039e-15,1.1872441221704965e-15,-5.522565735936065e-15,-4.707311379245702e-16,0.0,0.0,0.0,0.0,0.0,0.0,0.0,0.0,0.0,0.0,0.0,0.0
-0.00022783046833293083,-0.10885853188943351,-3.3867308015994348e-15,-2.650864164253919e-15,-9.350221592616833e-16,0.43204392295246047,-0.06637556535555099,0.008309391719619563,0.5184351076910474,-5.569279071734516e-11,-0.015695723013794648,-0.005249309072084968,1.9401979743265753e-14,-0.10768749779087808,0.0006386887366791984,-0.021859601514817313,0.007082209908169197,-0.1378703757981099,-0.019801085352137295,0.8849233891565625,-0.029353106996945533,-0.045697429014787024,-0.02857936752164993,-0.053816086701378135,-0.0010809311645983523,-0.07309696605535093,-0.0006165999634809036,-2.655882606267693e-17,7.290090085508359e-16,-8.610311340428889e-16,2.850562895088141e-16,-8.70400018181593e-18,-1.3047320761649725e-16,-1.9597136893008758e-16,-4.2421579627816104e-16,4.648901588006828e-16,-1.1114894606048196e-15,-2.619500341913851e-16,-5.983428717562542e-16,0.003091999439077286,0.0006634792658001131,0.013764466027066406,0.0009783103623619447,-0.00983922782230812,0.0016771452055576205,0.0012547496355444449,0.000548676870517118,0.0006136769184501137,0.00031629872183129164,0.0004040254287421074,3.5793907347752592e-6,-0.0003181872842871107,-1.015862891516793e-15,-0.00010641519327988314,1.215174962402897e-15,-1.0216476412712454e-16,-8.807218260773666e-16,-7.1518533704223e-16,-4.441914211211561e-15,-6.589208910973744e-16,-4.085044586972491e-15,-2.7562888173886577e-15,-4.391417618062361e-16,3.978573415427814e-15,-1.1780463332900032e-17,3.592984129598927e-15,-4.66031719760567e-15,-5.033303062486387e-16,0.0,0.0,0.0,0.0,0.0,0.0,0.0,0.0,0.0,0.0,0.0,0.0
0.0014390301656049534,-0.07653175531511368,-5.3799578430130246e-15,-1.393619121934633e-14,-2.7110537145474998e-15,0.31002723070267474,-0.06799158944340988,0.013410821128276304,0.3507908750498382,-5.4281777261283295e-11,-0.024018712148257768,-0.008032866244439118,9.000461541970879e-15,-0.1276691581173493,6.256972541665562e-5,-0.0225248995641169,0.006844515921376061,-0.1365571001354886,-0.01952009087473623,0.0014253840721846075,0.6821331867769989,-0.030276651410544458,-0.02889199512943765,-0.05198967019482759,0.021052082248408117,-0.09084361128874963,-0.0007023779036525225,8.707680774733819e-18,1.5723817363972373e-15,1.1091698028646663e-17,9.194971130711856e-16,-3.611364274635586e-16,-8.561268764048371e-16,-2.263412302586533e-16,2.611674744960737e-16,2.6027066722161815e-16,-6.229207212299137e-15,8.672105998550364e-16,-1.3083012793727185e-15,0.0020941353317481255,-0.0027860710844615395,0.010826223067508653,0.0005023986679459384,-0.00035097684101373155,-0.04400326222148763,-0.0010074439559185858,-0.0007058734436339218,-0.0003423110173825355,-0.0041067276400700405,-0.0006915268300063296,-1.5399545823705908e-5,-0.0004938790548204593,-1.5735569488034858e-14,-0.00016517390125223976,2.243904255009166e-15,9.735882249660352e-16,-8.919436513272646e-16,1.0634332638803887e-15,-2.868331539885035e-15,-1.2858288281632897e-15,-3.48770569496562e-15,-1.4524904897438983e-15,8.067304926453837e-16,3.3428606292953736e-15,-2.7408543091169826e-15,6.183111498240379e-15,1.7467028347294381e-15,-1.3677617455890433e-15,0.0,0.0,0.0,0.0,0.0,0.0,0.0,0.0,0.0,0.0,0.0,0.0
3.5594063707856595e-5,-0.09864441978159616,-3.788433848042245e-15,-2.8778547301525984e-15,-9.637174582965705e-16,0.39421024580370706,-0.06499365360834103,0.008953716436409133,0.46596669159892884,-5.417173299645001e-11,-0.016896243675282797,-0.005650813608960543,1.8998449370981133e-14,-0.109820110132509,0.004540434191829063,-0.02173726621692882,0.006465395938294755,-0.13802691126631617,-0.019220370468429327,0.0015367277377424148,-0.02837433899424949,0.8016479567204271,-0.02810306027293447,-0.052433220483720254,0.004709386901524126,-0.07431772776418631,-0.0006328054550321662,3.4490530018168204e-17,9.515997701916699e-16,-8.560111655285485e-16,2.8167759335514545e-16,1.7008220041523014e-16,-1.2253186626648986e-16,-5.4042209168227726e-17,-3.124496335053888e-16,4.916363067741814e-16,-1.1330865338082845e-15,-2.1577204312146894e-16,-6.310186459861618e-16,0.002933144049162552,0.00013830399972433703,0.013584115704529675,0.0008796063815408398,8.791442515022138e-5,0.00152462215916739,-0.016506370661584086,0.0003360393030843969,0.00044720565495103606,-0.0004787657442531331,0.00021742701166861742,4.920875318136421e-7,-0.00035465804452550475,-1.2823411278733947e-15,-0.00011861254745159727,1.2248256142709482e-15,-3.944080176153936e-16,-1.1635787107162823e-15,-9.33498946271199e-16,-4.938109413044857e-15,-5.67472272630699e-16,-4.45814801204186e-15,-2.927344572016919e-15,-4.3086321131939587e-16,3.4026922426511103e-15,8.016692387305072e-16,3.72018139573087e-15,-4.338203065283416e-15,-9.438651202066433e-16,0.0,0.0,0.0,0.0,0.0,0.0,0.0,0.0,0.0,0.0,0.0,0.0
-4.6447658454092484e-5,-0.11028422370633997,-4.252886033771884e-15,-2.971018163229618e-15,-8.067991202953487e-16,0.43765956239764325,-0.06898506776142226,0.00905181484000098,0.5245698551555048,-5.732951840490935e-11,-0.019269111449780094,-0.006444400264674301,1.9904415557164483e-14,-0.11613121989359558,-0.0006423810462542203,-0.02304114595857343,0.007491303722670487,-0.15120276368819374,-0.020685347736571314,0.0021532367126131154,-0.030594791047515495,-0.04562379445305129,0.84650379049502,-0.05361605148260802,0.006746056153487934,-0.07667493538659267,-0.0007138190068892342,-7.017415216548531e-17,6.292703641215118e-16,-8.390602114281656e-16,2.832347107132223e-16,1.4576155477724687e-16,-2.1177656503670492e-16,-2.7676504085868793e-16,-4.642110482429155e-16,4.606327829811954e-16,-1.233367864501802e-15,-3.6138117980032738e-16,-6.454796506504109e-16,0.003249187940420897,0.00039938103467085465,0.01575736873050472,0.0010274861976797994,0.0001302522634433665,0.0017175401823916838,0.0011013073538057435,-0.013859959958472412,0.000518700691447299,-0.00032764724275234733,0.00029024865977278513,1.920071566074812e-6,-0.00042038428603474726,-8.544758443995717e-17,-0.00014059416343263086,1.27429841067937e-15,-1.660924647185242e-16,-1.1225880095540642e-15,-6.016235916605312e-16,-4.9287676323661625e-15,-8.570805437076901e-16,-5.16508570556795e-15,-2.9219505941349955e-15,-3.8789399958935367e-16,3.121138773139893e-15,2.6701957016421626e-16,3.0329965203098796e-15,-4.5931455950567705e-15,-5.828508485040893e-16,0.0,0.0,0.0,0.0,0.0,0.0,0.0,0.0,0.0,0.0,0.0,0.0
-0.0004987032094999139,-0.1314033536159951,-4.5296572885455645e-15,-3.1559637413775845e-15,-1.032879891774799e-15,0.5159275012349219,-0.07366121154229704,0.008268557322765317,0.6315758390535218,-6.20605674319863e-11,-0.01700350480022335,-0.005686686234627076,2.158110398372453e-14,-0.12000300145234145,0.00025444733205949957,-0.02444086611697452,0.007821549774573031,-0.1616095858501562,-0.020972209738343243,0.03713757354526482,-0.03241803421608578,-0.04994931673344846,-0.025559762750080997,0.836201188358609,-0.0001762718125581009,-0.07646183790792069,-0.0006745630112404031,3.46977327940393e-17,7.342871012543896e-16,-9.39910091641545e-16,3.00222020835949e-16,-6.763263989425483e-17,-2.1320784528866978e-16,-3.8604389411752605e-16,-4.490949978326059e-16,4.984049581761659e-16,-1.7219104937029359e-15,-3.596483122289066e-16,-6.963773183849781e-16,0.003721740027888971,0.0013658129363247106,0.017400023840800718,0.0011289734306784247,-0.00037032061875993456,0.0019441828627244225,0.0016959152315070235,0.0006602401423560425,-0.007796116082194006,0.0009592330237070729,0.0006170969998622772,7.1552512685877525e-6,-0.0003778071983648579,-3.0260938186870446e-16,-0.00012635459687449248,1.5060870426325276e-15,-3.1113483962925564e-16,-1.2765890488703668e-15,-1.1952050972042985e-15,-5.957349133805783e-15,-9.374644617208271e-16,-6.266147283894361e-15,-3.4806903886251283e-15,-5.855147572821962e-16,3.3042807163792168e-15,3.7693073428946323e-16,4.010308543722627e-15,-5.781586192868624e-15,-6.452408364822175e-16,0.0,0.0,0.0,0.0,0.0,0.0,0.0,0.0,0.0,0.0,0.0,0.0
0.00030003916310730446,-0.10195329725583839,-3.9154968974864395e-15,-1.717612950725426e-14,4.600015840026064e-15,0.40667510135141793,-0.06827931127053286,0.009928276748869815,0.4818758719397156,-5.623740937276168e-11,-0.021938993987617575,-0.007337321133306042,8.84798537825144e-15,-0.12211395293810386,-0.0006498569303368534,-0.022669389099024724,0.007954820287452641,-0.14670732803696848,-0.020306106283386645,0.001836327551996136,-0.03002617538772335,-0.044557298799987155,-0.02864968730466414,-0.0536557688859852,0.8565904532332504,-0.07881864033859912,-0.0008719085994491,-7.992626630185647e-16,4.6834488457711685e-15,2.878047459162568e-15,-3.3716633901820465e-16,-4.134852911489021e-15,-2.7630280750594227e-15,-7.159902991329653e-15,-1.2887545546717243e-14,-1.7025901238881066e-16,-3.761301857272126e-15,9.21184825430482e-16,-1.2006699907331333e-14,0.0029650565807566014,-0.0003891463312370591,0.014735449541171099,0.0009360649047832166,3.334984826599642e-5,0.001578843472904066,0.0007106123524618018,0.00015477060484653786,0.0003381290593424635,-0.016228295209942987,5.390950553036083e-5,-1.4199797062638089e-6,-0.0009205261913224419,1.7530189377298312e-14,-0.0003078626249429549,6.665769261827806e-15,-4.552192206637739e-15,-4.269285030318532e-15,-4.90592619828942e-15,-2.5950880958516393e-15,-8.866695478849507e-15,-1.5571249653551596e-15,-4.53879474226247e-16,-1.0516821020109614e-15,-5.124905584511132e-16,1.0721036142358885e-14,6.254155307863355e-15,9.915067204145477e-15,-1.8846227074815672e-15,0.0,0.0,0.0,0.0,0.0,0.0,0.0,0.0,0.0,0.0,0.0,0.0
-0.00025094836865211765,-0.1147003816237237,-4.3599960027736726e-15,-3.2522704010179278e-15,-9.328442767722561e-16,0.4513633272224492,-0.06706790686899798,0.008069262651977566,0.549391619160139,-5.600134219718892e-11,-0.017866754989736215,-0.005975393358682147,1.612928301117028e-14,-0.11386019825851358,-0.0002844271611293394,-0.022166806641009347,0.007614643511450275,-0.14563415411052452,-0.01991279524467269,0.0022562618829516275,-0.02950572485336017,-0.046334141027651196,-0.029002813125936108,-0.05220131400918185,-0.0038304152964835038,0.8491866603663132,-0.0006277270102994766,-3.886522358944321e-17,7.263432027906734e-16,-8.156881484106104e-16,2.818548635410802e-16,-4.947559399194392e-17,-7.902935117754111e-17,-2.36545410294785e-16,-5.254215467529945e-16,4.620386487973802e-16,-1.3464559335235698e-15,-3.6233480775740027e-16,-6.604775811413983e-16,0.0032749069846696056,0.0008452817083078979,0.015576719533407843,0.0010577165430642975,0.00019721108456449268,0.0017221153188272833,0.0013927588871073694,0.0006087644139723576,0.0006352464286659234,0.0005112536827264151,-0.004016296773101315,4.1538807554104306e-6,-0.000332512548126717,-3.445375202049852e-16,-0.0001112061632384996,1.271187377646833e-15,-2.487306850241681e-16,-1.098366481456488e-15,-9.970465889554335e-16,-5.199138106079055e-15,-8.225312395891604e-16,-5.351521472615672e-15,-3.0038192511832366e-15,-4.1081350571825546e-16,3.167178838607953e-15,3.7332890659511717e-16,3.4560631879789e-15,-4.871187808747879e-15,-7.734388689182817e-16,0.0,0.0,0.0,0.0,0.0,0.0,0.0,0.0,0.0,0.0,0.0,0.0
-0.0003377304399203827,-0.11494962349651572,1.1920198484921062e-15,7.71152996022577e-15,-7.649311978378134e-16,0.45147715329356186,-0.06602244969816967,0.007770822511842992,0.5511626818263721,-5.598931748899973e-11,-0.015549375945694617,-0.00520036446522585,3.326428328192928e-14,-0.10403539723739624,-0.00032077692638153024,-0.02229740818104723,0.006309847265604644,-0.14664353164745444,-0.019919719654627566,0.001514983722344788,-0.02946826183222329,-0.046549226470570346,-0.029134096048749458,-0.0527383542368906,-0.0050192959547536095,-0.07023467043980239,0.9333951152645975,-8.866410226170581e-17,7.624344274772348e-16,-8.441012555849897e-16,1.2958010203704289e-16,-1.0119859337306677e-16,-3.161092867894212e-16,-6.583189793629089e-16,-2.620337510184782e-16,3.8504551656453677e-16,-1.3570807751046164e-15,-1.8632770329071215e-16,1.3200733998906654e-17,0.0033595346872066466,0.0010493941412466888,0.0157333496026021,0.0010466255857697006,0.00022423636682915275,0.0017546594772961015,0.0014563684623665526,0.000674031257855506,0.0006814056480988263,0.0007507669661022897,0.0004824730348045119,-0.0030354422922919603,-0.0002900691082862237,-1.994029806336421e-15,-9.701129412682805e-5,1.0524279287093295e-15,-1.0261943046862552e-16,-1.3261209445228565e-15,-5.301696486033532e-16,-4.879013310230738e-15,-3.1210908239441035e-16,-3.2090811749646747e-15,-3.000066338452399e-15,-1.0377674087100051e-15,2.3543707375438554e-15,-7.951104476850567e-16,5.871178551931873e-15,-4.9723563833393895e-15,-6.049489886586867e-16,0.0,0.0,0.0,0.0,0.0,0.0,0.0,0.0,0.0,0.0,0.0,0.0
0.001747478614591469,-0.05384357909366217,-4.736560962887585e-15,-2.871725384960234e-14,-1.0776932524717154e-14,0.2216390497651068,-0.08302828742033701,0.016699200895870424,0.23909699215027394,-4.6721798114312404e-11,-0.019782673761792456,-0.006616157073918838,-1.0908132550175497e-14,-0.10766575558164432,0.004788291546639159,0.6687207552748995,0.005641261509594642,-0.12182612297473883,-0.024400074097166217,-0.0015214774901291612,-0.039345582568385204,-0.054671426039521166,-0.04162603016361062,-0.08644686361515946,0.05494927318647245,-0.12201377998936468,-0.0005187273438929364,8.189193067857398e-16,1.3989570692374836e-14,-3.080065596046134e-15,2.0804356886475654e-15,-3.493184638996034e-15,-6.841761774985354e-15,1.4475467376695708e-15,-3.018261861820497e-15,1.8486069286991652e-15,-1.4424007489963147e-14,-1.5492381300867868e-15,-5.55475680566932e-15,-0.095347718645744,-0.003537078776552946,0.006393310314570864,0.0004888298455244677,-0.00041894055986097596,0.0017942958902705261,-0.0007929626723586377,-0.0006818374070838327,-0.00011933695773244998,-0.005509243880578262,-0.0007095277799898723,-1.9325416587115714e-5,-0.0005170430051296817,-2.7586217715741554e-14,-0.00017292089924300956,1.0365806751511273e-14,-2.4054614056280335e-15,1.109662702212679e-15,-1.5369885387386933e-15,-6.818177082239584e-15,1.6560829759294335e-15,-4.467649441348102e-15,-8.521462846419682e-15,1.628769845243227e-15,6.224345027562922e-15,1.6893000109775385e-15,1.050996451793791e-14,-2.9376596033054193e-15,-1.3461432037257812e-15,-0.0,-0.0,-0.0,-0.0,-0.0,-0.0,-0.0,-0.0,-0.0,-0.0,-0.0,-0.0
0.00029153340734485155,-0.09433114398761233,-6.242039142598166e-15,-8.445176397225523e-15,-7.187771260128529e-16,0.3797086041684181,-0.06789948353438478,0.01020811323466651,0.441117463411511,-5.561068483808657e-11,-0.018176373433214654,-0.006078942771654619,1.0858743237144748e-14,-0.11228267824605402,0.0036584257245865226,-0.022406059215016337,0.7657562836869903,-0.1327952227874765,-0.004622890932052868,0.0009949148508657782,-0.02886220103122173,-0.03888491140631249,-0.029414965666661783,-0.05843971694360185,0.03300558934296794,-0.0817910527926232,-0.0007753064548589279,1.794891173650124e-15,1.0107360862691599e-15,-3.844300881088399e-16,8.783521982759597e-16,-3.6786763286013643e-16,-2.43501113517193e-15,-1.5734406984500229e-15,8.339584475796055e-16,3.3769977047261267e-16,-6.803043378221099e-15,-9.474608902122303e-16,-1.4690046224460975e-15,0.002782632519810662,-0.042455447374737484,0.01192394107481563,-3.2161745912204716e-5,1.4632903435124418e-5,0.0014411429403515155,0.0004356801141751044,0.00014959446027372776,0.0003692957439235374,-0.0018644943834203378,6.550677603444935e-5,-1.991103706305525e-6,-0.0004786934553552674,-8.095612313813542e-15,-0.0001600951989214607,3.936284917643603e-15,5.860970078670561e-16,-2.1789295173786114e-15,8.490385169407234e-16,-3.762983411222371e-15,-1.0917467457611301e-15,-5.0676342543199134e-15,-4.275250016623812e-15,-1.4093880654203035e-15,9.035680940113334e-16,3.4700306464530206e-15,3.4272671381160703e-15,-3.2200571858734586e-15,-5.638632294829345e-16,-0.0,-0.0,-0.0,-0.0,-0.0,-0.0,-0.0,-0.0,-0.0,-0.0,-0.0,-0.0
-0.00017546016973826089,0.14862743421022426,-6.2430614484529356e-15,-1.1429805871583675e-14,2.2111661373074883e-15,-0.58987047548561,-0.11198704497902867,0.018074148766966516,-0.7049822011427805,8.003472818225115e-11,0.026097329638076566,0.008728043245013303,9.332861618484079e-14,0.16310149192326753,-0.0014902877142349642,-0.037024425723779585,-0.011395366726888945,0.2217860426361019,-0.051371517008290846,-0.011890906427167456,-0.06406078333585796,-0.1438108545920265,-0.09216583930090874,-0.1659920464680946,-0.0600098961491099,-0.21799163254369067,-0.0021706541110322647,-4.45950111375718e-16,-2.705216412260019e-15,7.762939052395184e-16,-3.5252876103131283e-16,1.535161265911044e-15,-3.4034166281820314e-16,-4.998050877764515e-16,2.1218264016017433e-15,6.143674942792053e-18,4.130533751642419e-15,-1.5238109896670541e-16,7.715485001652883e-16,0.005389110694934024,0.0001105808132961849,-0.02193150983327416,0.001672168739606262,7.176694544736037e-5,0.004466194817331083,0.0030382305774817606,0.0017631701242276831,0.0017259580690722244,0.0018588228693855633,0.0013227476442930455,1.0402823819339775e-5,0.0006637597663085241,6.0332479038398605e-15,0.00022198914698335227,-1.2836100354645809e-15,1.08471101150724e-15,4.118985938365883e-16,-6.04258195148607e-16,-4.208545223413767e-15,2.5389728883664144e-15,-6.208839874839676e-16,-2.1005564849325175e-15,1.986177645750722e-16,6.4173347540539424e-15,-5.854453992640283e-15,1.0740721864943344e-15,3.652965144931471e-16,2.1654540191216824e-15,-0.0,-0.0,-0.0,-0.0,-0.0,-0.0,-0.0,-0.0,-0.0,-0.0,-0.0,-0.0
5.660170000441477e-5,-0.08017078129163231,-8.315146283449702e-15,-2.9341853514839027e-15,-6.051862673330217e-16,0.32422134137136205,-0.05947452290774531,0.008529009080761457,0.37293060753720825,-4.7644220401401783e-11,-0.01218270666110874,-0.004074408840072064,1.3089524858897393e-14,-0.08237198311800382,0.0029083325602968307,-0.020405531783566747,0.02091301885874943,-0.131088662910006,0.7605608591143588,0.0006584245790118957,-0.027307819370126555,-0.04145015554350003,-0.023583678028940458,-0.052531158860982544,0.005426683337982634,-0.07230181526159273,-0.0006831308637232668,4.040953409610978e-16,2.8096411504552214e-16,2.7354177297263564e-16,-4.85060993224825e-16,1.4707928686634453e-15,2.8500528444572116e-16,-5.795719398789511e-18,2.201393269825661e-15,-7.06217018873133e-17,1.8255223739685936e-17,-4.232947042619787e-17,-4.636851011877179e-16,0.0027004110623756014,-0.0013746109022123702,0.012538242218180434,-0.028204759896675816,5.6391438545838833e-5,0.0014958451364686825,0.0007550578639283198,0.0002125947407630231,0.0004278290878870444,-0.0005431762409588314,0.0002054477689448949,6.147283214480715e-7,-0.00026702749038955647,1.0695309870936922e-14,-8.930520924139915e-5,6.063076330311322e-16,3.016931318219227e-16,-8.170701589231573e-16,-2.1847268772110234e-16,-5.148722388392149e-15,7.095453662987028e-16,-5.637527488173654e-15,-2.560806905436377e-15,1.4636558603629259e-15,5.440033339471536e-15,-3.1384433042419823e-15,1.047575782093838e-15,-5.560925236897584e-15,-4.559295976320544e-16,0.0,0.0,0.0,0.0,0.0,0.0,0.0,0.0,0.0,0.0,0.0,0.0
-0.00022783046834938604,-0.10885853188432636,-3.41723925587478e-15,-2.5866470937822363e-15,-9.350221555966703e-16,0.4320439229319762,-0.06637556535739257,0.008309391719889942,0.5184351076671837,-5.569279071263473e-11,-0.01569572301289809,-0.005249309071785122,1.9401979193322486e-14,-0.10768749778240352,0.0006386887364010939,-0.02185960151559881,0.007082209907740313,-0.1378703758042935,-0.0198010853530644,0.8849233891564736,-0.029353106997906536,-0.04569742901773311,-0.028579367523224146,-0.053816086704466554,-0.0010809311663584748,-0.07309696605964222,-0.0006165999634931633,-2.65588275117713e-17,7.290090006821678e-16,-8.610311300847909e-16,2.85056287651237e-16,-8.70399558368413e-18,-1.3047320383230444e-16,-1.9597136376765516e-16,-4.2421578957371513e-16,4.648901562692506e-16,-1.1114894486626594e-15,-2.6195003570333664e-16,-5.983428688178091e-16,0.0030919994392258564,0.0006634792658484883,0.013764466027757202,0.000978310362395283,-0.009839227822306484,0.0016771452056363115,0.0012547496356240054,0.0005486768705594061,0.0006136769184904309,0.0003162987219310806,0.00040402542877890693,3.5793907350820516e-6,-0.0003181872841754951,-1.0158628437641387e-15,-0.00010641519324255418,1.215174950649206e-15,-1.021647625758531e-16,-8.80721806630804e-16,-7.151853550203873e-16,-4.441914211329561e-15,-6.58920881801703e-16,-4.085044570099748e-15,-2.7562888029891863e-15,-4.3914174953645542e-16,3.978573377745237e-15,-1.1780477903811555e-17,3.59298408563318e-15,-4.6603172096873804e-15,-5.033303015839151e-16,-0.0,-0.0,-0.0,-0.0,-0.0,-0.0,-0.0,-0.0,-0.0,-0.0,-0.0,-0.0
0.0014563918992650964,-0.07688093375449664,-5.397530061146744e-15,-1.4252336437717022e-14,-2.823879148965961e-15,0.31147213588888517,-0.06915715019865702,0.013631580868065011,0.3523270326658753,-5.463220437190057e-11,-0.024220092565208524,-0.008100216314818791,7.868094299098104e-15,-0.12861775281128437,2.600662626058549e-5,-0.022959735724974884,0.006845440864491724,-0.1392521093284106,-0.019934561477623285,0.0014022303777647203,0.6914419425903595,-0.031099695507666038,-0.029534026664752498,-0.05313460881125375,0.021103262860951977,-0.09263891079132228,-0.0007189116915958863,1.2552682684942558e-17,1.5364326876279289e-15,4.674893238064911e-17,9.237512823405689e-16,-3.3871488378403106e-16,-8.053440453079164e-16,-1.9812523350918815e-16,3.0400115222256575e-16,2.3501684434802253e-16,-6.222531262833105e-15,8.806447011191838e-16,-1.2549415452909228e-15,0.0021456929461238458,-0.002817299013829229,0.011066335615336542,0.000514471348078714,-0.0003551594527174661,-0.04460129621816422,-0.0010104512831853462,-0.0007090793527662879,-0.0003413063566666932,-0.004151195976544177,-0.0006958672565468881,-1.5553888029767927e-5,-0.00050114341969863,-1.6010693408359383e-14,-0.0001676034100060486,2.12848165256379e-15,9.883351055115671e-16,-9.844043438446448e-16,1.181752682485142e-15,-2.7693763069625194e-15,-1.2711309804041086e-15,-3.5400514565694764e-15,-1.4016962692671636e-15,8.371260797044816e-16,3.276709320937291e-15,-2.7099752354611412e-15,6.201743582502655e-15,1.8691664078300687e-15,-1.3757181574468877e-15,0.0,0.0,0.0,0.0,0.0,0.0,0.0,0.0,0.0,0.0,0.0,0.0
-2.2621877333726415e-5,-0.09519010392190047,-4.420300122403665e-15,-3.5396455131531834e-15,-9.706917444052157e-16,0.38020098420091547,-0.07939272163766886,0.011007234159261884,0.45050138344309815,-5.14852602075178e-11,-0.01608217477832658,-0.005378554774988661,2.7531226506224328e-14,-0.1047576198963414,0.004268054204282026,-0.02768853933197715,0.0051342456795591815,-0.176510779268572,-0.02533245045080898,0.0007534358818972595,-0.035857542404045546,0.9030540137819656,-0.037809860200429736,-0.06989531751851365,-0.0004319152374994763,-0.09758648272440759,-0.0008635583425952019,6.173456563456776e-17,9.579929588835148e-16,-9.058512941540286e-16,2.994219680124119e-16,2.0937117395806583e-16,-1.1775683970717667e-16,2.8216742467329887e-17,-1.605766307228696e-16,5.237256735959426e-16,-1.0092327899495432e-15,-2.3032058916126317e-16,-5.173164885621319e-16,0.003881425596647365,0.00033764504368889264,0.017642247313356247,0.001124326263146226,0.00011601892893062518,0.002024358830660172,-0.01852909073562951,0.000541473557609005,0.0006474135425352075,-0.00024168592055616708,0.00037370098956209885,1.93327166312557e-6,-0.0003330342562834438,-1.8220652546061956e-15,-0.00011138064435952927,1.1828915575460043e-15,-3.997012141495671e-16,-1.3655327733744997e-15,-9.310055233642424e-16,-5.5221659991043765e-15,-4.25278102837456e-16,-4.9287664563450036e-15,-3.3399614122909354e-15,-4.315718737979828e-16,4.156138208418016e-15,6.754327489299038e-16,4.2318955494625215e-15,-4.306737690673099e-15,-8.759699888235996e-16,-0.0,-0.0,-0.0,-0.0,-0.0,-0.0,-0.0,-0.0,-0.0,-0.0,-0.0,-0.0
-4.64972452991992e-5,-0.11026003611262511,-4.166811497960208e-15,-2.7039122348665778e-15,-7.195464913948975e-16,0.43756259655297375,-0.06899145173586316,0.009054111799559377,0.5244567849687053,-5.733846874768493e-11,-0.019264184492271796,-0.006442752483127451,1.8283692482333125e-14,-0.1161260022966695,-0.0006436049732734405,-0.02304574644345219,0.0074866544314184345,-0.15122726559483382,-0.020690785834112407,0.0021502028455847666,-0.030600185558326554,-0.04563791528101702,0.8464956751582622,-0.05363089655427252,0.006738037897226711,-0.0766898316529091,-0.0007149405609737804,-6.712185079216232e-17,5.723501116259946e-16,-8.037005329678502e-16,2.749872804403625e-16,1.7470078255814402e-16,-1.4499717087174002e-16,-2.4682026096179444e-16,-4.303606133386216e-16,4.3101392848350943e-16,-1.145067480111811e-15,-3.6051221435047536e-16,-5.769587046167516e-16,0.0032499603771771967,0.0003995356106024941,0.015760007511575032,0.001027662767310815,0.00013029787729166754,0.0017179611516082354,0.0011016269349857872,-0.013859760677431072,0.0005189010481405997,-0.0003273778363291616,0.0002904305726650497,1.9242597203282616e-6,-0.000423916803029503,-1.313266248573665e-16,-0.000141775585498468,1.1251331585074036e-15,-1.669178755869986e-16,-1.2074259525070044e-15,-4.954151242715046e-16,-4.783157575389236e-15,-8.31576758547816e-16,-5.175777830038737e-15,-2.844971411877711e-15,-3.6968738243543743e-16,2.9872663832273865e-15,3.518554835044823e-16,2.9606606684647447e-15,-4.5143673478626395e-15,-5.796045802026548e-16,0.0,0.0,0.0,0.0,0.0,0.0,0.0,0.0,0.0,0.0,0.0,0.0
-0.0004987928970234118,-0.13135961070790886,-4.3740096564715304e-15,-2.672967697619735e-15,-8.750887594792897e-16,0.5157521399671826,-0.07367275660879861,0.008272711320333824,0.6313713532010561,-6.207676988443629e-11,-0.01699459447183035,-0.005683706246535508,1.824976607259347e-14,-0.11999361948750212,0.00025223388195268404,-0.024449186010050996,0.007813141622707674,-0.16165389721313142,-0.020982044472296645,0.03713208695287116,-0.03242779011279778,-0.049974853900870954,-0.02557443938637491,0.8361743414337948,-0.00019077272792364033,-0.07648877801644309,-0.0006765910992466485,4.020470251581448e-17,6.313510772854741e-16,-8.759455041439714e-16,2.8529532334150837e-16,-1.5299302125341695e-17,-9.244665311514724e-17,-3.318691202431968e-16,-3.879104786086174e-16,4.44829308234272e-16,-1.5622610618078127e-15,-3.580925299447275e-16,-5.725066375779172e-16,0.003723136973759896,0.0013660924803613143,0.017404796081718042,0.0011292927586244383,-0.0003702381227793117,0.001944944182062917,0.001696493199481137,0.0006606005486279403,-0.007795753734710125,0.0009597202309762099,0.0006174259884672949,7.162824937501313e-6,-0.0003841955018409423,-3.855152578710961e-16,-0.00012849111389652348,1.2363429245218223e-15,-3.126188077265299e-16,-1.4299845694308153e-15,-1.003132938020503e-15,-5.6940389360731655e-15,-8.913497333625362e-16,-6.285494609557077e-15,-3.34144669120597e-15,-5.525979216283251e-16,3.06219268647053e-15,5.30352635833786e-16,3.879465926943798e-15,-5.6391099459418055e-15,-6.393795443979047e-16,-0.0,-0.0,-0.0,-0.0,-0.0,-0.0,-0.0,-0.0,-0.0,-0.0,-0.0,-0.0
0.00030184267712482976,-0.10277919261519057,-3.9589326840383645e-15,-1.7390834697416206e-14,4.709289833891115e-15,0.40995280297999426,-0.06967728131989152,0.010133396853330296,0.4858244625490309,-5.666268753857093e-11,-0.02214311186676388,-0.00740558672603068,8.925864445037896e-15,-0.12312189460846894,-0.0007057775351576789,-0.023191375471894177,0.007974130074304166,-0.15010051757781265,-0.020814632044138803,0.001816220891922414,-0.03070036872621363,-0.04577951424312945,-0.029414349087495698,-0.05505347081725769,0.8704520197461166,-0.08076992024562923,-0.0008937692793367799,-8.104096617571064e-16,4.737091710506663e-15,2.9399587613326113e-15,-3.463379757453615e-16,-4.193518049063017e-15,-2.7870353669012625e-15,-7.264600299745585e-15,-1.3080476509608132e-14,-1.8400360190406454e-16,-3.782291773743001e-15,9.374527630900559e-16,-1.2174069145904977e-14,0.0030412051239400058,-0.00038657420975461693,0.015087824552120958,0.0009576877116395707,3.470609537616376e-5,0.0016193919171503038,0.0007356143541702911,0.0001652838087005916,0.00035064654708805935,-0.01648124547412863,6.112488485560328e-5,-1.3739147692995498e-6,-0.0009333086683730632,1.7787785868593744e-14,-0.0003121376221946723,6.719437420183376e-15,-4.625266952067463e-15,-4.368069778990874e-15,-4.947714271657035e-15,-2.5880163632434044e-15,-8.994453097836711e-15,-1.5787849081049718e-15,-4.379583836681714e-16,-1.0605259924140986e-15,-5.483033712118685e-16,1.0912697102266302e-14,6.3350184096256946e-15,1.0134838712120679e-14,-1.9049016428210553e-15,0.0,0.0,0.0,0.0,0.0,0.0,0.0,0.0,0.0,0.0,0.0,0.0
-0.00025111837907285664,-0.11465715543936476,-4.157117141429422e-15,-2.620991744618526e-15,-7.267121265182796e-16,0.4511887305421341,-0.06709457233660479,0.008076122984081672,0.5491915938865762,-5.602891752579748e-11,-0.0178571725374675,-0.005972188584134092,1.233576431816637e-14,-0.1138609338521603,-0.00028756452384924754,-0.022181765408706002,0.007604335321835002,-0.14571890650605757,-0.019929498668099746,0.002249215916982676,-0.029523832291950245,-0.04637684497826866,-0.02902777515902928,-0.05224674952942072,-0.003851248429632585,0.849280000676037,-0.0006305069270395425,-3.166661165123622e-17,5.917625005107288e-16,-7.322205676275782e-16,2.6236462790675916e-16,1.9005124722447332e-17,7.890350844039225e-17,-1.6563624777291097e-16,-4.453193949339886e-16,3.9205147807357086e-16,-1.1378730414495498e-15,-3.603740023002553e-16,-4.984101486887336e-16,0.003277360091693355,0.0008458178942854652,0.015585850517812489,0.001058324908918936,0.0001973529868699054,0.001723441013522348,0.0013937886645122369,0.0006093649190068361,0.0006358490504745724,0.0005120369997541152,-0.004016460390820525,4.164727196074923e-6,-0.0003409010253650709,-4.532104723637588e-16,-0.00011401162238360208,9.185282516788718e-16,-2.5062353702363493e-16,-1.2991368535117875e-15,-7.459168446722858e-16,-4.855594755092459e-15,-7.622140667372167e-16,-5.377610395949486e-15,-2.8221666431069433e-15,-3.678025975571343e-16,2.8511991220806672e-15,5.738991599962961e-16,3.285485414489413e-15,-4.6855523324445775e-15,-7.658705152474248e-16,-0.0,-0.0,-0.0,-0.0,-0.0,-0.0,-0.0,-0.0,-0.0,-0.0,-0.0,-0.0
-0.0003377315334234956,-0.11494908981739607,1.1939202138449197e-15,7.71742609557632e-15,-7.630044432289158e-16,0.45147501382278493,-0.0660225905336893,0.007770873202908769,0.551160187023517,-5.598951526693446e-11,-0.015549267233586147,-0.0052003281073303475,3.3195268070957066e-14,-0.10403528245465767,-0.00032080393108671384,-0.022297509691043542,0.006309744669322157,-0.14664407223237416,-0.01991983964772855,0.0015149167665989359,-0.029468380861409744,-0.04654953804319636,-0.02913427510276601,-0.052738681788519266,-0.005019472869202627,-0.07023499908101101,0.9333950905122044,-8.859683147085474e-17,7.611768718355951e-16,-8.433199784952552e-16,1.2939785065863758e-16,-1.0055905983089296e-16,-3.146350719990404e-16,-6.576567921892708e-16,-2.6128520824594e-16,3.843913808441271e-16,-1.3551301360079412e-15,-1.8630884012250295e-16,1.4713780241110532e-17,0.0033595517305143948,0.0010493975518792848,0.015733407820786846,0.0010466294816458648,0.000224237373336171,0.0017546687655895618,0.001456375513227169,0.0006740356544076249,0.0006814100687226424,0.000750772910306736,0.0004824770481688921,-0.003035442199871236,-0.0002901470672961566,-1.9950418087831227e-15,-9.70373668944049e-5,1.049134323936754e-15,-1.0263698437192019e-16,-1.3279933567701947e-15,-5.278245850172757e-16,-4.8757993905404235e-15,-3.115452240389821e-16,-3.2093180093075614e-15,-2.99836691082336e-15,-1.0373655777681576e-15,2.351415622981379e-15,-7.93238459246777e-16,5.869581392756079e-15,-4.970620028821122e-15,-6.048771856121536e-16,0.0,0.0,0.0,0.0,0.0,0.0,0.0,0.0,0.0,0.0,0.0,0.0
-0.0015499949235414645,0.0045059971895746445,4.980124206550167e-16,-1.5823231921157392e-15,3.425673575805654e-16,-0.0177082189301101,0.010857117087373276,-0.001637697258487352,-0.021137059204272612,2.2023396802440867e-12,0.003138156207541318,0.0010495312535399772,-3.1105637292748107e-15,0.00469748659851661,0.0011624514669220758,-0.014781120634900594,0.0017428160173666445,-0.00905664866035498,-0.0004991576959274351,-0.00048361736300775514,0.00019477449321821905,-0.00026180090191084757,0.00037593048024204704,-0.00046232947486161426,0.0017275705569663297,0.0012824102467117416,4.246801504017481e-5,1.996050368577998e-17,-3.5334743724025466e-16,1.3100321690767225e-16,-4.558512211249825e-17,2.6009279723463108e-17,2.3592733191928656e-16,9.84840754043519e-18,-1.9205742124034804e-18,-6.947822712362152e-17,4.3603695258408447e-16,4.854223981119527e-17,1.666732803322463e-16,-0.02016029573226657,0.00014166709729275659,-0.012492293829446867,0.00010080424174809521,-0.000138975773614846,0.00011803582668310747,0.00048698620258784013,0.0007800929141474132,0.00014880859708985805,0.0021515457835007447,0.0006117830609436079,1.1586765978573876e-5,4.9241416749656884e-5,8.718432006952252e-16,1.646839813928763e-5,-3.7194169494405574e-16,1.434106162148452e-16,-3.79426170639868e-16,3.30619347320136e-16,3.6407502492877133e-16,-2.956746624207195e-17,-2.7828797814789274e-16,3.5042156305340037e-16,6.87816505900748e-17,-3.064006195737618e-16,-3.5251661430558e-16,1.2473990793389997e-16,5.815557939761296e-16,4.7384797582738756e-17,0.0,0.0,0.0,0.0,0.0,0.0,0.0,0.0,0.0,0.0,0.0,0.0
-0.004283462367246003,0.002042580018451678,-9.736911625144463e-16,-1.0633956089347267e-15,6.636128863125252e-16,-0.004730099275896943,0.004828986081575108,-0.007340413730422032,-0.012853280361973593,1.7884461382384616e-12,0.013257245300752611,0.004433779696982538,-5.375861316236105e-15,0.012896809517402226,0.002350689287609115,0.0025008777965693767,-0.0501088217383222,0.012220416312587258,0.004247202954053127,-0.0006842960489114099,0.002337627164282698,0.005465963327641905,0.002347655875713101,0.0021127463433500827,0.009248876244802617,0.007035387798454556,5.566148556149103e-5,-1.14210916193922e-16,-2.1323801444673445e-16,4.1286030350986104e-16,-1.0204375945088534e-16,1.2767631481549203e-16,5.007403011137401e-16,8.425681840462104e-17,-1.2884544424768837e-16,-1.338068837291848e-16,1.2413080971944558e-15,1.1825554766473386e-16,8.311473626347321e-17,0.0013073999541614004,-0.04862324014052906,-0.003485604814896423,-0.0016737310944544995,0.00069040818687296,0.0008034887427674178,0.0030194946967292847,0.002395951642299798,0.0014218215179033025,0.007084316631259273,0.0022190623798736568,3.5659333334740864e-5,0.00018939175503201035,1.9877937122367362e-15,6.334055825153204e-5,-8.201074953511255e-16,-3.6551499952151754e-16,-9.93168244559709e-16,-7.237223224895194e-17,-2.0449993067239334e-16,-5.6766520193169345e-16,-1.1546380029093815e-15,7.675652039016294e-17,3.818589055778189e-16,5.439098676683418e-16,1.3881557151291973e-15,-2.562515834571736e-16,8.014388510062877e-16,8.980643805254516e-17,0.0,0.0,0.0,0.0,0.0,0.0,0.0,0.0,0.0,0.0,0.0,0.0
-0.005032836977240194,0.015761335037759394,1.1398421840681026e-16,-1.2586645801329198e-16,-5.460997025900251e-16,-0.06184772084923027,0.03222930796539432,-0.0020668696236831605,-0.07439736096700686,8.673292305300935e-12,0.010071379566123986,0.003368292373558802,4.065251744325374e-15,0.01933295867069022,0.004846901168151091,0.003230640335062476,0.002387289957855615,-0.06327724606851275,-0.0007430594932911201,-0.0020903039533145943,2.908632263355629e-5,-0.0035233862033892606,-0.0002217026598788676,-0.0036875204788806063,-0.006931291133858853,0.0023107913758371136,3.447361473783125e-5,1.4821134816723547e-16,3.456842370706862e-16,-9.763872464753e-17,3.2219507674545175e-17,-3.7994631803862867e-16,-1.3836455722597764e-16,2.9995169746911315e-16,4.54022006732425e-17,3.2447666220828784e-17,-2.5063124221439465e-16,3.07790516403706e-17,1.952283735552122e-16,-0.004501504623298189,-0.004672483759212125,-0.07376482268299465,-0.0002917327804887772,-0.001658954573015019,3.23409355202984e-5,-0.0005229944991061523,0.002143245492216418,-0.0007781930507496128,0.005680065282556837,0.0014358594194131347,3.313196664408172e-5,0.00018411796123011498,-1.1283816623571098e-15,6.157678008146218e-5,2.837186078044434e-16,2.0577517630752622e-16,3.4783079480269103e-16,2.8686242931102205e-16,4.797473569556503e-16,2.228906373845927e-16,3.439122642620472e-16,-3.2267614263300214e-18,-3.3672603897702495e-17,5.553467116859621e-17,-4.345595833374714e-16,-1.2064387764067014e-16,8.73553845545212e-16,1.528847844033283e-16,0.0,0.0,0.0,0.0,0.0,0.0,0.0,0.0,0.0,0.0,0.0,0.0
-0.0008024569130717526,0.0039808590247628044,-7.895355914520198e-16,-2.4101178366972184e-16,-5.760259044531084e-17,-0.015712446033154973,0.0052478033852227995,-0.00042400445411957925,-0.018820608715103652,2.0823061041477752e-12,0.0018539622632028515,0.0006200428561963595,-1.5286048191604752e-15,0.00433457259450845,0.0006551594428333759,-0.000376734196433819,-0.0046147797525397105,-0.003195528984401459,-0.006589413768800326,-0.0003283703152952791,-9.162471310250005e-5,-0.0008568211557311977,0.00023053404440352004,-0.0010326260636925628,-0.0012952379980942317,0.00011632535507339214,-1.0778062399214687e-5,-1.4028714185783976e-18,-1.2313147176984803e-17,4.9926692752086215e-18,-3.2673455042910463e-18,-4.922954951742017e-17,1.1311417371154695e-17,4.065257275733681e-17,-1.2808122545662839e-17,-1.0144186069681128e-17,5.560686810196221e-17,1.3529542797806625e-17,5.069296136377169e-17,-9.812153549073021e-5,-0.005032604084459678,-0.0023597614070921496,-0.012025292714498228,-3.050983456279271e-8,4.625140783831004e-5,0.00012359620409615245,0.0003280685643889856,-0.00018957250697110748,0.0010150194826424072,0.00029008041830395204,1.2422585769478866e-6,3.5188455405173264e-5,2.7753782335884906e-16,1.176849757322476e-5,-1.2600061946650763e-17,-5.1791507512921405e-17,-6.046960533914111e-17,-1.3175883329388317e-16,-3.8907643137614256e-16,-1.541474296193217e-17,-2.2603513399107782e-16,-6.58481768209439e-17,1.2212403140752471e-16,3.5441545338171607e-16,8.733742992268592e-17,-1.281140702801838e-16,1.9300299644897607e-16,3.6864346608562405e-17,0.0,0.0,0.0,0.0,0.0,0.0,0.0,0.0,0.0,0.0,0.0,0.0
-0.0005821956484966762,0.0056380135626264895,8.72539412153114e-16,-1.9697760881499687e-15,-5.091541694245474e-16,-0.022641967704560593,0.00041582926092810924,0.012798860903882173,-0.02654167399069902,1.4971291456196843e-12,-0.00048795356849704356,-0.0001631921697123902,5.500680530766828e-15,0.0005686598073483963,-2.9702449208879026e-5,2.4273008596357793e-5,0.00010621083205768251,0.005032420800280193,-0.00011743833459970144,-0.000981289118908277,-0.00032599414724293304,-0.0009904082369321446,-0.0010087330222671746,-0.022793883668455812,-0.0010802595659803855,-0.0008027611870664246,1.7199211081070694e-6,-2.674659088987464e-17,-6.064289798069334e-17,-1.888067916685015e-16,-2.640705615608232e-17,-3.375553568381536e-17,-3.2031077465863323e-17,-6.666635228070698e-17,-5.426038516246578e-17,3.3932328568072e-18,-4.361408503921494e-16,-3.684382910589414e-17,9.105292746161379e-17,-4.453074351961139e-5,-0.00018813082169795252,-0.0007474538224176674,4.1151121330960056e-7,-0.014666702538856892,-0.00032376252826367023,-0.0004156343142663998,-0.00032057860703137294,-0.013430015065192702,-0.0007055382630321302,-1.3800540893415749e-5,2.0657769130712187e-6,-3.5743621519201764e-7,-4.566558626776754e-16,-1.1954168468931577e-7,4.6242178645127657e-17,4.83215554622658e-16,6.233875054808019e-16,5.589029545592108e-16,1.051131061420197e-15,1.1163323222227831e-15,1.135552423885215e-15,-6.744511145700476e-17,-2.0763567283015125e-16,7.428285603022365e-16,-1.5430379449439918e-15,7.652056349287258e-16,2.6500400238110174e-16,5.416799077246228e-17,0.0,0.0,0.0,0.0,0.0,0.0,0.0,0.0,0.0,0.0,0.0,0.0
-0.0009007161445057405,0.0024181274685209837,-6.716532581830665e-16,-2.8674331577486757e-15,-2.7017079949144215e-16,-0.009881815712935818,0.000643998132251194,0.011258769024926263,-0.011003331890324843,1.240472070540495e-12,0.0004087550361767393,0.00013670485378959244,-5.263675987697071e-15,0.0015734929825864654,0.00010922898761684802,0.00019932841894438607,-0.0015524336392209314,0.0022542924181914534,0.00016538291753810048,-0.0001493900874625292,-0.0182879500356965,0.0015007613878022228,0.0008542445329005834,0.0014581352413220285,0.001365890878707963,0.0014697090558212992,2.2111055725544187e-5,6.756213095293643e-18,-2.1710471597015858e-17,-1.4341383269302287e-16,-7.119082049489735e-17,9.958653101723551e-18,8.940032026179474e-17,-2.935749733722047e-17,-7.553821893625663e-17,-2.560741250432298e-17,-2.042121014978609e-16,-6.482176222642852e-17,1.1763027515858382e-16,4.6696673778531166e-5,-0.0009747448113622038,-0.00038049510829766273,0.00010194962069158515,1.9523360205351348e-5,-0.012520118378206414,-0.0003332879945510294,0.00043196649456970647,0.00016666645059551166,0.0008704315992557605,0.00041017882931965015,5.747347094916508e-6,5.620449688748761e-6,9.016533866020465e-16,1.879714461902513e-6,-1.4838122698650338e-16,2.348226119112536e-16,1.0575503523474422e-16,5.542514861376459e-16,3.493801225540559e-16,6.223253126443907e-16,7.443365308695617e-16,3.676989332472698e-16,4.1541220031424405e-16,3.7520574666627743e-16,-1.982833768092508e-15,4.098424550879938e-16,2.144169818874543e-16,2.314741860976628e-17,0.0,0.0,0.0,0.0,0.0,0.0,0.0,0.0,0.0,0.0,0.0,0.0
-0.00213611044886404,0.01948391756618421,-3.130048330848584e-16,-6.253621871993728e-16,-9.891250922981601e-16,-0.078293735933068,0.0060396114829394665,0.021513729932157527,-0.09099704046258353,4.900231536897731e-12,0.0030782917258367565,0.001029510056264009,-1.0916393861113246e-15,0.0022639347504510464,0.004310103651976658,-0.003360652153835074,-0.008504201720487468,-0.010749925827012043,-0.0027310716585642876,-0.001361279142567583,-0.0021154434435979707,-0.0438713305717172,-0.0036285189735944835,-0.004103822747498843,-0.005434136194255604,-0.002466215313084438,-3.469194849420486e-5,2.8950184702035636e-17,-1.0095470568668823e-16,-3.0844741597593827e-16,-6.700640819639614e-17,-8.61964887355267e-17,-1.3157890158652144e-18,-7.613701849009952e-18,-1.0916959556671762e-17,-3.534212282924579e-18,-5.749112128116126e-16,-2.711933162093409e-17,2.4913330515735587e-16,-0.002296495550232461,-0.008266120975582087,-0.010550333075114582,-0.001108740967130356,-0.0005144697767293356,-0.0013795032442300553,-0.05359433845780139,-0.0009449464604564213,-0.0006537458209018344,-0.002142514201100726,0.0004948596270930933,3.570923713098114e-6,7.658909762915763e-5,-3.064927354082244e-16,2.5614611361723567e-5,4.718040664516184e-17,2.84088765401133e-16,2.35249987931357e-16,2.299624949988383e-16,5.499065855362135e-16,7.21915140968167e-16,1.0885022433725228e-15,2.3054685150060863e-16,-2.959217894870929e-16,-7.364634522335538e-16,4.508294830736206e-16,5.248668368708097e-16,8.484638880661752e-16,2.5032714585056766e-16,0.0,0.0,0.0,0.0,0.0,0.0,0.0,0.0,0.0,0.0,0.0,0.0
-0.000996283370703955,0.01260009004454735,-8.392609007255766e-16,-3.8055730318393076e-15,-6.623201852319643e-16,-0.05110482350603738,0.0024675446566831904,0.02095215963420998,-0.05848455488817915,2.7826533996613568e-12,-0.00038838780155783223,-0.00012989319500106823,8.920551714061206e-15,-0.0009837060434532627,-8.28609271634883e-5,-0.0014577503485677125,-0.0034312540821373125,-0.005731253352902026,-0.0020380680237395607,-0.0011544620902172885,-0.0011245281884306006,-0.0034304371520437944,-0.02676439537795215,-0.007410585685412531,-0.001918199506477005,-0.0016721988581432,-3.878479006993915e-5,8.871133839466184e-18,-5.274545303294631e-17,-3.04196062917253e-16,-4.373147657412786e-17,-8.333860741766859e-17,-5.763962757409695e-18,-6.172418324527654e-17,-1.0424760298942631e-16,-9.248335306731915e-18,-6.766116142555009e-16,-8.926600986993632e-17,2.30794873751345e-16,-0.0011279146190797435,-0.003530731288001506,-0.00319051539231581,-0.001388451663919703,-0.0003973085100638895,-0.0005595150848281472,-0.0015576144912117294,-0.03812891953150855,-0.003721102406173743,-0.002769254953281875,0.00017994588352787633,-8.179525573117118e-7,9.339818424339733e-6,3.844972047085429e-16,3.1236275994645403e-6,-6.192756988885355e-17,5.366304139938032e-16,7.258279022673546e-16,1.233481377899509e-15,1.0769089756751148e-15,9.529866183311876e-16,1.6288842392180053e-16,3.2680290876138837e-16,1.8630493183334269e-16,-1.197947235884216e-15,-1.9448972512066817e-15,-1.1092059368189398e-15,6.878373879320319e-16,1.40428582742604e-16,0.0,0.0,0.0,0.0,0.0,0.0,0.0,0.0,0.0,0.0,0.0,0.0
-0.0007335128301125161,0.0002546892978763302,-1.9364617908096225e-16,-6.517654868248454e-16,-3.1116564150238336e-16,-0.0008512956944310932,0.0005230793610802262,0.007939054094344035,-0.001394216227893438,4.281323520680498e-13,0.0001990961530557156,6.658611658388959e-5,2.7264167425280306e-15,0.0015965530077378784,1.2722478937751385e-6,0.00024269159282124767,0.00017326799577582923,0.0012937389747838832,0.0005395317338477201,0.00832836010245117,7.548932307445786e-5,0.00015923823923631172,0.0013992924541575415,-0.013224314106154923,4.216658120376603e-6,0.0013620798658739227,1.4665994782584763e-5,-5.770000376250982e-18,2.2162185504066615e-18,-1.2845954971279315e-16,-1.3218375994954489e-17,-1.9450268156213197e-17,8.866135084489797e-19,-3.3018851320137705e-17,-5.223133206042911e-17,4.2792744341006155e-18,-2.8028302587247916e-16,-3.281828807607648e-17,4.892906605343766e-17,0.00013058177127602376,0.0004466488926824492,0.000260970391352839,6.632185922218527e-5,1.981932199868904e-5,-0.00015878589305710601,-8.723301371793651e-7,-5.246221533467161e-5,-0.008965155219204744,0.00010670658997668101,0.00016953320355798585,4.343134263060928e-6,3.5045211328852545e-6,6.429472347076678e-17,1.1720590733566848e-6,5.979548357622475e-17,-2.0917894218283525e-18,6.123694236846814e-17,-6.281232515455748e-17,-2.3724954575688023e-16,2.9045845234712277e-16,-3.8823258953496135e-16,-2.4095111871793635e-16,-1.0426307287751768e-16,-1.6021203130145367e-16,-4.4406585942410944e-16,3.629516327372459e-16,3.668040763844142e-17,2.4094680786447736e-17,0.0,0.0,0.0,0.0,0.0,0.0,0.0,0.0,0.0,0.0,0.0,0.0
-0.0003771074248466298,0.07869357101509143,-9.27198935985719e-16,-7.82041302759272e-15,-2.2867832851262468e-15,-0.3195372101650549,0.019684630166238583,0.037785558072006786,-0.36397023242319976,1.2027453628256199e-11,0.0010798222877204074,0.000361137930774228,3.312562570899856e-14,-0.023816972152571083,0.0025825553305957455,-0.01999278114704476,-0.060032334206630435,-0.07222255360836492,-0.016433827331898854,-0.005270248114310283,-0.0116771222490148,-0.036974362326873275,-0.024297606977844118,-0.031074450507536416,-0.04737345743943243,-0.031858499369364114,-0.0004267699588640297,-2.520029659963443e-17,-5.8750200996316e-17,-9.581780298445012e-16,-1.0438096022966935e-16,-4.501655174275059e-16,-5.662470745975755e-16,3.0120700345902147e-16,5.257007240221816e-16,1.8564731929890358e-16,-1.1086965400571805e-15,-4.918304205334744e-17,8.449872116023784e-16,-0.01654729733435847,-0.05514580641520393,-0.04022293790911845,-0.007110647993329484,-0.004133489123357723,-0.004302592328530777,-0.0167454997119695,-0.011621659968544045,-0.008817623515366477,-0.14374950719425597,-0.002996495102351398,-5.2227795372517665e-5,0.0001917263327255278,-8.092529400718634e-17,6.412133910538199e-5,4.621761930143736e-16,1.2362332308075407e-15,3.05618335762126e-15,1.0672430403418403e-15,6.558575070860649e-16,3.567785336430686e-15,1.4207384550234956e-15,3.1892111692505876e-16,4.56281994011225e-16,-5.531528069113734e-16,-6.2562502431812116e-15,-1.4801088675129295e-16,1.3904767925232945e-15,8.432361386043408e-16,0.0,0.0,0.0,0.0,0.0,0.0,0.0,0.0,0.0,0.0,0.0,0.0
-0.0016108099773198795,0.016372229496085623,-4.371801250345603e-15,-7.083413958369906e-15,-1.4815679382209505e-15,-0.06647379613477068,-0.001307833824906784,0.052454358503169735,-0.07641399968324059,2.288057401155544e-12,-0.004452757383938693,-0.001489189106526014,-1.3205660374081366e-14,-0.007216686425221636,-0.0011791991824228623,0.0015908969608702684,0.004962175270526009,0.014145407910665065,0.0015087772790091387,-0.0004095558543810753,0.0014638820525517018,0.0025742566029544204,0.0010118109171103637,0.0025819447876290333,0.0044140001722796935,-0.10895283631735918,2.930631286687535e-5,2.7844934792098024e-17,-9.903990620749491e-17,-7.642949631728946e-16,-8.149567221301483e-17,-7.288008640539889e-17,5.717363108967681e-17,-2.5246108750818834e-16,-3.965002675957821e-16,9.389671834380484e-19,-1.812839926461651e-15,-2.0735957098947845e-16,3.742847076720527e-16,0.0009847962560168221,0.002805683996875892,0.003143149636237256,0.0006136009286555461,0.0005088792015154612,0.00042250849331243505,0.0013169468631908203,0.0010204168855086494,0.0008497115465442047,0.0030299159037435594,-0.043516539155551426,1.4984087938285747e-5,-6.954529158821007e-5,2.5385232127360135e-17,-2.3258866744075556e-5,-1.4663069602553109e-16,1.4154229319366463e-16,3.007658888880751e-16,7.061615163782227e-16,3.608209732688971e-16,1.3874892066690892e-15,1.2980088994335623e-16,-5.612558650017181e-16,2.8212648153138393e-16,-8.678386163751388e-16,-2.500581423441487e-15,-1.7174994086998886e-16,1.1416010665041697e-15,2.0617470648565738e-16,0.0,0.0,0.0,0.0,0.0,0.0,0.0,0.0,0.0,0.0,0.0,0.0
-1.1362624960749457e-5,0.0006039511463874909,1.1795372106244644e-15,3.0534278743439485e-15,2.2456573523578067e-17,-0.0024480836529014497,5.556485216400707e-5,0.0006065584864593321,-0.0028011196749353887,-3.548085685716183e-14,-2.664422808925016e-5,-8.910949061098201e-6,1.5694376730369515e-14,-0.00029615663903360875,-1.12701612406522e-5,-0.00016738758307257028,-1.1787721407020661e-5,-0.00046250562914958355,-3.126460995050097e-5,-4.759533745231976e-5,-7.728052789314609e-5,-0.00021095391539779657,-9.509476347269524e-5,-0.00019366648662875595,-9.143683987199286e-5,-0.00024473810477576016,-0.001137339043603717,-3.723069680132942e-17,1.5799010772911797e-17,2.4100257963819246e-17,-1.6326048526631e-17,-3.8598713009359424e-17,-1.6181267129087933e-17,-5.630614688326479e-17,-2.6746534912377637e-17,-3.81732315232499e-17,-2.4942455276614822e-17,-2.600497284081381e-17,1.4304876249694706e-16,-0.00011335230877172577,-2.780210996942478e-5,-0.00017168288075783105,4.4467671468709906e-8,-2.0144698206223867e-5,-1.4082840340405848e-5,-5.343415380756308e-5,5.284759276403577e-6,-1.5392424324754073e-5,8.780432992711658e-6,-1.1435527419813106e-5,-0.0007043516908427107,2.4884484163084963e-7,-4.3836340302122773e-16,8.322416758906672e-8,-8.175304044448286e-17,2.0357855160088122e-16,3.9309622781032137e-16,7.762290413250312e-16,1.0772349310930654e-16,1.1480586554392285e-15,4.0835088144708226e-16,-6.727342466796993e-16,3.2113986619673726e-17,-1.1278817257601744e-15,-2.7479869094368346e-15,7.559323647955014e-16,3.7746178664805464e-17,8.701373194402489e-17,0.0,0.0,0.0,0.0,0.0,0.0,0.0,0.0,0.0,0.0,0.0,0.0
0.0030014038598417826,0.0745289081681216,1.1121792941553217e-15,-2.5910631506470253e-14,-8.863453932572741e-15,-0.30591502978993457,0.03666054311625943,0.011944030407228735,-0.34046569686350003,8.97276555857819e-12,-0.007184441839374232,-0.002402779132387026,-1.0993948309973447e-14,-0.03943144000890618,0.0009780842576415688,-0.07618584411197617,0.0027354016760467105,-0.11261383955689538,-0.009960411786686753,-0.003417360243942497,-0.007779190529169172,-0.030039435481719518,-0.014881170333251308,-0.02501325301899841,-0.036933747689612696,-0.031276355181158275,-0.0005449128315939699,1.1072678534744731e-15,1.1188111066843039e-14,-2.7469410741824374e-15,1.3298193317045358e-15,-3.728310377077108e-15,-5.712250683921974e-15,2.2784272442416853e-15,-7.245232479432508e-16,1.1428300495898594e-15,-1.0151071664971046e-14,-1.0692958074345437e-15,-2.768278959579065e-15,-0.07821226908498667,-0.014056732704323574,-0.05362405121282058,-0.0015566214375278,-0.0027479657377219523,-0.0011447549533703675,-0.005241129745632084,-0.0019638052001111593,-0.0031056160122926862,-0.006640210731306456,-0.0024257187413180637,-3.168571411391052e-5,-2.488375104946052e-5,-2.4363961363401016e-14,-8.322171593218636e-6,7.164035754074781e-15,-1.1547790390288743e-15,3.5024480875300965e-15,8.804096172149286e-16,-1.1847135688150738e-15,4.736423853448428e-15,2.7646076465603028e-15,-4.752269847714711e-15,1.6329256848216954e-15,4.207236759989515e-15,-2.861243497948839e-15,6.30838410385739e-15,2.223859140407605e-15,5.262859372862782e-16,-0.0,-0.0,-0.0,-0.0,-0.0,-0.0,-0.0,-0.0,-0.0,-0.0,-0.0,-0.0
0.005550407656620803,0.17289435571324285,-4.167362355696897e-15,-1.7176044164916492e-14,-2.8128719368703493e-15,-0.7005646542174477,0.009537758272328153,0.01784627735346518,-0.8019238853202993,1.0339981011591072e-11,0.006541438059033542,0.0021877316589698397,3.669460246988714e-14,-0.10053642357938275,0.0018473209290080805,-0.007819634387263682,-0.3088929242044206,-0.09587009026715451,-0.04495566614307355,-0.007672052300396374,-0.01739637075409547,-0.058115168459735266,-0.032659392217482715,-0.055522530881918504,-0.07887568799706103,-0.0702118392687603,-0.0008346324202952064,7.390320176051001e-15,1.5292890184142062e-15,-1.2937743657335784e-15,2.743967909743645e-15,-2.4940950883536723e-15,-7.478555006143085e-15,-3.582445290274786e-15,9.370134806692669e-15,2.0058747541530554e-16,-1.663200238685801e-14,-2.9079426285767723e-15,2.274588895518304e-15,-0.005222755431395287,-0.25404849546968306,-0.04051601976596907,-0.011339059318166535,-0.0031190462382867964,-0.0005772207971944425,-0.006244969447257763,-0.0030323910355142297,-0.00387997215508795,-0.009574988385525908,-0.0032965788016225458,-5.416064330241153e-5,0.00030719639617132955,-4.236968624325176e-14,0.0001027393786204098,7.958331460703194e-15,3.4852382251987493e-15,-1.9820879198577256e-15,7.827233746102293e-15,4.52314181627244e-15,3.98522901405618e-15,2.748202435724975e-15,-5.271481422117128e-15,-3.516708330903087e-15,-4.33024856932402e-15,3.86478520307353e-15,6.327772344659813e-16,9.981190459588643e-15,3.506167512603499e-15,-0.0,-0.0,-0.0,-0.0,-0.0,-0.0,-0.0,-0.0,-0.0,-0.0,-0.0,-0.0
0.010046794726647532,0.2855846621718545,6.678308174454972e-15,-7.616746323654257e-15,9.354153210376758e-15,-1.1709820807529363,0.13126325932697314,0.05826225710212399,-1.3066847138843543,4.184504794614688e-11,-0.02545604483599716,-0.008513570670140384,8.549700096189261e-14,-0.1271008297032617,0.008996418350715633,-0.08314598344906346,-0.05051547651389129,-0.5827356992869365,-0.04515951008944557,-0.015502153075814295,-0.03178146133581412,-0.12532791962135612,-0.05686243311535683,-0.10553224403609979,-0.11184666847145047,-0.12380960110689204,-0.0016544555380654483,-1.1601024511215543e-15,-8.286944494950028e-15,1.0875654525170042e-15,-1.0862013393106793e-15,3.307390559646153e-15,2.7692959944653296e-15,-3.112612448392864e-15,3.598628046414145e-15,-5.836691350632326e-16,1.1526977850588492e-14,1.3597130975996534e-15,1.2260239245887605e-15,-0.02513239514387829,-0.07333911446512309,-0.3621020691489579,-0.008123102009886637,-0.015914503733258773,-0.005789818041136218,-0.028850024480142383,-0.008616409026569979,-0.01726604208332159,-0.030595556290708106,-0.011128425123468242,-0.0001327560049351296,3.315600794216415e-6,1.9193440657567456e-14,1.1088761948755237e-6,-6.282871923679549e-15,3.578433224477164e-15,2.2346440507128143e-15,4.345621623611183e-15,5.1681494820602336e-15,7.156266376642865e-15,6.882565487592735e-15,4.372990207886008e-15,-7.682805098143384e-16,1.2944128242500386e-15,-1.1641098338891689e-14,-3.1695820572635336e-15,2.8046691584202453e-15,3.921076307575917e-15,-0.0,-0.0,-0.0,-0.0,-0.0,-0.0,-0.0,-0.0,-0.0,-0.0,-0.0,-0.0
0.0015439900132993639,0.04060474325867014,-4.62002344029769e-15,-2.6796758310114993e-15,-6.725060575580409e-16,-0.16580080791772678,0.01503506484918106,0.00714522601448482,-0.1870338105441318,7.197093958679364e-12,-0.002854846184453528,-0.0009547804814227858,-5.692454039158978e-15,-0.012608933538652887,0.000709764845079783,-0.004520268715342307,-0.0334232500308083,-0.031109660918345806,-0.03816842521864148,-0.001855696597230141,-0.003931233557099646,-0.015627530870558393,-0.009757117374708921,-0.014521360754577741,-0.017906840231159977,-0.016756059995512784,-0.00021862249057057287,6.978354295761663e-16,5.613217395389214e-17,2.3162194961238032e-16,-7.076650439242374e-16,1.4582486072692432e-15,7.76048625390388e-16,1.6918176161077222e-16,3.810493504543928e-15,-2.8330483310342653e-16,1.5869523766551986e-15,6.567128514217912e-16,1.0044299048448114e-15,-0.002173877853255219,-0.022307168579710237,-0.012334102965124607,-0.03954224001438212,-0.001044485840392308,-0.0006174837337333948,-0.002941580049809609,-0.0011923339277986036,-0.002337268603104873,-0.003752070237485702,-0.0012801113443410624,-3.189149330067286e-5,1.5461705707751588e-5,1.1310817800485347e-14,5.171043854873937e-6,-6.286606949730679e-16,6.652237229276186e-16,6.002227579290542e-16,7.599491591076266e-16,-8.879516567012583e-16,2.7875338738525673e-15,-1.0583743799146132e-15,7.795388802397898e-17,2.1764231721929952e-15,4.283676424926804e-15,-5.211383685908927e-15,-2.1378726290739752e-15,-1.7134945759895981e-15,4.404419605222075e-16,-0.0,-0.0,-0.0,-0.0,-0.0,-0.0,-0.0,-0.0,-0.0,-0.0,-0.0,-0.0
0.0018901580363717718,0.031120352646855205,5.064112755486946e-15,-6.723211916977327e-15,-2.3884979709230446e-15,-0.12771417834737478,-0.0006841893652490138,0.03177277678639914,-0.14310536920019218,3.1984252630089897e-12,-0.007593732827086337,-0.002539663230876672,2.341478425829432e-14,-0.018764876828461438,-0.001254689022099669,-0.002610549220255122,-0.0014690343488251525,-0.02010048933702079,-0.002680391596443218,-0.012582656486770594,-0.0037804963302807528,-0.010382890707663276,-0.007724529586274531,-0.05351051557087699,-0.010065721265602363,-0.01406356043088032,-0.0001732320887089893,4.3981048623104136e-16,1.3703176768023054e-15,-2.733279163406587e-15,6.906024801419497e-16,-9.954798920849126e-16,7.866052744162498e-16,-6.436022198295161e-16,6.0589782953771335e-16,9.546423271865481e-16,-3.0562218577219496e-16,1.0739180941721937e-15,1.9998046599215437e-15,-0.00139466043442675,-0.005382485968039936,-0.0033901852603995877,-0.000678567555205465,-0.02989785294703505,-0.00118137315733435,-0.003303510664766058,-0.0023315694887686596,-0.028044107283379482,-0.0066261246701252875,-0.0016607355258337778,-2.2113220628315506e-5,-8.20390704462457e-5,-9.084068662842015e-15,-2.7437311195599873e-5,1.3189029791613757e-16,1.8405362753391364e-16,1.715194738892833e-15,-9.559930126228093e-17,1.788771528117148e-15,2.8425131905375447e-15,3.1079530354964497e-15,-1.0267115063466635e-15,-1.7350747491237204e-16,3.0013597266935187e-15,-4.335010814510096e-15,2.3214871994319565e-15,5.836141644416777e-16,-6.633805621574284e-16,-0.0,-0.0,-0.0,-0.0,-0.0,-0.0,-0.0,-0.0,-0.0,-0.0,-0.0,-0.0
0.001054568967178158,0.019727460963393235,-2.8168402521244077e-16,-6.099237866177965e-15,-1.4111063266980979e-15,-0.08152943427258182,-0.00018942781606957678,0.021872514796924702,-0.08979922991869138,2.118667808197263e-12,-0.004511193784436599,-0.0015087326934648713,-2.2515551524327318e-15,-0.01294537603053111,-0.0006735803573143515,-0.0018842130771097366,-0.003230055438607034,-0.012044106276761102,-0.0020745093664937095,-0.0008178124105619521,-0.031058350550609088,-0.010662026487576817,-0.004211090725367943,-0.007673216023673447,-0.009209056612590742,-0.007764506725611512,-0.00011977637591814827,1.1614296463124612e-16,6.233173406458205e-16,-7.494749945141806e-17,3.4275674455517595e-16,-2.895459663213781e-16,-3.020882069259892e-16,9.46624726929752e-17,7.220579170232242e-16,3.6965956522192666e-17,-2.3371264831105034e-15,3.723045468703131e-16,1.173263428388191e-16,-0.0009629887104341755,-0.005452868610758368,-0.002938017490560337,-0.00037171586248991814,-0.0005739625227592918,-0.019182099562259837,-0.0023285289628561237,-0.0006707632248014302,-0.0007145268414813424,-0.0027250131415075787,-0.0006723974833674644,-1.2045817800170342e-5,-4.930694338063133e-5,-8.261134524574122e-15,-1.649031299828865e-5,3.419826552637818e-16,6.723968652600958e-16,3.946480616728665e-16,1.2766743966199118e-15,8.86118979346794e-16,6.350300957936063e-16,7.404529797494031e-16,2.006086764245648e-16,6.841522422859532e-16,-1.0841159900305201e-16,-2.8728091887274305e-15,1.4805236477973566e-15,2.40319059058612e-15,-5.854890709306435e-17,-0.0,-0.0,-0.0,-0.0,-0.0,-0.0,-0.0,-0.0,-0.0,-0.0,-0.0,-0.0
0.005463306996897972,0.09747355245622594,4.897278884806233e-15,-8.78861621561418e-15,-3.937560952130245e-15,-0.3995310696001499,0.006415655092766362,0.058047485805689386,-0.4478489116554439,9.849772194270136e-12,-0.014320494265894494,-0.004789374812524762,3.255283929047087e-14,-0.05530416521103082,0.004431608658571144,-0.01329912341790858,-0.018804620548699278,-0.07894126390598358,-0.013251439028170333,-0.004403866830411951,-0.01498855942453925,-0.15413352174926795,-0.025011284868473413,-0.036657825689266156,-0.04612896230207716,-0.04385955158671511,-0.0006000146637058923,1.123955888438311e-15,3.255466527846131e-15,-4.501733971714453e-15,1.0691091122708678e-15,-9.664605458428046e-16,8.827180463550779e-16,8.073028853422625e-17,2.418627209389948e-15,1.5419963915720993e-15,3.294522185622996e-16,1.4845730634515156e-15,3.0551744642869363e-15,-0.008326632438487632,-0.03039114735682581,-0.028257787079395233,-0.004062510208545278,-0.003272105201240764,-0.00402987507931086,-0.103497063884131,-0.006867920695091748,-0.005004616856903342,-0.019624661558697173,-0.0040927168235691536,-7.37861774979256e-5,-9.408443350125699e-5,-1.657920013642693e-14,-3.1465786562281214e-5,4.1359741730400556e-16,-8.898584382341878e-16,1.668340679479172e-15,-6.812452131054323e-16,1.4589709318264379e-16,4.375211933964367e-15,4.9780801166767655e-15,-1.0705135557113972e-15,-3.251411890674695e-16,3.088960270554496e-15,-2.2886850188051773e-15,3.0642984443349772e-15,8.328227708078654e-16,-1.342939122410928e-15,0.0,0.0,0.0,0.0,0.0,0.0,0.0,0.0,0.0,0.0,0.0,0.0
0.003461258053340075,0.053446420860677815,3.4671646719019784e-15,-9.76483527055584e-15,-1.7218859225206506e-15,-0.21933598602725868,0.0014423851537055433,0.04216172432272169,-0.2456757702901297,4.963511081946947e-12,-0.011005168671231523,-0.003680590673960621,3.1531753855913154e-14,-0.0325535850886297,-0.0015511389180663088,-0.0057320435214407795,-0.006866381645908765,-0.027146469008493965,-0.006554954042381976,-0.002886108622352385,-0.0060459379002935736,-0.021483271710750467,-0.08754863233545737,-0.027746958689797936,-0.026674099718702562,-0.023474987885350265,-0.00028426267569808865,3.4679578539312603e-16,1.1373911619044474e-15,-3.1956249994961754e-15,7.021049275994685e-16,-5.453723667692924e-16,6.005804315350131e-16,-7.122223333995355e-16,1.0851048054957797e-15,9.846827552087105e-16,5.2153015162362464e-17,7.906393622012526e-16,2.2560051999159526e-15,-0.004020086776523717,-0.013657697231694908,-0.011164665351512853,-0.003257729150727178,-0.0018571195157206237,-0.0017765476695176953,-0.006374908066035925,-0.06024501843582334,-0.007704310145150648,-0.01255934028383017,-0.0023914900336521354,-4.43387105614232e-5,-0.00010015824145213002,-8.163640560380978e-15,-3.3497123071763265e-5,-5.673885639923315e-17,5.666789729722722e-17,1.913107555600737e-15,8.541981971556798e-16,1.3524606009493777e-15,2.5411528564965174e-15,1.6546510373686556e-15,-3.442589930699164e-16,9.3050257976616e-17,2.5440103007498174e-16,-4.661111259275978e-15,-1.3024328587189152e-15,3.086932529448961e-16,1.4525511097873276e-16,-0.0,-0.0,-0.0,-0.0,-0.0,-0.0,-0.0,-0.0,-0.0,-0.0,-0.0,-0.0
0.0020826272773316933,0.0499725106648474,4.524798993661092e-15,-1.2689509608995615e-14,-5.205013914222059e-15,-0.20492039689923214,0.00019830799783407055,0.06735519178218566,-0.2302613103871867,3.891490350752325e-12,-0.013501780302180837,-0.004515562473112247,4.2546077795044273e-14,-0.033351413532696494,-0.002013543126853389,-0.0032594551157124826,-0.0011373257183181138,-0.015411982441416193,-0.003581377334378434,-0.014586217047394297,-0.005491956453854178,-0.014831054392393786,-0.0125568637275188,-0.11364797144473036,-0.014814272563171933,-0.020145526106497832,-0.00023161328806107335,1.772271513101515e-15,2.775527324419318e-15,-7.381192127762835e-15,1.692584567385539e-15,-2.9938167629487195e-15,1.419460179445133e-15,-3.4603516400592884e-15,1.9634367423935598e-15,2.405872469255846e-15,-3.3559946554187e-15,2.4632444898600373e-15,5.673943688807557e-15,-0.002357978549014936,-0.008621844317770912,-0.0072080446371505106,-0.0010675435456419312,-0.0008446167949293153,-0.0023597471036796657,-0.005759128961912066,-0.0040860014636060465,-0.06266894275845919,-0.011320942574570392,-0.0026084308721885698,-3.141676522156529e-5,-0.00014620900096968463,-1.9493983116714827e-14,-4.8898431412292376e-5,7.757996813171435e-16,-1.6925287927453067e-15,1.159170842961971e-15,-3.319300341174061e-15,-8.074545342547869e-16,3.0325229905748533e-15,-2.224644428189218e-16,-3.316435496284972e-15,-5.675660387986022e-16,-3.092856700266229e-17,-5.316638281107001e-15,3.6417504861230496e-15,-1.049096505712405e-15,1.409244386967039e-16,-0.0,-0.0,-0.0,-0.0,-0.0,-0.0,-0.0,-0.0,-0.0,-0.0,-0.0,-0.0
0.009649682246290274,0.12752741430560607,9.388854579902728e-15,-9.10901133189371e-14,2.5995207861546288e-14,-0.5230340630602857,0.010186493044404612,0.04934549782934471,-0.5852997852292892,1.0880131775381954e-11,-0.020026800922324,-0.006697803450923769,1.3623521708134189e-14,-0.0810203593197489,-0.0011024351424468652,-0.022686531271926207,-0.04951431512565238,-0.10400543664373177,-0.020217374595982166,-0.006364096934864566,-0.01927606061364586,-0.06809718294492882,-0.044104347258121034,-0.060386727863594454,-0.12321859365101898,-0.06547768334439433,-0.0009254528457503302,-3.290147525948981e-15,2.7279095821887252e-14,1.542015695617981e-14,-2.2304630889396575e-15,-2.624141344056583e-14,-1.4069034298336526e-14,-4.0479392919575975e-14,-6.953588063668586e-14,-1.5369858461325312e-15,-1.6693872334794278e-14,8.538425433682867e-15,-6.20900408406781e-14,-0.017204856405898278,-0.058791541650575145,-0.0421543077786298,-0.0076938615239556495,-0.005654809822142907,-0.005028466103224668,-0.020665696759936823,-0.014304831233467477,-0.0107748474578778,-0.12616225328486064,-0.007608317295797982,-0.00012545771367503337,-0.0005544404916087404,8.702441562357379e-14,-0.00018542818959423394,3.2802388190476854e-14,-2.4790063382284786e-14,-1.4081643520680409e-14,-2.353547378563188e-14,1.4047631770370248e-14,-4.1822155554899076e-14,2.426844963401278e-14,1.3285096381534033e-14,-3.1614862828302443e-15,-1.7798039832801805e-14,5.232979080790077e-14,1.8050326725480444e-14,8.299581642201354e-14,-6.846539652986837e-15,-0.0,-0.0,-0.0,-0.0,-0.0,-0.0,-0.0,-0.0,-0.0,-0.0,-0.0,-0.0
0.001359535992342505,0.019483489459905814,1.3427638902038474e-15,-6.087104016286104e-15,-2.8342086311380674e-15,-0.08020133361678326,-0.0014732355757882327,0.024254634249122758,-0.08941546891758857,1.0592895747082197e-12,-0.005946460744399789,-0.0019887462530345694,6.448331415439857e-15,-0.015573078605698688,-0.0011821138923653212,-0.001129340345891166,0.0011004557373581673,-0.010969495823515378,-0.001532438366010254,-0.0006237735715066178,-0.0013953700091405418,-0.005103627392165997,-0.0031126992333239244,-0.006766904426633752,-0.005773288121444958,-0.05491448554427173,-0.00012620533988628915,6.335638158798521e-16,2.042544781891817e-15,-3.681070096991749e-15,1.06473773569508e-15,-1.5138672372230909e-15,1.4855811882042234e-15,-1.2177278429526355e-15,3.5359756517654925e-16,1.3292760140558192e-15,-7.890633825040102e-16,1.035790970909593e-15,2.7637557146340085e-15,-0.00047104689484871366,-0.0021887574721630937,-0.0003506836242188267,-0.0001868019803017612,-0.0003003526096436659,-0.00018922527211561756,-0.0010874985076886716,-0.0007089160172132293,-0.00046950145096075495,-0.002178564766986653,-0.017788210722704135,-1.1183629481678953e-5,-7.920673728983228e-5,-1.1273191613831346e-14,-2.649006001414938e-5,6.605136442960746e-17,-1.078074233713807e-15,8.756570356756192e-16,-1.846381389877134e-15,2.929751217312117e-17,8.76963025061585e-16,7.255760487389001e-16,-1.3028276239703955e-15,5.54606324555898e-17,1.285832842176883e-15,-1.7900823012504124e-15,6.103618256679034e-16,4.0669099523262623e-16,-5.650315071696924e-16,0.0,0.0,0.0,0.0,0.0,0.0,0.0,0.0,0.0,0.0,0.0,0.0
2.1568221726218963e-5,0.0003464587789430756,3.759962886899838e-16,8.460861342655904e-16,-4.768780497183064e-17,-0.0014190988887130668,5.299852179250302e-6,0.00023052799538658358,-0.001593488988020479,-7.97891546150091e-15,-6.039133172221834e-5,-2.019739805636056e-5,4.8108097507008554e-15,-0.00024293827673395563,-1.1950932190083365e-5,-7.044262352448492e-5,-1.5254952121725083e-5,-0.0002910165617973355,-7.672568456386773e-5,-2.120113606221654e-5,-5.228215278174036e-5,-0.00017021544669268982,-8.998196447746875e-5,-0.00014322280449233685,-0.0001578661385720328,-0.0001757150992213369,-0.0003378420779209568,2.4553761714874487e-18,4.253033543271576e-17,-6.689825348944512e-17,1.1916357077679006e-17,-3.6704883378240996e-17,8.317211652708405e-18,-4.644633132621555e-17,8.225386650161626e-18,1.4405009940074537e-17,-2.2285839670042155e-17,1.423563211477192e-17,8.904205315148345e-17,-4.444340928712755e-5,-4.928692879210213e-5,-7.598254012347584e-5,-3.7988396464169558e-6,-1.2199109704251693e-5,-8.273307615707863e-6,-3.52657907455927e-5,-1.2011007244606996e-5,-1.4704829391456584e-5,-3.8845754408764854e-5,-1.6724537754492667e-5,-0.000208702067876513,-3.8119366499662954e-7,-3.5713382174176805e-16,-1.2748717358514166e-7,-1.774882098848335e-17,3.479932965288921e-17,1.2777662045258734e-16,1.906636708799111e-16,2.919043830178508e-17,3.4378037093808e-16,1.4080094210147032e-16,-2.1438565679147535e-16,1.6059045551602098e-18,-3.0795566400896264e-16,-8.295679474996494e-16,2.4029767500728464e-16,1.5319424756139558e-17,2.5962377103109183e-17,-0.0,-0.0,-0.0,-0.0,-0.0,-0.0,-0.0,-0.0,-0.0,-0.0,-0.0,-0.0
0.002207327837478953,0.08708758949860951,4.699328593448676e-16,-1.4976447655335366e-14,-1.6168071117675066e-15,-0.3574120637770477,0.05567680487424082,0.012906273153242175,-0.3976384529136842,9.4398228881723e-12,-0.0072840147388432,-0.002436080492506126,2.161002800858923e-14,-0.049507305566365345,0.00023410354067568846,-0.10436015317180095,0.006134762050884095,-0.13466878757191933,-0.011378194932950648,-0.004262286299690884,-0.008507001327293455,-0.032770612178088104,-0.015841648412672195,-0.028336143691460404,-0.035874498811937196,-0.03390671935707473,-0.0005357492320614489,5.540464050338956e-16,2.6978161842508602e-15,-5.119344430684753e-16,-1.6189217842089786e-16,-1.9328477750215795e-15,-2.2291707892363e-15,9.939780922923682e-16,4.2361277388563885e-16,-6.692988038950304e-17,-1.1980008796615743e-15,-3.8772082151100924e-16,-6.794931813492674e-16,-0.0047143975903334865,-0.017098052455678404,-0.0786092479949672,-0.0018464621102133902,-0.0034909248027281234,-0.001364060256564067,-0.006043736391069937,-0.0017120822051949105,-0.0036906853161879326,-0.006269704727192648,-0.0024187191982872895,-2.8283541033834802e-5,2.711405523965151e-5,-3.82145199988105e-15,9.068079000090622e-6,1.6612296463557804e-15,3.7047037763367954e-16,2.4406036740922372e-15,1.784431654806373e-15,-1.3417833082959678e-17,4.019461416484832e-15,3.715821822855737e-15,-1.1533331440376187e-15,3.74605428659429e-16,3.2796232900271372e-15,-5.217190659071948e-15,2.496518597156275e-15,3.3953369484390918e-15,1.7297435535356013e-15,-0.0,-0.0,-0.0,-0.0,-0.0,-0.0,-0.0,-0.0,-0.0,-0.0,-0.0,-0.0
0.002630299711140405,0.18983983861229994,-6.355651043420747e-16,-1.6572294574563201e-16,5.125455740792166e-16,-0.7665688150918412,0.016847928106856876,0.014168570441790635,-0.8831518426829633,5.530768139207619e-12,0.01695724926696591,0.005671216441346238,6.874463084809881e-14,-0.12130115055609743,-0.0026714753575380833,-0.005567439115737463,-0.4039594284119269,-0.08602064751293802,-0.04167631059752974,-0.008994601402326594,-0.01643845031296792,-0.05497305949439944,-0.03289241266886444,-0.058877115402608794,-0.06799863137296819,-0.07089042676386735,-0.0008631730850715315,6.174889642418175e-16,-8.80911682128895e-16,1.4583582556484273e-15,-4.028551739036709e-16,-1.0790229146718542e-15,-8.721611645480716e-16,4.908017384564103e-16,3.1612933917452423e-15,-8.762319989213419e-16,5.215004179202486e-15,-1.4801394013347378e-15,1.4983737273532447e-15,-0.005318647056690319,-0.05754476135547964,-0.05355129339992424,-0.015400180359534244,-0.003080074968532631,-0.00012918243073873804,-0.004848317532774106,-0.0014802960060303295,-0.003377354401077301,-0.005224286206547577,-0.0019292683975987769,-3.20133732839309e-5,0.0005420636293972133,-3.0807247797061888e-15,0.0001812888469756862,-1.4736550298628785e-15,5.613865862388023e-16,3.531022467319687e-16,2.8876672800809505e-15,9.267174378005667e-16,4.538973826919402e-15,2.991842149588546e-15,6.913066613020729e-16,2.551140285284744e-16,2.7407917751076825e-15,-6.3438803716930264e-15,7.574482784915655e-16,1.0117412224725355e-14,4.572677903474797e-15,0.0,0.0,0.0,0.0,0.0,0.0,0.0,0.0,0.0,0.0,0.0,0.0
0.011562296946993029,0.3901006392210383,1.1970024768788286e-14,-1.7846365095083165e-14,5.503098713995435e-15,-1.6037954377930035,0.25108268976155323,0.09204702950173946,-1.780287298461358,3.3051091856938637e-11,-0.048143237786865495,-0.016101120964715134,1.2161105455987808e-13,-0.26058767136270344,-0.010251318949616305,-0.09019177348527165,-0.044507168478435444,-0.8833448180701551,-0.05494337315647901,-0.023154638825333793,-0.04337364014254019,-0.1613922708984039,-0.07375467294095657,-0.14712878742401894,-0.1400247836068543,-0.16797773043585007,-0.002099285227475576,4.2904854573122594e-18,-4.822476813976676e-15,1.198575806053951e-16,-6.813415052203489e-16,-4.719314938259796e-16,1.1100331196847387e-15,2.2037430423524886e-16,3.719337688608712e-15,-5.670794204210429e-16,7.436470632304028e-15,1.374575391305724e-15,9.725140032822879e-16,-0.0520619679414463,-0.12633230529181153,-0.15970249089858182,-0.014214732292712223,-0.027637631170519046,-0.010255389622999465,-0.04877982109647004,-0.012504732563665275,-0.02936647101751376,-0.046011922835319845,-0.01714594105311153,-0.00018921594688540552,-0.00018450822100232484,2.525757381022231e-15,-6.17072993105408e-5,-3.0097983407001137e-15,4.6518999488037616e-15,4.626506231477089e-15,5.9843692984555105e-15,6.468277389542858e-15,9.983771755362246e-15,8.030117962566437e-15,3.5184528256003978e-15,-7.826688419699095e-18,1.7424953707437862e-15,-1.3873328121023817e-14,-1.647738656158714e-16,9.94422695609873e-15,5.7031948493309815e-15,-0.0,-0.0,-0.0,-0.0,-0.0,-0.0,-0.0,-0.0,-0.0,-0.0,-0.0,-0.0
0.0020530605654373196,0.0641708117700583,7.426098784279313e-16,-5.895655698784255e-15,1.3402486704663554e-16,-0.2625037463116896,0.03375348006136196,0.01265998508318075,-0.295099289801465,6.799019634717764e-12,-0.006062990759652253,-0.0020277187849505832,-9.720807046634756e-15,-0.03566183054728285,-9.340200143748362e-5,-0.007666554965452161,-0.05359185710202365,-0.05035367929233107,-0.06674944117675459,-0.003169208928590872,-0.006460214580953392,-0.023056444129134882,-0.012649265373009456,-0.023738222036146346,-0.023939047755572845,-0.02613803990926833,-0.0003584544430905835,1.7981776009392682e-16,-1.6816179388291974e-16,2.327074144951081e-16,-9.72855636080765e-17,-2.459197177368062e-16,-2.6578160969891734e-16,1.0531994111606714e-16,9.253099843476996e-16,-1.7847755562588445e-16,1.1411706493334017e-15,2.137999436934435e-16,2.111063490507037e-16,-0.004366052730285199,-0.0472298141751762,-0.026485244049250494,-0.010280776005512337,-0.0019351158396465676,-0.0012018990703241755,-0.005488849520953977,-0.0019910282928259694,-0.004585081682011938,-0.006209558615463691,-0.0021316036548118364,-5.845903238344432e-5,1.0797737038867685e-5,9.946561589064147e-16,3.611216824384578e-6,-1.0271443041916415e-16,5.412543545811593e-16,4.594090208798406e-16,8.071343209640719e-16,2.50429015706864e-16,2.1298587044250495e-15,5.590781243768264e-16,6.016399937840354e-16,-1.1267766796086355e-16,7.882193636058019e-16,-1.6049344273280151e-15,1.9329471090495727e-16,5.165966005755787e-16,1.1896303441191505e-15,0.0,0.0,0.0,0.0,0.0,0.0,0.0,0.0,0.0,0.0,0.0,0.0
0.0018033970285234527,0.040506876042802724,1.367223325314666e-15,-1.0147641999794626e-14,3.2631521078274543e-16,-0.1660928550982922,-9.324072316940698e-5,0.052048267063928066,-0.18661164309640196,3.6266843481405215e-12,-0.010654398598681386,-0.0035632784276640847,1.963654992947387e-14,-0.026192350575687025,-0.0016298393475470468,-0.0027818512430730323,-0.0010899816299919018,-0.014621627575773136,-0.0028715507988895063,-0.014708634912641565,-0.004541324739095094,-0.012238199800738625,-0.009602473220223303,-0.08756900072837444,-0.01165561055393901,-0.016757143623546546,-0.00019207679445826925,6.336773927427689e-17,-7.143303043370299e-16,4.9317214389123765e-16,-5.325909843919899e-17,3.25920351113433e-17,1.4557052668937264e-16,-3.031609609148135e-17,6.042991679447625e-16,-1.978360155030216e-16,1.2007092229780054e-15,2.7774489097678297e-16,2.3059099766368295e-16,-0.0018761982092968081,-0.00694475112964031,-0.005564358538160612,-0.000866265059766894,-0.006985805136762421,-0.0018340853913078048,-0.004573752543107963,-0.00325057843956421,-0.048087079625768366,-0.009032209275988738,-0.0021063332912183027,-2.5840530225621686e-5,-0.00011488955814873112,1.3344890718772958e-15,-3.842389416712335e-5,-5.496779035782614e-16,7.574377874167635e-16,8.692005014522106e-16,9.359998560300635e-16,2.6319257900774134e-16,4.098600359828187e-15,-1.6599740579041757e-15,-1.7267643624772507e-15,-1.162768927647611e-16,-1.4652539591653834e-15,-5.01026807360848e-15,2.2851647914745646e-15,-9.908891711858293e-16,-1.0850351680904358e-15,-0.0,-0.0,-0.0,-0.0,-0.0,-0.0,-0.0,-0.0,-0.0,-0.0,-0.0,-0.0
0.0004382810897364747,0.023746882813603487,-2.808705511151872e-16,-2.3143006077133656e-15,-3.207300013425553e-16,-0.09837241137443176,0.0007418807853520615,0.03750692511024302,-0.10775676303912761,2.6989603966392793e-12,-0.005636722064621564,-0.0018851566279875435,1.3921155894713877e-15,-0.015972465043461052,-0.0008958226447552161,-0.001799975917057401,-0.0051193007962348205,-0.009801330648875313,-0.0019380201094357527,-0.0010245016883566626,-0.055051942019546274,-0.00953254840414819,-0.0035051043268912703,-0.006485235522084079,-0.007923181154872831,-0.00683021190929284,-0.00010335194765023436,6.783407684497508e-17,7.31769067324813e-17,-1.84724770213977e-17,-1.1668928835856417e-16,-1.0973446687321485e-16,-2.4607862176764313e-16,1.110635403283947e-16,3.284978172167941e-16,-5.42486599683944e-17,5.961644416283541e-17,-4.071979964417121e-16,4.0391937663140445e-17,-0.0011984969882942727,-0.007636249640958499,-0.004275962066670139,-0.00037289328473638314,-0.0006859338978839426,0.002202275888517845,-0.003223272016312469,-0.00043115935955479324,-0.0007360343618690727,-0.002570499168882268,-0.00044675815923579855,-9.452433822619108e-6,-5.3848262296081234e-5,2.168404344971009e-17,-1.800912079993479e-5,-1.9106883713419167e-16,2.9858330653704667e-16,3.6863817101520403e-16,9.096723902877285e-16,1.3982896768301717e-16,1.4418310733733171e-15,2.2485620122681633e-16,-5.37534648161675e-16,2.9390234830498973e-16,-7.325242793166375e-16,-2.4812419116562976e-15,3.1516431426491164e-16,-1.6709290456058036e-16,5.912664547833418e-16,0.0,0.0,0.0,0.0,0.0,0.0,0.0,0.0,0.0,0.0,0.0,0.0
0.005568420523112226,0.13951234159828876,3.8737523407629734e-16,-1.3776082687472132e-14,5.521648488127554e-16,-0.5717085838121675,0.015693492642656397,0.10227943180932145,-0.6411674402882144,1.2764810576972345e-11,-0.01991761825299242,-0.006661288180082741,2.7029781550615538e-14,-0.0825239294428476,-0.0004599557041170371,-0.02062577585586612,-0.03263254246528215,-0.10576964303644996,-0.018897758450575296,-0.006629012501185793,-0.020972269157430407,-0.23843801956480462,-0.03450439046723143,-0.049232292625843804,-0.057639745428605484,-0.05805122943794739,-0.0007751006213733882,4.4227171941900584e-16,-6.070158868554763e-16,4.5192199404075085e-16,-1.4585305497576842e-16,-1.0257778213258922e-15,-7.693641364185003e-16,8.083678866861207e-17,1.7746332438851364e-15,-5.184775501201735e-16,3.1932109698441734e-15,8.620843369103809e-17,-6.290372083486908e-17,-0.014198601909177936,-0.05079984699939322,-0.051642496852715575,-0.006851850770099287,-0.0050919428761257495,-0.007184883493462256,-0.04562392124903308,-0.010651449614482058,-0.007731418329326667,-0.02993228529702585,-0.005310639239962241,-0.00010064408609719894,-9.601762717406398e-5,9.888598229895721e-17,-3.211232773169241e-5,-2.030746169491622e-16,1.2646038386533466e-15,2.144879743262695e-15,2.1672214047705983e-15,1.4740793327173243e-15,5.735084436256871e-15,3.004133449021789e-15,5.593699359183779e-16,-1.907108843084745e-16,-1.175871735532945e-15,-6.563641908744364e-15,1.3305449911321548e-15,-3.5698472870294373e-16,1.4319734004840234e-15,-0.0,-0.0,-0.0,-0.0,-0.0,-0.0,-0.0,-0.0,-0.0,-0.0,-0.0,-0.0
0.003437901362862131,0.07455423082326018,1.3662167398456001e-15,-1.6001214530710447e-14,1.3052204210590596e-15,-0.3058927805210756,0.004383901958748015,0.07303964395506399,-0.34276625725913445,6.258885283901247e-12,-0.015154253231695057,-0.005068218832591119,2.7874224686585627e-14,-0.04823170181341293,-0.00188999216303995,-0.008319890960809205,-0.01138241739498875,-0.03733713675421186,-0.009710250014837368,-0.004517616836213104,-0.008374531377909842,-0.028099542731026005,-0.12879229333509665,-0.040153548927930875,-0.031143650067292552,-0.029562249690697266,-0.0003781659505923062,6.68350907283996e-17,-4.142974725416312e-16,2.0889666360147335e-16,-1.773385562609225e-16,-2.8405794883801873e-16,-1.6999736104964164e-16,7.582132025096113e-17,5.764244630249797e-16,-3.3721769232554544e-16,1.89858687060095e-15,2.2218048383412793e-16,-3.883153050649431e-16,-0.0062132718433919555,-0.020622005436969595,-0.01739840692641731,-0.005443208463156635,-0.0027228896767098856,-0.0028099044715667078,-0.00958369031824013,-0.033697877435411625,-0.013280774048984145,-0.0186041402720053,-0.0028714992055211778,-5.70041443209584e-5,-0.0001127034912334785,9.183657600063435e-17,-3.76927815643972e-5,-5.547442142235243e-16,6.494060303139212e-16,2.11154722715267e-15,1.7536764313222452e-15,1.3698672197584049e-15,4.13712528540816e-15,4.254540829910127e-16,6.070918239425203e-17,3.587088421263515e-17,-2.095125271759134e-15,-6.270389022270361e-15,-3.153594017933906e-16,-1.4132462628391233e-15,4.301227962981366e-16,-0.0,-0.0,-0.0,-0.0,-0.0,-0.0,-0.0,-0.0,-0.0,-0.0,-0.0,-0.0
0.0015057638898982506,0.05219003472511401,-1.3694346689020103e-15,-8.969729414843022e-15,1.9635403959803094e-15,-0.2138392050103962,0.0005047828030443768,0.07702404079833555,-0.24066060298920822,4.510895765635368e-12,-0.013816623756904668,-0.004620859349320802,-3.801931488457335e-16,-0.034367669024180356,-0.002156989230227091,-0.003260779422929932,-0.0010711904722025575,-0.01533572117420309,-0.003292656555432848,-0.006735049777584166,-0.005750202390769169,-0.015466277646211382,-0.011773485106509503,-0.12991269707558756,-0.015325167139319609,-0.019995990328942902,-0.0002329461460440971,2.2537432446696044e-16,-1.4703968775381258e-15,1.0604211801073921e-15,-1.6519902381561807e-16,1.8600334708475565e-16,2.629967389725495e-17,-2.490911511176024e-16,9.986926992488448e-16,-5.146012418419287e-16,3.169288902012711e-15,3.37713635129592e-16,5.095604594734696e-16,-0.0023157103438417284,-0.008547443149054599,-0.007193286530304834,-0.0010462508488357173,-0.0008692344999902175,-0.002583177934730093,-0.005973355357844879,-0.004287051007385038,-0.004792593485836398,-0.011657675141803216,-0.0025545324232649357,-2.8711212084432085e-5,-0.0001359672082671379,1.801583912594648e-15,-4.547314572969275e-5,-1.631060820239773e-15,3.5924458637424185e-16,-1.5195139408301335e-16,1.6328848491420058e-15,2.0476131666399763e-15,3.176802364499694e-15,2.408161175419099e-16,-4.807597263751201e-16,4.0106161303632844e-16,-3.356104032048051e-15,-3.773270292099175e-15,9.614151031448096e-16,-1.4713174635595937e-15,7.2208659284445265e-16,-0.0,-0.0,-0.0,-0.0,-0.0,-0.0,-0.0,-0.0,-0.0,-0.0,-0.0,-0.0
0.011642533177875124,0.2257978856949177,5.5322932200980475e-15,-1.9080511330720366e-14,-2.1471158989386334e-15,-0.9237825486621732,0.03221676889364662,0.09752366354006502,-1.0385033585537227,2.0118205297332522e-11,-0.025365945730334013,-0.008483437744618464,1.0439254570738065e-13,-0.13174987668735638,0.00042727714573384935,-0.04679461541536902,-0.11811937404501993,-0.192890247791423,-0.039947728865486164,-0.01255649349046114,-0.03435482160504423,-0.11546692483506708,-0.07499556852714723,-0.10135492157792186,-0.18558638661836258,-0.10926554183627428,-0.0013156110243897217,8.802435685287537e-16,3.763890236859476e-15,-5.959099344037302e-16,-2.3211309604776163e-16,-2.62090833102229e-15,-1.6995184163465155e-15,3.49919446217525e-16,6.039218653159134e-16,9.452188326025692e-17,-1.968265172521076e-15,4.664134504763539e-16,-2.6163111756217864e-15,-0.03738287098238897,-0.12597688801491605,-0.09162739877429091,-0.016414306418058078,-0.01100282695367558,-0.010460981296893795,-0.04185212120072574,-0.029005044378378676,-0.021902056737605043,-0.08610632315866933,-0.012373123166802386,-0.00020712132979361752,5.879063178507973e-5,-2.5103015819832855e-16,1.966205676296596e-5,3.3759649770148723e-15,2.169509941087169e-15,6.772619493805322e-15,3.1362458638254745e-15,1.185544037069179e-15,8.958881797839871e-15,5.4501695140559134e-15,7.056897312597147e-16,1.5395446895317372e-15,1.0729192965417638e-15,-1.331399582857999e-14,2.7056084996824382e-15,-5.126516135300637e-16,1.7514482118604026e-15,-0.0,-0.0,-0.0,-0.0,-0.0,-0.0,-0.0,-0.0,-0.0,-0.0,-0.0,-0.0
0.0001411037874000262,0.038796956086490655,-4.415037522325423e-15,-5.79699670504226e-15,3.119924596888508e-15,-0.1590228418263441,-0.003040499483348398,0.08229413931195763,-0.17908270562980033,2.646849736522935e-12,-0.012272213359063098,-0.004104343639581308,-1.3686182962892132e-14,-0.02868130920418945,-0.002697898582456346,0.0003258110868498221,0.00653480797007394,0.0025444171083773386,-0.00011373328051780249,-0.0010902432690893115,-0.00014166805976836025,-0.0030277438487270585,-0.0025201842662419005,-0.005012634520252656,-0.0014994014278220669,-0.1751917802465418,-0.00013921664390137921,3.9077511399368915e-16,-2.1943089478111498e-15,2.2611562546695226e-15,3.961756660764953e-17,8.197411085318516e-16,8.467707355151551e-16,4.2017497317327353e-16,1.634466733518202e-15,-1.0351912247291256e-15,5.38256001445262e-15,1.1054749613687603e-16,9.249649910347895e-16,0.00033155167993263913,-2.7850952837147402e-5,0.0023721197477460276,0.00035596778896277586,0.00011981402522179323,0.00015729512697091043,-0.00010560694867576412,9.389329100311675e-5,0.00022854198875337024,0.0001749790408437923,-0.0017232603831740063,5.196317796252339e-7,-0.0001831378282388428,8.514802219544619e-16,-6.124898244326313e-5,-2.9910501872061914e-15,-1.9474278830354708e-16,-1.0146773671385721e-16,1.4130473828037436e-15,2.2865637206323217e-15,2.908633316558592e-15,-1.7506633185337402e-15,-1.3017877713507648e-15,2.6407426103647867e-16,-4.2178092673448835e-15,-3.660507873648851e-15,-1.1551417780173756e-15,-4.012900236380956e-15,1.792119892905329e-15,-0.0,-0.0,-0.0,-0.0,-0.0,-0.0,-0.0,-0.0,-0.0,-0.0,-0.0,-0.0
1.8747702611347153e-5,0.0008915655968474434,-5.444703060494484e-16,1.7481707838229407e-16,3.386743963644636e-17,-0.003643844188045236,7.67161529587544e-5,0.000914466318430176,-0.004107267958223007,1.2634587300310215e-13,-0.000146316111997443,-4.8934253839484815e-5,1.5356034455466462e-14,-0.001097225306504856,-2.243743267357178e-5,-0.00022427037426809822,1.9558695572131016e-5,-0.0007142658475852613,-7.57731913861584e-5,-3.352119805433519e-5,-0.00010355218574718226,-0.00034079919461565993,-0.00014222583975117469,-0.00029091798440025903,-0.00022496692508043923,-0.00040603435398863674,-0.0015905018603358141,-1.54568501574884e-17,-4.4258508283801744e-17,7.651790475801247e-17,2.1886411263140107e-17,-1.7658175163269396e-18,2.3367188785150325e-17,6.739654396190716e-17,-4.5997738294655226e-17,-4.457171212584773e-17,1.1354565294743528e-16,-9.097445633204628e-17,-5.4653036621152184e-17,-0.00017981624494281604,-9.802376172508231e-5,-0.00029005264960836765,-7.203800214834332e-6,-3.71344098271923e-5,-2.876730830767328e-5,-0.0001037525023331096,-1.2963768962751853e-5,-3.661364982177655e-5,-4.7729244239886924e-5,-3.5183982183457394e-5,4.968028867810722e-6,-6.114851637557275e-7,-3.493626295608666e-17,-2.045063242712771e-7,-8.244338344779689e-17,1.9858486741743444e-16,6.169189194913355e-16,9.177035825991762e-16,7.48093735135094e-17,1.4205767533931504e-15,-2.573633756502944e-16,-9.223040615613432e-16,2.517543472512777e-16,-1.3611222320101335e-15,-3.39983765769693e-15,1.1068561534428333e-16,-2.4974464591228246e-17,1.6041180425617856e-16,-0.0,-0.0,-0.0,-0.0,-0.0,-0.0,-0.0,-0.0,-0.0,-0.0,-0.0,-0.0
0.0006178089695918022,-0.07549915581284498,-4.228622181759544e-15,-1.2765144338499122e-14,-5.836900064281636e-16,0.30591962189191596,-0.06413796730759283,0.010667148688285773,0.3475799820658247,-5.0038916600809995e-11,-0.01650930277695194,-0.005521404319173057,4.059439401001154e-15,-0.10174131715872438,0.005887585186994193,0.07044688655369317,0.01370430289542562,0.17998663638436205,-0.0015895888865239314,0.0005222412913926401,-0.02351317943060251,0.02127137246127938,-0.009533497428254553,-0.05358544861784858,0.23614056232474354,-0.0819235551646933,0.0012992183193717862,-2.6458887272887624e-16,4.026428335338171e-15,6.34810534978414e-17,4.1883010702249956e-16,-1.1616087314248457e-15,-2.2312130472999327e-15,-2.4023926248056297e-15,-4.245490051880155e-15,5.069217632449721e-16,-3.9683988139587215e-15,-2.0874062123235848e-16,-4.9334008114679336e-15,-0.010885771517067046,-0.001759111045839228,-0.0201509183611552,-2.2260387805194215e-5,-9.906281167423905e-5,0.0010943741585700396,-0.0011176773185506447,-0.0003879967879663875,0.00015167466364813796,-0.005951774196667553,-0.000135567031126612,-1.2256793884096741e-5,-0.0004934238527760638,1.3919500751641176e-15,-0.00016502166257068506,4.0740813863514496e-15,-1.7421191444488838e-15,-1.657936726607385e-15,-1.7094736921010477e-15,-3.90694422310309e-15,-2.1649009179192894e-15,-3.242706502384638e-15,-2.9479540879055642e-15,-1.7316563707978744e-16,2.4213916793041937e-15,3.0043827546965816e-15,5.134438804921522e-15,-7.897140452473484e-16,-1.1921937189620924e-15,0.0,0.0,0.0,0.0,0.0,0.0,0.0,0.0,0.0,0.0,0.0,0.0
0.0003416345672577645,-0.08590179481066086,-7.973681874868027e-15,-1.936856998863356e-14,-9.81650805437097e-17,0.3461439225887427,-0.06476324436915834,0.009927284420290628,0.40019146406242717,-5.1940961787109944e-11,-0.01691212330682412,-0.005656124424773365,-5.1801011550710335e-15,-0.10420595012121221,0.004004918742056803,-0.01773061743810323,0.18959868612880937,0.022358304011550097,0.0968215212585059,0.0009888755256361856,-0.013714594448187341,0.02595587403536181,-0.014570212150405852,-0.05309518787465095,0.2369372724864304,-0.07921737712823762,-0.0007500918863609569,3.9265160883678575e-15,2.8949636370756052e-15,-4.966566875557975e-16,1.782558041621047e-15,-1.7361330387555081e-15,-4.9958251610040786e-15,-5.500866681445696e-15,-1.736118902431446e-16,6.119043551275461e-16,-1.4248481695471627e-14,-8.012848961824942e-16,-4.000947584707254e-15,0.0019220992839204696,-0.010862215889297092,-0.0033971977176085973,-0.003625481424659419,-9.514266204146472e-6,0.0005255913363372909,-0.0009094749393825468,-0.00011605582101471583,0.00029290341096258553,-0.00538725772259418,3.325210395923765e-5,-2.4932306100270068e-6,-0.0005494487370928698,-1.5090335532270976e-14,-0.00018375873720199697,8.11764275544946e-15,1.548492214374213e-16,-4.269753732969578e-15,1.4259683872038648e-15,-1.5420453635690325e-15,-3.5023634634190436e-15,-3.9768406798478856e-15,-5.436756812255051e-15,-2.5839633792735822e-15,-1.8441712653112694e-15,9.71326271418491e-15,3.7058012158042265e-15,1.402410239689657e-15,-1.3489827103462091e-15,-0.0,-0.0,-0.0,-0.0,-0.0,-0.0,-0.0,-0.0,-0.0,-0.0,-0.0,-0.0
0.0006910616352708031,-0.07223646708030904,-6.194773146287598e-15,-2.661650652602457e-15,3.917257460664548e-15,0.2936968377468479,-0.06386713554397043,0.010900502247940447,0.33075696885712036,-4.9510398384759264e-11,-0.015895192175057214,-0.0053160199382886585,2.196392916511442e-15,-0.09970134372836605,0.006684719684337218,0.10866043651932525,0.09583131577841737,0.17869474936713073,0.01854168425474059,0.00045360720437954115,-0.0234493911212782,0.02205288362090237,-0.0185392679004271,-0.05093629388686093,0.09210712281610733,-0.08333283229282029,-0.00013365893875760267,-1.421690988024449e-15,-3.65333259706161e-15,6.47007367605587e-16,-1.9515842093268838e-16,3.854211375265364e-15,6.239462832298041e-16,-3.0266106798210283e-15,4.0887025118619484e-16,1.3550266049023243e-16,3.63136801982738e-15,-4.870075513969216e-16,-6.297543592554181e-16,-0.01632821523676533,-0.006497100806525269,-0.02050119699639961,-0.0008457037374861063,-0.00012875011446967114,0.0010634212777001217,-0.0012411906590516844,-0.0002983800192097199,8.418942423456998e-5,-0.003601389764246174,-0.00017844786079163378,-8.483055514482082e-6,-0.0004189517174750014,1.5616646482770118e-14,-0.00014011505234239136,-2.3521365152457525e-15,9.001193779428025e-16,-1.801116466424158e-15,9.468507553572799e-16,-3.312713019310198e-15,6.250863763483432e-16,-3.664320061578939e-15,-1.3562770078891709e-15,-1.0529965653949057e-15,2.2421446070238674e-15,-2.4018388808763174e-15,6.93056560269801e-16,-1.1459160290868276e-14,-1.0229615364971583e-15,0.0,0.0,0.0,0.0,0.0,0.0,0.0,0.0,0.0,0.0,0.0,0.0
0.00024888655570011047,-0.08825008999305384,-6.765064253996781e-15,-6.77709080111635e-15,3.8393212077639135e-16,0.35522301758876457,-0.06459260060623924,0.009625464375032505,0.412155966796999,-5.221953303361775e-11,-0.01640722102683718,-0.005487263894005398,1.2823398530627247e-14,-0.10238691054984718,0.003544065496238507,-0.01623252254780588,0.24835770136411733,-0.04184105405019807,0.18150162598084135,0.0011785914313454133,-0.02840008603148446,0.01159350707631295,0.03151792667901001,-0.049461207317909386,0.14530908882991805,-0.07818378770497952,-0.0007325700892582209,5.400807933752449e-16,1.0354467439168408e-15,3.380293734598319e-16,2.6275725257828363e-17,1.0958134112057595e-16,-9.875329757894044e-16,-1.8704876272440554e-15,-7.855763098170894e-16,1.186438079045627e-16,-2.5552141718680187e-15,-1.548054708083862e-16,-2.554170281597138e-15,0.0018593428322821065,-0.013932100684402374,0.0032117803069952114,-0.006767247082541159,1.4669970037381315e-5,0.0014789734895313048,-0.0005172010045469604,-0.0008053957177611313,0.00030609473479289295,-0.0035588916264198867,9.16371078123301e-5,-1.4816735049125683e-6,-0.00045190792701961286,5.642594108013612e-15,-0.00015113699312441372,2.4585851483343944e-15,-4.017047415147076e-16,-1.881819401354907e-15,-6.167060430155497e-16,-4.254679807989765e-15,-1.436566450759798e-15,-4.665514434085079e-15,-2.7550178359296745e-15,-3.931709012857782e-17,3.0210856530931815e-15,1.2749715572226543e-15,2.7216142898069607e-15,-2.6026377833696233e-15,-8.012924043555731e-16,-0.0,-0.0,-0.0,-0.0,-0.0,-0.0,-0.0,-0.0,-0.0,-0.0,-0.0,-0.0
0.0003784204930532657,-0.07792172306323013,-4.057287914849442e-15,-4.167199260916217e-15,1.332994020973378e-15,0.3150296121288236,-0.06336102163906036,0.009923027760331965,0.3603101675054271,-4.9582668236702987e-11,-0.014635214665471748,-0.004894630533928496,1.8414577673093456e-14,-0.09649385212613412,0.006312534753013543,-0.01157368987145002,0.02038480875103179,0.24010889812707467,-0.007669506842851197,0.19097888135230923,-0.019361545993882578,-0.00829423219239931,-0.00715611443578347,-0.051694151910271186,0.10221643030243609,-0.07972987144902194,-8.683258555928888e-6,-4.406318086414186e-16,-2.888330890879831e-16,1.1043284400615334e-16,2.5862356421714503e-18,5.4875387198342665e-16,-1.2357622223297556e-16,-1.8206663053894775e-15,-1.4723350082293057e-15,2.2988338278747603e-16,1.9680053968330986e-16,-7.896745612849958e-17,-1.8458698716156776e-15,0.0007051348908962895,-0.0016783163634109977,-0.02575654400414907,0.0002491902004221394,-0.0021911452424067494,0.0008986040419380162,-0.0002606641975691575,-0.0002496620075556751,0.00025781123375802784,-0.0029757310758983012,2.149080061680846e-5,-5.272223526404761e-6,-0.00035873207962844344,6.040366291104148e-15,-0.00011997507592003221,6.967407596637865e-16,-2.9378734256233616e-16,-1.4583705620590167e-15,-7.304661625644992e-16,-3.5911250741832195e-15,-1.1604581348063911e-15,-3.1735944298460794e-15,-1.7793783232541783e-15,-6.30304695862855e-16,2.940922945137769e-15,3.207817033260713e-16,2.8640890121526367e-15,-3.589796531497766e-15,-5.579786666468498e-16,0.0,0.0,0.0,0.0,0.0,0.0,0.0,0.0,0.0,0.0,0.0,0.0
0.0003092543274029847,-0.09008789567639666,-4.420683689992751e-15,-7.625950841905345e-15,1.1626129905411505e-15,0.36123630718930644,-0.06576747437652841,0.009871560929018712,0.42185332303881784,-5.293408882462446e-11,-0.017323055684593875,-0.005793557473043514,1.5032795443500556e-14,-0.10764620182805992,0.00389359073077266,-0.00970606994736445,0.01035224998990375,0.04154243306382551,0.0018253849790558388,0.004539032329285809,0.00688115490661352,0.14591398084735838,0.01703145156731069,0.033264749579792086,0.2280531731257177,-0.07816529281742755,0.00040983676354327983,-3.6980839427034077e-16,1.245307926146222e-15,5.212158307175644e-16,4.5668258658099255e-17,-5.626611004240271e-16,-7.973634491050538e-16,-2.395063764045961e-15,-3.4626483466131064e-15,1.8873993779880264e-16,-1.5202696605102642e-15,1.2339264079786924e-16,-3.746382566103064e-15,0.0008076787726475251,-0.0007772040484878105,-0.005080073781987153,-7.2742676853591025e-6,-5.870425187207751e-5,-0.0007638868548368832,-0.0033117751755248727,-0.0006013770700491106,-0.0005190109063578666,-0.005068942501197602,5.435414615879766e-5,-5.833755253854018e-6,-0.0004882899941630201,5.6019448765815355e-15,-0.0001633046846003296,2.2606433296287007e-15,-1.1505407262443956e-15,-1.997347184588825e-15,-1.5470476474059875e-15,-3.896014553216629e-15,-2.6392746169311957e-15,-3.560059933028064e-15,-1.8609143969195314e-15,-5.026503481206823e-16,2.234049194984893e-15,2.3734005279171447e-15,4.0252385132690516e-15,-7.320061881261519e-16,-1.013867772501323e-15,-0.0,-0.0,-0.0,-0.0,-0.0,-0.0,-0.0,-0.0,-0.0,-0.0,-0.0,-0.0
0.0002728104233829555,-0.08892309546395813,-3.2045527146873333e-15,-6.201146628353353e-15,-2.311320423541514e-16,0.35700649630869496,-0.06490530409416186,0.009681801623032038,0.416147559980912,-5.233092155909998e-11,-0.016827649068906388,-0.005627872691283253,1.842243441033488e-14,-0.1058895313924528,0.004616224250641499,-0.01733291637315205,0.009974992584245966,0.039685459409558865,-0.002456054172053223,0.0022661465336037702,-0.00951703209924156,0.30001179700940545,-0.00086298417421467,-0.023225618182705212,0.17995072304710025,-0.07229024929438504,2.3267446174868704e-5,-1.0926887403526408e-16,2.00623975402846e-15,-9.642583886675862e-16,3.3510980512593797e-16,-4.7001197999321e-16,-2.776560064794953e-16,-2.170988021009012e-15,-2.788981249595456e-15,7.211371146868935e-16,-1.8096206057354794e-15,4.079075227905542e-16,-2.45390900469771e-15,0.0019025753982977447,-0.0006928262252185569,-0.004873023780431613,0.00015626347414199652,-8.956032107543646e-6,0.00028452547238418,-0.006451883733554027,-0.0002807526043400542,4.201003135153961e-5,-0.004132100248302414,5.022993674355494e-5,-4.207801094715208e-6,-0.0004577166528037406,1.1292762672269766e-15,-0.00015307967502052662,2.1639238779236617e-15,-1.520791645360193e-15,-1.8871373166874948e-15,-2.063496029768938e-15,-4.153396028166954e-15,-2.206515669914676e-15,-2.7217399755726988e-15,-2.346071648748411e-15,-6.869077631630581e-16,3.1829125684995422e-15,3.1095565164171474e-15,4.431312588390987e-15,-9.692725289660564e-16,-1.585927110340782e-15,-0.0,-0.0,-0.0,-0.0,-0.0,-0.0,-0.0,-0.0,-0.0,-0.0,-0.0,-0.0
6.59585118480731e-5,-0.10560578578605884,-3.994586846041669e-15,-7.083431832077998e-15,4.3521006845804294e-16,0.4200608645527213,-0.06826885001914089,0.009312910814950524,0.5007377543755026,-5.6414463569568846e-11,-0.019368549875725102,-0.006477656651205242,1.8158983360117416e-14,-0.1158369254606677,0.0003050308846054279,-0.022046085202341636,0.008041115774297537,-0.12106849169160724,-0.014490822351977612,0.003486727548377939,-0.029547415883448436,0.02295256219289973,0.45040835475668695,-0.013241723726303545,0.2403953058410752,-0.07551124791569674,-0.0007469760411250851,-2.411553333327949e-16,1.933565016914598e-15,-1.7534054931118086e-16,1.9092232766000156e-16,-1.0875275679500223e-15,-8.382522439056541e-16,-2.445968400902427e-15,-3.961359032242873e-15,4.2606598332699116e-16,-2.148435176867309e-15,1.0136236233612556e-16,-3.611280365120554e-15,0.0029808360438949985,7.631919239860457e-5,0.012382730898137713,0.0007514225355271516,6.564599853500895e-5,0.0016164725162018483,-0.000445418010693893,-0.007485976374356864,6.909435906505463e-5,-0.004732168641070074,0.00020615818780043936,7.612420005578422e-7,-0.0005475369400003394,4.266624479515413e-15,-0.00018311935194568514,2.8248051235346064e-15,-1.4652690387384897e-15,-1.9859721047464682e-15,-1.8523625523769333e-15,-4.116360773876698e-15,-3.1558963072299474e-15,-3.863335053344004e-15,-2.2080256296048743e-15,-5.735500616431527e-16,2.2371289621372805e-15,3.185702037436812e-15,3.7952574664335635e-15,-1.851604015362335e-16,-1.0037063253303292e-15,-0.0,-0.0,-0.0,-0.0,-0.0,-0.0,-0.0,-0.0,-0.0,-0.0,-0.0,-0.0
-0.000154609460159811,-0.10837885724906031,-3.0648725102629518e-15,-4.73121906461787e-15,-1.329963892907693e-15,0.43027742869240837,-0.06701394657611208,0.00857606949793804,0.5155921296915551,-5.60152629693479e-11,-0.016634543585728353,-0.005563290106343784,2.4093552216130624e-14,-0.10967242000929603,0.0005869710921689024,-0.021980078405953438,0.007990505628722534,-0.1339598916849177,0.006146075021044111,0.5966606999992671,-0.02965541682318029,-0.03614930721121895,0.06987890289275765,0.00773305802842097,0.07921862493294098,-0.0743035415233165,-0.000657279995050287,1.2024084126124122e-16,1.6442292630272275e-15,-1.6026948882084866e-15,4.474217270461773e-16,-7.657785891938205e-16,-2.0341811585791513e-16,-1.3651900428300683e-15,-1.4407197890554816e-15,7.780547596970069e-16,-2.265051762996715e-15,1.3135452980195396e-16,-1.0250665612118879e-15,0.0030778540020481053,0.00046790493562044326,0.0134862959906684,5.464096929745892e-6,-0.0066073151189686595,0.0016786629687192162,0.0009871816030779662,-0.0011163348540017114,-1.6991843394696757e-5,-0.0012991778653840165,0.00035819637136151594,2.9271583990747393e-6,-0.000390048152101559,-1.4685427938350495e-15,-0.0001304484859812524,2.064785799888911e-15,-8.33898034686027e-16,-1.1136781779538292e-15,-1.7890527025802824e-15,-4.804960386372713e-15,-1.4663792759716133e-15,-4.20646295546521e-15,-2.975281137955282e-15,-5.807536756255761e-16,3.849221803344641e-15,7.753916450055261e-16,4.108766923991778e-15,-3.2402589272313125e-15,-7.150589560834429e-16,-0.0,-0.0,-0.0,-0.0,-0.0,-0.0,-0.0,-0.0,-0.0,-0.0,-0.0,-0.0
0.0002460645762663664,-0.09714866387482153,-3.22085397693408e-15,-3.0521443440499883e-14,8.633860703291452e-15,0.38817716040893135,-0.06710988702697845,0.009739933141630727,0.45768002962355264,-5.458487350441792e-11,-0.019194282780098673,-0.006419374414368619,1.6105959917664265e-15,-0.11401925972296059,0.0018180476886602499,-0.01956515529396706,0.009252760257126066,-0.04722566385572282,-0.009598537924339541,0.004029361648998298,-0.018956808234106285,0.06815949337508356,0.0328111331167799,0.01088213384611943,0.473701080630446,-0.07837926627427427,-0.0008198847962854601,-1.439412958998533e-15,8.413913423578457e-15,4.925847030520635e-15,-5.856524539365868e-16,-7.840482428206933e-15,-4.6962555251785385e-15,-1.3963668857401529e-14,-2.3748201587268222e-14,-2.608519670347625e-16,-6.241703090601781e-15,2.339565882060231e-15,-2.1035963028431906e-14,0.0023881801226789006,-0.0004838269573486662,0.00437639815600607,0.0004895363102424508,-1.0036982439212018e-5,0.0008937725595225246,-0.0016012947435325923,-0.000810777417246538,-0.00026193146282702304,-0.009313294493295448,9.634357249927243e-5,-1.0530674605417246e-6,-0.0007771277864221984,3.090203285074734e-14,-0.0002599041749200753,1.129006050740299e-14,-8.662439463156069e-15,-7.059593596772722e-15,-8.971293976168276e-15,-2.389332841337686e-16,-1.618664742577046e-14,2.108345845511486e-15,1.6322317159149546e-15,-1.7651570696410198e-15,-3.3960921252111228e-15,1.9809931318116376e-14,8.602658462035916e-15,2.346989745269299e-14,-3.1747132568851362e-15,-0.0,-0.0,-0.0,-0.0,-0.0,-0.0,-0.0,-0.0,-0.0,-0.0,-0.0,-0.0
0.00029022404416255263,-0.0859737076709918,-4.496633748918728e-15,-5.89647292523792e-15,1.254925524815698e-15,0.34505038458802567,-0.06474349090849521,0.009722855574633812,0.40134402713068507,-5.136849752312339e-11,-0.015959543577225618,-0.00533754175023748,1.6624519154776005e-14,-0.10206677782851156,0.004874529382026045,-0.01136743868851049,0.012122724635084178,0.14965214316721137,0.007558959840611789,0.0038412579984489505,-0.021882042652696346,0.009629544178690311,-0.013744513525193484,0.02154515911222253,0.17195654819483863,0.06257446773512092,0.0004863204936119044,-4.359749870876605e-16,4.764614139461934e-16,2.1652320428639968e-16,-1.40683825805683e-17,-4.982042196452198e-17,-4.0188216723778805e-16,-2.2450572143041465e-15,-2.6312075598278844e-15,2.467229044212817e-16,-6.658149646164295e-16,-1.9392385172326802e-17,-2.835354560734578e-15,0.0008970737568487323,-0.0009250628518993658,-0.016077595003172917,-0.0002452644204788914,-4.875888560648778e-5,0.001082918616393017,-0.0004908545449349412,-7.617208809789351e-5,-0.00039247776617153763,-0.003993491998487641,-0.0006038078151583385,-5.802184807383896e-6,-0.0004213475826244813,6.900095527676174e-15,-0.00014091633027615605,1.5111820277848974e-15,-8.173118553853892e-16,-1.7797889121677585e-15,-1.361122600934318e-15,-4.0722596570891045e-15,-1.9823101274097607e-15,-3.7128212792566974e-15,-1.898952036107734e-15,-5.850954326932155e-16,2.481089084206743e-15,1.4858645762151872e-15,3.3095388138164554e-15,-2.256206961761721e-15,-8.636134788078862e-16,-0.0,-0.0,-0.0,-0.0,-0.0,-0.0,-0.0,-0.0,-0.0,-0.0,-0.0,-0.0
0.00028199932020489006,-0.08819996666157578,-4.8853972407212e-15,-7.136035900991398e-15,1.5375862741510583e-15,0.3542220797690534,-0.06480772942394343,0.009690521276745388,0.41245867244340634,-5.205137603884341e-11,-0.016799663626416925,-0.005618513183791827,1.513258986162334e-14,-0.10414813753874543,0.0036330141259330664,-0.014742373545729054,0.012701426916869152,0.029464959184137003,0.10164406232958681,0.0028881626483562343,-0.01195789932055082,0.08174492364842502,0.02585733912438366,-0.006924484371871105,0.25768086446574595,-0.07416477516222976,-0.0007259273482050785,-3.52351578838088e-16,1.1489968965810345e-15,7.818549034176096e-16,-1.2282566014892603e-16,-4.731843310207814e-16,-7.492263006440316e-16,-2.5334094254450296e-15,-3.507246037831382e-15,8.764574075444486e-17,-1.0624034973578252e-15,1.2261168918402627e-16,-4.004067851296988e-15,0.0015523081407185426,-0.0009266043012948853,-0.0037979667015346497,-0.0037151404661781235,-2.339973883388036e-5,0.00044520090035219734,-0.0019649142558173438,-0.0007278558939101339,-0.00011799313900275892,-0.0055345490974730484,5.439509152170901e-5,-1.8060969657174173e-6,-0.0004919782320317559,8.544924622385065e-15,-0.00016453818626720407,2.2271388802546304e-15,-1.2313242331939184e-15,-2.063854054339639e-15,-1.6502194495818551e-15,-3.946886728780102e-15,-2.687927146253751e-15,-3.6957952228513266e-15,-1.7872224817145784e-15,-3.555542656706262e-16,2.346087959034963e-15,2.3926657633111074e-15,3.575620099418224e-15,-7.575308977638856e-16,-9.43835852834266e-16,-0.0,-0.0,-0.0,-0.0,-0.0,-0.0,-0.0,-0.0,-0.0,-0.0,-0.0,-0.0
0.05240819556610901,0.2689163295844091,-5.059583368322583e-15,-8.28515958093747e-14,-3.049152738760794e-14,-1.1247883272847228,-0.0830790932149254,0.11569361384736508,-1.2138554947865736,-4.112202134058355e-11,-0.12624715861780553,-0.04222235283299326,4.709897945661641e-14,-0.42627699424006094,-0.014706383218801678,-0.055844251518317234,-0.010257878407939056,-0.2975187886093644,-0.048691026804806296,-0.008840494566803895,-0.0709269509042407,-0.15099117632755638,-0.10396654597082941,-0.18424838876232572,-0.042705987601051716,-0.2849022925866313,-0.002957643162110342,3.0067127491260997e-15,3.9220877736129475e-14,-1.0517324040597685e-14,4.722465798364751e-15,-1.247203111732111e-14,-2.124312032816146e-14,5.192198492841684e-15,-3.3191551712752553e-15,4.524877080419627e-15,-3.75453137217896e-14,-3.364689129115316e-15,-1.2179310627462628e-14,-0.021639575718794293,-0.08698846405667951,-0.055635657271725675,-0.01136325791578394,-0.013101783729610617,-0.00833019165426302,-0.04245868013256857,-0.02910042155671385,-0.02133674082877689,-0.09178846499686445,-0.02785258580203736,-0.0004527404232240829,-0.0016778643959084283,-8.166668038623427e-14,-0.000561148332454091,2.779373677063852e-14,-4.251991009767162e-15,1.5365568579132134e-14,6.140182553964657e-16,-9.21316879395999e-15,1.7440932494547234e-14,1.1294810093877708e-14,-2.092895785197717e-14,5.134928293004924e-15,1.8996091682512252e-14,-1.0046956960326389e-14,2.1167585957318683e-14,-7.53373067992214e-15,-1.128468697381763e-16,-0.0,-0.0,-0.0,-0.0,-0.0,-0.0,-0.0,-0.0,-0.0,-0.0,-0.0,-0.0
0.0524039757872439,0.2688651397949315,-5.525306117259918e-15,-4.40144662864067e-14,-6.626284432086614e-15,-1.124589907438241,-0.08305870691828444,0.11568912247082641,-1.2136222915851347,-4.121423676578564e-11,-0.12625820608469487,-0.042226047569943526,9.963171536572073e-14,-0.4265301371755296,-0.014700362695192579,-0.05583485337209912,-0.010248402802155346,-0.29746690356568123,-0.04867806771763818,-0.00883377686015313,-0.07091570118480248,-0.15096962068076666,-0.10394324463297074,-0.18422900012166218,-0.04268913670655806,-0.28486635126262777,-0.002952814623741787,1.1810158757532396e-14,4.557965231560262e-15,-4.929932603531457e-15,4.9341486506429975e-15,-5.036329577844656e-15,-1.4692744627123218e-14,-8.207426040556852e-15,1.2545815373334189e-14,1.415643466787553e-15,-3.5353097732579984e-14,-3.868808051514314e-15,4.3127014057516754e-16,-0.02163987004653552,-0.08699391106795662,-0.055631710697004115,-0.011362679884224812,-0.013099919361276054,-0.008329069310332383,-0.04245882113353156,-0.02909690635859122,-0.021334130273357777,-0.09178792468645118,-0.02784975072704375,-0.0004527109212217503,-0.0016692999668304444,-6.958430142431442e-14,-0.0005582840275935808,1.855361700795546e-14,7.642867153379232e-15,1.3846792459666266e-15,1.2934721536411773e-14,6.089516530420629e-15,9.114910929955937e-15,8.05812689066561e-15,-1.1282667452585748e-14,-6.459976657838159e-15,-7.483111240109928e-15,-2.2893751960582824e-15,4.942629761675082e-15,8.893847005350853e-16,1.988159130880623e-15,0.0,0.0,0.0,0.0,0.0,0.0,0.0,0.0,0.0,0.0,0.0,0.0
0.05241530344891587,0.268914916096548,3.96714715714058e-16,-2.1257236996870716e-14,1.3206842944426863e-14,-1.1247846543809936,-0.08308557774294838,0.11569497011378366,-1.2138483007691112,-4.112177494168349e-11,-0.12624683544362966,-0.04222224474996136,9.61041306789082e-14,-0.4266574107349501,-0.014701670270146957,-0.05584337152597156,-0.010256534901535058,-0.29752273515675937,-0.04868845161554576,-0.008839805098747558,-0.07092538454822045,-0.15099926467485397,-0.103953247834094,-0.18425929105150557,-0.04270628238690362,-0.2849009003385278,-0.0029514896179422064,-2.6615472066264597e-15,-1.2045211030954604e-14,1.006402567385701e-15,-1.3006555929464717e-15,6.929208168844087e-15,3.359635591280075e-15,-5.977136834341166e-15,4.585463459548675e-15,-5.629247694028081e-16,1.4079101541594301e-14,1.163052621647816e-15,1.1348914890483637e-15,-0.02164779074715458,-0.08699626019001093,-0.05565758044456305,-0.011367257903074014,-0.013105587243967832,-0.00833169169537056,-0.0424718803935548,-0.02910728701383849,-0.02134262907865998,-0.09179292523923245,-0.02785592196332594,-0.00045277072854257167,-0.0016857750718897945,3.341655426323434e-14,-0.0005637939947660066,-8.882721790564532e-15,4.80351245270223e-15,1.0323646315680072e-15,6.04307230529495e-15,1.3008337528436144e-15,9.846558211680446e-15,4.1722385960636294e-15,2.093868399532131e-15,-2.2501683706789314e-16,3.685106164756033e-15,-1.7292014627270645e-14,-1.8559398112155695e-15,-1.7044340572730997e-14,1.4523969541593928e-15,0.0,0.0,0.0,0.0,0.0,0.0,0.0,0.0,0.0,0.0,0.0,0.0
0.05241630225983932,0.2688598814596992,-1.7281327398543786e-14,-3.208488747537596e-14,-2.7533420970879455e-15,-1.1245719319713423,-0.08306038702810238,0.11567988417909147,-1.2135999659627918,-4.116736948601625e-11,-0.1262577976373442,-0.04222591096798777,4.7101591110580395e-14,-0.4266225977057072,-0.014700219943703685,-0.0558345385537687,-0.010250739298692108,-0.29745831831579567,-0.04867735092387753,-0.008838238281143612,-0.07091477566416847,-0.15097152416751175,-0.10393742294752206,-0.18423123290411614,-0.042687544006582416,-0.28485219973947323,-0.0029531695730231388,4.723694816662667e-15,9.245331170321129e-16,6.632503654252797e-16,-4.418341092480428e-15,9.85010039672841e-15,3.739136874448605e-15,-9.053267458439743e-16,2.5008564825522492e-14,-1.4655861261316104e-15,7.44734585079835e-15,4.258074084934673e-15,4.477833622187178e-15,-0.021649304711073125,-0.08699439343287708,-0.05566783624353835,-0.011368375971092777,-0.013107239099313328,-0.008332918408910133,-0.04247134653429335,-0.02910677820431333,-0.02134452419245014,-0.09179391734366901,-0.02785730139096376,-0.0004527910910192113,-0.001657794397963264,6.925674844031048e-14,-0.0005544360820927841,-2.363974714246574e-15,6.783132800438097e-15,5.7924654993448984e-15,9.769925113366435e-15,4.712992040352155e-16,2.1504233261878872e-14,-2.6530067096959118e-15,-8.99102923642349e-16,1.2403302416652383e-14,2.340783439447797e-14,-4.143008175219713e-14,-8.445195252224962e-15,-2.348321901311646e-14,1.1595247966193016e-15,0.0,0.0,0.0,0.0,0.0,0.0,0.0,0.0,0.0,0.0,0.0,0.0
0.052419451266974754,0.2689292181059949,2.569425198564069e-14,-4.2961742472850815e-14,-1.1065762288357486e-14,-1.12483373619652,-0.08308065692276521,0.11568672956601574,-1.2139133384004497,-4.1161528586556196e-11,-0.12624177515275936,-0.04222055237615617,1.6118199325736746e-13,-0.4267125417355671,-0.014703371217219633,-0.05584708017386643,-0.010269598499036135,-0.297512717536212,-0.04869127104295667,-0.008846992392981238,-0.07093082212890099,-0.15101287680706466,-0.10397729548157113,-0.1842696593245344,-0.04270907298654745,-0.28484595748733343,-0.0029862318195971503,4.056782677940021e-15,1.253501069754307e-14,-2.10306861826169e-14,6.366688035585205e-15,-8.197278937236704e-15,6.687340316487901e-15,-5.5179615816668835e-15,6.363469964423418e-15,8.30224325949664e-15,4.52402097862706e-15,1.0224418051214112e-14,1.503078528507022e-14,-0.021650126618056664,-0.08699364992988234,-0.05567616213583972,-0.011369408358377249,-0.013108625400797635,-0.008332690045058067,-0.042474721566963254,-0.029110075051536163,-0.0213462449295059,-0.09178671721438583,-0.027857859749110966,-0.00045267034896039234,-0.0016903204205156702,-6.685046984831956e-14,-0.0005653141502749501,9.589586093756394e-16,-5.0970869888349565e-15,5.0270441212559705e-15,-8.118837329832402e-15,-4.0889259151158954e-15,8.962869491951845e-15,7.514507300737682e-15,-9.907503347912573e-15,2.8455603790749292e-15,1.658746031356023e-14,-1.7831493400597948e-14,9.451033441792275e-15,-8.55394841531797e-15,-7.306460306401806e-15,0.0,0.0,0.0,0.0,0.0,0.0,0.0,0.0,0.0,0.0,0.0,0.0
0.05242152945574693,0.2689149883371551,4.9290804880073854e-15,-4.005798048890407e-14,-1.0220902603788496e-14,-1.124784108212546,-0.08307947382644418,0.1156872534835243,-1.2138487433574203,-4.1186243442424715e-11,-0.1262489422634517,-0.042222949359005175,1.1399926668361519e-13,-0.4265097379674442,-0.014703699153877077,-0.05584413128505362,-0.01025727523259358,-0.2975178346335188,-0.04868922858803108,-0.008840277020147691,-0.07092650854151447,-0.15099723967256193,-0.10395923316546864,-0.18425769960370617,-0.042705250755987884,-0.28490087888950966,-0.002950266860939551,1.0138728697536552e-15,7.518869197326081e-15,9.03519089680586e-16,4.892008345441871e-15,-4.029091795104397e-15,-5.608593288586263e-15,1.3177538441545332e-16,8.454527425803238e-15,9.687538058859755e-16,-2.3011470175651175e-14,5.594710516664762e-15,-2.016980295446647e-15,-0.02165128318912742,-0.08699858803901973,-0.05567654307044145,-0.011369918894397545,-0.013109342939920603,-0.008334254257914538,-0.042475717338517203,-0.02911098097534518,-0.021347591505144935,-0.09179794750671305,-0.027859598346093774,-0.00045291666996761593,-0.0016748278858205927,-1.0121525135928213e-13,-0.000560132795928403,7.396704789176485e-15,4.658878161191319e-15,3.2781568226502127e-15,6.694569265196725e-15,2.2916977958193422e-15,-2.1393294736911668e-16,-4.0728854173793006e-15,-6.097624721189055e-15,1.5254274102075362e-15,-4.151717587740939e-15,-5.015625801277063e-15,1.2487588721421725e-14,1.4814830271368874e-14,-1.9447964532996393e-15,0.0,0.0,0.0,0.0,0.0,0.0,0.0,0.0,0.0,0.0,0.0,0.0
0.052416263818286304,0.26890714081188544,1.3330916864655566e-14,-4.151050875469727e-14,-6.513138957933146e-15,-1.1247511886542472,-0.08306662724230549,0.11568729726093344,-1.2138143643625814,-4.1121679475527086e-11,-0.126248644670543,-0.0422228498314522,1.5185786983408946e-13,-0.42656998982189187,-0.014702594254914627,-0.05584516308845912,-0.010265832828543955,-0.2974891125441729,-0.04869126514151872,-0.008849322177193739,-0.07092811307030701,-0.1509933408339594,-0.10396775729079667,-0.18424996048403527,-0.04270123831676788,-0.28485943818607423,-0.0029671237285485174,3.076748117448494e-15,1.0872651270974986e-14,-1.2879130934842994e-14,3.609059764579555e-15,-3.0547332345590588e-15,1.9414253658376615e-15,-1.1098196506744497e-15,6.487018838114823e-15,4.944185140165271e-15,2.3264407645698103e-15,5.0829410877139074e-15,6.72545189747572e-15,-0.021647746709564784,-0.08699462941998115,-0.055666213822888104,-0.011367834567848146,-0.013106193442232097,-0.008331993740254501,-0.04247164063339585,-0.029107866746124807,-0.021343350087272304,-0.0917894992325325,-0.02785647842383242,-0.000452715281372359,-0.0016926546587810855,-4.5626759602783884e-14,-0.0005660948176044809,2.3213045056345393e-15,-3.154053608004459e-15,4.224900341825797e-15,-1.7223198098715324e-15,-4.182768557170488e-15,1.1783787001829931e-14,9.208914511573206e-15,-6.84543007534662e-15,1.3103470517208965e-15,1.626116587815288e-14,-1.4018094045674134e-14,9.545193821713408e-15,-9.495413580470014e-15,-6.489862157404141e-15,0.0,0.0,0.0,0.0,0.0,0.0,0.0,0.0,0.0,0.0,0.0,0.0
0.05241574330553717,0.26907528955504334,2.232919151171453e-14,-4.113168307348234e-14,-3.5355375984344293e-15,-1.125423075365125,-0.08310706899821359,0.11569944308405787,-1.2145987865144745,-4.10634528655183e-11,-0.12621615659498417,-0.04221198445433643,1.49053842090644e-13,-0.4264033310082546,-0.0147113153534231,-0.055871288332200605,-0.01028289062066896,-0.29768800080699986,-0.04871986170222084,-0.008846280258881276,-0.07096064039160947,-0.15109067918552363,-0.10402902396293626,-0.1843505472132621,-0.04275931360837596,-0.28498449334312365,-0.0029799033033098155,1.6903023318508839e-15,7.177777766055279e-15,-1.546434319695811e-14,4.158643163008455e-15,-3.1824078494911113e-15,2.3431098907435542e-15,-4.689701404329714e-15,5.745900306347398e-15,5.565828688224291e-15,4.348314790951447e-15,5.389027340158535e-15,8.838505997834313e-15,-0.021642762498246326,-0.08699302152748177,-0.05564402663443304,-0.011366715054598043,-0.013106373238148268,-0.00832916065228433,-0.04246846696780102,-0.02910545250904879,-0.021342056149788867,-0.09178584085681535,-0.027855073751537937,-0.0004526444525104684,-0.0016726951655436047,-4.3921922179000105e-14,-0.0005594195246698705,1.7233658900929331e-15,-2.9565380898410884e-15,5.015814594503722e-15,-3.631131647844003e-15,-3.146338805154868e-15,8.538607232627497e-15,7.388659567391564e-15,-6.862680513463457e-15,-1.5816171725663062e-16,1.4066881770061454e-14,-1.474895864820229e-14,4.908190322187406e-15,-1.1261371394816363e-14,-1.2768103210467167e-15,0.0,0.0,0.0,0.0,0.0,0.0,0.0,0.0,0.0,0.0,0.0,0.0
0.05242013441205386,0.2690058521724275,1.9905822410195253e-14,-5.0877249073702425e-14,-1.2600884853558955e-14,-1.125151293785362,-0.08311008299334882,0.11568437914527703,-1.2142855800482986,-4.1106191013517164e-11,-0.12622739899816976,-0.042215744386177236,1.5095387386682104e-13,-0.42674606506505125,-0.014707810161830164,-0.055860084657381744,-0.010280550222609226,-0.29760216258110817,-0.0487070846637354,-0.008858279014459229,-0.07094656340618517,-0.1510676124068011,-0.10399174093451344,-0.18432758888807543,-0.04273583332207207,-0.28487736651046663,-0.003000994568775227,6.988386342490343e-15,1.1199097347140929e-14,-2.6606274392688706e-14,7.000420629743266e-15,-1.1778163976923337e-14,4.790876350293381e-15,-1.3294949034636754e-14,9.071144692700582e-15,9.526334547754957e-15,-7.251325474940554e-15,1.0720487133462294e-14,2.028062576598778e-14,-0.02164677337442722,-0.0869899283001158,-0.055665248595128745,-0.011368707917017757,-0.013108897424754226,-0.008331204237820963,-0.0424724097882722,-0.029108706004002106,-0.02134566526121046,-0.09177794807696218,-0.027856666483367827,-0.0004526001477640497,-0.0016432911911711716,-7.628953560901315e-14,-0.0005495856005288249,2.7161697188759306e-15,-5.104414273996516e-15,4.021844771963384e-15,-9.426455656652639e-15,7.457718567383906e-16,7.695543614291707e-15,8.62835517153608e-15,-9.37734619011523e-15,1.2584070185898898e-15,7.891800313497572e-15,-1.5823418228839728e-14,7.860727481594718e-15,-1.3723129224543989e-14,-8.782270273480623e-16,0.0,0.0,0.0,0.0,0.0,0.0,0.0,0.0,0.0,0.0,0.0,0.0
0.05236717600377852,0.26829224525116807,2.4495012157748255e-14,-2.6217927364987023e-13,7.933349846890709e-14,-1.1222289470651718,-0.08368110643054547,0.11556042266917399,-1.2103790249039499,-3.999879121808137e-11,-0.12616787654850414,-0.04219583757880785,1.0999089481996571e-14,-0.4276254311328597,-0.014631545072084829,-0.05577614234282717,-0.010323500804395215,-0.2969393123204128,-0.04852046141013289,-0.008757967595344104,-0.0708106463717051,-0.1499649141869675,-0.1044972087409959,-0.18322894346236965,-0.04247584462845295,-0.2842972716625052,-0.003419016358341337,-9.57092074261954e-15,7.771903197529738e-14,4.518698097212283e-14,-6.101574971244393e-15,-7.435060358083729e-14,-3.970576217182884e-14,-1.173698689787831e-13,-2.000121047648333e-13,-4.586526306346436e-15,-4.630792950765436e-14,2.4789452731784328e-14,-1.795215751225605e-13,-0.02164980871179479,-0.08707680452755286,-0.05564047787808002,-0.011357716743083918,-0.01307836645481353,-0.00831596105095093,-0.042477345347198686,-0.029064408185774184,-0.021321462939905462,-0.09198987061001192,-0.027811369261978313,-0.0004507707369954021,-0.0030632406762021594,2.512094178745608e-13,-0.0010244763531351922,9.346209428353061e-14,-7.22335769714847e-14,-4.634228365577748e-14,-6.783267097515379e-14,3.690290314800564e-14,-1.2449267487508574e-13,6.544139061842815e-14,3.472649842967705e-14,-9.320948592520164e-15,-4.687624564492429e-14,1.5732022985111257e-13,5.435052566991469e-14,2.2639449171502594e-13,-2.2307499616118057e-14,-0.0,-0.0,-0.0,-0.0,-0.0,-0.0,-0.0,-0.0,-0.0,-0.0,-0.0,-0.0
0.05242339692798652,0.26977020411535724,3.6901709126095895e-14,-6.424002357183403e-14,-2.9240940439349276e-14,-1.1280120189184044,-0.08320995842342065,0.11570958036496336,-1.2184105884014254,-4.115895847433019e-11,-0.12601929185794133,-0.04214614461699559,2.0579109077811214e-13,-0.4274430821036373,-0.01477064862129125,-0.055945682645441516,-0.010388768569406417,-0.29827019474139305,-0.048817311560779224,-0.008848869598260263,-0.07104005882779356,-0.15150625955248448,-0.10425939372602598,-0.18477490778594405,-0.04307855529005785,-0.2854604789684423,-0.0030686269979744493,8.049161805352491e-15,2.7561886109070218e-14,-4.551037439343778e-14,1.4451937516694836e-14,-2.0124787373089206e-14,1.859550791360702e-14,-1.610930693523051e-14,6.410263932539791e-15,1.7734641599545693e-14,-1.9390543646196036e-15,1.5146100295072155e-14,3.359180923633109e-14,-0.021626128031824097,-0.0869851792841238,-0.055569387022971616,-0.01136717148107404,-0.013113728173504546,-0.008319509239212024,-0.04246526401794264,-0.02910531323028558,-0.02134354550815644,-0.0917559920027377,-0.02785113255246593,-0.00045236686019733973,-0.0017128126031657205,-1.452732136325419e-13,-0.0005728364809198074,2.606640013810821e-15,-1.3605095382344415e-14,1.0853861292779038e-14,-2.6009882975387256e-14,-3.2172332018988058e-15,7.84455815792948e-15,8.860467390788948e-15,-1.667139033460916e-14,1.2628219007894225e-16,2.4667385523400285e-14,-1.7458491988586065e-14,1.17399637544719e-14,-8.814106697450717e-15,-9.38937488401738e-15,-0.0,-0.0,-0.0,-0.0,-0.0,-0.0,-0.0,-0.0,-0.0,-0.0,-0.0,-0.0
0.05242728914494958,0.2706053639712465,2.4941093723813437e-14,-8.071020220416473e-14,-5.600382855525956e-14,-1.131166702343378,-0.08211988821714504,0.11553440437416795,-1.2228596834442647,-4.116688137718864e-11,-0.12557420642645917,-0.041997289352932614,2.260783634063874e-13,-0.4222702876102579,-0.014746317953037014,-0.05636891630418926,-0.01177545772939195,-0.2969056397438299,-0.049610171794617776,-0.01057714971943698,-0.07157522424193045,-0.15181901092191602,-0.10515602139209142,-0.1851147805379995,-0.0432797703248446,-0.2836248224807715,-0.003045327774440457,1.3971066725062302e-14,3.995065238516087e-14,-7.797806964707674e-14,1.7464705569905254e-14,-2.7124504936702863e-14,1.2868451368087084e-14,-3.2577593008897117e-14,1.630627120137733e-14,2.7004898480229868e-14,-1.633589333148357e-14,2.3442988725947242e-14,4.7405240134447863e-14,-0.021530192421596227,-0.0868829402890062,-0.05586141861209544,-0.011330826933529272,-0.013090203393392391,-0.008263573360497984,-0.042468160252510254,-0.029086312513946874,-0.02134573630460219,-0.09174245204839666,-0.027865420854469847,-0.00045241502607845115,-0.0015290477438005116,-2.3355901211673613e-13,-0.0005113777929397242,7.981454862114588e-15,-2.5475708343457418e-14,1.2652257738866299e-14,-3.907946703739654e-14,-4.512657666789629e-15,7.18804798044637e-15,2.0760888842230532e-14,-1.8249568445545645e-14,-7.337272611412768e-15,3.028145291466889e-14,-2.3094262417807726e-14,2.0211612701084507e-14,-3.5250223073662437e-15,-6.688402669077474e-16,-0.0,-0.0,-0.0,-0.0,-0.0,-0.0,-0.0,-0.0,-0.0,-0.0,-0.0,-0.0
0.009731903183824804,0.023425877444931735,1.04396582572714e-15,-1.113528143358873e-13,-4.9283520010469235e-14,-0.10007478236070068,-0.06685747481505078,0.029341867161226998,-0.10533855555677786,-3.110883691751746e-11,-0.029033821657749932,-0.009710129523299575,-1.5939901335421738e-13,-0.13048960976163493,0.01048180916936398,0.03328679264174005,0.0040668487040696165,0.03887598081589072,-0.01511339958571858,-0.0027030135332025713,-0.03416352154063595,-0.027644717714732335,-0.034055025672648113,-0.08523050971994084,0.1437372373018847,-0.12680416132195882,0.00010565205269013422,4.377429670687611e-15,6.274378468617269e-14,-1.5010437944243485e-14,9.474899047188195e-15,-1.6426743757134903e-14,-2.850310086933799e-14,7.504260920231738e-15,-1.0740943381369187e-14,7.967979953342354e-15,-6.262939439352862e-14,-5.183778664937605e-15,-1.9364154638789195e-14,-0.3301881187998887,-0.016552444114050983,-0.020308867845394755,-0.0018656385271748116,-0.0023931597744644238,-0.0003090511087026464,-0.007972373656868429,-0.005243742331260629,-0.003511314586264882,-0.020074812780918553,-0.004899255206711411,-8.747544735745426e-5,-0.0007365119317866351,-1.3543106769171545e-13,-0.0002463205271215779,4.194039975920446e-14,-1.0667042715257773e-14,9.786349868890998e-15,-3.862150025503327e-15,-1.0889094448781185e-14,1.0162588187767726e-14,-1.491753587812957e-15,-2.7648606635019996e-14,8.456642869408138e-15,1.4489976000299532e-14,7.623180382014839e-15,3.39076195613631e-14,-6.690680589456304e-16,-5.334967541179667e-15,-0.0,-0.0,-0.0,-0.0,-0.0,-0.0,-0.0,-0.0,-0.0,-0.0,-0.0,-0.0
0.008495502766135848,0.0031959270770071458,-1.8242987179158012e-14,-6.70431105343412e-14,-8.565564456540031e-15,-0.01896996296899091,-0.06622840046850821,0.026574308311923554,-0.008998590215036186,-3.448231933543566e-11,-0.028186922195520027,-0.009426890769239802,-4.985159940846725e-14,-0.12942574280504757,0.012099449084083226,-0.02518850635540099,0.13063154113571343,-0.055932364722719834,0.056891040210615126,-0.0018674118485937923,-0.025500235028674833,-0.017789656323959947,-0.034173037446284915,-0.08001301130825321,0.15460642347123554,-0.11815601255128234,-0.0011981395990313503,2.2741031729554424e-14,9.269840354347086e-15,-6.824715917811111e-15,1.0050590227859254e-14,-6.684747254483177e-15,-2.3538391504687468e-14,-1.6660635737334582e-14,1.811111092051633e-14,2.910141633890591e-15,-6.991287852315615e-14,-5.550783991743177e-15,-1.2992078668655646e-15,-0.0013911270305462028,-0.34520946403322444,-0.008496100969818872,-0.004232728360975754,-0.0020666836386682916,-0.000586800778084045,-0.00706235317955512,-0.004506925735322988,-0.0030039644247295315,-0.018078207930896706,-0.004243098939400953,-7.206905208004872e-5,-0.0007380152439378487,-1.2339060322663508e-13,-0.0002468232978020188,3.28067453551091e-14,7.965555537216375e-15,-1.0928328072995379e-14,1.6545753245926302e-14,9.194725557014612e-15,-2.5626817465983802e-15,-2.4916948318815378e-15,-2.099670343671399e-14,-1.2528286928388542e-14,-1.920770591072541e-14,3.4283256495157496e-14,3.9320394471972024e-15,9.698953858474281e-15,-1.176579191957143e-15,-0.0,-0.0,-0.0,-0.0,-0.0,-0.0,-0.0,-0.0,-0.0,-0.0,-0.0,-0.0
0.006349102017232992,0.05026721472005283,-6.3487876161878975e-15,5.7309435380045205e-15,1.6959861200503487e-14,-0.20476577656101472,-0.06256214022607244,0.02229590299263526,-0.23357846535549695,-6.651739757491348e-12,-0.012889527342541895,-0.00431079936584852,2.5039155954799728e-14,-0.06557623535224702,0.027867826542381978,0.04234088683116253,0.04319459313720566,-0.003598151292296306,-0.00729635398099036,-0.004103889879932125,-0.03299717712423084,-0.03850952882675154,-0.04184010996231364,-0.08362825388287433,0.025307327210800947,-0.1224160784588054,-0.0009030480792885676,-4.1834003723807e-15,-1.6653969170743114e-14,2.8091212958575624e-15,-1.7196594626771162e-15,1.207022136133395e-14,5.644265710294261e-15,-9.151815521416072e-15,4.264536609895758e-15,-5.225952001800622e-16,1.9979026135460543e-14,5.036207639827702e-16,2.1518750870995066e-15,-0.009571758397392946,-0.013183142075475834,-0.30829027848623514,-0.0013871446248424873,-0.0015638779227911959,0.0005619833014100007,-0.004794895318762779,-0.0030638509955578917,-0.0020089491409967086,-0.011766322889770949,-0.002959207060760097,-5.341810002417333e-5,-0.00022147601947135554,5.372433525793099e-14,-7.407088399768668e-5,-1.3248960424085419e-14,3.59314489402324e-15,-2.518553139474645e-15,3.802716878775039e-15,4.159013692679989e-16,4.219909858554993e-15,8.87060898421133e-16,4.0289633021691996e-15,-2.7785868872053185e-15,1.9697216299563745e-15,-1.1136801171624598e-14,-6.829616815183259e-15,-2.0551523903777576e-14,9.889128856438378e-17,-0.0,-0.0,-0.0,-0.0,-0.0,-0.0,-0.0,-0.0,-0.0,-0.0,-0.0,-0.0
0.007327951212940354,0.05675509197081594,-6.555318554146799e-14,-5.35869077683859e-15,-8.526715446368104e-15,-0.23346784631859552,-0.06071316113615648,0.023715163350937284,-0.259306059026101,4.323246897970663e-12,-0.014576806914851902,-0.004875096528714927,-4.3631951241413025e-15,-0.04074262323211302,0.01196067838917827,-0.025426065555040043,0.10571419580468416,-0.12928640153556073,0.06502719255586091,-0.0036971136396345573,-0.035296480898824596,-0.049711593011889856,-0.02013630196440756,-0.08430679964907871,0.04078917181868262,-0.12197362420116437,-0.0012535541758672017,7.867718570023896e-15,2.543369751739612e-15,1.7698990000390167e-15,-7.948689419983623e-15,1.8977613939115326e-14,9.962512079355265e-15,-1.9233638559128517e-16,3.998322888693135e-14,-2.310475771051282e-15,1.0507322856014476e-14,6.6033927797762945e-15,8.698195313919866e-15,-0.00035594799900811724,-0.018147457233250137,0.0012016299914303196,-0.2954376771094724,-0.001803964849525704,0.0004903395313084649,-0.0053385927567932735,-0.003950477947620174,-0.002407614710318159,-0.013601501356514145,-0.0034670218128010416,-6.014848991523422e-5,-0.00025878566605515784,1.3542472317609042e-13,-8.6548796997818e-5,-4.854362791163385e-15,4.618988338274837e-15,3.0456953185945637e-15,4.0962601462407386e-15,-1.5686023904986683e-14,2.042765635161266e-14,-1.9794123003378438e-14,-4.746815054557017e-15,2.6797653610746223e-14,4.9737652589368545e-14,-5.262275938018322e-14,-2.4501367826076248e-14,-2.560640965925301e-14,-2.0253628824293194e-15,0.0,0.0,0.0,0.0,0.0,0.0,0.0,0.0,0.0,0.0,0.0,0.0
0.01525459850936668,0.06415569987024633,7.140064159888082e-14,-1.945001054596756e-14,-4.41308798487867e-14,-0.269123175999489,-0.0697568787758221,0.04053997487450956,-0.28971755788641157,-2.651969260476064e-11,-0.03904805542866748,-0.013059309942468122,2.296053814364865e-13,-0.15377935408635898,0.00031803214123704267,-0.028380230683325555,0.004153921401549576,0.017998238500459143,-0.02508235789421915,0.10500238476259302,-0.038335838512506604,-0.06605965704932396,-0.04503949314988606,-0.10160495790125339,0.0360238112406715,-0.15111906390066285,-0.0011043640616808506,6.698892546393684e-15,3.117144092791499e-14,-5.297520075779412e-14,1.2696088599507883e-14,-1.738929826817049e-14,1.218748608664737e-14,-1.2769484981635539e-14,3.0611233476040016e-15,1.9014463873100228e-14,-1.751485508936916e-14,1.5998381257096616e-14,3.103954238094828e-14,-0.00484037376737439,-0.025748921621442374,-0.02709730628272113,-0.0029123035977252545,-0.3200107158181556,-0.0013523666089644817,-0.01194977657778784,-0.008268040456226717,-0.0057748411526948136,-0.02767148881557578,-0.007812203912949971,-0.0001314195023581594,-0.0006113758339986386,-1.6777921283251486e-13,-0.00020446975960002392,8.639493927198707e-15,-4.754833434538043e-15,1.9985253196812514e-14,-1.1872390536754272e-14,2.5510843160073957e-14,7.31113903396697e-15,6.861681449034375e-14,-2.2200962684608213e-15,-2.4742225861827014e-15,7.036065438837773e-14,-2.506413266595843e-14,2.0383775902667084e-14,1.7139805132275957e-14,-1.2021401654374463e-15,-0.0,-0.0,-0.0,-0.0,-0.0,-0.0,-0.0,-0.0,-0.0,-0.0,-0.0,-0.0
0.01880706349796996,0.07461807148819401,-7.068482734229209e-15,-1.1733045212674896e-13,-2.7016809094112168e-14,-0.3157693215146565,-0.0738966452172364,0.04800318174764561,-0.3329340297193522,-3.364674239196963e-11,-0.04948135043257444,-0.01654864204062839,-5.451984793696678e-14,-0.19786215875656812,-0.0007623677902148423,-0.02968530167030249,-0.001309518561917068,-0.11503643530714373,-0.02168859055888019,-0.0018646153350054047,-0.027126861802824424,0.00912230418210802,-0.03695975264714043,-0.06409437949315258,0.09810244507958207,-0.1646284511020057,-0.0010759591680702257,1.473135477922536e-15,1.4459344629174958e-14,-1.0057287586853776e-15,9.238280376285788e-15,-5.795819770482273e-15,-4.610164516388223e-15,-1.4915018430482628e-15,9.061827461489065e-15,1.6810442172741774e-15,-5.5190024622956166e-14,1.3527627012233145e-14,-1.3604544259810793e-15,-0.006469895230895452,-0.031244148238363287,-0.019162265058136563,-0.003881651126448642,-0.00469927920259501,-0.3237452467873957,-0.016544095011722423,-0.010483419608018503,-0.007693028244782479,-0.03505988481642582,-0.00972678206091346,-0.00016292135029932357,-0.0009122413146647617,-1.8232162141172438e-13,-0.00030509181421178345,1.2233088379120691e-14,1.049524902314789e-14,2.5817875647690035e-15,1.6392619553240795e-14,1.482463752664463e-14,-5.672090190377587e-15,1.0833717387933962e-14,9.395200045550822e-15,1.146617881503252e-14,8.533372098750059e-15,-3.2636723312574746e-14,3.347655967879225e-14,5.5996195034375004e-14,-9.490676215704323e-15,-0.0,-0.0,-0.0,-0.0,-0.0,-0.0,-0.0,-0.0,-0.0,-0.0,-0.0,-0.0
0.01491865431021494,0.06532409630671318,2.4570018067104118e-14,-1.5637073551636478e-14,-2.5200732718664944e-14,-0.2748633027380559,-0.06768464235233802,0.03949846453517633,-0.29283038686630236,-2.846248021494248e-11,-0.03814281465308015,-0.012756559402663228,1.2336846684995983e-13,-0.167756429361006,0.03049364960526416,-0.03079160210573612,-0.002474796569097903,-0.10290358063651302,-0.022163507216739098,-0.0035930163180745685,-0.0322939279165986,0.09177422999803812,-0.041813003224222225,-0.08490638087012062,0.06871347707890857,-0.14405900897428311,-0.0011171245352310194,5.171095123800904e-15,2.3034554001331456e-14,-2.8745609906663573e-14,7.042240976475984e-15,-3.1498144646437447e-15,7.175663143257198e-15,-1.990365292019051e-15,5.857154640567478e-15,1.1317407778985407e-14,-9.908683700917525e-15,8.856475502551181e-15,1.566085528226476e-14,-0.004077881921441134,-0.024722369253076654,-0.01399624355337955,-0.00290313257529743,-0.003698059906175046,-0.001636880804339429,-0.3246998321959226,-0.008102611671208394,-0.0057703713208361014,-0.02760811713050075,-0.0076412536108151595,-0.0001281383642640778,-0.0006731567588723611,-9.670851119642338e-14,-0.00022513189600502852,5.276948793138095e-15,-1.0605787926736712e-14,1.433252553104499e-15,-1.2620753701494075e-14,-7.244017858965975e-15,5.934545764655811e-15,1.78452881606809e-14,-1.0089261095400709e-14,-2.0218095848179176e-15,2.4403074179358385e-14,9.971528737648522e-15,1.8129341388796483e-14,5.726369366049586e-15,-1.3758738046886717e-14,-0.0,-0.0,-0.0,-0.0,-0.0,-0.0,-0.0,-0.0,-0.0,-0.0,-0.0,-0.0
0.018218684902110628,0.05815960330773812,2.6963483486940026e-14,-2.0811245517390677e-14,-2.6709638546301755e-14,-0.25117246847217833,-0.07179344389497713,0.04625640091485965,-0.2530643696166539,-3.3013293688277315e-11,-0.05046855888523669,-0.016878806014770348,2.0342664052310093e-13,-0.18234824964052154,-0.005804958538185221,-0.03463224157410309,-0.0018703830986903445,-0.19130169772394154,-0.028716555456021538,-0.0022569849560812342,-0.044603586386833975,-0.05207524498060622,0.19587100825834147,-0.08347631480478954,0.1057051674269766,-0.15496672796630834,-0.001606174333736886,3.2712981811649303e-15,1.7071632112394008e-14,-3.7214948174561444e-14,9.099434615536632e-15,-5.4913988621987804e-15,6.932628751610197e-15,-1.079543814011986e-14,4.90711107670019e-15,1.3437013972466208e-14,-1.2878570885076342e-14,7.640351900269886e-15,2.416718377332148e-14,-0.005317339438784001,-0.030055431876286242,-0.010199906516645964,-0.003417665006684038,-0.0045145306014718,-0.0017005913733147036,-0.014712033647376046,-0.3378670379255465,-0.00723244757917358,-0.0341142167263342,-0.009439332244355473,-0.00015562355377962965,-0.0009492410955707661,-8.79876694526872e-14,-0.0003174660950555009,5.3545078132008425e-15,-4.62062884632684e-15,7.002494183662179e-15,-2.5775943815320303e-15,3.352568753585856e-15,8.114429617443999e-16,1.25649225110165e-14,-6.183082997569875e-15,3.048488669179551e-16,1.7263716549793112e-14,-1.1804631451749657e-14,-9.279184812822937e-15,1.2064719270864013e-14,-1.8735413155828134e-15,-0.0,-0.0,-0.0,-0.0,-0.0,-0.0,-0.0,-0.0,-0.0,-0.0,-0.0,-0.0
0.006590155751210819,-0.06010982638944671,4.5846421348274626e-14,-4.7848268466965836e-14,-6.040101122595902e-14,0.2313959699610288,-0.06743815364939716,0.0220572135698913,0.294127195277294,-5.444745728710026e-11,-0.030725711997304714,-0.010275968720378573,3.913948526514956e-13,-0.1411083477846632,-0.0008810974524776035,-0.025494018540592463,0.005937382538672504,-0.15047281091753714,-0.0004931554993992012,0.5084500433249167,-0.03390426105575796,-0.049069431072423925,0.04712221148116648,-0.015828603431082697,0.06278880707633851,-0.09859000831461603,-0.0009190213243181965,1.3679034580785265e-14,3.627459295762568e-14,-7.272016239871514e-14,1.6181099009590467e-14,-2.785379119931597e-14,1.1769103206753557e-14,-2.928039394480636e-14,8.016750775311921e-15,2.519335949677465e-14,-5.435680348554508e-14,1.8803194863990903e-14,4.389639753153032e-14,-0.00022032060360332493,-0.010759553087182133,0.0041355174482878045,-0.001471244797376749,-0.0073263888716456095,0.00032807919290320085,-0.004624485489134323,-0.004702579458321546,-0.3474241385075025,-0.012864120075685865,-0.003270097929156866,-5.557512790385287e-5,-0.0006390325965122132,-1.8196506500524238e-13,-0.00021371934273200596,2.0704024614018545e-14,-1.8027972979882522e-14,9.941685471987711e-15,-4.226776335863645e-14,-2.663660046323452e-14,1.2110902185577492e-15,-7.752339944703785e-15,-2.7842389632423285e-14,-8.39616076595219e-15,2.8099337337582578e-14,-1.7097283785333556e-14,2.8261591005140585e-14,-1.2216472784337742e-15,-4.779939346653586e-15,0.0,0.0,0.0,0.0,0.0,0.0,0.0,0.0,0.0,0.0,0.0,0.0
0.027370051741372584,0.1136710149436635,3.70027993310577e-14,-5.001905317705573e-13,1.596090940122135e-13,-0.4805138633095255,-0.07573661162426497,0.06474808063359691,-0.5061910093419301,-3.405840645537728e-11,-0.0711189923522917,-0.023785178384266865,-1.6299008038239363e-13,-0.2571889649819879,-0.005283657216708867,-0.03917621130453723,-0.003509233205288387,-0.18829787085836133,-0.031625252221364065,-0.0035986993584617424,-0.047195694895418236,-0.05701834605298851,-0.04684067860923276,-0.09776162742748476,0.16347237050695615,-0.18920487039543116,-0.002950466089312972,-2.1962921076471554e-14,1.5340095634839168e-13,9.294090524841384e-14,-1.2584906242325195e-14,-1.4969891898058103e-13,-8.008327554350637e-14,-2.427985957754686e-13,-4.1673591339817695e-13,-9.091690575130291e-15,-9.60014695350186e-14,4.938596178543453e-14,-3.6442393317347596e-13,-0.009956445565427538,-0.04572133003490427,-0.025655853277760605,-0.005637560370889957,-0.006793841032342533,-0.0037458330085983586,-0.022671275530837184,-0.015343257244949187,-0.011122639050294942,-0.3709777223417918,-0.014345893532884381,-0.00023209840230848495,-0.003961212832043739,5.208974236125656e-13,-0.0013247959612548087,1.882630397462889e-13,-1.5323797285785324e-13,-1.016832136163698e-13,-1.486927065464732e-13,7.668147932294917e-14,-2.721569348823978e-13,1.2678571229560236e-13,7.502640434453407e-14,-2.3087184191165788e-14,-1.064782307548892e-13,3.448716453115762e-13,1.0370205931557292e-13,4.929626819606762e-13,-4.569058474849368e-14,0.0,0.0,0.0,0.0,0.0,0.0,0.0,0.0,0.0,0.0,0.0,0.0
0.035682990185322484,0.17192435263092778,6.28688388581268e-14,-1.2818035188868216e-13,-9.692603772425452e-14,-0.7204953086920287,-0.07686624265701922,0.08167951538807007,-0.7756271874279377,-3.6773809759596965e-11,-0.08772310460822041,-0.029338290975577094,2.8386187047404804e-13,-0.3086389021318113,-0.008330572779385715,-0.04283655316289113,-0.005327990144178868,-0.17586691752078387,-0.03338616759119806,-0.0055807499823874755,-0.05622113456994547,-0.10672472873293287,-0.07816369593451274,-0.12655148818680328,0.011853625194942818,-0.1861995946214018,-0.0019626363509701755,1.385752698655511e-14,7.073775073822371e-14,-1.1450146475101078e-13,2.827357105761822e-14,-4.647102859654637e-14,3.3493420099928514e-14,-3.7720072304333616e-14,-4.498402359934047e-15,4.3177666475389836e-14,-5.981289945057021e-14,2.698997244283271e-14,6.500531344115678e-14,-0.014124485538185643,-0.05925911901044296,-0.04059573637570063,-0.007719502573529944,-0.008927318791450293,-0.005187573750109363,-0.02882848863814134,-0.019711921606371523,-0.014530797492226483,-0.06319034786669933,-0.33109226193951174,-0.00030840428212789036,-0.00122066301191087,-3.021815943024076e-13,-0.00040824098485915385,2.4264786435893252e-14,-2.8322447003329994e-14,2.2577619816942283e-14,-6.072253917745712e-14,-1.8982819681918035e-14,1.234389920018045e-15,2.846239894335885e-14,-2.753031162744645e-14,-8.99869619435129e-16,6.640800807289081e-14,-2.089515831269074e-14,2.7538112825230594e-14,3.727579095191632e-14,-2.857210418480303e-14,-0.0,-0.0,-0.0,-0.0,-0.0,-0.0,-0.0,-0.0,-0.0,-0.0,-0.0,-0.0
0.037316867680513746,0.2527912211787104,1.0304291937853353e-12,1.6976363406201567e-12,-1.141681288310931e-13,-1.0453387499458981,-0.08124932475397932,0.08629362384325477,-1.1536166060785085,-1.1990367258983222e-10,-0.07700822903150986,-0.02575478650570124,3.2957628323081554e-12,-0.11571286771824228,-0.011899742930461279,-0.06155552933951991,-0.02945109131843876,-0.26784862689600714,-0.03653469044238537,-0.027106850023852967,-0.07465853726907724,-0.13308106134486583,-0.1028566425434213,-0.1780943510048676,-0.0007773165001684919,-0.2555486834369901,-0.002688512520554819,1.1750591012059149e-14,1.1035389630246534e-13,-1.7433435102889657e-13,1.522448173723336e-14,-7.694568076226526e-14,6.420513141687008e-15,-1.3016677703904905e-13,3.46939897063689e-14,5.0302255978334473e-14,-9.854641760569252e-14,7.067739989446076e-14,2.0832581662606004e-13,-0.011996559973353966,-0.06091160288647214,-0.03405143788524894,-0.008123188174026002,-0.009149052852362042,-0.004192360424182914,-0.029756877702284867,-0.02016797195969648,-0.014743854457340855,-0.06549420597055164,-0.01948077011798326,-0.3093466436697752,-0.0009718291390448331,-7.289400150703136e-13,-0.0003250204856200772,1.3960386424704096e-15,-1.6400890497520208e-14,-7.939164385756086e-15,-9.29581339724812e-15,2.456484952404661e-14,8.793395041858085e-14,4.0804860458414434e-13,-4.170209036865437e-14,-1.0924543555282024e-13,-3.931053792131492e-14,-2.2841239854779124e-13,4.599500157437399e-13,4.272858886596724e-14,-1.7725794582184826e-14,-0.0,-0.0,-0.0,-0.0,-0.0,-0.0,-0.0,-0.0,-0.0,-0.0,-0.0,-0.0
0.0,0.0,0.0,0.0,0.0,0.0,0.0,0.0,0.0,0.0,0.0,0.0,0.0,1.381218663026749e-17,8.654979423992075e-19,0.0,0.0,0.0,0.0,0.0,0.0,0.0,0.0,0.0,0.0,0.0,0.0,0.0,0.0,0.0,0.0,0.0,0.0,0.0,0.0,0.0,0.0,0.0,0.0,0.44642273267816,4.569384873610317e-19,5.111678878482112e-18,3.813810258046636e-19,2.0621133284821942e-18,7.775570686498151e-19,3.1836387100989387e-18,1.4316310664986209e-18,1.8574692227109134e-18,6.518835725014847e-19,1.653173723238641e-18,1.9454863250588708e-19,0.0,0.0,0.0,0.0,0.0,0.0,0.0,0.0,0.0,0.0,0.0,0.0,0.0,0.0,0.0,0.0,0.0,0.0,0.0,0.0,0.0,0.0,0.0,0.0,0.0,0.0,0.0,0.0,0.0
0.0,0.0,0.0,0.0,0.0,0.0,0.0,0.0,0.0,0.0,0.0,0.0,0.0,1.717540643747623e-17,6.433233192402864e-19,0.0,0.0,0.0,0.0,0.0,0.0,0.0,0.0,0.0,0.0,0.0,0.0,0.0,0.0,0.0,0.0,0.0,0.0,0.0,0.0,0.0,0.0,0.0,0.0,0.0,0.4464227326781598,3.2063979027151486e-18,-7.039528721588082e-19,-2.6466010326519606e-18,-8.513947120102784e-19,-2.089973513495036e-18,-3.6422620853937804e-18,-4.39822006275712e-19,-1.3430313956657094e-18,-2.052098384083752e-18,-7.12396132296485e-19,0.0,0.0,0.0,0.0,0.0,0.0,0.0,0.0,0.0,0.0,0.0,0.0,0.0,0.0,0.0,0.0,0.0,0.0,0.0,0.0,0.0,0.0,0.0,0.0,0.0,0.0,0.0,0.0,0.0
0.0,0.0,0.0,0.0,0.0,0.0,0.0,0.0,0.0,0.0,0.0,0.0,0.0,-2.0158886718228222e-17,-1.2789769921248412e-18,0.0,0.0,0.0,0.0,0.0,0.0,0.0,0.0,0.0,0.0,0.0,0.0,0.0,0.0,0.0,0.0,0.0,0.0,0.0,0.0,0.0,0.0,0.0,0.0,0.0,0.0,0.4464227326781601,-4.173713985191653e-18,7.965726369598414e-18,3.562690665483128e-18,2.8644224315171977e-18,-2.6314791797557863e-18,-4.425465491307074e-18,-1.2334852865089988e-17,-9.723883753058115e-19,1.6211451685599411e-18,0.0,0.0,0.0,0.0,0.0,0.0,0.0,0.0,0.0,0.0,0.0,0.0,0.0,0.0,0.0,0.0,0.0,0.0,0.0,0.0,0.0,0.0,0.0,0.0,0.0,0.0,0.0,0.0,0.0
0.0,0.0,0.0,0.0,0.0,0.0,0.0,0.0,0.0,0.0,0.0,0.0,0.0,5.906214408972412e-18,1.4731316620266939e-18,0.0,0.0,0.0,0.0,0.0,0.0,0.0,0.0,0.0,0.0,0.0,0.0,0.0,0.0,0.0,0.0,0.0,0.0,0.0,0.0,0.0,0.0,0.0,0.0,0.0,0.0,0.0,0.4464227326781603,1.8324894478902735e-18,1.4126436364537286e-18,5.000826196249001e-18,2.0649835637272944e-18,9.921692838452313e-19,1.825819162650851e-18,2.3606852413735036e-18,3.6806736651124877e-19,0.0,0.0,0.0,0.0,0.0,0.0,0.0,0.0,0.0,0.0,0.0,0.0,0.0,0.0,0.0,0.0,0.0,0.0,0.0,0.0,0.0,0.0,0.0,0.0,0.0,0.0,0.0,0.0,0.0
0.0,0.0,0.0,0.0,0.0,0.0,0.0,0.0,0.0,0.0,0.0,0.0,0.0,-1.79411450673318e-18,5.466972239476886e-19,0.0,0.0,0.0,0.0,0.0,0.0,0.0,0.0,0.0,0.0,0.0,0.0,0.0,0.0,0.0,0.0,0.0,0.0,0.0,0.0,0.0,0.0,0.0,0.0,0.0,0.0,0.0,0.0,0.4464227326781602,-1.763409388165563e-18,-1.416129622540984e-18,-3.686804807452334e-18,-1.7699994366581618e-18,1.063787143751134e-18,-4.169307409691213e-19,-1.2204996457680943e-18,0.0,0.0,0.0,0.0,0.0,0.0,0.0,0.0,0.0,0.0,0.0,0.0,0.0,0.0,0.0,0.0,0.0,0.0,0.0,0.0,0.0,0.0,0.0,0.0,0.0,0.0,0.0,0.0,0.0
0.0,0.0,0.0,0.0,0.0,0.0,0.0,0.0,0.0,0.0,0.0,0.0,0.0,6.838488072423245e-18,5.903712694048776e-19,0.0,0.0,0.0,0.0,0.0,0.0,0.0,0.0,0.0,0.0,0.0,0.0,0.0,0.0,0.0,0.0,0.0,0.0,0.0,0.0,0.0,0.0,0.0,0.0,0.0,0.0,0.0,0.0,0.0,0.4464227326781598,-4.954898268642695e-19,-1.0573118416070205e-19,-6.112949530564752e-19,-1.787225066227772e-18,-2.1534431002109123e-19,1.844011960737669e-19,0.0,0.0,0.0,0.0,0.0,0.0,0.0,0.0,0.0,0.0,0.0,0.0,0.0,0.0,0.0,0.0,0.0,0.0,0.0,0.0,0.0,0.0,0.0,0.0,0.0,0.0,0.0,0.0,0.0
0.0,0.0,0.0,0.0,0.0,0.0,0.0,0.0,0.0,0.0,0.0,0.0,0.0,-5.2347639875783296e-18,-1.0737916955373566e-18,0.0,0.0,0.0,0.0,0.0,0.0,0.0,0.0,0.0,0.0,0.0,0.0,0.0,0.0,0.0,0.0,0.0,0.0,0.0,0.0,0.0,0.0,0.0,0.0,0.0,0.0,0.0,0.0,0.0,0.0,0.4464227326781601,2.2360451441053183e-18,1.3247664522938695e-18,4.434793518663279e-18,3.953737195537837e-18,9.347910403458889e-19,0.0,0.0,0.0,0.0,0.0,0.0,0.0,0.0,0.0,0.0,0.0,0.0,0.0,0.0,0.0,0.0,0.0,0.0,0.0,0.0,0.0,0.0,0.0,0.0,0.0,0.0,0.0,0.0,0.0
0.0,0.0,0.0,0.0,0.0,0.0,0.0,0.0,0.0,0.0,0.0,0.0,0.0,1.992802490543542e-18,1.4205487998156415e-18,0.0,0.0,0.0,0.0,0.0,0.0,0.0,0.0,0.0,0.0,0.0,0.0,0.0,0.0,0.0,0.0,0.0,0.0,0.0,0.0,0.0,0.0,0.0,0.0,0.0,0.0,0.0,0.0,0.0,0.0,0.0,0.44642273267816013,1.3982126231351582e-18,-2.1803347423716683e-18,-1.6114555349993196e-18,-6.170984520751571e-19,0.0,0.0,0.0,0.0,0.0,0.0,0.0,0.0,0.0,0.0,0.0,0.0,0.0,0.0,0.0,0.0,0.0,0.0,0.0,0.0,0.0,0.0,0.0,0.0,0.0,0.0,0.0,0.0,0.0
0.0,0.0,0.0,0.0,0.0,0.0,0.0,0.0,0.0,0.0,0.0,0.0,0.0,2.1586518911327934e-18,5.338379339225288e-19,0.0,0.0,0.0,0.0,0.0,0.0,0.0,0.0,0.0,0.0,0.0,0.0,0.0,0.0,0.0,0.0,0.0,0.0,0.0,0.0,0.0,0.0,0.0,0.0,0.0,0.0,0.0,0.0,0.0,0.0,0.0,0.0,0.4464227326781597,-1.1685102629790356e-18,2.5605896006986513e-18,-9.498595982024488e-20,0.0,0.0,0.0,0.0,0.0,0.0,0.0,0.0,0.0,0.0,0.0,0.0,0.0,0.0,0.0,0.0,0.0,0.0,0.0,0.0,0.0,0.0,0.0,0.0,0.0,0.0,0.0,0.0,0.0
0.0,0.0,0.0,0.0,0.0,0.0,0.0,0.0,0.0,0.0,0.0,0.0,0.0,-1.7375731980757047e-17,-2.8804413537154424e-18,0.0,0.0,0.0,0.0,0.0,0.0,0.0,0.0,0.0,0.0,0.0,0.0,0.0,0.0,0.0,0.0,0.0,0.0,0.0,0.0,0.0,0.0,0.0,0.0,0.0,0.0,0.0,0.0,0.0,0.0,0.0,0.0,0.0,0.4464227326781601,2.200023713564978e-19,-8.567030385859116e-20,0.0,0.0,0.0,0.0,0.0,0.0,0.0,0.0,0.0,0.0,0.0,0.0,0.0,0.0,0.0,0.0,0.0,0.0,0.0,0.0,0.0,0.0,0.0,0.0,0.0,0.0,0.0,0.0,0.0
0.0,0.0,0.0,0.0,0.0,0.0,0.0,0.0,0.0,0.0,0.0,0.0,0.0,1.590833886273423e-18,4.580460563834671e-19,0.0,0.0,0.0,0.0,0.0,0.0,0.0,0.0,0.0,0.0,0.0,0.0,0.0,0.0,0.0,0.0,0.0,0.0,0.0,0.0,0.0,0.0,0.0,0.0,0.0,0.0,0.0,0.0,0.0,0.0,0.0,0.0,0.0,0.0,0.4464227326781599,-3.8767203234781574e-19,0.0,0.0,0.0,0.0,0.0,0.0,0.0,0.0,0.0,0.0,0.0,0.0,0.0,0.0,0.0,0.0,0.0,0.0,0.0,0.0,0.0,0.0,0.0,0.0,0.0,0.0,0.0,0.0,0.0
0.0,0.0,0.0,0.0,0.0,0.0,0.0,0.0,0.0,0.0,0.0,0.0,0.0,2.4864362185857595e-19,1.807543567558921e-20,0.0,0.0,0.0,0.0,0.0,0.0,0.0,0.0,0.0,0.0,0.0,0.0,0.0,0.0,0.0,0.0,0.0,0.0,0.0,0.0,0.0,0.0,0.0,0.0,0.0,0.0,0.0,0.0,0.0,0.0,0.0,0.0,0.0,0.0,0.0,0.44642273267816,0.0,0.0,0.0,0.0,0.0,0.0,0.0,0.0,0.0,0.0,0.0,0.0,0.0,0.0,0.0,0.0,0.0,0.0,0.0,0.0,0.0,0.0,0.0,0.0,0.0,0.0,0.0,0.0,0.0
0.0007131015499291764,0.005168453363736403,2.1067023634577017e-16,-5.752414870329198e-15,-2.0008297850380644e-15,-0.02218583204125986,0.008637911339175158,0.002575654679134218,-0.022602607900720342,-3.6764121443883014e-12,-0.003736187376816049,-0.0012495379967449088,-6.528264883976986e-15,-0.01859650029685779,-0.002934173412524594,-0.01289576573075795,0.00219152272308428,-0.008893334614251068,-0.000496767439482137,-0.00023023333241826494,-0.0007035023747282746,-0.0009772889022782996,-0.000647816334555741,-0.002139279056206922,0.002769187314106553,-0.003062676572690984,-4.092779521463292e-6,2.1805376000838443e-16,2.601251012446964e-15,-6.114348009818914e-16,3.115958893242896e-16,-8.368315633062394e-16,-1.2930055065618417e-15,4.464050324957212e-16,-3.4918141000422827e-16,2.6191815174254075e-16,-2.437481917217302e-15,-2.629501692687247e-16,-7.861604971957529e-16,-0.017846020039570257,-0.0032427639506526374,-0.013578049438255862,-0.00040543174320936595,-0.000615877956548443,-0.00036117496884373004,-0.0013248968127892171,-0.0005256303824714981,-0.0007481256957035279,-0.0018150877079313918,-0.0006021241516812859,-8.078069978466172e-6,-6.025709623462473e-5,-5.23659204474977e-15,-2.0152504072577162e-5,1.691082998065944e-15,-3.1744697602045174e-16,6.839075298288981e-16,1.6626888641880304e-16,-3.482043245079751e-16,8.9827720349531e-16,3.879628068440372e-16,-1.0938945589505459e-15,3.4354957115361876e-16,7.673079870447943e-16,-3.7573485827288244e-16,1.5040914544444525e-15,1.2167133678215042e-16,-2.2818621564223814e-17,-0.0,-0.0,-0.0,-0.0,-0.0,-0.0,-0.0,-0.0,-0.0,-0.0,-0.0,-0.0
0.0011688212900304046,0.005190467958961013,-1.279323775848488e-15,-3.947446043984834e-15,-6.694520634302073e-16,-0.022106324379205886,0.003204075022886821,0.003229030025304885,-0.023182770249649574,-1.0845851352012302e-11,-0.003982535596462102,-0.0013319271892117837,-4.0967157727832646e-15,-0.040422140603730956,-0.010392634777572619,0.0006701749880726517,-0.04113663221385024,0.00717006319923998,0.0034409915856816018,-0.0001712790561206212,-8.979064657928202e-5,0.0028447484492857625,-0.00030944824768972787,-0.002435303839959947,0.011147632181556193,-0.003954927327765412,-4.608602987110455e-5,1.765899850139155e-15,4.286764551603601e-16,-3.221228462178242e-16,7.13696971704433e-16,-5.299768557923874e-16,-1.798366437649585e-15,-1.0070536442209324e-15,1.857112044252516e-15,6.466611782325942e-17,-4.7048211011530705e-15,-7.256227662332307e-16,2.359070571232406e-16,-0.0015097446297860349,-0.04978567585258495,-0.010707308801283455,-0.0026167882161306512,-0.0006180001498468767,-0.00042177951961477536,-0.0015951660075156696,-0.0007853810550666957,-0.0008893465815603455,-0.002642646430954744,-0.0007837608928764328,-1.2263893724002037e-5,-7.76156793503402e-5,-9.711705869087494e-15,-2.5957943410670303e-5,2.1387103879947053e-15,7.851454334967273e-16,-8.316615342127643e-16,1.8321009789503485e-15,8.84309290217681e-16,3.557876367903615e-16,-1.5002854577491477e-16,-1.4014334343044844e-15,-9.52139005712541e-16,-1.6677108350613685e-15,1.9607350491176805e-15,2.1532822514216964e-16,9.942909048666972e-16,3.248672779044757e-16,-0.0,-0.0,-0.0,-0.0,-0.0,-0.0,-0.0,-0.0,-0.0,-0.0,-0.0,-0.0
0.007235093083439936,0.0633794684619189,3.2455864357979693e-15,3.5066308840156875e-15,3.764120998939121e-15,-0.2697849426028011,0.09301734386482577,0.0378533162351196,-0.2803256084174811,-3.337834929105649e-11,-0.040695584877450036,-0.013610312994378353,1.3112787144651675e-14,-0.1872722469006359,-0.035695730432741865,0.002951078489360411,0.015538303605614229,-0.20612746514332245,-0.003137592500335295,-0.004392013084262577,-0.009580691078815484,-0.01908732980983983,-0.011358605814637367,-0.030728612022420033,-0.005943526909778992,-0.039163290175340364,-0.00031610702808989856,-1.6117022733914682e-15,-7.839201952915388e-15,7.375044284706061e-16,-6.989762560904128e-16,3.86775711389068e-15,2.521950491933209e-15,2.4271291719991355e-15,4.8341269359944216e-15,-7.569716318663877e-16,7.938469796226066e-15,-6.818279438683692e-16,4.3782047998951485e-15,-0.02578301968059494,-0.05175003536970805,-0.25847406548181895,-0.006364852660251016,-0.0106158696316651,-0.00505096660810127,-0.020966456930205202,-0.00668952016342696,-0.01212104728285346,-0.023218558956626632,-0.008112019095287078,-9.845330732217632e-5,-0.0005342999063126394,9.11459955423795e-15,-0.0001786923318559059,-6.493757121421824e-15,4.495785705961091e-15,1.5806284631606701e-15,5.126516689393062e-15,1.4159980333228737e-15,6.045728969784721e-15,-7.605100678670288e-16,1.967130086627004e-15,-2.734656188584018e-16,-8.029614495205919e-16,-8.944472971378165e-15,-2.6718430527293573e-15,-1.1146279197548045e-14,1.4845807917350992e-15,-0.0,-0.0,-0.0,-0.0,-0.0,-0.0,-0.0,-0.0,-0.0,-0.0,-0.0,-0.0
0.0014644200995467325,0.014363277477297352,-4.2664005782025165e-15,-1.9332061869509217e-15,-6.088926400558006e-16,-0.06021500706454067,0.014600703289453443,0.00625238485386327,-0.06468196307550206,-5.484268534588589e-12,-0.006651945019586841,-0.0022246898284050682,-1.2158667263294624e-14,-0.033599834898971885,-0.0021247285138245343,-0.0022637419378069446,-0.012080439698553718,-0.011958009549681365,-0.01942291498357476,-0.0006354766706918523,-0.0019189002590797402,-0.0039625130851578035,-0.0011585123535488154,-0.00637180011456707,-0.001255237322563706,-0.007528251852353884,-0.00010585507301573924,6.014085142198829e-16,1.808615588862749e-17,2.2285666995065926e-16,-6.2157400525274e-16,1.377024551957873e-15,7.246130209028809e-16,1.506861546031366e-16,3.2986411219288557e-15,-2.6776007744835364e-16,1.2029323834325773e-15,5.129728814995286e-16,7.91618748502026e-16,-0.0023575591911336514,-0.02110826245629663,-0.01297834433915035,-0.03608598168614666,-0.0009530807716570896,-0.0007388311810887075,-0.0029319922350620003,-0.0012760709569328737,-0.0022143062505918546,-0.0038911068227491675,-0.0012662711294311802,-3.007843282184153e-5,-8.630803551998702e-5,1.0491525165443705e-14,-2.886503243517771e-5,-5.273891182727136e-16,6.097340314862396e-16,3.7098121281070977e-16,7.41428194158256e-16,-9.704272968125181e-16,2.2968989784314476e-15,-1.4662092793433531e-15,1.165090697892274e-17,1.8887416455908656e-15,3.5012863660476112e-15,-4.30693322990281e-15,-1.859324036725168e-15,-2.468964366277664e-15,1.7675774089675948e-16,0.0,0.0,0.0,0.0,0.0,0.0,0.0,0.0,0.0,0.0,0.0,0.0
0.0004844771131244329,0.003327718097647883,1.2428661496718101e-15,-1.5795940863756588e-15,-5.767478171824085e-16,-0.014038626896681167,5.5486492438386404e-5,0.007824507087436192,-0.015023761154331457,-1.7356298762124281e-12,-0.0026845713814096137,-0.0008978334349231411,4.423258014254065e-15,-0.009494255719769194,-0.0004252748551453562,-0.00022278980083749212,0.0003381454356793784,0.0019538858425045534,-8.948216076528693e-5,-0.00041759822855525587,-0.0004942637960667788,-0.0007816624172151906,-0.0008676230331028244,-0.0119109640468454,-1.9073047630983578e-5,-0.001984995335916452,-1.5223893340117141e-5,9.836574779546561e-17,3.3933039657045705e-16,-6.780355961180426e-16,1.7245886497117892e-16,-2.3202454281716517e-16,2.0839225584176461e-16,-1.853861882668615e-16,1.0660432209602489e-16,2.372863966396447e-16,-1.0040881778973614e-16,2.600061423568401e-16,4.570371379903949e-16,-0.0004413015721763245,-0.0013875271706902986,-0.0015998980553362972,-0.00018844525370835793,-0.007421447511020059,-0.000336571811134549,-0.0008716702849413344,-0.0006105839895325035,-0.006955126158494566,-0.001735967528035758,-0.0004348317446694705,-5.802205011786498e-6,-3.9743901119878195e-5,-2.116515702630348e-15,-1.3292029971137267e-5,3.7183465508200976e-17,3.5151147895534536e-17,3.9074855109610433e-16,-2.638509987868805e-17,4.150404304165115e-16,6.54734262876609e-16,6.918128804638423e-16,-2.5474903737292247e-16,-5.697390922593899e-17,6.885466015826635e-16,-1.0024481830747768e-15,5.900526695903219e-16,-1.6010917434500924e-17,-2.0890268811487005e-16,0.0,0.0,0.0,0.0,0.0,0.0,0.0,0.0,0.0,0.0,0.0,0.0
0.00023097263184288137,0.0011244949741664315,-6.739909031760064e-17,-1.2486449132309134e-15,-2.8665664328903817e-16,-0.005018907176815274,0.00010263858844256096,0.004543952204234543,-0.004746942096142365,-1.1861032919097098e-12,-0.0014992547989793102,-0.0005014137807293549,-1.413982039190758e-15,-0.005786200892077453,-0.00046362114897846617,-9.372737746820177e-5,-0.0002968087657530366,0.00035692652279800284,3.086365416010685e-5,-2.840611282443496e-6,-0.005962612800504573,0.0002758489414651697,2.173808977697516e-5,7.0638506547686114e-6,0.0007705927427399924,-0.0005981009437276261,-3.0695642977685166e-6,1.8023949285131547e-17,1.439808048899237e-16,-1.3309940064524003e-17,7.299532274077634e-17,-6.093696765154186e-17,-5.966179567780056e-17,-2.701824738441938e-18,1.0449615803862864e-16,8.068126576240551e-18,-5.195017240403805e-16,7.600216433919613e-17,-1.7303777926002102e-17,-0.0002645963088885544,-0.0011682414827818008,-0.0009394671948496344,-9.362283726780346e-5,-0.00012237005882446484,-0.004047909520038462,-0.0005486573856313436,-0.00016578949616315294,-0.0001715344598379958,-0.0006513859189364063,-0.00015629369308224885,-2.7421462784452784e-6,-2.4286261700988002e-5,-1.6421686828142414e-15,-8.122346053906586e-6,8.811444578146094e-17,1.2594496935881314e-16,5.574351206667649e-17,2.576127114492632e-16,1.6508258112111013e-16,8.774800959921579e-17,1.0092439842961265e-16,4.119953105996537e-17,1.3477787038825047e-16,-6.513117653083786e-17,-5.356998195346813e-16,3.294686393167434e-16,4.220348018809357e-16,-4.599581812464033e-17,-0.0,-0.0,-0.0,-0.0,-0.0,-0.0,-0.0,-0.0,-0.0,-0.0,-0.0,-0.0
0.0023332661235654756,0.017318052198903075,1.970125335262595e-15,-3.0404813293771527e-15,-1.6753585903025758e-15,-0.07301899950597471,0.0037454472541303837,0.02376165429729751,-0.07771957811352959,-4.0771251757351496e-12,-0.010146746877062691,-0.003393498368126161,6.326036319902357e-15,-0.03291380074211942,-0.01401268320650554,-0.0036999266875592206,-0.0048847994795870485,-0.010691168956679466,-0.0021966478910967354,-0.0006782319681170524,-0.0032744009381056685,-0.034204489844177725,-0.004588253037706321,-0.006502703557459349,-0.0014375783460534941,-0.009931220002288202,-0.00010419217911129162,3.944525895182898e-16,1.3392439028896773e-15,-1.884921577155673e-15,4.515808108059869e-16,-3.3423094323947347e-16,4.492323647911001e-16,5.834542198561348e-17,8.066043186084533e-16,6.390821006201394e-16,-5.634219036991992e-18,5.613527508580202e-16,1.1733878336020126e-15,-0.0038467048516131366,-0.01275446116061787,-0.014134115641561251,-0.001786779447276368,-0.001365461318650836,-0.0019295914028658932,-0.04335738233191139,-0.0030080377796245787,-0.0021980420951877113,-0.008663995181709417,-0.0018095551169047455,-3.2062353876642113e-5,-0.00014214924375176551,-6.4917560879666064e-15,-4.7540678067835654e-5,1.6163120486464698e-16,-3.9695328115078553e-16,5.256601635060012e-16,-2.8564263167449356e-16,-1.4503163632768657e-16,1.5753923859869067e-15,1.564315291501347e-15,-4.755619939578404e-16,-1.859066297428504e-16,9.886871640250488e-16,-5.613012559108459e-16,1.370741584195152e-15,-5.927830331517847e-16,-8.198222414351944e-16,-0.0,-0.0,-0.0,-0.0,-0.0,-0.0,-0.0,-0.0,-0.0,-0.0,-0.0,-0.0
0.0008660740252420385,0.005574188035078392,8.370661836388163e-16,-2.298481026298025e-15,-4.1695743413682297e-16,-0.023654742023535628,0.0006767167833157218,0.010224647672031647,-0.02490251270596363,-3.0981526014699258e-12,-0.004061617318185453,-0.0013583754387693154,5.485911282011969e-15,-0.016561026833199138,-0.00015201688268808608,-0.0009198553907665541,-0.0008187557983122091,-0.0029844854053228055,-0.0008102308439622022,-0.0003236308699696789,-0.000954691633180583,-0.0017506198703118882,-0.010550925891117524,-0.0038458602750392717,0.00010695853691299101,-0.0031771335916882903,-3.9888188187154914e-5,7.131504657256318e-17,3.1864677200134594e-16,-7.892078712497445e-16,1.7761895911995555e-16,-1.415241433525485e-16,1.562489761994309e-16,-2.242294866593393e-16,1.497590104236728e-16,2.4573040507345037e-16,-7.048890339281443e-17,1.870450133414326e-16,4.611697722762201e-16,-0.001091459784160558,-0.0033890344792171984,-0.003159482820523979,-0.000818715024128377,-0.00045702386577055234,-0.0004917025818064109,-0.001648108015842917,-0.014906313239240913,-0.0019226728109188243,-0.0032556127895925283,-0.0006191908574541431,-1.1237860463997134e-5,-5.9064443382385286e-5,-1.8234677421407753e-15,-1.9753630859937503e-5,3.1429234284061467e-17,-2.3656118628016926e-17,4.0443550855305746e-16,1.845097032455092e-16,2.793612585126321e-16,5.058920772998975e-16,2.682516211371117e-16,-9.147375222174381e-17,2.0297088845025347e-18,-4.1668611773537855e-17,-9.719590348323163e-16,-2.791223763828485e-16,-1.1657402427444642e-16,-4.457206510037587e-17,-0.0,-0.0,-0.0,-0.0,-0.0,-0.0,-0.0,-0.0,-0.0,-0.0,-0.0,-0.0
5.269982597243951e-5,0.00016358114323167632,1.12639734065205e-16,-2.930597014397772e-16,-1.3247283511278844e-16,-0.0007789872525604007,5.108428291636743e-5,0.0016185913319365871,-0.0006592551304375522,-4.772437158067305e-13,-0.0005099986740844704,-0.00017056497902438047,7.550563675257638e-16,-0.0019047265612560547,-9.730407150995328e-5,-1.3003398673200629e-5,9.129401260429011e-5,9.142793740270876e-5,7.998490003250538e-5,0.0013595452076045642,-6.19590056894198e-5,-3.9840447678786773e-5,0.00014363047971227685,-0.0022863137668546166,0.00011435545833478316,-0.00013296133484960534,-1.2970621256328124e-6,4.2870649517265864e-17,7.485744966260971e-17,-1.8677326064614626e-16,4.322688670686432e-17,-7.451506627299092e-17,3.749499217018774e-17,-9.024170854766719e-17,3.759306359055962e-17,6.106547433781232e-17,-9.637073430506413e-17,5.997055127487732e-17,1.3210568784944625e-16,-7.192805521600021e-5,-0.00021512453969030305,-0.0002310059648378022,-3.113930441758288e-5,-3.961224714061586e-5,-6.490318585762179e-5,-0.0001480733808244631,-0.00010887804690318793,-0.0015223986285086103,-0.0002907218986809094,-6.758007398219641e-5,-8.113660700009817e-7,-7.921248567788003e-6,-4.706502878808649e-16,-2.649198251979081e-6,2.5075854728920707e-17,-4.600503314942499e-17,2.1960517964745104e-17,-8.601895717453414e-17,-2.9386582635906597e-17,6.137573665713073e-17,-2.464020977039215e-17,-8.450328057631794e-17,-1.707474511353572e-17,-9.452513717943258e-18,-1.1175067283143552e-16,9.61845624497619e-17,-5.745608676499846e-17,-7.128481070162773e-18,-0.0,-0.0,-0.0,-0.0,-0.0,-0.0,-0.0,-0.0,-0.0,-0.0,-0.0,-0.0
0.0020071607743423875,0.013707562792318507,1.926023465473669e-15,-1.937236350844987e-14,5.633004418671261e-15,-0.05740326655669199,0.0026255633978671472,0.009957212588997262,-0.06175430247743015,-4.504626986142024e-12,-0.006384094468162548,-0.0021351093529965383,-1.6240871729704248e-15,-0.02949523235187406,-0.001213081311657695,-0.0037449961952142103,-0.008606493510466311,-0.012641599398173735,-0.0026369366650103023,-0.0006387745901620493,-0.002708731098847583,-0.006479541824996912,-0.004825706002531856,-0.006588269540934145,-0.005998701736332808,-0.009196173138937683,-0.00014229667967079684,-7.45683436434143e-16,5.888142578429046e-15,3.3363947159900095e-15,-4.759340407058364e-16,-5.639875279579027e-15,-3.0089370431666696e-15,-8.795798615785042e-15,-1.517804438261639e-14,-3.332113575615337e-16,-3.7075772442514435e-15,1.8185291884243676e-15,-1.3509411946737157e-14,-0.0037077210125223015,-0.012087219271810641,-0.009579278108018821,-0.0016150587476057414,-0.0011605808806270626,-0.0011451839880663997,-0.004402941802113104,-0.003024758104020501,-0.002276236850286852,-0.026175252285347412,-0.0016126925849305862,-2.6309285598860752e-5,-0.00017988959595807962,1.9097756314893784e-14,-6.0162637126482605e-5,7.103667701548857e-15,-5.4069237300342334e-15,-3.183907087344471e-15,-5.126087230432362e-15,2.9337472675113183e-15,-9.252657089642529e-15,4.95341317130139e-15,2.851086652853673e-15,-7.272807723702379e-16,-4.034511550862023e-15,1.1626167745738042e-14,3.9385101278801676e-15,1.7550710938924517e-14,-1.6196134575055596e-15,-0.0,-0.0,-0.0,-0.0,-0.0,-0.0,-0.0,-0.0,-0.0,-0.0,-0.0,-0.0
0.00033264581164207295,0.0018525936495265001,3.09950450031474e-16,-1.40960079256323e-15,-6.64381985347024e-16,-0.007922033622714555,-0.00021483697802318345,0.005735567741971548,-0.008271467090121302,-1.3337523453208541e-12,-0.0019226624638795096,-0.0006430190890424683,6.652427054062882e-16,-0.006765545578386487,-0.00034982749111899794,-2.4933557440340004e-6,0.0006288464124784129,0.0009509655496948557,0.00011583575834656957,3.5701590776824386e-6,-7.577013115424682e-5,4.356424572009782e-5,-0.00014316477672731827,-0.00019441959113134985,0.0007157221086809029,-0.010953119054387152,-8.814261173457282e-6,1.441688606919917e-16,4.9229436996362095e-16,-8.743096804349349e-16,2.536503507661537e-16,-3.55901051695389e-16,3.5875403528229163e-16,-3.100035434772401e-16,4.66544151131447e-17,3.165329873750865e-16,-2.1062855354382117e-16,2.4324230549215105e-16,6.23344583589581e-16,-0.00017038180032934495,-0.000548755053136123,-0.0004767620774382612,-6.121919831816201e-5,-7.359966033551348e-5,-7.123560745889766e-5,-0.0002942054215399454,-0.00018814847869423894,-0.0001313627319675886,-0.0005859764824554084,-0.0042415417340669346,-2.867074754599495e-6,-3.138256814075696e-5,-2.5869411334886198e-15,-1.0495649005792164e-5,2.6066444003067336e-17,-2.6719679967074353e-16,1.8438568351839972e-16,-4.45656724083162e-16,-1.3439772677518085e-17,1.7102426971264473e-16,1.2110978229239096e-16,-3.1045316961223924e-16,4.7305313102779735e-18,2.678584051842493e-16,-3.713283368443003e-16,1.58664140190439e-16,1.0744163722427021e-17,-1.6465309860467568e-16,-0.0,-0.0,-0.0,-0.0,-0.0,-0.0,-0.0,-0.0,-0.0,-0.0,-0.0,-0.0
7.982839281104617e-6,7.171592360782995e-5,1.3561937714882381e-16,3.061068892599445e-16,-1.7005867505585893e-17,-0.00029833395126161285,4.49017534307089e-6,8.289042279436454e-5,-0.0003258267691467938,-3.3177491246436254e-14,-3.175114141128644e-5,-1.0618915389589088e-5,1.7212600189088374e-15,-0.00014633042138969646,-6.435792887388951e-6,-2.0880057709263946e-5,1.6250135771991956e-6,-5.553147452087292e-5,-4.038868868772429e-6,-4.900797083754984e-6,-1.24648309969723e-5,-2.634005346857423e-5,-1.4995113022244564e-5,-2.907576661706078e-5,-3.8584525929444125e-6,-4.470021477314251e-5,-0.00012183865242506612,7.876129820446123e-19,1.5637353997773912e-17,-2.4090256074636335e-17,4.307218355594873e-18,-1.3271851811081204e-17,3.0627521490092733e-18,-1.7260407385036554e-17,2.097796715119103e-18,5.2012052324414175e-18,-8.570879552304681e-18,5.1249017156154435e-18,3.1324782268959994e-17,-1.707892547340934e-5,-1.8369070887844697e-5,-3.310256457770856e-5,-2.2305650872117328e-6,-4.447937105813077e-6,-3.5919323947555363e-6,-1.3660444912871322e-5,-4.821425803012285e-6,-5.652595403704728e-6,-1.559367499652169e-5,-6.327595932797073e-6,-7.540416504140936e-5,-3.901131485340894e-7,-1.2703524886484208e-16,-1.3047022352571298e-7,-6.079657445123572e-18,1.2272643785322263e-17,4.5663938277328294e-17,6.868088460077055e-17,1.0182819231479051e-17,1.2336557085560964e-16,4.990938723685136e-17,-7.745852884441801e-17,4.513990966929154e-19,-1.1199922392465816e-16,-2.9851808048845633e-16,8.713199137076958e-17,4.183351741945229e-18,8.783046957997014e-18,-0.0,-0.0,-0.0,-0.0,-0.0,-0.0,-0.0,-0.0,-0.0,-0.0,-0.0,-0.0
-0.00014009356511866973,0.008122337408718995,-3.1643745942370367e-16,-3.4977609428832713e-15,-1.0530042966421143e-15,-0.034299534319920874,0.024645650385040498,-0.0008448427889721419,-0.03601218614842931,4.624759404386281e-13,-0.0035205067340335233,-0.0011774053301652318,4.170194616780737e-15,-0.008167987561564248,-0.0011038982868916726,-0.03289935066768543,0.0021657325055122125,-0.0016096879553978824,-3.476789182730311e-5,-0.00015671961905254432,0.00013573148948880584,-0.0007945929721717041,-0.00044533703913366275,-0.0004271091212256691,-0.00315473154662755,-0.0007476174224672718,-4.4156866589104555e-5,2.796535225918839e-16,1.1961116702725636e-15,-1.8009992717377663e-16,-5.1186926737148835e-17,-9.407309079434832e-16,-7.875653614230232e-16,6.003854794687608e-16,-1.6286566688452632e-16,-3.907048304545117e-17,-9.568624799406148e-16,-2.0706843458599137e-16,-1.513180521122351e-16,0.004911603791007641,0.0004360626731409167,0.0015833874733243534,0.0001797104082390192,0.00010233829369840332,0.0001044780335913422,0.00037969028094044204,0.00019624072687737064,0.00016966083271785935,0.0005406382202155941,0.00015596038217024967,2.451911305922066e-6,-3.574109376767336e-5,-1.9552192730016e-15,-1.195332305302083e-5,8.516714589756239e-16,-1.0116512735749828e-16,5.960406907980863e-16,3.4410021339732255e-16,-2.5188613066327903e-16,6.831694183897159e-16,8.085833528905328e-16,-6.219577609572906e-16,5.617907904312093e-17,8.903743316805225e-16,-9.913238149414762e-16,9.749781902031416e-16,1.1496557725001171e-15,3.207785111393107e-16,-0.0,-0.0,-0.0,-0.0,-0.0,-0.0,-0.0,-0.0,-0.0,-0.0,-0.0,-0.0
1.9706780646432452e-7,-0.001112274285746478,1.4257097677261689e-15,-6.710815616881778e-16,4.405221303809029e-17,0.004296182306549643,0.0028486334085372897,-8.793700265360673e-5,0.005350371548629303,-1.2219109404259793e-12,-0.0008149415594797288,-0.0002725506889768077,1.0576326081833156e-14,-0.0034573937784922403,-6.298923892200739e-6,0.00016556332372187862,0.000495565285921427,0.0011360714329968155,0.0002161196027718985,7.539818451690313e-5,0.00016643138975223201,0.0006031298538907678,0.00031871540501259406,0.0005271278492598307,0.0005249248096624153,0.0005856229471563453,7.012342264896066e-6,1.1007217864597566e-17,1.6273737261846244e-16,2.2765220721295857e-16,1.724633303588609e-17,-8.554676449906474e-17,-8.971558537641045e-17,5.972816759347533e-17,2.813506733959491e-16,-8.74289954517671e-18,6.300761083029511e-16,-1.4784096889444324e-16,5.320376581196187e-17,-1.169967043410372e-5,1.161720362261969e-5,-1.1102036919981435e-5,1.001292741172408e-5,7.400816220998214e-6,-8.167004948884731e-6,1.093947775603123e-5,1.9180078189042143e-6,4.037907935282399e-6,3.4962717026442356e-7,6.61824376931076e-7,2.900400378211135e-8,-1.3517431825259383e-5,8.10378726953376e-17,-4.5207970024316e-6,-9.091935695143409e-17,-3.521230764133567e-17,6.014254840215086e-17,2.631132547154274e-18,-7.98984718111597e-17,1.589075856653743e-16,2.621932338264115e-16,-3.468515615493258e-17,2.2113107987140896e-18,-1.8327150778109476e-17,-4.595530429703892e-16,1.0266158043016427e-16,-6.866471325383397e-16,5.255102119201644e-16,0.0,0.0,0.0,0.0,0.0,0.0,0.0,0.0,0.0,0.0,0.0,0.0
-4.6027999858734433e-7,7.126578486086467e-5,-1.0127195355342212e-16,-5.286345676023381e-15,-1.3613065961405355e-15,-0.0002859538858723326,-2.3689335455705646e-5,4.534998488922613e-6,-0.0003339033886323059,-8.304690321915652e-14,1.3511171316060076e-5,4.51870322437918e-6,-6.568642415254102e-16,-0.0006226719000820656,-3.6837541764135685e-6,-1.1590477423994941e-5,-7.639563475980896e-6,-8.454579439773799e-5,-1.3646190893983193e-5,-1.0467893185694087e-6,-1.4325432800446629e-5,-3.9401116213495225e-5,-2.5080303663349722e-5,-4.0823359190495725e-5,-2.4637844363924755e-5,-5.597765662353836e-5,-2.962200107388769e-6,2.8589431697237374e-16,1.864048098166569e-15,-2.432240852312199e-16,5.954914981234135e-17,-9.741184249952105e-16,-1.104153263260137e-15,5.710650013147312e-16,-2.2178718349074135e-16,4.319636971709493e-17,-1.4436251855393257e-15,-3.104138497451159e-16,-5.283056903237624e-16,2.824909577971953e-6,1.2440722425024826e-6,1.1025530256845665e-5,7.265892224912766e-7,1.9222151714805716e-7,1.2308645410301653e-6,2.1899788125883775e-6,1.0812026090785635e-6,8.797132325284691e-7,1.7874560888834014e-6,8.823454293359178e-7,1.0898730487626641e-8,3.377235023586723e-6,-2.8692094552515066e-15,1.1294892516457985e-6,1.2104787424698445e-15,-2.5311975314570874e-16,6.76073691733993e-16,1.8816525900984696e-16,-5.995881801033833e-16,8.278094474045804e-16,7.07582427942562e-16,-8.28895377111853e-16,2.2458915873073964e-16,1.082390755820666e-15,-7.836191695601123e-16,1.2953395789708017e-15,6.164531563726537e-16,3.191631116644824e-16,-0.0,-0.0,-0.0,-0.0,-0.0,-0.0,-0.0,-0.0,-0.0,-0.0,-0.0,-0.0
1.3931396740872867e-7,1.9127736347401984e-6,1.451643613247372e-15,-7.849014463999242e-16,6.690889456367981e-17,-6.632683458580895e-6,-1.3062870383913494e-8,1.5089260913869324e-7,-8.082931934457245e-6,-5.677703891072372e-15,2.418451343758655e-7,8.088317115392035e-8,1.0886531157197914e-14,-3.6117488835568395e-6,-6.459566479284566e-8,-2.9993646863606523e-7,-3.4959624263236435e-8,-2.3434356486899867e-6,-2.013155158870233e-7,5.910276914304392e-7,-4.547330286078066e-7,-1.164874422060046e-6,-6.204196070129341e-7,-1.1773986491376844e-6,-6.180688750842361e-7,-1.175819514815341e-6,4.808416762319391e-8,9.187777017387102e-18,1.5860502284207012e-16,2.3880551586083534e-16,1.7592620196655942e-17,-7.33306270634593e-17,-9.616960672883829e-17,5.367946443048811e-17,3.05674112418527e-16,-8.769637882663123e-18,6.678941985670414e-16,-1.4976208984328246e-16,5.109803271856005e-17,-8.760234946483059e-8,8.941150406764992e-8,-4.0205282809301207e-7,-9.350090882928579e-8,-1.4718584000796887e-7,-5.092330693348983e-8,-1.5897347136742044e-7,-1.7712845454433125e-7,-1.738010266384242e-7,8.262941893806415e-8,-1.313626225533787e-7,-2.493816505091061e-9,1.2135888149730282e-6,9.572211547061378e-17,4.0587507379709734e-7,-1.0582588448847417e-16,-3.429223018402149e-17,7.158896199177715e-17,-8.84129624530511e-18,-9.339952087254533e-17,1.8504298357184915e-16,2.9119858905791833e-16,-2.427657387142072e-17,1.588941141211936e-17,1.7271634018417528e-17,-4.817588413189485e-16,9.213694214395246e-17,-6.780971479754526e-16,5.521023130438744e-16,-0.0,-0.0,-0.0,-0.0,-0.0,-0.0,-0.0,-0.0,-0.0,-0.0,-0.0,-0.0
-0.00011423996175068044,0.006063004577418716,-1.6022068678227455e-16,-1.1152165576756162e-15,-4.2575226617931846e-16,-0.025805868674813666,0.021538378264706896,-0.0007348534052121868,-0.026670017731340444,-1.9389815485874765e-13,-0.0032806584121755555,-0.0010971899765476376,4.076777550722081e-15,-0.008167905853802266,-0.0009034940615334359,-0.026786612552897857,0.0020150660025684978,-0.0007271866086802942,8.245392838329018e-5,-9.085769314298148e-5,0.00019763140859348623,-0.0003389259246689963,-0.00019849617627801502,-7.563628414642895e-5,-0.0023102865146431895,-0.0003036080310520386,-3.167758782782967e-5,1.3709024291025762e-16,3.8291309577193686e-16,-6.096860572248569e-17,-6.01437749251887e-17,-4.624148640096385e-16,-2.87030049251662e-16,3.101132543520398e-16,-5.70007014257783e-17,-4.611061708176889e-17,-2.9595385620387614e-16,-7.532868700471446e-17,5.15531860196103e-17,0.004005118224656505,0.00036143364942376507,0.001284354038943687,0.00015150817769091346,8.722823123023128e-5,8.093587802576323e-5,0.0003148533351333066,0.0001609517621160132,0.00014034762389550338,0.0004411326969637448,0.0001274789375392161,2.014470960404495e-6,-3.7477553887717566e-5,-6.723971834654048e-16,-1.2534068257202423e-5,3.052505512176033e-16,-2.8955317251543882e-18,2.6310833355041065e-16,2.2722878151991e-16,-9.363860013219979e-18,2.851729943444267e-16,4.3016390546893113e-16,-2.468383494283642e-16,-3.442023056250139e-17,3.635097166126643e-16,-5.687566331979396e-16,3.9093426055672187e-16,6.988808893586024e-16,1.7486470216193283e-16,-0.0,-0.0,-0.0,-0.0,-0.0,-0.0,-0.0,-0.0,-0.0,-0.0,-0.0,-0.0
-2.1876803760627682e-7,3.5156464463775634e-5,2.958171081664901e-17,-2.642999672152697e-15,-6.658950574816642e-16,-0.00014100827065645762,-1.1652239762633073e-5,2.2387772671498315e-6,-0.00016467139888994695,-4.1156878796982524e-14,6.658654009237833e-6,2.2269335972032795e-6,2.371101414123454e-16,-0.00030645675150264596,-1.815375745816195e-6,-5.717143825005767e-6,-3.759407313166389e-6,-4.1711748886345786e-5,-6.722846357470764e-6,-4.825360812703495e-7,-7.070789044432493e-6,-1.944302369948411e-5,-1.2369600127029403e-5,-2.0143234411238115e-5,-1.215184920745006e-5,-2.759674170563306e-5,-1.4543190548063905e-6,1.4111871278698333e-16,9.25500495243961e-16,-1.0656846417793731e-16,3.025122251115542e-17,-4.83127625381674e-16,-5.48333941900688e-16,2.838123192528893e-16,-9.236767339351697e-17,2.076637770410253e-17,-6.735146428682979e-16,-1.6086673356591017e-16,-2.570508884306087e-16,1.3846318452196446e-6,6.167830445269423e-7,5.40088375732051e-6,3.522569613320608e-7,8.649379297090557e-8,6.02611811418318e-7,1.0684397736645039e-6,5.220987596479611e-7,4.2317882256729505e-7,8.836737622463372e-7,4.2679446397231787e-7,5.224116805576816e-9,1.7274549748132542e-6,-1.4059765218356206e-15,5.777335046833651e-7,5.895824372974027e-16,-1.2637163683432216e-16,3.3644000459605514e-16,9.206495210581344e-17,-3.000136893307537e-16,4.1727568668273185e-16,3.6394817239089034e-16,-4.090173040768297e-16,1.1133248283794365e-16,5.333151030110004e-16,-4.1176855735927416e-16,6.421477806826804e-16,2.66114664247187e-16,1.8717446482818363e-16,0.0,0.0,0.0,0.0,0.0,0.0,0.0,0.0,0.0,0.0,0.0,0.0
6.762474211732005e-7,-0.00017685525661553515,1.441510238773797e-15,1.8271744845516407e-15,-6.616243748267853e-17,0.0007057593769082681,5.394694080261659e-5,-3.182607871279767e-6,0.0008235453001294762,-3.5060055643908775e-14,-3.016924385174427e-5,-1.008986239866577e-5,1.633682388456013e-14,0.0003259271130439818,9.06882966222396e-6,3.095803063061586e-5,2.35759100917717e-5,0.00019594730670984686,3.7155714178336484e-5,1.4819904560764378e-5,3.722161447839344e-5,9.997101840686124e-5,5.79472525286696e-5,0.00010599360754233858,5.879291732919223e-5,0.00013788043535037812,-7.558733966407125e-6,-1.022369557572305e-16,5.212607217868527e-16,5.739771767270983e-16,-1.403767977101944e-18,-6.520475486804688e-16,-1.3999610942937529e-16,1.822089946098787e-16,-4.2237018411538204e-16,-1.8074622861400883e-16,1.4361571673734227e-15,-7.150266757856533e-16,-2.0503692417942931e-16,-5.292577832016276e-6,-1.981440856882235e-6,-2.0798900416092313e-5,-1.1440430050500622e-6,7.245494322673124e-8,-2.858915929090727e-6,-2.2378778168424223e-6,-1.072408234895499e-6,-9.727076463307772e-7,-2.8360079089876094e-6,-9.553682398654403e-7,1.911319805749591e-8,-1.0472989642287746e-5,-8.90980632548794e-16,-3.502607655166365e-6,-1.6950033324396644e-16,-6.008540197430769e-16,-3.936437216895968e-16,6.530029323511504e-17,-3.0588296893273357e-16,1.7178589227365437e-17,1.7718680533602152e-16,-1.187163092854095e-18,-1.8103459456199244e-16,-4.360051640582846e-17,-3.244494802199322e-16,1.1036544656253287e-15,1.6891752682379135e-15,1.0367853019128343e-15,0.0,0.0,0.0,0.0,0.0,0.0,0.0,0.0,0.0,0.0,0.0,0.0
1.676661320003167e-7,-2.687561016126771e-6,1.4488026360541522e-15,-4.464756875993192e-16,1.5183380372520876e-16,1.1816376540588896e-5,1.5086524097291947e-6,-1.3683214200587351e-7,1.346171382573293e-5,-4.488074383810489e-16,-6.273096905348079e-7,-2.0979871106934386e-7,1.0934911331351344e-14,3.5702682696347396e-5,1.7291087490552655e-7,4.4959119017708544e-7,4.599955639310637e-7,3.105695045255719e-6,6.805482013303984e-7,6.621856542730013e-7,4.7157000839675384e-7,1.3807046387521903e-6,9.954137230194233e-7,1.4614220777436717e-6,9.70527534070934e-7,2.4346882295978335e-6,2.2876488603774245e-7,-8.8849746177432e-18,4.084923818290366e-17,2.5277502820537304e-16,1.3731696289669875e-17,-1.2105774868587047e-17,-2.629329083559823e-17,1.7583154480299e-17,3.1718720155573827e-16,-1.1536330059168355e-17,7.547636098648623e-16,-1.2969825709045323e-16,8.376492794206061e-17,-2.6770376823121104e-7,9.428510866605818e-9,-1.104655028186044e-6,-1.3918868599070386e-7,-1.5817562193442406e-7,-1.2966539236847943e-7,-2.967531710083847e-7,-2.4444165245994264e-7,-2.2842762291975596e-7,-3.196102602083059e-8,-1.8643932372682463e-7,-3.148048626797227e-9,9.86393713419896e-7,2.7454730203313544e-16,3.2989148858836666e-7,-1.8116583420001463e-16,-1.855599604488557e-17,2.840493823850486e-17,-2.054647571221775e-17,-5.5315959149969894e-17,1.3181022240756305e-16,2.4487396074689124e-16,2.791290212041101e-17,1.5663943238516986e-18,-5.0807112738048635e-17,-4.2942778502710907e-16,1.0913381538912898e-17,-7.109611065782204e-16,5.288900947353699e-16,-0.0,-0.0,-0.0,-0.0,-0.0,-0.0,-0.0,-0.0,-0.0,-0.0,-0.0,-0.0
6.762661920390479e-7,-0.00017685787351875572,1.4415102646190423e-15,1.8271742313879015e-15,-6.616239226917895e-17,0.000705770290162303,5.394020385639451e-5,-3.1824307304012472e-6,0.0008235571643328862,-3.506025466235481e-14,-3.016823931682009e-5,-1.0089526439974356e-5,1.666421690650854e-14,0.0003259292407004758,9.069107720127486e-6,3.0957969575655354e-5,2.3586403429519142e-5,0.00019594706446352157,3.715591583290618e-5,1.4819966101979212e-5,3.722160725394909e-5,9.997121633349788e-5,5.794738784370397e-5,0.00010599382317079627,5.87934532768634e-5,0.0001378808115313148,-7.5587303281465994e-6,-1.0223693821274881e-16,5.212607365965717e-16,5.739771942495217e-16,-1.4037520893328745e-18,-6.520475180869633e-16,-1.399961437551554e-16,1.8220894576281792e-16,-4.22370146349805e-16,-1.807462251862874e-16,1.4361571248738183e-15,-7.150266976191859e-16,-2.0503697488467724e-16,-5.292633237303603e-6,-1.9821316272281916e-6,-2.079920506788179e-5,-1.1440968159511883e-6,7.243293330351503e-8,-2.8589419011877454e-6,-2.2379602073306513e-6,-1.0724480727416686e-6,-9.72744678783775e-7,-2.8361062445987384e-6,-9.553985028867688e-7,1.9112777187797785e-8,-1.0472978080961961e-5,-8.909806454661348e-16,-3.502603788573214e-6,-1.6950031257431966e-16,-6.008540206480297e-16,-3.936437440598289e-16,6.530028196697246e-17,-3.0588303215119524e-16,1.717859451052602e-17,1.7718676477072255e-16,-1.1871728278309697e-18,-1.8103458928392827e-16,-4.360052571162435e-17,-3.244494007560967e-16,1.1036544667016963e-15,1.6891751211352048e-15,1.0367853138557546e-15,-0.0,-0.0,-0.0,-0.0,-0.0,-0.0,-0.0,-0.0,-0.0,-0.0,-0.0,-0.0
1.6766613178424325e-7,-2.6875574939321777e-6,1.4488026361361265e-15,-4.464756879587883e-16,1.5183380379767323e-16,1.1816362938396007e-5,1.5086434035283396e-6,-1.368318636762978e-7,1.346169688681843e-5,-4.488035929741425e-16,-6.273071130495148e-7,-2.0979784906575116e-7,1.101349521659773e-14,3.5702693616461885e-5,1.72910894585128e-7,4.495906522226628e-7,4.599940109234302e-7,3.1056914444918086e-6,6.805475171917389e-7,6.621854181137777e-7,4.7156948099530606e-7,1.3807027283328015e-6,9.954127136097584e-7,1.4614204080094101e-6,9.705258719886331e-7,2.434686375242735e-6,2.287648638922991e-7,-8.884974623477305e-18,4.084923816958847e-17,2.5277502824069034e-16,1.3731696290739943e-17,-1.2105774829907806e-17,-2.6293290855917463e-17,1.7583154461114937e-17,3.171872016327091e-16,-1.1536330059283071e-17,7.547636099845824e-16,-1.2969825709651339e-16,8.376492793548009e-17,-2.6770372953874103e-7,9.428473727997138e-9,-1.104654994168993e-6,-1.391887179406426e-7,-1.581756457843455e-7,-1.2966536671403408e-7,-2.9675320606045474e-7,-2.4444165905712255e-7,-2.2842763621029326e-7,-3.196102677876124e-8,-1.8643932621507234e-7,-3.1480487268890813e-9,9.863937599954692e-7,2.7454730207995167e-16,3.2989150416545306e-7,-1.811658342472704e-16,-1.855599604192308e-17,2.840493827463364e-17,-2.0546475748447714e-17,-5.531595919259214e-17,1.3181022249013946e-16,2.4487396083859775e-16,2.7912902153406167e-17,1.5663943670384113e-18,-5.080711262560304e-17,-4.294277850972806e-16,1.091338150549701e-17,-7.109611065511664e-16,5.288900948194641e-16,-0.0,-0.0,-0.0,-0.0,-0.0,-0.0,-0.0,-0.0,-0.0,-0.0,-0.0,-0.0
3.382177127783574e-7,-8.84268572384973e-5,7.216776420252827e-16,9.132875369075658e-16,-3.298307421848719e-17,0.00035287708114710594,2.697740701937785e-5,-1.59145793541061e-6,0.0004117698280913919,-1.752998081171121e-14,-1.5085317259982458e-5,-5.045163748274046e-6,8.112646216891265e-15,0.0001629832464853187,4.534326664271272e-6,1.547912342259863e-5,1.178290505159255e-5,9.797443381998599e-5,1.8577941704820997e-5,7.410246812354194e-6,1.8610860047705257e-5,4.998561738930188e-5,2.8973804301451814e-5,5.299691382679008e-5,2.9396417296500812e-5,6.89406567828914e-5,-3.7791706745968756e-6,-5.112350537849156e-17,2.6065307769514234e-16,2.8714733059859266e-16,-6.930450462835036e-19,-3.2602712095313125e-16,-7.001400166409473e-17,9.111459117789198e-17,-2.109780926403756e-16,-9.037930422130511e-17,7.185545197395321e-16,-3.57591905879301e-16,-1.0246312688323052e-16,-2.646397646515345e-6,-9.903594150746934e-7,-1.0399868345327019e-5,-5.72076643444143e-7,3.6136071480182256e-8,-1.4295090404754146e-6,-1.1190738455047043e-6,-5.363344052373463e-7,-4.864758692705992e-7,-1.4179565307070469e-6,-4.777826142219329e-7,9.55465373301333e-9,-5.235794132253374e-6,-4.453075283763741e-16,-1.751069487787448e-6,-8.486560899631744e-17,-3.004348421245693e-16,-1.9680087735732332e-16,3.263648269448937e-17,-1.52974960506272e-16,8.674002484174156e-18,8.874980238995944e-17,-5.75604960786553e-19,-9.05150537503348e-17,-2.183265299937368e-17,-1.6249892372160288e-16,5.518267078594772e-16,8.441186071996027e-16,5.187259278721051e-16,-0.0,-0.0,-0.0,-0.0,-0.0,-0.0,-0.0,-0.0,-0.0,-0.0,-0.0,-0.0
3.382363745544083e-7,-8.842945684084613e-5,7.216776677756263e-16,9.132872850151716e-16,-3.29830292258013e-17,0.00035288792289035276,2.697070393701657e-5,-1.5912816603335058e-6,0.00041178161330732773,-1.7530176387685037e-14,-1.5084317049193975e-5,-5.0448292357614824e-6,8.430709602626315e-15,0.0001629853682126999,4.53460311542504e-6,1.5479062406096907e-5,1.1793336442160753e-5,9.797419085701012e-5,1.8578141782112422e-5,7.410307854716395e-6,1.8610852553030092e-5,4.9985813032516776e-5,2.8973938230092957e-5,5.29971272095363e-5,2.9396949144293225e-5,6.894102967188857e-5,-3.779166245270265e-6,-5.11234879393486e-17,2.6065309241147954e-16,2.8714734803894068e-16,-6.930292502144603e-19,-3.260270905151561e-16,-7.001403580210258e-17,9.111454260286578e-17,-2.1097805504878322e-16,-9.037930081335403e-17,7.185544775571651e-16,-3.5759192758899545e-16,-1.0246317729613638e-16,-2.6464527062831036e-6,-9.91046190185931e-7,-1.04001712022011e-5,-5.721301600549029e-7,3.611417548777711e-8,-1.4295348460047851e-6,-1.119155777306793e-6,-5.363740152136559e-7,-4.865126940989538e-7,-1.4180542951170141e-6,-4.778127027015514e-7,9.554231909194564e-9,-5.235782610693782e-6,-4.453075411953609e-16,-1.7510656344937718e-6,-8.486558847501599e-17,-3.00434843022666e-16,-1.9680089957597188e-16,3.2636471470522627e-17,-1.5297502338122745e-16,8.674007785868525e-18,8.874976211778547e-17,-5.756146193335025e-19,-9.051504847808516e-17,-2.1832662185843312e-17,-1.6249884476216203e-16,5.5182670891172e-16,8.44118460968956e-16,5.187259397950567e-16,-0.0,-0.0,-0.0,-0.0,-0.0,-0.0,-0.0,-0.0,-0.0,-0.0,-0.0,-0.0
-0.0006379701577860445,0.055026793905976444,1.7729570988294228e-15,1.3039583523192076e-14,1.3318115357577442e-15,-0.23364402610544613,0.17088869205521606,-0.005017568528312461,-0.242710183333864,2.758649993964759e-12,-0.027395463105222947,-0.0091621936043085,3.279512682931587e-14,-0.06170846843173322,-0.010066789340793497,-0.005159598472878944,0.010920627757817986,-0.2611761484331252,-0.001058864634386783,-0.0009559557282973638,0.0008876802732636087,-0.003532213016400951,-0.0018756683456332113,-0.0032023195416004016,-0.004540052286780064,-0.006123964699624405,-0.00011582160495092693,-6.564937765894107e-16,-4.6647612727958606e-15,1.0004378918556345e-15,-8.717328021381425e-16,1.3210014455899387e-15,1.9763592263371667e-15,3.7298520828502066e-15,2.7175328140773302e-15,-8.152349293699312e-16,4.507080456452103e-15,-2.716314686386827e-16,3.1333176959175346e-15,0.0028519235080449188,0.0027495475736322773,0.03521680178158783,0.0012287643656559962,0.000619302902595879,0.0006293628877838442,0.0022601238108737563,0.001097979249682539,0.001010735984135848,0.0026122912541937317,0.0008544463518314752,1.2603093021000951e-5,-0.00031679650693317946,4.479305323135002e-15,-0.00010595005889066924,-3.391026027334452e-15,2.4670421308191176e-15,9.364219819769747e-16,2.4184161215670567e-15,1.047644905801478e-15,1.6571057700997812e-15,-1.3247666902097152e-15,1.3129232390457478e-15,-1.3256098038270638e-16,-8.369394781539238e-16,-3.937273168314841e-15,-2.284438529232495e-15,-1.2873873994871563e-15,1.6280436096637207e-15,-0.0,-0.0,-0.0,-0.0,-0.0,-0.0,-0.0,-0.0,-0.0,-0.0,-0.0,-0.0
6.703582604101847e-6,-0.10254241556656982,2.02581849426577e-15,1.5069518530107918e-14,4.3248610482094274e-16,0.3959911747712274,0.2623370981649246,-0.008106868980704276,0.49316494103029634,-1.1194451321004766e-10,-0.07507592984835987,-0.02510854449339223,-3.471250216947373e-15,-0.3180337611191851,-0.0005800376075651161,0.015568200412281734,0.04563681071456781,0.10453289009636932,0.019899205778203102,0.006885196004903093,0.015343343766550709,0.055590017279357036,0.029382757428004492,0.04858007557801543,0.04839896905108697,0.05394304981342135,0.0006525079728782857,-5.537665786087767e-16,-2.9058124904182135e-15,5.295168322358113e-16,-5.357919484812271e-16,6.874064725002345e-16,1.858917263674219e-15,2.0795848960196257e-15,4.426065323596559e-16,-5.260273322024179e-16,2.0824496507818525e-15,-4.3042678551660224e-16,1.6318812484729994e-15,-0.0011108510986314352,0.0010632454359941034,-0.0009573160595058539,0.0009310651507084221,0.0006943245575911543,-0.0007462692349902209,0.001021953339786623,0.00019206697002334256,0.0003874361599629442,2.6716254122622054e-5,7.203317735942006e-5,2.8558958607457747e-6,-0.001323216524754971,5.795514063332514e-15,-0.00044253918737742595,-1.83245432986621e-15,1.347807048917533e-15,-6.137232639582042e-16,2.1499682219352395e-15,7.643768375264692e-16,-7.995362172293997e-16,-3.372791913434714e-15,3.303455228483518e-16,-1.1014420926465404e-15,-3.59210965842847e-15,-1.0667866466075056e-15,-7.55030837176255e-16,-5.9658580977508596e-15,-2.314918752328363e-16,-0.0,-0.0,-0.0,-0.0,-0.0,-0.0,-0.0,-0.0,-0.0,-0.0,-0.0,-0.0
3.472455843538977e-7,0.00027450649566137375,2.8206509249971956e-15,9.077767689137193e-15,3.769079868614757e-15,-0.0011040131655050054,-7.406198633889976e-5,9.720252233889669e-6,-0.0012870672617671345,2.1468955348267853e-13,4.423333553455166e-5,1.4793485417552993e-5,1.4016227493564571e-14,0.00020049014891293447,-1.4813213806005525e-5,-4.6683435415823155e-5,-3.031355428770441e-5,-0.00031530602454180154,-5.713286347432389e-5,-1.6479150034470998e-5,-5.7401900648221314e-5,-0.0001661233604917275,-7.798334379525664e-5,-0.00017414263335358235,-9.228811663166903e-5,-0.00022328794259437906,1.6788532912846778e-5,-1.177476553725397e-15,-5.626272588389239e-15,1.80886703691835e-15,-8.862013727187188e-16,3.06640550634673e-15,2.1983460866797533e-15,2.4854704350256325e-15,3.485317409580083e-15,-8.478366214206263e-16,6.936983272153262e-15,-6.068793263362782e-16,2.141731695040181e-15,7.729621588781249e-6,5.190864509541196e-6,3.208502931502905e-5,1.4501019566042885e-6,-6.177623361070867e-7,3.909797597573771e-6,2.958449416662438e-6,8.633165172493167e-7,1.0666109543825684e-6,8.983400476386443e-6,2.3359376094003867e-7,-4.441629118535963e-8,5.37560770773918e-5,1.1093894399517666e-14,1.7978290191764044e-5,-4.791267478645166e-15,2.4512190477704197e-15,6.44863309829435e-16,1.890739972267166e-15,-6.241641451569799e-16,2.2702125774445807e-15,-1.9367185686203615e-15,2.0695128647201077e-15,2.5801153066816094e-16,-3.642410570891743e-16,-3.851927377742539e-15,-2.9182638226343362e-15,-6.405615010050177e-15,2.045341308592331e-15,-0.0,-0.0,-0.0,-0.0,-0.0,-0.0,-0.0,-0.0,-0.0,-0.0,-0.0,-0.0
5.227059455510664e-7,0.0001595822651220729,4.414303978040268e-15,4.5949720926456575e-15,2.5434354283674735e-15,-0.0006399068785896708,-4.15883881764023e-5,5.568633768132114e-6,-0.0007466001793136301,1.2779348245158452e-13,2.5351200436342635e-5,8.478506298421164e-6,2.8976078395652195e-14,0.00018688321964832158,-8.558499569123604e-6,-2.7154179104255923e-5,-1.7320344997163643e-5,-0.00018325683492391098,-3.298611153898091e-5,-8.642590247325657e-6,-3.354062100993509e-5,-9.702840481744269e-5,-4.49079541403676e-5,-0.00010168724062711108,-5.352413663106981e-5,-0.00012933165434311292,1.0495767043862868e-5,-7.218849727445502e-16,-3.293801663760073e-15,1.5584855097008932e-15,-5.049759443359721e-16,1.814736714902112e-15,1.2674606353335219e-15,1.5216231906353749e-15,2.6850826387837147e-15,-5.293302990123315e-16,5.573795391540855e-15,-6.067223372437435e-16,1.440749945434051e-15,4.132557441442745e-6,3.1293967097556663e-6,1.7164832841215535e-5,6.08036702655864e-7,-6.677919235731912e-7,2.1013625540863332e-6,1.216318527361509e-6,5.839687902917855e-8,2.1018262065450368e-7,5.324209370339159e-6,-2.0978292322535545e-7,-3.2552262784096814e-8,3.4068049396727316e-5,7.162817195225849e-15,1.1393786737546977e-5,-3.2106223323047274e-15,1.4340492682978782e-15,4.4019734922009544e-16,1.0937749296715305e-15,-4.775918679715298e-16,1.607854916375161e-15,-6.99443235537581e-16,1.2921346742030628e-15,1.577127578563172e-16,-3.137362934536888e-16,-3.114994970841541e-15,-1.7287960772998896e-15,-5.1768862258345536e-15,2.2191938005377805e-15,-0.0,-0.0,-0.0,-0.0,-0.0,-0.0,-0.0,-0.0,-0.0,-0.0,-0.0,-0.0
-0.00039220834112128905,-0.007072730212264666,7.308083796177043e-16,1.1601883700091315e-14,-4.242790117387225e-16,0.014246951396123423,0.21068344325301844,-0.006352312519734023,0.04757427462474466,-4.315945096770183e-11,-0.04699091132806643,-0.015715734593613525,1.845691295569346e-14,-0.16547092931408333,-0.006455254024407588,0.003053203153576376,0.025016451883231972,-0.11971382891001422,0.007327869944489991,0.002167225696703425,0.006712168298032205,0.0201212051005694,0.010626470123145935,0.017527690643800664,0.01658514631504836,0.01789176173550807,0.00018306178452530804,-1.8198043751884933e-16,-1.9130371802252712e-15,1.2344075160351944e-16,-4.1190737153505745e-16,-7.478649330469015e-17,1.1257427405056138e-15,2.1800811829445735e-15,5.094880051881815e-16,-3.802554667002369e-16,9.451877735246038e-16,-9.98788314362379e-17,1.7765219483938074e-15,0.0013171483713816797,0.0021246220165845107,0.02139860900872471,0.0011319341026514251,0.000661095341350593,8.913872087769048e-5,0.0018057080593520075,0.000755729093792,0.0007797593942546102,0.0016234897474514385,0.0005572821928066345,8.95648941174752e-6,-0.0007457800071698448,5.744151311420721e-16,-0.00024942016075964494,-9.605105378448807e-16,1.152296191072225e-15,-7.974564718141135e-17,1.8258943906645934e-15,1.1858289014281234e-15,-2.1553041783103428e-16,-1.6172866900988239e-15,5.3425950177631454e-17,-7.284644940389758e-16,-1.4765947214497448e-15,-1.3047404240865451e-15,-2.4568173092494086e-16,-6.995454672062336e-16,1.0675005015254032e-16,-0.0,-0.0,-0.0,-0.0,-0.0,-0.0,-0.0,-0.0,-0.0,-0.0,-0.0,-0.0
2.915351983173629e-7,0.00013298740102100386,2.4328417059300205e-15,4.1355765359585755e-15,1.9613726376599093e-15,-0.0005341188498201014,-3.5316253894021305e-5,4.67749559196644e-6,-0.0006229073769991007,1.0515585634466787e-13,2.1289568858452763e-5,7.120126091119053e-6,1.4789375588741413e-14,0.0001241595588642956,-7.156019913744242e-6,-2.2622065048931466e-5,-1.4569553483426565e-5,-0.00015273625608087127,-2.759109229164709e-5,-7.623198874625587e-6,-2.7874435881639787e-5,-8.065454413434613e-5,-3.761566876663335e-5,-8.453836626517721e-5,-4.4661139600391534e-5,-0.00010799146903601112,8.416195585991681e-6,-5.848019779511057e-16,-2.7345475395488764e-15,1.0711479267507536e-15,-4.254048304423778e-16,1.4978897370103426e-15,1.0609631396765897e-15,1.2335945806357106e-15,1.9417417979621766e-15,-4.2475066241405127e-16,3.95296143996413e-15,-3.9159784339749493e-16,1.1127859876542328e-15,3.6059478080432976e-6,2.5577064044608406e-6,1.497219383165549e-5,6.122097774818712e-7,-4.179097425335864e-7,1.8282007300662643e-6,1.2397176133827346e-6,2.477957860526117e-7,3.591982046903126e-7,4.391214307304075e-6,-1.96515709608639e-8,-2.4104937047589583e-8,2.712547345147077e-5,5.6487564904472366e-15,9.071897722363853e-6,-2.4846171602952555e-15,1.1909963130474976e-15,3.375116488468527e-16,9.13915302430618e-16,-3.4648051174169643e-16,1.2105474873691883e-15,-7.743621429137203e-16,1.0368168118365078e-15,1.2796319824287e-16,-2.1565744714474327e-16,-2.202667973909831e-15,-1.4261903609836837e-15,-3.661712563298454e-15,1.3868073967933045e-15,0.0,0.0,0.0,0.0,0.0,0.0,0.0,0.0,0.0,0.0,0.0,0.0
-4.992549432716074e-5,0.008263521596876855,6.88084616829856e-16,4.508457962246478e-16,1.376523874645372e-16,-0.034585551701309405,0.021972969803321835,-0.0005526892124956695,-0.03731822355007824,6.810391770733365e-13,-0.003513653067177798,-0.0011751131760807945,-6.665554676098552e-15,-0.007597672153945442,-0.0008860047121162106,0.00023043306277038602,0.0011837508543273497,0.0015201318510878012,-0.04149335131393671,-0.0001835883320464886,0.00011690134072039525,-0.0002545145698920401,-0.0005651072431914817,-0.0006526909807770279,-0.00044267711783591165,-0.001229479665389205,-1.2509025240093744e-5,-4.3983070831991487e-16,-3.6357057948473036e-16,2.268865204946824e-16,-1.5574487921106918e-16,-3.06266958728924e-17,2.6302096715268427e-16,6.022115981505839e-16,-4.324388227040365e-16,-1.1281163076733423e-16,1.207501623121825e-15,7.658647144657854e-17,8.68769841159914e-17,0.00016758768070952932,0.0003025313883404774,0.0008871554133980372,0.0016803696926011,6.935672145753525e-5,7.26070054164485e-5,0.00024857044337510685,0.00012514102024333395,0.00011504717993607561,0.0002607537853693902,9.027499197970787e-5,1.2465235769239999e-6,-3.4098674177563064e-5,1.3349568012999811e-15,-1.1404028953272884e-5,-5.246524619256294e-16,6.497297060066678e-17,1.922120733418763e-16,-7.068244601377808e-17,-6.28159177139215e-17,2.0250285134488923e-16,-6.309261078707388e-17,5.006532219755523e-16,-1.2867675884920596e-16,1.6021796778194422e-17,-1.363064088623074e-16,1.0378413014296895e-16,-3.420842958225412e-16,1.8858451419744908e-16,-0.0,-0.0,-0.0,-0.0,-0.0,-0.0,-0.0,-0.0,-0.0,-0.0,-0.0,-0.0
1.6722859184384095e-7,-2.5735096989023156e-6,1.4478690190519657e-15,-4.476571574433433e-16,1.5187647175063562e-16,1.1361196933947763e-5,1.4746490427078602e-6,-1.348010813416656e-7,1.2930674179799101e-5,-4.265050877095274e-16,-6.080496617991929e-7,-2.033573484696797e-7,1.0920630419703167e-14,3.5490761637118026e-5,1.670426563865562e-7,4.2961916415839907e-7,4.4489334497837416e-7,2.979303678454932e-6,6.565800072139648e-7,6.526224769077863e-7,4.4754572258824596e-7,1.316227841915863e-6,9.580305593630025e-7,1.3930259883774312e-6,9.326614671372645e-7,2.3456840778165796e-6,2.3365614544437e-7,-8.818845282960113e-18,4.051203055528494e-17,2.524035536655311e-16,1.3732589384987058e-17,-1.1684000180968709e-17,-2.6202707436559783e-17,1.7465293281394137e-17,3.174601278557911e-16,-1.1419410376149807e-17,7.538340445987882e-16,-1.2923564541779378e-16,8.38974826621e-17,-2.642839091137529e-7,1.0714198282483487e-8,-1.0912040111743531e-6,-1.3844533200730418e-7,-1.5821999565712168e-7,-1.2781858000109736e-7,-2.9530190412800074e-7,-2.4374711875306663e-7,-2.2779693296577508e-7,-3.012644727533313e-8,-1.8582095463389346e-7,-3.1603991969204547e-9,9.931627998435617e-7,2.7512342756797816e-16,3.321553554246265e-7,-1.8105605245794385e-16,-1.8167328305527334e-17,2.865953584959503e-17,-2.0588696416580065e-17,-5.5118061108121407e-17,1.3179899890448956e-16,2.447591327230759e-16,2.791365399663813e-17,1.6834883484180024e-18,-5.077887461945541e-17,-4.2921756039276704e-16,1.0199496867588867e-17,-7.120531487189301e-16,5.282190247021989e-16,-0.0,-0.0,-0.0,-0.0,-0.0,-0.0,-0.0,-0.0,-0.0,-0.0,-0.0,-0.0
4.848291728955387e-7,-5.575802764949455e-5,6.24660633558691e-16,-1.1470750526953188e-16,2.8681481864142325e-16,0.000223072620025993,1.8928569405532943e-5,-5.446356585762939e-6,0.00026033410262345523,1.477335393236547e-13,-1.1191418727647069e-5,-3.7428805133474086e-6,-9.259688743636725e-15,0.0003310922021630461,2.8552638021265296e-6,9.835524716405959e-6,8.756619633448454e-6,6.059431428804902e-5,1.1391096402193957e-5,4.618705876247864e-6,1.1677754720264895e-5,3.095251320403543e-5,1.965782252278291e-5,3.2738726344394506e-5,1.883314049429644e-5,3.88635115097749e-5,2.569431219739374e-6,-4.464044358061222e-16,-3.4713975200569226e-16,3.164678595621588e-16,-1.7138507215332133e-16,1.6470645050894958e-16,2.817151972849071e-16,5.16580074287873e-16,-2.323133891637073e-16,-1.210814935986804e-16,1.3926749706602723e-15,4.8501390427910106e-17,-3.3857101290170586e-17,-1.9043419198793717e-6,-1.2173848020707133e-8,-7.3361711835734315e-6,-5.028716235397575e-7,-2.563733433781599e-7,-1.0745131665839383e-6,-1.0492437493137904e-6,-7.672265119720478e-7,-7.035248965375044e-7,-4.1160016693349354e-7,-7.223654958444199e-7,-1.1250020943513087e-8,1.2319587229433166e-5,2.242552461075493e-15,4.120187451271195e-6,-6.107870103841642e-16,4.9893292117471844e-17,1.7630999369824828e-16,-1.5671103603401664e-16,-3.6471232238105747e-16,3.083656557941256e-16,-2.5744378302283256e-16,5.338026668114895e-16,3.203220703415603e-17,2.3968517015427934e-16,-2.0777149676694415e-16,7.02880821261058e-18,-9.637082491869206e-16,2.2952594959060796e-16,-0.0,-0.0,-0.0,-0.0,-0.0,-0.0,-0.0,-0.0,-0.0,-0.0,-0.0,-0.0
1.6722857110033942e-7,-2.573159025652729e-6,1.4478690272062122e-15,-4.476571932365045e-16,1.5187647896164254e-16,1.1359842697513676e-5,1.4737522653606371e-6,-1.347733576369598e-7,1.2928987694125686e-5,-4.2612223186570126e-16,-6.077930288854672e-7,-2.0327151964532015e-7,1.0903154463382189e-14,3.5491848916158455e-5,1.6704461754800042e-7,4.295658643533438e-7,4.4473736009479056e-7,2.978945209690697e-6,6.565135382628626e-7,6.525989289962898e-7,4.474931892868696e-7,1.3160376021257065e-6,9.579300443422484e-7,1.3928596343962015e-6,9.324959464422213e-7,2.3454993511648497e-6,2.3365395238287588e-7,-8.81884585616011e-18,4.051202923319747e-17,2.5240355718203104e-16,1.3732589489760134e-17,-1.1683996326702773e-17,-2.620270945705853e-17,1.7465291374923246e-17,3.174601355223721e-16,-1.1419410387580936e-17,7.538340565268337e-16,-1.2923564602024246e-16,8.389748200692311e-17,-2.6428009934308955e-7,1.0710571754446052e-8,-1.0912006264233767e-6,-1.3844857345360974e-7,-1.5822237106174684e-7,-1.2781602465304784e-7,-2.9530539526966515e-7,-2.43747776848882e-7,-2.2779825743297655e-7,-3.01265240020876e-8,-1.8582120326303446e-7,-3.160409081599511e-9,9.931674375608555e-7,2.7512343225594926e-16,3.321569064722816e-7,-1.8105605716557334e-16,-1.8167328011514885e-17,2.8659539449621024e-17,-2.0588700026286098e-17,-5.5118065358492834e-17,1.3179900713111195e-16,2.4475914184944403e-16,2.791365728128047e-17,1.6834926549578213e-18,-5.0778863410951876e-17,-4.2921756739260427e-16,1.0199493540120002e-17,-7.120531460343848e-16,5.282190330747839e-16,-0.0,-0.0,-0.0,-0.0,-0.0,-0.0,-0.0,-0.0,-0.0,-0.0,-0.0,-0.0
-5.016509450519285e-5,0.008290530487715702,3.739057202110146e-16,5.236397378389186e-16,-6.378101748823435e-18,-0.034693597406740585,0.021963808137826137,-0.0005500116497681487,-0.03744432543443922,6.063734167206932e-13,-0.00350820793400864,-0.0011732920948285467,-1.9436814224665355e-15,-0.00776465158634328,-0.0008873847787933095,0.00022564772569030666,0.0011794448366776514,0.0014908825903356604,-0.041498870371717525,-0.00018588184144012408,0.00011122537630035252,-0.0002694910781332611,-0.0005746689100343653,-0.0006685362982244177,-0.0004517949266709823,-0.001248183161155066,-1.3791651101858464e-5,-2.1638284392938326e-16,-1.886658208475697e-16,6.797894991114404e-17,-6.9737003121711e-17,-1.137602384347755e-16,1.2152281862869623e-16,3.43045868277808e-16,-3.1741842446798937e-16,-5.1840882251702723e-17,5.09139990814985e-16,5.259297508791612e-17,1.0330943288158067e-16,0.00016851458106772088,0.00030252913619615174,0.0008907059636250682,0.0016806146980302944,6.948459200373534e-5,7.313088419085805e-5,0.00024908146202040263,0.00012551740472769449,0.00011539205311304686,0.0002609425470017669,9.062989276132623e-5,1.2520959841494466e-6,-4.0277353149523765e-5,2.0558080512723733e-16,-1.3470438735650096e-5,-2.1726686621367826e-16,3.9762446534317224e-17,1.007609918606811e-16,1.0718685613126385e-17,1.1955936323088222e-16,4.674399132785632e-17,6.276979593398955e-17,2.313113645754835e-16,-1.4677280892105542e-16,-9.743150958247291e-17,-2.99507439369116e-17,1.0772286981337684e-16,1.4181639327794942e-16,7.303169774345367e-17,0.0,0.0,0.0,0.0,0.0,0.0,0.0,0.0,0.0,0.0,0.0,0.0
2.424145897221498e-7,-2.7879013875987336e-5,3.123303451668679e-16,-5.735376141179565e-17,1.4340741229847921e-16,0.00011153631023893522,9.464284731216287e-6,-2.7231782954949567e-6,0.00013016705156928215,7.386676965325165e-14,-5.595709375991467e-6,-1.8714402607456375e-6,-4.6309430909120515e-15,0.00016554610177623946,1.4276319043110235e-6,4.9177623664682955e-6,4.37830982570836e-6,3.029715720178401e-5,5.695548213823909e-6,2.3093529508495335e-6,5.838877368698699e-6,1.54762566275436e-5,9.828911279981403e-6,1.636936319910476e-5,9.416570271721973e-6,1.943175580015273e-5,1.284715614441375e-6,-2.2320221807595e-16,-1.7356987520851287e-16,1.5823393472981634e-16,-8.569253580740685e-17,8.235322502536689e-17,1.408575981286858e-16,2.5829003748631134e-16,-1.1615668835763782e-16,-6.054074702323027e-17,6.963375001100598e-16,2.425069268010365e-17,-1.6928549000208777e-17,-9.521709650737374e-7,-6.086923759600445e-9,-3.6680856129681506e-6,-2.5143581446614604e-7,-1.281866747881706e-7,-5.372565857775795e-7,-5.246218804241764e-7,-3.8361326075044827e-7,-3.517624527234861e-7,-2.058000841652549e-7,-3.611827515595698e-7,-5.625010533245617e-9,6.1597936341751955e-6,1.1212762359319153e-15,2.0600937321434295e-6,-3.053935087418902e-16,2.4946645702514854e-17,8.815499741100464e-17,-7.83555184206955e-17,-1.8235616227118953e-16,1.5418283048111109e-16,-1.2872188671255816e-16,2.6690133395300903e-16,1.6016103550078474e-17,1.1984258408152434e-16,-1.0388575679882976e-16,3.5144043063034836e-18,-4.818541385542057e-16,1.1476298515178199e-16,-0.0,-0.0,-0.0,-0.0,-0.0,-0.0,-0.0,-0.0,-0.0,-0.0,-0.0,-0.0
-8.266843225146748e-7,9.791084964301655e-5,-1.1044470945700266e-15,-6.9156199331957e-17,1.7332960597123712e-15,-0.0003918048630173752,-3.157736863783692e-5,4.829804143581545e-6,-0.0004557279688384738,1.2895476168216649e-13,1.765264706171203e-5,5.9037866728775524e-6,-5.593652644999999e-15,9.037188631036163e-5,-5.196138523732691e-6,-1.630802309628491e-5,-1.0512874343960513e-5,-0.0001144072226445483,-1.8831978887879537e-5,-2.553455206232112e-6,-1.9711075404598342e-5,-5.4416011591342044e-5,-3.3565758825349075e-5,-5.6979377282643655e-5,-3.3285464214572595e-5,-8.013512102116225e-5,1.4222233472210587e-7,-4.883331728297314e-16,-1.1503718195666918e-15,2.414921446751972e-15,-5.353007734611973e-16,9.037348867043755e-16,-3.903280170949551e-16,9.750630454643974e-16,-3.34762935695585e-16,-8.076516349138482e-16,1.4093195428040866e-15,-6.434215850216105e-16,-1.6013563277032091e-15,3.346660881980171e-6,9.65312551393676e-7,1.4513216538977788e-5,8.925075071457777e-7,3.3639977639921685e-7,1.6999751604729742e-6,1.8317662565319502e-6,1.2283653016794087e-6,1.1257092685820883e-6,9.741715116440242e-7,8.295281588182062e-7,5.129002940356391e-9,5.23159607110153e-7,6.5466813673147315e-15,1.749665466386951e-7,-4.411438554167253e-16,7.429769963056298e-16,-1.1054991968678986e-16,1.2757415522465948e-15,1.682150148451099e-16,5.825852982061106e-16,-8.723281238422411e-16,2.878899913370078e-16,1.2112568702759518e-16,-8.359240150992509e-16,-2.0555713015025626e-16,-2.6420339471229667e-16,-1.6873747082910072e-16,-4.1414211538588016e-16,-0.0,-0.0,-0.0,-0.0,-0.0,-0.0,-0.0,-0.0,-0.0,-0.0,-0.0,-0.0
1.6722856159090158e-7,-2.573157925768726e-6,1.4478690149590447e-15,-4.476571909872538e-16,1.518764733383067e-16,1.1359838297997402e-5,1.4737518978982e-6,-1.3477325164988444e-7,1.2928982557795618e-5,-4.261251251855061e-16,-6.077928084712841e-7,-2.032714459240736e-7,1.0902570692813514e-14,3.549184243130054e-5,1.6704456160893558e-7,4.295656726602824e-7,4.4473718801308794e-7,2.9789440295085297e-6,6.565133160163474e-7,6.525988383891118e-7,4.474929619343309e-7,1.3160369976481183e-6,9.579296605568604e-7,1.3928589953225417e-6,9.32495577395893e-7,2.345498627045051e-6,2.3365390204650576e-7,-8.818837103755116e-18,4.051203603931297e-17,2.524035509773103e-16,1.3732592849984016e-17,-1.1683999555992409e-17,-2.620271498051655e-17,1.7465281246646333e-17,3.1746014007723994e-16,-1.1419408013644616e-17,7.538340292214887e-16,-1.292356469711758e-16,8.389748267073993e-17,-2.6428006218890957e-7,1.0710571955424583e-8,-1.0912004834381168e-6,-1.3844856364998733e-7,-1.5822236604113875e-7,-1.278160036793698e-7,-2.9530537475937845e-7,-2.43747761831231e-7,-2.277982436669998e-7,-3.012651594424253e-8,-1.8582118868284143e-7,-3.1604088612318425e-9,9.931671960373788e-7,2.7512338828759562e-16,3.3215682569613154e-7,-1.8105604519026982e-16,-1.8167328989715297e-17,2.865953599285859e-17,-2.0588696953656892e-17,-5.511805820748571e-17,1.3179900108519108e-16,2.44759146897304e-16,2.7913646815485304e-17,1.6834920269436303e-18,-5.077886811051003e-17,-4.292175633189436e-16,1.0199493402113034e-17,-7.120531271391904e-16,5.282190285746445e-16,0.0,0.0,0.0,0.0,0.0,0.0,0.0,0.0,0.0,0.0,0.0,0.0
-8.266729467747072e-7,9.790788731311526e-5,-1.1044470267674371e-15,-6.915637408204045e-17,1.7332961025075061e-15,-0.0003917926437642984,-3.158431134948612e-5,4.8299621494244805e-6,-0.0004557143542384834,1.2895452966933458e-13,1.7653710613783896e-5,5.904142369333498e-6,-5.5689196202005385e-15,9.037409426799718e-5,-5.195897703883331e-6,-1.6308089178886125e-5,-1.051348585357901e-5,-0.00011440762079660832,-1.8832010247638027e-5,-2.539654038112188e-6,-1.971110557019716e-5,-5.441593507365052e-5,-3.3565622413145175e-5,-5.697911470709147e-5,-3.328542707615105e-5,-8.013464220219687e-5,1.4222888168729856e-7,-4.883331821843421e-16,-1.1503718082092631e-15,2.4149214571829528e-15,-5.353007658972392e-16,9.037349235735098e-16,-3.90328017828646e-16,9.750630158350297e-16,-3.3476291594891236e-16,-8.076516292399728e-16,1.4093195841529759e-15,-6.434215973030555e-16,-1.6013563670562426e-15,3.34661017840467e-6,9.652507392788827e-7,1.4512938068937144e-5,8.924678536304845e-7,3.3622399816085206e-7,1.6999528811662926e-6,1.8316944840104317e-6,1.2283306201492824e-6,1.1256751753563382e-6,9.741033513886188e-7,8.295023390989408e-7,5.128652767920626e-9,5.231737707240104e-7,6.5466814599405205e-15,1.7497128354614298e-7,-4.411438744689161e-16,7.429769849806539e-16,-1.1054992360337476e-16,1.2757415167645606e-15,1.6821493734714126e-16,5.825853098556883e-16,-8.723281528129541e-16,2.878900027658241e-16,1.211257068365576e-16,-8.359239763455767e-16,-2.0555710083272866e-16,-2.642033892929931e-16,-1.6873764607843738e-16,-4.141421024045503e-16,0.0,0.0,0.0,0.0,0.0,0.0,0.0,0.0,0.0,0.0,0.0,0.0
1.6722856158880793e-7,-2.5731579258554062e-6,1.4478690149590482e-15,-4.4765719098723e-16,1.518764733383106e-16,1.1359838298317353e-5,1.4737518978667223e-6,-1.3477325166897047e-7,1.2928982558254747e-5,-4.261251251440132e-16,-6.077928084471127e-7,-2.0327144592981797e-7,1.0899026640553102e-14,3.549184243137665e-5,1.6704456160360576e-7,4.295656727734833e-7,4.4473718800877903e-7,2.9789440297343847e-6,6.565133160393408e-7,6.525988382908417e-7,4.474929619611788e-7,1.3160369978021064e-6,9.57929660512587e-7,1.3928589953791176e-6,9.324955776278936e-7,2.345498627292283e-6,2.3365390207798444e-7,-8.818837103756043e-18,4.051203603931002e-17,2.524035509773121e-16,1.3732592849983994e-17,-1.1683999555990507e-17,-2.620271498051334e-17,1.7465281246643097e-17,3.174601400772362e-16,-1.1419408013645023e-17,7.538340292214892e-16,-1.292356469711748e-16,8.389748267073842e-17,-2.6428006217470356e-7,1.0710571967805371e-8,-1.0912004833705985e-6,-1.3844856364759385e-7,-1.5822236603667706e-7,-1.2781600367504746e-7,-2.9530537475374615e-7,-2.437477618229088e-7,-2.2779824366207305e-7,-3.0126515959365666e-8,-1.8582118867629305e-7,-3.1604088622738514e-9,9.931671960331671e-7,2.751233882876084e-16,3.321568256949514e-7,-1.8105604519027184e-16,-1.8167328989718443e-17,2.865953599285445e-17,-2.0588696953659816e-17,-5.511805820748538e-17,1.3179900108518418e-16,2.447591468973e-16,2.791364681548617e-17,1.6834920269416628e-18,-5.0778868110520134e-17,-4.2921756331893213e-16,1.01994934021081e-17,-7.120531271391879e-16,5.282190285746425e-16,-0.0,-0.0,-0.0,-0.0,-0.0,-0.0,-0.0,-0.0,-0.0,-0.0,-0.0,-0.0
-4.1334784910326614e-7,4.895690599816235e-5,-5.522235786410218e-16,-3.457801886993004e-17,8.666480109594747e-16,-0.00019590854117817514,-1.5785212958096123e-5,2.4148230683176577e-6,-0.00022787079178322853,6.447749684781391e-14,8.825791756705079e-6,2.951715488824535e-6,-2.7787582185721016e-15,4.5184839187536674e-5,-2.5981896714842846e-6,-8.153978504906408e-6,-5.256131417675023e-6,-5.720341223442392e-5,-9.415973762138762e-6,-1.283628186657314e-6,-9.855522616948224e-6,-2.7208044049651264e-5,-1.6782947615751614e-5,-2.848981992428496e-5,-1.6642750675434944e-5,-4.0067799912821305e-5,7.110776864064152e-8,-2.4416658173755455e-16,-5.751859154621282e-16,1.2074607181605962e-15,-2.676503905125902e-16,4.518674249176421e-16,-1.9516400818065107e-16,4.875315375469462e-16,-1.6738147772110684e-16,-4.0382582029387836e-16,7.046597507277126e-16,-3.2171078637007233e-16,-8.006781441751623e-16,1.6733557923085464e-6,4.826871816070471e-7,7.256747502274259e-6,4.4627358016622164e-7,1.682877773468889e-7,8.499987196239609e-7,9.159190142973069e-7,6.14199991480916e-7,5.628716807414251e-7,4.871198358091163e-7,4.1477698919104833e-7,2.564677072757174e-9,2.6157272177861545e-7,3.273340637344829e-15,8.748090487582681e-8,-2.2057191818226228e-16,3.714885038153008e-16,-5.5274957885145915e-17,6.378707938641786e-16,8.410754617167662e-17,2.9129264327804884e-16,-4.361640474357326e-16,1.4394498995433515e-16,6.0562833609386e-17,-4.1796202692612077e-16,-1.0277857973335915e-16,-1.3210170006617047e-16,-8.436864778950012e-17,-2.0707106418355636e-16,-0.0,-0.0,-0.0,-0.0,-0.0,-0.0,-0.0,-0.0,-0.0,-0.0,-0.0,-0.0
-4.1333647338680854e-7,4.895394365682274e-5,-5.522235133837048e-16,-3.457818704101299e-17,8.666480512537585e-16,-0.00019589632188296574,-1.5792155674622638e-5,2.414981074738567e-6,-0.00022785717712015335,6.447726483485775e-14,8.826855306887994e-6,2.952071184676219e-6,-2.8049978831065315e-15,4.5187047134123874e-5,-2.5979488519494274e-6,-8.1540445894059e-6,-5.256742926814785e-6,-5.7203810398065895e-5,-9.416005123781283e-6,-1.2698270192918543e-6,-9.85555278507882e-6,-2.7207967536801165e-5,-1.6782811206545872e-5,-2.8489557354385786e-5,-1.6642713538116912e-5,-4.006732110098421e-5,7.11144417264328e-8,-2.4416659109217137e-16,-5.751859041046365e-16,1.2074607285914821e-15,-2.676503829486216e-16,4.518674617867569e-16,-1.9516400891432297e-16,4.875315079175163e-16,-1.6738145797445438e-16,-4.038258146199898e-16,7.046597920764921e-16,-3.217107986515275e-16,-8.006781835281211e-16,1.673305089202143e-6,4.826253696327015e-7,7.256469034457941e-6,4.462339268144587e-7,1.6811199913711548e-7,8.499764405846362e-7,9.158472420035332e-7,6.141653100753071e-7,5.628375876383262e-7,4.870516756893957e-7,4.1475116954870263e-7,2.564326367937449e-9,2.615868853630364e-7,3.2733407299702756e-15,8.748564177346786e-8,-2.205719372344635e-16,3.714884924903261e-16,-5.52749618016912e-17,6.378707583822755e-16,8.410746867357933e-17,2.91292654927836e-16,-4.361640764064709e-16,1.4394500138292724e-16,6.056285341827732e-17,-4.179619881727941e-16,-1.0277855041633206e-16,-1.3210169464651097e-16,-8.436882303921323e-17,-2.070710512022774e-16,0.0,0.0,0.0,0.0,0.0,0.0,0.0,0.0,0.0,0.0,0.0,0.0
8.025981918695413e-7,-0.00015958213550134148,6.946147922422482e-16,4.502197193010716e-16,2.096256546578719e-16,0.0006393018798728621,4.9387146741076755e-5,-6.837278571290997e-6,0.0007448798013293254,2.4035806279206775e-13,-2.9984439126184596e-5,-1.002805593448967e-5,8.959654483152403e-16,0.00013823668377463584,8.320621663458988e-6,2.8117895006036103e-5,2.3160237274055904e-5,0.00017620294264966617,3.30400496645873e-5,1.2218660536857498e-5,3.376353174712866e-5,8.864782795433547e-5,5.665511453256539e-5,9.333151769059911e-5,5.357529393012445e-5,0.00011743159046082874,1.942549698896072e-6,-4.3624042394684875e-17,-1.99493831277622e-16,2.2732454531341447e-16,-3.8831594285203295e-17,1.8845739109991474e-16,5.452301860588453e-17,3.838284059109635e-16,5.039431812873454e-16,-5.2730571860080167e-17,6.726624446883708e-16,-1.5651591316351293e-16,2.234499949454865e-16,-5.2690387851237755e-6,-1.6432255168018863e-6,-2.0454152438497163e-5,-1.2793787389823826e-6,-3.3875071901780066e-7,-2.8518799397649787e-6,-2.6024457627201004e-6,-1.706246391221495e-6,-1.468461160334622e-6,-2.4809728673543757e-6,-1.3741912710367664e-6,-1.8625452187166854e-8,2.706902132218975e-6,-1.1259656320874744e-16,9.053017750705573e-7,-3.831846917182023e-16,2.292464695998108e-16,1.313556198882333e-16,4.705429853170534e-16,-1.377444788312926e-16,5.566574474541288e-16,-2.776983787650773e-16,-2.502929151695212e-16,1.7052451591350523e-16,-2.7069336554323304e-16,-1.1610223534290814e-15,9.189092048723425e-17,-7.910469007959898e-16,1.9258852877773838e-16,-0.0,-0.0,-0.0,-0.0,-0.0,-0.0,-0.0,-0.0,-0.0,-0.0,-0.0,-0.0
1.689471824723221e-7,-2.914597588657821e-6,1.4493681761158107e-15,-4.466980152294082e-16,1.5232632633729318e-16,1.2727688984645487e-5,1.5794260505001803e-6,-1.494024169245801e-7,1.4522725057479152e-5,8.810271568539506e-17,-6.719482096464746e-7,-2.247277069282841e-7,1.0903941282043257e-14,3.578791203671898e-5,1.8484754205450545e-7,4.897261051410616e-7,4.94291145397058e-7,3.3559465791632046e-6,7.272064530710142e-7,6.78745824236982e-7,5.197320581386261e-7,1.5057056036387384e-6,1.0791485372497438e-6,1.592548768781005e-6,1.0471251324444265e-6,2.5967576643586884e-6,2.3781198078050488e-7,-8.912247766229002e-18,4.0085596755193265e-17,2.528921774618569e-16,1.3649638984789216e-17,-1.1280911755338733e-17,-2.6086302858488066e-17,1.828661686018142e-17,3.1854116304325526e-16,-1.1532325034225487e-17,7.552799574475534e-16,-1.2957167040844974e-16,8.437629816205308e-17,-2.7555524176917427e-7,7.195086032295681e-9,-1.1349707719633463e-6,-1.4118696808995982e-7,-1.5894853168906426e-7,-1.3391858430091406e-7,-3.008758183344334e-7,-2.4740037492429144e-7,-2.3094198546109663e-7,-3.5434680924723606e-8,-1.8876286664296706e-7,-3.2002854440013223e-9,9.989674195148255e-7,2.7488497906847225e-16,3.3409666406266527e-7,-1.8187748085482745e-16,-1.7677033942076305e-17,2.8940822277486086e-17,-1.9582184318535327e-17,-5.5413251996222256e-17,1.3299112653203238e-16,2.4416723803413253e-16,2.7378412167361983e-17,2.048334224118918e-18,-5.13584589014786e-17,-4.3170537702383474e-16,1.039618062871238e-17,-7.137519545380063e-16,5.286358300689851e-16,-0.0,-0.0,-0.0,-0.0,-0.0,-0.0,-0.0,-0.0,-0.0,-0.0,-0.0,-0.0
-0.00017074478764067384,0.011161678095482344,-1.6362929824140998e-15,-2.983962487376732e-16,-7.362619146313619e-16,-0.04688992963030639,-0.0011403420531782115,0.032439588433263854,-0.04990565935435516,1.1284174950743684e-12,-0.004416182124167786,-0.0014769568033211405,-2.7725050716482715e-15,-0.00886758082899779,-0.0010696069346455635,0.0003617742443979044,0.0029065793913290467,0.0017736840269331558,0.00014241161770191943,-0.0003027818051611238,-0.0503924623982867,-0.0014074883426573848,-0.0005808221691087284,-0.0013130452187573418,-0.0016843103724250813,-0.0009365501043590856,-2.320378088467195e-5,-2.4255702307244413e-17,-2.574962010515905e-16,-3.452036159164881e-16,-1.510799036493757e-16,1.3333807917274207e-16,3.4239933481228855e-17,2.5502822136783186e-16,2.968279506894032e-16,-3.2384058923797445e-17,-2.3142665709226566e-16,-3.2707200342843943e-16,4.661843615096656e-16,0.0003044698072388011,0.0005314457717918674,0.001500422726835274,0.0002180639123685537,0.00013087324121425248,0.003347074895809945,0.0004934319344011537,0.0002492479021005637,0.00022571089823954696,0.000629000334938548,0.00019698405536507473,2.9633018203354105e-6,-4.9265841233958724e-5,8.95663520178503e-16,-1.6476566711485003e-5,-3.2414974838682426e-16,2.394820700489708e-16,2.83381799635824e-16,3.2832764219334697e-16,-6.823139903610637e-17,8.580697480949953e-16,-8.825828368662604e-17,-1.9561193020255292e-16,1.3385935807937925e-16,-1.3306673399991947e-16,-1.213262287091459e-15,-3.2628935509142754e-16,-6.481769307409255e-16,3.5196338009603453e-16,-0.0,-0.0,-0.0,-0.0,-0.0,-0.0,-0.0,-0.0,-0.0,-0.0,-0.0,-0.0
1.7222449755097624e-7,-5.834669755803793e-5,1.4389960183666547e-15,-4.510112490602121e-16,1.4751077038398245e-16,0.00022681333896686158,1.4823912216511015e-6,0.00013701360509746244,0.00028109699073795987,-6.037389732789969e-14,-4.11716341812772e-5,-1.3769523878473923e-5,1.0873263331646562e-14,-0.00013571479192503382,-1.1829316552146985e-7,8.927554676502123e-6,2.5146975549973868e-5,5.99674156048451e-5,1.1506983121132908e-5,4.436398504536007e-6,8.627432542252596e-6,3.156974220021508e-5,1.6986709520963836e-5,2.7885796996848338e-5,2.7184200815267758e-5,3.1771499625680066e-5,5.858942268037113e-7,-8.913024374690183e-18,4.0520868409778215e-17,2.5039227855922064e-16,1.3496138411224867e-17,-1.1502132241620006e-17,-2.6084128423470737e-17,1.7453605906774327e-17,3.1705422991277843e-16,-1.1397188839992602e-17,7.488687993470768e-16,-1.3009811530118384e-16,8.452173265040752e-17,-8.812109260788581e-7,5.773679329799148e-7,-1.6764781159215588e-6,3.5925435023108387e-7,2.1525801005028318e-7,-5.259494588410632e-7,2.4873875910517104e-7,-1.4461492632099968e-7,-2.2674828766536237e-8,-2.3820406722427384e-8,-1.5006032096746137e-7,-1.6488751979630952e-9,2.7555231720540643e-7,2.7582184404150134e-16,9.215626691407077e-8,-1.8095891045638792e-16,-1.7579814482620093e-17,2.893925851935972e-17,-1.9773413499628177e-17,-5.547653787032158e-17,1.3301101828439527e-16,2.4315911459189968e-16,2.7721395726198638e-17,1.9797083078639556e-18,-5.1995809829900576e-17,-4.3106422547985933e-16,1.0017557421373121e-17,-7.150710888717398e-16,5.279869137382683e-16,-0.0,-0.0,-0.0,-0.0,-0.0,-0.0,-0.0,-0.0,-0.0,-0.0,-0.0,-0.0
4.0161394648156806e-7,-7.978893545993867e-5,3.5032975293083294e-16,2.241438852218758e-16,1.0512338135215756e-16,0.0003196446166540224,2.4694342948059316e-5,-3.4185996833994154e-6,0.00037243188553830365,1.2016674232562547e-13,-1.499208124379385e-5,-5.013981707453614e-6,5.221301455144706e-16,6.91866856347186e-5,4.160269036798688e-6,1.4058521541385525e-5,1.1579959619025924e-5,8.809940770675557e-5,1.651984452579294e-5,6.110128366513588e-6,1.6881110211344265e-5,4.432249029774534e-5,2.832689395521547e-5,4.666427532821044e-5,2.6787075927003572e-5,5.871517992873942e-5,9.716758508226573e-7,-2.1828563365739615e-17,-9.965197428668047e-17,1.1418411878888997e-16,-1.938497870477161e-17,9.419510969460563e-17,2.720363302015393e-17,1.9193286943507735e-16,2.5261761011376403e-16,-2.638688425428045e-17,3.3789007666764184e-16,-7.852325097126852e-17,1.1189144810272924e-16,-2.6348273882190618e-6,-8.215122894852729e-7,-1.0228409592388299e-5,-6.399208956555998e-7,-1.696931856832676e-7,-1.4260745431417377e-6,-1.3017227082619267e-6,-8.535566946312105e-7,-7.346416906864195e-7,-1.2404324401724233e-6,-6.874226338341114e-7,-9.31851253980454e-9,1.3554185611890953e-6,-5.571238452556618e-17,4.533089005290331e-7,-1.9195624974299627e-16,1.1457403503969128e-16,6.573206232931515e-17,2.3520574902431697e-16,-6.898202144827847e-17,2.7858046573018765e-16,-1.383195428002215e-16,-1.2507569395382535e-16,8.525772977841672e-17,-1.3544100824728545e-16,-5.81361888043069e-16,4.5962628626765906e-17,-3.9698852936289e-16,9.739977845277354e-17,-0.0,-0.0,-0.0,-0.0,-0.0,-0.0,-0.0,-0.0,-0.0,-0.0,-0.0,-0.0
-0.00016836754439944685,0.011024128176777332,-1.9535819767321273e-15,-5.082329685116205e-16,-8.231284817070231e-16,-0.04630843365790165,-0.0011454292880190913,0.03199931048648165,-0.049294440710797575,9.588027350737455e-13,-0.004354519748280545,-0.001456334314706897,-3.165402107733667e-15,-0.00889260283549131,-0.0010564394530801686,0.0003476113558958149,0.0028632512653838033,0.0016948185081435538,0.0001308517979268412,-0.0003013762182296853,-0.049589092248808295,-0.001408935675732872,-0.0005889110745143213,-0.0013204613013771454,-0.001667042673006136,-0.0009600079416271684,-2.3486948008752586e-5,-2.9799675246183987e-18,-1.526070277288896e-16,-4.529580822943967e-16,-1.2935111286636815e-16,3.787705123295288e-17,2.7325922047466447e-18,6.269494599425124e-17,4.5680502698242686e-17,-4.285234933070973e-18,-5.613435094612767e-16,-2.4669112971345753e-16,3.461524092523997e-16,0.0003016877103336204,0.000523976453419674,0.0014855666171959883,0.0002154411831200586,0.00012913906359491778,0.003294091747826963,0.0004870172996044217,0.0002460912685781019,0.00022288186247937096,0.0006200220628898437,0.0001944750393335492,2.9250401911021494e-6,-4.9965185747829844e-5,9.399032875996932e-16,-1.6710456892347856e-5,-1.2324232334957885e-16,1.247556805839181e-16,2.2103696439350862e-16,8.799098386684908e-17,-1.0478198538739055e-17,5.734045751577668e-16,4.8188868766671516e-17,-7.628316978699488e-17,4.791363877925513e-17,8.640541108157712e-18,-6.381145047653478e-16,-3.60787434190941e-16,-2.62528558555893e-16,2.535958516416583e-16,-0.0,-0.0,-0.0,-0.0,-0.0,-0.0,-0.0,-0.0,-0.0,-0.0,-0.0,-0.0
9.718448778955351e-7,-2.388707319038609e-5,3.697973571712981e-16,4.663235044875233e-15,5.692518899237197e-16,9.502706886559917e-5,2.3193199404547768e-5,-2.7741206068150746e-6,0.00010343946074881507,-1.0899243949523824e-13,-9.324592855808134e-6,-3.11853553136529e-6,2.9398587014839612e-15,0.00023021887854216238,4.3489661874036754e-7,5.311355817801071e-6,8.53685887691206e-6,2.5672930819609786e-5,4.537118128564158e-6,3.0919364365174376e-6,5.545676774321936e-6,2.34816585124844e-6,1.961128245893445e-5,4.665364023060055e-6,7.946192587630696e-6,1.215595122845769e-5,7.549538031762757e-6,-1.5007540165875467e-16,-2.547843100352236e-15,7.976427558828329e-16,-2.4114303724260973e-16,1.4057823402959036e-15,6.374947595954955e-16,2.5434048156855286e-15,3.600220555502063e-15,-4.894427940320136e-16,3.734841991409177e-15,-6.717637625173994e-16,2.4495988079685112e-15,-9.357630593819278e-7,1.8528898948470557e-6,-3.8009438731895737e-6,-3.6878539831521176e-7,-5.890707782890356e-7,-9.633344791465718e-7,-3.825921611412436e-7,-9.724095381787238e-7,-7.262079591061462e-7,3.3753261369754716e-6,-1.2287168557724951e-6,-3.124538050528e-8,3.862945077585954e-5,8.714602989136799e-16,1.2919310962005675e-5,-2.3298581926055727e-15,1.6807196866999835e-15,9.541386480634303e-16,1.728756431212876e-15,-7.758302615116632e-16,2.9047333403547302e-15,-1.6849893677787656e-15,-1.9769765017120364e-16,7.675076823193813e-17,-3.202936810385401e-16,-3.8819446945307225e-15,-9.783294641996093e-16,-6.031494009122254e-15,8.522354490219562e-16,-0.0,-0.0,-0.0,-0.0,-0.0,-0.0,-0.0,-0.0,-0.0,-0.0,-0.0,-0.0
2.1927042089678368e-7,-3.844736892894898e-6,1.4744821792193843e-15,-2.0409362077935032e-16,1.8262497030062177e-16,1.6423934981799552e-5,2.7033524229447287e-6,-2.816406252357792e-7,1.844415734483478e-5,-6.172441936215957e-15,-1.102216556804115e-6,-3.686275156813331e-7,1.1143862125376867e-14,4.779967629615347e-5,1.907867725684842e-7,7.116031885324421e-7,8.968427911027e-7,4.346639451807974e-6,8.988628630849864e-7,8.187638253432777e-7,7.419680825465923e-7,1.44626732948839e-6,1.996214757448878e-6,1.645590422462541e-6,1.3558711947779857e-6,2.9976930466362226e-6,6.326862440706581e-7,-1.6771639701570604e-17,-9.356741788976636e-17,2.956835246432529e-16,1.091216499607208e-18,6.23473523377133e-17,7.266200752149734e-18,1.5159608288507659e-16,5.087642466812126e-16,-3.727065958855147e-17,9.543801130062023e-16,-1.6527542258830263e-16,2.134112912172054e-16,-3.1489781408628143e-7,1.0841598422794535e-7,-1.2968902301061349e-6,-1.5856582282890904e-7,-1.9004659923292348e-7,-1.79215423592349e-7,-3.169220529606349e-7,-2.961958678897399e-7,-2.6719233238718547e-7,1.4761481171556988e-7,-2.5149243108446794e-7,-4.822681504486778e-9,3.0339387377688972e-6,3.224055477516925e-16,1.0146765514508362e-6,-3.0473720993724765e-16,7.032212575753078e-17,7.908644199122959e-17,7.042052112245942e-17,-9.627777138746273e-17,2.8553541372070253e-16,1.5715953785476703e-16,1.763174258068003e-17,5.736764962858977e-18,-6.79091221749709e-17,-6.359192212533441e-16,-4.131114627849447e-17,-1.033433917398914e-15,5.757332559505152e-16,-0.0,-0.0,-0.0,-0.0,-0.0,-0.0,-0.0,-0.0,-0.0,-0.0,-0.0,-0.0
-0.00011609012701354056,0.021353013627616605,-3.591132451222659e-15,2.178977738850238e-15,-1.1677701660265605e-15,-0.08856925389422789,-0.0019930966809699104,0.053267424552779295,-0.09751306725120747,1.543448583040942e-12,-0.007900289615955458,-0.0026421886979377724,-4.427100401018963e-15,-0.016038879087217576,-0.002289354040907563,0.0005462031652322651,0.0047176074627296215,0.0033601819060219,0.00022666530923170545,-0.0005284764949885586,0.00018809273488743202,-0.10184853878487317,-0.0009934566912089267,-0.0020172306517277842,-0.0009496579620637799,-0.0033078732009616594,-3.8807438880609124e-5,-1.2168460096262805e-16,-2.574352913834455e-15,-3.0183143957227824e-17,-3.512134176640701e-16,1.2540159263450062e-15,5.202184605403147e-16,2.3141444054348487e-15,3.3307879216668144e-15,-4.85083956011097e-16,1.67951068009504e-15,-8.232279175763648e-16,2.768830834711883e-15,0.00039403114566623416,0.0005306655060855246,0.0020963295783976727,0.0003093155142769351,0.00016181618856295882,0.0001816888880602087,0.0026652480822854877,0.0002855417190166134,0.0002758222397193105,0.0006134724937909191,0.00021556286939677187,2.9817746081914106e-6,-6.0580763768952576e-5,8.468771812869257e-16,-2.026075208810533e-5,-2.1210301164787967e-15,1.85707599362713e-15,1.2376306669560144e-15,1.7319582367343878e-15,-4.0335824877445077e-16,3.3144241888177953e-15,-1.2464198617316298e-15,7.367953076931937e-17,1.6187709129595074e-16,-1.1721975995554071e-16,-4.379586267368474e-15,-1.389289647301122e-15,-5.078153744125619e-15,1.0663921689599863e-15,-0.0,-0.0,-0.0,-0.0,-0.0,-0.0,-0.0,-0.0,-0.0,-0.0,-0.0,-0.0
3.528820008380953e-7,-0.001998645497027354,1.1011969624729564e-15,-3.5943495169591576e-16,9.303765043833833e-18,0.0077206299577969465,-7.865235004077667e-7,0.004935926462737286,0.009611370459775021,-2.182156299338918e-12,-0.0014586960845962553,-0.00048784924297846005,9.303944296727597e-15,-0.006124562334529504,-1.075781953614616e-5,0.00030438174329103695,0.0008881124842759373,0.002041815500478218,0.0003888603226223282,0.00013605550876358643,0.0003001904990078027,0.0010746737027612185,0.0005745080668078792,0.0009479602861967985,0.0009421941313708744,0.0010528478618814638,1.3159703241798498e-5,-1.680002722212088e-17,-7.789561720587901e-17,2.0572709540649674e-16,-4.425869929592377e-18,5.438062416120895e-17,7.33699697127332e-18,1.2161566512271625e-16,4.552578292511435e-16,-3.2409796402523426e-17,7.23601320571193e-16,-1.8420941960899598e-16,2.1863660389973232e-16,-2.2124202485122304e-5,2.0594524256005306e-5,-2.0830573231459057e-5,1.784614342271523e-5,1.3271897567619623e-5,-1.4779661799936706e-5,1.9623485037621207e-5,3.390256224589968e-6,7.218213117347669e-6,5.237621727247492e-7,1.1304667947483888e-6,5.082579954795104e-8,-2.300225529429826e-5,3.5596800485056303e-16,-7.69292037906268e-6,-2.7166845550157484e-16,7.383501691168822e-17,7.903238035124399e-17,6.355982226793524e-17,-9.853346301330399e-17,2.8624172106725453e-16,1.2088773989204088e-16,2.999098762294825e-17,3.279971967646366e-18,-9.084960434958519e-17,-6.128807543539492e-16,-5.4910296664662544e-17,-1.0808465977510745e-15,5.523738444723255e-16,-0.0,-0.0,-0.0,-0.0,-0.0,-0.0,-0.0,-0.0,-0.0,-0.0,-0.0,-0.0
4.895988622546431e-7,-1.1962747370899576e-5,2.503710496962403e-16,2.2913948204042556e-15,2.892753896426865e-16,4.764195606883202e-5,1.1567823019294798e-5,-1.3816973481565238e-6,5.188560395382081e-5,-5.4060139478182823e-14,-4.6514345931335784e-6,-1.555635111904924e-6,1.940011679547988e-15,0.00011578951131252722,2.2336172513980268e-7,2.653349605217097e-6,4.253314388238563e-6,1.286699075422397e-5,2.279973547102884e-6,1.563245235918441e-6,2.7703599739114245e-6,1.2251795586242647e-6,9.767967725660205e-6,2.377644088531767e-6,3.9830287266970395e-6,6.135707885288117e-6,3.754012318193876e-6,-7.481829349427211e-17,-1.2613912909613005e-15,4.0716888572748597e-16,-1.1892740883746603e-16,6.964713817093162e-16,3.148685170319742e-16,1.2618743594068503e-15,1.7997487827107812e-15,-2.432031354653673e-16,1.8866953594264414e-15,-3.390546258914028e-16,1.218438659857296e-15,-4.762011595677021e-7,9.191919603865446e-7,-1.935085857664832e-6,-1.8925894150653273e-7,-2.9939568975779906e-7,-4.835549275674211e-7,-2.03365160156724e-7,-4.934207461305737e-7,-3.7061129782485487e-7,1.6721530120928383e-6,-6.178212307047775e-7,-1.563831132935e-8,1.9199149266737917e-5,4.448206076182245e-16,6.421001971210178e-6,-1.1635663742358986e-15,8.324901712317891e-16,4.744057213278159e-16,8.561955744474688e-16,-3.8722192119889015e-16,1.4463198224587247e-15,-8.241186900742113e-16,-9.672999162998129e-17,3.813233893351084e-17,-1.6115782586869588e-16,-1.9446057058348545e-15,-4.84601259782297e-16,-3.023482853161959e-15,4.470038537028991e-16,-0.0,-0.0,-0.0,-0.0,-0.0,-0.0,-0.0,-0.0,-0.0,-0.0,-0.0,-0.0
-9.661499326121729e-5,0.01670287828772909,-3.2409177046920976e-15,1.1588344201187836e-16,-1.2528933912113923e-15,-0.0695739878447101,-0.0016632733844962916,0.046765456096217996,-0.0760258615117106,1.9712726083307077e-13,-0.007307369433542064,-0.0024438912834236913,-4.9797253179615876e-15,-0.016572545647129674,-0.0019061492562669866,0.0006087880752839187,0.004371443958508538,0.0038343678216374933,0.0003873469019651048,-0.0003696311664128962,0.00030934552691242,-0.08399583607312076,-0.0005351032176209696,-0.0011864500140270353,-0.0003049866579181198,-0.002206965968889436,-2.8132759429629162e-5,-5.1642691284128467e-17,-1.268262888004133e-15,-3.308143750546512e-16,-2.1212377951029082e-16,5.627865230599902e-16,2.0926594926511312e-16,1.052386425651781e-15,1.5443032116995944e-15,-2.3340493856852635e-16,5.0539223748987314e-17,-4.746621618208457e-16,1.477651756496393e-15,0.000316069334322086,0.00045045709309138776,0.0017311027377860488,0.00026615622699801124,0.00014145608258144774,0.00014356751824172475,0.0022229236142402914,0.0002392334359862166,0.00023304138516461677,0.000508308063168909,0.00018004269776854484,2.513803198785927e-6,-7.614402447161559e-5,4.474039409646346e-16,-2.5465760199292873e-5,-9.546612618924976e-16,9.808087728313226e-16,7.202441539052268e-16,8.421444535380892e-16,-9.723770926648717e-17,1.7836309749657078e-15,-4.77410717348734e-16,1.2537791158666955e-16,1.0527583020302449e-16,1.2205977814557814e-17,-2.356376913912188e-15,-8.238014854259362e-16,-2.2662830755469792e-15,6.123451970142229e-16,-0.0,-0.0,-0.0,-0.0,-0.0,-0.0,-0.0,-0.0,-0.0,-0.0,-0.0,-0.0
1.1750207743378939e-6,-0.00024406170368522923,2.8767555339129246e-16,3.0255172493958823e-16,1.0232838383140096e-15,0.0009781864358740812,8.60534690621698e-5,-1.1579408364520129e-5,0.0011369354637656196,-2.517811075558312e-13,-4.7308052687655815e-5,-1.5821799985546086e-5,2.603892637640788e-15,-0.0007610892984258914,1.2438563030290097e-5,4.3071763822125986e-5,3.561164964233879e-5,0.00027298898804614815,4.9797973439555265e-5,1.748028455396693e-5,5.138135746856895e-5,0.00013210990506943475,8.861053769204797e-5,0.00014035836601620637,8.223934473044276e-5,0.00018043854606063892,4.929940860550761e-6,-1.425457667293668e-16,-1.4638841214270392e-15,1.0183034479857373e-15,-2.4976697792580307e-16,9.524237365792545e-16,2.062193956963143e-16,1.5638034655580136e-15,1.699998024314396e-15,-4.568611797383669e-16,2.0270020150189548e-15,-4.461726080365607e-16,6.665066902859419e-16,-7.763039554410125e-6,-1.422766920948945e-6,-3.063052863311941e-5,-1.8137953021105844e-6,-4.586332197347247e-7,-4.39440678000532e-6,-3.6455701500214437e-6,-2.519795464341712e-6,-2.124151803654491e-6,-2.4046458231894263e-6,-2.3284024535082684e-6,-2.98025520008401e-8,2.1690062320791208e-5,9.378504159525795e-16,7.254067925711147e-6,-1.3033838370082914e-15,9.374345356756362e-16,5.985471728815071e-16,1.2248646761115499e-15,-2.605989031883054e-16,1.7351974615236292e-15,-1.1689510063730099e-15,-1.0618521627381236e-16,3.2000853178679565e-17,-6.59837392557524e-16,-2.247455253803737e-15,-5.259258676327985e-16,-3.3158042431070935e-15,2.5330759336762596e-16,-0.0,-0.0,-0.0,-0.0,-0.0,-0.0,-0.0,-0.0,-0.0,-0.0,-0.0,-0.0
1.672285615894607e-7,-2.573157925583371e-6,1.447869014959043e-15,-4.476571909873377e-16,1.518764733383094e-16,1.1359838297227935e-5,1.4737518981345427e-6,-1.347732516713313e-7,1.2928982556915943e-5,-4.261251251031351e-16,-6.077928084994451e-7,-2.0327144593342585e-7,1.0878101127882646e-14,3.549184243144281e-5,1.6704456160010195e-7,4.2956567278946205e-7,4.447371877461457e-7,2.9789440293919686e-6,6.565133161139148e-7,6.525988380477772e-7,4.4749296197354503e-7,1.3160369975410718e-6,9.579296605793214e-7,1.3928589954226318e-6,9.3249557731829e-7,2.34549862541213e-6,2.336539020397816e-7,-8.8188371037574e-18,4.051203603930424e-17,2.5240355097731383e-16,1.373259284997793e-17,-1.1683999556002088e-17,-2.62027149805266e-17,1.7465281246648462e-17,3.1746014007725336e-16,-1.1419408013648208e-17,7.538340292215252e-16,-1.292356469711659e-16,8.389748267074154e-17,-2.64280062191485e-7,1.0710571952531178e-8,-1.0912004834160327e-6,-1.3844856365396973e-7,-1.5822236603724484e-7,-1.2781600367967863e-7,-2.953053747550198e-7,-2.4374776183720284e-7,-2.277982436692633e-7,-3.0126515937688663e-8,-1.8582118867460015e-7,-3.160408846005729e-9,9.931671960392664e-7,2.751233882875882e-16,3.321568256969664e-7,-1.810560451902774e-16,-1.8167328989684023e-17,2.8659535992881817e-17,-2.0588696953645897e-17,-5.511805820740381e-17,1.3179900108520782e-16,2.4475914689738547e-16,2.791364681557699e-17,1.6834920269701453e-18,-5.0778868110481905e-17,-4.2921756331898627e-16,1.0199493402090293e-17,-7.120531271391919e-16,5.282190285746467e-16,-0.0,-0.0,-0.0,-0.0,-0.0,-0.0,-0.0,-0.0,-0.0,-0.0,-0.0,-0.0
-6.516414562222076e-5,0.013454949602288093,-2.1361706677576385e-15,-1.2332946699768315e-15,-6.288864759264089e-17,-0.055547523291178666,-0.001085450739418853,0.03288576926089661,-0.061754159263381514,8.176895398801558e-13,-0.004803659396063791,-0.0016065454789626372,-2.108153812392128e-15,-0.01070721010294351,-0.0010201010157972147,0.0003989793368411157,0.002889962693723587,0.0028169879935304562,0.00022841296635791434,-0.00034924452810854926,0.00022952182458524828,-0.0003071822790976342,-0.0624013191768405,-0.0011929302678634242,-0.0006378223283566365,-0.001941498732576413,-1.999814980692732e-5,-1.1752002946369215e-16,-1.4544255150549052e-15,5.034694444328772e-16,-3.1690244564112534e-16,8.610247300119213e-16,1.39749326957707e-16,1.4378772915550355e-15,1.5434439193590193e-15,-4.50402425558574e-16,7.620179654724992e-16,-5.300557075887466e-16,8.625215231568781e-16,0.00022312046322981938,0.0003069468099538256,0.0011557199692489397,0.00018169428932443248,9.706204683074328e-5,9.96170983925085e-5,0.0003447951586530897,0.0011780636588367643,0.00016494156010598673,0.0003619214348203396,0.0001270261831968381,1.730474397232506e-6,-3.6029296243230945e-5,8.340040481528182e-16,-1.2049710068772312e-5,-1.1740693581655096e-15,1.0288822987605875e-15,7.668741564751503e-16,1.200402443177648e-15,-4.7253557041000954e-17,2.006680750322212e-15,-8.6266710163004745e-16,5.150516325639233e-17,8.01197340479418e-17,-5.036694155740781e-16,-2.514255637815056e-15,-7.190584745942985e-16,-2.723347873731177e-15,3.569552373193555e-16,-0.0,-0.0,-0.0,-0.0,-0.0,-0.0,-0.0,-0.0,-0.0,-0.0,-0.0,-0.0
1.672285615873558e-7,-2.5731579259451036e-6,1.4478690149590329e-15,-4.476571909873587e-16,1.5187647333831059e-16,1.1359838298714526e-5,1.4737518977474584e-6,-1.347732516594058e-7,1.2928982558644714e-5,-4.261251252507983e-16,-6.077928084892765e-7,-2.032714459317296e-7,1.0924614314886857e-14,3.549184243129834e-5,1.670445616064964e-7,4.295656727085299e-7,4.447371877945098e-7,2.978944029483536e-6,6.565133159582552e-7,6.525988388840184e-7,4.474929619124961e-7,1.3160369974395386e-6,9.579296605508973e-7,1.3928589953084033e-6,9.324955775267334e-7,2.345498626278029e-6,2.3365390204044135e-7,-8.81883710375858e-18,4.05120360393076e-17,2.5240355097731373e-16,1.3732592849978581e-17,-1.1683999556001864e-17,-2.620271498052811e-17,1.7465281246644105e-17,3.174601400772477e-16,-1.1419408013647033e-17,7.538340292215237e-16,-1.2923564697116658e-16,8.389748267073494e-17,-2.642800621744423e-7,1.0710571980238816e-8,-1.091200483411005e-6,-1.384485636474117e-7,-1.582223660411444e-7,-1.2781600368279969e-7,-2.953053747543523e-7,-2.437477618250342e-7,-2.2779824365951628e-7,-3.0126515936012855e-8,-1.8582118867767308e-7,-3.1604088453850707e-9,9.931671960411856e-7,2.751233882875982e-16,3.321568256979106e-7,-1.8105604519027347e-16,-1.8167328989686063e-17,2.865953599287789e-17,-2.058869695365135e-17,-5.511805820741653e-17,1.3179900108520203e-16,2.4475914689737566e-16,2.791364681557324e-17,1.6834920269702037e-18,-5.077886811047061e-17,-4.2921756331898267e-16,1.0199493402100634e-17,-7.120531271392055e-16,5.282190285746446e-16,0.0,0.0,0.0,0.0,0.0,0.0,0.0,0.0,0.0,0.0,0.0,0.0
5.875103871560494e-7,-0.00012203085184276417,1.438377766956204e-16,1.5127586246986502e-16,5.11641919156955e-16,0.0004890932179376975,4.302673453110447e-5,-5.789704182288174e-6,0.0005684677318835394,-1.25890553777989e-13,-2.36540263438144e-5,-7.910899992781784e-6,1.2677417402063586e-15,-0.0003805446492128171,6.219281515147941e-6,2.1535881911076918e-5,1.7805824821207696e-5,0.00013649449402314045,2.489898671978109e-5,8.740142276973004e-6,2.569067873430726e-5,6.605495253477778e-5,4.4305268846174384e-5,7.017918300827111e-5,4.111967236557638e-5,9.021927303010812e-5,2.4649704302385946e-6,-7.127288336467898e-17,-7.319420607135758e-16,5.091517239928406e-16,-1.248834889629023e-16,4.762118682896686e-16,1.0310969784817297e-16,7.81901732779087e-16,8.499990121573428e-16,-2.284305898691826e-16,1.0135010075095383e-15,-2.2308630401828846e-16,3.332533451430877e-16,-3.881519777213376e-6,-7.113834604160243e-7,-1.5315264316512994e-5,-9.06897651044537e-7,-2.29316609861071e-7,-2.1972033899969877e-6,-1.8227850749955566e-6,-1.259897732161313e-6,-1.0620759018204604e-6,-1.2023229114254967e-6,-1.1642012267463165e-6,-1.4901275985900304e-8,1.0845031160399765e-5,4.689252079761183e-16,3.627033962857004e-6,-6.516919185042117e-16,4.687172678378957e-16,2.9927358644080383e-16,6.124323380558287e-16,-1.3029945159411211e-16,8.675987307619133e-16,-5.844755031864797e-16,-5.3092608136852514e-17,1.6000426589370582e-17,-3.299186962786948e-16,-1.1237276269020159e-15,-2.629629338164465e-16,-1.6579021215537227e-15,1.2665379668382795e-16,-0.0,-0.0,-0.0,-0.0,-0.0,-0.0,-0.0,-0.0,-0.0,-0.0,-0.0,-0.0
-6.574815715770561e-5,0.013575273775614956,-2.2860818704734955e-15,-1.4034175477705289e-15,-5.806871191109583e-16,-0.05602977459148592,-0.0011280270202111069,0.032891396891431834,-0.062314648753986485,9.442116305486989e-13,-0.0047803530162293635,-0.0015987508465654479,-3.237949832851986e-15,-0.010327033607780173,-0.001026233936925579,0.0003777680655051034,0.002872484923258978,0.0026822223559680876,0.00020389769222864054,-0.00035777060048934817,0.00020421178295830254,-0.00037224086489992075,-0.062445051826887164,-0.0012620619814471888,-0.0006783762319291376,-0.002030666923882811,-2.2383983292701818e-5,-4.6462516724087745e-17,-7.184671568462105e-16,-8.177261254694432e-18,-1.9143701734915528e-16,3.827709075328731e-16,3.1927669802352197e-17,6.538626527501891e-16,6.910564178513629e-16,-2.198819269852768e-16,-2.5771352410804336e-16,-3.0703071784102176e-16,5.244333346698943e-16,0.00022694747980874535,0.000307647286524429,0.0011708490409655125,0.00018258872820842807,9.728814492387987e-5,0.00010178459816145854,0.0003465953940548956,0.0011793094952829858,0.00016598949882377074,0.0003631047483936854,0.0001281775486355912,1.7450801567140325e-6,-4.66250727265053e-5,3.683160688784892e-16,-1.5593382797696866e-5,-5.118523277301441e-16,5.602232719786033e-16,4.735867419651727e-16,5.804760273052457e-16,7.277163747445028e-17,1.1372824704726625e-15,-2.7743716129967077e-16,9.916611423544988e-17,6.28346471194817e-17,-1.6430467292850426e-16,-1.3965140396343864e-15,-4.509915173795077e-16,-1.071004351498969e-15,2.3007238368875533e-16,-0.0,-0.0,-0.0,-0.0,-0.0,-0.0,-0.0,-0.0,-0.0,-0.0,-0.0,-0.0
1.4111867075530093e-6,-0.000253366200498947,6.100575381461178e-16,1.4094128602864313e-15,1.1775119492725146e-15,0.0010148294062860203,8.560244086371951e-5,-1.1387123390809416e-5,0.0011815068155164616,-5.526383048892424e-15,-4.9017509191075794e-5,-1.6393514049296453e-5,-3.724503668876816e-17,9.087226452074959e-5,1.2849471818756301e-5,4.435613963101915e-5,3.629271226772209e-5,0.0002844704106331705,5.180523427892715e-5,1.5948842829624994e-5,5.331329755894424e-5,0.00013450264786808415,9.497763645232525e-5,0.000142644629317074,8.568631997664948e-5,0.00019525190630597533,1.1867022760419853e-6,6.69026564988656e-17,-1.6292367741556276e-15,8.072978971889031e-16,-7.896328707058652e-17,1.0680187307586712e-15,3.760951608951494e-16,1.3371095864398666e-15,2.375497844728053e-15,-3.2076708865625277e-16,2.8545635757061147e-15,-2.1245453894523008e-16,1.53397866057138e-15,-8.147120292407085e-6,-1.4024038720600815e-6,-3.2636213120658413e-5,-1.956417398825713e-6,-5.428045691358977e-7,-4.610555636035428e-6,-3.963706932227525e-6,-2.7861888203908936e-6,-2.2968271657464744e-6,-2.3167777417004374e-6,-2.460050682257275e-6,-2.1512281578404486e-8,1.8797640221521346e-5,-1.0851204557764765e-16,6.286720479283341e-6,-1.742933097376073e-15,8.509769131000215e-16,7.075819816741494e-17,1.4023960569813184e-15,1.5135213524719257e-16,1.9942675570921755e-15,-1.0669770326508795e-15,-5.589677298081899e-16,1.9811425708098909e-16,-1.0404490447369318e-15,-2.3257132485810813e-15,-1.7375124354122753e-16,-3.622968695716073e-15,4.292133748043621e-16,-0.0,-0.0,-0.0,-0.0,-0.0,-0.0,-0.0,-0.0,-0.0,-0.0,-0.0,-0.0
1.6722856158301428e-7,-2.573157925854041e-6,1.4478690149590542e-15,-4.4765719098710695e-16,1.5187647333830092e-16,1.1359838298338143e-5,1.4737518978875479e-6,-1.3477325166629043e-7,1.2928982558162093e-5,-4.261251252782226e-16,-6.077928085410714e-7,-2.0327144594006927e-7,1.0951909084110344e-14,3.549184243132177e-5,1.6704456161304845e-7,4.2956567277046056e-7,4.4473718803639215e-7,2.9789440294727536e-6,6.565133159215119e-7,6.525988380683996e-7,4.4749296191462754e-7,1.3160369976166352e-6,9.579296604776819e-7,1.3928589953966798e-6,9.324955774081111e-7,2.345498626132572e-6,2.3365390204695397e-7,-8.818837103751638e-18,4.0512036039318876e-17,2.5240355097730407e-16,1.3732592849992387e-17,-1.1683999555976585e-17,-2.6202714980497787e-17,1.7465281246647427e-17,3.1746014007722767e-16,-1.1419408013640194e-17,7.538340292214385e-16,-1.2923564697118746e-16,8.389748267074642e-17,-2.642800621852685e-7,1.0710571959155376e-8,-1.0912004834664015e-6,-1.3844856365493157e-7,-1.5822236605070009e-7,-1.2781600368212735e-7,-2.9530537477692373e-7,-2.437477618427794e-7,-2.2779824368571298e-7,-3.01265159429977e-8,-1.8582118854255833e-7,-3.1604088811739077e-9,9.931671960611038e-7,2.7512338828759553e-16,3.3215682570484846e-7,-1.810560451902651e-16,-1.8167328989754678e-17,2.865953599282751e-17,-2.0588696953667326e-17,-5.5118058207583895e-17,1.3179900108517096e-16,2.4475914689719895e-16,2.791364681536863e-17,1.6834920269076004e-18,-5.077886811055188e-17,-4.292175633188911e-16,1.0199493402137148e-17,-7.120531271391853e-16,5.282190285746404e-16,-0.0,-0.0,-0.0,-0.0,-0.0,-0.0,-0.0,-0.0,-0.0,-0.0,-0.0,-0.0
-6.462246417140779e-5,0.02621023045167894,-3.772897578025041e-15,-1.368793892416895e-15,-7.658903435216472e-16,-0.10724895542235732,-0.0020012274408636203,0.059647024311568854,-0.12137715912315865,2.056517077708591e-12,-0.009070813448221037,-0.003033661035108831,-8.36985490770885e-15,-0.018323358612582726,-0.001967102925680687,0.0006791849564912512,0.005216249142305699,0.004973992851748896,0.00025047641329151366,-0.0048309282624960145,0.0003595109455952986,-0.0004908783476053919,-0.0017206804652671356,-0.1095107810470527,-0.00033366992523971225,-0.0042564665605125136,-5.4088478647454464e-5,9.903193461378747e-17,-1.6199032783124448e-15,-1.1811632366161536e-16,-2.0024227981427242e-16,9.294598165126518e-16,2.544241041454811e-16,1.120364572254224e-15,2.0869881507058076e-15,-3.100825303624934e-16,6.160165841507965e-16,-3.6713953914556643e-16,1.889621128681342e-15,0.0003776147269353309,0.0004433213224563358,0.0020366284896890696,0.00032562135223544974,0.00023692162706965525,0.00016946884527939757,0.0005632580191743665,0.00028262055540096613,0.0013020922529010006,0.0004995504418000309,0.00019446488565895385,2.548159182494187e-6,-9.3926483323147e-5,-2.708979316779294e-16,-3.141296138943673e-5,-1.5271003241075885e-15,1.0324989562700632e-15,3.850567379416264e-16,1.4247929219368063e-15,6.228282287764128e-16,2.488314335387385e-15,-4.2051975166273313e-16,-2.2914058134905964e-16,3.0588408275848695e-16,-7.560349616928921e-16,-2.8193755798089573e-15,-6.170770127628326e-16,-2.444094991336026e-15,6.196760623396018e-16,-0.0,-0.0,-0.0,-0.0,-0.0,-0.0,-0.0,-0.0,-0.0,-0.0,-0.0,-0.0
1.6722856159009108e-7,-2.573157925831013e-6,1.4478690149590423e-15,-4.476571909872129e-16,1.5187647333830506e-16,1.1359838298245879e-5,1.4737518978862244e-6,-1.3477325165649031e-7,1.2928982558104251e-5,-4.2612512520982435e-16,-6.077928085110099e-7,-2.032714459258513e-7,1.0944772628020588e-14,3.5491842431326964e-5,1.670445616058941e-7,4.2956567272462776e-7,4.447371882978205e-7,2.978944029582449e-6,6.565133160297123e-7,6.525988383429348e-7,4.4749296194507377e-7,1.316036997770412e-6,9.579296605196284e-7,1.3928589954796464e-6,9.324955773760342e-7,2.345498625361759e-6,2.3365390202855575e-7,-8.818837103753804e-18,4.051203603931261e-17,2.5240355097730846e-16,1.373259284998601e-17,-1.1683999555988464e-17,-2.6202714980512227e-17,1.746528124664625e-17,3.174601400772382e-16,-1.1419408013643707e-17,7.538340292214767e-16,-1.2923564697117824e-16,8.389748267074262e-17,-2.6428006218195495e-7,1.0710571958147468e-8,-1.0912004834129768e-6,-1.384485636456697e-7,-1.5822236603668902e-7,-1.2781600368053946e-7,-2.953053747591483e-7,-2.4374776183522046e-7,-2.2779824366292996e-7,-3.012651593850296e-8,-1.8582118867377098e-7,-3.1604088656141994e-9,9.93167196033898e-7,2.751233882875915e-16,3.321568256956499e-7,-1.8105604519026864e-16,-1.8167328989723112e-17,2.865953599285089e-17,-2.0588696953658756e-17,-5.511805820750627e-17,1.3179900108518546e-16,2.4475914689727883e-16,2.791364681545958e-17,1.6834920269355853e-18,-5.077886811052209e-17,-4.2921756331892843e-16,1.019949340211578e-17,-7.120531271391901e-16,5.2821902857464195e-16,-0.0,-0.0,-0.0,-0.0,-0.0,-0.0,-0.0,-0.0,-0.0,-0.0,-0.0,-0.0
7.055933537638415e-7,-0.00012668310024961213,3.050287690728167e-16,7.047064301427049e-16,5.887559746362873e-16,0.0005074147031435638,4.2801220431885356e-5,-5.693561695548063e-6,0.0005907534077587398,-2.76319152439019e-15,-2.4508754595482843e-5,-8.196757024643683e-6,5.155151515532214e-18,4.543613226056795e-5,6.4247359093842965e-6,2.2178069815554417e-5,1.8146356133870694e-5,0.0001422352053168704,2.5902617139551058e-5,7.974421414813625e-6,2.6656648779528314e-5,6.72513239341061e-5,4.7488818226310806e-5,7.132231465822346e-5,4.2843159988210407e-5,9.762595315317964e-5,5.933511382025628e-7,3.3451328249431284e-17,-8.146183870778421e-16,4.036489485944946e-16,-3.9481643535299884e-17,5.340093653793604e-16,1.8804758044757178e-16,6.685547932199656e-16,1.1877489223640225e-15,-1.6038354432813635e-16,1.4272817878530727e-15,-1.0622726947262626e-16,7.669893302856375e-16,-4.073560146181409e-6,-7.012019360025576e-7,-1.631810656029669e-5,-9.782086994121784e-7,-2.714022845594805e-7,-2.3052778180158687e-6,-1.9818534660944056e-6,-1.3930944101910867e-6,-1.1484135828597772e-6,-1.1583888708251366e-6,-1.2300253411192019e-6,-1.0756140669974183e-8,9.398820110760395e-6,-5.4256022788603345e-17,3.143360239641627e-6,-8.714665486880292e-16,4.254884565499913e-16,3.537909908363788e-17,7.011980284905576e-16,7.567606762357519e-17,9.971337785458996e-16,-5.334885163255371e-16,-2.7948386490398345e-16,9.905712854049638e-17,-5.202245223683022e-16,-1.1628566242900831e-15,-8.687562177076238e-17,-1.8114843478580466e-15,2.146066874021679e-16,-0.0,-0.0,-0.0,-0.0,-0.0,-0.0,-0.0,-0.0,-0.0,-0.0,-0.0,-0.0
-6.531730049747087e-5,0.02633166707330342,-4.096594561232718e-15,-2.1314303626821045e-15,-1.3735716214659217e-15,-0.10773533747853917,-0.0020426439580987685,0.05965221964714522,-0.12194338671173825,2.0612235744274145e-12,-0.009047373389090198,-0.0030258216947379518,-7.974209516804332e-15,-0.01836992000788958,-0.001973262182700318,0.0006580047659463143,0.005199111251109175,0.004837072304944936,0.000225753363852286,-0.004838244627759918,0.0003340244088599234,-0.0005550667703985068,-0.0017664089830924786,-0.10957888336964994,-0.00037477386061213344,-0.004350861345236519,-5.4438583031842257e-5,6.492010617795986e-17,-7.929388522235646e-16,-5.294371179532782e-16,-1.5897034379957454e-16,3.8917364535859394e-16,5.189255266310267e-17,4.45312113339825e-16,8.919008211244654e-16,-1.43273178637472e-16,-8.304133895198803e-16,-2.610988685722853e-16,1.1077748785476402e-15,0.0003815207388554366,0.0004439889961731495,0.0020523742186670845,0.00032656126107514827,0.00023718313487263988,0.0001716828112525408,0.0005651705517664401,0.0002839704230600296,0.0013031972069059087,0.0005006503955408441,0.0001956554524510252,2.5580069454902313e-6,-0.00010255909699917917,-2.0669826486701368e-16,-3.430007001293108e-5,-6.232809481312475e-16,6.071884853009578e-16,3.680757370935486e-16,7.005579596419528e-16,5.155710115428351e-16,1.485649604572496e-15,1.1528926265928567e-16,3.364254017986547e-17,2.0287894339114927e-16,-2.0677465431784518e-16,-1.6749202178612868e-15,-5.145082644388443e-16,-6.496990954589891e-16,4.0436637769760183e-16,-0.0,-0.0,-0.0,-0.0,-0.0,-0.0,-0.0,-0.0,-0.0,-0.0,-0.0,-0.0
3.5411572192501864e-6,1.492383116158491e-5,-3.4381524895156353e-16,2.1009074457158046e-14,-4.184342251208624e-15,-6.615992364834817e-5,5.842253568197232e-5,-1.0891640126694796e-6,-0.00010902622515667034,-3.576752234466503e-13,-1.6919353529766803e-5,-5.658542517268682e-6,2.4503864919346853e-14,-0.00023887199109639954,-3.858157594522319e-6,8.514861110425934e-7,1.3931072948014036e-5,-1.3940888179763657e-5,-7.788912079195485e-6,-4.100505071603396e-6,-2.1702620641676776e-6,-5.979054954967482e-5,5.4874057008572725e-5,-5.852418880337284e-5,-5.57036940941228e-6,-4.1009984020059155e-5,5.103909186719055e-5,-1.313391674728489e-16,-6.25798533953014e-15,-1.6852496480605034e-15,-3.3491457488882984e-16,5.561290650192176e-15,3.3313256543945193e-15,9.519464946774687e-15,1.353307764284587e-14,-2.1739213623245325e-16,5.811713286910958e-15,-1.7975490780052334e-15,1.1283733328509388e-14,-4.4304423606644004e-7,7.2628226094635645e-6,-3.3780042976918395e-6,-6.946743217417393e-7,-2.066173405525352e-6,-1.8071762629129132e-6,6.779285705469703e-7,-3.406327023372304e-6,-1.806069331638072e-6,1.411725135228317e-5,-3.7363803282381176e-6,-1.9185829052129985e-7,0.00014660099316417168,-7.990287851375759e-15,4.9029530068880005e-5,-7.239752286559885e-15,5.9411299048236545e-15,4.8678070348009825e-15,5.3079638842738745e-15,-3.418867060579892e-15,1.0203720065216853e-14,-4.790172465322365e-15,-1.3157202017029523e-15,1.3597333078932143e-15,3.495915432176447e-15,-1.4384159593475186e-14,-3.855719696403708e-15,-2.000865886843134e-14,1.7475879234152386e-15,-0.0,-0.0,-0.0,-0.0,-0.0,-0.0,-0.0,-0.0,-0.0,-0.0,-0.0,-0.0
1.7658238315671242e-7,-2.5337822220480673e-6,1.4469809328784264e-15,-3.9218234070419564e-16,1.4082850077675096e-16,1.1185278344259935e-5,1.6280549919422568e-6,-1.376513771610789e-7,1.2641242342069728e-5,-1.3706836124300394e-15,-6.524819633834778e-7,-2.1821737649297618e-7,1.0954360066713037e-14,3.4861513715746446e-5,1.568581891467873e-7,4.318201810852711e-7,4.815326209470435e-7,2.9421696573962237e-6,6.359532808240839e-7,6.417791352752387e-7,4.4176785061646703e-7,1.158159520083542e-6,1.1028548150802985e-6,1.2383267911119582e-6,9.177980940349655e-7,2.237231196888395e-6,3.6844170007694835e-7,-9.165800032875976e-18,2.398643590121868e-17,2.479565890007931e-16,1.2848335231386463e-17,3.0021572367175443e-18,-1.740567336028423e-17,4.260462799588282e-17,3.5320279590567414e-16,-1.199365625059748e-17,7.691920099907488e-16,-1.3398440771280685e-16,1.1369684028861054e-16,-2.6545368489785716e-7,2.989046016787687e-8,-1.1001361282879447e-6,-1.4028496709699875e-7,-1.6368091062860969e-7,-1.32590168490387e-7,-2.9351914604416903e-7,-2.5274657241745817e-7,-2.325708573599507e-7,7.154061889905718e-9,-1.956908126942647e-7,-3.6671137053964077e-9,1.3803263301926432e-6,2.540263242953322e-16,4.616391027248693e-7,-2.0017734677273704e-16,-2.4781775121171056e-18,4.1514887305594034e-17,-6.5716504515606715e-18,-6.41473960882455e-17,1.587469052219379e-16,2.321125659060275e-16,2.443946158328834e-17,5.274313710078807e-18,-4.1547513262760323e-17,-4.672092993024058e-16,1.740665350447812e-20,-7.649019836101384e-16,5.328413265690642e-16,-0.0,-0.0,-0.0,-0.0,-0.0,-0.0,-0.0,-0.0,-0.0,-0.0,-0.0,-0.0
-3.158967749792039e-5,0.005111137216127789,-1.2857234339836179e-15,2.081093146258642e-14,-4.752161873524209e-15,-0.021180986066494642,-0.00038402768938820483,0.012652268803760162,-0.023389992963345943,4.819014779275277e-14,-0.001768610134766073,-0.0005914975192443455,2.299115762554951e-14,-0.0038593547520508727,-0.0004014092853226049,0.00013734287471192137,0.001098312461265644,0.0009052732842138567,5.9174887663991e-5,-0.00013759920373446265,6.34908461121393e-5,-0.00023965249651751582,-0.00019427758458832555,-0.0005491084768539058,-0.023777441583857802,-0.0007678669537845267,4.609626495021717e-5,-1.0150946568872271e-16,-6.366667534793842e-15,-1.9861088104911157e-15,-3.4376264082607695e-16,5.644323241178794e-15,3.3763138082317154e-15,9.661302581146842e-15,1.3816329336354658e-14,-1.9765499313736375e-16,5.394475255825132e-15,-1.8651873235323514e-15,1.1673610918877392e-14,9.506254198277122e-5,0.0001477643248443654,0.00047564114032505004,7.214470405301454e-5,3.815080299326026e-5,4.140771600108434e-5,0.0001453376382775722,7.004571330153593e-5,6.737061845520637e-5,0.0005942218760668489,5.253974779969211e-5,5.782243408614294e-7,0.00013835058762886582,-8.517217357075363e-15,4.627024790162603e-5,-7.339467237994498e-15,6.0976914103592335e-15,5.020140101708295e-15,5.417765851075777e-15,-3.3990848441512605e-15,1.0530130935011608e-14,-4.769692807306387e-15,-1.3219413180105546e-15,1.3967921322443175e-15,3.65525773774201e-15,-1.4776086627282018e-14,-4.020469355672861e-15,-2.017940740954389e-14,1.8237678133664975e-15,-0.0,-0.0,-0.0,-0.0,-0.0,-0.0,-0.0,-0.0,-0.0,-0.0,-0.0,-0.0
1.7830637871540617e-7,-2.8946277717217147e-5,1.4420378800876618e-15,-3.942373658229817e-16,1.3853258727258647e-16,0.00011319382680221149,1.5819074605223042e-6,6.522786868152323e-5,0.00013965829543091784,-3.0183547018446713e-14,-1.995289252141076e-5,-6.673085377670977e-6,1.0960847771322398e-14,-4.6868834819244026e-5,1.2499555515925503e-8,4.452907045193935e-6,1.222960831012573e-5,2.9921936025781068e-5,5.773185927292977e-6,2.432429773934667e-6,4.4070064836519725e-6,1.54872535741757e-5,8.68359518072666e-6,1.3768660794742254e-5,1.3253770227292643e-5,1.6138810878127374e-5,5.343451471636634e-7,-9.166054201509975e-18,2.4193413272359895e-17,2.467648546039929e-16,1.2775363162995237e-17,2.8972777300699805e-18,-1.7404357733026548e-17,4.2208652115660676e-17,3.524960832530041e-16,-1.1929198142979715e-17,7.661364307458066e-16,-1.342352932992319e-16,1.1376768561906968e-16,-5.542057040103939e-7,3.012647872792699e-7,-1.358761324016432e-6,9.8137752724764e-8,1.4592407267654396e-8,-3.259097725791869e-7,-3.1845969646175925e-8,-2.0388711721879417e-7,-1.3341851124777742e-7,1.442700888322594e-8,-1.773535355917173e-7,-2.9297818662903957e-9,1.0356438935336748e-6,2.544680311252948e-16,3.46362817575476e-7,-1.997402494117997e-16,-2.4310571121116626e-18,4.1514619043833624e-17,-6.661917643171788e-18,-6.417757967179147e-17,1.5875747298462565e-16,2.3163186948602225e-16,2.4602775068921312e-17,5.241877089135019e-18,-4.1850705033107026e-17,-4.669056766842248e-16,-1.630469090258348e-19,-7.655317820053449e-16,5.32532160457206e-16,-0.0,-0.0,-0.0,-0.0,-0.0,-0.0,-0.0,-0.0,-0.0,-0.0,-0.0,-0.0
1.7707753682676673e-6,7.454229109517862e-6,-1.6812314246851046e-16,1.0501964132970958e-14,-2.09149571367651e-15,-3.304600954855446e-5,2.921117516052695e-5,-5.448590276866686e-7,-5.447220664707764e-5,-1.7881471155132528e-13,-8.46012011521214e-6,-2.829419533608785e-6,1.2277958907434518e-14,-0.00011932775851641104,-1.928385873854137e-6,4.2680186827453924e-7,6.9657567973330705e-6,-6.96176940545605e-6,-3.892227697315623e-6,-2.0482819291486445e-6,-1.083822826133844e-6,-2.988784270676623e-5,2.7435833948180807e-5,-2.925454775693539e-5,-2.7823882996763853e-6,-2.049614606699291e-5,2.5516727191673083e-5,-6.568367861055218e-17,-3.1284673873057878e-15,-8.41855993122872e-16,-1.673991321714088e-16,2.780241696937666e-15,1.6653711564893578e-15,4.7591388987963194e-15,6.7664552065096975e-15,-1.0871114310447153e-16,2.907424938882592e-15,-8.989896273748515e-16,5.6413272553680756e-15,-2.2217895151413717e-7,3.6309516481938477e-6,-1.6916102361988352e-6,-3.476502084629073e-7,-1.0333590653659034e-6,-9.037988855732735e-7,3.381516116235595e-7,-1.7035681086431473e-6,-9.035052371416357e-7,7.057599859374491e-6,-1.8684221209748493e-6,-9.59244781073992e-8,7.329323684773738e-5,-3.993892876311326e-15,2.4512337074323408e-5,-3.6198605741239845e-15,2.970118986423444e-15,2.4336512440204195e-15,2.6535721838690683e-15,-1.7093472462540663e-15,5.101517557221888e-15,-2.394128858335373e-15,-6.576992729779389e-16,6.797797620332678e-16,1.747591151943686e-15,-7.192229390658165e-15,-1.9275745547278247e-15,-1.0004836286970411e-14,8.750489185959454e-16,-0.0,-0.0,-0.0,-0.0,-0.0,-0.0,-0.0,-0.0,-0.0,-0.0,-0.0,-0.0
-3.2679614436569105e-5,0.004989317680163692,-1.0956211660403616e-15,1.0303744055685337e-14,-2.6505828599841163e-15,-0.020678516375807615,-0.000404651247023975,0.012446908800858454,-0.022809270441572473,2.0225966065085268e-13,-0.0017377610681444196,-0.0005811802955549702,1.0836432387627218e-14,-0.0037182244204411836,-0.0003918696124039623,0.0001367046515190372,0.0010773847557937768,0.0009106893323858555,6.48701567831448e-5,-0.00013187754013312637,6.570757566954868e-5,-0.0001976580957116173,-0.00021233614370946382,-0.0005027985928137264,-0.02330787290316924,-0.0007249354041108002,2.0778873334496426e-5,-3.6461435430153845e-17,-3.2343535010672597e-15,-1.1379637695297432e-15,-1.7603606346725558e-16,2.861316890115891e-15,1.7088171280347765e-15,4.897701590057838e-15,7.043477221826926e-15,-8.90180017217389e-17,2.4955527055694333e-15,-9.654783382968863e-16,6.0230236568188994e-15,9.325915898344175e-5,0.00014157609341452462,0.00046789063198215936,7.122326729230403e-5,3.851135732957604e-5,4.135737370626078e-5,0.00014235373601099158,7.035584741382872e-5,6.699291046908569e-5,0.0005759529524771008,5.3329142343047956e-5,6.59669496368826e-7,6.503418746584425e-5,-4.5099176450221624e-15,2.1750164041672404e-5,-3.7158851541471094e-15,3.1236928284287433e-15,2.5838988298951137e-15,2.7601272498228805e-15,-1.6914373474490577e-15,5.421371947267956e-15,-2.3742224951437448e-15,-6.644817129485914e-16,7.159197593136849e-16,1.9050287309104515e-15,-7.57726404215079e-15,-2.0885174377524118e-15,-1.0173459222841548e-14,9.495415055866585e-16,-0.0,-0.0,-0.0,-0.0,-0.0,-0.0,-0.0,-0.0,-0.0,-0.0,-0.0,-0.0
-1.1195645330305934e-6,0.0003414345794479989,4.0784697916788503e-16,-4.599536043910072e-16,2.450786052427755e-15,-0.0013681452852167227,-0.00010891737448355418,1.9485960837570244e-5,-0.0015900534546886746,-1.153273058535637e-13,6.363898350784895e-5,2.1283549223872737e-5,-1.866219977876413e-15,-0.0010018187476622813,-1.8046046263645827e-5,-5.774799624030661e-5,-4.265589559861409e-5,-0.00038851102664323674,-6.617923226416528e-5,-1.61233400728286e-5,-6.980123992022384e-5,-0.0001959987357139335,-0.00011713424956352449,-0.0002047091104670012,-0.00011524228735109448,-0.0002459456150351518,-1.719386086281764e-5,9.186884337857322e-17,-1.0203089239935371e-15,1.6317586806733986e-15,1.053837225248967e-17,5.022714257609655e-16,3.1996126842969037e-16,3.705965172386436e-16,7.753272281557518e-16,-5.059601831275617e-16,3.3934918082282e-15,5.299844183016324e-17,1.0021318421744283e-17,1.0613356853351844e-5,3.528721737988321e-6,4.338867988768882e-5,2.351995154040923e-6,2.3501504181510272e-7,5.621268728999101e-6,4.95842932403992e-6,3.193831368918556e-6,2.716536555780176e-6,5.5609295043540605e-6,2.4849323316504736e-6,7.133630003427308e-8,-8.309741463200599e-6,1.1685673602258346e-15,-2.7791265985016874e-6,-1.327490255446473e-15,-9.952879397352445e-17,-2.6107551328689937e-16,6.747721855211288e-16,6.74380848751909e-16,8.403720609200731e-16,-1.0823285346952428e-15,-5.998399621448591e-16,5.4852460314174987e-17,-1.910184757943217e-15,-1.084353267289701e-15,-2.9246073740628563e-16,-2.2395242997778005e-15,6.422779802859358e-16,-0.0,-0.0,-0.0,-0.0,-0.0,-0.0,-0.0,-0.0,-0.0,-0.0,-0.0,-0.0
1.672152944441879e-7,-2.5691118331531157e-6,1.4478738484747754e-15,-4.476626416998023e-16,1.5190551592922794e-16,1.1343625401984448e-5,1.4724611909794868e-6,-1.3454233674840932e-7,1.291013999784556e-5,-4.2749178940167113e-16,-6.070386689419516e-7,-2.0301922998158086e-7,1.0915931437023675e-14,3.547997058121643e-5,1.6683071041386324e-7,4.288813403389242e-7,4.442317034056771e-7,2.974340049338158e-6,6.55729071071938e-7,6.524077718676952e-7,4.466657945755236e-7,1.31371435083774e-6,9.565415826282021e-7,1.3904331282896274e-6,9.311299213232729e-7,2.3425840915246956e-6,2.3345021443951216e-7,-8.817748432943528e-18,4.049994508457496e-17,2.5242288787692804e-16,1.3732717736715281e-17,-1.1678047492543067e-17,-2.6198923351059564e-17,1.746967293116652e-17,3.174693280261064e-16,-1.1425403796457601e-17,7.538742433268047e-16,-1.2923501896007843e-16,8.389760144996844e-17,-2.6415429047578544e-7,1.0752388467742873e-8,-1.0906863133574994e-6,-1.3842069173171858e-7,-1.5821958106493726e-7,-1.2774938982339075e-7,-2.9524661581884306e-7,-2.437099139632254e-7,-2.2776605189665712e-7,-3.006061717898439e-8,-1.8579174148103836e-7,-3.1595638686418938e-9,9.930687233706631e-7,2.7513723623762935e-16,3.321238923006449e-7,-1.8107177639799393e-16,-1.8168508440814792e-17,2.865644217794293e-17,-2.0580700706964787e-17,-5.511006660819963e-17,1.3180895978283096e-16,2.4474632104883944e-16,2.7906538540007465e-17,1.684142045435705e-18,-5.080150438614053e-17,-4.2923041335067047e-16,1.0196027658008083e-17,-7.1207966637277e-16,5.28226639909263e-16,-0.0,-0.0,-0.0,-0.0,-0.0,-0.0,-0.0,-0.0,-0.0,-0.0,-0.0,-0.0
-0.00012230693643464852,0.034218927562807644,-5.2812739396989486e-15,-4.026093633389907e-15,-9.207246368910034e-17,-0.14026127780511463,-0.0027750850994012343,0.0779657588838495,-0.15802377970962306,2.548674129928128e-12,-0.011310510680741947,-0.003782709867778308,-1.2233291874959869e-14,-0.024190228261519158,-0.002518988630329115,0.0007789733298595432,0.006641615168382351,0.005624755499427619,0.0003537729734844832,-0.0009153182897672005,0.00035705666764802163,-0.0008223834169644588,-0.0014761999482977926,-0.0032640997534330416,-2.7124186497177222e-5,-0.16537838314289435,-8.657235511050704e-5,1.4609245906136927e-16,-1.0187509055616444e-15,4.149554482923572e-16,-1.4985781088456268e-16,3.18959303686015e-16,1.4099920099681494e-16,6.743594528142215e-17,4.184860513692985e-16,-4.938410613633523e-16,4.280360939640443e-16,-1.4300419267148092e-16,4.804656871844561e-16,0.0005317754985938864,0.0006532324481001116,0.002781495311388829,0.00042475318490423064,0.00021852180887360766,0.00024000573403981716,0.0007718012218758435,0.0003746783358192082,0.0003744748636350927,0.0007241022731073555,0.0010536963687852792,3.836386341928395e-6,-0.00015744218965509167,9.68367822196118e-16,-5.265528155420573e-5,-1.0290558880117496e-15,1.3222090844187151e-16,1.401251488557121e-16,6.892803581209139e-16,1.2573074948251486e-15,1.4821304900826066e-15,-2.9253484080870136e-16,-1.9401499822655614e-16,1.7513360793726404e-16,-1.5684744140902087e-15,-1.7357449921983405e-15,-8.420302568443547e-16,-7.604261670143053e-16,9.242624679034173e-16,-0.0,-0.0,-0.0,-0.0,-0.0,-0.0,-0.0,-0.0,-0.0,-0.0,-0.0,-0.0
1.6726576901428073e-7,-3.308298128085857e-6,1.4477355001638404e-15,-4.477202170456848e-16,1.5184127777216126e-16,1.419847745892026e-5,1.4711706115261356e-6,1.6949625379380964e-6,1.6464844778218712e-5,-1.23392047527157e-15,-1.1472466270112254e-6,-3.8368746249130454e-7,1.0853642028544122e-14,3.3192424169028145e-5,1.627886943195355e-7,5.414261954487559e-7,7.730456483150123e-7,3.7294766172377535e-6,7.99513547200033e-7,7.02523732177157e-7,5.5764809747501e-7,1.7147776506101086e-6,1.1687202311719406e-6,1.7411389705093042e-6,1.2798458946830334e-6,2.7278629106701103e-6,2.3809265602731462e-7,-8.817758611834051e-18,4.0505754363795566e-17,2.5238954734125424e-16,1.3730672897180936e-17,-1.1680999548876468e-17,-2.619889784098223e-17,1.7458562106630502e-17,3.1744949829219976e-16,-1.142360203238976e-17,7.537887112981231e-16,-1.2924203575272011e-16,8.389953837095197e-17,-2.7223757268840055e-7,1.8342811835831913e-8,-1.0979294739769451e-6,-1.3174811549592013e-7,-1.532306109452842e-7,-1.3316085901511687e-7,-2.8792554301418864e-7,-2.4234425243761947e-7,-2.2499213403585288e-7,-2.992414122526491e-8,-1.8526175664533976e-7,-3.1389491204541722e-9,9.834192198688175e-7,2.7514967104657156e-16,3.288966930037163e-7,-1.8105951987888657e-16,-1.8167206806436418e-17,2.865642278688023e-17,-2.058324361313524e-17,-5.5110901656629824e-17,1.3180922323125028e-16,2.4473288284115015e-16,2.791111934959084e-17,1.6832315158177522e-18,-5.0810004219065254e-17,-4.2922187467104195e-16,1.0190988465379825e-17,-7.120972344168401e-16,5.282179823785739e-16,-0.0,-0.0,-0.0,-0.0,-0.0,-0.0,-0.0,-0.0,-0.0,-0.0,-0.0,-0.0
-5.597802784068431e-7,0.0001707172571911003,2.0394064216803922e-16,-2.299821034924094e-16,1.2253948110428206e-15,-0.0006840724998176281,-5.445866912830753e-5,9.742978705311568e-6,-0.0007950265646325899,-5.76636572854947e-14,3.1819484171339856e-5,1.0641772076005138e-5,-9.419429540882033e-16,-0.0005009089473094855,-9.023021044550725e-6,-2.88739926848032e-5,-2.132794227447602e-5,-0.00019425547570020398,-3.308960795729994e-5,-8.061662207543676e-6,-3.4900614240235214e-5,-9.799935109068705e-5,-5.856711273052887e-5,-0.00010235453750487418,-5.762113193179351e-5,-0.00012297277825485038,-8.596927560022778e-6,4.5934316649523586e-17,-5.10153975882111e-16,8.158823211612285e-16,5.269348773296428e-18,2.511355714356079e-16,1.5998032183707335e-16,1.8529846333709194e-16,3.876673708510084e-16,-2.52980223836774e-16,1.6967548155718405e-15,2.6497689353646702e-17,5.011653207230925e-18,5.306675231826422e-6,1.764360974756826e-6,2.169432675505344e-5,1.1759959225386984e-6,1.1750564480500907e-7,2.810632816425726e-6,2.4792111334157394e-6,1.5969127772960145e-6,1.358265562562678e-6,2.7804643618331154e-6,1.2424639492474183e-6,3.5668112145181766e-8,-4.154858914341745e-6,5.842869329061281e-16,-1.3895593470632056e-6,-6.637472650110736e-16,-4.9764611645822474e-17,-1.3053741550874021e-16,3.373858447758274e-16,3.3718976727363223e-16,4.2018758704412613e-16,-5.411613608467915e-16,-2.9991964674696094e-16,2.7426249775448247e-17,-9.550929691859202e-16,-5.42181712721663e-16,-1.4623024610363398e-16,-1.11977057321648e-15,3.2114524488223226e-16,-0.0,-0.0,-0.0,-0.0,-0.0,-0.0,-0.0,-0.0,-0.0,-0.0,-0.0,-0.0
-0.00012170631133981385,0.03403211423679699,-5.519572405347712e-15,-3.905021696011693e-15,-1.352805713516041e-15,-0.13951222262842464,-0.0027175624724940645,0.07794300232594684,-0.15715377476253428,2.6090592024606096e-12,-0.011342754273970605,-0.0037934934797377155,-1.063126094466992e-14,-0.0236889435795354,-0.002509043454735048,0.0008096587344735854,0.006663917861535522,0.005828488933933761,0.00038910685507856125,-0.0009058306933419442,0.0003941622237100623,-0.0007182490564659234,-0.00141394934194063,-0.0031549326708945353,3.39798510981027e-5,-0.1652211091183126,-7.750154128232158e-5,9.890139023729357e-17,-4.852615601729389e-16,-4.1521558255547396e-16,-1.5171746278204459e-16,5.598749498087851e-17,-4.631497552353809e-17,-1.3010568354266866e-16,1.698995440538104e-17,-2.287255890578502e-16,-1.3044141881321102e-15,-1.6982491500565388e-16,4.472890083846746e-16,0.0005260593107457413,0.0006512994668339128,0.0027582525414782274,0.0004234374690706835,0.00021835172521184014,0.00023697970883174033,0.0007690658158023791,0.0003729377684283991,0.00037297331181505383,0.0007210899236952656,0.0010522017264134684,3.7983784858226398e-6,-0.00015182085553196422,4.0293360936842737e-16,-5.077527129827724e-5,-3.0423087302762104e-16,1.822698275226257e-16,3.0534825277449455e-16,3.0835947746297564e-16,8.603618671355261e-16,1.0513738675612762e-15,2.5287245810341056e-16,7.428681808117014e-17,1.402259790441427e-16,-5.58605615434607e-16,-1.2282063350826544e-15,-6.660642390204504e-16,3.2679823312779945e-16,6.017523412389705e-16,-0.0,-0.0,-0.0,-0.0,-0.0,-0.0,-0.0,-0.0,-0.0,-0.0,-0.0,-0.0
-1.754322205130847e-7,4.770735979341351e-5,-1.9864066725491242e-16,1.2485613958561346e-16,3.26311212668834e-17,-0.0001913118138971482,-1.8342188521424096e-5,2.666003158857496e-6,-0.00022276553329277765,1.8315919853325332e-14,8.474440294679848e-6,2.8342088006469033e-6,6.14582558933487e-15,-0.0002504471164722907,-2.605842832874978e-6,-7.220103445257368e-6,-3.3807361593408046e-6,-5.956888098424202e-5,-8.219552971616529e-6,1.0618597159515522e-6,-8.908019802525784e-6,-2.7582259909009833e-5,-1.4652514286686882e-5,-2.9131675393332423e-5,-1.6627207419243936e-5,-4.042586659903205e-5,-6.28307661504551e-7,-7.945587450920701e-18,-2.8119954257982934e-17,4.126292333320197e-17,7.127753261099546e-18,3.86629850669339e-18,1.3005587839754505e-17,2.731754656175074e-17,-1.8433672297357515e-17,-2.0203810198861094e-17,6.412124985855909e-17,-3.639640464233732e-17,-2.400219763354399e-17,1.389902029167529e-6,3.8258673945179987e-7,6.6762858264593874e-6,3.002635624974436e-7,-7.616298913687294e-10,7.418050390967439e-7,7.577384973328614e-7,4.1929932669386016e-7,3.9519046773842467e-7,8.601667925172472e-7,3.6860662606022775e-7,4.604330966940052e-9,4.783706827148601e-7,1.9422402917678534e-17,1.5998725009643943e-7,-3.932825150783812e-17,7.935117255590494e-17,2.400664739517521e-16,3.6624456615843694e-16,2.6820150109929765e-17,5.57787533805045e-16,-1.1143774477668258e-16,-3.661881690848205e-16,9.840523738811724e-17,-5.524689870485562e-16,-1.3492370475085522e-15,4.069911390897486e-17,-1.986006607486669e-17,6.28899354165196e-17,-0.0,-0.0,-0.0,-0.0,-0.0,-0.0,-0.0,-0.0,-0.0,-0.0,-0.0,-0.0
1.6722856158665488e-7,-2.573157925348246e-6,1.4478690149588208e-15,-4.476571909875643e-16,1.5187647333831406e-16,1.135983829716408e-5,1.4737518976599529e-6,-1.347732515810764e-7,1.2928982553935541e-5,-4.261251263320831e-16,-6.077928083528031e-7,-2.0327144589038562e-7,1.09249261069027e-14,3.549184243179337e-5,1.6704456167767386e-7,4.2956567270407604e-7,4.447371880239869e-7,2.9789440292899545e-6,6.5651331608495e-7,6.525988384664562e-7,4.4749296191403335e-7,1.3160369978677624e-6,9.579296606290456e-7,1.3928589989660506e-6,9.324955775718497e-7,2.345498625554528e-6,2.336538759579019e-7,-8.818837103757021e-18,4.051203603930291e-17,2.524035509773274e-16,1.3732592849984954e-17,-1.1683999555985397e-17,-2.620271498052568e-17,1.7465281246658585e-17,3.174601400772352e-16,-1.1419408013645246e-17,7.538340292214999e-16,-1.2923564697118534e-16,8.389748267070792e-17,-2.642800622382529e-7,1.0710571952930331e-8,-1.0912004836531517e-6,-1.3844856366803975e-7,-1.5822236604434898e-7,-1.278160037103712e-7,-2.9530537478555436e-7,-2.437477618416114e-7,-2.277982437001722e-7,-3.012651595163631e-8,-1.858211886824012e-7,-3.1604087850973212e-9,9.931671960387224e-7,2.751233882876754e-16,3.321568256971668e-7,-1.8105604519025055e-16,-1.8167328989703476e-17,2.865953599285888e-17,-2.0588696953645894e-17,-5.51180582075507e-17,1.31799001085214e-16,2.4475914689720467e-16,2.7913646815428814e-17,1.6834920269630718e-18,-5.0778868110451516e-17,-4.29217563319033e-16,1.0199493402124263e-17,-7.120531271392071e-16,5.282190285746538e-16,-0.0,-0.0,-0.0,-0.0,-0.0,-0.0,-0.0,-0.0,-0.0,-0.0,-0.0,-0.0
-1.160231600205106e-6,0.00036601865378340357,-2.6072239104939946e-16,7.371957659939631e-17,8.64775675682776e-18,-0.0014945585936155172,-4.385206203982873e-5,0.0007302427937689367,-0.001693938904697495,4.4046966654511345e-14,-0.00010114476664153872,-3.382705853549127e-5,6.055810015157007e-15,-0.000481023491036445,-2.587502305437556e-5,1.1544921255755147e-6,6.0992329818961274e-5,5.137343493475619e-7,-3.971511512001375e-6,-6.152021269155481e-6,-4.51455931459071e-6,-3.233322472662063e-5,-2.665352369655241e-5,-5.5961862880749846e-5,-1.3800790834602802e-5,-9.202020909426332e-5,-0.0015277682702089376,-7.357673962995992e-18,-2.817624434057669e-17,2.9970095379627815e-17,5.875624174783375e-18,2.2414788704474457e-18,1.1724904088723384e-17,2.5182355672284284e-17,-2.2184831459308692e-17,-1.9972416897211642e-17,3.649357885097436e-17,-3.850690908686828e-17,-2.0703258374346614e-17,6.061486156635833e-6,6.097035880701843e-6,3.171681979003537e-5,4.242353636172006e-6,1.988472178992009e-6,2.847801722978484e-6,7.785930774363622e-6,3.7687417592912984e-6,3.7779919347243223e-6,7.16434261945936e-6,2.8879334654297846e-6,5.007371810495434e-6,-9.770539057777068e-7,2.0255750999287826e-17,-3.2676786713083837e-7,-3.620732296283379e-17,8.127851994883844e-17,2.441990543789225e-16,3.6563325244285594e-16,3.181927592875893e-17,5.629540333437845e-16,-1.0748502463108599e-16,-3.623596947958195e-16,1.0055872323381511e-16,-5.48003719686364e-16,-1.3534103973668939e-15,3.156908828841094e-17,-5.816865592339844e-18,6.525779924456969e-17,-0.0,-0.0,-0.0,-0.0,-0.0,-0.0,-0.0,-0.0,-0.0,-0.0,-0.0,-0.0
1.6722856158897548e-7,-2.573157925761448e-6,1.4478690149590459e-15,-4.476571909872381e-16,1.518764733383076e-16,1.1359838297982886e-5,1.4737518979367175e-6,-1.347732516730844e-7,1.29289825577655e-5,-4.2612512515784074e-16,-6.077928084559982e-7,-2.0327144593785743e-7,1.0929752642371257e-14,3.549184243142609e-5,1.6704456160622804e-7,4.2956567274170273e-7,4.447371879801106e-7,2.978944029720371e-6,6.565133160344604e-7,6.525988383364667e-7,4.4749296196698656e-7,1.3160369977600082e-6,9.579296605239244e-7,1.3928589954176728e-6,9.324955773613319e-7,2.3454986255190447e-6,2.3365390210543532e-7,-8.818837103755604e-18,4.0512036039310075e-17,2.5240355097731087e-16,1.3732592849983623e-17,-1.1683999555990694e-17,-2.6202714980515164e-17,1.7465281246647e-17,3.174601400772414e-16,-1.1419408013645061e-17,7.5383402922149095e-16,-1.2923564697117543e-16,8.389748267074173e-17,-2.642800621824531e-7,1.0710571980554948e-8,-1.091200483422447e-6,-1.384485636459832e-7,-1.5822236604449224e-7,-1.278160036843793e-7,-2.9530537475952265e-7,-2.4374776182204693e-7,-2.2779824366125178e-7,-3.012651593348159e-8,-1.8582118867195862e-7,-3.1604088610837623e-9,9.931671960368801e-7,2.7512338828759824e-16,3.321568256959732e-7,-1.8105604519027221e-16,-1.8167328989714295e-17,2.865953599285846e-17,-2.058869695365608e-17,-5.511805820748196e-17,1.317990010851908e-16,2.447591468973052e-16,2.7913646815489255e-17,1.683492026944054e-18,-5.0778868110512967e-17,-4.2921756331894318e-16,1.0199493402108922e-17,-7.120531271391913e-16,5.282190285746439e-16,0.0,0.0,0.0,0.0,0.0,0.0,0.0,0.0,0.0,0.0,0.0,0.0
-8.771611025640105e-8,2.3853679896696577e-5,-9.932033362745939e-17,6.242806979279153e-17,1.631556063344189e-17,-9.565590694853798e-5,-9.17109426071687e-6,1.3330015794407363e-6,-0.00011138276664635766,9.15795992663632e-15,4.237220147318263e-6,1.4171044003261276e-6,3.084346294202879e-15,-0.0001252235582361705,-1.302921416438427e-6,-3.6100517226381554e-6,-1.6903680796757886e-6,-2.9784440492198813e-5,-4.109776485821096e-6,5.309298580103752e-7,-4.454009901275095e-6,-1.3791129954559814e-5,-7.326257143397321e-6,-1.4565837696683159e-5,-8.313603709584148e-6,-2.021293330053626e-5,-3.1415383076385946e-7,-3.972793725460523e-18,-1.4059977128990228e-17,2.0631461666601457e-17,3.563876630549351e-18,1.933149253344733e-18,6.502793919875297e-18,1.365877328087449e-17,-9.216836148680388e-18,-1.0101905099430729e-17,3.20606249292803e-17,-1.8198202321167965e-17,-1.20010988167746e-17,6.949510145813373e-7,1.912933697271229e-7,3.338142913226327e-6,1.5013178124889032e-7,-3.80814945822803e-10,3.709025195468504e-7,3.78869248665096e-7,2.0964966334325684e-7,1.9759523387023973e-7,4.300833962568571e-7,1.8430331303124575e-7,2.302165484688483e-9,2.391853413584704e-7,9.711201458840264e-18,7.999362504856789e-8,-1.966412575391743e-17,3.967558627795401e-17,1.2003323697587727e-16,1.8312228307921862e-16,1.3410075054968978e-17,2.788937669025229e-16,-5.57188723883362e-17,-1.8309408454240495e-16,4.920261869406058e-17,-2.762344935242742e-16,-6.746185237542789e-16,2.0349556954488968e-17,-9.930033037431967e-18,3.144496770825979e-17,-0.0,-0.0,-0.0,-0.0,-0.0,-0.0,-0.0,-0.0,-0.0,-0.0,-0.0,-0.0
-1.0725137045894228e-6,0.0003421641025505021,-1.6140516014258178e-16,1.1281880204612445e-17,-7.67094968291583e-18,-0.001398899193559818,-3.4680737837370086e-5,0.0007289097094263098,-0.0015825520647944605,3.488932963931033e-14,-0.00010538216428276885,-3.524422229723444e-5,2.9582441048099135e-15,-0.00035580012020563264,-2.4572057547436754e-5,4.7647095832838e-6,6.268286540726098e-5,3.0299057452928336e-5,1.3846088618037992e-7,-6.682841808821213e-6,-6.03550747262366e-8,-1.8541586068374926e-5,-1.9326974212229562e-5,-4.139549039211826e-5,-5.486898277371631e-6,-7.18067392222335e-5,-0.0015274540759648639,-3.384990070348183e-18,-1.4114214004370278e-17,9.337358124334148e-18,2.3120451054971307e-18,3.072854526610076e-19,5.219703222908798e-18,1.1522501240453336e-17,-1.2969217454105222e-17,-9.869443792408933e-18,4.429769119261371e-18,-2.030873756353606e-17,-8.704629903504459e-18,5.366507315496397e-6,5.905736942445592e-6,2.8378581824146863e-5,4.092215494137752e-6,1.988851350619826e-6,2.4768840384604038e-6,7.4070500137786965e-6,3.5590849177077165e-6,3.5803894833174583e-6,6.734249518116945e-6,2.7036235997925577e-6,5.005069494115135e-6,-1.2161119636993898e-6,1.054620183372063e-17,-4.067189232516245e-7,-1.6537819750567418e-17,4.160296233108727e-17,1.2416887448474274e-16,1.8250714058555632e-16,1.8403953517031937e-17,2.840593458314629e-16,-5.1765765564045765e-17,-1.792683849036587e-16,5.1355448471615656e-17,-2.717644013556642e-16,-6.787949300023595e-16,1.1222139010780352e-17,4.110332504433559e-18,3.3812714303697173e-17,-0.0,-0.0,-0.0,-0.0,-0.0,-0.0,-0.0,-0.0,-0.0,-0.0,-0.0,-0.0
-0.0005938416614776588,0.16081765378832566,-1.9788137160638535e-15,-8.011704002514208e-15,-1.3105360551037119e-16,-0.6445943664115048,-0.05065167252419552,0.007616149268972783,-0.7516526118450119,7.340924851129811e-11,0.029628495245340777,0.009909013350118885,7.56865746558862e-14,0.12024393325523895,0.061996633716429606,-0.027590405656855412,-0.02089468976752381,-0.18179313297137545,-0.032373962712881274,-0.009332714668491627,-0.03333928706970028,-0.09101998019130715,-0.054582249255360565,-0.09573368637069125,-0.05441124795922376,-0.12183291219399264,-0.0013337504022535353,3.240937670298412e-16,5.289895210004487e-16,2.6856939256227327e-18,2.993663336873606e-17,-5.729468969488835e-16,-1.0203415959918846e-15,-1.958667451392319e-16,8.283658862455383e-16,1.9857584128023253e-16,6.16187210860331e-16,2.65536744279628e-16,2.186984298548063e-16,0.005087666634235576,0.0016928239319190656,0.020435927975146106,0.0011533598071982005,0.00014935263329524657,0.002708588711480097,0.002488265243605412,0.0014924285791026372,0.0012982068276864293,0.002850574990976852,0.001184779164682092,1.2874485371930941e-5,0.0007038939929095515,-3.4014089705687695e-15,0.00023541171819465646,7.6651897652073e-16,4.6811711889075876e-17,6.535872652675708e-16,-5.148489695791585e-16,-9.008484720485524e-16,1.4398212476043318e-15,1.911587198515094e-15,-1.2622388703763643e-15,2.989454803506118e-16,4.493956717735194e-15,-2.7576140575712246e-15,1.3762899089362745e-15,5.985432594465051e-15,1.7211587852571929e-15,-0.0,-0.0,-0.0,-0.0,-0.0,-0.0,-0.0,-0.0,-0.0,-0.0,-0.0,-0.0
0.00011675976033990417,0.0008424868162198847,1.4817592869680444e-15,-1.3868468286893459e-15,-1.7747965234817173e-16,-0.0036160977665485173,0.001413777472280053,0.0004209854856490594,-0.0036826869909689372,-3.098575911031435e-13,-0.0006114731404078629,-0.0002045023029818388,9.896702364883396e-15,-0.002095747667025268,-0.0013889256324363217,-0.0021080313831970945,0.0003587569246689166,-0.0014510991504377076,-8.057007141909368e-5,-3.699386091724644e-5,-0.00011457932335464207,-0.00015848711356547984,-0.00010495901019200799,-0.0003483956102804295,0.0004536885844778429,-0.0004984180859019122,-4.2914427208051766e-7,2.6586817038801508e-17,4.663129260751598e-16,1.523610444774199e-16,6.468545533503847e-17,-1.4884280591291826e-16,-2.379456501521505e-16,9.323913689294073e-17,2.609609556443884e-16,3.12471094837245e-17,3.5454359531178375e-16,-1.7279276263820982e-16,-4.356020335153726e-17,-0.0029180880385955704,-0.0005301793668936975,-0.002221100731295865,-6.64264707421682e-5,-0.0001008544880408743,-5.917993845705336e-5,-0.00021691564259693078,-8.618460648298817e-5,-0.00012254647899688587,-0.00029679388722876225,-9.86337470245341e-5,-1.3239493296257736e-6,-8.835590815517865e-6,-5.863151204138811e-16,-2.9549927091067768e-6,9.545107718272661e-17,-6.947319345249754e-17,1.4131527735041578e-16,7.114540182178997e-18,-1.1284406838621315e-16,2.796100094805865e-16,3.066249071973903e-16,-1.5155930637680105e-16,5.85307128239732e-17,7.501408062410202e-17,-4.918148085760344e-16,2.565638279229979e-16,-6.937338830795001e-16,5.245405814281285e-16,-0.0,-0.0,-0.0,-0.0,-0.0,-0.0,-0.0,-0.0,-0.0,-0.0,-0.0,-0.0
0.0005966713325068171,0.004321222447790097,1.6263992079262812e-15,-5.284891417700736e-15,-1.5237988423023537e-15,-0.01854861867187547,0.0072269130871823635,0.002154423975671339,-0.01889592052151552,-3.367587642562289e-12,-0.0031258476429466458,-0.0010454147525191643,5.447272184680057e-15,-0.01643027928144922,-0.0015449354400730894,-0.010786943518229316,0.0018336011181854502,-0.007436741371986187,-0.00041495918582962974,-0.00019194625978355477,-0.0005881095396077533,-0.000816376996874887,-0.0005411022928893129,-0.0017883190917124198,0.00231722728210125,-0.002559858669075298,-3.228078920857282e-6,1.755655861898219e-16,2.2286902878795205e-15,-2.612677762003144e-16,2.759287949802931e-16,-7.159972374728476e-16,-1.1120748042266866e-15,3.8262915991715104e-16,1.8204081093423307e-17,2.0949629926884159e-16,-1.2960208149647819e-15,-3.4747990016026927e-16,-5.834951226381783e-16,-0.014928446485507311,-0.0027125631879901272,-0.011359073071929557,-0.00033927830254197014,-0.0005153377288220414,-0.00030224252471510154,-0.0011085636777826157,-0.000439926505056317,-0.0006260291535094277,-0.0015183566706867162,-0.0005038561424591434,-6.760287962242696e-6,-4.95312337038003e-5,-4.113156846099901e-15,-1.656532510628864e-5,1.2433584062545309e-15,-2.8924698404636056e-16,5.994637918753631e-16,1.1419050688729153e-16,-3.450340081607815e-16,8.793789236168291e-16,5.742383467909285e-16,-8.892775586372053e-16,2.889025550753816e-16,5.917149273565555e-16,-7.356271799388107e-16,1.2741057594623381e-15,-5.962234267934353e-16,5.077762758657085e-16,-0.0,-0.0,-0.0,-0.0,-0.0,-0.0,-0.0,-0.0,-0.0,-0.0,-0.0,-0.0
-0.0005945342432252459,0.16077910688194252,-2.4922312637288848e-15,-1.0688060311528543e-14,9.094955795485284e-17,-0.6444387519935576,-0.0506472630626961,0.007616541301223458,-0.7514697582482252,6.609929871226745e-11,0.029621843661016903,0.009906788780921397,7.380714150772054e-14,0.09743510351979391,0.08479719779233294,-0.027582752068931835,-0.02088726552800529,-0.18175551740687243,-0.0323640506580897,-0.009326389407063644,-0.03333014382562463,-0.09099725315389653,-0.05456924957413944,-0.09571028414307421,-0.05439867411158285,-0.12180561888199994,-0.001336338760516798,1.2501632770107737e-15,9.124527544414182e-16,-2.051803881646917e-16,3.7226594950297505e-16,-9.275740948056798e-16,-1.7777732136935472e-15,-1.4598151309367802e-15,1.12357263263324e-15,3.209499786894917e-16,-1.8727817197438436e-15,2.8090438413720595e-16,-2.567763066682162e-16,0.005086761201887713,0.0016915382078513475,0.020433441260141714,0.0011533036340942416,0.00014970305297923366,0.0027081765078494032,0.002488343429369354,0.0014927254867111801,0.0012985101564719783,0.0028488017086672423,0.0011851853526696856,1.288487500286586e-5,0.0006901857811465965,-6.669967621758455e-15,0.00023082711637017653,2.0832705932347363e-15,6.214364479451071e-17,5.0033714032387564e-17,-1.878970868941028e-16,-2.8151544352045826e-16,9.140486276084918e-16,2.226834442001413e-15,-1.7907193562159673e-15,-2.6642925886050576e-16,3.6358921227311654e-15,-9.29746831421158e-16,1.392496289170842e-15,7.454932246152755e-15,1.6563764270171567e-15,-0.0,-0.0,-0.0,-0.0,-0.0,-0.0,-0.0,-0.0,-0.0,-0.0,-0.0,-0.0
0.00025309593596246156,0.0011203900736741512,1.1651051050716286e-15,-1.3192315302193135e-15,1.6932803610971195e-18,-0.00477142964375688,0.0006948878738722382,0.0006986327892211261,-0.0050026331607380976,-1.4731120707509654e-12,-0.0008624780647651777,-0.00028844889310772955,9.993923340008369e-15,-0.005986112376347248,-0.0049748273726922705,0.00014550680713548703,-0.008901468233672357,0.001554827022405551,0.0007453507560415995,-3.637172291320399e-5,-1.8922768094413027e-5,0.0006170505258877513,-6.589843742801063e-5,-0.0005254702886325147,0.0024133622779452402,-0.0008533315506289859,-9.73986740357468e-6,3.8000955250129735e-16,1.379613726240581e-16,1.8078490527956336e-16,1.7096212874631876e-16,-1.303115387080002e-16,-4.225602458082928e-16,-2.017462026672625e-16,7.2361654200618495e-16,3.0594120779276715e-18,-2.8681945178058247e-16,-2.879436927502497e-16,1.3456442889885372e-16,-0.00032697866922022574,-0.010773614071059617,-0.0023181679303808504,-0.0005664116548834298,-0.0001338913294942126,-9.140427955495882e-5,-0.0003454876648919308,-0.00017019874325113372,-0.00019268036442850132,-0.0005719032733200668,-0.0001697904062249451,-2.6570614819781425e-6,-1.5839029299805724e-5,-1.8696930012334263e-15,-5.297236716601698e-6,2.9243801444347494e-16,1.5377148719144478e-16,-1.535058885229527e-16,3.8017570323553354e-16,1.387029436128039e-16,2.075640908499125e-16,2.0982573121046816e-16,-2.816104128690187e-16,-2.0675708021596664e-16,-4.175159344873628e-16,6.113358408589568e-18,5.835263098424946e-17,-4.9006371869362735e-16,5.981650572590703e-16,-0.0,-0.0,-0.0,-0.0,-0.0,-0.0,-0.0,-0.0,-0.0,-0.0,-0.0,-0.0
0.0009160232467921144,0.004064421395025806,4.356035525331219e-16,-3.67649712433479e-15,-3.70704412874421e-16,-0.017310072784893937,0.0025119228572390985,0.0025301980887851737,-0.018151749463221397,-9.373913898847445e-12,-0.003121333896325726,-0.0010439051660505309,7.61554857901107e-15,-0.03436664666364857,-0.005417447360134131,0.0005256550626257166,-0.03223412188868723,0.005621529988785902,0.0026971492970878004,-0.00013339643500326183,-6.982027583837241e-5,0.00223069292038643,-0.0002415123434760828,-0.0019066915519640557,0.00873628924847315,-0.003096561129568673,-3.604136238046329e-5,1.4064991778585917e-15,4.153358642990642e-16,-1.1084528784741443e-17,5.864938866537126e-16,-4.470870518950612e-16,-1.4672202652682513e-15,-8.273015645667849e-16,1.7650916934447772e-15,4.695479786597463e-17,-3.03030635906046e-15,-6.935033090006008e-16,2.3272912470356614e-16,-0.001183295929970281,-0.03901208666769603,-0.00839128313006134,-0.0020506467315868984,-0.0004844074517273444,-0.00033062783058818244,-0.0012502474108341173,-0.0006156436787423395,-0.0006970978010855456,-0.0020708725592939407,-0.0006143141902850187,-9.612440720225263e-6,-6.0497465555994804e-5,-7.448335726472095e-15,-2.0232893672123606e-5,1.5555755055852598e-15,5.849836590290976e-16,-6.435812178393539e-16,1.4148523296662046e-15,6.590030849045725e-16,3.865536005629237e-16,1.4761906748946973e-16,-1.0905629597880494e-15,-7.613011001202427e-16,-1.38122696217395e-15,1.1785187867761411e-15,1.923911240521029e-16,1.4185256397657644e-16,7.77822498479325e-16,-0.0,-0.0,-0.0,-0.0,-0.0,-0.0,-0.0,-0.0,-0.0,-0.0,-0.0,-0.0
-0.0005950047197896014,0.16093584175226147,-2.371590177729951e-15,-9.615166973696317e-15,5.02904631200295e-15,-0.6450635077563809,-0.05071701907039464,0.007623132727000713,-0.7521931814265537,6.988862305287825e-11,0.029653047995696347,0.009917224821165879,7.329075630278916e-14,0.1091814951777695,0.07298070292271962,-0.02760783342970777,-0.020904267661904265,-0.18194386740773694,-0.03239165706896134,-0.00932640607237346,-0.03336045175331191,-0.09107694469748968,-0.05463211660018635,-0.09579516403167938,-0.05445236896329918,-0.1219275248990102,-0.001347948298359479,-7.987830303246145e-17,-1.1076547145728846e-15,5.57479476792929e-16,-2.879384440333176e-16,9.397169151220693e-16,-5.1110981066465775e-17,-5.566040037781363e-15,-8.749104048150434e-16,3.3508620782750855e-16,3.704335863290293e-15,1.3166816893069721e-15,-2.399741476505867e-15,0.005091112373598355,0.0016907092544292286,0.02045359571936729,0.001154226304802796,0.00014979883186400732,0.002710997814695495,0.0024899820017875887,0.0014942629007463819,0.0012996638278258822,0.002847103174684152,0.0011870786050677286,1.2936310542981813e-5,0.0006592677569542629,1.2291628955525339e-14,0.0002204868303711449,-2.400420243866047e-16,-9.775652394296109e-16,-5.987553412023581e-16,-1.3282457282583206e-15,5.172287352227563e-16,1.7137900130700365e-16,4.3794387477025486e-15,4.2336081203593674e-16,-7.120473738582546e-16,4.068042091939002e-15,-2.2421181868736947e-15,1.432661689104674e-16,7.478112086144812e-15,1.4068804389550603e-15,-0.0,-0.0,-0.0,-0.0,-0.0,-0.0,-0.0,-0.0,-0.0,-0.0,-0.0,-0.0
0.0013675673817137477,0.011980237581615111,2.041279238844327e-15,1.7994957082668116e-16,1.0030763677724984e-15,-0.050994275757038104,0.01757968502984168,0.0071543793868537285,-0.05298742623784251,-2.647438325702802e-12,-0.007691254743960102,-0.0025722786562732977,1.3214786791338542e-14,-0.023946669798084175,-0.018162046581749188,0.0005575720931717573,0.002936848280658118,-0.03896026661905539,-0.0005929925210901123,-0.0008292746888695504,-0.0018110484695929182,-0.003608262334776606,-0.002147433917745748,-0.005808534327967828,-0.0011238152932764795,-0.007402813165346818,-5.9891789574450506e-5,-3.2981152584043496e-16,-1.4881240634619844e-15,4.0896763612809925e-16,-1.2866611141199982e-16,7.643650317852316e-16,4.777440514635289e-16,3.368814956623343e-16,1.1831451468553413e-15,-1.5206269775632394e-16,2.3451972152668098e-15,-2.3108276760285316e-16,8.398366854396307e-16,-0.004873135753559764,-0.009780791365631767,-0.048852092437958856,-0.0012030664226905148,-0.002006545855383328,-0.0009546820170822458,-0.003962895818308093,-0.0012645069189885477,-0.0022910598251039715,-0.004388411286565291,-0.0015332904481135106,-1.8609133208682868e-5,-0.00010114563657998899,2.442274599471196e-15,-3.382734948172066e-5,-1.4410561011499514e-15,8.058058004255557e-16,2.9733187916870725e-16,9.284676446908542e-16,2.485321445668271e-16,1.2452197593352833e-15,1.6134533483043625e-16,4.467105870205865e-16,-7.425695531780605e-17,-2.1207152132984831e-16,-2.1179659244228965e-15,-5.29283236072846e-16,-2.7903287657443963e-15,7.99218737949848e-16,-0.0,-0.0,-0.0,-0.0,-0.0,-0.0,-0.0,-0.0,-0.0,-0.0,-0.0,-0.0
0.005867606701660823,0.051418913532392,4.0500199485354074e-15,1.8963240379514873e-15,3.906234235974029e-15,-0.21886659266721775,0.07542749736420173,0.030700139797967197,-0.22742609840574965,-3.073300101978994e-11,-0.033000407693160316,-0.011036722509299582,2.099491603982496e-14,-0.1632728195983971,-0.017534584587500675,0.0023906053500224365,0.012600097853296502,-0.1671923626882369,-0.0025471681232339723,-0.003560480103140264,-0.0077732985460830795,-0.015488564588378554,-0.009219617868707336,-0.024930353842847728,-0.004826446926519158,-0.031775331243749566,-0.00025853293627290796,-1.3509958499792597e-15,-6.413617352638174e-15,9.043143570268234e-16,-5.808945540250434e-16,3.2903255831793066e-15,2.1085302094305394e-15,1.1436196934706548e-15,3.921409896075845e-15,-5.864144995485278e-16,7.506342672863513e-15,-5.162748150929047e-16,3.16156353245347e-15,-0.020909663099775135,-0.04196958447149493,-0.20962046883393987,-0.005161871260846526,-0.008609539851499926,-0.0040960355710425314,-0.017003766447229087,-0.0054251108821984665,-0.009830130081930559,-0.018830829648921864,-0.006578640117071543,-7.983819520275547e-5,-0.00043987427342215827,9.780914191686809e-15,-0.0001471124338860145,-5.481878579104449e-15,3.4242404923670195e-15,1.121089410473134e-15,3.976273442180676e-15,1.3067314516087954e-15,4.815535816654993e-15,2.7583965578995016e-17,1.836156268308757e-15,-3.635236425071667e-16,-7.547136946807405e-16,-7.525228789475593e-15,-2.267202358335641e-15,-9.389894783740824e-15,1.6734543289048601e-15,-0.0,-0.0,-0.0,-0.0,-0.0,-0.0,-0.0,-0.0,-0.0,-0.0,-0.0,-0.0
-0.0005933170633854705,0.1606810785778103,-2.9084322244939317e-15,-7.683529103090057e-15,1.518712770838079e-16,-0.6440470749650175,-0.05061660615990476,0.007610021763765494,-0.7510133926956402,8.396509928936771e-11,0.029602793199121624,0.009900417506252989,7.670366921344873e-14,0.15324850123804304,0.029077299462218507,-0.027564838631507257,-0.02087139269124402,-0.18165003535751348,-0.03234340205666351,-0.009318266836865265,-0.03330887335145341,-0.09094245143188988,-0.05453469067851481,-0.09565206772441495,-0.05436596691606776,-0.12173838693971774,-0.0013334860302616533,4.382910930650618e-16,3.8256459423104655e-16,1.1567658006353147e-16,-1.3363028489063495e-16,-3.6407340703362725e-16,-7.610035417016112e-16,-5.011770601263717e-16,1.1455570566116434e-15,1.3649426321482512e-16,9.933178901168989e-16,4.603989568608964e-16,1.5435863935150386e-16,0.005083052186019836,0.001690983374888725,0.02041971294989511,0.0011522586827320018,0.00014912418963685366,0.0027061881792240583,0.002486148783699209,0.0014911675563519925,0.0012970698360673415,0.0028478272056648773,0.0011838711047447584,1.2866693933957588e-5,0.0007017767259145357,-4.95202773331749e-16,0.00023470361517664832,6.503661026081131e-16,-7.0193239390382245e-19,5.884384962229361e-16,-6.185357675257353e-16,-1.0219962924418202e-15,1.441712540287256e-15,1.818977108786494e-15,-1.1340267934609215e-15,5.866005829006233e-16,5.077289153285906e-15,-3.2417800329024997e-15,9.15415239910433e-16,6.249748110731934e-15,1.7014980688775218e-15,-0.0,-0.0,-0.0,-0.0,-0.0,-0.0,-0.0,-0.0,-0.0,-0.0,-0.0,-0.0
0.00012771999511527562,0.0012481371353509085,1.0733261685386357e-15,-6.138515689130839e-16,9.731424801121485e-17,-0.005232042750092652,0.0012732899742778682,0.0005444330061282323,-0.005619326113121404,-1.554085044264732e-13,-0.0005800566269372901,-0.00019399530123145615,9.86510614652234e-15,-0.0018847645954762136,-0.0011910359814090294,-0.0001966802700636254,-0.0010517037840083593,-0.0010382158690035845,-0.0016910064064217403,-5.4663826687367285e-5,-0.00016661517682583986,-0.00034363722651970863,-9.982582699293976e-5,-0.0005533987730421905,-0.00010828899605603094,-0.000653139689041979,-8.97918732475051e-6,4.3606342343954716e-17,4.221610502923727e-17,2.72029398193612e-16,-4.0817771204964964e-17,1.0844749068234601e-16,3.723310197514941e-17,3.263449447784464e-17,6.061831293541768e-16,-3.505935209586768e-17,8.588011987793147e-16,-8.462996364982944e-17,1.5377744637141434e-16,-0.00020561896128543794,-0.0018385218025351155,-0.0011315448861687295,-0.003143230200618414,-8.3172364612927e-5,-6.448616614800602e-5,-0.0002556769458807541,-0.00011139304821572122,-0.00019309691166233188,-0.00033894943564765647,-0.00011048099451704604,-2.6230366515232273e-6,-6.506077618746318e-6,1.1910389168623252e-15,-2.1759056451233206e-6,-2.2727342093469512e-16,3.5423978333285474e-17,6.165384437121967e-17,4.4249988611415985e-17,-1.4075770470644453e-16,3.3281948355788126e-16,1.152276269242101e-16,2.86265264901451e-17,1.6761476847158967e-16,2.5601773957616025e-16,-8.067703616100364e-16,-1.5247469916994353e-16,-9.280197991192895e-16,5.436174717021022e-16,0.0,0.0,0.0,0.0,0.0,0.0,0.0,0.0,0.0,0.0,0.0,0.0
0.0013370393022546481,0.013106800439219518,-2.4670588948940754e-15,-2.2563137226792106e-15,-4.0051306773987733e-16,-0.054947428416897405,0.013331035340836215,0.005707552156554878,-0.05902177369870839,-5.3302290287690055e-12,-0.006073689305567301,-0.0020312968281014387,-1.799425805990479e-16,-0.031642781584615795,-0.0009331947806746159,-0.0020655902637878817,-0.011027272999218499,-0.010910578562892747,-0.017729848273882843,-0.0005791048171309455,-0.0017506618928832462,-0.003614380520478902,-0.0010557094246239137,-0.005813661598774008,-0.0011440307940306965,-0.006868233596866052,-9.647353620195706e-5,5.47385428313304e-16,7.850328229137131e-17,4.542959344904471e-16,-5.548750223093093e-16,1.2420617599000134e-15,6.33372863432717e-16,1.2969996433711158e-16,3.3224083177972307e-15,-2.537390674519465e-16,1.8394579393999854e-15,3.4783937633031976e-16,7.845509639594781e-16,-0.0021525755914078492,-0.019269775270076932,-0.011849339056554487,-0.03294305275326976,-0.0008702267885043655,-0.0006746542115543181,-0.002676951521621074,-0.001165188065968666,-0.0020216864260754253,-0.003552306986007459,-0.0011561755086841583,-2.7461600903976317e-5,-7.810205556152636e-5,9.91438618828293e-15,-2.612060804849234e-5,-6.452196664033047e-16,5.256887100269871e-16,3.629143954559213e-16,6.4454109406655e-16,-9.414499668415884e-16,2.2207361103649237e-15,-1.0859480707087014e-15,3.7524135823958645e-17,1.7332933532013817e-15,3.1625116225877958e-15,-4.357601652495066e-15,-1.6876217060657583e-15,-2.929701118428791e-15,6.862399336079249e-16,-0.0,-0.0,-0.0,-0.0,-0.0,-0.0,-0.0,-0.0,-0.0,-0.0,-0.0,-0.0
-0.0005935577227513227,0.1608036239331242,-2.023602138135309e-15,-6.459452078476557e-15,2.9429769833745404e-17,-0.644538674951028,-0.05064329898998688,0.0076148543139526546,-0.7515886363134485,9.025887285190917e-11,0.029625512574333143,0.009908015819647994,7.743613209628007e-14,0.17276950314872333,0.009504837225548492,-0.0275884144240332,-0.02089374711920012,-0.18177470592644882,-0.03237208260956153,-0.009333852782353706,-0.03333686133736364,-0.09101312786821959,-0.05457645952956163,-0.09572627038282738,-0.05440631497892748,-0.12182170750275208,-0.001331712927631072,2.1883043590113856e-16,-2.0385590075951863e-16,8.757755161161518e-17,-5.993871665059479e-17,-3.429707874399912e-16,-7.259028081339909e-16,1.919869944430561e-16,1.2108979520763911e-15,1.0771357939819074e-16,1.2900389399897615e-15,2.0746713520421897e-16,7.904557797362728e-16,0.005087178722365551,0.0016930349488066799,0.02043345302274907,0.0011532090709708222,0.00014922754386697214,0.002708281669419085,0.002487914291088473,0.0014921049576877585,0.0012979234957700852,0.0028509992441756848,0.0011844660647499687,1.286536210107726e-5,0.0007107131759210985,-2.8679442652965567e-15,0.00023769233943285974,1.8513408209789528e-16,3.508380857429028e-16,7.3168731505232145e-16,-3.0005563293519606e-16,-9.071304101366084e-16,1.618388194859305e-15,1.7751131145077975e-15,-1.0852065513943544e-15,2.8037760404810193e-16,4.538689615341399e-15,-3.2121575668016228e-15,1.0326968212651171e-15,5.316337336022744e-15,1.8113659291461283e-15,-0.0,-0.0,-0.0,-0.0,-0.0,-0.0,-0.0,-0.0,-0.0,-0.0,-0.0,-0.0
2.0370036641485327e-5,0.0001361909633264043,1.499630967802096e-15,-5.130108459171811e-16,1.276476889174307e-16,-0.0005740443779698956,3.790126520301444e-6,0.00032614692197982634,-0.0006135548036127652,-3.996796222381059e-14,-0.00011255503204760285,-3.7643130572872364e-5,1.10821755123265e-14,-0.00025805645573567684,-0.00011992729834033659,-8.860595026622536e-6,1.4545460810508721e-5,8.445879337884386e-5,-3.0749287483037728e-6,-1.6761854589490876e-5,-2.0163116651525326e-5,-3.127920038067809e-5,-3.522041457835019e-5,-0.0004952941096162609,1.3777893131682804e-7,-8.042759852079375e-5,-4.0005144978850387e-7,-4.767258948470972e-18,5.452925147261413e-17,2.241433420624327e-16,2.0902533751356944e-17,-2.1335522072498666e-17,-1.7472849703653417e-17,1.0104611025622962e-17,3.220585147160739e-16,-1.562521225645369e-18,7.497391065113101e-16,-1.1846327502582394e-16,1.032037123228488e-16,-1.8666625657467797e-5,-5.7848940486713064e-5,-6.780741026650211e-5,-7.996646337095038e-6,-0.00030963263617319676,-1.416293810528956e-5,-3.6644014580054303e-5,-2.5705208944407165e-5,-0.00029025664200008403,-7.24195647001833e-5,-1.8318444152282793e-5,-2.4511702427051047e-7,-6.601762305266193e-7,1.8648048950320608e-16,-2.2079066459053108e-7,-1.796481089251853e-16,-1.6567543203808732e-17,4.505533467447633e-17,-2.158479611518239e-17,-3.78905045551792e-17,1.5923830223727252e-16,2.7342003350959825e-16,1.727345193308631e-17,-6.304150988196795e-19,-2.202216800510325e-17,-4.712467385521855e-16,3.476329384879347e-17,-7.130412726816182e-16,5.195352922740592e-16,-0.0,-0.0,-0.0,-0.0,-0.0,-0.0,-0.0,-0.0,-0.0,-0.0,-0.0,-0.0
0.00046444090536018937,0.003186468825032115,2.639669649520906e-15,-1.963724473666716e-15,-4.007812969476631e-16,-0.013442214381725685,5.4617576731740946e-5,0.007498093413138574,-0.014384757248419502,-1.696514382337699e-12,-0.0025732138350699945,-0.0008605907938722785,1.5147564773378384e-14,-0.009165222371432323,-0.0003050177782056845,-0.00021308726877870265,0.00032447176080827343,0.0018752958994732794,-8.511431072142252e-5,-0.0003995420950711447,-0.00047322580108790605,-0.000747796267581358,-0.000830523682531209,-0.011412932233233782,-1.7374661819351038e-5,-0.001899933178858727,-1.4360623682134662e-5,8.572046439007251e-17,3.669167736679027e-16,-3.978481086846163e-16,1.7917045215186462e-16,-2.3462264928809156e-16,1.7329074024529168e-16,-1.6162406768544977e-16,4.18635226674304e-16,2.1625839465851393e-16,6.566390710292366e-16,1.203537709354477e-16,5.208210361451267e-16,-0.00042316037202589816,-0.0013296561934053777,-0.0015342626745047008,-0.00018072471696148055,-0.007112131023558554,-0.0003226627332385198,-0.0008356154907621174,-0.0005853651132986714,-0.006665324254649663,-0.0016636078975283113,-0.000416883982709351,-5.563386882205024e-6,-3.71072437874735e-5,-1.7535690107784684e-15,-1.2410221009279897e-5,-1.4439892006222282e-16,1.4806677329144633e-17,4.0299184119309747e-16,-4.655002328482971e-17,3.4317830093279143e-16,7.585580025599072e-16,9.091300444647776e-16,-2.1615223154414788e-16,-5.309104505376256e-17,6.09592880022466e-16,-1.3889692117727011e-15,5.762205558509137e-16,-7.250056849831008e-16,3.2794335769596074e-16,-0.0,-0.0,-0.0,-0.0,-0.0,-0.0,-0.0,-0.0,-0.0,-0.0,-0.0,-0.0
-0.0005935400168224363,0.1607982514074836,-2.118809849792081e-15,-6.533997955077017e-15,8.820318890656717e-17,-0.6445171606555805,-0.05064301407814719,0.007614862608519968,-0.7515634120168077,8.505977425268434e-11,0.02962436683533441,0.009907632636400158,7.713846392794833e-14,0.15655978108178153,0.025709686201344024,-0.027587060795331304,-0.02089186391161585,-0.18177097131217324,-0.03237037939369075,-0.009332085865618966,-0.03333533159781178,-0.09101034556588357,-0.054574027399837764,-0.09572332598543784,-0.05440469365423086,-0.12181940743280216,-0.0013317313818772376,2.1149836328785413e-16,-2.5555939155235704e-16,1.514849223095797e-16,-6.860497527598118e-17,-3.0702792008082823e-16,-7.331269010398996e-16,1.9515029481621276e-16,1.232010684547961e-15,8.697634831380068e-17,1.3075992380942532e-15,1.982988193155281e-16,7.678509888633548e-16,0.005086958440625762,0.001692910593778314,0.02043305270533032,0.0011531539997682776,0.00014921150782493692,0.0027081667739655207,0.002487845164664426,0.0014920504440990756,0.0012978905591739074,0.002850881685949503,0.00118443917714122,1.2865006893148163e-5,0.0007104704893368893,-2.723055682969753e-15,0.0002376111748449443,1.6077517254344312e-16,3.669209854985363e-16,6.984537787952905e-16,-2.6988593173237087e-16,-9.374432787073225e-16,1.6167628094498708e-15,1.6868383770642783e-15,-1.076588948300784e-15,2.897330529009849e-16,4.448295942596555e-15,-3.2201176179803177e-15,1.0183437555051887e-15,5.278965107152944e-15,1.799634672105265e-15,-0.0,-0.0,-0.0,-0.0,-0.0,-0.0,-0.0,-0.0,-0.0,-0.0,-0.0,-0.0
1.8483506232886376e-5,8.659542507096688e-5,1.442411362490013e-15,-5.46045463357754e-16,1.2893714188665274e-16,-0.00038662448585346365,9.616358372564797e-6,0.0003602003221785909,-0.00036348667693608027,-5.453881480891291e-14,-0.00011949983371520378,-3.996576396571639e-5,1.0825316722939381e-14,-0.0002988218625874525,-0.00016112940872680607,-7.002370208587734e-6,-2.309153225471408e-5,3.1287947255639827e-5,3.104490094336923e-6,4.271238859781651e-7,-0.00047238698056493913,2.3191839422293945e-5,2.6844687965890544e-6,1.9542403825878197e-6,6.204180596365584e-5,-4.508165422958884e-5,-8.336173660997281e-9,-7.455499465379329e-18,5.1745246367561656e-17,2.513856997165433e-16,1.9491058327085094e-17,-1.647475544643029e-17,-3.08856275746695e-17,1.7720459645165772e-17,3.2594702010268957e-16,-1.0834176690897184e-17,7.127597098144704e-16,-1.233000457858184e-16,8.2831959232582e-17,-2.1246925175240732e-5,-9.263058431487818e-5,-7.559165826927827e-5,-7.562795709600778e-6,-9.86223966697513e-6,-0.0003211271752363616,-4.380393160368437e-5,-1.3391009711745992e-5,-1.383059628016842e-5,-5.168455047516803e-5,-1.2580095768696055e-5,-2.20618629199575e-7,-9.277732040625042e-7,1.4445838606282185e-16,-3.1028633293491176e-7,-1.7425680423822954e-16,-8.005185364564377e-18,3.3198200501423466e-17,-1.8645196905538524e-20,-4.2137359848783364e-17,1.3893023975736517e-16,2.5249705311900544e-16,3.1161744769126745e-17,1.245270228392961e-17,-5.591603477376851e-17,-4.719886119764192e-16,3.626943308879948e-17,-6.790033271838155e-16,5.246027085196679e-16,0.0,0.0,0.0,0.0,0.0,0.0,0.0,0.0,0.0,0.0,0.0,0.0
0.00021282332134856883,0.0010327871930423493,1.3859552452759676e-15,-1.5990546583278422e-15,-1.118087649937493e-16,-0.004609698677272614,9.595566192663118e-5,0.00418348399912736,-0.0043577547753927024,-1.132421541610247e-12,-0.0013809638897425884,-0.0004618523318909909,9.630118406028122e-15,-0.005416418828304464,-0.0003021594387417788,-8.587140976609495e-5,-0.0002728315852806786,0.000331556042453935,2.9066046518936363e-5,-1.9629104350457386e-6,-0.005489337524199198,0.00025527137240463854,2.09564466438338e-5,7.876409672894469e-6,0.0007104042972499935,-0.0005483545389305257,-2.595901062865391e-6,7.925286738455551e-18,1.7367008652360842e-16,2.4006838337046947e-16,8.101690413969561e-17,-6.803484847446734e-17,-8.129326093164499e-17,1.4071987832409517e-17,4.13117275622285e-16,-3.883518859723282e-18,2.749701818757431e-16,-5.902162825669377e-17,6.72085045862503e-17,-0.00024387685414528732,-0.00107558943028191,-0.0008660531754357411,-8.633667204223368e-5,-0.00011282417092983118,-0.0037270373466231814,-0.000505443485421981,-0.00015288552199042241,-0.00015815909324830705,-0.000599761627310771,-0.00014408481904491495,-2.5278387711423933e-6,-2.137692633147373e-5,-1.2365719199652735e-15,-7.149342102617338e-6,-9.93625964446175e-17,9.739372886694355e-17,7.978342162257252e-17,2.1627247814742713e-16,9.712327223597397e-17,2.1215222039930897e-16,3.382584650005166e-16,6.591592029931974e-17,1.2569468945128785e-16,-1.1073062849604725e-16,-9.218931713142798e-16,3.138559230787324e-16,-3.220924109514092e-16,4.857740496399396e-16,-0.0,-0.0,-0.0,-0.0,-0.0,-0.0,-0.0,-0.0,-0.0,-0.0,-0.0,-0.0
-0.0005939300499211099,0.16081612937246226,-1.3772622505216337e-15,-8.425278476238892e-15,-1.0882253849741197e-16,-0.6445873629744515,-0.050648488106788576,0.007615126928958509,-0.7516439279484715,4.441472970922529e-11,0.029629779343655828,0.00990944280653374,7.879059013119322e-14,0.029850091696530533,0.15245847449346206,-0.02759215452577661,-0.020900557291790536,-0.1817806662897727,-0.03237607535456672,-0.009339222467655693,-0.033340778222781434,-0.09101569404400843,-0.05458712640338972,-0.09572960882930831,-0.05440978941591342,-0.12182197459625871,-0.001335926515281209,5.135477556715602e-16,1.0282231824604116e-15,-5.461885071570559e-16,1.4131181468605852e-16,-7.210809071295034e-16,-8.006292050442462e-16,-1.0436226634333466e-15,4.955850465601993e-16,4.566950200265166e-16,3.8390177241156175e-16,6.487746984260763e-16,3.1345862474354224e-17,0.00508782552692772,0.0016924958891223391,0.020434396235156936,0.0011534169455590163,0.0001494754229006608,0.002708777522172512,0.0024881167038849736,0.001492540919423375,0.001298213438603671,0.002849640921687145,0.001184958294832568,1.2883211811083147e-5,0.0006952677985712393,-3.837220175838523e-15,0.00023252675646693842,1.0483985431724877e-15,-4.528999969513606e-16,4.454929926628446e-16,-1.0759413413852214e-15,-7.574740546783147e-16,1.0646153897737898e-15,2.794679467806173e-15,-1.2182304227796187e-15,8.415606726268314e-17,4.8060215603435454e-15,-1.8952166974865845e-15,1.6747379151657823e-15,7.298704564660544e-15,1.4314295361051803e-15,-0.0,-0.0,-0.0,-0.0,-0.0,-0.0,-0.0,-0.0,-0.0,-0.0,-0.0,-0.0
0.0008714097190199357,0.006464050248417181,2.1878267289777283e-15,-1.5816876741279629e-15,-4.833953676704858e-16,-0.027254187161011464,0.0014000830901094987,0.00887245861199095,-0.029007864570958396,-5.441804089365606e-13,-0.0037893828006189054,-0.0012673287809297855,1.3307715988512541e-14,-0.009203492172538604,-0.008282730112487043,-0.0013811573785510985,-0.0018236136315615545,-0.003989042812552565,-0.0008196185517017855,-0.00025268755552351334,-0.0012222493728641175,-0.012770665565977564,-0.0017123462320765726,-0.0024267437810018707,-0.0005358698184757158,-0.0037059199922982776,-3.8667754840306994e-5,1.395076073994528e-16,5.484480782073857e-16,-4.579529928054877e-16,1.8364205699568523e-16,-1.3966773577751156e-16,1.4251546401074086e-16,4.215454621495412e-17,6.175380835757574e-16,2.294260973911806e-16,7.456930687169009e-16,8.217343176099253e-17,5.247587711260407e-16,-0.0014366197572236378,-0.00476250060390157,-0.005278780332122424,-0.0006673209449242298,-0.0005100210759327048,-0.0007206351803494354,-0.016189942239860373,-0.001123445089687552,-0.0008209772218848769,-0.003235162687582083,-0.0006758744864363553,-1.1975254397294086e-5,-5.207856042954448e-5,-2.1773585442431816e-15,-1.741725816208606e-5,-1.1745133195289742e-16,-1.6936227599974153e-16,2.2633812304878907e-16,-1.312649189102226e-16,-1.1121180775988335e-16,7.200337758610096e-16,8.318363272571728e-16,-1.5194601205199217e-16,-6.712910959996274e-17,3.2343622686102664e-16,-6.342810233511895e-16,5.274003699311807e-16,-9.256122026105954e-16,2.1905917558948647e-16,-0.0,-0.0,-0.0,-0.0,-0.0,-0.0,-0.0,-0.0,-0.0,-0.0,-0.0,-0.0
0.0014621822584037591,0.010849454046372753,2.6971378846542906e-15,-2.397883196791754e-15,-9.003919706318047e-16,-0.045744459909712355,0.0023481765134368768,0.014888933109915908,-0.0486885910436336,-3.533468324486927e-12,-0.006358416224610269,-0.002126521469739638,1.4887877966090474e-14,-0.02363822837591562,-0.005729641672662017,-0.002318073200551024,-0.0030605587794790695,-0.006696526197306828,-0.001375905537921614,-0.00042446366060974494,-0.0020514339413460416,-0.021431416413027433,-0.002874371629681077,-0.00407342504752135,-0.0009000179935648085,-0.006220753878802541,-6.515041489461561e-5,2.448485199311298e-16,9.071130792935124e-16,-9.423335014619926e-16,3.0107565605091685e-16,-2.3024276513093544e-16,2.5317467336905594e-16,2.5830036860553404e-17,8.060442951305448e-16,3.9659753858705346e-16,7.298876234494981e-16,2.3228981526648955e-16,8.012406548146913e-16,-0.0024105866133186152,-0.00799194359425467,-0.00885747412923678,-0.0011197277864518995,-0.000855750425484441,-0.0012091942344001287,-0.027168022416078134,-0.001885067723993452,-0.001377512346070241,-0.005428915552056266,-0.001134040067554106,-2.0093004487828077e-5,-8.841636749203915e-5,-3.8124339986703745e-15,-2.9570147207813376e-5,-6.000482615991581e-17,-2.845016609024224e-16,3.522068540701838e-16,-2.1653179726003195e-16,-1.412837881210869e-16,1.1062030127617422e-15,1.2489678424549545e-15,-2.723950388317417e-16,-1.191124705485536e-16,5.755891822823298e-16,-7.529876641252129e-16,8.831859357002717e-16,-1.0379558173021412e-15,7.035892814639497e-18,-0.0,-0.0,-0.0,-0.0,-0.0,-0.0,-0.0,-0.0,-0.0,-0.0,-0.0,-0.0
-0.0005935134362447027,0.16078794814452002,-2.063821996495807e-15,-6.545931256158243e-15,-1.7083275331560948e-17,-0.6444758681771684,-0.050640304290547916,0.00761438328968045,-0.7515152022264584,9.542120892568826e-11,0.02962251849520254,0.009907014473820872,7.766078007540048e-14,0.1888994764303353,-0.006612806177006911,-0.027585261040572646,-0.020890448078473695,-0.1817596685847993,-0.03236819974950174,-0.009331261489268756,-0.03333317126335628,-0.09100436034768969,-0.054570710262432896,-0.09571707146021663,-0.054401243089185265,-0.12181167634834948,-0.0013317783978811532,2.2987260155517947e-16,-1.36632787490638e-16,3.599112843931484e-17,-4.635253517212666e-17,-3.71253919840151e-16,-7.332898688241222e-16,1.4444736085654588e-16,1.170135632608788e-15,1.2897161132088343e-16,1.2094340451489015e-15,2.209151334732757e-16,7.785265525522306e-16,0.005086629521634731,0.0016927657414936587,0.020431784640548848,0.001153078249328264,0.00014920604623132466,0.0027080020963558744,0.0024876940064249634,0.0014919687288698492,0.0012978163957677491,0.0028506610303164317,0.0011843849246509779,1.2864892011251136e-5,0.0007097194649329819,-2.91739567956573e-15,0.0002373600007379306,2.3792503861532587e-16,3.1640173545336734e-16,7.212224728927548e-16,-3.122447542854083e-16,-9.181737504970893e-16,1.5732464200159722e-15,1.7319128387536223e-15,-1.0987183341162805e-15,2.9373924231812413e-16,4.476627746020888e-15,-3.170280568984475e-15,9.803734632659105e-16,5.4728330732752515e-15,1.798669605641966e-15,-0.0,-0.0,-0.0,-0.0,-0.0,-0.0,-0.0,-0.0,-0.0,-0.0,-0.0,-0.0
3.8913672777202545e-6,2.1394923382326366e-5,1.4514559118578174e-15,-4.574589909822164e-16,1.5005215631842833e-16,-9.035190008502918e-5,4.384184618654684e-6,4.383115105458022e-5,-9.414764690635302e-5,-8.108362227397778e-15,-1.8072971243584062e-5,-6.044360736578099e-6,1.0941237365461284e-14,-1.8136550306840882e-5,-1.8069850534959654e-5,-3.525654531370782e-6,-3.075767819469444e-6,-9.85326253806073e-6,-2.827326157567666e-6,-7.390081258533035e-7,-3.6574983347950105e-6,-6.211255072374052e-6,-4.441056211422313e-5,-1.5143924881427084e-5,1.3927291699891285e-6,-1.1315565017989241e-5,6.23189936648814e-8,-8.520041454946511e-18,4.186300611523975e-17,2.490101373385315e-16,1.4493341065041088e-17,-1.2289760841156036e-17,-2.552454921661795e-17,1.656030607611985e-17,3.181277241801434e-16,-1.0368171315319765e-17,7.535428547695131e-16,-1.2844235603231296e-16,8.592098845342502e-17,-4.9575912163114295e-6,-1.4562110370658251e-5,-1.4677121168397337e-5,-3.6589336023075762e-6,-2.1234345654378243e-6,-2.242161386495245e-6,-7.382188511363555e-6,-6.434091826308974e-5,-8.495309432321521e-6,-1.4029207960444727e-5,-2.8483682155302067e-6,-5.1483999599251216e-8,7.398069136672261e-7,2.672169335851584e-16,2.474225049122483e-7,-1.8094231416548337e-16,-1.8248310515297727e-17,3.041497434266187e-17,-1.9778584439023575e-17,-5.393042256193039e-17,1.3399511750320672e-16,2.458798253643778e-16,2.751691904138456e-17,1.703001737998103e-18,-5.095326107797959e-17,-4.3343281440241357e-16,8.990279426675953e-18,-7.126009682890495e-16,5.280313958755884e-16,-0.0,-0.0,-0.0,-0.0,-0.0,-0.0,-0.0,-0.0,-0.0,-0.0,-0.0,-0.0
0.0008625163217841773,0.00554764661118784,2.2822235836176076e-15,-2.74097713529966e-15,-2.636632929032571e-16,-0.023541667357438643,0.0006752609560237058,0.010180547516324457,-0.024782499020730337,-3.09097244559469e-12,-0.004044757392488377,-0.0013527367714183402,1.6402230091982164e-14,-0.01647181039413703,-0.00013361282664031395,-0.0009154694601640049,-0.0008147886739212623,-0.002968683501638937,-0.0008060869294683907,-0.0003215792492373492,-0.0009501377681418474,-0.001741768293760105,-0.010504608498116512,-0.003827923307023108,0.0001074301645610181,-0.003161127272983366,-3.9492332977208144e-5,6.275310723191436e-17,3.6046614124730705e-16,-5.347166957644355e-16,1.910007728983821e-16,-1.5385000987897582e-16,1.2895640002688163e-16,-2.0863951218674599e-16,4.645495105110877e-16,2.339329015808403e-16,6.812622572282321e-16,5.784153946914313e-17,5.412133447140684e-16,-0.0010870306595744973,-0.0033744528354789707,-0.003146986029564583,-0.0008153328762928858,-0.00045521650874191235,-0.0004897156485560747,-0.0016413161335722326,-0.014842459014285669,-0.0019146325642265428,-0.003241647138213848,-0.000616713096397885,-1.1192658239169154e-5,-5.784976708557062e-5,-1.541697955140808e-15,-1.934739208648156e-5,-1.4755489288294405e-16,-4.323344358511923e-17,4.310533947447699e-16,1.618850424219826e-16,2.238752288840065e-16,6.339665793492267e-16,5.137905998284754e-16,-6.319481209579929e-17,3.537328286064707e-18,-9.196169658977584e-17,-1.3951098316630611e-15,-2.672635956548687e-16,-8.226584864389058e-16,4.835778534242908e-16,0.0,0.0,0.0,0.0,0.0,0.0,0.0,0.0,0.0,0.0,0.0,0.0
-0.0005934548540353866,0.16078669638784093,-2.114976347957746e-15,-6.243797389614077e-15,3.825882809634412e-17,-0.6444709911995856,-0.05063851692326523,0.0076142818969699285,-0.7515098242176698,8.981465689330115e-11,0.029622116681956228,0.00990688009059325,7.734395131595605e-14,0.17139267477427472,0.010884792014261376,-0.02758513449085094,-0.020890455110741248,-0.18175749409326603,-0.032368216419172376,-0.009331764243700587,-0.03333301037650849,-0.09100419534501088,-0.054569678183341006,-0.09571680352511899,-0.05440076034681636,-0.12181064416887942,-0.0013311547460039344,1.93874566149974e-16,-3.3845685829753557e-16,1.3491387683818837e-16,-7.593625969326059e-17,-2.758662169180575e-16,-7.025527073367642e-16,3.1754847540513054e-16,1.3201836645775175e-15,8.08367383176755e-17,1.3879986690796465e-15,1.6562058426466036e-16,9.019444616414886e-16,0.005086584634029064,0.0016928803177003386,0.020431467143784077,0.0011530624981584616,0.00014918000743944598,0.002707953640163572,0.0024876516723809326,0.001491901688929239,0.001297768705614456,0.002850861036410079,0.0011843055423845586,1.2862155945412936e-5,0.0007118962091908841,-2.781701517293607e-15,0.00023808799545124604,7.766129756144758e-17,4.174605479972204e-16,7.309069831289113e-16,-2.421049541045418e-16,-9.902654262680013e-16,1.685323781848057e-15,1.5919552037957561e-15,-1.1025558448519299e-15,2.919959615230871e-16,4.451330646072672e-15,-3.2964407043809468e-15,9.693838107613114e-16,5.045290064738166e-15,1.815499236128261e-15,-0.0,-0.0,-0.0,-0.0,-0.0,-0.0,-0.0,-0.0,-0.0,-0.0,-0.0,-0.0
2.5334837056624086e-6,4.770221410306148e-6,1.452905465298343e-15,-4.606796703261102e-16,1.4588634630420289e-16,-2.3611122926114327e-5,3.7683375863175672e-6,7.25398838600377e-5,-1.6665221186609044e-5,-1.4036711140900756e-14,-2.350708070145771e-5,-7.86175519816423e-6,1.0973616161851958e-14,-2.5657788898530474e-5,-2.857388823462009e-5,-1.540511568912058e-7,4.54404735664395e-6,7.085748760798856e-6,4.248055652281464e-6,6.169615723928934e-5,-2.3341928258890476e-6,-4.722498050998933e-7,7.407706725554172e-6,-0.00010126201314910192,6.067534916244446e-6,-3.6235215783924895e-6,1.757190560807225e-7,-6.9074328113643286e-18,4.383342537164736e-17,2.4402354915524773e-16,1.5667374147529045e-17,-1.5020042914576312e-17,-2.4508273291749393e-17,1.3509239418771468e-17,3.1919108467225834e-16,-8.688227183003799e-18,7.4953479188219155e-16,-1.2656214212821569e-16,8.989482363336214e-17,-3.4939016484705977e-6,-9.648335001225981e-6,-1.1463595990001185e-5,-1.5366193432069803e-6,-1.9368276427270265e-6,-3.042007004232191e-6,-6.943829656631429e-6,-5.132410099902629e-6,-6.858352564467936e-5,-1.3083450542918067e-5,-3.2202092721298716e-6,-3.9592050114262294e-8,6.385233392363739e-7,2.539045136019138e-16,2.1354902321831835e-7,-1.799705729886881e-16,-2.019700204124518e-17,2.9669785280956915e-17,-2.442263339995578e-17,-5.646146215426935e-17,1.3459143581586516e-16,2.43597113111026e-16,2.4114322777322055e-17,9.323128416062461e-19,-5.11978736591744e-17,-4.342944092839732e-16,1.450454212657776e-17,-7.147255185172319e-16,5.279057755841853e-16,0.0,0.0,0.0,0.0,0.0,0.0,0.0,0.0,0.0,0.0,0.0,0.0
5.050079811642531e-5,0.00015366171397339273,1.5555046425601752e-15,-7.278048451784712e-16,2.5371559333076418e-17,-0.0007326448188391107,5.026398702346478e-5,0.001545781760160592,-0.0006167183015330173,-4.640617295638452e-13,-0.00048770766559728794,-0.00016310992945664873,1.1655109131931361e-14,-0.001808083542112489,-6.839594020719404e-5,-1.1989690026917273e-5,8.763987038128669e-5,9.030313486939147e-5,7.705052280583751e-5,0.001299154576927015,-5.872919170221582e-5,-3.673432152068918e-5,0.00013813943727183887,-0.0021822641650270785,0.00011015387623719237,-0.0001246446856812556,-1.0056215452429905e-6,3.215638922902361e-17,1.1210961446663434e-16,7.396764250312267e-17,5.503615283393728e-17,-8.289918520816365e-17,9.59197949327593e-18,-6.888348087873176e-17,3.5328536297362623e-16,4.693367386998615e-17,6.616985182001909e-16,-7.191638054544575e-17,2.0997872084749656e-16,-6.896280519950377e-5,-0.00020545484719572562,-0.00022172510331459127,-2.9879601883732768e-5,-3.799186239147668e-5,-6.211685301179512e-5,-0.0001417202018196976,-0.00010423314517684574,-0.001454270715142924,-0.0002776988056749839,-6.47315089149217e-5,-7.780943006872118e-7,-6.573985652694202e-6,-1.7438236045930347e-16,-2.1986169440898465e-6,-1.5701497270303752e-16,-6.218012481342265e-17,4.960605898086514e-17,-1.0282200643211169e-16,-8.316536894074415e-17,1.9035448555337748e-16,2.2130564288482002e-16,-5.280399241653898e-17,-1.4648980138549853e-17,-5.97981250352592e-17,-5.358589951724448e-16,1.021124651993448e-16,-7.66742158280705e-16,5.213971974417844e-16,-0.0,-0.0,-0.0,-0.0,-0.0,-0.0,-0.0,-0.0,-0.0,-0.0,-0.0,-0.0
-0.0005944948865184254,0.16078199319722436,-1.845966064862507e-15,-1.1460544071604018e-14,1.58268803109397e-15,-0.6444504438107059,-0.05065422100433306,0.0076114296767395995,-0.751475884658953,8.728716656050343e-11,0.029625544171493746,0.009908026387065167,7.485156415382434e-14,0.1634437987917027,0.01881578452044323,-0.02758514983947054,-0.02089314086624994,-0.1817544283110927,-0.03236624411207252,-0.009330395286034469,-0.03333229962358608,-0.09098644957039521,-0.05458508001138764,-0.09569940593404776,-0.05439876079036619,-0.12180361413149289,-0.0013420206324797354,4.905224926882842e-17,1.3320684737897296e-15,9.530715650325845e-16,-1.6967274251309983e-16,-1.7791067676779166e-15,-1.5266882605100748e-15,-2.31138339282787e-15,-2.8290763495537742e-15,4.120778520201638e-17,2.4782598494947993e-16,7.113551677250135e-16,-2.791335302358769e-15,0.00508676794897849,0.0016911853932468895,0.02043274532986334,0.0011533003071892579,0.0001497394854013711,0.0027084426029237714,0.0024875631318602848,0.0014928759054812283,0.0012982434604042199,0.0028468255154398513,0.001185307373146678,1.2907799207036702e-5,0.0006811814212167403,2.2473814276085926e-15,0.00022781568018252665,2.071589064808217e-15,-1.214461367297649e-15,-3.0070445736281785e-16,-1.8221813876443557e-15,-1.5653749723462976e-16,-1.087745452316946e-15,2.9830462621355105e-15,-3.846093865228291e-16,3.47830000749215e-17,3.3998794979282213e-15,2.4996411752904785e-16,1.9862343552379413e-15,1.0433412235539981e-14,1.3634690330878363e-15,-0.0,-0.0,-0.0,-0.0,-0.0,-0.0,-0.0,-0.0,-0.0,-0.0,-0.0,-0.0
0.000127220017560272,0.0008650867095379918,1.5696985636399881e-15,-1.67687718647123e-15,5.092870622189525e-16,-0.003622151281497881,0.00016767142994596583,0.0006301523066870378,-0.0038959758030604292,-1.548263951538078e-13,-0.0004047234361926217,-0.0001353565174050229,1.0839758375774819e-14,-0.0014240185041736913,-0.00048416649530687127,-0.00023662468899133122,-0.0005443454498423327,-0.0007972023818033872,-0.00016625582981226195,-3.9780815917751936e-5,-0.00017100980361658283,-0.0004088116795569549,-0.000304511705507224,-0.0004156165364046313,-0.00037877513411138083,-0.0005797490729102047,-8.779525133415527e-6,-5.639677744963444e-17,4.1424086271781213e-16,4.645276133876541e-16,-1.659277178058531e-17,-3.7004059746862003e-16,-2.1731430292004042e-16,-5.403291898743804e-16,-6.467655063365468e-16,-3.273343402903286e-17,5.184674788816902e-16,-1.389870990206821e-17,-7.738549960732559e-16,-0.00023496372012666032,-0.0007651111917083647,-0.000607462096459071,-0.00010237170020505515,-7.362268952634864e-5,-7.261811597436397e-5,-0.0002790021135292093,-0.00019171060069091996,-0.0001443136057165385,-0.0016569261489293244,-0.00010226897952219073,-1.6685143527208356e-6,-1.0407457394248005e-5,1.4876105905782558e-15,-3.4806909189848565e-6,2.6992967585138147e-16,-3.614600926984576e-16,-1.7351024859375918e-16,-3.461824042583067e-16,1.3102153670654822e-16,-4.560686009714106e-16,5.587650647324371e-16,2.090248204985994e-16,-4.434916278937243e-17,-3.0713265768719693e-16,3.092890425757403e-16,2.6030120846980863e-16,4.027673535377726e-16,4.2535736276793607e-16,-0.0,-0.0,-0.0,-0.0,-0.0,-0.0,-0.0,-0.0,-0.0,-0.0,-0.0,-0.0
0.0018802587827324298,0.012837213117404612,3.25662755887581e-15,-1.8674605301625806e-14,5.451619994063976e-15,-0.05375790101498225,0.0024606000707367006,0.009326743083292073,-0.0578317326422549,-4.3504248475939605e-12,-0.0059805395283271225,-0.0020001436298569294,9.374675542893944e-15,-0.028000511359644056,-0.000728561419193652,-0.0035075051555015584,-0.008061295226501654,-0.011838345188193357,-0.0024693274786014184,-0.0005976629537480576,-0.00253680601949123,-0.006067790822111017,-0.004519510539864027,-0.006169564433710414,-0.005618015827409092,-0.008611590783709242,-0.0001332233265847464,-7.091144864773048e-16,5.582091991982475e-15,3.3892485667394476e-15,-4.332668712589888e-16,-5.317555993385401e-15,-2.8571848136724314e-15,-8.262717929009359e-15,-1.3962748018507147e-14,-3.237812255690834e-16,-2.7371758357070635e-15,1.5828243868764985e-15,-1.262664485008182e-14,-0.0034732842836451157,-0.011322114205606151,-0.008973983164428581,-0.0015129604683383467,-0.0010872657709298872,-0.001072814402735005,-0.0041245323377159335,-0.0028335198112064692,-0.002132371607066014,-0.02451845152703457,-0.001510779513533831,-2.4646364516943333e-5,-0.00016798687047017753,1.823926798648875e-14,-5.618186575346283e-5,6.503817775647695e-15,-5.108082678760542e-15,-2.96944929043791e-15,-4.846708105351832e-15,2.7056131582753525e-15,-8.577356830195427e-15,4.90635605721531e-15,2.70915049069299e-15,-6.836921458838073e-16,-3.845508711041957e-15,1.051508070354295e-14,3.715151360669628e-15,1.5810412737903478e-14,-9.95784976772038e-16,-0.0,-0.0,-0.0,-0.0,-0.0,-0.0,-0.0,-0.0,-0.0,-0.0,-0.0,-0.0
-0.0005934868110296786,0.16079012410259347,-2.109511580432179e-15,-6.427013156438664e-15,-9.0253950241527e-18,-0.6444845007611839,-0.05063970826080363,0.0076143454638662525,-0.7515262842447183,9.061577221454151e-11,0.029622868910424455,0.009907131667390306,7.727707088732912e-14,0.173887629614973,0.008384952014002977,-0.027585717480361545,-0.0208910286542974,-0.18176109236781124,-0.032368908535752215,-0.009332004547994833,-0.033333692548053316,-0.09100587297266463,-0.05457109145877328,-0.09571860558277441,-0.054401992354676756,-0.12181331012791465,-0.001331166542165091,2.03712194446776e-16,-2.510795412301641e-16,8.089623153268677e-17,-6.614692463445248e-17,-3.221343738685349e-16,-7.116796590924959e-16,2.5000432850112733e-16,1.2485723342979233e-15,1.051987527556291e-16,1.2838070674117574e-15,1.837256553539321e-16,8.512159215256035e-16,0.005086705560056882,0.001692886692359225,0.020431935483081472,0.0011530923693243934,0.00014919227778745255,0.002708025019570242,0.002487716266482954,0.0014919524894779666,0.0012978075996613065,0.0028508648343819987,0.0011843534435249615,1.286267374497565e-5,0.0007114584794382223,-2.84158800295532e-15,0.00023794160023532916,1.4959128178918236e-16,3.79247885775494e-16,7.305148613195661e-16,-2.8856238380256177e-16,-9.890513288686631e-16,1.6443637577633104e-15,1.65608962944055e-15,-1.1013100944577778e-15,2.9238723378245187e-16,4.492852553400705e-15,-3.249075628416546e-15,1.0024095294259175e-15,5.218767058669126e-15,1.788459480188621e-15,-0.0,-0.0,-0.0,-0.0,-0.0,-0.0,-0.0,-0.0,-0.0,-0.0,-0.0,-0.0
1.3173755623615621e-5,6.986029780064253e-5,1.4599374295446688e-15,-5.024673460781144e-16,1.2578955229101475e-16,-0.0002983800419907689,-6.924345970349001e-6,0.00022412570595753826,-0.00031047225616664834,-3.337833601157683e-14,-7.578463444894498e-5,-2.5345565081397045e-5,1.0936404534211139e-14,-0.00016919057638624957,-7.336083759540543e-5,3.3256668955883494e-7,2.5033059170654103e-5,4.0165302864097285e-5,5.1861292212038506e-6,7.921050448775236e-7,-2.514550017386587e-6,3.0204973052320404e-6,-4.638141502229442e-6,-6.207703921983515e-6,2.8918221775641552e-5,-0.0004259195381848141,-1.1024524292828147e-7,-3.213334767948291e-18,5.967644729633158e-17,2.1822516784218533e-16,2.363683271348216e-17,-2.558278239897677e-17,-1.2150105607827557e-17,5.568241090151231e-18,3.193789740081725e-16,9.34535695576469e-19,7.456512715160036e-16,-1.1976905444336007e-16,1.0842352164220155e-16,-6.926317676031122e-6,-2.1445498173324016e-5,-1.973308577184153e-5,-2.532153981810166e-6,-3.036004852282543e-6,-2.91321058323497e-6,-1.1798799984942757e-5,-7.600438767683619e-6,-5.364146180783117e-6,-2.2941588649157758e-5,-0.00016603020044278103,-1.1526614134732805e-7,-2.314643151203835e-7,1.737537701015459e-16,-7.741139207593702e-8,-1.801251443140877e-16,-2.853249069536724e-17,3.592808189262332e-17,-3.795147696748522e-17,-5.570182739063774e-17,1.3856962211472368e-16,2.4936788125981884e-16,1.576259431907919e-17,1.9062890667075784e-18,-4.028639299233527e-17,-4.4387425379712815e-16,1.6374745592032052e-17,-7.118340137668735e-16,5.217938209535494e-16,-0.0,-0.0,-0.0,-0.0,-0.0,-0.0,-0.0,-0.0,-0.0,-0.0,-0.0,-0.0
0.000319806378936544,0.0017775920862005325,1.745870446007188e-15,-1.8034879632706856e-15,-4.866400242726304e-16,-0.007600953140724396,-0.00020496835655809385,0.005511172361209901,-0.00793516164505749,-1.3012357510242998e-12,-0.001848091875122765,-0.0006180795518374141,1.156233737325938e-14,-0.006525384512910185,-0.0002761328649322238,-1.9675516234706415e-6,0.000604701843226632,0.0009167528179729972,0.00011196185204560372,4.083299051318489e-6,-7.236142903713605e-5,4.3174495854269534e-5,-0.00013661402105662036,-0.0001854277882877617,0.0006886668544530164,-0.010522512723224757,-8.237284508548991e-6,1.298310621003944e-16,5.141534907963356e-16,-5.880499954811761e-16,2.5754950310934476e-16,-3.5396293278624346e-16,3.184443238434928e-16,-2.8110512576666077e-16,3.6181067895204205e-16,2.9290670559669243e-16,5.508120615174207e-16,1.0467691348014423e-16,6.824271364940537e-16,-0.00016398383417826464,-0.0005272883072839943,-0.0004592105156897123,-5.896388048609261e-5,-7.088004384665439e-5,-6.857786952462772e-5,-0.00028299709489676883,-0.000181035369499074,-0.0001264540720587375,-0.0005630954613222265,-0.004075882987891795,-2.7581255081886365e-6,-2.9168319840673483e-5,-2.210846243510223e-15,-9.75511136759431e-6,-1.554963630224576e-16,-2.7525940493768977e-16,2.0575547927251411e-16,-4.492012627083519e-16,-6.797214840323047e-17,2.958089102897614e-16,3.615879335760651e-16,-2.704205066320252e-16,6.161690316776348e-18,2.0677867153979554e-16,-7.856003287724302e-16,1.629099712630402e-16,-7.005848130746127e-16,3.6986998895098503e-16,-0.0,-0.0,-0.0,-0.0,-0.0,-0.0,-0.0,-0.0,-0.0,-0.0,-0.0,-0.0
-0.0005934546707728314,0.1607889266653877,-2.1388757987523783e-15,-6.1623987993481464e-15,5.540192249183869e-17,-0.6444799607646183,-0.050638937371378076,0.007614388726239562,-0.7515203391703692,8.984412196190408e-11,0.02962249534770656,0.009907006732325965,7.718352852973296e-14,0.17147776162406556,0.010798478971549215,-0.027585542258068762,-0.020890794171943634,-0.18175984355201596,-0.03236872055265565,-0.009332022037877502,-0.03333350195197733,-0.091005575474672,-0.05457031259427455,-0.09571823678145083,-0.054401501090668714,-0.12181227475127326,-0.0013310488830004241,1.8206483485285975e-16,-3.835079631165644e-16,1.6710113541284566e-16,-8.452589538765856e-17,-2.493008097173451e-16,-6.985761836785318e-16,3.637405890536983e-16,1.3466469364572567e-15,6.677888606948576e-17,1.4352461296597141e-15,1.4922933906406525e-16,9.207271373893421e-16,0.005086655803275811,0.0016929284557627923,0.02043172465156904,0.0011530779817250552,0.0001491790579202679,0.002707986704108561,0.002487682720357802,0.0014919125006602105,0.0012977813511608608,0.0028509387963453307,0.0011843077974947572,1.2861779558868581e-5,0.0007122960312478241,-2.7248965052148064e-15,0.00023822171274151752,4.068513149700995e-17,4.448467589107614e-16,7.334189199795297e-16,-2.0640353384288632e-16,-9.86814519347959e-16,1.7054169292735088e-15,1.574369299635706e-15,-1.0921918948468107e-15,2.985938659085433e-16,4.4405166109089536e-15,-3.319612039335458e-15,9.449512421071487e-16,4.976963918327848e-15,1.820355239392946e-15,-0.0,-0.0,-0.0,-0.0,-0.0,-0.0,-0.0,-0.0,-0.0,-0.0,-0.0,-0.0
5.240632408129119e-7,6.324752939135764e-7,1.453929998287621e-15,-4.339666864802111e-16,1.5111411377585556e-16,-1.975420004908559e-6,1.6745096155036302e-6,3.5704239743666828e-6,-1.6351676018196438e-6,-1.4909325620707097e-15,-2.027086212745288e-6,-6.779427775038664e-7,1.1000819700962456e-14,3.0254727976605272e-5,-1.4244619499863267e-6,-5.037615876719537e-7,5.17385399790295e-7,4.967700873028348e-7,4.7598606529779485e-7,4.3353124656482027e-7,-1.0967190840720547e-7,1.3866161662631335e-7,2.8768720448237433e-7,9.320063525845498e-8,7.600460342037116e-7,3.474443372750641e-7,-5.21251730683154e-6,-8.784389612012331e-18,4.1208759165113847e-17,2.5132714566691874e-16,1.3924771728842638e-17,-1.2276649294138873e-17,-2.6065213487156895e-17,1.6699011836466972e-17,3.1755629614056325e-16,-1.1187528761820054e-17,7.534525478970307e-16,-1.2900764125053249e-16,8.530127904520869e-17,-1.0277105817898011e-6,-8.10384270080653e-7,-2.570896482474719e-6,-2.3815563038396455e-7,-3.570459802890431e-7,-2.8837730709688905e-7,-9.059287409498117e-7,-4.5926749516184145e-7,-4.804707682299118e-7,-7.271587698256843e-7,-4.6866700686673e-7,-3.3737266571831688e-6,9.757849708357078e-7,2.694404565873124e-16,3.263434794509772e-7,-1.8133008560156799e-16,-1.7616732114729267e-17,3.070201752195746e-17,-1.751703391609274e-17,-5.4664156049280956e-17,1.3731546674402654e-16,2.469870622813279e-16,2.4451009189980993e-17,1.7045182530383292e-18,-5.578497818481246e-17,-4.425645634325849e-16,1.4093486596250214e-17,-7.118713011749273e-16,5.286120107005237e-16,0.0,0.0,0.0,0.0,0.0,0.0,0.0,0.0,0.0,0.0,0.0,0.0
7.793233099761828e-6,6.593713542039675e-5,1.577427458890101e-15,-1.552410076344358e-16,1.3563299721902421e-16,-0.0002736388663452021,5.763168414584075e-6,7.905045230972139e-5,-0.0002983336498729198,-3.253881318680001e-14,-3.0939640048971305e-5,-1.0347515247574405e-5,1.2562577298330518e-14,-0.00010560146008933196,-4.67724193836413e-6,-1.9517165451163423e-5,1.997101626798495e-6,-5.0070359090348114e-5,-3.201829048705696e-6,-4.0291312392777e-6,-1.1460173924646924e-5,-2.3846642153609894e-5,-1.3366942788731477e-5,-2.6383250434151018e-5,-2.753508395808416e-6,-4.035666314185605e-5,-0.00011615882785186632,-8.06564615486708e-18,5.545279087077559e-17,2.2938968722336834e-16,1.784764083133104e-17,-2.4363265221804644e-17,-2.32775000146768e-17,9.710013342696955e-19,3.1946166214011206e-16,-6.450065704126441e-18,7.456445314982341e-16,-1.243387134260037e-16,1.138183260579431e-16,-1.657977487817897e-5,-1.753726549531541e-5,-3.2714068682384154e-5,-2.269306540787961e-6,-4.407335822224518e-6,-3.5591870080629625e-6,-1.3345126858593437e-5,-4.849653746508994e-6,-5.6277210682234855e-6,-1.4926769387577438e-5,-6.230571230999065e-6,-7.203675919943201e-5,6.204348884628811e-7,1.5377112279996084e-16,2.0749948546803857e-7,-1.8686154786042612e-16,-6.4453625084231365e-18,7.228096335629701e-17,4.502045200235389e-17,-4.538911268781241e-17,2.49648025831593e-16,2.9244071257157433e-16,-4.608224411923063e-17,2.1138498745597235e-18,-1.5777198365205837e-16,-7.143885296867326e-16,9.343756192951399e-17,-7.080513319670506e-16,5.366090809095928e-16,-0.0,-0.0,-0.0,-0.0,-0.0,-0.0,-0.0,-0.0,-0.0,-0.0,-0.0,-0.0
-0.01292040665697722,0.002467525360773952,-9.779054391956533e-15,-3.681976496147075e-14,1.499519536815399e-15,-0.00926851958926058,-0.0819898090464648,-0.0258610354961183,-0.011961192589899243,6.599759197984038e-13,0.0013704346204137345,0.0004583309019446787,-1.001775573849992e-13,-0.22797689639141028,-0.02200236157996338,-0.00032311272635029677,-0.0007978713747506692,-0.0022586195802586913,-0.00039908723195786693,-0.00010341648570272853,-0.0003152955809726048,-0.0013189683701176006,-0.0006850816237592135,-0.0012664581352854775,-0.0011451413338993003,-0.001767389645518806,-7.765695926480828e-6,-1.806073576613988e-15,-3.3854523961971897e-15,1.814246043850165e-15,-3.62344170881047e-15,-6.154315555915353e-15,-7.926611742717332e-15,-8.47216852421445e-16,5.636074864712085e-15,-1.7788131045452604e-15,2.044025959931917e-14,5.456498322371474e-15,-2.644942770120386e-15,0.028310788725900825,0.01733111214137595,0.12466406503070593,0.01608546706786854,0.020325159670146902,0.014293710365507155,0.04467424234851648,0.03042285174443229,0.030443556359686035,0.05609608225784366,0.027747064463240507,0.0003851033645569892,-0.07535640024394938,2.3684979960565385e-15,-0.02520234557484385,-3.282382741774635e-16,1.3098952065020218e-14,1.098204999836046e-14,3.520170920747461e-15,1.9632325303791636e-14,1.002129640733523e-14,1.9038955891164738e-14,3.020155891327067e-14,1.0820364704311136e-14,1.2593848219461798e-14,-2.0215433159500234e-14,-5.706027590679272e-15,-9.28399158469402e-15,6.021301192680673e-16,-0.0,-0.0,-0.0,-0.0,-0.0,-0.0,-0.0,-0.0,-0.0,-0.0,-0.0,-0.0
-0.0009127466709052118,0.0007235703418413546,-9.379970051752268e-15,-1.38077766802574e-15,-2.0282384634726705e-15,-0.0024451396246174314,0.2575685344866845,-0.007913319369364612,-0.0037190174013994226,2.6560336212551263e-13,0.0008268262312313256,0.00027652542243520705,-1.4127008650556858e-14,-0.19240124672624717,-0.012972383482633871,-6.153224850376151e-5,-0.0004930308706174294,-0.0003359998326558982,-9.483278043482635e-5,-7.631184840073418e-5,-1.4883975378649496e-5,-0.0003422811773777082,-0.00014441515648092658,-0.00026841649304651827,-0.00047200197675262306,-0.00042035414556177374,2.454897206879464e-7,-4.3684970316963054e-16,-1.0378415965506272e-15,-9.630121592404059e-17,-1.641821472791685e-15,-4.253762922790671e-15,-2.996767185833414e-15,6.937187659637203e-16,1.1827982464831967e-15,-7.653783650387119e-16,6.959090411350018e-15,2.3730784698504905e-15,1.0314813192493062e-16,0.024081354374973486,0.0066705526607498105,0.0948648503762959,0.012864754974029889,-0.006454258814944108,-0.004194989836319059,-0.0025922676243414888,-0.006184395820204712,-0.009619965120276752,0.007366040867061172,-0.011281787504136649,-4.642527747735218e-5,-0.056685824188380717,-1.3839859520346067e-15,-0.018958120687350654,1.7287003180648605e-15,3.6808515814754795e-15,3.582881351774329e-15,1.5189081180269127e-15,2.9774426632413084e-16,3.12331338449318e-15,-2.2892267884765614e-15,1.7378540539582458e-15,1.617396950902629e-15,-1.5091719288684446e-15,-6.623349185668123e-15,-3.317911065811259e-16,-2.6083013415971045e-15,-4.18244168647142e-16,-0.0,-0.0,-0.0,-0.0,-0.0,-0.0,-0.0,-0.0,-0.0,-0.0,-0.0,-0.0
-0.01424405902052509,0.0018384300192348445,-1.6753615624290665e-14,-3.691160216177424e-14,-7.600496758806888e-15,-0.0072524792235431085,-0.002654193649848325,0.23372530726760024,-0.00864997202174918,4.764407519196352e-13,0.0004915714764596625,0.00016440215014314918,-1.0139348582898726e-13,-0.008766153229315501,-0.008532991102746506,-0.00030462231875977747,-0.00032770301279302645,-0.0019747512133107695,-0.000356917831688331,-9.580013210680188e-5,-0.00035413841261494177,-0.0010286358276378712,-0.0006098874968778896,-0.0010632880446353895,-0.000670851785867328,-0.0013474069742734772,-8.458916111481754e-6,-8.197999021106732e-16,-1.2411176377880865e-15,-3.2540409156143757e-15,-2.3013636698203848e-15,-4.092073876426705e-15,-4.074556308133622e-15,-1.4538591418674289e-15,1.1826892883452765e-15,-7.803738233200965e-16,1.0185159825351049e-15,2.053961948088258e-15,2.9379479056049796e-17,0.0008198539198850611,0.011612420858516135,0.018965602523954017,0.0015920210059882593,0.03326796231339062,0.022921001433449488,0.05716100527319535,0.045008993833585594,0.04976185827243007,0.05715646789473775,0.048813985982018436,0.0005258936293248502,-0.012394989483005879,1.0517801985498282e-15,-0.004145405132639857,3.506878217534678e-17,9.608529193528207e-15,6.963492112452407e-15,2.7697965965478315e-15,2.158099663544552e-14,6.203043352674944e-15,2.0819505074118083e-14,2.7388123192063183e-14,7.785541721245019e-15,1.2719336635626457e-14,-1.4928299615849622e-14,-4.4879223879256636e-15,-3.6655371645146404e-15,7.682953722669561e-16,-0.0,-0.0,-0.0,-0.0,-0.0,-0.0,-0.0,-0.0,-0.0,-0.0,-0.0,-0.0
0.00014467826328242597,2.6161769619769944e-5,2.554289820004351e-14,1.5451700396243577e-14,6.374411860142349e-15,-9.683989931417125e-5,-3.667611607000186e-5,0.005464271257744607,-0.00013767701708031216,-6.007323492046511e-14,2.264104473292691e-5,7.572116388294186e-6,2.566538241944878e-13,-0.007129022793573775,0.00012654442865082068,7.008968998069263e-6,1.2956416322229985e-5,-7.729156515598061e-5,1.1042762979457333e-5,3.8673447044707514e-5,6.552031670440303e-6,-1.7775114719814264e-5,7.264300752186516e-6,-1.6550516793721358e-5,-2.174072578696012e-5,-5.935319208949333e-5,-2.472571424999453e-6,4.107741889101252e-16,1.3575280971484384e-15,4.9156368039464085e-15,1.3916500568758718e-15,1.8359768155237122e-15,1.2789121461188938e-15,2.6063769235282223e-15,1.3872286957404216e-15,2.621230113558013e-16,1.3962568762222217e-14,-6.1212968303509075e-15,2.333953283717281e-16,-0.00032020355459620454,-0.00042351170339848497,-0.0012906047451424864,-0.00016873980755363442,-0.00019347052857333097,-0.00014171116943440906,-0.0004781121659308322,-0.000317384122070526,-0.0002928997168568302,-0.0007397345598589943,-0.00025340970238298057,-3.928679147574345e-6,-0.0017472806796713825,4.706599673624547e-15,-0.0005843640535695117,-4.873540514068699e-16,-1.0807218367389029e-15,-1.5602006607710763e-16,-1.2432176062121047e-15,-3.2644242711511974e-16,-8.417449349359549e-16,-9.026010247456067e-16,-2.4883394508825163e-15,-1.3297063073913446e-15,-2.3201486043451657e-15,2.246022927598914e-15,-2.7986090665928412e-15,-1.4659307226335392e-14,4.945214490063142e-15,-0.0,-0.0,-0.0,-0.0,-0.0,-0.0,-0.0,-0.0,-0.0,-0.0,-0.0,-0.0
0.007258716856471588,0.0005181842781747867,6.5487574560157405e-15,1.4782522106135768e-14,3.4590666126603745e-15,-0.0013892045186333299,0.26563876402910946,0.008078076342400275,-0.00294545847680054,1.3274462012179913e-14,0.0011518640711328468,0.00038523172925933384,2.0808709286202915e-13,-0.33888793603612755,0.00645325865796396,2.481089606550798e-5,-0.0006295331449114702,5.112860119205977e-5,-1.4119748821162476e-6,-2.2020159986807347e-5,0.00011540199397893818,-0.00019794822611135315,3.2136082349627292e-6,-6.765002160912111e-5,-0.0005329072359187486,-0.0002757269928847862,1.4493163583736882e-6,-2.6042159824039917e-16,-2.1115684112789798e-16,4.371950293741854e-15,-8.527738433400863e-16,-3.44672237266551e-15,-2.7896066098004693e-15,2.93220225647069e-15,2.999251337822229e-15,-7.480947900765115e-16,2.1583182008982008e-14,-2.4169539957702296e-15,7.592000810735103e-17,-0.015978567971651994,-0.021106892479079913,-0.0649430792488969,-0.008423894186176666,-0.00966811175799499,-0.00709518796562061,-0.02420860683446986,-0.015883783735198897,-0.014682806801943317,-0.037043546813223985,-0.01271231042529704,-0.00019721234946331353,-0.08688693009111512,3.414541274173229e-15,-0.029058639093767772,2.151830489621776e-15,2.1061825207669844e-15,3.599020296428779e-15,2.89761709798353e-18,-7.408860891465576e-15,3.3991412003088833e-15,-1.1373744228968816e-14,-6.854151066935214e-15,-2.694607317265974e-16,-7.240968607774278e-15,-3.6545780805361744e-15,-2.5582930917571875e-15,-1.6160460251416165e-14,4.102936041237058e-15,-0.0,-0.0,-0.0,-0.0,-0.0,-0.0,-0.0,-0.0,-0.0,-0.0,-0.0,-0.0
-0.014789546050388054,0.000995885342802257,1.4613637382534577e-14,-1.3785367130555932e-14,1.8519149020263163e-15,-0.004391601859676034,-0.04494743323147587,-0.022717496498746523,-0.004336330915839153,4.365739521645146e-13,-0.0004425079365065618,-0.00014799324145047974,1.941653608570253e-14,0.23705354529296252,-0.018899146038763585,-0.0002442664622961638,0.0001945805835704263,-0.0014907256491477792,-0.00026490210999619186,-5.777937713250813e-5,-0.0003452110038220103,-0.0006207940595552789,-0.0004545681606594479,-0.0007380696046411944,-0.0001227673348587841,-0.0007966472635277522,-8.978873841266436e-6,4.242680266619673e-17,1.6300578885268014e-16,9.090073192737303e-16,3.161021384739479e-16,7.026207997136184e-16,3.527312192925008e-16,2.3320390387880137e-16,2.5585785204973123e-16,9.029969373521947e-17,1.7132629814029986e-15,-7.895310107429168e-16,-1.6395935264499714e-16,0.03250357654989386,0.03198516921991256,0.13738675195965055,0.017758465349876004,0.02138765425183339,0.015361162769112738,0.05018258241177574,0.03352548753035407,0.03225148856158433,0.07011505345137237,0.028677020884489687,0.00042030035043492725,0.05166606254815376,1.3791083062394978e-16,0.01727930154057223,-1.9347814316383055e-15,4.056820270928706e-15,1.8719620565555964e-15,1.3971878247812295e-15,2.0278753071300423e-14,-2.303594986451872e-16,2.1569866777295443e-14,2.0649235902011394e-14,3.934143105588643e-15,1.0764767768935192e-14,-5.664665686846426e-15,-2.6714924147866907e-15,-1.6968067950391668e-15,5.570135723101519e-16,0.0,0.0,0.0,0.0,0.0,0.0,0.0,0.0,0.0,0.0,0.0,0.0
-0.014463992199310568,0.0017588364119980103,9.21180875004073e-15,-3.200291646145891e-14,1.8154481521409404e-15,-0.00742978094828649,-0.1050864454075568,-0.012957094339749503,-0.007898017874579685,5.277997665993431e-13,-0.00028802448944744547,-9.632748770394965e-5,-4.852469899186283e-14,0.20769101763895842,0.0053396903483134295,-0.00037452756335947733,8.870193116530378e-5,-0.002347185335293387,-0.0004147666336938762,-9.268368333852755e-5,-0.0005010289376227627,-0.0010529494619068974,-0.0007156944277678076,-0.0011909036024187086,-0.0003849241077927229,-0.001365033368216877,-1.1883210987392575e-5,-5.13345504170634e-16,-9.67013212890318e-16,8.23921133490292e-16,-8.02434966772906e-16,-8.835486184389257e-16,-1.9148235969549673e-15,-5.272696231024197e-16,1.6811756097255293e-15,-4.005293149736472e-16,5.267943793844439e-15,1.4844979648865886e-15,-1.062036180148014e-15,-0.0262828453110408,0.005105828400673458,-0.08643571216210369,-0.012791617593113905,0.043473738680408935,0.02967798756519217,0.06510726672472152,0.05594417776487002,0.06499198494694239,0.053859414201066505,0.06583686860294762,0.0006244570709136512,0.05054802687348033,7.398331469125819e-16,0.016905383448053344,-2.300349802272413e-15,8.382350360624176e-15,4.892870262126417e-15,2.5683015170821755e-15,2.929672460898757e-14,2.4290826123223465e-15,3.041378798306161e-14,3.3635650037190806e-14,8.002914586491938e-15,1.7035063072080273e-14,-1.1582288778462268e-14,-4.969771154289705e-15,-1.1730743443961561e-15,3.002497118368512e-16,0.0,0.0,0.0,0.0,0.0,0.0,0.0,0.0,0.0,0.0,0.0,0.0
0.013928798705272675,-0.0010580347291851012,-1.1591395034681991e-14,1.1416696068920659e-14,-7.872912504095562e-16,0.0046158389736889825,-0.07285717388233301,0.03880466048060837,0.004645221691795948,-3.9549806870591505e-13,0.00039168775007661393,0.00013099683641231466,1.7639446654466088e-15,-0.20018897527808027,-0.0051767651987468365,0.0002587375360265087,-0.0001449245960471336,0.0014936679267652008,0.00028506333342237896,9.066321832991786e-5,0.0003576098104672904,0.0006487831894218144,0.00047987283167542796,0.0007624114840144032,0.0001522135457147835,0.0008055705684696101,8.681659225818575e-6,-1.0068221543984361e-16,-7.639483119353507e-17,-2.9442114934891597e-16,-8.459188279122555e-17,2.252815264523192e-16,-2.294778890379467e-16,-4.0917646991990806e-16,2.1367571504065016e-16,-2.3823484944034552e-17,-3.029411853475422e-16,-1.4375554893682056e-16,-1.6560306940263994e-16,0.02533338070763931,-0.0049106748178998775,0.08333529512194118,0.01232420720942223,-0.041871496260149896,-0.028573985751267194,-0.06269838070785941,-0.053876156798095425,-0.06259156403624051,-0.051860983233637734,-0.06340602202893018,-0.000601401049178254,-0.04866049504658105,1.1068847560922892e-15,-0.016274113519683765,1.211655139981234e-15,-3.85514737908054e-15,-1.5536286097621046e-15,-1.7282634521876304e-15,-1.847016617613403e-14,6.232536943997849e-16,-1.8739879475368137e-14,-1.8065145243275782e-14,-3.2327657836900596e-15,-9.533368952832289e-15,5.730922931572419e-15,1.5565741103268959e-15,-7.085863284089039e-16,3.1777283022046455e-16,-0.0,-0.0,-0.0,-0.0,-0.0,-0.0,-0.0,-0.0,-0.0,-0.0,-0.0,-0.0
0.02762924686922818,0.16128304011598335,1.9176211389510785e-14,8.043925677251196e-14,-2.9474910865160916e-15,0.0045179531418305325,0.054508600045572383,0.021429938629929386,0.0027787397711407508,-1.1665336953870312e-12,3.696872180037985e-5,1.2363893432457031e-5,1.5777681216385017e-13,0.04585126136553329,0.00438342404880062,0.0002743317941809614,-4.4699537210269135e-5,0.0019435075576635901,0.00022281764804923888,-5.106263875109069e-5,0.000353036225937934,0.0005514337422376226,0.00032290567920344307,0.0006142108548505716,8.117318408066612e-5,0.0008502691625949956,5.511045337707558e-6,3.935804055016277e-15,7.229194683407749e-15,-4.6458607063686555e-15,8.18277479723871e-15,1.4766409388655454e-14,1.80321631280488e-14,9.524622305099452e-16,-1.2719676670153851e-14,4.0613786286513e-15,-4.957869640849738e-14,-1.0942153896131641e-14,5.433120927230669e-15,-0.03725830818024325,-0.03136336618259984,-0.1600556499524143,-0.020683378225782974,-0.025403103452659743,-0.018068014293137945,-0.05805433686191491,-0.03907993628239079,-0.03819138499083227,-0.07792463307604687,-0.03430075134247397,-0.0004919189563665509,0.001136435452395459,-5.979413203451982e-15,0.00038007175118655903,1.2481185540853855e-16,-3.0402712042808994e-14,-2.551065044424857e-14,-8.08578129855076e-15,-4.6319758015062155e-14,-2.2667203623856285e-14,-4.3457842029228744e-14,-6.917676493778726e-14,-2.447911839815607e-14,-2.7827046435632116e-14,4.696148925211537e-14,1.3989982493875182e-14,2.5176643291829854e-14,-2.5269613476270844e-15,0.0,0.0,0.0,0.0,0.0,0.0,0.0,0.0,0.0,0.0,0.0,0.0
-0.033750742121009224,-0.00178274500471948,-1.4997260794822362e-14,-1.5528732162497817e-14,-2.351125017962219e-15,0.006747582977783284,0.08853541340675151,0.12225550106734848,0.008644903554334707,-4.4731749956009287e-13,-0.0009466354348166539,-0.0003165946526566597,3.0695781629412616e-14,0.06949336874723903,0.005114085864290704,0.00023053369737098184,0.000542408383821592,0.0016741936564154702,0.0002939566488305957,8.086787724098697e-5,0.00022855261027194653,0.0009554865609963553,0.0004801861845735619,0.0009239292165681147,0.0008167540860798573,0.0013267301449048285,1.3173400844675585e-5,3.3146581502505896e-16,5.4808200742916015e-16,-8.792235860818514e-16,2.976665946984098e-16,3.3038198356054435e-16,1.0798881532205166e-15,1.74239681513498e-16,-1.064109542881265e-15,2.0404069864543176e-16,-3.4356652939906396e-15,-1.1044264528259644e-15,7.446854408004921e-16,-0.015690266022078497,-0.04158583282979812,-0.049752053121471206,-0.005787055071286005,-0.006561619912060628,-0.006369603305751394,-0.023911259431465774,-0.015515098235187173,-0.011378030037112439,-0.05708271862378492,-0.00957136990510931,-0.00021041843882970522,0.05106431380910153,-1.2866910715929322e-15,0.01707805148589046,4.2147613488131203e-16,-7.590775492912836e-16,-2.4578377809151103e-15,-1.5986790342670582e-15,2.7593470789979245e-15,-2.4336224399138523e-15,3.013369901909621e-15,1.7046457049218337e-15,3.8405616339013455e-16,-3.5547893911159065e-15,5.871093129112131e-15,-1.6823666522934746e-15,4.26147882077503e-15,8.560768554799036e-16,-0.0,-0.0,-0.0,-0.0,-0.0,-0.0,-0.0,-0.0,-0.0,-0.0,-0.0,-0.0
3.0818863594702277e-19,1.0872103597629495e-17,-9.053792473408699e-32,3.258785543695651e-30,-2.7435294737461656e-31,2.9029300916772692e-18,7.434396933243448e-18,4.606504914559648e-18,-1.7862055596630924e-17,-8.551598318097373e-27,3.831461659359008e-18,-8.304477880857125e-19,-5.61397088333052e-17,3.5815568914945495e-18,1.1674734041684683e-18,-1.875573126273273e-18,-3.0915932442044974e-18,1.081137172560769e-17,1.0835437417622203e-17,1.6547862539429898e-17,-1.3843601788483271e-18,4.318255093319757e-18,6.495107574058733e-18,1.8545299301581005e-17,-1.0736322816689624e-17,2.7005259608301887e-17,3.655311468800868e-17,1.898566388902549e-31,1.7503800987995682e-31,-3.805199211049058e-31,2.976259821560676e-31,4.794405642276294e-31,6.482515260451394e-31,6.105060536478549e-32,-3.8069119566927195e-31,1.9008095951584888e-31,-1.7861282932890058e-30,-4.443079562209474e-31,4.077227456329933e-31,-2.4539450273887908e-18,1.3447838973381264e-18,-9.783527954301784e-18,-4.42528003142933e-19,-1.3877279399451835e-18,5.328943512263108e-19,-1.6511381765310869e-18,-8.089189966349946e-19,-1.6174025398837752e-18,-6.307380619387625e-19,-4.995537733472789e-19,-2.443536150816139e-19,4.367180551490877e-18,-6.130187547727819e-31,1.4605686191246509e-18,1.1961806260234106e-31,-8.247963306077272e-31,-8.54208776661774e-31,-1.400633883063855e-31,-1.608577787427869e-30,-5.686112565571118e-31,-1.5469940710124324e-30,-2.5011834445071534e-30,-8.631015105808713e-31,-4.554812535078316e-31,9.532236559435418e-31,7.651457750578009e-31,6.750582377342308e-31,-1.4820120428028455e-31,0.0,0.0,0.0,0.0,0.0,0.0,0.0,0.0,0.0,0.0,0.0,0.0
0.02248803230782148,0.002597769322940152,-2.259593562656522e-14,-6.488687808442294e-14,2.0646003140529117e-15,-0.00974948711855838,-0.059908898244363296,0.054029894064542276,-0.012573681748291758,5.478018876720889e-13,0.0014347798346696285,0.0004798506444022014,-1.151705730812251e-13,-0.3031028541036777,-0.030486922083011653,-0.0003487112693276941,-0.0008498168024250567,-0.002357838425643133,-0.00042418078910805507,-0.0001149321880133514,-0.00034193359125679027,-0.0013888146104318183,-0.0007402454204032041,-0.0013345483013348803,-0.0011986861777217054,-0.0018213989558760486,-3.8003058683266968e-6,-2.4429301303249693e-15,-4.80061881725667e-15,2.911548248263944e-15,-5.0944321747249785e-15,-8.593666963841434e-15,-1.0936838525150477e-14,-1.0584328411620649e-15,7.88612526764596e-15,-2.5230872876464014e-15,2.945752121860525e-14,7.540251340594086e-15,-3.650463747357415e-15,0.032182236220124665,-0.005021006087662539,0.15665688275288128,0.020701657301229796,0.026737423919688155,0.01744830691088577,0.05143474143267766,0.03562020617526272,0.03885054879280573,0.04366830321947231,0.036027048566008135,0.000440054176395174,-0.07846867758811298,1.2936156690889395e-15,-0.026243221849438433,-3.8792026924185305e-16,1.8713190593430142e-14,1.4533405135469116e-14,3.955271200921551e-15,3.156054316096289e-14,1.2968631989131345e-14,3.0853632564148163e-14,4.7188271824902465e-14,1.6357294912377203e-14,1.600358789807796e-14,-2.4639975456731043e-14,-9.149210144779733e-15,-7.585085630259108e-15,1.9215795130092776e-15,-0.0,-0.0,-0.0,-0.0,-0.0,-0.0,-0.0,-0.0,-0.0,-0.0,-0.0,-0.0
-0.08356246578927994,0.0008391895228641294,-9.355267001493015e-14,-2.4158054697605425e-13,-4.893512193158328e-16,-0.003545363546555505,0.49124539569816883,0.3880570130688741,-0.0035103575780433046,2.402964927667209e-13,-0.00037238237420581937,-0.00012454030774453184,8.111153868353275e-15,-0.4070377630484162,-0.12073288505102665,-0.00013867161883942254,0.0003910924277911988,-0.0017896130657831329,-3.752628244508886e-5,0.000410339382249496,-0.00023629435765008707,-0.0005851707506457118,-0.0003848872256345824,-0.0006760056093706349,-0.0001486637557700628,-0.0008522207968036234,3.088813031240526e-5,-5.367729146449715e-15,-9.946145856287e-15,6.9433162608436024e-15,-1.2712107169377022e-14,-2.5376400594031128e-14,-2.6761559424151236e-14,1.289322267125543e-15,1.861617400015064e-14,-6.368737393496205e-15,8.113750475277456e-14,1.2687491813306084e-14,-5.777483165936244e-15,0.14036272442527875,0.14334046164189768,0.5564756566065916,0.10141517787220382,0.0816221215471229,0.035707436051716605,0.24132980161694248,0.1419120399605927,0.057798864149441104,0.5457480098351005,0.03034934798117781,0.0015288893628101418,0.041343977988458375,3.079999682600652e-14,0.01382716288614743,-9.358803211351175e-16,5.386313269652075e-14,3.806833383067893e-14,7.4146860501845e-15,1.0196057741168396e-13,2.7476131332674094e-14,9.55492042872773e-14,1.4012668692113686e-13,5.077966812289938e-14,4.032401619601976e-14,-6.047354310922071e-14,-6.39111323146045e-14,-3.177690242583947e-14,9.077354409398712e-15,0.0,0.0,0.0,0.0,0.0,0.0,0.0,0.0,0.0,0.0,0.0,0.0
-0.015679532918549427,0.002489921424868818,-2.5487928725484105e-14,-3.688944894009664e-14,-9.557534798381823e-15,-0.009418907101508073,0.2571365415642631,0.22525889575126323,-0.012025967822571324,7.440126638055202e-13,0.0012908487091724298,0.0004317140302826018,-1.0954102411773542e-13,-0.19616559175361786,-0.021143239178057386,-0.0003552321484640988,-0.000803767372959126,-0.002237808958660443,-0.00043878472568586086,-0.00016873580279748145,-0.0003570222413614309,-0.0013312768008650407,-0.0007318635024606035,-0.0012918932164102405,-0.0011137089075727632,-0.0017155013661583356,-7.977626367278327e-6,-1.203250868918223e-15,-2.166804632461126e-15,-3.3505855059539264e-15,-3.8295826093045084e-15,-8.164805247447156e-15,-6.843335284393287e-15,-7.052178637709814e-16,2.2243331182360717e-15,-1.493845036661125e-15,7.573241378319657e-15,4.201574633284009e-15,2.1141216381245656e-16,0.027153672116684846,0.02008170050561954,0.11043784760753868,0.021806034356841204,0.02593582931216296,0.019359250468991323,0.0502841123296883,0.04034344652766013,0.03885767290760044,0.06670637457698846,0.04173407417101286,0.0005250747114424912,-0.06791006779947584,-4.2983868690780497e-16,-0.02271197922343503,1.7675851467597839e-15,1.2889685983818494e-14,1.0250865185948165e-14,4.174802307018427e-15,2.1137577871120152e-14,9.060393581984753e-15,1.788512422368596e-14,2.8052748332792135e-14,9.033300218447059e-15,1.0754139424969766e-14,-2.0980639688962234e-14,-4.498286840135651e-15,-6.318373131995438e-15,3.7839793633997567e-16,-0.0,-0.0,-0.0,-0.0,-0.0,-0.0,-0.0,-0.0,-0.0,-0.0,-0.0,-0.0
-0.014426459757912733,0.0017946860049196968,-1.6617954415879295e-14,-3.5993130104925396e-14,-7.628348555935011e-15,-0.007081702839172699,-0.0026627465675679125,0.233901802829651,-0.008442963161767137,4.654584316271417e-13,0.0004772863036983714,0.00015962458832554052,-9.958104567211825e-14,-0.007155527744350854,-0.007893482821322247,-0.0002976452292908404,-0.0003185296607462067,-0.0019293011613765228,-0.0003487156331195536,-9.360327005630672e-5,-0.00034624325595417326,-0.0010043868708405192,-0.0005957488411439868,-0.0010385801966695562,-0.0006540192874056723,-0.0013157416327355975,-8.292542525283947e-6,-7.93236912568581e-16,-1.18668359302028e-15,-3.2815797244661932e-15,-2.244314939143467e-15,-3.993322410443528e-15,-3.955238764874742e-15,-1.4419032203155221e-15,1.0977928685008273e-15,-7.519429492786243e-16,7.149119715274279e-16,1.957056233300578e-15,6.984114209595459e-17,0.0007651327769923814,0.011712182685639673,0.01833792743205338,0.001511161161496827,0.032342150783450395,0.023521260960262504,0.0522522842981569,0.0459352577634393,0.048395253571404825,0.05721560448176579,0.05307224569885867,0.0005686020257624021,-0.011887152732505643,1.0517619232473266e-15,-0.0039755631916727815,5.1269973618514585e-17,9.364068329724338e-15,6.782260777345612e-15,2.6927731235365017e-15,2.1057495810304354e-14,6.048951004133485e-15,2.0306498523436486e-14,2.668613326128623e-14,7.573529036590923e-15,1.2475159876109363e-14,-1.4598061518644804e-14,-4.292008134744002e-15,-3.613820432787425e-15,7.647953083342515e-16,-0.0,-0.0,-0.0,-0.0,-0.0,-0.0,-0.0,-0.0,-0.0,-0.0,-0.0,-0.0
-0.0012530731606366708,0.0006952354199500095,-8.869974309604559e-15,-8.963188351682397e-16,-1.9291862424469286e-15,-0.002337204262338822,0.25979928813183123,-0.008642907078387373,-0.003583004660808524,2.785542321786057e-13,0.0008135624054741797,0.0002720894419571086,-9.96513678083216e-15,-0.1890100640092662,-0.013249756356735167,-5.758691917272554e-5,-0.0004852377122146528,-0.00030850779728245107,-9.006909256551562e-5,-7.513253274261856e-5,-1.0778985406350547e-5,-0.0003268899300229078,-0.00013611466131817338,-0.0002533130197417909,-0.0004596896201674073,-0.0003997597334319213,3.1491615702243626e-7,-4.1001395634956806e-16,-9.801210394406918e-16,-6.900578148783907e-17,-1.585267670160877e-15,-4.171482837003325e-15,-2.888096519518177e-15,7.366853565445775e-16,1.1265402497349874e-15,-7.419020873824216e-16,6.8583294067912235e-15,2.2445183999831704e-15,1.4157102171662551e-16,0.02638853933969234,0.008369517819980047,0.09209992017548531,0.020294873195344405,-0.006406321471287071,-0.004162010491271213,-0.0019681719684686385,-0.005591811235779019,-0.009537580663803905,0.009490770095222468,-0.01133817152784586,-4.352731432039634e-5,-0.05602291506697015,-1.4816006101550937e-15,-0.018736416031762255,1.7163151731413598e-15,3.5256176540933065e-15,3.4686044086019637e-15,1.4820291834817154e-15,8.008206081371081e-17,3.0114425778508713e-15,-2.4213742997527005e-15,1.366615071503348e-15,1.4597711818553922e-15,-1.7210204511406398e-15,-6.382578170316343e-15,-2.0627870539121888e-16,-2.704552699207755e-15,-3.8639737199432143e-16,-0.0,-0.0,-0.0,-0.0,-0.0,-0.0,-0.0,-0.0,-0.0,-0.0,-0.0,-0.0
-0.03570883408636828,0.00036150130233828176,-4.6717281096849065e-14,-1.0128809760727117e-13,-1.653243450447167e-15,-0.0014504482607158458,0.22176842804914731,0.19352542493688735,-0.0015733875973076425,4.608403196464544e-14,-3.587516199635312e-5,-1.199816107574565e-5,-1.880787137493019e-14,-0.19222066990667994,-0.05857503907462647,-7.055650318872286e-5,3.93327900607841e-5,-0.0005610742515157816,-4.140497086903729e-5,8.620107119453944e-5,-9.837814954909087e-5,-0.00022933330600276864,-0.00017379052639004605,-0.000252078509502247,-9.12922503523045e-5,-0.0002554749894429474,1.509319076336132e-5,-2.3645269129934313e-15,-4.416061836085561e-15,2.2897608382608944e-15,-5.738112702250124e-15,-1.1334090569344208e-14,-1.1783555946117798e-14,3.2659237086100605e-16,7.822427900300442e-15,-2.800683064438682e-15,3.360477436700648e-14,5.895946541948258e-15,-2.3811248645325694e-15,0.08555206675341238,0.19092819757049712,0.3654627378947278,0.051309075756807196,0.03405760705186204,0.028251436358929936,0.11865449136566243,0.0650076884352084,0.05160745403631242,0.1869779766742863,0.0456735544335721,0.0008011492989636292,0.008277363769277863,9.85424365698826e-15,0.0027682981336676054,2.0180657531717412e-16,2.3271225515194248e-14,1.5529881755071014e-14,2.626803982310237e-15,4.5055802347742046e-14,1.1490676053763516e-14,4.233977806991957e-14,6.007372563800281e-14,2.156675183696351e-14,1.7261237929620596e-14,-2.599220321357471e-14,-2.299007256082347e-14,-1.2932422952585197e-14,3.67440408464871e-15,0.0,0.0,0.0,0.0,0.0,0.0,0.0,0.0,0.0,0.0,0.0,0.0
-0.007035792785005716,0.0022841582485569703,-5.707659661658903e-14,-6.327969443811164e-14,-1.0776177859298606e-14,-0.008801536439391605,-0.2772162292318366,-0.05127086133548288,-0.010892261328677603,7.915402765554671e-13,0.0009227072649317893,0.0003085920675543394,-6.701470603079916e-13,-0.29716192754942533,-0.028251278443568978,-0.00035287142097400093,-0.0006019750848649701,-0.002187463488522181,-0.00043188703590732024,-0.00017961827795531085,-0.00037788249217922187,-0.001243605946689445,-0.0007121451398751792,-0.001241356086185103,-0.0009302770298645394,-0.0016050908129721826,-4.958192208356139e-6,-2.4957441371106662e-15,-6.0776593824820715e-15,-8.867935940963924e-15,-5.6233543236875155e-15,-6.956326696062779e-15,-8.488744494994506e-15,-6.9687016455474934e-15,1.8202307746931314e-15,-1.9025377678706246e-15,-1.5330983579118513e-14,1.75539557956459e-14,-3.2605836214342363e-15,0.02056842415382948,-0.056657509835143026,0.12386578485414707,0.01592170071130783,0.025979288918912966,0.01641213886576064,0.0388599859089518,0.030089833708391654,0.037572610873267805,0.007670863601813221,0.038305778336993626,0.0004041589200513275,-0.040819286376188334,-9.095642049858965e-15,-0.013651683971540316,-6.848692328134792e-16,1.230436326424787e-14,8.722877880293963e-15,5.957250319525243e-15,1.6586689831116008e-14,1.0446022739829162e-14,2.0231422694021273e-14,3.1303237905431153e-14,1.1369763186914381e-14,1.7926637211796448e-14,-1.9907129467658072e-14,3.2104361372687273e-15,2.5679930417755717e-14,-1.0370578777656603e-14,-0.0,-0.0,-0.0,-0.0,-0.0,-0.0,-0.0,-0.0,-0.0,-0.0,-0.0,-0.0
0.005884614099947439,-0.00018342744475808938,-4.729761181852031e-14,-2.6459938093314808e-14,-1.227571415456471e-14,0.0004672250827096253,-0.19522640178537978,-0.02540982850116004,0.0010692134040580898,1.3156623479794078e-13,-0.00044773853869297086,-0.00014974257452594065,-5.697842602200022e-13,-0.06918513995819897,-0.0062489137018808165,-2.9748181836186483e-5,0.00019590465110278714,7.122315562637842e-5,-3.278731311904263e-5,-7.619749222877048e-5,-6.257427576016643e-5,7.539647388027551e-5,-2.7042939975226432e-5,2.5137879201930603e-5,0.00021488462956801955,0.00016234394312519853,2.8080161851285235e-6,-6.896713422813615e-16,-2.6922155757165707e-15,-1.0682185808635739e-14,-1.999937006639837e-15,-8.020361916341744e-16,-5.621431228724222e-16,-6.1214964151239005e-15,-3.815832305650729e-15,-1.2371654710073262e-16,-3.5771257231201824e-14,1.2097485468782064e-14,-6.156463064533805e-16,-0.00774236650628293,-0.07398862262504277,-0.0007982877416936747,-0.00016376680578284572,0.005654129177752265,0.002118427474000326,-0.0058142573829270535,-0.0003330185996984946,0.007129054020836734,-0.0484252197094911,0.010558713423520945,1.9055550574318182e-5,0.03453711379485486,-1.1464199016640805e-14,0.011550661578920693,-3.566343361551759e-16,-7.945585185426666e-16,-2.2591972478216093e-15,2.437033439885765e-15,-3.045681999182938e-15,4.2472198475382635e-16,1.1924283329717164e-15,1.1016992566399336e-15,5.4940034221181585e-16,5.332903658785705e-15,3.08311526252316e-16,8.916415696443709e-15,3.496394460515553e-14,-1.0972719504575448e-14,-0.0,-0.0,-0.0,-0.0,-0.0,-0.0,-0.0,-0.0,-0.0,-0.0,-0.0,-0.0
-0.04783188875532635,0.00047232791056802233,-4.68829136850382e-14,-1.401553556292872e-13,1.1431903819989306e-15,-0.002072870948219762,0.26949126720737476,0.1945831525020935,-0.0019124762563806584,1.9315358536539751e-13,-0.0003365143006148396,-0.00011254451732922943,2.6457084596255365e-14,-0.2151024853978575,-0.062222968358203644,-6.708999081977912e-5,0.0003518832080910096,-0.0012217235529471153,4.998043710284015e-6,0.00032425033215740574,-0.0001365888219364712,-0.00035269092583014113,-0.00020907145679919107,-0.0004204805144795749,-5.587975962917144e-5,-0.0005926111590884549,1.5824709717906074e-5,-3.0008659282841918e-15,-5.526733247997199e-15,4.638226084560744e-15,-6.970613551088666e-15,-1.4035177251300666e-14,-1.4967237809062456e-14,9.584214046305723e-16,1.0780673959219376e-14,-3.565378359154725e-15,4.746451999476756e-14,6.79372465295591e-15,-3.391804982863958e-15,0.05475595058840326,-0.047774806642600386,0.19161249815790918,0.05030819858868801,0.047484393213986474,0.00743071755521677,0.1226852763069107,0.07679032491727616,0.006059106870510661,0.35843431313937685,-0.015328773434383762,0.0007277476306094455,0.032986024777877467,2.0937696717684938e-14,0.011031912258162004,-1.1282926012914852e-15,3.055444898320977e-14,2.251548739587809e-14,4.784937717328661e-15,5.6793211264192464e-14,1.597455610429674e-14,5.3088034612548554e-14,7.993143992742305e-14,2.918031810981833e-14,2.3020514075427265e-14,-3.4436734183634314e-14,-4.089554315020682e-14,-1.8808870834137273e-14,5.391169463845449e-15,-0.0,-0.0,-0.0,-0.0,-0.0,-0.0,-0.0,-0.0,-0.0,-0.0,-0.0,-0.0
-4.512977013397512e-5,6.997155349188014e-6,1.0633859911481997e-16,1.2578219262020806e-17,-1.4030596615558277e-17,-2.9706589829609084e-5,0.0005657391964664915,4.365887065504347e-5,-3.135319229122341e-5,-1.2963899423142128e-14,-1.3678442540132729e-6,-4.574645746298719e-7,7.590101336084465e-16,-0.0003755539445065294,-7.486915452865082e-6,-1.362355093212231e-6,9.047656960658867e-7,-1.049211101612653e-5,-1.3703379526457142e-6,3.2539810721601707e-7,-1.925378383627221e-6,-4.286897562326735e-6,-2.763152763458965e-6,-4.851685131705339e-6,-1.5687635337557455e-6,-6.029768243655285e-6,-7.511384701805655e-8,1.8055669994547582e-17,-1.7217336667607696e-17,2.135643257097967e-17,-4.1091753912651875e-17,-2.960500502073239e-17,1.434529789005608e-17,4.122036512772669e-17,-2.1406362358331577e-17,-2.3448528303116698e-17,4.825876206624469e-17,-2.822070799755388e-17,2.421723264745065e-17,8.42136226239796e-5,0.00029740278539240774,0.0002528816521752599,3.282821194328872e-5,2.0511738241515097e-5,2.1131177395599463e-5,0.00010994100457202476,6.193298598992515e-5,3.548262267964386e-5,0.0002838332935688108,1.7884755903120347e-5,7.009219183318033e-7,0.0018513694524851768,-3.081813625756163e-17,0.0006191757113807922,-1.807254317650566e-18,3.7109576761134704e-17,-1.540530614651792e-17,-5.221684112656092e-17,5.0772569608792836e-17,-4.085106764520991e-17,4.5851776028712564e-18,5.45229572881369e-18,-3.032635948451637e-17,1.423910103795229e-16,4.657616778982475e-17,-1.612677347761764e-16,1.499260047500057e-17,7.635114120600872e-19,0.0,0.0,0.0,0.0,0.0,0.0,0.0,0.0,0.0,0.0,0.0,0.0
-0.030882444720126308,0.0019308287922968187,-2.4892328961163288e-14,-7.536152299000428e-14,5.153558627921306e-15,-0.00848593702625511,-0.09368116185385215,-0.04733681164923058,-0.008262699377728416,9.516466993898331e-13,-0.0009473797630499444,-0.0003168435873008166,-9.86094077539572e-14,-0.40527654636804145,-0.03945242618340539,-0.0005057433464758228,0.000359198484470077,-0.002765533200083823,-0.0005403226360312225,-0.00023504581833334574,-0.0007000304136101548,-0.001206249858758357,-0.0009593019527443578,-0.001430659822606542,-0.00018089537401615,-0.0014062461572265672,1.5024486971199012e-5,-3.215457651531008e-15,-7.835588939423395e-15,8.173840071522938e-15,-7.959864566571796e-15,-1.4030461300319475e-14,-1.7406860365808492e-14,-5.432270273292112e-16,1.2934640997911587e-14,-4.211364019398119e-15,5.281156627563023e-14,1.0137454472106958e-14,-6.905931407703075e-15,0.0678760441459944,0.06680994296244325,0.2868639276112102,0.037084842234388946,0.04466407880567731,0.03207573409093943,0.10478642676791992,0.07001444460822995,0.06734772633081591,0.1464369486056064,0.05987970954414548,0.0008775792525059662,0.10811339095234121,-2.088294224683345,0.036157659219726634,5.709489422199172e-16,2.7880455873725675e-14,2.5948258974278547e-14,5.2085110975156866e-15,4.4300461109285745e-14,2.5816241313329205e-14,4.030065613533815e-14,6.736865594034911e-14,2.3569583414636932e-14,2.5678821421824864e-14,-4.648987276170247e-14,-1.413705628799477e-14,3.365149709121308e-14,1.3229585755681024e-14,-0.0,-0.0,-0.0,-0.0,-0.0,-0.0,-0.0,-0.0,-0.0,-0.0,-0.0,-0.0
-0.014790206240311068,0.0011858152707341285,1.425455167554341e-14,-1.7652591952722704e-14,1.857150680434753e-15,-0.005150658508710224,-0.045002283650590974,-0.022706312990105393,-0.00522213237216307,5.097990507886687e-13,-0.00040698328200813405,-0.0001361123047793922,9.726276617778164e-15,-0.1939017735602595,-0.018908905191597044,-0.00027845313319623807,0.00016622732743397823,-0.0016985325579831276,-0.0003047436196301084,-7.106518527752327e-5,-0.0003860729692366727,-0.0007280259670247452,-0.000521560244452049,-0.0008510584874918706,-0.00018628185785897843,-0.0009330391470155413,-9.824757414021531e-6,-5.1508520370814526e-17,-3.8565062766908103e-17,9.409428465830227e-16,1.1062280244775031e-16,3.5514189503468216e-16,-5.73984867848439e-17,1.6715578509885355e-16,5.131437875415776e-16,-5.208892035347798e-18,2.558211275495868e-15,-4.087733964631419e-16,-2.9449184709398383e-16,0.03250980184095893,0.0319876256692153,0.13741002423686194,0.017759876988723517,0.02138781321682218,0.015364428674261818,0.050185331600216376,0.03352736350762108,0.03225298003011526,0.07011881775806017,0.028678275889167125,0.00042031285983982163,0.051671764323620036,-1.1147787399306772e-16,0.01728120845378904,-2.0648423373208933e-15,5.142162056296269e-15,2.5798284977943723e-15,1.7170646719649865e-15,2.3290852461751034e-14,2.5477151089377597e-16,2.4527907186321e-14,2.4282484627602618e-14,4.8977492700103014e-15,1.223701674406539e-14,-7.165485216305396e-15,-3.0938220991885022e-15,-1.7448120183637976e-15,5.281053318363176e-16,0.0,0.0,0.0,0.0,0.0,0.0,0.0,0.0,0.0,0.0,0.0,0.0
-0.013618750019319404,0.00048700600774597336,1.0856241283786789e-13,5.937608052683175e-14,2.7690431486051744e-14,-0.0014306931934417568,0.40363724200194667,0.05101903043113019,-0.0026925178756179095,-2.3826404844946337e-13,0.000897346376576263,0.00030011032121911226,1.2674961090909585e-12,0.12707643188001566,0.011349157693539164,3.934336413106695e-5,-0.00038876268308033976,-0.0003095374705524807,4.3706050206139076e-5,0.00015980156030564232,9.79847165073495e-5,-0.00022221810433027868,1.3785901568084105e-5,-0.00012858697850961186,-0.00046579302267822946,-0.0004299623297184094,-7.615048795864607e-6,1.600789991576373e-15,6.0986609559367575e-15,2.3819195797619444e-14,4.698521605980469e-15,2.4237781722809917e-15,1.748951587617367e-15,1.3605661541538809e-14,8.289939289361124e-15,3.824272586661305e-16,7.861041022452503e-14,-2.7278283410998713e-14,1.3927939543419931e-15,0.01909124447489251,0.1573856914964385,0.014023676158110345,0.0019388331908065852,-0.009884379712326722,-0.0030424699909006076,0.016654641905662824,0.003709998564776381,-0.011987389548680637,0.10743061176614536,-0.01947085634534418,-1.996725621877476e-6,2.965027213461725,2.5059198589136702e-14,0.9916296456626695,4.041849038945924e-16,1.6216683034863381e-15,4.716699489043044e-15,-5.2720639533357835e-15,8.614283671874694e-15,-1.309136194507364e-15,-4.731040431603042e-16,-9.799921583078212e-16,-1.2455799829637339e-15,-1.074578838277795e-14,-4.930550823119957e-16,-1.937563240714508e-14,-7.752134617842719e-14,2.4413322274659413e-14,0.0,0.0,0.0,0.0,0.0,0.0,0.0,0.0,0.0,0.0,0.0,0.0
0.0056546702451786965,0.0013238569267797647,-1.6968729738589637e-14,-3.753137861243506e-14,-7.646753588423285e-16,-0.0051271692485194,-0.0701793889850504,0.021938653523566273,-0.0062825080641121245,1.9960618217158892e-13,0.0004836360297826722,0.0001617482034094108,-1.3774015210443107e-13,-0.10367370552733624,0.019362762883474265,-0.00020166171800251574,-0.00029569876639768387,-0.001360326222043464,-0.00023659213682049662,-5.5967912875665544e-5,-0.00022336554814694296,-0.0007309952477187045,-0.00041666125598026094,-0.0007365861784773406,-0.0005280069865856188,-0.0009649116225882902,-2.6043989147516012e-6,-1.2649838127612488e-15,-2.601403315372798e-15,-1.463676492784335e-16,-2.7120647189329004e-15,-4.243986933710049e-15,-5.402250309755575e-15,-1.4896981382607444e-15,3.273569289092256e-15,-1.2104108170430686e-15,9.011685645665094e-15,5.3378773419886974e-15,-1.900226717967957e-15,-0.023621987259955887,-0.2717146911854225,-0.07766298459127466,-0.019654003252106395,0.024030287925715293,0.012546901453054786,-0.009278027504450873,0.017865052627839096,0.03543492721493901,-0.07445302861899229,0.042909933332763314,0.0003404121048429413,-0.019707133258746186,2.791487553307874e-16,-0.006590893156630714,-3.374180759098239e-16,9.148673439502536e-15,6.853955226740119e-15,2.482506617546065e-15,1.5731856180417547e-14,6.313679288519431e-15,1.5590810849684507e-14,2.399257099756012e-14,8.376774782285863e-15,1.0230960044829741e-14,-1.2163944784478976e-14,-4.7883490516068765e-15,1.07583768275445e-15,-6.060336359531532e-16,-0.0,-0.0,-0.0,-0.0,-0.0,-0.0,-0.0,-0.0,-0.0,-0.0,-0.0,-0.0
-0.014872110465313705,0.00034943092578739604,1.1607233672661085e-14,-2.072078258908042e-15,1.4503156228606683e-15,-0.0018106736217362836,-0.0018214956662226747,-0.0294123487153055,-0.0013197776934646608,2.5380481859122746e-13,-0.000567034988200641,-0.00018964031827271204,2.734318446530359e-14,-0.10699838778648532,-0.025049825725369033,-0.000128917960270698,0.00029139280952333293,-0.0007817147372050756,-0.00013043693212766303,-1.569275767868741e-5,-0.00020739353704056732,-0.0002571734514072215,-0.0002276199149334622,-0.000354845997533879,9.508135721013976e-5,-0.0003296658041062397,-4.962731890725105e-6,1.8190922896920773e-16,9.744146083273497e-17,4.642677807501755e-16,6.507116638582218e-16,1.5110685450015495e-15,1.6539735188909457e-15,7.398509055341295e-16,-6.212373734900047e-16,2.0318088920089156e-16,-1.3748987023193307e-15,-1.4072287455583897e-15,4.728876060101918e-16,0.03825657825206471,0.1612032109871598,0.1506748343181063,0.02425530858013707,0.005489863262690408,0.006289324163824704,0.04553601973715662,0.018455291677385046,0.008678655582696693,0.09420240802418538,0.002046281660555878,0.00017344437479135653,0.05195119936531163,8.654051909735047e-16,0.01737466326936478,-1.7721040302487535e-15,1.1511156635014815e-15,-9.686570032307606e-17,9.933890455126832e-16,1.087369924134018e-14,-1.3879001618660157e-15,1.1816008116333153e-14,9.383864542830111e-15,1.1094422056040652e-15,5.842395225648163e-15,-1.3372532804013176e-15,-2.0792947679084345e-15,-3.405618881591284e-17,-3.9654603837726965e-18,-0.0,-0.0,-0.0,-0.0,-0.0,-0.0,-0.0,-0.0,-0.0,-0.0,-0.0,-0.0
0.010766035729885787,0.0005207634368035487,-6.46514092215784e-15,-1.2472450401544615e-14,8.897099705183539e-15,-0.0008571541410324327,0.4064621494998206,0.09933364845323459,-0.0033220205179068686,3.5662868519300406e-10,0.00193757313707303,0.0006480058445028121,4.270802678053526e-13,-0.6858685284548893,-0.07458813584523329,0.00014440055854344258,-0.0009481998846059097,0.000302808485704638,0.00014307425792053295,0.0001448169046829352,0.00031273187250328193,-0.00014962066101913154,0.00016301218391456937,9.210588008715463e-5,-0.0008214135018704983,-0.0003171165873042701,1.112837691208773e-5,-1.5568403163048079e-15,-2.161230178273217e-15,1.058521249884538e-14,-3.4959600745108405e-15,-9.46934491259822e-15,-9.758533290664393e-15,5.3881579851695546e-15,9.659302525599157e-15,-2.456339993999665e-15,5.702186278249487e-14,-3.207849209353311e-15,-1.5089309503500001e-15,-0.043618775422425815,-0.10692934883710938,-0.23296564544455212,-0.037828767094743164,-0.0188859715172734,-0.013345409877646834,-0.05800517804824686,-0.026543621700979535,-0.026213500531423385,-0.047014663956481094,-0.02282411151866512,-0.00028640022398235574,-0.15255409553066374,1.7656285368580182e-14,-0.0510204975553502,3.384092783786836e-15,1.1220652933639816e-14,1.2356856759331751e-14,-7.547322779149622e-16,-4.234164017872001e-15,1.0698827918680121e-14,-1.2679013259428799e-14,4.102302237739098e-15,7.695648844192957e-15,-8.088790290688277e-15,-1.3232112939679027e-14,-1.9501687200348962e-14,-3.6789242939976196e-14,1.0429586780410097e-14,-0.0,-0.0,-0.0,-0.0,-0.0,-0.0,-0.0,-0.0,-0.0,-0.0,-0.0,-0.0
0.00336260708629975,-2.3644260197566058e-5,-3.8556787818580735e-14,-4.2706738718803565e-14,-9.363802185284916e-16,0.0006288898819264859,0.14086006157425923,0.0857913008552495,-0.00023902586768138984,-5.635486708463129e-13,0.0007630680331959336,0.00025520200286472343,-3.764569889928746e-14,-0.33985306424468287,-0.08116794108371914,0.0001125806854704101,-0.00033162316410383433,0.00032897139696129565,0.00013344345994964731,0.00012816361407730768,0.0001907778373933704,6.61026511603395e-5,0.00015253425780001784,0.000176306388576918,-0.00026676555912801973,1.7963559744522655e-5,1.2151631548564605e-5,-1.7071933568500648e-15,-3.3075997248528372e-15,1.2976241792470327e-15,-4.034835743407776e-15,-7.858600116913325e-15,-8.247842206202335e-15,-1.5042214218793197e-16,5.272822628714083e-15,-1.9703663878486796e-15,2.1476110307677204e-14,5.3304010599298275e-15,-1.818248064592752e-15,-0.027319938576411355,-0.08539898658381995,-0.16673175926632441,-0.02923610408170255,-0.00902435846107272,-0.0061084904683660676,-0.033318374223206264,-0.010342404827676949,-0.011237742356921479,-0.009231392700117488,-0.009858365988357511,-8.52587274275723e-5,-0.06391988475958098,9.535137032421377e-15,-0.02137749440791385,1.7196186758523865e-15,1.0195208655789199e-14,8.913860622407596e-15,4.855940595121432e-16,3.5011831505102053e-15,8.14143513145641e-15,-4.02616856815423e-16,1.3444835447350526e-14,9.29482517659594e-15,1.4723737523813463e-15,-1.1823599061842979e-14,-1.414477109640958e-14,-5.9694832852682824e-15,1.3814366546466304e-15,-0.0,-0.0,-0.0,-0.0,-0.0,-0.0,-0.0,-0.0,-0.0,-0.0,-0.0,-0.0
-0.047289971545680584,0.001591255331547862,-4.4084358637901887e-14,-1.1420091290181086e-13,6.976408274849462e-15,-0.006571256064979788,0.40613192943511495,0.04084508678858289,-0.00712148992949895,-7.541746219921441e-14,-0.0001598695304107515,-5.346708625592099e-5,7.104207644686078e-14,-0.3158544441664246,-0.08550634702705279,-0.00026177845560633185,0.00022286613529974624,-0.00250508929549322,-0.00021782070264935547,0.0002549732295315499,-0.0003749266745147466,-0.0009889432931282046,-0.0006005941572086441,-0.001090274888737362,-0.00042401873796959366,-0.0014363956947965476,8.124177055486585e-6,-3.1108701336401754e-15,-5.938418167080248e-15,8.008452999765893e-15,-7.051930291967499e-15,-1.5313384213990378e-14,-1.5879215026141336e-14,2.502902838542984e-15,1.2266186586704571e-14,-3.914089318783384e-15,5.868925192168551e-14,6.96133281264303e-15,-3.784440344530814e-15,0.12939319021023998,0.16613485569472167,0.4430416616429362,0.08104005718835504,0.024995727338601757,0.009126428582306258,0.11593354132344048,0.06244338986812234,-0.0028905658386946817,0.3422579833274642,-0.016639100763182656,0.0006773485080527096,0.03536981118909312,3.071857710908455e-14,0.01182915056461798,-7.304831514609458e-16,2.730862161712856e-14,2.163928062198106e-14,5.515383814616288e-15,4.296724971536785e-14,1.629883673097532e-14,3.4635338207138646e-14,6.374965415695009e-14,2.5970663599120918e-14,2.718415545706342e-14,-3.1731625596561114e-14,-4.828207947089311e-14,-2.2408544852814783e-14,5.843533531962576e-15,-0.0,-0.0,-0.0,-0.0,-0.0,-0.0,-0.0,-0.0,-0.0,-0.0,-0.0,-0.0
-0.03627249424359936,-0.0007520658086838264,-4.9468311377028286e-14,-1.2737963407424366e-13,-7.46575949416529e-15,0.003025892518425173,0.08511346626305367,0.3472119262802909,0.0036111323514560296,3.1571395496566446e-13,-0.0002125128437950092,-7.107322148858203e-5,-6.295202922134834e-14,-0.09118331888199123,-0.03522653802397381,0.00012310683676758577,0.00016822629249158997,0.0007154762297105579,0.00018029442020434322,0.00015536615271833043,0.0001386323168647124,0.0004037725424825666,0.00021570693156974395,0.00041426927936654193,0.0002753549821998584,0.0005841748979931755,2.2763953257191863e-5,-2.256859012809548e-15,-4.007727689206763e-15,-1.0651367389222817e-15,-5.660176877409535e-15,-1.0063016380040774e-14,-1.0882344398009935e-14,-1.2135805714174399e-15,6.349987413446095e-15,-2.454648074712827e-15,2.2448252831089132e-14,5.726159000663082e-15,-1.99304282140544e-15,0.010969534215038674,-0.02279439405282389,0.11343399496365514,0.020375120683848755,0.05662639420852117,0.026581007469410337,0.12539626029350195,0.07946865009247046,0.06068942998813578,0.20349002650763637,0.046988448744360464,0.0008515408547574717,0.005974166799365269,8.14197169219469e-17,0.0019980123215294627,-2.0539716967418022e-16,2.655451107939229e-14,1.6429053208697926e-14,1.8993022355682302e-15,5.89933276963163e-14,1.1177294601698811e-14,6.091386608013887e-14,7.637703276418706e-14,2.4809004523778546e-14,1.313986073895647e-14,-2.8741917512659713e-14,-1.562905284371142e-14,-9.368357573024721e-15,3.233820877436136e-15,-0.0,-0.0,-0.0,-0.0,-0.0,-0.0,-0.0,-0.0,-0.0,-0.0,-0.0,-0.0
-0.014790150675499528,0.0011699263501665923,1.425412733370014e-14,-1.7304802480977202e-14,1.8591180810644547e-15,-0.005087143199486815,-0.0449981796949734,-0.02270714169169694,-0.005147972651196737,5.017297756362503e-13,-0.00041001255626769073,-0.00013712542133592168,1.0670287652513736e-14,-0.193908520639603,0.41206564984918953,-0.00027544185395328647,0.00016902053124926518,-0.0016819865697295668,-0.00030117568320007755,-6.944235776143872e-5,-0.0003825118962870863,-0.0007191278939162483,-0.000515790986570088,-0.000841668896106434,-0.00018103640919740465,-0.0009222473362786697,-9.75265470775915e-6,-4.469623655425669e-17,-2.3312547623531076e-17,9.412570226358763e-16,1.2526722934972736e-16,3.791772405769004e-16,-2.940751071951946e-17,1.7246566664598198e-16,4.963379457148147e-16,1.4130002873024338e-18,2.50698628286751e-15,-4.3685920689872076e-16,-2.854342687604565e-16,0.03250926278537572,0.03198740547390016,0.13740817103157338,0.01775975126731608,0.021387794150083336,0.01536414672947716,0.05018510354832657,0.033527205885293454,0.03225285635773109,0.07011851135804459,0.028678172686649545,0.00042031181214825916,0.05167135337769098,-5.4990300944250716e-17,0.01728107101620873,-2.0510262917449623e-15,5.048095369379279e-15,2.5277101046855874e-15,1.6882246366992078e-15,2.2990302469461532e-14,2.1995821757722293e-16,2.421726036702533e-14,2.3951577382251016e-14,4.81829722104211e-15,1.2119178313579899e-14,-7.033295497103401e-15,-3.096748272468269e-15,-1.7452796828105719e-15,5.319432481044956e-16,0.0,0.0,0.0,0.0,0.0,0.0,0.0,0.0,0.0,0.0,0.0,0.0
0.0006095751736585702,1.7918274118995166e-5,1.845882697556422e-14,9.073202826836174e-15,5.475532044311932e-15,1.4442865916180527e-5,0.025022037857198958,0.01458303840838571,-0.00015264709418418926,-1.1027763607241265e-13,0.00013584919220440987,4.54336761953808e-5,2.2904694678978805e-13,-0.03851562805542923,-0.03755556033384663,2.3375252409739054e-5,-4.025113195114024e-5,-1.2527859308103112e-5,2.8566123261772145e-5,5.0020214005092814e-5,3.514715411539973e-5,-4.336302471837533e-6,3.145877791218931e-5,1.3358772287408357e-5,-5.9048467318692947e-5,-4.9090661256462814e-5,-7.999049656653089e-7,1.8573843859384828e-16,8.418749437891165e-16,4.502029094102686e-15,8.052680753264036e-16,7.372877050900552e-16,2.616347385965468e-16,2.382353825371269e-15,1.7645326760742613e-15,1.6890561767022296e-17,1.4826194712969134e-14,-4.952172141957877e-15,8.31997199118447e-17,-0.004859552499976029,-0.015971029436331552,-0.03160924311741928,-0.0028948438319019087,-0.0012654207819300662,-0.0010085087585745658,-0.010893407706412912,-0.00041509829268931064,-0.0016135370929525354,5.6193723430056354e-5,-0.0017077875100198045,-1.0879616727472379e-5,-0.011261628457778347,5.103593935235518e-15,-0.003766361599185579,-2.499145704468466e-16,3.750299325324365e-16,9.628533210429517e-16,-1.0996722601563607e-15,1.1151900519178537e-15,7.698234797684585e-17,-6.752703230686102e-16,1.0169661576395314e-16,1.0731516343335833e-16,-1.754292742440282e-15,3.183887041954105e-16,-4.113493819558419e-15,-1.4045738414621492e-14,4.5731235107741445e-15,-0.0,-0.0,-0.0,-0.0,-0.0,-0.0,-0.0,-0.0,-0.0,-0.0,-0.0,-0.0
0.002752816954709932,-6.930461455138524e-5,-6.5869005524577085e-15,-1.7702110539424875e-14,4.7814619697042685e-15,0.0007103869704668569,0.11580318645693924,0.07119301845523052,2.7791954870349852e-5,-5.140129779481476e-13,0.000618631871914017,0.0002068964835094189,1.9147268243133834e-13,-0.3011532180366387,-0.04361276845531071,0.00010479803579678322,-0.0002574191542353501,0.0003063050007128561,0.00012313119821752137,0.00012111497155347071,0.00017026050399909825,8.12472453422011e-5,0.0001502760845146769,0.00017257958888781147,-0.00020554149062689185,3.3629080797399823e-5,7.871982814000545e-6,-9.096819265831388e-16,-1.2950564266439704e-15,5.254929747880207e-15,-1.796283337228077e-15,-4.332384104776239e-15,-5.0541339944414936e-15,2.254415491934885e-15,5.130219639774597e-15,-1.2450768837262122e-15,2.8430228539246516e-14,-1.460316705872287e-15,-1.104499378267167e-15,-0.022462565981545047,-0.06943152007594226,-0.13511785255559558,-0.026341868318273506,-0.007759169588366875,-0.005100806040820615,-0.022423876137370635,-0.00992828162674962,-0.009623944861833073,-0.009290278405272943,-0.008149710144879124,-7.436028515778871e-5,-0.052691181662354585,1.1162127728776114e-14,-0.01762214443240493,1.0631480261368092e-15,6.790397479697885e-15,6.533225222039574e-15,-4.308730041010569e-16,3.1035431641310127e-15,5.407072884168902e-15,-1.0696503876875732e-15,7.982946748750955e-15,5.936330735895732e-15,-1.0644647384314129e-15,-7.336917355964099e-15,-1.2861744172581927e-14,-1.7702300710537928e-14,5.4145753044701124e-15,-0.0,-0.0,-0.0,-0.0,-0.0,-0.0,-0.0,-0.0,-0.0,-0.0,-0.0,-0.0
0.00629813844259027,0.0011130137449359213,-1.7208318381869133e-14,-3.5680822799260436e-14,-1.0864557185428062e-15,-0.004270617504085008,-0.08700451327180583,0.02575658384188909,-0.005317214477054867,2.430702500815056e-13,0.000471877814748748,0.00015781576240157225,-1.261204208782071e-13,-0.10607744522949555,0.012996968182097217,-0.00016151844817416017,-0.00028086868441006446,-0.0011103736995654186,-0.00019123856568382749,-4.376604183168082e-5,-0.00017339589923106867,-0.0006087246428417207,-0.0003376362687281483,-0.0006044090379985539,-0.00046688804570649116,-0.0008090441352211387,-2.8737155036028652e-6,-9.99228155405286e-16,-2.0726259083534247e-15,-4.727704006853233e-16,-2.1087233898058636e-15,-3.1327611120290747e-15,-4.190848276929047e-15,-1.4482443495821191e-15,2.537987438932198e-15,-9.193065535916028e-16,5.962724619078525e-15,4.324178992440026e-15,-1.582161722138628e-15,-0.44059336878829936,-0.007074392825842131,-0.023490195974002665,0.010309573637730461,0.030702375352239433,0.01986409008198897,0.013643945911506746,0.026512106583580223,0.04530295455954804,-0.08621920533548344,0.0533085385094561,-0.00016994777844431052,-0.021968111707586762,-1.1035471562734813e-15,-0.007347059321946882,8.39131309334689e-18,6.1521360367403705e-15,4.183008180216762e-15,1.2570002389764982e-15,8.388483567837282e-15,4.8150970932749555e-15,6.667910060257585e-15,1.687036965689755e-14,5.401322173018974e-15,6.030578912663028e-15,-6.6444424206322e-15,-3.673750296643393e-15,1.3493610331967406e-15,-6.094270234559262e-16,0.0,0.0,0.0,0.0,0.0,0.0,0.0,0.0,0.0,0.0,0.0,0.0
0.006754903371644601,0.0008253311064649455,-1.198013847141908e-14,-2.4378993224656915e-14,-5.693282237656605e-16,-0.0031081651391830674,-0.06829576359193266,0.02383416618375094,-0.003986448083595906,1.579680023463718e-13,0.000439664426262982,0.00014704225217426837,-9.072216093817841e-14,-0.11442556422195098,0.014492598549093105,-0.00011348754852469528,-0.00026510791410203505,-0.0007488251499688576,-0.00013900579180331426,-4.5133941956153834e-5,-0.00011248062373884098,-0.0004417667014393153,-0.00023845985001281993,-0.0004265228230631579,-0.0003742999440690503,-0.00057675831913612,-1.1166453051175696e-6,-8.476767432798684e-16,-1.7278829468848384e-15,-8.355227345086814e-17,-1.7637030334505933e-15,-2.6403099669272855e-15,-3.551461446832724e-15,-1.02919423848593e-15,2.2275605897514703e-15,-7.884686216283637e-16,6.0792497473261555e-15,3.3200868507191142e-15,-1.2942535214692162e-15,-0.05845249127430622,-0.018584708502231585,-0.11898793042020558,-8.91257845779524e-5,0.02053167612062574,0.012694448115744864,-0.016277921594935876,0.00888741011445477,0.03020416377179727,-0.13689114221987447,0.041510706378451744,-0.00046711829045121623,-0.023568909532176874,-8.651482700017003e-16,-0.007882433355743028,-9.354792740861923e-17,5.667565963638396e-15,4.157034283945633e-15,1.3661787360073025e-15,8.995640466153852e-15,4.324830058875627e-15,8.744822967316366e-15,1.4565353661634136e-14,5.087278963779692e-15,5.374820066839587e-15,-7.311227427602332e-15,-1.7739512257121832e-15,9.663996968286066e-17,-2.0514021017995582e-16,0.0,0.0,0.0,0.0,0.0,0.0,0.0,0.0,0.0,0.0,0.0,0.0
0.007132975555258412,0.0008672348250848833,-1.664036881429764e-14,-2.9713031529848257e-14,-1.1517059107564666e-15,-0.003265421881952952,-0.07082399677967131,0.024971988062176737,-0.004188978571285379,1.6572574269098466e-13,0.0004619147885835302,0.00015448370795775925,-1.1248956290138934e-13,-0.11880016562709637,0.013427210236033155,-0.00011501555201101659,-0.00026753105904749394,-0.0008107974670780514,-0.00013884763664198066,-3.220342109472277e-5,-0.00011442501266673003,-0.00046599250832706857,-0.0002464948225537251,-0.0004494322226324224,-0.0003959158245529194,-0.0006223310836364272,-1.54130115093199e-6,-8.796079948670151e-16,-1.832981447590295e-15,-5.109859269196972e-16,-1.881838684041854e-15,-2.8237080468040486e-15,-3.70975435531552e-15,-1.290710211240378e-15,2.19505238211188e-15,-8.154279040342054e-16,5.045549689709326e-15,3.872522972824193e-15,-1.366391539108995e-15,-0.38756635845618703,-0.009721438096259773,-0.03574616177840759,0.007009613112369203,0.024377192441486673,0.0156024847101929,0.00630997647771851,0.019376010679699972,0.03589282594044582,-0.0829315051931416,0.04326669715735276,-0.0001948348819758226,-0.024888751732008805,-9.78963941302624e-16,-0.008323844027117262,2.1822062532198932e-16,4.954007120240384e-15,3.467617354489483e-15,9.539308679215161e-16,5.167917081208611e-15,4.2436000183655975e-15,3.519507642051076e-15,1.2546721121222188e-14,4.308947629033254e-15,4.120116751494233e-15,-5.221617086175423e-15,-2.930227812872708e-15,1.360908293513227e-15,-5.937520486654189e-16,-0.0,-0.0,-0.0,-0.0,-0.0,-0.0,-0.0,-0.0,-0.0,-0.0,-0.0,-0.0
-0.0007999617471534103,0.0001901417599988796,-1.1904417354245945e-15,-6.128017260964175e-15,4.760438341345212e-17,-0.0007420450697498461,0.02214782531541491,-0.0021027893679049087,-0.0009019049030737676,8.147128339703024e-14,6.382964316135081e-5,2.1347313826921275e-5,5.525661702068796e-15,-0.005570991401364638,-0.001456322524607884,-2.911239107386784e-5,-3.736668634999644e-5,-0.0002055532707926219,-3.296520971807749e-5,-3.175763423504261e-6,-3.3464187655393276e-5,-0.00010577525128356218,-6.0544262416431414e-5,-0.00010752215014650943,-7.479169623364189e-5,-0.00014161309575662798,-1.2586126978546915e-6,-3.468337513629288e-17,-7.084140931239734e-17,1.17739082996619e-16,-1.1024928587927022e-16,-3.4457134476484195e-16,-2.476671137691612e-16,9.928513438528228e-17,1.954119888806621e-16,-6.62010645366488e-17,1.0555197664668625e-15,1.0378285077382258e-16,-2.6423360763795382e-17,0.01830641558408581,0.0010204322363167487,0.0062853673562444316,0.00029227252577328986,-0.00031712522896567614,-0.0001538714491177295,0.0013927139671136427,0.0002805468801250444,-0.0004474660622521306,0.005756614195644776,-0.0008739220005625628,2.3150596262316702e-5,-0.002384430938073631,-5.099999135495477e-16,-0.0007974538633243208,2.1872354262585195e-17,4.192579451775592e-16,-8.296271601937556e-18,-2.690858489607294e-16,5.06792609168551e-16,3.334374912247787e-17,-2.999644494412846e-16,1.4846264869029379e-15,5.356978219491177e-17,-3.4536773496742684e-16,2.963995599407513e-16,-8.591507328862538e-16,-4.812429742410572e-16,7.831241399756384e-17,0.0,0.0,0.0,0.0,0.0,0.0,0.0,0.0,0.0,0.0,0.0,0.0
-4.149290827742645e-7,0.0001127926796605307,-1.349841787004893e-15,-6.338255500250262e-15,1.211115726665637e-16,-0.0004514701611742996,-4.319714189646114e-5,7.2128874072387055e-6,-0.0005263124937088051,5.0541477009275677e-14,2.0099320320523604e-5,6.722056983288653e-6,3.4628592819990684e-15,0.00011671593233081763,-6.144173863851396e-6,-1.771888719041306e-5,-8.535808784400625e-6,-0.00014224722021837115,-1.8518683971596152e-5,4.780014770965441e-6,-2.2399798836655614e-5,-6.509746997686132e-5,-3.7575425467679295e-5,-6.852238886987557e-5,-3.939469145506686e-5,-9.167236041619125e-5,-9.999181553403e-7,-1.8740946405464457e-17,-2.9600976379191164e-17,8.059952271004772e-17,-2.358855437160108e-17,-6.903398451362693e-17,-8.79189489231374e-17,4.867452019028919e-19,1.3615939922154108e-16,-2.245925623015037e-17,5.113340394988932e-16,1.7322797584498086e-17,-6.172204833747564e-17,3.3688566133876765e-6,9.75868239446507e-7,1.595076684765983e-5,6.335375520810147e-7,-5.1189863729785445e-8,1.8484359091161126e-6,1.7516885932543853e-6,1.077248064746974e-6,9.246771060861431e-7,2.169695443359438e-6,8.286280883503597e-7,9.495965890037859e-9,1.8571742314650054e-6,-4.574544178169626e-16,6.211170725107816e-7,-5.156296071923935e-17,6.339281765285701e-17,-3.1712412094075623e-16,-4.363022798338342e-16,-1.5853645503151036e-16,-1.3007897427784086e-16,-8.450490033314872e-16,8.807558477784103e-16,-1.404389030323979e-16,-5.420154524318032e-16,9.930692957402766e-16,-8.092403489255276e-16,-1.6467994963818464e-16,8.096632734255094e-17,-0.0,-0.0,-0.0,-0.0,-0.0,-0.0,-0.0,-0.0,-0.0,-0.0,-0.0,-0.0
-0.0010265711805197894,0.00031883412891460625,-2.618656687275165e-15,-1.2670005099364265e-14,1.2641111337888489e-16,-0.0012572894010720837,0.025364509699639385,-0.002620769668941239,-0.0015022597908584442,1.3955835776090092e-13,8.662613692846091e-5,2.8971418905123606e-5,7.881764758080457e-15,-0.004541762947309992,-0.0018295238836771475,-4.9826675563650926e-5,-4.838088719673928e-5,-0.000364867854336047,-5.4978756724802626e-5,1.4788234529581573e-7,-5.945395117964406e-5,-0.00017982625738482532,-0.00010392295585732024,-0.00018551839697055852,-0.00011935600426955257,-0.00024430902688197495,-2.337424576690192e-6,-5.689030715199882e-17,-1.117021013999467e-16,1.7575380672064815e-16,-1.514479046934713e-16,-4.594245869262371e-16,-3.600088086755767e-16,9.964291624014958e-17,3.2923425808691705e-16,-9.520207320688202e-17,1.553474586378639e-15,1.6609715693088976e-16,-8.348289446621496e-17,0.02251714822863657,0.001386442728228956,0.00812774201662215,0.0004127487433965103,-0.0003258362030759882,-0.00014108352084776722,0.001862804125732878,0.0004469087539398483,-0.0004522408671252288,0.007288515456277859,-0.0009871383299936334,2.9623101551983315e-5,-0.0023564145921201366,-1.0084319983002656e-15,-0.0007880840204161488,-2.7389224646191648e-17,5.529624354465922e-16,-2.827038343380989e-16,-6.764327527320585e-16,5.309690301860101e-16,-8.065269317238442e-17,-9.709520631869532e-16,2.56026794200041e-15,-4.158150669883073e-17,-8.067224796811527e-16,1.1740694527780378e-15,-1.6827624295650287e-15,-5.989285695249161e-16,1.2863505004377994e-16,0.0,0.0,0.0,0.0,0.0,0.0,0.0,0.0,0.0,0.0,0.0,0.0
7.779934366248883e-5,1.9106158717838913e-5,1.5672715194720251e-15,4.890437658307672e-16,4.1503198812603203e-16,-6.964126023608558e-5,0.0028465678377085296,8.692739120685138e-5,-9.535254158454001e-5,5.061967425282044e-15,1.4677503478927122e-5,4.9087736892984166e-6,1.7763266063830223e-14,-0.0036120108467891415,6.846854556038065e-5,-1.5334782740625724e-6,-6.871810496053403e-6,-1.854319560854325e-5,-1.8763591091548683e-6,1.5825451257978457e-6,-1.1844382339879019e-6,-1.0086531896414698e-5,-3.847256813483421e-6,-9.167519093297937e-6,-1.0675717869856e-5,-1.5650013828965653e-5,-2.832114041397894e-7,2.8085916972653824e-17,8.913665315281078e-17,3.30772013380232e-16,8.974944346344965e-17,9.787130009821444e-17,7.717095686206148e-17,1.882424763265645e-16,9.802179980147635e-17,1.466178177817507e-17,9.906472895948757e-16,-4.1109216549281964e-16,2.1094617070198357e-17,-0.00016905202695006622,-0.0002265970271370903,-0.000695688693258809,-9.037531693424223e-5,-0.00010381788853641286,-7.596535035333949e-5,-0.0002595245682001068,-0.0001703739560433483,-0.00015751987789758498,-0.00039696169121638945,-0.00013638758707361088,-2.1126389958539744e-6,-0.0009337558895759525,1.8684998976990396e-16,-0.0003122871917405318,-1.3230709766063261e-17,-7.152754682635206e-17,-5.2681795428903505e-17,-1.1952190227896344e-16,-6.121942187902055e-17,-7.16928967402086e-17,-2.654923982039857e-16,-1.326786664452505e-16,-1.295520041595659e-16,-2.8515267948844157e-16,2.4427358466042725e-16,-2.1039867510472737e-16,-1.0350174489146071e-15,3.342271626642017e-16,-0.0,-0.0,-0.0,-0.0,-0.0,-0.0,-0.0,-0.0,-0.0,-0.0,-0.0,-0.0
-8.366326363946407e-7,0.0002277957385513691,-2.9422492541219542e-15,-1.2942235726823645e-14,1.9637743945017397e-16,-0.0009117229033542883,-8.705067243071808e-5,1.4625655446724993e-5,-0.0010628732056342364,1.0227989108709155e-13,4.060765698379993e-5,1.35809062122798e-5,4.987542516868897e-15,0.00023481734895663102,-1.2400757933435084e-5,-3.5831948861437464e-5,-1.7371556272481112e-5,-0.00028698980897448606,-3.7456506516492617e-5,9.470213227753041e-6,-4.5276735127563306e-5,-0.0001314490121479948,-7.597189416610212e-5,-0.00013835724726810012,-7.952990839125584e-5,-0.00018490606456492937,-1.9967031679409672e-6,-4.2049125366577744e-17,-7.200159037825899e-17,1.2634131463332614e-16,-6.068105950014729e-17,-1.5765670610434015e-16,-1.9229836214705876e-16,-1.959713483292214e-17,2.6788292965972864e-16,-4.852035630081743e-17,9.38547531318024e-16,8.541803233412236e-17,-1.2802145517711282e-16,6.809370901863333e-6,1.9849340833035007e-6,3.21782673978659e-5,1.281331023178649e-6,-1.0240663999517896e-7,3.7346296252349064e-6,3.5312066953227085e-6,2.1786497833533763e-6,1.865392613532382e-6,4.391202746537128e-6,1.6689154703994102e-6,1.9087758760343874e-8,3.890124538287903e-6,-9.523581058090878e-16,1.3010210484231624e-6,-1.0015383194805591e-16,1.4073453310081283e-16,-6.343164750737601e-16,-8.722781940995841e-16,-3.241501656230695e-16,-2.5127553315999474e-16,-1.7013168750717023e-15,1.800212033494186e-15,-2.698065021386203e-16,-1.0762269772805573e-15,1.9846982775935187e-15,-1.6216539231055426e-15,-2.2158253111055777e-16,1.264568296204852e-16,-0.0,-0.0,-0.0,-0.0,-0.0,-0.0,-0.0,-0.0,-0.0,-0.0,-0.0,-0.0
-6.278798658963412e-8,1.3751049253353296e-5,1.7789779014494538e-15,4.999449700029018e-16,4.484082353534272e-16,-5.562349758586102e-5,-6.976301943613001e-6,3.529760324237457e-7,-6.4757165724527e-5,4.304783504836063e-15,2.314299369248787e-6,7.739989205400609e-7,1.8146045666318917e-14,2.233920186749356e-5,-8.209738251980922e-7,-1.7380435797542794e-6,1.5243206688845558e-7,-1.997002488566213e-5,-1.7519982096862802e-6,2.2329057721281713e-6,-2.3875667870867473e-6,-8.130857982269993e-6,-3.819407095111044e-6,-8.626827385207568e-6,-5.085935576322479e-6,-1.329087164812547e-5,-3.2630465796635533e-7,3.548627809309324e-17,1.0628381439568242e-16,3.375126726507268e-16,1.1441044388534596e-16,1.5558235234374813e-16,1.218186478726148e-16,1.851404025140882e-16,8.048877350098214e-17,2.5695744170255918e-17,9.08966343408655e-16,-4.514406959937677e-16,2.2762434016915122e-17,3.600017146455065e-7,-7.594713459458678e-9,2.2670404060269296e-6,6.068458525706658e-8,-1.5020339409289063e-8,2.1155251445822788e-7,2.7199403810887727e-7,1.039657507616515e-7,1.3145829339984615e-7,1.8094615187194588e-7,1.4220316231574156e-7,1.969453672756988e-9,-1.0270648836029677e-6,2.003968994944409e-16,-3.434936421882905e-7,-4.2102135782840387e-17,-1.065442042625422e-16,-9.39376093971433e-17,-1.3301953183387597e-16,1.6379026539828733e-17,-1.1866446337539648e-16,-1.510599162952318e-16,-8.543973667032617e-17,-1.4143836102191308e-16,-2.3178518330840133e-16,3.090387565468201e-16,-2.127393833045589e-16,-1.0183606559222623e-15,3.431806676276385e-16,0.0,0.0,0.0,0.0,0.0,0.0,0.0,0.0,0.0,0.0,0.0,0.0
-0.001739042472688716,8.45504510824749e-5,-1.221527497067951e-15,-5.793587407318684e-15,2.5966803993001202e-17,-0.00036275542557008127,0.010969741656536159,-0.002077090926767251,-0.00037575615306172495,5.708837340144914e-14,-2.2660239838641883e-5,-7.578536042056758e-6,5.131381875375686e-15,0.004233345095246794,0.00044194862549592595,-1.6800596438285955e-5,1.5604767155793885e-5,-0.00013437590646068313,-1.599250533952107e-5,7.131427512213932e-6,-2.4470946630952395e-5,-5.2631641834386635e-5,-3.451295226066904e-5,-6.0338823783550066e-5,-1.72725305438718e-5,-7.467803032226157e-5,-9.890225848309278e-7,1.6689257518979292e-17,3.0253587337965005e-17,1.4333387975591113e-17,2.4997139412354117e-17,-3.6479737040089194e-17,4.72667723593963e-17,5.1684675298812794e-17,8.750569537820803e-18,2.4923223187670818e-18,1.1315599555846676e-16,-4.829122276058297e-17,2.1540626874655362e-17,-0.011778173097543584,-0.0006899249613128439,-0.0055736161737137135,0.0002765559489667908,-0.00021504802034762194,-4.555202138845681e-5,0.000670431833209922,0.00035355800053254977,-0.0001432283193131312,0.0024840663107637715,-0.0003359557449580582,2.4569025709644414e-6,0.003085835511799232,-3.016914796487303e-16,0.0010320330151597002,-4.3578028134782937e-17,-1.1036609565826362e-16,-4.70464595859373e-16,-4.46890382586608e-16,-4.1198579648014424e-16,-3.3043421992635816e-16,-1.1254501744450393e-15,4.4116686526711836e-16,-3.17929247124387e-16,-6.037748446987167e-16,1.2257625944754997e-15,-9.878947582962075e-16,-2.457710394513736e-17,8.319457753046228e-18,0.0,0.0,0.0,0.0,0.0,0.0,0.0,0.0,0.0,0.0,0.0,0.0
-0.005571341732022464,0.0009186802128785601,-8.779268988089704e-15,-4.154830230348344e-14,9.193514122634068e-16,-0.003694076779717575,0.06138773809242542,-0.0033973743832829907,-0.00426492758711596,4.1263004476589947e-13,0.00013135313162536576,4.393000467944293e-5,2.4270462774237837e-14,-0.026895814211813765,-0.008131665811247482,-0.00015339655405001722,-6.689786703697509e-5,-0.0011448940819227744,-0.00016233924371078604,1.809143219505252e-5,-0.00019386150955239556,-0.0005313771237329249,-0.000319015101030213,-0.0005637001858104947,-0.00030584135926301056,-0.0007254808141293581,-5.974822952870247e-6,-3.3057816503627047e-16,-6.396548331213477e-16,9.286747580490652e-16,-7.343741069236283e-16,-1.751145261003026e-15,-1.6823984345513807e-15,3.041075459212243e-16,1.5535359674791874e-15,-4.438759551674064e-16,6.950077344995703e-15,7.840355752275725e-16,-5.000015421114372e-16,0.059976424349694565,-0.002988542191085175,0.016173683000750304,0.0052233062122008025,0.00022825258697579652,0.000742652225784097,0.01530067309508511,0.006715643720234547,0.0011708097490115959,0.04285262120490706,-0.00221628157420021,0.0001667841176629979,0.002842845937950024,-1.0833877249291684e-15,0.0009507670949143713,-3.8514147367255833e-16,3.009535938613047e-15,3.1786955760162807e-16,-1.6683061843030976e-15,4.4745283787854075e-15,5.220472066750696e-16,8.00007596928982e-16,1.1448913119969423e-14,1.4179458983691968e-15,-2.2391388211994093e-16,1.6813306709407878e-15,-7.0919545004085435e-15,-2.343328990834814e-15,6.60589698373336e-16,0.0,0.0,0.0,0.0,0.0,0.0,0.0,0.0,0.0,0.0,0.0,0.0
-0.0037640051949458784,0.000627176033000908,-6.581841176052581e-15,-2.8940270688470135e-14,5.518696582067017e-16,-0.0025213252002040725,0.04168142041480522,-0.002268772937905109,-0.0029119627606056468,2.8101893874136994e-13,9.039010519470178e-5,3.023024799679983e-5,1.392991973248545e-14,-0.018290727078208002,-0.005758015456860337,-0.00010406517389429702,-4.455091383502017e-5,-0.0007844194158640205,-0.0001097673900046094,1.4423202035703735e-5,-0.00013167290263646253,-0.0003629476721641928,-0.00021711915166141717,-0.0003848361362948789,-0.000209392089509089,-0.0004974100838362968,-4.1110836209077404e-6,-2.2706585398564085e-16,-4.446202132043869e-16,5.765432442332222e-16,-5.112112053968689e-16,-1.2103005896127226e-15,-1.1575114793397679e-15,1.7464844992400382e-16,1.0481058100700208e-15,-3.038354886370891e-16,4.580115630939444e-15,5.998823317829865e-16,-3.472260782161709e-16,-0.030057163443896664,-0.0006185628804332182,0.023927136299002883,0.0045956411416566605,0.0006108465969016305,0.0008644882884234678,0.013814421210814297,0.00606061837840503,0.0014702712616006018,0.03781470775196178,-0.001472193475544606,0.00015601518002576604,0.0018642151011369014,-7.440969807423837e-16,0.0006234718358612168,-2.2004793571378223e-16,1.9328427173867957e-15,1.1058872878692938e-16,-1.1976287902385816e-15,2.4802562638624733e-15,3.31995011026066e-16,-1.9812147048510184e-16,7.458287238077494e-15,8.42265488151012e-16,-3.4702035142464715e-16,1.4564217886726297e-15,-4.984885546625669e-15,-1.421804068514785e-15,3.9816588687510237e-16,-0.0,-0.0,-0.0,-0.0,-0.0,-0.0,-0.0,-0.0,-0.0,-0.0,-0.0,-0.0
0.00019819841885610474,0.0001104755391669152,-2.622392536676131e-15,-6.392022466006036e-15,3.4359296257126587e-18,-0.0004161531891440103,0.009295207685149914,0.0015305180052625537,-0.0005336462645200873,4.29775181591407e-14,5.830768080654193e-5,1.950053766637779e-5,-8.842271899627588e-16,-0.01687279554068736,-0.0035625808126839528,-1.32540261695147e-5,-2.9022141901000378e-5,-0.00011559995629237085,-1.4217023597529109e-5,4.8557235266445175e-6,-1.3788027429823604e-5,-6.034174704362939e-5,-3.0708219992355385e-5,-5.826524018484152e-5,-5.153352335993649e-5,-8.474113177399502e-5,-4.532913030101525e-7,-7.94899813857962e-17,-1.6202532432551596e-16,7.554145057016998e-17,-1.8595737028163273e-16,-3.8819192117178775e-16,-3.8776212146283756e-16,-7.274470601642993e-18,2.8874169758476904e-16,-9.697079799022836e-17,1.1121047554019077e-15,2.800281219576578e-16,-1.0931315180214062e-16,-0.010336285981927679,-0.0024893374098497126,-0.006164245580004415,4.9006161657704683e-5,-0.0003287350430514566,-0.0002116090758464228,-0.0002193499459688767,-0.00017766985925061113,-0.00040041888986234976,-7.99544791885253e-5,-0.0004737281399096493,-4.113992684939914e-6,-0.0031738735623578485,-1.974300494038059e-16,-0.0010614766372921529,5.425619582499057e-17,3.8541813783148256e-16,5.559827620201745e-17,-2.95600481822232e-16,-2.7226722382820717e-16,2.251880629324574e-16,-9.428614650040656e-16,9.826860541181864e-16,1.340116750035376e-16,-4.891819770133138e-16,3.948049721467604e-16,-1.0076383558026114e-15,-2.218336735803939e-16,5.211585957049405e-17,0.0,0.0,0.0,0.0,0.0,0.0,0.0,0.0,0.0,0.0,0.0,0.0
0.006419676968411989,0.0007808021156770421,-1.4976628207837435e-14,-2.6751478391311945e-14,-1.0359870214262692e-15,-0.0029400422642467706,-0.0637416929219944,0.02247480736267576,-0.003771436943982241,1.4926373967213812e-13,0.00041577662189544353,0.00013905316699108777,-1.0123094708461273e-13,-0.10692012174283526,0.012084473896773485,-0.00010356358047166296,-0.00024081212595675875,-0.0007300572286729259,-0.00012501807752407347,-2.8988397431391783e-5,-0.00010304316559869537,-0.0004195590868627175,-0.00022194567350065773,-0.0004046637586283688,-0.00035642337074382515,-0.0005603181474650182,-1.3889559615758966e-6,-7.917554325325724e-16,-1.6498700791070449e-15,-4.594579689722016e-16,-1.693838372619408e-15,-2.54170183837511e-15,-3.3392682991168022e-15,-1.1615595367075192e-15,1.9760686503130922e-15,-7.340054743956523e-16,4.5433552764652285e-15,3.485371663095376e-15,-1.2299555970339396e-15,-0.34880971342513417,-0.00874929102696514,-0.032171507570323256,0.006308653727887785,0.021939473260253844,0.014042241146293684,0.0056789831539879945,0.017438412457929545,0.032303545672402206,-0.07463834891786689,0.03894002944060737,-0.00017535137253547347,-0.022399868920490177,-8.815141096452235e-16,-0.007491457069831249,1.9611573731445119e-16,4.459914948508865e-15,3.121381737917139e-15,8.583391248288964e-16,4.654573394931878e-15,3.819593856627064e-15,3.1706063243807745e-15,1.1296895667746946e-14,3.879005924730405e-15,3.709024564321211e-15,-4.70018317290878e-15,-2.6384619640772307e-15,1.2237756820573188e-15,-5.340329286822655e-16,-0.0,-0.0,-0.0,-0.0,-0.0,-0.0,-0.0,-0.0,-0.0,-0.0,-0.0,-0.0
0.02248815702244104,0.002564346350545209,-2.242736636497784e-14,-6.37812397805496e-14,2.0743957006599704e-15,-0.009615550285892028,-0.05989756991338179,0.05402817491561952,-0.012417494407222307,5.341890699804591e-13,0.001428677883138994,0.0004778098954989122,-1.1474626801399117e-13,-0.30316169359302797,-0.03048514061936573,-0.00034311122006535076,-0.0008460637732209601,-0.0023185065985062703,-0.00041785622883729105,-0.00011430397812701968,-0.00033505490239944466,-0.0013697559226805505,-0.0007289539034213074,-0.0013144655604342983,-0.0011872403015044846,-0.0017955439348521615,-3.5023033663468037e-6,-2.4431688472685995e-15,-4.798305070719755e-15,2.9219391385301136e-15,-5.096412786761218e-15,-8.593777132960366e-15,-1.093793815520663e-14,-1.0543683181031275e-15,7.882332128000665e-15,-2.523642215594947e-15,2.9469742229200004e-14,7.536035155653245e-15,-3.6476981707049884e-15,0.03218119491465871,-0.005021331760895857,0.15665246371897107,0.020701435230865883,0.026737410685934975,0.017447745318843043,0.05143421978021788,0.03561989363227169,0.03885027569215331,0.04366770055397351,0.036026800825475665,0.00044005138353538027,-0.07846887383044988,1.4069909068149016e-15,-0.026243287481119048,-3.8315625562857096e-16,1.8699243249003335e-14,1.4600185162324714e-14,4.016866992924262e-15,3.1462973638884835e-14,1.3010292600005302e-14,3.0985276067887534e-14,4.6890795062008366e-14,1.6375081278886536e-14,1.6015185484641825e-14,-2.4791802986959077e-14,-9.009151654274148e-15,-7.589357080024988e-15,1.9249412168501236e-15,-0.0,-0.0,-0.0,-0.0,-0.0,-0.0,-0.0,-0.0,-0.0,-0.0,-0.0,-0.0
-0.014789631303481411,0.0010205215324072107,1.4416860374497058e-14,-1.4390110865082774e-14,1.82101954756237e-15,-0.004490041298431987,-0.04495460927133993,-0.022716008264478827,-0.004451198146247757,4.46148797285706e-13,-0.00043790992032913413,-0.00014645547170187887,1.6974805410057464e-14,0.166594402102133,0.051563795340038104,-0.000248677347669401,0.0001909654241887793,-0.0015177961298912265,-0.00027002591557304307,-5.944570853188716e-5,-0.00035048834468955623,-0.0006347121671973871,-0.0004632482824810909,-0.0007527260141850586,-0.00013101292815694728,-0.0008144171509963716,-9.083157447959228e-6,2.858964232395043e-17,1.311308246955679e-16,8.892281450962966e-16,2.832557527992745e-16,6.490701934723033e-16,2.9387149724064966e-16,2.1193196735634366e-16,2.827193487235138e-16,7.683251801526571e-17,1.7551503448322378e-15,-7.115233139521244e-16,-1.8202111645615481e-16,0.032504380938858664,0.031985487654555333,0.13738978266858015,0.017758646907244508,0.021387673944649438,0.015361584840153422,0.05018293766581209,0.03352573146158664,0.032251681541169946,0.07011554502493338,0.028677182868153486,0.0004203019514878853,0.05166684858835415,8.905425382920836e-17,0.01727956442543282,-1.9461518357110953e-15,4.190979107599567e-15,1.955774464451406e-15,1.4380832992045563e-15,2.0619830070266527e-14,-1.66149156869731e-16,2.189021474981605e-14,2.109818981483718e-14,4.053522058691083e-15,1.0949189470495049e-14,-5.841134804247915e-15,-2.7307255748351514e-15,-1.6327370072433675e-15,5.299428674087019e-16,0.0,0.0,0.0,0.0,0.0,0.0,0.0,0.0,0.0,0.0,0.0,0.0
3.239690812509734e-5,1.7044700167698977e-5,1.5228657354116367e-15,2.709567521060235e-16,4.3342018763208003e-16,-6.455124149021092e-5,0.0015184119715728763,0.00024964994713329894,-8.309380124219977e-5,4.7423649467404574e-15,9.21258227332169e-6,3.081074484980487e-6,1.757734835554867e-14,-0.0018419185303981196,-0.001491853432488023,-1.5766524988328455e-6,-3.4481729372537464e-6,-2.0305851074136658e-5,-1.634942457074886e-6,2.4421068861801585e-6,-1.7029395355526149e-6,-9.477426789883204e-6,-3.913077967236192e-6,-9.185451559550329e-6,-8.358761452094698e-6,-1.5176748074087295e-5,-2.711404278383782e-7,2.5065850389142436e-17,8.395930036096023e-17,3.3944803873798736e-16,8.74148033165534e-17,1.0160242572001633e-16,7.045335874486797e-17,1.8398846864533373e-16,1.0978539636983615e-16,1.2897037682014366e-17,1.0236532910963159e-15,-4.085592868768861e-16,1.3026259275651646e-17,-0.001690064933276347,-0.0004071436186192271,-0.0010076687977119074,7.989567572601965e-6,-5.375697130789987e-5,-3.462885220046075e-5,-3.582069918329325e-5,-2.908623117488203e-5,-6.545798149452489e-5,-1.317594459599679e-5,-7.742057660326283e-5,-6.719048992471166e-7,-0.0005202037289408109,2.268511767761351e-16,-0.0001739779780335463,-2.6387326135929033e-17,-5.377920324690523e-17,-4.5825211473475786e-17,-1.263094125635224e-16,-1.3886872902675668e-17,-6.622218332214347e-17,-2.0326008282124554e-16,-4.4351600256457735e-17,-1.0353665976536857e-16,-2.455569728897349e-16,2.4988178910337025e-16,-2.7330669192347013e-16,-1.033333576836796e-15,3.413653381827041e-16,-0.0,-0.0,-0.0,-0.0,-0.0,-0.0,-0.0,-0.0,-0.0,-0.0,-0.0,-0.0
0.00016578203373735875,9.208953331628453e-5,-2.44954366024153e-16,-4.046030754703318e-15,4.354299581298883e-16,-0.0003473988547503952,0.007773884232939264,0.0012797301357750199,-0.0004454776734260916,3.3929998017836196e-14,4.858335838859877e-5,1.624831578100721e-5,1.6993950822222525e-14,-0.015015935623696549,-0.002070798303200932,-1.0621046550234815e-5,-2.308208282790525e-5,-9.886812737606657e-5,-1.1347695586276905e-5,5.6632888232304585e-6,-1.1131163689613595e-5,-5.047996965895619e-5,-2.4824263017553258e-5,-4.881145259197376e-5,-4.327341347593831e-5,-7.270884574051822e-5,-5.792400228696833e-7,-2.8794335481632244e-17,-2.588466526276056e-17,3.9016341930955126e-16,-3.855690794781188e-17,-1.610225993227766e-16,-1.9208558790106774e-16,1.7871868128173406e-16,3.049940457981392e-16,-5.2728344960220935e-17,1.774536796377829e-15,-2.184008405251073e-16,-6.103543300840855e-17,-0.008646362704290514,-0.002082458748456995,-0.0051561205781435575,4.097584305223976e-5,-0.000274995097934307,-0.0001770298511964493,-0.00018343316495034306,-0.00014865117936683868,-0.0003349344405616771,-6.697148292391691e-5,-0.00039623502760182934,-3.4405764416450216e-6,-0.002656199129472683,9.298691037559652e-17,-0.00088834456210872,9.715819779553522e-18,2.0950054958508138e-16,-5.883298909455713e-18,-3.240898133225151e-16,-1.8674174174354773e-16,8.713195176296932e-17,-8.278019282339661e-16,6.29987370245809e-16,-9.877115967436784e-18,-5.694452518113346e-16,5.103010467888386e-16,-9.531349807970326e-16,-1.1820846855614522e-15,3.760950049141683e-16,-0.0,-0.0,-0.0,-0.0,-0.0,-0.0,-0.0,-0.0,-0.0,-0.0,-0.0,-0.0
0.00783414253856972,0.0015426791394773322,-1.8991376372745154e-14,-4.184719416391827e-14,-8.014558237343748e-16,-0.005940930967968938,-0.07227868432215397,0.026613178542459513,-0.007348470384842416,2.2393279471548228e-13,0.0006172326696350502,0.00020642853148134568,-1.5442321112025105e-13,-0.13016848575170695,0.01358784870913053,-0.00023135301072977162,-0.00037847606961279127,-0.0015418979264699858,-0.0002739082682104603,-7.187369446642701e-5,-0.0002510886234574374,-0.0008460375854433414,-0.000478555106773608,-0.0008454684455604053,-0.0006322992674709718,-0.0011104711837730324,-2.9179465765584078e-6,-1.462408547777657e-15,-3.0094020873398095e-15,-7.20936221380984e-17,-3.1392879273112616e-15,-4.956445276527825e-15,-6.2633604398865705e-15,-1.6211720496225972e-15,3.815159578534237e-15,-1.4086555786415611e-15,1.0850079807136876e-14,6.064554697630063e-15,-2.1624997187270838e-15,0.019525626575851048,-0.4575397797700844,0.035344774857443674,-0.03680724165223111,0.02464164761240731,0.010946953116505564,0.0007838211295507597,0.01939229078311112,0.036264189185661044,-0.10013497631229414,0.04417905601289401,0.00045440389283093536,-0.027314238880178074,3.1986446468031463e-16,-0.009135028811663174,-3.2676516842132373e-16,1.0665407959368954e-14,7.998304235268545e-15,2.8442076458734995e-15,1.847760633255588e-14,7.310274686024291e-15,1.832503891979931e-14,2.771923777831413e-14,9.69740880050044e-15,1.1613974314922875e-14,-1.4455744835729762e-14,-5.083987693766217e-15,8.640820308743532e-16,-5.937292207100614e-16,-0.0,-0.0,-0.0,-0.0,-0.0,-0.0,-0.0,-0.0,-0.0,-0.0,-0.0,-0.0
0.007680637130277596,0.001162695381915873,-1.488300142177445e-14,-3.143824735835841e-14,-6.795818754351627e-16,-0.004429205091230136,-0.06880496435200069,0.025769436788886702,-0.005576861222283741,1.222830355301353e-13,0.0005410825286988523,0.00018096072567941752,-1.2123297717348722e-13,-0.123640366440279,0.009687334034473099,-0.00016734184719867075,-0.00032909838055659036,-0.0011083018969003237,-0.0002016576350928179,-5.9579722651397476e-5,-0.00017414864858408715,-0.0006300767421300099,-0.00034833791039229095,-0.0006193476959786413,-0.0005014443503798005,-0.0008246918289839795,-1.9296784773143404e-6,-1.1395452764864388e-15,-2.334596385165739e-15,-9.219648661855102e-17,-2.4061044063129566e-15,-3.729122159040059e-15,-4.816224588459817e-15,-1.2917868694672493e-15,2.9433162352628735e-15,-1.0766340440591561e-15,8.277466124000433e-15,4.589650826775958e-15,-1.6784201275376505e-15,0.011075589506671861,-0.12565632874822655,-0.017144271137977302,-0.05435186042105575,0.020875764331141265,0.006895585289167161,-0.020217520938175956,0.009941133014000321,0.03068332036441602,-0.14925051773169776,0.041959636220415805,0.00039180842306379564,-0.026791680443147465,-1.9979387440620923e-17,-0.008960263320336687,-1.9264756541525777e-16,8.103777991784004e-15,6.0218631906186766e-15,2.069244509355982e-15,1.3844799784435837e-14,5.663668561339994e-15,1.3625499678993395e-14,2.0619323466893786e-14,7.353379891542351e-15,8.452296441980293e-15,-1.1139785280968307e-14,-3.043848960090949e-15,4.2488699636757103e-16,-3.835973767206545e-16,-0.0,-0.0,-0.0,-0.0,-0.0,-0.0,-0.0,-0.0,-0.0,-0.0,-0.0,-0.0
0.007813570795939112,0.0015335977972244113,-1.8914169308551674e-14,-4.1617878837681324e-14,-7.997874867861184e-16,-0.0059052421209469744,-0.07185540298603758,0.026507867860348765,-0.0073057364224582465,2.2223870056171483e-13,0.0006146816261686972,0.00020557535539002944,-1.5385035329878464e-13,-0.12981549933317185,0.01354347692781369,-0.00022986892784054592,-0.00037681301771934773,-0.0015321836049232158,-0.00027218247290729003,-7.143594433508507e-5,-0.00024937483119944756,-0.0008409611280978005,-0.0004755505283830694,-0.0008402439155966415,-0.0006289444614891801,-0.0011038314516898797,-2.8916369141096245e-6,-1.4550694915840776e-15,-2.994396921930968e-15,-7.289915002972706e-17,-3.123823139869304e-15,-4.932290784222402e-15,-6.232148070194383e-15,-1.6132758710885671e-15,3.795541516905328e-15,-1.401649906726331e-15,1.0793018614953387e-14,6.0349096752084164e-15,-2.1513554836770337e-15,0.01938507193385191,-0.45526771275390515,0.03498924208795223,-0.03664400870102226,0.024489535074930922,0.010871835364367623,0.0007152662125166944,0.01925109491854982,0.036039331941963695,-0.09971896037039983,0.043918783511599564,0.00045156552501391013,-0.027242644654600696,3.180697777799855e-16,-0.009111084695326331,-3.2262276908482905e-16,1.060626394644612e-14,7.955456821101705e-15,2.8280294855803654e-15,1.83580853992784e-14,7.27361180324586e-15,1.8204627491712837e-14,2.755251601345256e-14,9.643316713408983e-15,1.1541400457783696e-14,-1.437536806345251e-14,-5.0548454145945915e-15,8.618974204463068e-16,-5.914443909631471e-16,-0.0,-0.0,-0.0,-0.0,-0.0,-0.0,-0.0,-0.0,-0.0,-0.0,-0.0,-0.0
-3.547249003500256e-8,2.5653074861504386e-5,-1.3061365511043114e-15,-3.1619714428125563e-15,4.0174659648678566e-16,-0.00010004863147231418,-2.0734784427095123e-5,7.470166611734893e-6,-0.00011553413002485027,-7.688215435352819e-14,2.9318454732785766e-6,9.805322776503702e-7,4.344127652693536e-15,-0.00024901272911482397,-1.6622222469374378e-6,1.6662257616177897e-7,8.915881290525181e-6,-5.177999125461844e-5,1.877144756052838e-6,1.2067224934876606e-5,-6.328117728424275e-7,-1.6740131048765514e-5,-4.286487851080882e-6,-1.686382508252929e-5,-1.0261101935321008e-5,-3.6868681856048884e-5,6.528807343973234e-7,-1.2442505561448676e-16,-2.060977933136559e-16,3.857365268516294e-16,-2.5986100308199556e-16,-5.288950122615138e-16,-6.607247648296211e-16,1.5282296480656527e-17,5.395638954605618e-16,-1.497165568988094e-16,2.407235860839617e-15,2.753725738748767e-16,-2.3109472929111856e-16,2.855224770941772e-7,2.0879734336509538e-7,5.745532121721036e-6,-2.5366135196978343e-8,-1.522297067713168e-7,1.1561627991712199e-7,2.750480343485052e-7,3.158586153539264e-7,1.9863753562773915e-7,1.1804295243479411e-6,1.2198096421724798e-7,-1.1715285305712313e-9,7.5702008793702596e-6,7.984675134950347e-16,2.5317931538211016e-6,5.156974661097311e-17,8.001329763783133e-16,8.815216602767055e-16,4.488026251328854e-16,2.302614977238878e-16,9.202092601360171e-16,-5.656771116227431e-17,6.429567042221907e-16,8.197157253944543e-16,5.204229423296392e-16,-9.337081225775228e-16,-1.6504703046403612e-15,-9.821750562689907e-16,2.776248343312508e-16,-0.0,-0.0,-0.0,-0.0,-0.0,-0.0,-0.0,-0.0,-0.0,-0.0,-0.0,-0.0
-3.518545921905544e-8,2.5653059701172364e-5,-1.3061366687226155e-15,-3.1619716850704552e-15,4.0174662090050783e-16,-0.00010004857555499539,-2.07417029618718e-5,7.470899917971443e-6,-0.0001155340553948941,-7.688216368380034e-14,2.93183510023127e-6,9.805288084627678e-7,4.391128342222616e-15,-0.00024901156441684106,-1.6617297060031148e-6,1.6662472012868e-7,8.915888177719645e-6,-5.177998049410713e-5,1.8771475930059216e-6,1.2067226900550262e-5,-6.328098747032703e-7,-1.6740123298457567e-5,-4.2864835602444664e-6,-1.6863817898966552e-5,-1.0261094442324785e-5,-3.686867263706057e-5,6.528808077492475e-7,-1.2442505981307175e-16,-2.060977991256986e-16,3.8573651993923475e-16,-2.59860996180973e-16,-5.288949604856294e-16,-6.607247553609069e-16,1.5282259623005033e-17,5.395639017384075e-16,-1.4971655261349717e-16,2.407235776718662e-15,2.753725827591691e-16,-2.3109475259445013e-16,2.854266505922686e-7,2.0191528991650099e-7,5.744374773334577e-6,-2.6116698413140186e-8,-1.5214398524550748e-7,1.1558371966793087e-7,2.744606588865118e-7,3.1573268758306465e-7,1.9875655801837722e-7,1.1782223553535671e-6,1.2225116462871694e-7,-1.1700857269767817e-9,7.5708137287980815e-6,7.984675478753555e-16,2.531998116430248e-6,5.15697188597662e-17,8.001329460102499e-16,8.815216296275405e-16,4.488025991221872e-16,2.3026145734476884e-16,9.20209257187681e-16,-5.656769545357389e-17,6.429567147499225e-16,8.197157405122161e-16,5.204229768692704e-16,-9.337080350638312e-16,-1.6504703185371944e-15,-9.821749613092855e-16,2.776248338997563e-16,-0.0,-0.0,-0.0,-0.0,-0.0,-0.0,-0.0,-0.0,-0.0,-0.0,-0.0,-0.0
-7.064800871879736e-8,5.13076189997882e-5,-2.6148182656984713e-15,-6.325708843134333e-15,8.029462651085541e-16,-0.00020010233095118165,-4.1475100279934935e-5,1.4941984313436222e-5,-0.00023107424289603676,-1.537635332092281e-13,5.864078175178573e-6,1.961194060830313e-6,8.638852701828232e-15,-0.0004980402754285306,-3.3239500538513933e-6,3.3257855711215207e-7,1.7830400394704415e-5,-0.00010355896025897889,3.7535541563493944e-6,2.413267284137539e-5,-1.2662436810282945e-6,-3.348091037718226e-5,-8.57433675748636e-6,-3.372822630852748e-5,-2.0522383818304075e-5,-7.373625059829564e-5,1.3060340901531178e-6,-2.4890206583344834e-16,-4.1234255113004926e-16,7.710617679426674e-16,-5.198798119029881e-16,-1.0580151553004346e-15,-1.3216377323583789e-15,3.0326727059701805e-17,1.0790604212879933e-15,-2.994737186180901e-16,4.81344749512646e-15,5.51336144064893e-16,-4.622348544051884e-16,5.710472649079531e-7,4.1092855223838427e-7,1.1489764277945802e-5,-5.145300302475953e-8,-3.043669812845408e-7,2.3123458803916498e-7,5.494572676436077e-7,6.31643577834609e-7,3.973814615024869e-7,2.3588192506215718e-6,2.4418700206302285e-7,-2.342624140322598e-9,1.5142834273795824e-5,1.5966225042792587e-15,5.064399842858016e-6,1.031865132557372e-16,1.6004340277682542e-15,1.7631347644434378e-15,8.97716312134923e-16,4.604817513084797e-16,1.840573532486261e-15,-1.1308121350271102e-16,1.2861845638552679e-15,1.6396115109601064e-15,1.0410686100680815e-15,-1.8676748228467913e-15,-3.3008421079929898e-15,-1.963091524195131e-15,5.548283765692167e-16,0.0,0.0,0.0,0.0,0.0,0.0,0.0,0.0,0.0,0.0,0.0,0.0
-9.88870120296284e-9,-6.080029537047808e-7,1.949526709507555e-15,1.3046097850305415e-15,4.334742455038466e-16,1.8542364135916822e-6,-1.4912116818422262e-6,-5.57716330618165e-7,2.250345701790142e-6,-2.243722146283685e-15,-2.465619703850081e-7,-8.246067994111467e-8,1.7787450887723498e-14,7.124206235803361e-6,-3.9132588572690455e-8,5.23085206975367e-7,1.2531274838623788e-6,-1.8864010929230266e-6,6.133967601082122e-7,1.6385915621224142e-6,4.698076824746651e-7,1.538611465157492e-7,9.696362675208102e-7,9.474813413576642e-8,-7.24848582658158e-8,-1.6412616007930768e-6,-1.9787142805915408e-7,3.771663866423269e-17,1.0979424595035956e-16,3.2772727012313793e-16,1.170841435984443e-16,1.6370680149382319e-16,1.3218225484937463e-16,1.8509806467634863e-16,6.381298708455912e-17,2.8367838401655855e-17,8.468348012498193e-16,-4.53294823969161e-16,3.0339145885020914e-17,-6.94924907782339e-8,-1.3185407050594623e-7,2.391668453299984e-7,-2.01882782391933e-8,-8.685715338774666e-9,-2.4156869388348563e-8,4.883447589210727e-8,-3.308216356522696e-8,1.3726999570708649e-8,-9.43819425445724e-8,3.6628725332e-8,7.562570024572997e-10,-1.2542472829295462e-6,2.5980061282244496e-16,-4.194729791063226e-7,-3.54560359301815e-17,-1.1359795032225709e-16,-5.233246334939508e-17,-7.676716633532419e-17,3.690601286097586e-17,-1.0087605142871651e-16,-4.330564463190661e-17,-1.9699156765346144e-16,-1.2245803870871694e-16,-1.6195126333104657e-16,1.8111613360153788e-16,-1.1161626428724816e-16,-9.986182720958805e-16,3.332085990617609e-16,-0.0,-0.0,-0.0,-0.0,-0.0,-0.0,-0.0,-0.0,-0.0,-0.0,-0.0,-0.0
-7.03591525175624e-8,5.130760376071424e-5,-2.6148183844024663e-15,-6.3257090868297985e-15,8.029462896024028e-16,-0.0002001022747326465,-4.148205392875281e-5,1.4942722072113619e-5,-0.00023107416788647626,-1.537635425927164e-13,5.864067764678663e-6,1.9611905790988244e-6,8.754453621878037e-15,-0.0004980391107434478,-3.3234545012533925e-6,3.3258071401741407e-7,1.7830407309205204e-5,-0.00010355894943285815,3.753557009536618e-6,2.413267481728083e-5,-1.2662417695513922e-6,-3.348090258566248e-5,-8.57433244146168e-6,-3.37282190840459e-5,-2.052237629175625e-5,-7.373624132967563e-5,1.3060341651742275e-6,-2.4890207007048835e-16,-4.123425570082849e-16,7.710617609771687e-16,-5.198798050079006e-16,-1.0580151033300366e-15,-1.321637722918109e-15,3.0326689992259545e-17,1.0790604276354762e-15,-2.9947371432842707e-16,4.8134474106667435e-15,5.513361530769229e-16,-4.622348778479718e-16,5.709505553965632e-7,4.040058173459671e-7,1.1488598847286381e-5,-5.2208126475715277e-8,-3.0428095325131085e-7,2.312016942792194e-7,5.488659680926666e-7,6.3151659318233e-7,3.9750088406361353e-7,2.3565984238114206e-6,2.44458526708889e-7,-2.341176879940334e-9,1.514344895647561e-5,1.5966225388352357e-15,5.064605418598351e-6,1.031864853964242e-16,1.6004339972882456e-15,1.763134733692413e-15,8.977162859973933e-16,4.604817105472419e-16,1.840573529608869e-15,-1.1308119791721634e-16,1.2861845743556922e-15,1.6396115261885755e-15,1.0410686447094511e-15,-1.8676747349426843e-15,-3.3008421219666936e-15,-1.9630914287111853e-15,5.548283761183786e-16,-0.0,-0.0,-0.0,-0.0,-0.0,-0.0,-0.0,-0.0,-0.0,-0.0,-0.0,-0.0
-9.888947309031826e-9,-6.080029704412805e-7,1.9495267101767993e-15,1.3046097850647854e-15,4.3347424560937375e-16,1.8542364572464747e-6,-1.4912207040067607e-6,-5.577166041429322e-7,2.2503457973310703e-6,-2.2437221486632445e-15,-2.4656200951618e-7,-8.246069302309696e-8,1.7723753906574845e-14,7.124217725682628e-6,-3.913280757189988e-8,5.230852063832987e-7,1.2531275055410968e-6,-1.8864010964769393e-6,6.133967604505183e-7,1.6385915642220283e-6,4.6980767873991276e-7,1.5386115295230458e-7,9.696362677427945e-7,9.474813590508812e-8,-7.248484033950855e-8,-1.641261593472399e-6,-1.978714283491532e-7,3.771663868761794e-17,1.0979424600454867e-16,3.277272701444551e-16,1.1708414367638864e-16,1.6370680167624446e-16,1.3218225499048434e-16,1.8509806466652808e-16,6.38129870291528e-17,2.8367838436530016e-17,8.46834800991672e-16,-4.532948240966837e-16,3.0339145890275295e-17,-6.949194790785618e-8,-1.318533632561553e-7,2.3916905301616297e-7,-2.018799319895015e-8,-8.685387111166903e-9,-2.4156628636113647e-8,4.883529708356792e-8,-3.308162458076939e-8,1.3727498057023961e-8,-9.438068759646392e-8,3.6629157057532546e-8,7.562636894135603e-10,-1.2542443341155229e-6,2.59800612865306e-16,-4.194719929190152e-7,-3.545603602146741e-17,-1.1359795043287136e-16,-5.233246347975274e-17,-7.676716637796824e-17,3.690601310651335e-17,-1.0087605157716434e-16,-4.330564426988676e-17,-1.9699156750386898e-16,-1.2245803874620578e-16,-1.619512631621982e-16,1.8111613380614518e-16,-1.1161626429468325e-16,-9.986182720432065e-16,3.332085990900663e-16,0.0,0.0,0.0,0.0,0.0,0.0,0.0,0.0,0.0,0.0,0.0,0.0
-0.003969694807030117,-5.6003533483134085e-5,5.702558757075149e-16,-8.114013708736345e-16,3.581664825017117e-16,0.00012626025545623716,0.0038522532241995226,-0.006842257498104735,0.00034102516655641667,-1.1183347708480577e-13,-0.00016571228429609924,-5.542114858674822e-5,7.89088854528783e-15,0.00914301937709721,0.001850971855486497,-1.223500063628332e-6,0.00010398832306263244,-5.799764932499301e-5,4.962627438439885e-6,1.8769613023032052e-5,-1.5127897116802115e-5,1.5073576298977635e-5,-1.1111872222683515e-6,-3.618281632751426e-6,6.86143056571291e-5,3.288084488367392e-6,2.23183842066111e-7,5.814384854690173e-18,1.523819269420869e-17,2.0324472439306766e-16,2.893099661823081e-17,-4.220728895207958e-18,1.3728691610115396e-17,9.965585006859696e-17,6.447769015176253e-17,-1.1884212127415364e-17,5.87860887312105e-16,-1.1413058330293814e-16,-6.3735825758667e-18,-0.0006432897448774163,-0.02534214446289579,-0.007842652147937392,-0.0014725565862936062,0.00011025031156350702,0.00020844798764106727,0.00033258623965718353,0.0007887288319075654,0.0003202026608733358,0.003861202489260566,0.0002352549132424154,1.063862758004002e-5,0.012605500029401757,1.2096552985384818e-15,0.004215808701789913,-1.2493596076738222e-16,8.037656871395606e-17,2.0315790033100933e-16,4.380769100540384e-16,-2.444543418542359e-17,1.4136646080454135e-16,-2.6824724415341087e-16,-5.383435297342217e-16,2.592007887386833e-16,7.556613217795866e-16,-1.9755231694883092e-17,-1.858827787426769e-15,-3.2884252745374295e-16,7.86164777860481e-17,0.0,0.0,0.0,0.0,0.0,0.0,0.0,0.0,0.0,0.0,0.0,0.0
-0.014391025223871432,0.0004597619996057735,-2.607734213954435e-16,-2.3027369967672276e-14,3.8292669387642365e-15,-0.002157023847834277,0.025159992939002396,-0.022055078579286624,-0.001863081097324994,-4.2969978447202197e-13,-0.0004418830887594529,-0.00014778426611392078,5.762283906652104e-14,-0.0705703747925229,-0.016376745295282585,-0.00010421192508308537,0.0002994914856400593,-0.0009963945072880643,-9.144820657367061e-5,7.657315732417424e-5,-0.00017440840732942998,-0.00032429550731807264,-0.0002169627392020038,-0.00040495474952157275,6.9023924078697456e-6,-0.0005176982180063971,3.656855175481931e-7,-6.942460076000451e-16,-1.2837745919357184e-15,3.00775394926245e-15,-1.2895993794855455e-15,-2.6386148263939717e-15,-3.2629293562815385e-15,8.121015989091643e-16,3.171360705906456e-15,-8.713131707571908e-16,1.5668518978244673e-14,7.460020451482953e-16,-1.1140689380679067e-15,0.006372301633139609,0.18398473329680043,0.03518581656381011,0.02537003338850173,0.004577357378159306,0.006748049123051387,0.0359343092566298,0.01773027444736543,0.007396617905054879,0.11000880545163767,0.0005039539663126406,0.00010316544560869081,0.04237424470484886,7.756653647226055e-15,0.014171727352459893,-9.194204010659915e-16,6.458937772912138e-15,5.861891525749574e-15,3.4122407612543136e-15,1.0212739744087374e-14,4.795561544121911e-15,8.78003215607901e-15,1.1801786474437983e-14,6.528806248203907e-15,8.325622005572712e-15,-7.774543898827015e-15,-1.3713634414105019e-14,-6.879427903080997e-15,1.9180120264641943e-15,-0.0,-0.0,-0.0,-0.0,-0.0,-0.0,-0.0,-0.0,-0.0,-0.0,-0.0,-0.0
-0.01032504229902908,0.00045103943448138753,-1.2170860624392513e-15,-1.992651235203918e-14,2.7879820208732994e-15,-0.002031301949313208,0.017865629673176026,-0.015848567858233933,-0.0019003484825406334,-2.703134967476686e-13,-0.00029532072791620665,-9.876765631889502e-5,3.37253811714227e-14,-0.0506327271756913,-0.010266182587842858,-9.556844816935919e-5,0.0002003798950695415,-0.0008547004636100426,-8.890505856944708e-5,5.124078073577996e-5,-0.00015036822902101782,-0.0003017712448249613,-0.00019785404314092987,-0.0003632741357559227,-3.589533130791507e-5,-0.0004623744666051585,-6.71497190234017e-8,-5.982880386202621e-16,-1.1239461726161796e-15,2.223214441942406e-15,-1.1491525807545937e-15,-2.2778205747448953e-15,-2.797016817069472e-15,5.063722268736582e-16,2.5735795008215395e-15,-7.306815989682339e-16,1.2239628575678089e-14,9.524148344220087e-16,-9.539729568846617e-16,0.007709675200215169,-0.06265962562260952,0.04644792619231602,0.02616622676683302,0.004362656504932875,0.006295379211603444,0.034406168719786356,0.016221393768514326,0.006906411493892308,0.10094396696124365,0.0004298230183600849,9.09009247835655e-5,0.030449651409197174,5.671918989750202e-15,0.010183642463818612,-7.279397551848573e-16,5.491524852547008e-15,4.8551808201961155e-15,2.673512964678065e-15,8.989918680363477e-15,3.9532418076146045e-15,8.072357038302091e-15,1.0879163785442578e-14,5.457168327855835e-15,6.976048545583267e-15,-6.667909014067806e-15,-1.0493687644557238e-14,-4.9316202450725936e-15,1.3588725473891272e-15,0.0,0.0,0.0,0.0,0.0,0.0,0.0,0.0,0.0,0.0,0.0,0.0
0.0005732498679763094,4.677503357055437e-5,-3.274341074856127e-15,-4.3850344840385665e-15,2.410206661159022e-16,-0.00015950901829877757,0.0037292740969293147,0.002012160164134675,-0.0002319945116296117,-9.958194812081442e-14,4.4249649887865666e-5,1.4798941622053873e-5,-5.350184574665378e-15,-0.038468864844594844,-0.010892528173142254,6.968280058277933e-7,-1.3100990294024345e-5,-5.471373942323269e-5,1.9720342556625583e-6,1.2730681764019329e-5,2.9531105965478004e-6,-2.5655227982745235e-5,-5.422266578574668e-6,-2.1156535816565032e-5,-3.0173778692501e-5,-4.866639353292684e-5,1.0029612767098353e-6,-2.0768218045112444e-16,-4.1579025939093736e-16,3.0161085414787125e-16,-4.455885607363414e-16,-8.121400276293732e-16,-9.517374244899622e-16,-3.2347311232236795e-17,6.869781453451669e-16,-2.342405874242514e-16,2.7622569995864395e-15,6.34626117828424e-16,-2.906912860939417e-16,-0.0018705660276713766,-0.026345054280354285,-0.010422134815832816,-0.0016990148903051937,-0.0002681517371843897,-0.00024150411332504254,-0.0015928912995789113,-0.0004644372954499523,-0.0004059629667834873,-0.0018778036196496514,-0.00026863580128683103,-5.769849839570075e-6,-0.003076601068091087,1.0752971021099987e-15,-0.0010289446292973355,1.0202585969594832e-16,1.137615751298734e-15,1.1461881323262912e-15,4.877637999274011e-16,1.0900324357473715e-16,1.2241500477697602e-15,-2.6712924192548316e-16,9.545394439425515e-16,1.0904402849118422e-15,5.7758327654355e-16,-1.3857471117162004e-15,-1.8945932814989435e-15,-7.014005575774143e-16,1.6144523631284296e-16,-0.0,-0.0,-0.0,-0.0,-0.0,-0.0,-0.0,-0.0,-0.0,-0.0,-0.0,-0.0
0.00703221343289612,0.0013803479931197877,-1.7017192575794453e-14,-3.7461314286329027e-14,-7.166978107084903e-16,-0.005315153031991277,-0.0646699335794251,0.0238571010455036,-0.0065756671335954866,1.9982490802354236e-13,0.0005532288191116413,0.00018502295539523386,-1.383744261017337e-13,-0.1168344844750845,0.012189122484607963,-0.00020688814474005492,-0.00033911194355230276,-0.0013791533389961549,-0.00024496764865683464,-6.426051256982675e-5,-0.00022444710207856773,-0.0007569334635586442,-0.00042801895191831285,-0.0007562899178958479,-0.0005660918902104894,-0.0009935819432948594,-2.6015978851849993e-6,-1.3097629770440659e-15,-2.695084591914801e-15,-6.302531785821645e-17,-2.811673951487647e-15,-4.439870893836728e-15,-5.610263329139572e-15,-1.451069341278473e-15,3.417835964772918e-15,-1.2617952957099233e-15,9.724534459879357e-15,5.430166365393296e-15,-1.9367506599453517e-15,0.017446566764269294,-0.4097409407638397,0.031490338921921934,-0.03297960758394092,0.022040581213133747,0.00978465281970638,0.0006437411348007479,0.01732598657707533,0.03243539967450456,-0.0897470606873121,0.039526905910762376,0.0004064089748246486,-0.024518363499860238,2.8892366572123684e-16,-0.008199970644197342,-2.905290591886956e-16,9.5479971413648e-15,7.16243470930744e-15,2.546342433788911e-15,1.65256066033433e-14,6.548530693702896e-15,1.6386425538915603e-14,2.480024790839295e-14,8.681293438029607e-15,1.0388534638882912e-14,-1.294055393859029e-14,-4.554111352088517e-15,7.68222282537063e-16,-5.299842435354098e-16,0.0,0.0,0.0,0.0,0.0,0.0,0.0,0.0,0.0,0.0,0.0,0.0
0.022488135576962276,0.002562661587143727,-2.2251779848889785e-14,-6.367169915608577e-14,1.878962234863369e-15,-0.009609950252973063,-0.05989183356687496,0.05402539710732413,-0.012411558920601758,5.732528687354066e-13,0.001429180344451886,0.00047797793966772794,-1.1713735813194778e-13,-0.30304214125019224,-0.030484920453735014,-0.00034493812376194973,-0.0008510877195158994,-0.0023076022899702125,-0.00042031050137437373,-0.00011893262465459642,-0.0003370304848757305,-0.0013678932446106156,-0.000730750047631651,-0.0013128956231663383,-0.0011860718266343423,-0.0017860530067583147,-3.911441378771036e-6,-2.3912159982883215e-15,-4.7140356275065404e-15,2.7259620465034622e-15,-4.9851546214073745e-15,-8.363431790281268e-15,-1.0643381017097477e-14,-1.0774023017298015e-15,7.640922778816592e-15,-2.4580542585916413e-15,2.833281735637404e-14,7.44329395614295e-15,-3.5500514331236363e-15,0.032181383384134836,-0.00502133322324732,0.15665126123715564,0.020701493707245573,0.02673746485014943,0.017447875264368962,0.0514342447795575,0.035619852178569104,0.03885026519814619,0.04366735541227967,0.03602681242532731,0.00044005286515425896,-0.0784721536545736,9.048872689322546e-16,-0.026244384392071798,-4.3305200863960704e-16,1.83547902796853e-14,1.4106558834003539e-14,3.681835023972784e-15,3.139981992667093e-14,1.252375379884244e-14,3.1054031502380215e-14,4.675329236326903e-14,1.597527779659026e-14,1.5616617307307484e-14,-2.420050294151821e-14,-8.267406825969248e-15,-7.043075444869819e-15,1.778893195196369e-15,0.0,0.0,0.0,0.0,0.0,0.0,0.0,0.0,0.0,0.0,0.0,0.0
-0.014789672403824844,0.0010334891559331066,1.4057541457307559e-14,-1.4877055288401516e-14,1.7704700188608402e-15,-0.004541680202179538,-0.04495859260360345,-0.022714936693110158,-0.004511431622878566,4.4787677221584315e-13,-0.000435531522730957,-0.00014566003564084332,1.3779883669222181e-14,0.1437807744195153,0.07436163899331258,-0.00025090364591971975,0.00018932091082345283,-0.001532486205744303,-0.0002725470822412964,-6.005360806630876e-5,-0.00035315876189013416,-0.0006420899222903078,-0.0004677766260756117,-0.000760463288282931,-0.00013537069456062923,-0.0008240665050007781,-9.080968028317173e-6,1.193971682082365e-17,9.327177377577777e-17,8.557569268594758e-16,2.418110005642747e-16,5.817621917582721e-16,2.221550506300099e-16,1.7998683161346662e-16,3.0969615685330833e-16,6.060695689364446e-17,1.7691297309095944e-15,-6.058195182957436e-16,-2.0366472257422903e-16,0.03250479365359173,0.031985670181399244,0.13739142073302138,0.017758737168280747,0.021387678925738757,0.015361798429274869,0.05018311237488167,0.03352586640897692,0.03225178026940588,0.07011584061755173,0.02867726002932384,0.00042030257510844275,0.051667692413404555,8.268641346094093e-17,0.017279846635974646,-1.9468092433586277e-15,4.305958470563896e-15,2.0459600709154323e-15,1.4860839475737241e-15,2.080313421085971e-14,-8.572248628134052e-17,2.208654688312735e-14,2.1376590323094147e-14,4.164271714751573e-15,1.1096321660026163e-14,-6.007273564843111e-15,-2.8002055981885847e-15,-1.5139496521492442e-15,4.865155118430872e-16,-0.0,-0.0,-0.0,-0.0,-0.0,-0.0,-0.0,-0.0,-0.0,-0.0,-0.0,-0.0
0.00012404528866253394,8.379591520592677e-6,1.2410621640682124e-15,3.7937594710655287e-16,4.843958087081062e-16,-2.813104741665757e-5,0.0008058700783425848,0.0004348011558484083,-4.266557377340195e-5,-2.4128501979748832e-14,9.119277490404146e-6,3.049869446368714e-6,1.6590451077247402e-14,-0.0055913512527101675,-0.005083163607474655,8.717383132124762e-7,-1.4295942407045564e-6,-1.2452684288126915e-5,1.2688097245621835e-6,4.453686956797383e-6,1.346621161677465e-6,-4.754414901004127e-6,1.893802687434387e-7,-3.806209298650331e-6,-6.2201973415571145e-6,-1.1332446472565064e-5,2.374669999498898e-8,-6.6076471623928055e-18,2.1024940149332083e-17,3.9180667263519405e-16,2.1935710547566462e-17,-9.72079080903634e-18,-7.088831578554879e-17,1.7813904779872794e-16,2.102704409156353e-16,-2.1650319061125286e-17,1.4355169604925256e-15,-3.1768184268531933e-16,-3.1607432697119556e-17,-0.00040489642490532503,-0.00570121586831548,-0.002255253446718353,-0.000367695162386301,-5.8037454591426283e-5,-5.2304752015525114e-5,-0.0003446692699652542,-0.00010054853321617582,-8.784560194374424e-5,-0.0004064741667321987,-5.8103683464812146e-5,-1.2479122902546247e-6,-0.00066707006139412,4.925732843457375e-16,-0.00022309624870290508,-1.2603103427303173e-17,1.2555637100149185e-16,1.9067350127246857e-16,2.6572610584811122e-17,4.254136977572355e-17,1.6037207299459893e-16,-1.1823858275755306e-16,-1.2046588932817913e-17,1.0717342260912632e-16,-4.589211401310782e-17,-1.0926945949205017e-16,-5.17077342458618e-16,-1.1472634097667837e-15,3.674194924358944e-16,-0.0,-0.0,-0.0,-0.0,-0.0,-0.0,-0.0,-0.0,-0.0,-0.0,-0.0,-0.0
0.0004491850598461608,3.711087416667401e-5,-6.308117413825211e-16,-2.1593223560132206e-15,6.19437698812234e-16,-0.0001273943423962101,0.0029204686098457952,0.0015762361453653601,-0.0001845092282563579,-7.984629774609057e-14,3.4627589179167455e-5,1.1580920347684429e-5,1.3319659721366662e-14,-0.03286309012238916,-0.005809438412346736,8.74901266000351e-7,-9.178081402608349e-6,-4.591374853623621e-5,1.932794218387019e-6,1.1532267583441638e-5,2.5523733082357632e-6,-2.0550390526827434e-5,-3.6597858008125535e-6,-1.711625730314237e-5,-2.4071775505811647e-5,-4.053000711234106e-5,5.842202275569256e-7,-1.2575327950022696e-16,-2.1779067980957577e-16,5.620140228308545e-16,-2.339143818874377e-16,-4.755345616536874e-16,-6.165611239963921e-16,1.5817542278817892e-16,6.03004714637949e-16,-1.558573097410566e-16,3.009858156702318e-15,4.901178697083532e-17,-1.983081584194786e-16,-0.0014658098249210633,-0.0206441020057145,-0.008166416637236974,-0.0013313602770824607,-0.0002101314686084046,-0.00018924834921048254,-0.0012481256514614363,-0.00036395548029286386,-0.00031809058387265453,-0.0014715198126677685,-0.00021045955275657608,-4.520431530366425e-6,-0.002412040995060544,1.0997562667580706e-15,-0.000806687826141339,4.407314365213124e-17,7.840848667907068e-16,8.497660562978325e-16,3.074623454768848e-16,1.373505668344079e-16,8.614051627398363e-16,-2.3745253937290713e-16,5.714141022256996e-16,7.376771047160124e-16,2.9966094745161665e-16,-9.135617033290805e-16,-1.597846622653805e-15,-1.5416202699762481e-15,4.5729729179292e-16,-0.0,-0.0,-0.0,-0.0,-0.0,-0.0,-0.0,-0.0,-0.0,-0.0,-0.0,-0.0
-0.018029151143888474,0.0020114956362653866,1.3104795800233565e-14,-3.537184281606114e-14,2.2122845113267675e-15,-0.008538446439294326,-0.11012570035259381,-0.019308794775484372,-0.009001904967084922,7.169965021173938e-13,-0.0003921001288382143,-0.00013113475319912645,-3.892110812219819e-14,0.26144747483469055,0.0041660724269119995,-0.0004363294155544305,0.00013197460870387434,-0.002716739682252633,-0.0004822102008013698,-0.00010951413175795805,-0.0005875276985491522,-0.0012094268911806959,-0.0008304919222095494,-0.001376074708629812,-0.0004184068529908907,-0.0015633807704123902,-1.3981758127849824e-5,-5.09624546824854e-16,-9.386508534819725e-16,1.1648103443113846e-15,-7.493401336544093e-16,-7.865872390779923e-16,-1.890187512577e-15,-4.0693673327488363e-16,1.8200009065434228e-15,-3.989431757918106e-16,6.19163586743517e-15,1.2545245761813662e-15,-1.1102049320185454e-15,0.011264432640397481,0.014363396418082599,-0.11169037358952998,0.02206112724200165,0.0463435116581173,0.03170809237977065,0.07405398593003536,0.06309399871357342,0.06937721365661005,0.07550312344265532,0.06914334969772042,0.0007158907640649591,0.06300346261766833,3.8086981608786606e-16,0.02107100434944067,-2.843204985634186e-15,9.640876602077713e-15,5.603361849566458e-15,3.0512866258427383e-15,3.513449807795652e-14,2.5323323529567345e-15,3.6806444283566907e-14,3.9652720728470886e-14,9.175276485975987e-15,1.9846434401845524e-14,-1.327291941915604e-14,-5.6186514852871805e-15,-1.899534799776493e-15,5.208810683280885e-16,-0.0,-0.0,-0.0,-0.0,-0.0,-0.0,-0.0,-0.0,-0.0,-0.0,-0.0,-0.0
0.004838093337323505,0.0008861466232861466,-1.1557789087029086e-14,-2.3724118357973967e-14,-7.310965763322704e-16,-0.0034044176503538327,-0.06858583967588275,0.020052007150367264,-0.004229434727189302,1.355247815437521e-13,0.00036891062907144496,0.00012337921039142874,-9.99073279049419e-14,-0.09179134582754123,0.02008383575001643,-0.00013120001068328723,-0.00022535060184536787,-0.0008756003049400687,-0.00015666496965270602,-4.323289794728469e-5,-0.00014089469482353792,-0.0004844400677279692,-0.0002714160930064061,-0.0004821455821254895,-0.00036803588535990974,-0.0006376877659574403,-1.920519485996727e-6,-8.276645328145807e-16,-1.7077918698476522e-15,-2.7470925851325295e-16,-1.7377649642577834e-15,-2.578110536246178e-15,-3.452311020430866e-15,-1.1053599501672435e-15,2.072315074842946e-15,-7.596247157296062e-16,5.1777251566845256e-15,3.4745669139878052e-15,-1.2612081221313566e-15,-0.0853635371178566,-0.06942689717079228,-0.1346806523484323,-0.015382325850589879,0.020783674719435118,0.012151834114917917,-0.01841018306404725,0.014777721216187248,0.030647443331504848,-0.07572969596194952,0.04189805359301066,3.5845067173451195e-5,-0.01687311634428439,-8.529054580988237e-17,-0.005643078858015316,-1.2708376597938696e-16,5.6310989044185525e-15,4.17161544316117e-15,1.4977238361784703e-15,9.379738066108294e-15,4.10759584208366e-15,8.865286000632828e-15,1.510921253768344e-14,5.185496633187441e-15,6.491693913010084e-15,-7.513344897380772e-15,-2.4495727701965944e-15,8.328366149716128e-16,-4.3999249657906856e-16,0.0,0.0,0.0,0.0,0.0,0.0,0.0,0.0,0.0,0.0,0.0,0.0
4.668299655100345e-6,0.0010700043798567216,-5.949344266358814e-15,-2.444340071029931e-14,-4.169101194803885e-17,-0.004273457140859287,-0.06683232391688437,0.010139278669949688,-0.004986035627585546,2.55664703148733e-13,0.00019802252963284207,6.622705180975714e-5,-8.080957515330879e-14,-0.03333137997877041,0.03285165033318992,-0.00018622011786564323,-0.00014226245332135538,-0.0012048595721746522,-0.0002142730504995179,-5.369179158709891e-5,-0.00022395267438402226,-0.0006071526128983974,-0.00037105688814338016,-0.0006389286100729469,-0.0003605267585154711,-0.0007933338798117694,-4.135785186922662e-6,-7.328754518967763e-16,-1.4893605251317935e-15,9.616258458305751e-17,-1.4912230127849701e-15,-2.1921114562820557e-15,-3.048188519752766e-15,-8.709444202083494e-16,1.978527159297512e-15,-6.716395961435924e-16,5.487229639133138e-15,2.8969836505390004e-15,-1.1774492314317125e-15,-0.03425176266713405,-0.029748516880619354,-0.33713994780136675,0.0004931047770803473,0.02447049011481443,0.01567282613751158,0.015536251903733424,0.026826715399980945,0.03628944431703894,-0.012061286988128635,0.04126985938620648,0.00024562534456242207,1.0041320920981845e-5,2.3141810352588e-16,3.358239493602311e-6,-6.410187106403706e-16,6.254374623240658e-15,4.417797552838627e-15,1.812949618768468e-15,1.4073363776657677e-14,3.6896769321149805e-15,1.41188533056189e-14,1.936426097622335e-14,5.81395883552496e-15,8.940908699073126e-15,-8.50532576885504e-15,-3.1960424574490255e-15,1.5528341301320262e-16,-2.008044775082628e-16,0.0,0.0,0.0,0.0,0.0,0.0,0.0,0.0,0.0,0.0,0.0,0.0
0.00012812110164630392,0.0005655482584831578,-7.904923250354767e-15,-6.951815997835159e-16,-1.0371751197206085e-15,-0.001861950485838622,0.21483144731245282,-0.004836645728591516,-0.0029414573354996773,1.458116802361122e-13,0.000718975302907082,0.00024045554174062105,7.013116956685154e-15,-0.17432962511988945,-0.010387105145805629,-3.795128386000019e-5,-0.0004174723358143171,-0.0002334717559439495,-6.227676165698149e-5,-4.8657987424065e-5,5.705847546597411e-6,-0.0002621978550545661,-9.909513058637202e-5,-0.00019411569422629152,-0.00039501295480019857,-0.00032861612518545933,7.902804628465604e-7,-4.194314203016999e-16,-9.164023837263222e-16,4.2317870354805964e-16,-1.4567634467790022e-15,-3.745294409584804e-15,-2.8092111575938314e-15,7.290938891102128e-16,1.3926018264814286e-15,-7.143768356905597e-16,7.969744826394429e-15,1.8343782435185547e-15,-4.264030908229071e-17,0.008308741311337228,0.0028156615299518065,0.08560351223807355,-4.185956240358274e-5,-0.005668161983493241,-0.003714794605605499,-0.004004320761209509,-0.006576054571767185,-0.008478112018990545,0.00028706578195078784,-0.009524283564878876,-5.8092993872300016e-5,-0.0503596525256263,4.128730312515959e-17,-0.016842383153525292,1.5450512810505453e-15,3.0219122849508987e-15,3.2022058751513544e-15,1.0422582871985778e-15,-1.784818976729427e-15,2.9248315402320158e-15,-3.583938934399607e-15,-1.0039004732681055e-16,1.238219989784554e-15,-2.0090465981089004e-15,-5.23432221786786e-15,-1.08918115297666e-15,-3.29340144072599e-15,7.625250513673033e-17,0.0,0.0,0.0,0.0,0.0,0.0,0.0,0.0,0.0,0.0,0.0,0.0
-3.176854582584978e-8,1.546165726491104e-5,9.743069632544072e-16,-1.3745651239621303e-16,7.499065318700541e-16,-6.0530978211790546e-5,-1.3508800073469161e-5,4.037379312575442e-6,-7.028879918515542e-5,-2.5205025350111632e-14,1.9135431966667326e-6,6.399692218282848e-7,2.232649392102804e-14,-0.00038447975338955903,-1.0276579797109176e-6,-3.9978932977601057e-7,5.513486490471082e-6,-3.410724968590385e-5,1.8629863823213503e-6,1.1092191106054965e-5,-1.4368885970335095e-6,-1.0243426038021615e-5,-3.964767510420318e-6,-1.0605836368306544e-5,-6.516381105206689e-6,-2.0102140023589713e-5,1.0762998795943439e-7,-4.720270401809308e-17,-2.95481086059718e-17,5.95997779158287e-16,-6.108543554040323e-17,-1.5769053200196037e-16,-2.7763447532982355e-16,1.944358537155042e-16,4.261120296254722e-16,-7.04305853251901e-17,2.3780418671346978e-15,-2.338746597325225e-16,-1.2898118878003153e-16,2.228403240352058e-7,3.1630541836636256e-8,3.7641447601032756e-6,-8.236058023189638e-8,-1.556612387173591e-7,1.4765223328726548e-7,1.8712226028845002e-7,2.009278744522743e-7,1.246677772232093e-7,6.504564434994246e-7,7.591757326748598e-8,4.864570069864049e-10,3.6069321785608927e-6,1.0760009915171321e-15,1.206309623698539e-6,-3.0175261801348625e-17,2.230506911825614e-16,3.653889614689197e-16,-1.1175739867496864e-16,-6.527457206669853e-16,3.1971090377946805e-16,-1.4154265839558946e-16,-1.727856385591558e-16,1.385146394185723e-16,-1.2555037845016563e-16,-7.067227884467613e-17,-9.429399414447346e-16,-1.3239796684685511e-15,4.87957561596358e-16,-0.0,-0.0,-0.0,-0.0,-0.0,-0.0,-0.0,-0.0,-0.0,-0.0,-0.0,-0.0
-0.004429926091215802,0.000559113303278298,-2.5300085626388464e-15,-1.6333218808385687e-15,-1.7564102971515722e-17,-0.00202906608126112,0.17735362990621548,-0.012975006213124925,-0.0027624925591169733,1.699184078828852e-13,0.0004190305932366566,0.00014014143169369003,2.9922890241426536e-14,-0.06555189230496036,-0.020902381207578348,-6.675569216561479e-5,-0.0002499076277924608,-0.0004255709491383685,-8.443907266227855e-5,-3.501873662087823e-5,-5.4471434831120106e-5,-0.00028724659674728685,-0.00014639379819760708,-0.0002602158091561997,-0.00029365713419757375,-0.00036492358045908636,-7.58943555670191e-7,-2.9052855783686774e-16,-5.876029618361579e-16,8.421987395698587e-16,-1.0356494317649947e-15,-2.8412952959672633e-15,-2.09449383560689e-15,8.175808366996893e-16,1.2287551048517375e-15,-5.461599664964198e-16,7.557112564183103e-15,1.0431684805452443e-15,-3.700077338252848e-17,0.023629807715338395,0.01803040746389033,0.17978001250758407,0.005313026261960958,-0.0029812338482588093,-0.0014695033509784356,0.00899562297453897,-0.0004773736184028463,-0.004317061656946245,0.024127003336863143,-0.007265782554966331,3.213557842783316e-5,-0.02585810465726016,9.542521064583617e-16,-0.008648036362846683,8.407853438239514e-16,2.8242273753468604e-15,2.786140092355661e-15,8.728676182904688e-16,7.979906418742753e-16,2.0963201347677377e-15,4.449059532256687e-16,2.1043640292128732e-15,1.3199230854605916e-15,-2.173044319153824e-16,-4.5709769619046555e-15,-1.9939577846781615e-15,-3.3984678544572296e-15,3.748688042402531e-16,-0.0,-0.0,-0.0,-0.0,-0.0,-0.0,-0.0,-0.0,-0.0,-0.0,-0.0,-0.0
0.007181007901842607,0.0005112065252296185,-1.6372731324107843e-14,1.338876721753249e-16,-1.7281020390864703e-15,-0.001361713226758165,0.2628093488924067,0.00799720071321257,-0.002900383882652788,3.670807814333722e-14,0.0011411580795046095,0.000381651195958313,-6.124325931920395e-15,-0.33534897877545294,0.0063850109328893135,1.8965028371329007e-5,-0.000639181509039384,8.851186326949013e-5,-8.480141895707585e-6,-4.473290823925744e-5,0.00010967166907495835,-0.00019227138434375614,-6.2703311897714915e-6,-6.238134716469606e-5,-0.0005229102769712873,-0.00024318309306137922,3.9055037547887325e-6,-7.015559275691138e-16,-1.5059065941414392e-15,4.3244909444494787e-16,-2.2291514535778412e-15,-5.344507140026208e-15,-4.3189825840099545e-15,7.073673866390792e-16,2.198049975621568e-15,-1.0738724431808317e-15,1.1266995115847582e-14,2.978992047645619e-15,-2.805565278357603e-16,-0.01580849516792628,-0.02087869582529056,-0.06424980510562127,-0.008333220742965471,-0.009564162063896337,-0.007018829177459553,-0.02394955552922389,-0.015712986609916775,-0.014525402953053889,-0.03664546607671066,-0.012576300941891709,-0.0001951077847533522,-0.08593936132822694,3.223827887829911e-16,-0.028741732296948506,2.587948442847323e-15,3.381784156561087e-15,4.191759115619184e-15,1.0290263060472237e-15,-7.915720407551843e-15,4.6153455236999576e-15,-1.076624431938981e-14,-4.766463498080407e-15,1.1392319811083569e-15,-5.235740864554806e-15,-5.8671633270160696e-15,-1.0432357548993419e-15,-4.144572158577367e-15,1.0269559470149974e-16,-0.0,-0.0,-0.0,-0.0,-0.0,-0.0,-0.0,-0.0,-0.0,-0.0,-0.0,-0.0
-5.017694813099757e-8,3.241883037512615e-5,-8.895520880873263e-16,-2.2067083250605887e-15,8.890889879071802e-16,-0.00012614151341827428,-2.5343274814797567e-5,9.054149738252839e-6,-0.00014661788846981663,-4.8151849687630484e-14,4.2639490150993125e-6,1.4260436550134395e-6,1.937143401522787e-14,-0.0007936359394465841,-2.037515005842222e-6,-1.5836955675307592e-6,9.395527554309884e-6,-6.675209493981473e-5,2.89284470224385e-6,2.0190359947107186e-5,-3.6179611139991014e-6,-2.111061502484931e-5,-9.506769481179262e-6,-2.176156049950559e-5,-1.3177992119704037e-5,-3.857491129319997e-5,5.116824481056469e-7,-1.5185881014383637e-16,-2.2220052956906057e-16,7.314505796577391e-16,-2.9723581815401715e-16,-5.63049784906777e-16,-7.61050790203186e-16,1.2330237348879232e-16,7.744928582005621e-16,-1.854262741887951e-16,3.598627566570748e-15,1.918522567630157e-16,-3.0767321624419733e-16,5.564899630957421e-7,2.5891091034987633e-7,7.3213353948692514e-6,-1.3798410900517746e-7,-3.0437588488887635e-7,3.3635823165807257e-7,3.0953740955927307e-7,4.583317589799418e-7,2.339484948954242e-7,1.4653193497114094e-6,1.0084391990912493e-7,-1.2546601117172736e-10,9.20364114726752e-6,1.8093759362232927e-15,3.078084190819905e-6,-9.124057974971187e-18,6.228390143847284e-16,8.225415904471071e-16,-1.1361602818238723e-16,-1.3826726399115943e-15,8.011042256203852e-16,-2.244792547648827e-16,-6.046432699485149e-17,4.638345387941463e-16,-1.6134880061552948e-17,-4.1231381783681416e-16,-1.7583134183821227e-15,-1.22671355938035e-15,5.032403658785561e-16,0.0,0.0,0.0,0.0,0.0,0.0,0.0,0.0,0.0,0.0,0.0,0.0
-4.8579744514083936e-8,1.8211660523266663e-5,3.1392173781557823e-15,1.1410956287972803e-15,1.347337454829411e-15,-7.182352256888032e-5,-1.7936062107439945e-5,4.355512969900929e-6,-8.330537611648251e-5,-3.2877484830312794e-14,2.082884249456952e-6,6.96603982558623e-7,4.472641999781671e-14,-0.0004613610357594644,-1.2900364541433451e-6,3.5394837588931895e-8,7.964348329096256e-6,-4.3407380208678526e-5,2.882562048752886e-6,1.5148013067491384e-5,-1.2814139092390317e-6,-1.2314591067675992e-5,-3.859175234797198e-6,-1.281544156598528e-5,-8.004824096511727e-6,-2.6104691845300463e-5,-6.747965903852413e-8,-1.967803084239349e-17,7.403199893392573e-17,1.0539457529933316e-15,4.293706503207591e-17,-2.7885648914959224e-17,-2.0549080385390946e-16,4.2215961081201803e-16,5.82685808904226e-16,-5.731654619061258e-17,3.743336522930806e-15,-7.388212733961759e-16,-1.2663242249222756e-16,2.0185451790338187e-7,-9.354653309527837e-8,4.821469329326772e-6,-1.2057886795873156e-7,-1.9829085699655265e-7,1.5573052425412953e-7,2.766438707357431e-7,2.1150714482260675e-7,1.6548143297959615e-7,6.972156112944317e-7,1.290395177800227e-7,1.3509286706498658e-9,3.1339992180997867e-6,1.570767092393969e-15,1.0481409718445095e-6,-7.231632905168901e-17,1.5733915601275308e-16,3.9205656303054617e-16,-2.1361683507132228e-16,-7.593037979092248e-16,2.877663353160993e-16,-2.158195619713477e-16,-4.0850592553915004e-16,4.537645631426574e-17,-3.1571176900276113e-16,9.615128062747866e-17,-1.2592352979587759e-15,-2.611714737709241e-15,9.278303505749645e-16,-0.0,-0.0,-0.0,-0.0,-0.0,-0.0,-0.0,-0.0,-0.0,-0.0,-0.0,-0.0
-0.0056422462516188075,-0.00010459628003896428,-5.928271568180159e-16,-7.10797375849982e-17,-2.515450110773118e-17,0.0003418988598217155,0.03265911779631654,-0.0035586203464398596,0.0005512799840731625,9.013334952229709e-15,-0.0001415319423085354,-4.733422653385456e-5,1.0331265579419455e-14,0.015621473524492408,0.0021897869263452123,6.961510539964768e-6,8.577008081838513e-5,2.723642934496915e-5,1.4949003970806797e-5,1.8258409502457016e-5,-2.613044096438356e-6,4.656851521567239e-5,1.4999855104564425e-5,3.3194933223340626e-5,7.510035367395207e-5,5.9018447015898096e-5,5.496259100876709e-7,3.7593439809353046e-17,7.739021880009307e-17,4.646352932267e-17,4.542402473650388e-18,-1.708247087967342e-16,5.623562794546613e-17,1.7596816000050582e-16,-6.717551119474149e-17,-4.903870481997579e-18,2.1191729936597582e-16,-8.412792565304488e-17,1.2328353543151821e-16,-0.0021251400701161414,-0.004842701701638162,-0.04070795872020485,0.00016251914067056688,-0.0010140965737435617,-0.00024200045483304045,0.0009128990836777046,0.001475555548232028,-0.0006789881102604009,0.009622308996826492,-0.0010531333056702588,1.5139197632361485e-5,0.009983175346040115,1.3114756874310231e-15,0.003338793177356807,1.231591947300947e-17,-1.3687941267102453e-16,-5.591494578272745e-17,-7.376834145988352e-17,-7.751388645759721e-16,-2.5875071526846597e-16,-5.375380602358533e-16,-7.060538713030763e-16,-1.4119369204508466e-16,6.797407977081499e-17,3.7219572383799053e-16,-1.4560455973133447e-15,-6.1982324669171e-17,-1.6551419630787263e-17,0.0,0.0,0.0,0.0,0.0,0.0,0.0,0.0,0.0,0.0,0.0,0.0
-0.021237129714434023,0.0009338368109541985,-2.0878021333550757e-14,-4.6755076345155055e-14,2.1561256865977007e-15,-0.003637545219348999,0.2792178916165328,0.022565336557166794,-0.0043694226757054234,4.682028821393122e-13,0.0002660976250263449,8.899422319924387e-5,5.682369352622103e-14,-0.1883168247385693,-0.053481140306552634,-0.0001377921461711552,-0.00012004647408438038,-0.0011282470977816558,-0.00013141661916409833,6.586988435186726e-5,-0.00016610412491864783,-0.0005355626107930072,-0.00031313055449391374,-0.0005480634405992478,-0.0003578189187712443,-0.0007197504468782941,3.907370954925662e-6,-1.510407886497071e-15,-2.89064375861826e-15,3.569988234667981e-15,-3.753408985521709e-15,-8.213825676459515e-15,-7.95233507007666e-15,1.4288966435639693e-15,5.828091864711407e-15,-2.013513627924164e-15,2.8230925921780684e-14,3.846451306647331e-15,-1.5667905509436294e-15,0.05756891040007286,-0.014353106913187483,0.3653241643208358,0.02529826372423083,-0.0038235783104115717,0.001384781975372103,0.05148005686873919,0.02518264082086375,0.00037180053829359615,0.1463474457717196,-0.011594174332240477,0.000378990728657194,-0.008162285126123176,1.0743906274921158e-14,-0.002729811001682328,2.806307376790798e-16,1.3048506641358867e-14,1.0664129966137843e-14,1.884368739134692e-15,1.6484117214444406e-14,7.893398369626027e-15,1.5910091171253282e-14,2.774996393304586e-14,1.0879295308863262e-14,8.916340517281513e-15,-1.5348628892767152e-14,-1.8077645703981685e-14,-1.0337734345576175e-14,2.4762252778582277e-15,0.0,0.0,0.0,0.0,0.0,0.0,0.0,0.0,0.0,0.0,0.0,0.0
-0.014262842875995212,0.000681750694539842,-8.219012214593401e-15,-2.7855243470239814e-14,1.698613954636043e-15,-0.0027500918052056323,0.1507401095764809,0.006743338175228117,-0.0031290147015166103,3.400222895818128e-13,5.9130118101060586e-5,1.9775595243677315e-5,4.210460456074623e-14,-0.06914562566059072,-0.02096240371516766,-0.00011820833425426559,-2.5839150388381582e-5,-0.000881571478108306,-0.0001176925473990128,2.792434000176741e-5,-0.000152206400787766,-0.0004006549761765244,-0.0002510827847130525,-0.0004290780084224792,-0.0002134704725584467,-0.0005323166044072605,5.624939093229962e-7,-8.104548039722839e-16,-1.5255159748027965e-15,2.259290604846492e-15,-1.9801137525059917e-15,-4.381921827531723e-15,-4.282577632549971e-15,9.068585487259847e-16,3.2800270631640445e-15,-1.0888473471280655e-15,1.6201632327917276e-14,1.8577781874557452e-15,-8.795021752931481e-16,0.059743108111554824,0.014359060044795539,-0.009319220173957143,0.022797235054960615,0.0005415387144909632,0.0030868700856177852,0.04762706683927897,0.021079161634337384,0.004173467482105062,0.11543592872898768,-0.005793465348017276,0.0003303065521736488,0.005257499935222921,6.013971736691307e-15,0.0017583288187252616,-2.1924500185606335e-16,7.904911979840659e-15,6.229697676950446e-15,1.2628398074758968e-15,1.275355697130611e-14,4.260968441044639e-15,1.2810839949483684e-14,1.8913931899205387e-14,6.669115427625219e-15,6.7194950616318074e-15,-9.426071744444391e-15,-1.053627197330953e-14,-6.2378472000952825e-15,1.5559921988753862e-15,-0.0,-0.0,-0.0,-0.0,-0.0,-0.0,-0.0,-0.0,-0.0,-0.0,-0.0,-0.0
0.0013807069744210068,0.0001949641388597021,-1.6620500708110914e-14,-1.7696800192098048e-14,3.6678527613124385e-17,-0.0004962525523267198,0.10054496953461733,0.025741053573916668,-0.0011000296322754937,2.289441116951408e-14,0.0004485406298605014,0.00015001082750621279,-8.169662775330447e-15,-0.17416044362836522,-0.04406021001346357,1.7535385686783737e-5,-0.0002229582930050372,-2.2274432497190135e-5,1.9696297302908562e-5,3.4345422365875744e-5,5.208175368431245e-5,-7.881785136826602e-5,2.437116785452704e-6,-2.6297466488074425e-5,-0.00020975874716985482,-0.00011858747513527698,4.754368584803786e-6,-8.27901819288134e-16,-1.6382922652275548e-15,1.0658900359778687e-15,-2.025954243772409e-15,-4.094631366352103e-15,-4.161133269123304e-15,1.9521305055315742e-16,2.7826763808019536e-15,-1.0192295966305537e-15,1.2055305547918732e-14,2.5973830923799064e-15,-9.04043056546065e-16,-0.012524974441630638,-0.03607693022606482,-0.14002208620703205,-0.0015349612456273423,-0.004740833375812049,-0.0026755307793197786,-0.005942663878954729,-0.0008276049962336329,-0.005200583061172732,0.005021176799629212,-0.0053566010666597245,-2.325276945346323e-5,-0.03415330511765222,3.862125234886267e-15,-0.011422299835341201,9.267511035271658e-16,4.814182823976909e-15,4.477801461305639e-15,5.24137985735141e-16,2.1654586057956777e-16,4.351413487291948e-15,-8.595063376349049e-16,5.876505152661583e-15,3.8999873718427406e-15,3.763332539793754e-16,-5.58726809040743e-15,-6.131397869789361e-15,-3.5660475658120196e-15,7.763107556223111e-16,0.0,0.0,0.0,0.0,0.0,0.0,0.0,0.0,0.0,0.0,0.0,0.0
4.198482664925392e-6,0.0009639212724737648,-5.358304241843747e-15,-2.202603214187656e-14,-3.4378118863411855e-17,-0.0038497661780962844,-0.06014940578911215,0.009125427700527423,-0.004491695756832415,2.3025878028866954e-13,0.0001783864868701191,5.965993430147161e-5,-7.269701405637888e-14,-0.03000076611331474,0.029566437059367838,-0.0001677507535403741,-0.0001281295175308923,-0.001085475430488368,-0.00019300776648522623,-4.8314034873496145e-5,-0.00020174545659070478,-0.000546964111049037,-0.00033427046125951594,-0.0005755895979735385,-0.0003247881855847383,-0.0007147033797138243,-3.724183013071579e-6,-6.604948196157912e-16,-1.342014700819384e-15,8.919633715848926e-17,-1.3439279100402728e-15,-1.9761852910569962e-15,-2.7475779128533197e-15,-7.836740135254559e-16,1.7843474662302818e-15,-6.054899240307275e-16,4.954249639839247e-15,2.609412155297776e-15,-1.0612725361096282e-15,-0.030826557814141745,-0.026773653743787356,-0.3034258301618996,0.0004437998986951176,0.022023440775158828,0.014105558680050992,0.013982639441532895,0.02414405339938342,0.03266050701525642,-0.01085513743150392,0.03714287910689263,0.0002210628633469198,9.091558219246826e-6,2.1242573930858293e-16,3.0405989521297843e-6,-5.777799969325413e-16,5.636158256365929e-15,3.981784562525248e-15,1.6323930045301638e-15,1.2676819118687606e-14,3.3252079879299468e-15,1.2721926397793591e-14,1.7445125087851638e-14,5.2386057892464115e-15,8.053063895907484e-15,-7.663041773436208e-15,-2.883348742416663e-15,1.3527984480847715e-16,-1.7908241646155216e-16,0.0,0.0,0.0,0.0,0.0,0.0,0.0,0.0,0.0,0.0,0.0,0.0
0.022488104215703426,0.0025658288568623606,-2.0768591663367556e-14,-6.332481523819861e-14,2.0171007695329378e-15,-0.009623873334825972,-0.05989534417362374,0.05402459172468548,-0.012427167882045715,5.583783041799044e-13,0.0014293369682633332,0.00047803032125004355,-1.0806743617356547e-13,-0.30270284511356194,-0.03048521876759566,-0.00034407853528195314,-0.0008492397851475078,-0.0023134310193901153,-0.00042076937635150035,-0.00011995415281736667,-0.0003358647252043072,-0.0013698872093892431,-0.0007286818305790017,-0.0013148514797797608,-0.0011873919769684524,-0.0017952047800306968,-4.136747177864785e-6,-2.335776289577794e-15,-4.5925869320491756e-15,2.8457645923096146e-15,-4.844379519593958e-15,-8.178523545254131e-15,-1.0451083794356741e-14,-9.593759355278242e-16,7.569644955981432e-15,-2.4080296797401854e-15,2.846802915346702e-14,7.044222938333625e-15,-3.477174153139692e-15,0.032181321356034104,-0.005021502962954772,0.15665200593073145,0.020701556409336415,0.026737523829457984,0.0174478206484076,0.051434410709746095,0.03561980106180145,0.03885032801097929,0.0436672430092194,0.03602693207038775,0.00044005383378119023,-0.07847433374903308,6.006402108325002e-16,-0.026245113507236094,-4.171610935266889e-16,1.827355479854603e-14,1.4031798741622188e-14,3.880798869368183e-15,3.206801548210631e-14,1.246579868492616e-14,3.064308880415718e-14,4.685882380906527e-14,1.598829820108649e-14,1.5681546147143667e-14,-2.409852413934379e-14,-8.489929936496934e-15,-7.874886108960543e-15,1.975611664064262e-15,-0.0,-0.0,-0.0,-0.0,-0.0,-0.0,-0.0,-0.0,-0.0,-0.0,-0.0,-0.0
-0.014789442210388975,0.0009698418829314845,1.300143565904249e-14,-1.4131969641047821e-14,1.5339297595219064e-15,-0.004286882295629352,-0.044939742427848185,-0.022718167952067755,-0.004214110367445348,4.2408401150072895e-13,-0.0004474193686541583,-0.0001496358306643468,7.1044393733288384e-15,0.15554826627353452,0.06255625703948776,-0.00023954464814776965,0.00019860016796235618,-0.001462331187026303,-0.00025916688927294697,-5.588852825283476e-5,-0.00033954499144000323,-0.0006061278372603099,-0.0004457006710232546,-0.0007225035693013204,-0.00011399742073952936,-0.0007776619101346015,-8.662772563414122e-6,1.8340799669870358e-17,9.24875882921846e-17,6.709041012715942e-16,2.341906599438257e-16,5.880982595434984e-16,2.6265914206394256e-16,9.634744603993666e-17,2.0557085687794122e-16,7.142224780755373e-17,1.0749215633907305e-15,-4.604212224481123e-16,-1.8552620601516552e-16,0.032502718845599486,0.03198491260737807,0.13738354346433457,0.017758261094578214,0.021387621083254257,0.01536070430942097,0.050182152903978476,0.03352525731982993,0.03225126872546506,0.07011465056918088,0.028676812708124305,0.0004202978545283796,0.05166673844253958,1.2227288036148204e-16,0.01727952758804824,-1.865796013762925e-15,3.978623253665332e-15,1.850581455320494e-15,1.4247749428207968e-15,1.953382333757821e-14,-1.6224722899385552e-16,2.0909932792329772e-14,2.0110907570297093e-14,3.8840588460643766e-15,1.067593548281508e-14,-5.5717585400878135e-15,-2.6694298934903416e-15,-9.328572091030824e-16,3.1121172040368583e-16,-0.0,-0.0,-0.0,-0.0,-0.0,-0.0,-0.0,-0.0,-0.0,-0.0,-0.0,-0.0
0.0002609669136127264,2.967215924651279e-5,-1.2309718251231653e-15,-1.9323683312135053e-15,4.292659185187082e-16,-6.567108611050439e-5,0.019003443449066387,0.004864131619929677,-0.00017500531412098147,-3.5317245551321873e-16,8.330209628618051e-5,2.785972008975515e-5,1.602054690164926e-14,-0.02149541896105132,-0.01974259333955663,5.009480814079398e-6,-3.993143634051789e-5,1.144788399470475e-6,5.705599754747977e-6,8.556941064598195e-6,1.1717401465920219e-5,-1.103040988650631e-5,3.724986477885103e-6,-9.616488903928877e-7,-3.7514081761350904e-5,-1.9284355356991534e-5,7.354557886404082e-7,-1.1653701308170166e-16,-1.957942685080795e-16,5.198515856408346e-16,-2.619275294469674e-16,-6.026708248761518e-16,-6.438781014413576e-16,2.1948749622252893e-16,5.795441796465794e-16,-1.617863277010865e-16,3.0754012999481778e-15,3.648478699420452e-17,-1.3696297427970034e-16,-0.0023675037594830762,-0.006818753345749239,-0.026464746905899734,-0.0002901764995239434,-0.0008960316490513749,-0.000505812054856491,-0.0011232113626220724,-0.0001565144756328528,-0.000982948581169208,0.0009487804146254341,-0.001012405548272271,-4.3944715131193464e-6,-0.006456389432214827,9.944988363042152e-16,-0.002159287825718403,1.4568293456225317e-16,7.603179150036042e-16,7.7071619536677745e-16,1.310988754917373e-17,-3.535528958288649e-17,7.078675911843608e-16,-3.1369837163983893e-16,7.873976523755031e-16,5.830663636510648e-16,-1.386346761168195e-16,-8.259349813897839e-16,-1.2543588158183197e-15,-1.6447964575887156e-15,4.723629558037729e-16,0.0,0.0,0.0,0.0,0.0,0.0,0.0,0.0,0.0,0.0,0.0,0.0
0.0011197580656587315,0.0001538248221337297,-1.1753954369276787e-14,-1.3091979779424213e-14,4.181362350368091e-16,-0.0003858010525103165,0.08154158374568062,0.020875332964917375,-0.000872595416752371,1.4672682552228788e-14,0.0003628277750023421,0.00012134484848602337,9.271007780685089e-15,-0.1526593682472937,-0.02431716242777773,1.5405814048337032e-5,-0.0001790142510067878,-1.5904589245942403e-5,1.7388437625040678e-5,2.974211415852335e-5,4.3503001434858315e-5,-6.169033745127644e-5,4.194432620185511e-6,-1.902915249164176e-5,-0.00016894447979682963,-9.510727322273584e-5,3.7013774209064647e-6,-6.369263438567279e-16,-1.228477048326903e-15,1.1582956918967714e-15,-1.5371081929529237e-15,-3.1724049693015153e-15,-3.2542653619684813e-15,3.2421609913100733e-16,2.3128179521547502e-15,-8.006792903746442e-16,1.053111196864985e-14,1.6989502658329344e-15,-7.055633329689171e-16,-0.010157944337776835,-0.02925855849131171,-0.11355812983623134,-0.0012449023501135555,-0.0038448290048113533,-0.002169944019792451,-0.004819512119694775,-0.0006712534052699805,-0.004217690201544639,0.004072022016962825,-0.004344196169286106,-1.885758804237849e-5,-0.027699499764614114,3.3887596085998693e-15,-0.009263876234249327,7.257404719021811e-16,3.7787101495798245e-15,3.575027692828819e-15,3.5159437554913383e-16,1.078273868104966e-16,3.436475537692363e-15,-8.327796651041224e-16,4.492577397797196e-15,3.0323521255415803e-15,1.3013219354987083e-16,-4.335929737722724e-15,-5.0817556979543e-15,-3.782347222692124e-15,9.279891485457703e-16,-0.0,-0.0,-0.0,-0.0,-0.0,-0.0,-0.0,-0.0,-0.0,-0.0,-0.0,-0.0
0.00024002740104037365,0.0010418221936689032,-6.929806598347976e-15,-1.222879806272539e-14,-9.334600866677722e-16,-0.004157946564019869,-0.06528318115325171,0.010369931600094013,-0.004862475735692789,-6.602330861428316e-13,0.00020166160638689724,6.744411194110164e-5,-1.1645480900809986e-13,-0.012414916433622719,0.008316704924676689,-0.00017683316801555337,-0.00013611233451810565,-0.0011817042950435707,-0.0002043008278140891,-4.6088260903354785e-5,-0.00021276348498202642,-0.0005914622983952722,-0.00035431415615640275,-0.0006207402384301316,-0.0003559106705062154,-0.0007861452476477574,-5.056921252874485e-6,-6.399282188405946e-16,-1.3582865056447852e-15,-8.875313911859104e-16,-1.303241113506174e-15,-1.8414869444772578e-15,-2.496500681269126e-15,-1.114856457193014e-15,1.1367544933175817e-15,-5.075990902865446e-16,1.3458165857674006e-15,3.1926669399656372e-15,-8.728180143334808e-16,0.027519339647365786,-0.07059837469462892,0.09844211685901855,-0.3619976923937625,0.024638178206173728,0.017240501998345214,0.024739936910423872,0.011878405393405168,0.036529471067307404,-0.018349082069189605,0.04044901900949345,0.00047792865269633326,-0.0008202286031042174,5.553990845570133e-15,-0.00027431889844140066,1.4801936207217034e-16,4.4564503496285286e-15,2.98730154153686e-15,1.1313466457865016e-15,8.760663677857432e-15,2.167669232242696e-15,6.502218116767035e-15,1.120301995351923e-14,4.628735768490479e-15,8.895750835360766e-15,-8.524609166463527e-15,-3.499665758015736e-15,2.7685358139832295e-15,-1.027576669837839e-15,0.0,0.0,0.0,0.0,0.0,0.0,0.0,0.0,0.0,0.0,0.0,0.0
0.006844171230396166,0.0011284833214082852,-1.3692001913649511e-14,-2.882291748231898e-14,-6.539618247116971e-16,-0.004316543882093708,-0.06887506377701963,0.02410807730878509,-0.005400231247402632,-2.004027238363808e-14,0.0004985327971420261,0.0001667303081529616,-1.1767817349283592e-13,-0.11048374621491873,0.008819952273561686,-0.00016322481681529157,-0.0003005470858566191,-0.0011011051573580563,-0.00019580028355300997,-5.2653040545771024e-5,-0.00017256545871296235,-0.0006147404223312764,-0.00033969487545655017,-0.0006078171927570348,-0.0004787920861296607,-0.0008118654747983101,-2.2470338339592628e-6,-1.0715742748838578e-15,-2.1947022572530415e-15,-1.5209812760976227e-16,-2.246240083394871e-15,-3.4566266089082218e-15,-4.498532418256148e-15,-1.2439550434893599e-15,2.7226387166300933e-15,-9.99356445406336e-16,7.489676217022895e-15,4.350996957538504e-15,-1.5756341549479848e-15,0.014653026471533551,-0.1650331294321512,0.020673961691986677,-0.09754118814663586,0.020665540176500248,0.014506533632443879,-0.012595903514489692,-0.017879189655621387,0.030401646004918983,-0.11224655957643924,0.0421336558278254,0.00042019030918453667,-0.023872510389557063,8.316538668958291e-16,-0.007983970235155749,-1.2437568895858685e-16,7.561612359816102e-15,5.629385519938445e-15,1.961066895986225e-15,1.2876891436900399e-14,5.153724876820382e-15,1.2311148165273073e-14,1.9051287705974495e-14,6.9327409667502604e-15,8.355565318663522e-15,-1.061076815660804e-14,-3.3396666471091256e-15,6.236319062471575e-16,-4.212643257382907e-16,-0.0,-0.0,-0.0,-0.0,-0.0,-0.0,-0.0,-0.0,-0.0,-0.0,-0.0,-0.0
0.00023999509999262614,0.0010512747253078652,-6.952453843052833e-15,-1.240726269373885e-14,-9.322785279338334e-16,-0.004195720932845572,-0.06528596994975298,0.010370504800962596,-0.004906549289065238,-6.573662781039656e-13,0.0002034183964497909,6.803165633179059e-5,-1.169005844375945e-13,-0.01241535983519885,0.00831621353853892,-0.0001785049695415262,-0.0001374443005586929,-0.0011921990903983697,-0.00020623975484906486,-4.66626786020129e-5,-0.00021476841607972246,-0.0005968122478901777,-0.0003576159393494378,-0.0006263734178334551,-0.0003590838548636885,-0.000793052638956122,-5.098540215134971e-6,-6.447705069455349e-16,-1.368488690258004e-15,-8.850823325829463e-16,-1.313886083136377e-15,-1.859771515958371e-15,-2.5181810273201484e-15,-1.1180475935755004e-15,1.150609182260519e-15,-5.126099280285727e-16,1.3926855206383786e-15,3.2120063290357846e-15,-8.797021114702162e-16,0.027519632577466036,-0.07059822542238646,0.09844324376346872,-0.36199746558352325,0.024638173552394897,0.017240654619623954,0.02474006127779524,0.01187849210270453,0.03652952820632709,-0.01834888780289912,0.04044906297005793,0.00047792904793206076,-0.0008199335809775816,5.5517802632678086e-15,-0.00027422023064996694,1.430511701311949e-16,4.50801787068347e-15,3.023184683867575e-15,1.1476816969056868e-15,8.893189181723053e-15,2.193410504743221e-15,6.628337580868551e-15,1.1368991478824624e-14,4.675132585220513e-15,8.968433617872462e-15,-8.596669536441946e-15,-3.530002663233761e-15,2.7642353220988668e-15,-1.0284404018200748e-15,-0.0,-0.0,-0.0,-0.0,-0.0,-0.0,-0.0,-0.0,-0.0,-0.0,-0.0,-0.0
-0.0005818112591307514,0.00010498062383503054,-8.187342813766906e-17,1.227869823251421e-16,4.810052236453662e-17,-0.0003939323805723239,0.022748893462326635,-0.0016896102973890323,-0.0005095481202189302,-1.0918496792936636e-13,5.932509147172572e-5,1.984080253002962e-5,2.3184179678009842e-15,-0.009473732006485654,-0.0014155301113675733,-1.4281057741189044e-5,-3.5965178679576376e-5,-9.28771749341323e-5,-1.7534641529890627e-5,-5.998672074101012e-6,-1.3977169642912573e-5,-5.5828354440490096e-5,-3.007743085616866e-5,-5.3448073731627426e-5,-4.8774150616823874e-5,-7.216400858272403e-5,-3.705432489179283e-7,-4.489221343446225e-17,-8.557902237255532e-17,9.884561026343271e-17,-1.3091428413942487e-16,-3.7518112776705797e-16,-2.803153733820934e-16,1.107986354789973e-16,1.4484385344497727e-16,-6.865328251314402e-17,9.820464699602535e-16,1.329765129734172e-16,5.2627467458170154e-18,-0.00022193781992486687,0.004534761372817446,0.00023602855768005532,0.020045224510956514,-0.0004212605370925631,-0.0002907583244434731,0.0006459463842812289,0.0007053299560919133,-0.0006106481161752522,0.003450654791985524,-0.0009387914249209567,-8.572077440992679e-6,-0.003272388493454929,8.297576684425718e-16,-0.0010944241683552992,1.245050291948886e-16,5.056721087516271e-16,3.6052643554750557e-16,5.509025954950866e-17,7.233843026022266e-16,1.5162382194836615e-16,3.619015940183677e-16,3.2922949169331737e-16,3.671531006934669e-16,3.4787326389078655e-16,-1.1270396469996696e-15,-3.984145973851185e-16,-4.585997692419312e-16,4.738012057542348e-17,-0.0,-0.0,-0.0,-0.0,-0.0,-0.0,-0.0,-0.0,-0.0,-0.0,-0.0,-0.0
-1.3263579905758906e-7,3.7180978288111964e-5,6.827083494944616e-17,6.716180140606153e-16,1.1669788608991758e-16,-0.00014872289611663828,-1.4402047031904225e-5,2.609919544342003e-6,-0.0001733048458133811,-1.8579266409146594e-13,6.5548008154044875e-6,2.1922007266646187e-6,-9.269848563639265e-16,-9.652324569646529e-5,-2.0304154549768446e-6,-5.639151992793373e-6,-2.5441879583758487e-6,-4.7040027443545744e-5,-6.05184069076413e-6,1.4278975211911837e-6,-7.119853668700317e-6,-2.157068579434508e-5,-1.206199963033055e-5,-2.2644724904897718e-5,-1.297814508250099e-5,-3.085906117025996e-5,-2.6150391000635614e-7,-2.3049427053462026e-17,-3.3552748389718266e-17,3.217190801583627e-17,-2.798544444714976e-17,-6.683975836472742e-17,-8.35438677322387e-17,7.569755065585567e-18,4.404607457899897e-17,-1.443929728614846e-17,2.5960624088272646e-16,4.317118738092674e-17,-1.4668710210482586e-17,1.088405714540624e-6,3.3714243419353247e-7,5.276590880979363e-6,2.1391904235493575e-7,-1.3323128703552355e-8,5.900255773176793e-7,5.73567906700172e-7,3.5551525988056376e-7,3.0483329511806316e-7,7.477685331908055e-7,2.694429816479544e-7,2.857183091742592e-9,9.7777756302389e-7,1.2240989737013363e-15,3.27009887984416e-7,5.685173488241837e-17,1.347815814353308e-16,3.756708129435313e-17,-1.0570666528714016e-16,1.765588755272312e-16,-9.127521752991362e-17,-1.1403506960060525e-16,-3.6111840132541237e-16,2.0109620659424655e-16,3.8204548478822624e-16,-6.047817662001014e-16,-3.882876197632633e-16,-4.003206229541023e-17,1.9418516496099044e-17,-0.0,-0.0,-0.0,-0.0,-0.0,-0.0,-0.0,-0.0,-0.0,-0.0,-0.0,-0.0
-0.0005819424320796935,0.00014165718778985596,-1.2394032189177786e-17,8.039284687806695e-16,1.647353326650809e-16,-0.0005406395163263295,0.022734651826653057,-0.0016870319640879979,-0.0006805010828644715,-2.951305643473715e-13,6.578616231444836e-5,2.200165601676259e-5,1.3524200952537395e-15,-0.009570235392785778,-0.0014175351302227704,-1.9830996318194702e-5,-3.8438299860733256e-5,-0.00013935715623039285,-2.3483014671973064e-5,-4.540123906340295e-6,-2.099003132922899e-5,-7.711354965385854e-5,-4.196323560238968e-5,-7.579219173249689e-5,-6.158297098481907e-5,-0.00010265446713686524,-6.298261489640314e-7,-6.768323523107573e-17,-1.1858734201463083e-16,1.3088686680138001e-16,-1.5833169532777858e-16,-4.4104525704482706e-16,-3.6270233595298744e-16,1.1853874569728705e-16,1.881506096662414e-16,-8.282519727527884e-17,1.2391518800520046e-15,1.7511566483550975e-16,-9.038576185684605e-18,-0.00022086582522960283,0.004535094285132662,0.00024124267620632316,0.020045444076160452,-0.0004212744066895608,-0.00029017699790808544,0.0006465129856039203,0.000705680858990497,-0.0006103475044600119,0.0034513941600610165,-0.0009385257411293803,-8.56925694349659e-6,-0.00327142787329518,2.0539742856004728e-15,-0.0010941028966236284,1.8162191055906115e-16,6.377019338265333e-16,3.9617874364658654e-16,-5.1488052468182385e-17,8.92871201344112e-16,5.897502197072008e-17,2.4113642304521457e-16,-4.074566484166675e-17,5.657733830864617e-16,7.260399267543942e-16,-1.7279760590573087e-15,-7.85083253293553e-16,-4.984025559852527e-16,6.684475331003173e-17,-0.0,-0.0,-0.0,-0.0,-0.0,-0.0,-0.0,-0.0,-0.0,-0.0,-0.0,-0.0
-9.81891266762292e-9,-6.41186720421195e-7,1.951216371273128e-15,1.3087003927773902e-15,4.329545074354319e-16,1.983657223550604e-6,-1.4634897820019685e-6,-5.673541954410927e-7,2.399793662464615e-6,-2.144268147261407e-15,-2.5035072146616377e-7,-8.372779743136304e-8,1.772430028383606e-14,7.445211370976848e-6,-3.6961322074888717e-8,5.22869490388013e-7,1.2415908737567076e-6,-1.8194156798195375e-6,6.109680526678362e-7,1.622980265050759e-6,4.706264330138435e-7,1.755160822699689e-7,9.751811318692098e-7,1.1656349097758929e-7,-5.921251927683531e-8,-1.5935672194131842e-6,-1.9871604536118885e-7,3.7877601874148886e-17,1.1006086423717476e-16,3.272282490163042e-16,1.174203122247627e-16,1.643910026067348e-16,1.330370051685441e-16,1.850782955607115e-16,6.311497034311894e-17,2.856151995751624e-17,8.4372064007052e-16,-4.53651054166844e-16,3.0638107836947556e-17,-6.991523297853404e-8,-1.321857592180125e-7,2.3151790138859157e-7,-2.01818939524179e-8,-8.521243757799054e-9,-2.433012048506754e-8,4.839843770689538e-8,-3.354372002994283e-8,1.3420746075792922e-8,-9.603002311421002e-8,3.642803082571987e-8,7.571106771237116e-10,-1.2643321835976068e-6,2.5876769374963947e-16,-4.228457935066348e-7,-3.552273950395068e-17,-1.1463305145678235e-16,-5.3472857400516936e-17,-7.734777397424643e-17,3.6608110567628463e-17,-1.0206649822318035e-16,-4.3232504177430594e-17,-1.9782337785456062e-16,-1.235184783554038e-16,-1.6262452666127364e-16,1.8232401068803153e-16,-1.094810955691044e-16,-9.973476571072782e-16,3.328494388727903e-16,-0.0,-0.0,-0.0,-0.0,-0.0,-0.0,-0.0,-0.0,-0.0,-0.0,-0.0,-0.0
-2.6527159771845193e-7,7.436195660151237e-5,1.3654159338604096e-16,1.3432359768033601e-15,2.33395755202448e-16,-0.0002974457923115462,-2.8804094006446494e-5,5.219839110902507e-6,-0.0003466096917216206,-3.7158532809889223e-13,1.3109601640603175e-5,4.384401456634048e-6,-1.8891933303561762e-15,-0.00019304649168473359,-4.060830908466772e-6,-1.1278304006109333e-5,-5.088375965533512e-6,-9.408005481571491e-5,-1.2103681405791798e-5,2.855794978796533e-6,-1.4239707355812201e-5,-4.31413715957583e-5,-2.4123999298769194e-5,-4.528944981427388e-5,-2.595629016272305e-5,-6.171812227757647e-5,-5.230078128355576e-7,-4.609885559221952e-17,-6.710550109524635e-17,6.434380320010788e-17,-5.597089349869778e-17,-1.3367952317572427e-16,-1.6708774068126674e-16,1.513950287371859e-17,8.809214668308619e-17,-2.8878595692280314e-17,5.192124486807699e-16,8.634239255084164e-17,-2.933742162237799e-17,2.1768114318320986e-6,6.742848735943179e-7,1.0553181752880823e-5,4.278380854694271e-7,-2.66462570626189e-8,1.1800511555891892e-6,1.1471358115087096e-6,7.110305210817243e-7,6.096665897257036e-7,1.495537070113905e-6,5.388859618826167e-7,5.714366162049095e-9,1.9555551755747852e-6,2.4481979372558477e-15,6.540197925567658e-7,1.1370347115779968e-16,2.6956316736579337e-16,7.513416468554917e-17,-2.1141332754126823e-16,3.5311774961901767e-16,-1.8255043105751757e-16,-2.28070137505927e-16,-7.222367948936258e-16,4.0219241803206163e-16,7.640909759535214e-16,-1.2095635395497845e-15,-7.765752352335313e-16,-8.00640854819254e-17,3.88370199402076e-17,0.0,0.0,0.0,0.0,0.0,0.0,0.0,0.0,0.0,0.0,0.0,0.0
-9.843433747137346e-9,-6.411884059724e-7,1.9512164379327498e-15,1.3087003962400328e-15,4.329545179423088e-16,1.9836616349618306e-6,-1.464388107462205e-6,-5.673814682714771e-7,2.3998032930633363e-6,-2.1442683874655796e-15,-2.503546138278984e-7,-8.372909921215794e-8,1.775421407863603e-14,7.4463556396012995e-6,-3.698313794041022e-8,5.228694258579134e-7,1.2415930852250455e-6,-1.8194161297148266e-6,6.109680916037347e-7,1.6229804696516897e-6,4.7062605404750304e-7,1.7551669745892932e-7,9.751811401824439e-7,1.165636604605957e-7,-5.921075926213717e-8,-1.5935664770608107e-6,-1.987160589820515e-7,3.787760420409651e-17,1.1006086963569976e-16,3.2722825113717506e-16,1.1742031998889462e-16,1.6439102077585879e-16,1.3303701922548437e-16,1.8507829458407738e-16,6.311496482190491e-17,2.85615234315106e-17,8.437206143497857e-16,-4.536510668690887e-16,3.063810836266547e-17,-6.986115639504259e-8,-1.321145635188946e-7,2.3173786763766067e-7,-2.01541980719604e-8,-8.48856180419248e-9,-2.43061340498389e-8,4.84802548578252e-8,-3.349006827866877e-8,1.3470382223452394e-8,-9.590490279183206e-8,3.64710134642722e-8,7.577775152195627e-10,-1.2640385187549004e-6,2.587676980276949e-16,-4.227475796430214e-7,-3.5522748592633337e-17,-1.1463306248087063e-16,-5.347287038869533e-17,-7.734777822308882e-17,3.660813500106168e-17,-1.0206651301337246e-16,-4.3232468150354755e-17,-1.978233629868219e-16,-1.2351848209628528e-16,-1.6262450985170583e-16,1.8232403106958133e-16,-1.0948109630746771e-16,-9.973476518598042e-16,3.328494416902247e-16,-0.0,-0.0,-0.0,-0.0,-0.0,-0.0,-0.0,-0.0,-0.0,-0.0,-0.0,-0.0
-0.0010502163362746079,1.8268280321635098e-5,2.3213486312201406e-16,8.731332428410639e-16,7.067604346555053e-17,-8.969017867894207e-5,0.005280936480859683,-0.0009709435731042443,-7.206299449949902e-5,-1.7001194499408102e-13,-2.2783672369769597e-5,-7.6198170641351496e-6,6.426068719526469e-16,0.003766548559479673,0.0002472613120870235,-4.895212344758044e-6,1.4381823151899021e-5,-4.275681772319381e-5,-4.2603982370643645e-6,3.208558851012029e-6,-8.398223497058302e-6,-1.333205293571105e-5,-9.805020005669239e-6,-1.7338325484029136e-5,2.009204613932891e-6,-2.0402680483092213e-5,-2.3596370580799928e-7,-3.5639616226715484e-19,6.533074591832716e-18,7.708044928765895e-18,4.151756535365121e-18,-3.8294254015786474e-17,-4.485881445621211e-18,3.809463916829172e-17,-2.0607217005713845e-17,7.794732771731399e-19,6.995978786873361e-17,-1.39332478861842e-17,2.868414379036529e-17,0.0003480308861865783,-0.0019125414990322832,-1.600187610445489e-5,-0.008873671729102929,0.00015705156538055556,7.590081674666188e-5,0.000665178918566275,0.00024101772109734582,-5.270653837031573e-5,0.0027106242613191747,-0.0001514099455318266,2.341241840884457e-6,0.0021185545505883886,1.2294704169633399e-15,0.000708533631252606,5.649140876388941e-17,3.7663540063291255e-17,-2.775661119793401e-17,-6.59292330763176e-17,4.0363761165908955e-17,-1.5802574502571204e-16,-2.7661551133055987e-16,-5.39220715095705e-16,1.114747906680012e-16,3.5123035069647255e-16,-4.333888012751936e-16,-5.387264547150366e-16,-2.0019337382796793e-17,-4.3555637517555835e-18,0.0,0.0,0.0,0.0,0.0,0.0,0.0,0.0,0.0,0.0,0.0,0.0
-0.0035677359122141712,0.00040190258367542515,-1.1055741040166914e-15,-3.034645897506251e-15,1.014372386533838e-15,-0.0016156185520967983,0.03762705324242401,0.0007768579009047137,-0.0018601814870612896,-9.897599458781075e-13,5.300164999125996e-5,1.7725978086915896e-5,4.295022827034607e-15,-0.023718359879035585,-0.004882319903621143,-6.49077863847108e-5,-2.222035191810655e-5,-0.0005098759828238846,-6.881944887058524e-5,1.0662842077118939e-5,-8.239268484577255e-5,-0.00023422742864659445,-0.0001372383144522238,-0.00024818395239459116,-0.00013284610667797198,-0.00032617420335748725,-1.461191099457333e-6,-3.175530263547219e-16,-5.557349028635637e-16,7.10212131720931e-16,-6.328472172441378e-16,-1.446107606735597e-15,-1.5048060548499808e-15,2.7278924621116574e-16,1.030428859063458e-15,-3.458334198322249e-16,5.372875631994388e-15,6.673728905004583e-16,-2.8399210116399352e-16,0.0035010072453029446,-0.0027895746154043004,0.010796716653381097,0.02302786645369266,0.0016856538142130924,0.0007217944288383061,0.00951906258229878,0.005903762283381219,0.0003473933184287676,0.029676705806573642,-0.0014792411949361396,1.4150493774190423e-5,0.0015360967297285816,7.9413011106312e-15,0.0005137352699004038,3.051353991804845e-16,2.7513902531671948e-15,1.8197045545192484e-15,3.499707367485159e-17,4.254829404766199e-15,7.726367617124881e-16,2.2826299308542162e-15,2.4775583288580433e-15,2.8351880000902786e-15,3.7437078480593594e-15,-5.870336800861574e-15,-4.797512672449315e-15,-1.9283819596914395e-15,4.775614966700412e-16,-0.0,-0.0,-0.0,-0.0,-0.0,-0.0,-0.0,-0.0,-0.0,-0.0,-0.0,-0.0
-0.002111290257111639,0.0001850711774098009,-6.607823151137727e-17,-3.2148763297014094e-16,4.460802708220208e-16,-0.0007572401973624918,0.017289941103158353,-0.0005661356465685633,-0.0008471231034454189,-5.039535388920345e-13,4.540261928528281e-6,1.5184543039725093e-6,1.5359594773233018e-15,-0.004044826811145551,-0.002246925296354726,-3.189353107554675e-5,6.42839398718017e-7,-0.00024751462449496643,-3.348572505135141e-5,5.134890961220222e-6,-4.204333015925185e-5,-0.00010970117277527667,-6.632538323292564e-5,-0.00011886766333920015,-5.456074982538184e-5,-0.00015302351615068227,-8.981565544374806e-7,-1.197514275429915e-16,-2.0502047971233708e-16,2.736505367073936e-16,-2.3294489451610464e-16,-5.643368425986894e-16,-5.679927423686042e-16,1.2975590505814724e-16,3.717358680091984e-16,-1.280294182178012e-16,2.0638396694403167e-15,2.4271387812203467e-16,-8.683595458253595e-17,0.0026553262433614273,0.005071005872857962,0.010951392767957155,-0.02030696326977,0.0011748200660449382,0.000607850442417311,0.007149760412401418,0.004885650827819969,0.0007668103955330589,0.02024504732200963,-0.0006101434778696297,1.287065321328375e-5,0.002337402541246891,4.018547008778785e-15,0.0007817255919984156,1.5905866972159603e-16,1.0792354482586337e-15,6.731625825304919e-16,-3.4474159579214887e-17,1.733841014875836e-15,1.6070464204100415e-16,6.96725603423569e-16,6.673126529929308e-16,1.174141767018408e-15,1.8147839232639747e-15,-2.6094053220335603e-15,-2.245412630491926e-15,-7.299222252412689e-16,1.7407698953371274e-16,0.0,0.0,0.0,0.0,0.0,0.0,0.0,0.0,0.0,0.0,0.0,0.0
5.8176886419077015e-5,0.0001350588753124781,-2.3829098321595824e-15,-6.781020232620171e-16,1.796077668889666e-16,-0.0005009855112591428,0.015772498662370373,0.00336063545341763,-0.000655929194965708,-4.975949260871446e-13,8.11532668693104e-5,2.7141061273633296e-5,-7.606303035543277e-15,-0.03117180789648067,-0.003373102498803391,-1.3819712626315701e-5,-3.8449803570559544e-5,-0.00013849519251426195,-1.5184339347090378e-5,7.251962706387415e-6,-1.3136676995952273e-5,-7.34946041273117e-5,-3.424970351843059e-5,-6.921997238810328e-5,-6.664372695686088e-5,-0.00010677774363841252,-2.7946212999420437e-8,-1.789258494844968e-16,-3.373261433721497e-16,1.51223659566631e-16,-3.812674279697224e-16,-7.940898299780565e-16,-8.283409521445577e-16,1.8333241285257912e-17,4.821232112885899e-16,-1.869807376278314e-16,2.1746692729235805e-15,5.634863764335012e-16,-1.6043800955865832e-16,-2.092573384974178e-5,-0.009237153631801498,-0.0029601669627834213,-0.026285240684458797,0.00017369286059736995,-0.0001086897601389357,0.00046656280318008067,-0.0001928295715919805,-0.000689512037910365,0.0038422973480400353,-0.0008126874247192363,-4.871671482438104e-6,-0.004728778194695498,3.646014880853958e-15,-0.0015815020598620262,3.3215365494828974e-16,1.029367716822932e-15,7.680796456168402e-16,-5.215166759171189e-17,2.9183192056110034e-16,4.93211853261443e-16,-8.059519241608386e-16,-3.1503957471683815e-16,1.0863289509204627e-15,1.046120333717641e-15,-2.4268767346643853e-15,-1.953195617414819e-15,-4.673792292572301e-16,8.105467646340666e-17,-0.0,-0.0,-0.0,-0.0,-0.0,-0.0,-0.0,-0.0,-0.0,-0.0,-0.0,-0.0
0.00021599525982411353,0.000946244125227424,-6.256686377443098e-15,-1.1168836699990498e-14,-8.386720181440717e-16,-0.0037765355666391676,-0.05875740390989553,0.009333461055784127,-0.004416345581908643,-5.916617123746325e-13,0.0001830943648859549,6.123444646897085e-5,-1.0520440820141069e-13,-0.011173924269671915,0.007484587131368139,-0.00016067114669033534,-0.000123711791773921,-0.0010730908457484165,-0.00018563446659391247,-4.1998997940871046e-5,-0.00019331182740184652,-0.000537186252294343,-0.000321888007959112,-0.0005637942497745406,-0.0003232083132369941,-0.0007138198098611758,-4.589057982242989e-6,-5.803574488625145e-16,-1.2317407098252715e-15,-7.96288259343204e-16,-1.1826018739335113e-15,-1.6740053360329692e-15,-2.2666519228806884e-15,-1.0061730936413924e-15,1.0358367165906543e-15,-4.614178463065458e-16,1.2548665975778502e-15,2.890828467213478e-15,-7.918353743487153e-16,0.024767672406420436,-0.06353840167885169,0.08859893187719094,-0.32579771836776567,0.022174356220576272,0.015516590786730086,0.022266056542897067,0.01069064386609394,0.03287657615024365,-0.01651399698398411,0.036404157305045426,0.0004301361493568121,-0.0007379362681152611,4.997011844430606e-15,-0.00024679688494558483,1.2862169838533435e-16,4.057992147339069e-15,2.7213680456170023e-15,1.0329881227561486e-15,8.005897368457475e-15,1.9743520068170234e-15,5.967633167030992e-15,1.02341253396809e-14,4.208316904453106e-15,8.072389948613674e-15,-7.73809589460282e-15,-3.177501591488768e-15,2.4871050337049275e-15,-9.253709050134816e-16,-0.0,-0.0,-0.0,-0.0,-0.0,-0.0,-0.0,-0.0,-0.0,-0.0,-0.0,-0.0
0.022488066119745336,0.0025885285197515292,-2.254358946281058e-14,-6.496539275111364e-14,2.083027982323358e-15,-0.009712481322995495,-0.05990621127428573,0.05402945996132747,-0.012530494231581243,5.699185168138331e-13,0.0014330446546411179,0.0004792703273145985,-1.1382555383652519e-13,-0.303099705285986,-0.030486444122682983,-0.00034703247901162805,-0.0008484084128999028,-0.0023477104765560588,-0.00042223520189282345,-0.00011431088924366463,-0.000339908726897458,-0.0013835975544933472,-0.0007369607055614163,-0.001329045538016617,-0.0011955863491680562,-0.001814830519910973,-3.730150913098546e-6,-2.439883282034105e-15,-4.7928409558298176e-15,2.9348472410387642e-15,-5.08846534420995e-15,-8.584927496418719e-15,-1.0929993987460013e-14,-1.048501579100878e-15,7.894480585754255e-15,-2.5223280992103487e-15,2.95197645435982e-14,7.512318837371749e-15,-3.6514710717582526e-15,0.03218193263900181,-0.005021114654647585,0.15665574633505575,0.02070158954173757,0.026737415948874074,0.017448144613477948,0.05143460191814664,0.03562011760676285,0.03885047514298584,0.043668136833627386,0.03602698415178073,0.00044005345577840957,-0.07846876813355784,1.1543908744755635e-15,-0.02624325213163878,-3.969261906006871e-16,1.869493864766983e-14,1.4538903166116476e-14,3.9711597240377645e-15,3.1499570419430496e-14,1.2992476432036608e-14,3.083744919169926e-14,4.7186210473464053e-14,1.6330588524571527e-14,1.592340077161109e-14,-2.4544593292131067e-14,-9.134246282347897e-15,-7.655702248853158e-15,1.9445891731673354e-15,-0.0,-0.0,-0.0,-0.0,-0.0,-0.0,-0.0,-0.0,-0.0,-0.0,-0.0,-0.0
-0.014789579200950633,0.0010054685238764195,1.4373681378832902e-14,-1.3933489079583259e-14,1.7910306396352087e-15,-0.0044299006575706235,-0.044950150336120195,-0.02271693538752541,-0.004381013846773219,4.290591826703302e-13,-0.00044071587669946823,-0.000147393901375734,1.6484895244854914e-14,0.1995168575894004,0.018638176577318272,-0.00024599055063714024,0.00019311954401895166,-0.0015011059731195246,-0.000266929151079937,-5.857088164237884e-5,-0.0003472655520325534,-0.0006261965714560555,-0.00045795202658140507,-0.0007437496267835747,-0.0001259612024155608,-0.0008035092584696428,-9.01811818446432e-6,3.545470983228135e-17,1.4369286264504014e-16,8.604369723576257e-16,2.965784229349831e-16,6.739084971620562e-16,3.272834850471828e-16,2.0636253302316545e-16,2.48790820169286e-16,8.517773455760121e-17,1.5999936762915902e-15,-7.183569311657553e-16,-1.6894330770973907e-16,0.03250388992066884,0.03198529457641227,0.13738791419247426,0.017758537491697767,0.021387663841251032,0.015361326966968035,0.05018272032363701,0.03352558187018039,0.03225156310776298,0.07011524129011301,0.02867708371735659,0.0004203009639375228,0.05166635406687112,1.6889443379656344e-16,0.017279399036676975,-1.92545879764353e-15,4.09352319929188e-15,1.890861142586316e-15,1.4130110131690261e-15,2.0341154412564426e-14,-2.1638089400666333e-16,2.1598590558132784e-14,2.0735358976663486e-14,3.975306553487778e-15,1.0856745987677383e-14,-5.752163606726166e-15,-2.687438568522079e-15,-1.554437051215424e-15,5.073954885537644e-16,0.0,0.0,0.0,0.0,0.0,0.0,0.0,0.0,0.0,0.0,0.0,0.0
5.0588248424494025e-6,1.0701860963611102e-5,1.743970731131799e-15,1.2582593323064863e-15,4.484242260339282e-16,-3.997136739240741e-5,0.0013724430741198607,0.0002921189204550714,-5.277023607690518e-5,-4.5670623742673356e-14,6.739575352052123e-6,2.253997092495253e-6,1.704500220240608e-14,-0.0017014893481453982,-0.001299968328688147,-6.055098548512637e-7,-2.0457549496785305e-6,-1.3419769470506777e-5,-6.240070527840452e-7,2.2824286004508468e-6,-5.834407823512507e-7,-5.9882039988400305e-6,-1.8600527507592408e-6,-5.662080613776742e-6,-5.723031956946034e-6,-1.0590251199691307e-5,-1.992716919884481e-7,2.249813812323328e-17,8.110685615532295e-17,3.401931449816131e-16,8.465003182265083e-17,9.597953195960888e-17,6.180071143565757e-17,1.8676180595854013e-16,1.0447482866575796e-16,1.2489717997938606e-17,1.030814794837307e-15,-4.0529129507489434e-16,1.6961867166041583e-17,-1.9062329453293089e-6,-0.000804693594223086,-0.00025765060874715555,-0.002289467721879212,1.511982635069801e-5,-9.498395401936317e-6,4.0680005635312065e-5,-1.683309895271405e-5,-6.004633543231849e-5,0.0003345598313542176,-7.075138857231963e-5,-4.235925514085147e-7,-0.00041315340433282523,5.769080991241872e-16,-0.00013817585285338978,-6.2710466887649664e-18,-2.741632051826132e-17,1.1798215743171568e-17,-8.259400354269719e-17,5.525187362236583e-17,-6.022363146971711e-17,-1.201277472782078e-16,-2.334883112913927e-16,-3.105506561673906e-17,-7.473593267689846e-17,-2.5780598449754625e-17,-2.7855766872220997e-16,-1.0375683286051832e-15,3.3984652588802577e-16,0.0,0.0,0.0,0.0,0.0,0.0,0.0,0.0,0.0,0.0,0.0,0.0
5.309894762263856e-5,0.00012291092300452085,-2.3057368141582137e-16,6.856908029059522e-16,5.952865146335185e-16,-0.00045639255878817113,0.01439717681262671,0.0030673717637629567,-0.0005975956239983975,-4.566000934478343e-13,7.388249645312887e-5,2.4709410238448118e-5,1.065509954808731e-14,-0.029455422651459937,-0.002073199653965234,-1.2139358115370524e-5,-3.389839389586432e-5,-0.00012852990757932365,-1.3305147449330315e-5,8.222081845976094e-6,-1.1576915779884941e-5,-6.706251437118416e-5,-3.0382073168415145e-5,-6.32265943788258e-5,-6.098387635270706e-5,-9.925489492183135e-5,-2.25280043303569e-7,-1.2565068141493342e-16,-1.9840182499650579e-16,4.6397845920157e-16,-2.311620235242076e-16,-5.613031809852038e-16,-6.238375284954114e-16,2.0109525972613167e-16,5.030558194251311e-16,-1.422704793128799e-16,2.8259401364895547e-15,6.266337973287896e-17,-1.1595933888479114e-16,-1.916456410534012e-5,-0.008432726305018729,-0.0027020735304170563,-0.02399581444137452,0.0001585559809108296,-9.924278706281124e-5,0.00042597735981634986,-0.0001760650773234074,-0.0006294400709178033,0.0035075423788842445,-0.0007418641948641742,-4.446574674727449e-6,-0.004318157838687497,3.588045112824047e-15,-0.0014441733647752545,2.6795020272595457e-16,8.260604985915658e-16,6.482136037991082e-16,-1.2453290996685822e-16,3.0469408095060267e-16,3.48561271024047e-16,-7.782160689884938e-16,-4.831145515770392e-16,8.692945458227515e-16,7.948440928925944e-16,-2.035516992364565e-15,-1.8929807776128494e-15,-1.4202020996305665e-15,4.055143022590956e-16,0.0,0.0,0.0,0.0,0.0,0.0,0.0,0.0,0.0,0.0,0.0,0.0
0.007934844675981708,-0.0024980544432452617,-1.0403614664785809e-14,5.2709718404959433e-14,-1.5331436998307805e-15,0.010208245639397765,-0.06858902929382751,0.026162032089832258,0.01148388040891407,-1.0925342416927086e-13,-0.00012161886554709736,-4.067445721018307e-5,1.6121240169219968e-15,-0.11434789202806143,0.0015822986906143812,0.00046152364101645555,0.0001237546665036234,0.0030820518789033257,0.0005180588296186704,8.654674231640032e-5,0.0005869894739842625,0.001452422896053952,0.000910239245151878,0.0015740378839779392,0.0007342263361668156,0.001934773672607732,1.5681652949190265e-5,7.409781234961892e-16,1.5441407457425098e-15,-1.1975322354682962e-15,1.7054142456603459e-15,3.2145991643282127e-15,3.4337827099476917e-15,-6.085852581682274e-17,-2.5599683948985288e-15,8.748307793368068e-16,-1.0122000284760965e-14,-2.8875951859595956e-15,1.120360751668883e-15,0.007819481568704455,-0.012854018270047868,-0.04122023562268669,0.010070138748064806,-0.38014831986936626,0.014743656935428796,0.024865772750387115,0.02294680038336106,0.03803517954014829,-0.01682018039370272,0.04267280726992005,0.00022889680845923163,-0.027748896011692666,3.58050614149592e-15,-0.009280396414117167,1.9652265709105033e-15,-1.1802132676129019e-14,-6.999209650855566e-15,-2.9755711425622338e-15,-2.9969353064757516e-14,-4.031561676215891e-15,-3.315579443356525e-14,-3.5579076772854565e-14,-8.826176171190567e-15,-1.0788045477525087e-14,1.411888074215059e-14,5.413714564369445e-15,9.800003871472937e-16,-1.1430839622341509e-16,-0.0,-0.0,-0.0,-0.0,-0.0,-0.0,-0.0,-0.0,-0.0,-0.0,-0.0,-0.0
0.004755307394874942,0.00015679677458390763,-9.20071170619565e-15,-6.875627299246547e-15,-5.466447902205125e-16,-0.0004914939640130596,-0.06778192381178529,0.01974913227768726,-0.0008275349189382393,1.214271946754331e-13,0.00023164208256328054,7.747084249769702e-5,-6.417837049788209e-14,-0.08720590151174691,0.0176975432619315,-7.681779177057671e-6,-0.0001351926063973375,-3.807850552021615e-5,-1.551493030540685e-5,-1.743225971996054e-5,8.476996438186879e-6,-6.959214928473135e-5,-2.2950041949645684e-5,-4.6110644956295467e-5,-0.0001194053522938629,-8.36920733842749e-5,1.689144469156245e-6,-4.540650987185134e-16,-9.109494578004505e-16,-2.2524174899397483e-16,-8.900259650561605e-16,-1.1709093824028794e-15,-1.817437854390143e-15,-7.35144119622262e-16,1.0882010876765676e-15,-3.777124113623948e-16,2.396281972659529e-15,1.7453841065410808e-15,-7.146786708545168e-16,-0.011777979393644776,-0.025403174301981715,-0.17620425940777587,0.0010012567950423701,-0.06580990672572058,0.010581891670691122,0.000733694430882752,0.009756376365575694,0.032014263258680876,-0.06539615279036957,0.04155280049878631,3.342752416248975e-5,-0.01659721904409537,5.1769817243603e-16,-0.005550807211809405,1.5584648890189857e-16,2.0301958050056196e-15,1.836590638577081e-15,5.898684358333178e-16,2.2477453560687633e-15,2.2492926008697758e-15,1.5625286823854907e-15,5.091729706283302e-15,2.288040994864475e-15,3.0218429969484688e-15,-3.0687580875793485e-15,-6.11648050236995e-16,1.9292383678618517e-16,-1.4117614652430001e-16,-0.0,-0.0,-0.0,-0.0,-0.0,-0.0,-0.0,-0.0,-0.0,-0.0,-0.0,-0.0
0.007934844675971438,-0.002498054440273259,-1.0403614671948741e-14,5.2709718348795774e-14,-1.5331436994608467e-15,0.010208245627521036,-0.06858902929471387,0.026162032090013713,0.011483880395056814,-1.0925342326243231e-13,-0.00012161886499480964,-4.067445702547493e-5,1.5981402518069308e-15,-0.11434789202818858,0.001582298690460802,0.00046152364049076083,0.00012375466608470213,0.003082051875603742,0.000518058829008819,8.654674213567328e-5,0.0005869894733538382,0.0014524228943718685,0.0009102392441136994,0.0015740378822067557,0.0007342263351692172,0.001934773670436178,1.568165293616178e-5,7.409781219719884e-16,1.5441407425309073e-15,-1.1975322346977808e-15,1.7054142423094148e-15,3.2145991585723767e-15,3.4337827031229775e-15,-6.085852682193589e-17,-2.559968390537534e-15,8.74830777759481e-16,-1.0122000270009449e-14,-2.8875951798712345e-15,1.1203607495017063e-15,0.00781948156880077,-0.012854018270010297,-0.04122023562231719,0.010070138748086491,-0.38014831986936476,0.014743656935479387,0.024865772750430254,0.022946800383390416,0.03803517954017176,-0.016820180393643348,0.04267280726993981,0.00022889680845943153,-0.027748896011599355,3.5805061407880635e-15,-0.009280396414085972,1.9652265693454297e-15,-1.1802132659898998e-14,-6.999209639557743e-15,-2.9755711374155727e-15,-2.996935302303174e-14,-4.0315616681106396e-15,-3.3155794393855443e-14,-3.557907672059427e-14,-8.826176156583515e-15,-1.0788045454637206e-14,1.4118880719474871e-14,5.413714554816472e-15,9.800003857940722e-16,-1.1430839649574195e-16,0.0,0.0,0.0,0.0,0.0,0.0,0.0,0.0,0.0,0.0,0.0,0.0
7.78250247115578e-7,-0.0002088527622668119,-2.0345164411413753e-15,1.949978650878659e-15,2.9061749771641068e-18,0.0008373005291218215,6.952199229613206e-5,-1.0150564392936701e-5,0.0009762748305905093,8.619818317173568e-14,-3.818902822475209e-5,-1.2772015162054376e-5,-7.057641073780911e-15,0.000633611067451323,1.1107654274880832e-5,3.50491950899673e-5,2.434155523358692e-5,0.0002426758272551025,4.048523744611302e-5,7.011225240147862e-6,4.272104218015009e-5,0.0001187523794579289,6.993159883950139e-5,0.00012508823691916723,7.126914998806464e-5,0.0001618877782740796,1.8725099008967618e-6,-9.271180076487953e-18,-2.0875709175461774e-17,1.3049557253329615e-17,-1.1658810066417386e-17,-4.611167662988698e-17,-5.058562262580535e-17,-1.6816050513807277e-17,6.8463881147739405e-18,-5.369000846490278e-18,8.316901020348139e-17,3.8707881004224386e-17,-1.1603971799139399e-17,-6.508258861896353e-6,-2.0361814574516626e-6,-2.7257773963240475e-5,-1.436836124481643e-6,-1.2399874968581837e-7,-3.4878429683575935e-6,-3.26866673681443e-6,-1.920478007844861e-6,-1.701722660871227e-6,-3.6864840728371015e-6,-1.564870827493025e-6,-1.730926495091497e-8,-4.937314094084367e-7,5.052541779361927e-16,-1.6512452276561667e-7,-7.999415791762272e-18,-1.2068401605310607e-16,1.270227253430706e-16,1.558750488836105e-16,5.257452624998676e-16,3.0448343510420325e-18,2.7281630072605494e-16,2.846633919036982e-16,2.5681933665050027e-16,7.947420497451973e-16,1.1105070740900508e-18,-5.726503434671649e-16,-2.904759961815546e-17,2.4176018770125246e-18,-0.0,-0.0,-0.0,-0.0,-0.0,-0.0,-0.0,-0.0,-0.0,-0.0,-0.0,-0.0
7.785526428196313e-7,-0.00020885283995360882,-2.0345164390344662e-15,1.9499798484712497e-15,2.9061884410804715e-18,0.0008373008348878428,6.951485819499568e-5,-1.014979946113665e-5,0.0009762751966867186,8.619816845890971e-14,-3.818905011827592e-5,-1.277202248416855e-5,-7.136777936786434e-15,0.0006336124510343593,1.110798398651577e-5,3.504920795653323e-5,2.434156996643709e-5,0.00024267590945335014,4.048525255604194e-5,7.011229694537422e-6,4.272105703883905e-5,0.00011875242276018998,6.993162461488854e-5,0.0001250882815165067,7.1269178652523e-5,0.00016188783456453452,1.8725102641568976e-6,-9.27115092370993e-18,-2.0875645958964235e-17,1.3049532577402556e-17,-1.1658729244953907e-17,-4.611149863852017e-17,-5.058546533587001e-17,-1.6816065209183372e-17,6.846297482731042e-18,-5.368961648169197e-18,8.316860283743325e-17,3.870775416938982e-17,-1.1603945984613634e-17,-6.508529881180023e-6,-2.0366215136451733e-6,-2.7260142589827552e-5,-1.4369025960245452e-6,-1.3018850426042664e-7,-3.4878120232033866e-6,-3.268899467303917e-6,-1.9205430502038086e-6,-1.7015534753824068e-6,-3.6875229654251343e-6,-1.5645921875283435e-6,-1.7311044810168124e-8,-4.931184167644067e-7,5.052542643278926e-16,-1.649195122544185e-7,-7.99940903561235e-18,-1.2068439116989223e-16,1.2702246466404994e-16,1.5587493299565475e-16,5.257444772756318e-16,3.044658779256319e-18,2.72815526272836e-16,2.8466243324558634e-16,2.568190693691116e-16,7.947417432534257e-16,1.1110342555848886e-18,-5.726501972931896e-16,-2.904749917677438e-17,2.4176085774827388e-18,-0.0,-0.0,-0.0,-0.0,-0.0,-0.0,-0.0,-0.0,-0.0,-0.0,-0.0,-0.0
1.556802889924918e-6,-0.00041770560221696573,-4.0690328801756376e-15,3.899958499350162e-15,5.812363418246176e-18,0.0016746013639962333,0.0001390368504932349,-2.0300363854515347e-5,0.0019525500272608769,1.7239635163254965e-13,-7.63780783426008e-5,-2.5544037646079743e-5,-1.4175704100510483e-14,0.0012672235184892405,2.221563826140423e-5,7.009840304711331e-5,4.86831251998548e-5,0.00048535173671330545,8.097049000235632e-5,1.4022454924738426e-5,8.54420992199401e-5,0.00023750480221969815,0.00013986322345502458,0.0002501765184379229,0.00014253832864051828,0.00032377561284075356,3.7450201645615587e-6,-1.8542331000186974e-17,-4.1751355134418425e-17,2.6099089830717058e-17,-2.3317539311359683e-17,-9.22231752684008e-17,-1.0117108796163396e-16,-3.363211572298962e-17,1.3692685597508625e-17,-1.0737962494654705e-17,1.6633761304090017e-16,7.741563517362244e-17,-2.320791778369912e-17,-1.3016788743130261e-5,-4.072802971009934e-6,-5.451791655345685e-5,-2.873738720485873e-6,-2.541872537416503e-7,-6.9756549916070235e-6,-6.537566204131118e-6,-3.841021058079723e-6,-3.403276136245142e-6,-7.374007038245269e-6,-3.1294630150048307e-6,-3.46203097851359e-8,-9.868498261224567e-7,1.0105084422639825e-15,-3.300440350302314e-7,-1.59988248274084e-17,-2.4136840722305806e-16,2.5404519000711793e-16,3.1174998187924786e-16,1.051489739775514e-15,6.0894931302902795e-18,5.456318269989144e-16,5.693258251492085e-16,5.136384060195763e-16,1.589483792998454e-15,2.2215413297438342e-18,-1.1453005407604367e-15,-5.809509879474694e-17,4.835210454499102e-18,-0.0,-0.0,-0.0,-0.0,-0.0,-0.0,-0.0,-0.0,-0.0,-0.0,-0.0,-0.0
-9.843428548425665e-9,-6.411898637724026e-7,1.9512164352556564e-15,1.308700369903716e-15,4.3295451336625293e-16,1.98366746617956e-6,-1.464387542609508e-6,-5.673815706509061e-7,2.399810088014639e-6,-2.144261101925104e-15,-2.5035487082829155e-7,-8.372918515762797e-8,1.7640915390570244e-14,7.44635942484752e-6,-3.698305833013022e-8,5.228696470339551e-7,1.2415931850602667e-6,-1.8194142850405978e-6,6.109683285497593e-7,1.6229804136934934e-6,4.7062633325636613e-7,1.7551754348851448e-7,9.751816129282429e-7,1.165645486866419e-7,-5.9210251080048845e-8,-1.5935652669087802e-6,-1.987160481680423e-7,3.787760510792662e-17,1.1006087095138985e-16,3.272282498756282e-16,1.174203210862748e-16,1.6439102339681907e-16,1.330370225014579e-16,1.8507829428724312e-16,6.311496309474779e-17,2.856152399771189e-17,8.437206041699363e-16,-4.536510685619389e-16,3.0638108937862287e-17,-6.986119910361131e-8,-1.3211457665318727e-7,2.3173766066301379e-7,-2.0154206448632737e-8,-8.488561286877622e-9,-2.43061571973882e-8,4.848023235751402e-8,-3.3490082219371214e-8,1.347037026302114e-8,-9.59049320884315e-8,3.647100288840542e-8,7.577774341559149e-10,-1.2640385571171998e-6,2.587676500271802e-16,-4.22747592459502e-7,-3.55227508219652e-17,-1.1463306776598848e-16,-5.347287186176617e-17,-7.734777407800496e-17,3.660812807782969e-17,-1.020665094341753e-16,-4.3232463678539564e-17,-1.9782334882613348e-16,-1.2351848998180348e-16,-1.6262452483276133e-16,1.8232405478475729e-16,-1.0948108108160313e-16,-9.97347650290036e-16,3.32849440928773e-16,0.0,0.0,0.0,0.0,0.0,0.0,0.0,0.0,0.0,0.0,0.0,0.0
1.5571052856493277e-6,-0.0004177056799059387,-4.069032878068723e-15,3.899959696942861e-15,5.812376882156949e-18,0.0016746016697707692,0.00013902971639084718,-2.0299598922780057e-5,0.001952550393367625,1.723963369186162e-13,-7.637810023645516e-5,-2.554404496830293e-5,-1.42873961286083e-14,0.0012672249020700722,2.2215967973034907e-5,7.009841591335771e-5,4.8683139933203704e-5,0.00048535181890868714,8.097050511233569e-5,1.4022459386309375e-5,8.544211407805191e-5,0.00023750484552106495,0.00013986324923000875,0.0002501765630336795,0.00014253835730502953,0.0003237756691304124,3.7450205276823644e-6,-1.8542301847405464e-17,-4.1751291917906825e-17,2.6099065154789504e-17,-2.331745848988276e-17,-9.222299727700092e-17,-1.0117093067167846e-16,-3.3632130418360224e-17,1.369259496543602e-17,-1.0737923296326988e-17,1.663372056747495e-16,7.741550833875306e-17,-2.320789196919169e-17,-1.3017059762354893e-5,-4.073243027242317e-6,-5.452028517976043e-5,-2.8738051921182967e-6,-2.60377008369067e-7,-6.975624046415451e-6,-6.537798934604991e-6,-3.841086100476972e-6,-3.4031069506928235e-6,-7.375045930873763e-6,-3.1291843749441833e-6,-3.4622089674906054e-8,-9.862368335105223e-7,1.0105085286556938e-15,-3.2983902451775683e-7,-1.5998818071227664e-17,-2.4136878233990215e-16,2.54044929328019e-16,3.117498659912649e-16,1.0514889545510165e-15,6.089317558455072e-18,5.456310525454178e-16,5.693248664908324e-16,5.136381387381042e-16,1.5894834865066325e-15,2.2220685113429126e-18,-1.1453003945863365e-15,-5.809499835344829e-17,4.835217154956443e-18,0.0,0.0,0.0,0.0,0.0,0.0,0.0,0.0,0.0,0.0,0.0,0.0
-9.84342855366443e-9,-6.411898634793809e-7,1.9512164352556608e-15,1.3087003699038863e-15,4.3295451336624924e-16,1.983667465022019e-6,-1.4643875424784904e-6,-5.673815707062006e-7,2.3998100864492725e-6,-2.1442611018958624e-15,-2.503548708165526e-7,-8.372918515397932e-8,1.7631814713830913e-14,7.446359425067317e-6,-3.6983058310808655e-8,5.228696471649577e-7,1.2415931836308477e-6,-1.8194142846717916e-6,6.109683287116969e-7,1.6229804137174883e-6,4.7062633331168336e-7,1.7551754369043342e-7,9.75181612952985e-7,1.1656454840859796e-7,-5.9210251000241844e-8,-1.5935652671439765e-6,-1.9871604838115837e-7,3.7877605107929026e-17,1.1006087095139852e-16,3.272282498756277e-16,1.1742032108628167e-16,1.6439102339683736e-16,1.3303702250147752e-16,1.8507829428724633e-16,6.311496309473206e-17,2.856152399771459e-17,8.437206041698863e-16,-4.536510685619539e-16,3.0638108937865134e-17,-6.986119913633167e-8,-1.3211457668590932e-7,2.3173766056175e-7,-2.0154206447088467e-8,-8.488561284894967e-9,-2.4306157216507997e-8,4.848023231573606e-8,-3.34900822290804e-8,1.347037024594536e-8,-9.590493213863054e-8,3.6471002885075497e-8,7.57777410960343e-10,-1.2640385571084328e-6,2.587676500272149e-16,-4.227475924587059e-7,-3.5522750821960566e-17,-1.1463306776603714e-16,-5.347287186179843e-17,-7.734777407801524e-17,3.6608128077714565e-17,-1.0206650943419519e-16,-4.323246367865801e-17,-1.9782334882627236e-16,-1.2351848998184233e-16,-1.6262452483281394e-16,1.8232405478481527e-16,-1.0948108108158712e-16,-9.973476502900136e-16,3.328494409287731e-16,-0.0,-0.0,-0.0,-0.0,-0.0,-0.0,-0.0,-0.0,-0.0,-0.0,-0.0,-0.0
-0.001184885303133607,-0.0004656234190188973,-3.3861821961990908e-15,3.3149117517217545e-15,-3.730712662280967e-16,0.001861153067443015,0.0007832842862514821,0.011496471054695881,0.0021804652654614344,1.1548262454330684e-13,-9.403634465890063e-5,-3.144970363247542e-5,-1.743405328282235e-14,0.004125015278825072,0.000175405054963572,7.957366879280321e-5,6.648363464757479e-5,0.0005174941784911849,9.413903811074777e-5,2.979758876104291e-5,9.514087827036406e-5,0.0002624179443244684,0.00015681522336472492,0.0002749830884516369,0.00015993343494221418,0.0003501457517967664,3.7825208620466002e-6,1.6181215369111733e-17,1.62047673717304e-17,-1.7689503268843262e-16,7.982970019559252e-18,-3.0272303587983705e-17,-1.736687392837678e-17,-6.174124408109821e-17,-1.0037711736607842e-16,2.737828390645806e-17,-4.138833971129284e-16,-3.011532227044289e-17,4.368716689489045e-17,-0.00017345935789179128,0.0004751753478968507,-0.0011695971415412903,0.0002640462508756979,-0.0080026775912521,-0.0002685317950221137,0.00019870865898962713,0.0015416495606878626,-0.003678651454784819,0.002146593339846442,-0.000493698471363507,-2.9080919544397126e-6,0.000659360524145884,1.6035037654986538e-15,0.00022051785560445238,5.838637974437725e-17,-2.6312600383183537e-16,2.539313272544738e-16,3.4384704667892043e-16,4.893857797605399e-16,1.8444307246248082e-16,2.292865852965216e-16,6.738911641251961e-16,5.399903439828156e-16,1.114589210099651e-15,-1.9207596555224597e-16,-9.237002418966287e-16,-1.721157173420686e-17,3.013349964499086e-17,0.0,0.0,0.0,0.0,0.0,0.0,0.0,0.0,0.0,0.0,0.0,0.0
-0.002522738963138483,-0.0011229262755661402,-1.3060720790849281e-14,1.644816120062685e-16,-9.427081493097243e-16,0.004533008334017946,0.002739253544730297,0.042955345293081024,0.005236122917708847,4.632093412456902e-13,-0.00016843884829429326,-5.633302610761283e-5,-7.197259251198624e-14,-0.006353070544483236,-0.002634475710348954,0.0001985299560826367,0.000132539342699212,0.0012743223743229286,0.0002362028156695767,8.377591358344051e-5,0.0002418400521314554,0.0006365193773621672,0.00038575255197015345,0.0006746274395887203,0.00036558525433484814,0.0008527079875748375,1.1287134635462825e-5,-2.580850481520634e-16,-5.686100805413519e-16,-2.081760739345386e-16,-6.417006027924732e-16,-1.2636908433982586e-15,-1.4767461103817654e-15,-3.149921960625408e-16,6.827691895440515e-16,-2.395531451023942e-16,2.466854044670024e-15,9.174709951193625e-16,-3.1958721224384483e-16,0.0019745465820299787,0.002281346117598172,0.015561281104158862,0.0021205874097290013,0.022328041869665083,-0.0004708491707396233,0.0036994395206875726,0.006911068596277377,-0.01217718734948352,0.013372405092626254,-0.0018533576281184463,1.4257722349623394e-5,-0.003221091057311195,5.360103801235302e-15,-0.001077268150974373,-1.1687413581953549e-17,2.0402510110772793e-15,2.9756850179727444e-15,1.852083424855521e-15,7.541034973284385e-15,2.3151928488398072e-15,6.862577352023078e-15,1.0271432300638688e-14,4.309428143594243e-15,6.422398968269734e-15,-4.419446675046121e-15,-4.601332179948521e-15,-9.196716536313471e-16,3.1114503259677503e-16,-0.0,-0.0,-0.0,-0.0,-0.0,-0.0,-0.0,-0.0,-0.0,-0.0,-0.0,-0.0
-0.0012969976296513242,-0.0007827745328175975,-7.575880959080656e-15,3.143520693491051e-15,-5.919221132630712e-16,0.0031588234959395996,0.0016391209446815443,0.025044193950842134,0.0036466809346073496,2.5491273874128597e-13,-0.00011539452760116302,-3.859277715288799e-5,-3.800431461563124e-14,-0.004924063167297481,-0.002372948557521154,0.00013835997764474062,8.977541062462272e-5,0.0008935875882567731,0.00016336770844268777,5.361721999094215e-5,0.0001688738992879896,0.00044455583733820226,0.0002699431405184802,0.0004714933763580157,0.00025438612360425004,0.0005944812466481599,7.216431481458036e-6,-8.722334699256606e-17,-2.0126624315090693e-16,-1.6860121777312196e-16,-2.3631731892526152e-16,-5.032251525309176e-16,-5.810103792499768e-16,-1.459437887512293e-16,2.0635645163566297e-16,-7.375391377081168e-17,7.8225369252958e-16,2.9002563145386434e-16,-8.975702408250786e-17,0.0021628014446927793,0.0019978741218769666,0.01617092292256363,0.001686257156090994,-0.010908150897354148,-7.334339141414433e-5,0.0033705263357776765,0.004644402072169711,-0.006753765169106216,0.010299663889764395,-0.001073144893093551,1.821100342783289e-5,-0.002403546360077112,3.2449470387792955e-15,-0.0008038468633840553,8.536907318431827e-17,4.67182441570309e-16,1.2615863299071394e-15,8.840405870448524e-16,2.6959016797966975e-15,1.0108001074139822e-15,2.1796425261051432e-15,3.8342010969848755e-15,1.9127830910341913e-15,2.9907080533297065e-15,-1.6649089380014123e-15,-2.3439955578051226e-15,-4.90765562726539e-16,1.8118738418129118e-16,-0.0,-0.0,-0.0,-0.0,-0.0,-0.0,-0.0,-0.0,-0.0,-0.0,-0.0,-0.0
4.929186460728817e-5,-0.00021228556083429862,-2.293936294970142e-15,9.794360221356858e-16,-1.9176698862455485e-16,0.0008662561329978447,0.00045350654610208993,0.006920939892928705,0.0009813885912167033,5.544831521032981e-14,-1.631307903449902e-5,-5.455778855866482e-6,-1.0613754721593331e-14,-0.006915102644214754,-0.0003356974807956591,3.920430935770493e-5,1.6392946712595794e-5,0.00025153935448478387,4.571517238491829e-5,1.4232769162170211e-5,4.906275440984527e-5,0.00012196486616162254,7.592834215918999e-5,0.0001313738984641716,6.391603151840033e-5,0.00016251736108622368,1.9926223170397938e-6,-2.8211512294071157e-17,-6.468874476702474e-17,-6.341189531924683e-17,-7.623359251308719e-17,-1.5366198116922728e-16,-1.7398947584706298e-16,-5.0314213913295616e-17,5.953737123604082e-17,-2.4879820594733717e-17,1.881816832565603e-16,1.1005790410776699e-16,-2.7885599656030784e-17,-0.000295659518937132,-0.0005038730850889476,-0.0011661005383809173,6.0461937476849414e-5,-0.004001901263461594,-0.0001992525873239351,-0.0002012449290109237,0.0005781473086591511,-0.0019214058635962062,0.0002316782652384924,-0.0003182250999631549,-3.8048444395500737e-6,-0.0018859680301976697,8.06006152082728e-16,-0.0006307469290764972,6.349548041893809e-17,5.631765609446061e-17,2.959426687937832e-16,1.9678951433805387e-16,2.7128738975342806e-16,2.832793258241978e-16,1.0749100002085406e-16,5.81070373827531e-16,4.1964829641412703e-16,5.53228863600989e-16,-3.320952694583542e-16,-5.310183287986823e-16,-8.414478652490364e-17,3.158824164672998e-17,-0.0,-0.0,-0.0,-0.0,-0.0,-0.0,-0.0,-0.0,-0.0,-0.0,-0.0,-0.0
0.007141360004411444,-0.0022481812912923654,-9.364509050858997e-15,4.743559257164371e-14,-1.3797117496646185e-15,0.009187152050864192,-0.06173014570953093,0.023545835046329375,0.010335178301288833,-9.825246845123054e-14,-0.00010944438082442431,-3.6602798132614415e-5,1.4297962864060339e-15,-0.10291294088632912,0.001424065403549181,0.0004153591251969473,0.00011136947412067246,0.0027737719192890762,0.0004662392707188049,7.788853822543483e-5,0.0005282760472806096,0.0013071421179786037,0.0008191908933710846,0.0014165936170976608,0.00066078114745938,0.0017412483452373295,1.4113689364282799e-5,6.667767919827524e-16,1.3895169116650756e-15,-1.0776556884537337e-15,1.5346568489008162e-15,2.8927535167528285e-15,3.0899380341320016e-15,-5.48214024629512e-17,-2.303651968634223e-15,7.872409634758024e-16,-9.108592528489801e-15,-2.5984713025467636e-15,1.008167438671537e-15,0.007037535641975954,-0.011568615355641543,-0.037098203739564836,0.009063125359458113,-0.3421334878643096,0.01326929238421579,0.022379196340737605,0.02065212108516748,0.03423166209492786,-0.015138160687389057,0.03840552690672604,0.0002060071302102723,-0.02497400066056487,3.222609602788564e-15,-0.00835235484967782,1.7685748047266875e-15,-1.062092372374146e-14,-6.2985008201584356e-15,-2.6776574607143947e-15,-2.6969677620203522e-14,-3.62788426087232e-15,-2.9837480614314305e-14,-3.201789830455594e-14,-7.942528200597912e-15,-9.707700671367551e-15,1.2705646455181226e-14,4.871500081364174e-15,8.817899750655965e-16,-1.0283660147015431e-16,0.0,0.0,0.0,0.0,0.0,0.0,0.0,0.0,0.0,0.0,0.0,0.0
0.02248799940826903,0.002606353161074854,-2.2448453287805478e-14,-6.492636280031693e-14,2.074070121596398e-15,-0.009783938220352412,-0.05991220209793345,0.0540303242281835,-0.012613823452160427,5.380243176905259e-13,0.001436305737411913,0.00048036097037448095,-1.1405102256591163e-13,-0.3031649637446691,-0.030487393657758256,-0.00035003708755525714,-0.0008504641081068364,-0.0023685868133108516,-0.0004256333385756732,-0.00011472772599333666,-0.0003435994451625827,-0.0013937491297814383,-0.0007430093237872432,-0.0013397403388319719,-0.001201684463407054,-0.0018285388066136923,-3.899938006891164e-6,-2.4407156850891298e-15,-4.794366227215281e-15,2.917487963770508e-15,-5.089948402697818e-15,-8.584521525874439e-15,-1.0927145439005679e-14,-1.0538700809431255e-15,7.885300304933128e-15,-2.5215160291969123e-15,2.946090591579695e-14,7.526781476754722e-15,-3.648567084842273e-15,0.03218248886447054,-0.005020944097441375,0.15665809009228257,0.020701708068557114,0.026737423790463413,0.017448445622872018,0.05143488102169209,0.035620282678372424,0.038850620126714704,0.04366845002318035,0.036027116850231376,0.0004400549756139611,-0.07846874173420063,1.28135829820853e-15,-0.02624324330258459,-3.8289975218756495e-16,1.8688176705664265e-14,1.4504842420087618e-14,3.926305052490711e-15,3.1379908027092095e-14,1.2959645690092158e-14,3.071927531971614e-14,4.701702990501761e-14,1.6304365952256494e-14,1.587650289716718e-14,-2.4585773536710674e-14,-9.102239614839939e-15,-7.591468211643751e-15,1.9276087495115768e-15,0.0,0.0,0.0,0.0,0.0,0.0,0.0,0.0,0.0,0.0,0.0,0.0
-0.014789552801450428,0.00099789685568347,1.4565330830549244e-14,-1.3837686905571241e-14,1.841605628500482e-15,-0.0043996295378070744,-0.04494786028273876,-0.02271738788610574,-0.004345709335389459,4.3870581758630815e-13,-0.00044211568534171706,-0.00014786205618450444,1.8872153788054096e-14,0.2190883434485135,-0.0009276387445680754,-0.00024467201024454217,0.00019415542230752128,-0.0014926664790137838,-0.00026539136265431,-5.8083424458231576e-5,-0.00034568227276928756,-0.0006219087300603534,-0.00045533040227240955,-0.0007392450691569041,-0.00012341701291212277,-0.0007979042231262874,-8.982374794647967e-6,4.077729699666274e-17,1.5864511445085109e-16,9.015827159908975e-16,3.117447914045445e-16,6.959320227908568e-16,3.462385535338968e-16,2.2850787350992357e-16,2.5629072194451895e-16,8.888864942930955e-17,1.7005760431972211e-15,-7.761666439311839e-16,-1.6550619156864996e-16,0.03250364780696196,0.0319852019760535,0.13738696888210641,0.017758482603312028,0.021387657604750247,0.015361199514715188,0.050182609662206494,0.0335255082539635,0.03225150369019708,0.07011509377354087,0.02867703276794024,0.00042030046083021424,0.05166614191282316,1.2953979343519842e-16,0.017279328083451444,-1.9356651399149567e-15,4.07131197853251e-15,1.8810775558227033e-15,1.4036097488165051e-15,2.032595541321449e-14,-2.2381908678199426e-16,2.1611773917763032e-14,2.0706860689219277e-14,3.949589662187221e-15,1.079559190280375e-14,-5.688578155844789e-15,-2.6740133317638875e-15,-1.676385836783376e-15,5.491474935669893e-16,-0.0,-0.0,-0.0,-0.0,-0.0,-0.0,-0.0,-0.0,-0.0,-0.0,-0.0,-0.0
2.0457755055505896e-6,-9.536134368256252e-6,1.855636421927728e-15,1.3504021586368123e-15,4.2495348957008776e-16,3.827694490646163e-5,1.7459306835310103e-5,0.0002880332724983612,4.352255114237228e-5,1.5231348133099091e-16,-9.385668605707581e-7,-3.138961826979192e-7,1.725997508660996e-14,-0.00017855429047985126,-0.00011639381219890925,2.1653154933778208e-6,1.9314086149886738e-6,8.716698799943333e-6,2.5261599753323777e-6,2.2193021402953657e-6,2.5256712233530473e-6,5.28554772791147e-6,4.1563783232587025e-6,5.620241328739804e-6,2.620368932034833e-6,5.2142264859456016e-6,-1.1543278776574142e-7,3.672236921716642e-17,1.0740844755725352e-16,3.2457414076972285e-16,1.1428759777489386e-16,1.5806182481169386e-16,1.258747632870264e-16,1.829940813373147e-16,6.553817701610692e-17,2.754571586477643e-17,8.51367915767028e-16,-4.491457495487798e-16,2.9505002984021e-17,-1.2400254782031476e-5,-2.114416835046803e-5,-4.839990963263004e-5,2.500794154591937e-6,-0.00016688780508980792,-8.333869500490056e-6,-8.344051404054104e-6,2.4074831939765694e-5,-8.010948939332947e-5,9.564231697827483e-6,-1.3233798188503206e-5,-1.5790704908429098e-7,-7.991019705071438e-5,2.924238413957435e-16,-2.672532651177519e-5,-3.28463976254403e-17,-1.1252671220328427e-16,-4.129232709594677e-17,-6.921219165365338e-17,4.726046763374709e-17,-9.036374945013339e-17,-3.939584527838484e-17,-1.7439690043819034e-16,-1.062344606834394e-16,-1.3988292524650598e-16,1.688089632657472e-16,-1.3151977273038245e-16,-1.000839412905764e-15,3.34170934588433e-16,0.0,0.0,0.0,0.0,0.0,0.0,0.0,0.0,0.0,0.0,0.0,0.0
4.7226511972733974e-5,-0.00020406298588602082,-2.4733785467685593e-16,2.2469959134360063e-15,2.4912548988686664e-16,0.0008320711966657273,0.0004331285032415129,0.006631769936445446,0.0009428110806133247,5.1004001778497636e-14,-1.58809443741153e-5,-5.311254873990056e-6,7.530639195924811e-15,-0.006721620471204429,-0.0002193759984285143,3.809004943461633e-5,1.6948532439650564e-5,0.0002392196947799648,4.4417031401302015e-5,1.5260511346856855e-5,4.748477968901809e-5,0.00011704809998419986,7.373297042292937e-5,0.00012600547638142308,6.118782239770169e-5,0.00015413966262753788,1.710793977863892e-6,1.0833117826873683e-17,4.804480985316689e-17,2.6641834245742123e-16,4.434085134440611e-17,1.7098649737005018e-17,-3.373407232250346e-17,1.3683543602726276e-16,1.2017209143687307e-16,4.711155070767272e-18,1.0239828505469078e-15,-3.481064599538602e-16,3.906528494346133e-18,-0.0002833999723394121,-0.00048299350544908523,-0.0011172411727495756,5.7920618747619216e-5,-0.003835030450238246,-0.00019096785129870165,-0.00019280438002924072,0.0005540051938407753,-0.0018412696825464035,0.00022192160630805574,-0.00030491857460766234,-3.6454240202130074e-6,-0.001808586749860086,1.0311156668535477e-15,-0.0006048673785468277,2.5319934747596863e-17,-6.058131786128487e-17,2.301809065725736e-16,1.1127219470993708e-16,2.9685168291856193e-16,1.6943732056920854e-16,6.001485113035258e-17,3.5934460252302665e-16,2.787184510516143e-16,3.677102594316427e-16,-1.360590396099508e-16,-6.183703038954115e-16,-1.0778672880576432e-15,3.6307565026393025e-16,-0.0,-0.0,-0.0,-0.0,-0.0,-0.0,-0.0,-0.0,-0.0,-0.0,-0.0,-0.0
0.012673511715022118,-0.0015807847717624357,-1.1657420799124044e-14,2.4336768035540795e-14,-1.7031967505461814e-15,0.006670141120947492,-0.07085562983920755,0.035983512228231346,0.0071081213534805515,-5.871067643330021e-13,0.00024307069989134696,8.129305219684954e-5,-5.6808405002948645e-15,-0.18258523424767453,-0.00408749911075818,0.00034033489826738373,-5.8389656245042384e-5,0.0020751322563584036,0.00037848711001463114,9.908832821236788e-5,0.00045280913573497993,0.0009427860163964641,0.000647580316274633,0.0010650266607480337,0.0003486219360979944,0.0012033880729367837,1.0951323942222618e-5,2.0984117853546901e-16,4.622646075593599e-16,-1.0792790439319676e-15,5.015116363681234e-16,1.3111391974105274e-15,1.1575096575625188e-15,-4.940788906635844e-16,-9.912238205063206e-16,3.138738356325234e-16,-5.4615675014729845e-15,-6.756898168702903e-16,2.8625214447745654e-16,0.01949660456763387,-0.0054652666247290435,0.06217979163617413,0.010456121821572874,0.009348308987389743,-0.35442022363648873,-0.020151744605510898,0.010874575722425471,0.013393095950101012,-0.05671015766341214,0.043334154600404795,0.00018237574012171245,-0.04428714578884868,3.195136745793521e-16,-0.014811481826068397,1.8520967965612922e-15,-7.470091179972285e-15,-4.32778658796655e-15,-2.5750952242853493e-15,-2.8238835702979533e-14,-1.2298824916845982e-15,-2.8462405785048336e-14,-2.95468588561601e-14,-6.607065201677704e-15,-1.3540565311646738e-14,1.047203738882054e-14,5.829618170266052e-15,1.6671411560216081e-15,-2.5220022337164855e-16,-0.0,-0.0,-0.0,-0.0,-0.0,-0.0,-0.0,-0.0,-0.0,-0.0,-0.0,-0.0
0.009159709481606857,0.00036043265943511995,-1.2450289984479996e-14,-1.5556873870589164e-14,-6.169698381525959e-16,-0.001183439298468172,-0.06901093086362295,0.02873411348196096,-0.0018686037508611074,3.1496156769156286e-14,0.00045500727469890864,0.0001521735451668334,-7.025352366623038e-14,-0.14543397515197728,0.010210139987770275,-1.9412769627224557e-5,-0.0002521436058729618,-0.00017331447871750253,-3.320424823664197e-5,-1.5296752404821644e-5,8.826468373736966e-6,-0.00016974762497613043,-5.7165489205008316e-5,-0.0001264764199541592,-0.0002528960471511853,-0.00022955331719826208,1.7322911878032318e-6,-7.126766785072104e-16,-1.4246839204039745e-15,-8.462167263387462e-17,-1.4496129960067655e-15,-2.1055406978217694e-15,-2.939913617470194e-15,-8.891825630130774e-16,1.849104053560969e-15,-6.468223385756923e-16,5.027002646239721e-15,2.61717122533985e-15,-1.0692824526442129e-15,0.003956288367584892,-0.012531048828567315,-0.030473282518267118,-0.00028752058766516543,-0.0069468176272092005,-0.0033223398849805213,-0.07825517940574508,-0.012905716678431333,-0.010627857379480367,-0.1377649061527008,0.041482823299844686,-8.168591684526021e-5,-0.03197543236041503,-5.379811834971659e-16,-0.010693927704116642,1.976573396934386e-16,3.762378455378995e-15,3.1142569500304504e-15,7.000163868007924e-16,3.384487057284182e-15,3.577112640364014e-15,3.1235439975683863e-15,7.626791587554211e-15,3.4872019327104346e-15,2.33630285430348e-15,-4.840268089118219e-15,-5.227207130313861e-16,-2.297215490872859e-16,-3.684199860461921e-17,-0.0,-0.0,-0.0,-0.0,-0.0,-0.0,-0.0,-0.0,-0.0,-0.0,-0.0,-0.0
0.012562592651174391,-0.0015499162676153309,-1.1592002557738003e-14,2.380780031120627e-14,-1.6860462757283552e-15,0.006543695736652626,-0.06970105893472595,0.03558818560401091,0.006966486266280922,-5.768174255804411e-13,0.00024411583808356033,8.164259030907906e-5,-6.309916156159707e-15,-0.18108976903139154,-0.003952533572595963,0.0003343316518991834,-6.0310208488391675e-5,0.0020381119091233356,0.000371668842974276,9.715798256631892e-5,0.00044521977684696816,0.0009248988397547432,0.0006359428301906506,0.0010455597407410203,0.0003398560790401112,0.0011804649265216806,1.0780313632798657e-5,1.9989095581401458e-16,4.4071485780301536e-16,-1.0648666293282803e-15,4.781446688381686e-16,1.264183453856137e-15,1.1092904944839988e-15,-4.928552543003711e-16,-9.589995660360308e-16,3.020575824551791e-16,-5.327315616096804e-15,-6.355484003962134e-16,2.7321629503434504e-16,0.01909325678145724,-0.005525367142749406,0.06075134924931182,0.010238290016857285,0.009130219153479077,-0.3496385414741792,-0.020087806633888015,0.010584507704830288,0.013073940506400233,-0.05623038201844318,0.04262066007358017,0.00017810885359977228,-0.04389921779927749,3.113718032942627e-16,-0.014681742411504514,1.8278803200496067e-15,-7.311571273178051e-15,-4.225375449997363e-15,-2.522514619796608e-15,-2.7749434178250442e-14,-1.1754056624207683e-15,-2.798453160964081e-14,-2.899341486993562e-14,-6.4672005297782e-15,-1.3297356852811605e-14,1.0250049851261741e-14,5.717951130154612e-15,1.645384506300283e-15,-2.5233661133885176e-16,0.0,0.0,0.0,0.0,0.0,0.0,0.0,0.0,0.0,0.0,0.0,0.0
8.729417712113489e-7,-0.00023303713694838342,-1.5741729989625054e-16,1.2250864735536046e-15,4.1118025661979076e-17,0.0009351061509345724,9.330866540255153e-5,-1.3429593851635989e-5,0.0010885316367099831,5.3699715122921337e-14,-4.056565779408668e-5,-1.3566859920441966e-5,-1.891255642399732e-15,-0.0001461985074924882,1.2932042898485971e-5,3.346940547360017e-5,1.3197597621972162e-5,0.00029600001375063923,3.846255170853565e-5,-4.919958289092266e-6,4.1806406082812144e-5,0.00013464840039930173,7.030308216674325e-5,0.00014122775488357149,8.161432382893858e-5,0.00020473737771690574,2.2023371726630864e-6,-8.102957917709222e-18,8.293097916705854e-18,4.5281837393355005e-17,-3.3037137634277895e-17,-2.0289995148290776e-17,-3.708185906434239e-17,3.175791345438476e-17,4.818600324743282e-17,-1.7036032531212676e-17,1.5138678637851608e-16,4.403923219571236e-17,-1.598696032511448e-17,-6.586845078548988e-6,-1.6742749767058676e-6,-3.3328215376269794e-5,-1.4327395914323671e-6,-4.9179310017782755e-8,-3.5343669139148245e-6,-3.810112054281938e-6,-2.0459089410657114e-6,-1.9613356174891667e-6,-4.202029687315319e-6,-1.883805400357838e-6,-1.9813524810414325e-8,-5.043249910515703e-7,7.367822491313637e-16,-1.6866746144704172e-7,4.26366218965832e-16,-5.4015026744178804e-17,-2.251857089766699e-16,-4.102394566113028e-16,-6.863527902026652e-16,-2.1822970935384112e-16,-1.0390765920760994e-15,-6.699537092863274e-16,-1.328798874677264e-18,-1.3681876242779054e-15,-3.3845781898465933e-16,-1.741163946426992e-16,4.954534518803763e-17,-8.546839319149921e-18,-0.0,-0.0,-0.0,-0.0,-0.0,-0.0,-0.0,-0.0,-0.0,-0.0,-0.0,-0.0
-0.001694706071640937,3.165878735460028e-5,-2.1980937864469814e-15,-4.238664809471932e-15,-8.317239158958184e-16,-0.00010935907239240211,-0.0002395702437531863,0.028936855800629126,-0.0001565089206768277,1.2638696800840804e-13,2.9593620019943464e-5,9.897349613841638e-6,-1.3892839470287696e-14,-0.002076837511282273,-0.0011051482035354047,-1.01954932254459e-5,-3.2920533186703674e-5,9.652203378995657e-6,-1.2515182584432124e-5,-1.7480918146542544e-5,-9.0827798157135e-6,-1.3661515578951465e-5,-1.7348698584799007e-5,-1.215612900558509e-5,-1.49391012834143e-5,9.671490666911057e-6,9.868422373882401e-7,-1.304326095858713e-16,-1.8176817470943665e-16,-3.014210625808578e-16,-3.571184484064844e-16,-6.002367842220697e-16,-6.347971868517676e-16,-1.409571844781352e-16,2.7671277553625335e-16,-1.3651578890387988e-16,6.331189503948522e-16,3.342887990795782e-16,-4.3207012312024066e-17,0.00045078632102081676,0.0014776886292096445,0.0036124680753817973,0.00030127607919782853,0.0006487690031548994,0.025334628675970996,0.00422750612397032,0.0011840336621974348,0.0010118423368955447,0.007473658771838892,-0.0012233595194190918,1.19115366771658e-5,-0.0017422199065627838,9.18761272553915e-16,-0.0005826715184199336,3.843458958510321e-16,1.3872182693075665e-15,8.276880450802928e-16,-7.118060965416797e-18,2.6822150522140633e-15,6.734152797720478e-16,2.2328829382071692e-15,3.5321696575801096e-15,1.1973494723690096e-15,4.940729713310312e-16,-2.5168338448534813e-15,-1.0249848115378185e-15,-5.650028576935368e-16,1.2491875111337764e-16,0.0,0.0,0.0,0.0,0.0,0.0,0.0,0.0,0.0,0.0,0.0,0.0
1.7460905696319936e-6,-0.00046611574356738786,-3.2310007960574773e-16,2.444881456934211e-15,8.041644382743161e-17,0.0018703811938701733,0.00018664119982820607,-2.685933871361157e-5,0.002177259493278803,1.0741866033793671e-13,-8.113794877893696e-5,-2.713593825848831e-5,-3.8411010242202534e-15,-0.00029245615867633246,2.5866693373473992e-5,6.694294870500886e-5,2.639245658258602e-5,0.0005920638184588754,7.692981586258629e-5,-9.84769946417144e-6,8.361875084423702e-5,0.00026932158477731017,0.00014061537540951608,0.000282481789796914,0.0001632443688956661,0.0004095202928147201,4.40593056893378e-6,-1.6367324600781768e-17,1.6123226133432257e-17,8.919110301254959e-17,-6.657614234581809e-17,-4.12776935488207e-17,-7.473226647768838e-17,6.274067394147507e-17,9.61147470969424e-17,-3.419584618762237e-17,2.9924111867505965e-16,9.00015702649224e-17,-3.210626769731314e-17,-1.3174643932757188e-5,-3.3483097141181997e-6,-6.666372677051924e-5,-2.865665715718563e-6,-9.83321144993175e-8,-7.069301233844799e-6,-7.621151001350598e-6,-4.092064363526348e-6,-3.923099893444295e-6,-8.404451145024785e-6,-3.7681218424851066e-6,-3.96340040020631e-8,-1.003410367149917e-6,1.472611968210724e-15,-3.3558257554854935e-7,8.529631960115747e-16,-1.0755645292680951e-16,-4.501884087980174e-16,-8.20230213512693e-16,-1.3729902043055936e-15,-4.3606998828677595e-16,-2.078167683699092e-15,-1.339199452054031e-15,-2.1365063176113205e-18,-2.735948209847657e-15,-6.777493463454475e-16,-3.4780370125389207e-16,1.0330965908174363e-16,-1.8500180278457093e-17,0.0,0.0,0.0,0.0,0.0,0.0,0.0,0.0,0.0,0.0,0.0,0.0
-6.107861162923955e-9,-1.6384223880231453e-6,1.9505428016306554e-15,1.313942865122802e-15,4.3313046915190783e-16,5.9852539924551185e-6,-1.0650930906384664e-6,-6.248506416192347e-7,7.057948125651294e-6,-1.9144646705862908e-15,-4.239469165103124e-7,-1.4178565694703672e-7,1.771259475770928e-14,6.820734219234381e-6,1.835684995084942e-8,6.660948004165356e-7,1.2980694779288934e-6,-5.527456128785125e-7,7.755605831514318e-7,1.6019265058777893e-6,6.49527895492977e-7,7.517165388203169e-7,1.2760285982549414e-6,7.209184816379294e-7,2.9004077053997647e-7,-7.174355023752275e-7,-1.892916179379327e-7,3.7842930234714584e-17,1.1009635948800919e-16,3.274220238019342e-16,1.1727894573046395e-16,1.6430419670756428e-16,1.328783386264453e-16,1.8521419547711648e-16,6.332116477691548e-17,2.848862194465366e-17,8.44368431503712e-16,-4.534626120984839e-16,3.056969616465861e-17,-9.804819207955102e-8,-1.3927927805657824e-7,8.911670003336281e-8,-2.6285308760113585e-8,-8.699013605852048e-9,-3.943072351117095e-8,3.217567373613233e-8,-4.224511140586518e-8,5.0772545215137135e-9,-1.1388661833681526e-7,2.8409661105357983e-8,6.729896883371414e-10,-1.266196707941751e-6,2.619205518850985e-16,-4.2346936875371824e-7,-3.369820789153865e-17,-1.1486421350597597e-16,-5.443650588124185e-17,-7.910330598238415e-17,3.3671028290236377e-17,-1.0300037674284145e-16,-4.767896944267785e-17,-2.00690272258705e-16,-1.2352417629204145e-16,-1.6847939078211557e-16,1.8087569702702785e-16,-1.102261749065433e-16,-9.97135631595138e-16,3.3281286656015615e-16,-0.0,-0.0,-0.0,-0.0,-0.0,-0.0,-0.0,-0.0,-0.0,-0.0,-0.0,-0.0
-0.0017240052402990066,-0.00019812746321677755,-2.383338291556081e-15,-3.084995422523217e-15,-8.037894844705113e-16,0.0008127578836684861,-0.00015150823123883476,0.029311554839032736,0.0009168556689154116,1.8105689832138577e-13,-1.0358986350888801e-5,-3.4644801594808663e-6,-1.5928093376025038e-14,-0.0021465520989423833,-0.0011126025944237102,2.2708324869449362e-5,-2.0161776595368337e-5,0.00030199299488870625,2.5295047885903848e-5,-2.255947632257665e-5,3.2043227426019916e-5,0.0001191434649196044,5.18314498777924e-5,0.00012713124643718348,6.557452890066634e-5,0.00021199644051391,3.173158259023919e-6,-1.3992751576423468e-16,-1.7557401946261336e-16,-2.621030407644624e-16,-3.9406747061067426e-16,-6.274364815585508e-16,-6.786400628489515e-16,-1.1188896652830913e-16,3.2666002115226237e-16,-1.5485354678607829e-16,7.8438979861751145e-16,3.822016203364919e-16,-5.910700627251722e-17,0.00045679776864958506,0.0015070569101099422,0.0036597161453393607,0.0003075036550349833,0.0006624675769822127,0.025749584068170323,0.004300932603089812,0.00120654036569606,0.001031220371175579,0.007604127137514164,-0.0012412531479577035,1.2150713791686382e-5,-0.001743594794599335,1.6573250980982707e-15,-0.0005831313387316817,8.099543488143668e-16,1.350977065622432e-15,6.149787698363304e-16,-4.1229760324862954e-16,2.039940053046564e-15,4.654813146358835e-16,1.2378893394261964e-15,2.9157981876609964e-15,1.2108132091182553e-15,-8.495970915750686e-16,-2.882584553939602e-15,-1.20923086683175e-15,-5.20126663266256e-16,1.1711464983033855e-16,-0.0,-0.0,-0.0,-0.0,-0.0,-0.0,-0.0,-0.0,-0.0,-0.0,-0.0,-0.0
3.858087820451408e-6,-1.4688370122051472e-6,1.931077347437018e-15,1.3046171856148711e-15,4.279686455344303e-16,5.674212477041167e-6,-9.216963591950972e-7,0.0001452093728231854,5.99004071579016e-6,-1.9944305563846886e-15,1.688901083268438e-7,5.648394622187318e-8,1.7675939820023892e-14,-0.00017362272785512503,3.4673290258030965e-6,7.015063260839633e-7,9.863408803720046e-7,-4.222051210389499e-7,8.0122545105718e-7,1.6062260778078388e-6,7.375765153554232e-7,7.048725626034932e-7,1.3187621346577595e-6,7.469466714944578e-7,4.08940157601465e-8,-7.997541892476572e-7,-1.867822339060213e-7,3.736009092816578e-17,1.0933784056722135e-16,3.251664177531199e-16,1.1588202701945934e-16,1.6185789843583673e-16,1.304854654460582e-16,1.8421305451984313e-16,6.387925113956614e-17,2.802472525254457e-17,8.439650205107458e-16,-4.520253683482102e-16,3.061943964006277e-17,-8.62780913528668e-6,-1.1392010423466427e-5,-3.459670961364618e-5,-4.518252011658993e-6,-5.158359383859562e-6,-3.7144801004490096e-6,-1.2859204652538283e-5,-8.504550536988627e-6,-7.816123418578835e-6,-1.9838647345949915e-5,-6.750745267376056e-6,-1.0442294963950259e-7,-4.757043246183028e-5,2.627245689626707e-16,-1.5909550806694397e-5,-3.2366084258044067e-17,-1.129238151751105e-16,-5.2141012060341413e-17,-7.883474603622554e-17,2.963833085086982e-17,-9.943213060167577e-17,-5.283572300377082e-17,-2.0172638230506223e-16,-1.2230617850394473e-16,-1.6987587413588207e-16,1.7746834102634174e-16,-1.1081542727251203e-16,-9.984268585679326e-16,3.3303152590350944e-16,-0.0,-0.0,-0.0,-0.0,-0.0,-0.0,-0.0,-0.0,-0.0,-0.0,-0.0,-0.0
-0.0012022035406061469,-0.0004451697140884476,-8.753135151336486e-16,2.237115372774909e-15,-3.433826440605908e-16,0.001778914147077324,0.0009711579108964256,0.010616283025397147,0.0020846117811004128,9.435116463500415e-14,-8.863396804337345e-5,-2.9642921967598483e-5,-4.0983342010849564e-15,0.0025666201978913495,0.00017138878907619354,6.38818894775278e-5,3.388799757172411e-5,0.000553112221808467,7.391459757146186e-5,-6.119882454951506e-6,7.864651365972168e-5,0.00025576677574540226,0.00013395422223897208,0.0002668821028679715,0.00015902289417793437,0.0003850789459778595,4.032129908964045e-6,6.418965554427365e-18,7.871012390498564e-17,-1.393403235592642e-16,-4.19626125860249e-17,-1.4713289137684175e-17,1.0487805330425284e-17,1.7353630340044296e-17,-4.641153951173133e-17,-6.077737452185365e-18,-3.7682975097103497e-16,-2.9922280544764745e-17,6.458475806386075e-17,-0.00011076288767775017,1.9135227234143557e-6,-0.0008971306458497615,9.857934475275169e-5,-0.00025992960226814865,-0.004349482694241453,-0.00014833946564265368,2.1623792545173565e-5,-0.00031846906739801744,0.0015588621285907635,-0.0004801923703411308,-1.4111243825437825e-6,0.0008822337625898415,1.4772267319629442e-15,0.00029505602829376975,8.10394434368016e-16,-1.9452672912993257e-16,-4.770571685839091e-16,-7.748466528095501e-16,-1.4330150915134922e-15,-4.304751949560506e-16,-2.1199856616694403e-15,-1.5147298266922272e-15,-9.405895945799116e-17,-2.5226970693856504e-15,-5.519246167868898e-16,-3.972979522965211e-16,5.690643623418177e-17,-9.181245564983736e-18,0.0,0.0,0.0,0.0,0.0,0.0,0.0,0.0,0.0,0.0,0.0,0.0
-0.002362194943928311,-0.0009060828194460241,-3.533386610790801e-15,-1.0857779331628818e-15,-6.58836129682348e-16,0.003649024803881811,0.0027300952033113804,0.03172310105334328,0.004229383929211101,3.5266925003171425e-13,-0.00014252932350002315,-4.76677926962148e-5,-2.0795169407242806e-14,-0.005458312144739325,-0.00184854866474247,0.00012386303440302965,2.6322520115894716e-5,0.0011918701816907066,0.00014267357242107894,-3.398934954330369e-5,0.00015749081855764247,0.0005269138122123895,0.00026372690693106626,0.0005537045195782506,0.000316218562444693,0.0008319529637126583,1.0137588257126233e-5,-2.0634668935148772e-16,-2.242356027890552e-16,-6.126544196342668e-17,-5.8943376283847705e-16,-8.717495713327362e-16,-9.906777978511699e-16,-6.041558009332876e-18,6.174123948719576e-16,-2.556425340416397e-16,1.867328756955345e-15,6.090945024852879e-16,-1.525671541641528e-16,0.0010423684723349649,-1.6999661380181234e-5,0.006456772799355029,0.001297226493772067,0.000894743613542034,0.026541521402157372,0.005494643116919049,0.002338726913372237,0.0014801355700796617,0.012282577907463836,-0.0014039256106786904,2.068816850099025e-5,-0.0010247514937475866,4.212835290752218e-15,-0.00034271994403461216,2.0933362898830925e-15,1.6018138526609164e-15,2.2720090493742756e-16,-1.6386769566662342e-15,7.526946303196086e-16,-2.2626047460014164e-18,-1.2046954431147641e-15,1.9560505072327657e-15,1.617868830516766e-15,-4.6904658767729284e-15,-4.409380439397298e-15,-2.3167596473147745e-15,-6.150779633119139e-16,1.5867664479213846e-16,-0.0,-0.0,-0.0,-0.0,-0.0,-0.0,-0.0,-0.0,-0.0,-0.0,-0.0,-0.0
-0.0011423518311602402,-0.0005629146848066764,-1.854313088984527e-15,9.871503892045925e-16,-3.9550105576082023e-16,0.002268099785069278,0.0015041425079090549,0.017290204034100417,0.0026244720193969906,1.653365284157307e-13,-8.534860099058165e-5,-2.8544157223338257e-5,-8.566985679280392e-15,-0.00421546271990812,-0.0015664785256238496,8.059902500664372e-5,2.1981649837047683e-5,0.0007282247111507181,9.274868356235288e-5,-1.377615637082631e-5,0.0001019192199339296,0.0003266689630695062,0.00016923799656820278,0.00034409413381993737,0.00019363342755113883,0.0005031197936604977,5.804681427472717e-6,-7.414883801406938e-17,-4.542050534249095e-17,-7.143506411143425e-17,-2.391696145238092e-16,-3.3326579808882733e-16,-3.6955352633415727e-16,1.3275552131912656e-17,2.1911633031774858e-16,-9.926507708926843e-17,5.899026789763222e-16,1.9621227537658213e-16,-2.795220904734549e-17,0.001158785748820479,0.0002814696049416731,0.007128511366566898,0.0011161768987506954,0.0011271210649737992,-0.005599577616968124,0.005340781430989157,0.002203598516305777,0.0017485679572973418,0.009973779733202437,-0.0007480091542890478,2.1531973023041555e-5,-0.0009950803147011637,2.297868294287226e-15,-0.0003327966554244723,1.1890013647337144e-15,4.1911540604107007e-16,-1.7105276449967686e-16,-1.0089172717893465e-15,-8.31512365238189e-16,-1.9242474731031757e-16,-1.881148374274361e-15,-4.0577777614882136e-16,4.722902221741483e-16,-3.1418874479848094e-15,-1.7673986932282138e-15,-9.974040937792037e-16,-2.5626854180073638e-16,7.689553312898442e-17,0.0,0.0,0.0,0.0,0.0,0.0,0.0,0.0,0.0,0.0,0.0,0.0
4.430762492818743e-5,-0.00012841788041319526,-6.939703024170167e-16,2.7003497732547933e-16,-1.133528312468992e-16,0.0005249506349192228,0.00034977926998828914,0.0041680132041008455,0.0005928714902640852,2.8658039057734345e-14,-7.851625406284511e-6,-2.625913341558549e-6,-2.6392249976673085e-15,-0.004926762546100984,-0.0004517548564714264,2.0075847314471546e-5,-2.2409621062903906e-7,0.00017138968857321687,2.2785461545965702e-5,-2.194317512616875e-6,2.6171184017715932e-5,7.544933701760136e-5,4.120280492221249e-5,8.108468523320905e-5,4.003115912983644e-5,0.00011423747673325961,1.3513754718000895e-6,-2.1992647509007407e-17,-2.3567072823114475e-17,-2.818126838371866e-17,-6.63289158081915e-17,-9.670436932176806e-17,-1.0645614141454258e-16,-7.879243010560622e-18,5.759780123455705e-17,-2.7338696770706248e-17,1.4127602092786416e-16,7.352487520418876e-17,-1.2474685376469834e-17,-0.00017472051725719065,-0.0004908605448393263,-0.0006742605444367306,-1.5451318895363138e-5,-0.00012006414457246443,-0.001409840894229168,-0.00024578050667083747,-0.00011417374092678681,-0.0001721353370559085,-6.08753882313502e-5,-0.00020060902083921987,-2.022137693007067e-6,-0.0011952830489558419,4.734427162446253e-16,-0.0003997528592397115,2.768224658462577e-16,6.194099799829343e-17,-3.6040241761948974e-17,-2.243351410977619e-16,-4.290448759449259e-16,-7.183460010260603e-18,-6.683599910086016e-16,-3.100792848145362e-16,7.252936853746756e-17,-7.866905076408191e-16,-3.2981327338831603e-16,-1.7509457235732725e-16,-3.220851786700112e-17,8.150032188351977e-18,-0.0,-0.0,-0.0,-0.0,-0.0,-0.0,-0.0,-0.0,-0.0,-0.0,-0.0,-0.0
0.011306333445160126,-0.0013949315277505747,-1.0433003589730673e-14,2.1425301189470812e-14,-1.5173296287025388e-15,0.005889355778026146,-0.06273093910372199,0.03202936723506827,0.006269870885191174,-5.19074423946834e-13,0.00021970435603559462,7.347836531111967e-5,-5.68316257027931e-15,-0.16298089755759126,-0.0035572794078546346,0.0003008957825099997,-5.428801378166394e-5,0.0018343267473807279,0.00033449880114566453,8.74334877438335e-5,0.0004006953631775121,0.0008324141939989825,0.000572345219345498,0.0009410089885037497,0.0003058744642752725,0.0010624409848267885,9.702937621306632e-6,1.798360073218559e-16,3.965243300765185e-16,-9.582688633331287e-16,4.3018405422526886e-16,1.1375278444552566e-15,9.980645745406041e-16,-4.435703968383472e-16,-8.628724705323521e-16,2.717779548544891e-16,-4.793723840942998e-15,-5.717725947035322e-16,2.4579410720583544e-16,0.01718393136898038,-0.004972829859229278,0.05467621131206252,0.009214461091033273,0.008217197285021861,-0.31467468722498887,-0.01807902629685182,0.009526057002053733,0.011766546335782896,-0.05060734369225873,0.03835859384302385,0.0001602979654096591,-0.03950929247092369,2.806094787967899e-16,-0.013213566983611334,1.6452303193116375e-15,-6.579763999895497e-15,-3.80248543253621e-15,-2.2702928060298125e-15,-2.4973107599090275e-14,-1.0576506373763798e-15,-2.5184878112538826e-14,-2.6092292826696877e-14,-5.8198790791946365e-15,-1.1967458180166715e-14,9.223954860576659e-15,5.1456794033009314e-15,1.4806798018282331e-15,-2.2706688519737663e-16,0.0,0.0,0.0,0.0,0.0,0.0,0.0,0.0,0.0,0.0,0.0,0.0
0.02248799186198356,0.002608119026810197,-2.2593515295145394e-14,-6.49196123490315e-14,2.0639771406918643e-15,-0.009791117626062714,-0.05991417380386003,0.054030558980086546,-0.012622038870253037,5.406465740353165e-13,0.0014364521175132042,0.00048040992602907856,-1.145475376688732e-13,-0.3030963300282474,-0.030487535482022706,-0.00034984184715548014,-0.0008494561581756059,-0.00237283286901183,-0.0004254078665724852,-0.00011367193323789102,-0.00034344825012668276,-0.0013949398481677862,-0.0007429018522879691,-0.0013409505599774072,-0.001202472199105384,-0.0018320361328640772,-3.932705761556669e-6,-2.4399926267398587e-15,-4.795960314113833e-15,2.9090177656400132e-15,-5.086364327767505e-15,-8.58292630483776e-15,-1.0923205543540114e-14,-1.059183410434409e-15,7.876429337608793e-15,-2.5193356071051803e-15,2.942881053761284e-14,7.526038535785985e-15,-3.646266565106141e-15,0.03218248494310694,-0.005020982563836803,0.1566585745790547,0.020701706242479325,0.026737416886482627,0.01744844409014133,0.05143492501964001,0.0356202890130094,0.03885064067463432,0.043668483649073546,0.03602714364717642,0.00044005519300793446,-0.07846880128992173,1.235798319824742e-15,-0.0262432632205193,-4.236534475829374e-16,1.8689773453580654e-14,1.453377168440102e-14,3.973761581556258e-15,3.1531180923269205e-14,1.2972453656355826e-14,3.087509215107777e-14,4.7138280355581125e-14,1.6333466543903216e-14,1.6059393764622247e-14,-2.4565062597091873e-14,-9.118274196230223e-15,-7.587435825750807e-15,1.9244235876153373e-15,-0.0,-0.0,-0.0,-0.0,-0.0,-0.0,-0.0,-0.0,-0.0,-0.0,-0.0,-0.0
-0.01478958584364064,0.0010073659197875646,1.4565023800020565e-14,-1.4031410233514787e-14,1.8456230366656408e-15,-0.004437479060207053,-0.04495073714288159,-0.022716815024670597,-0.004389868304448858,4.4108039259883914e-13,-0.0004403600805631727,-0.00014727490820269794,1.8562776279116782e-14,0.2028787767952978,0.015276483199851755,-0.0002463347042037737,0.00019285986682269417,-0.0015032680742152564,-0.00026731346672616155,-5.859709395369461e-5,-0.0003476815455203177,-0.0006272744581230343,-0.0004586213310344266,-0.0007448968213641245,-0.00012660434805317368,-0.0008048812114842016,-9.028018753359512e-6,3.634245943044636e-17,1.4948348739911934e-16,9.059868032843805e-16,3.022536137539543e-16,6.797139704219622e-16,3.265747900868044e-16,2.265978996010642e-16,2.70058423230193e-16,8.425266607315898e-17,1.7504433312311114e-15,-7.603769697704593e-16,-1.720570889792377e-16,0.03250395304173069,0.031985318686693846,0.13738815633722753,0.017758550821459163,0.021387663962752147,0.015361360143909285,0.0501827480867532,0.03352560111815788,0.03225157854595133,0.07011528170116438,0.028677096409488147,0.0004203010985858383,0.05166641873007084,1.1975447533703597e-16,0.017279420662766654,-1.9418971940744835e-15,4.1228702377904415e-15,1.914978471788127e-15,1.4174213133704187e-15,2.045776428914772e-14,-2.0017253935574412e-16,2.174471910616717e-14,2.0869844670940125e-14,3.993357441168017e-15,1.085621811816722e-14,-5.75657547542595e-15,-2.69603631571893e-15,-1.6851917238226477e-15,5.503485419198119e-16,-0.0,-0.0,-0.0,-0.0,-0.0,-0.0,-0.0,-0.0,-0.0,-0.0,-0.0,-0.0
3.503928495753699e-6,-1.0875745952765408e-5,1.896282162417426e-15,1.3311414692021937e-15,4.2396139854644685e-16,4.381614423512949e-5,2.6287997998973058e-5,0.00032995302962323357,4.9652443698092256e-5,1.0928711573345297e-16,-8.82513071222757e-7,-2.951494410300237e-7,1.7503694583471567e-14,-0.00025871767913084373,-0.00016038996116218837,2.124019364150698e-6,1.2313041224650026e-6,1.1827877260181196e-5,2.4284827905915002e-6,1.4523747223607944e-6,2.5569324277295775e-6,6.187477368369122e-6,4.2605062410773834e-6,6.576951158741421e-6,3.1323436956340764e-6,7.50230097245286e-6,-9.132455265201343e-8,3.615902144813723e-17,1.0824623260446441e-16,3.249824060421971e-16,1.1221598369522826e-16,1.5681668774009128e-16,1.247067724264569e-16,1.8447045924551815e-16,6.761145287880234e-17,2.6419563850125943e-17,8.546863582249774e-16,-4.479220791854416e-16,2.9684448826170187e-17,-1.3926864634413676e-5,-3.9058010702423835e-5,-5.324340495062762e-5,-1.2458205443751106e-6,-9.529616083998541e-6,-0.00011182556361338038,-1.9442653187577256e-5,-9.087971379911086e-6,-1.3637262888395138e-5,-4.924336818193651e-6,-1.5872162130041204e-5,-1.596011039902241e-7,-9.60515330353013e-5,2.9636649954879534e-16,-3.2123667279141844e-5,-1.3536480065210323e-17,-1.1001152045969412e-16,-5.652316351039847e-17,-9.522254002732246e-17,1.7900544039076252e-18,-1.0276801218541813e-16,-9.700939646731301e-17,-2.2337981103526696e-16,-1.1802581120910376e-16,-2.254054511266878e-16,1.5657054964449103e-16,-1.2324032071814056e-16,-9.998829276752234e-16,3.3350151482218944e-16,-0.0,-0.0,-0.0,-0.0,-0.0,-0.0,-0.0,-0.0,-0.0,-0.0,-0.0,-0.0
4.0784041843997954e-5,-0.00011883369938671008,1.3121008394509721e-15,1.5564250406699577e-15,3.2856763531268564e-16,0.00048513854950497736,0.0003205653475301418,0.0038369248586030053,0.0005480615114176604,2.4257616044654963e-14,-7.471520016018995e-6,-2.4987901330785655e-6,1.530443757809759e-14,-0.004653150076960917,-0.00029143838284883297,1.8999166001356492e-5,1.0289978486437934e-6,0.00015593336984588948,2.1580756263061733e-5,-4.003073208663117e-7,2.4557433289654036e-5,6.961810883330823e-5,3.889583514645658e-5,7.47463572027398e-5,3.678349663569344e-5,0.0001035548766690013,1.0453162743177042e-6,1.7606804391800642e-17,8.83133943862126e-17,3.012707499063127e-16,5.630082699107628e-17,7.527184256470478e-17,3.492754419816931e-17,1.7779980426221334e-16,1.1619700279031537e-16,3.3687516969778215e-18,9.7392891454785e-16,-3.8585048434859186e-16,1.912315954722318e-17,-0.00016093366957530954,-0.00045206687358256343,-0.0006205548283255583,-1.4245872071718925e-5,-0.00011055151108450582,-0.0012980640982789354,-0.00022624102857220126,-0.00010515283946178849,-0.00015847120657170303,-5.6143043179126244e-5,-0.00018466397928546858,-1.8610216704133844e-6,-0.001101759843873706,6.946002006725557e-16,-0.0003684747710365693,2.193217650386338e-16,-5.73633177715822e-17,-8.649837906354399e-17,-2.8381941161885736e-16,-3.5776120740236974e-16,-1.0857032570082004e-16,-6.579543797744045e-16,-4.825094912270922e-16,-5.652493493298903e-17,-8.865972480639084e-16,-1.2166992728461e-16,-2.707800870168661e-16,-1.0269597096465042e-15,3.403288894997959e-16,-0.0,-0.0,-0.0,-0.0,-0.0,-0.0,-0.0,-0.0,-0.0,-0.0,-0.0,-0.0
0.007984130894450539,0.001182551217335572,-1.3367159313330444e-14,-3.2733844163484725e-14,1.0015040400269256e-17,-0.004501716431023747,-0.08279245457313358,0.028489046261202258,-0.005674684858575948,1.7855252865944746e-13,0.0005529721943563605,0.00018493712929643812,-7.449049264057827e-14,-0.15513271329501857,0.036792001010368766,-0.0001566842509820184,-0.0003020384410558332,-0.001198221093965719,-0.00018515954794187463,-1.1690788740681995e-5,-0.00016392133878570688,-0.0006466357504218255,-0.0003370206631809259,-0.0006351295635122283,-0.0005190245484270298,-0.0008931325684776533,-2.789568063226762e-6,-1.1460255506448157e-15,-2.2753891407255203e-15,5.035333454774782e-16,-2.314237766719495e-15,-3.535949345081561e-15,-4.812719569311986e-15,-1.0644330861293292e-15,3.2095533950475175e-15,-1.078545494422156e-15,1.0119321424711975e-14,4.004688967630466e-15,-1.6939704733443122e-15,0.02977796658165074,0.0031056706423828366,0.08863791080232607,0.015548817407545566,0.024503049560009982,0.014861103409331437,-0.4552395540554228,0.026481443479759788,0.03605162364418458,-0.031063055261804716,0.04906204466914877,0.0003490695681485149,-0.027852385044929553,1.0014393196638191e-15,-0.009315007493901477,-7.631363119537505e-16,8.826897447390336e-15,6.845626202319248e-15,1.2197280334124685e-15,1.669215952959883e-14,5.359888064828239e-15,1.5401429427460277e-14,2.5054821589520754e-14,8.48077124256791e-15,1.0050914556269193e-14,-1.1368319739401683e-14,-4.8590093426559804e-15,-1.3403767583296179e-15,1.9800996745632412e-16,0.0,0.0,0.0,0.0,0.0,0.0,0.0,0.0,0.0,0.0,0.0,0.0
0.008351161103918644,0.000717281581410118,-1.2446183353036896e-14,-2.2596396783017928e-14,-4.2006711780367217e-16,-0.0026320457546338823,-0.06849945574335133,0.027050404617083062,-0.003514985759892191,1.0332790473419707e-13,0.0004857766948906348,0.0001624641317418463,-7.613859677590786e-14,-0.1414249878808683,0.017903455527249746,-8.281652543124008e-5,-0.0002740781943489724,-0.0006115346398648261,-0.00010414130892794187,-2.3064915555544706e-5,-7.111762322187163e-5,-0.00037663481321401423,-0.00018375830761363103,-0.00034886788835929205,-0.0003629223214589968,-0.0005085504783018293,-2.439166140196214e-7,-8.736171459906472e-16,-1.7519760355538431e-15,9.655283385441737e-17,-1.790319430224549e-15,-2.6958783331285776e-15,-3.653840732019535e-15,-9.541426044203007e-16,2.342995952761322e-15,-8.140612806013204e-16,6.8502331101013185e-15,3.204514621694279e-15,-1.2982329236247437e-15,0.009302609934523646,-0.01084971297139861,-0.029342898213896816,0.0022406989307626594,0.010573263575817062,0.004371454203387114,-0.15457167269646685,0.0017237648049571988,0.015380888015023655,-0.11224325500513628,0.038999115616911106,5.140339274338228e-5,-0.029144577666647953,-2.1684876602863706e-16,-0.009747170984937145,-1.4504727589872878e-16,5.77214151659386e-15,4.520907652384104e-15,1.0798089496890136e-15,8.781009660882241e-15,4.3187966337584636e-15,8.310698116005108e-15,1.4407429718330228e-14,5.365199083746234e-15,5.284140969480509e-15,-7.513721210143516e-15,-2.047903100598264e-15,-4.962337762287977e-16,-1.0606952916176311e-17,-0.0,-0.0,-0.0,-0.0,-0.0,-0.0,-0.0,-0.0,-0.0,-0.0,-0.0,-0.0
0.008392946094429995,0.0009630170331872398,-1.3146126133589729e-14,-2.7790970697117047e-14,-1.6192512471350427e-16,-0.0036132303651889098,-0.06852400603615766,0.027143253483614956,-0.0046601659437489,1.2134818116690406e-13,0.0005302051782024776,0.00017732288277096407,-6.80808366896031e-14,-0.15838131386781087,0.03407714597016272,-0.00011788187104160487,-0.0002858871486540397,-0.0009325019944193031,-0.00014145551514395898,-5.9278667357664096e-6,-0.00011542670714252009,-0.0005198081164239634,-0.00025963129992753053,-0.0004992747382883498,-0.00045022187734964844,-0.0007227494242245016,-1.688304711722413e-6,-1.0193981414148539e-15,-2.0324102323546565e-15,3.61887901082411e-16,-2.081637354291897e-15,-3.204774840957075e-15,-4.299718087376824e-15,-9.625112207595554e-16,2.8204828211551053e-15,-9.649112943270298e-16,8.813854321590613e-15,3.6265143272651185e-15,-1.485134221866845e-15,0.023119532108653935,-0.0002581610148097024,0.06502510190972144,0.011998471952669754,0.019523873011739235,0.011618439618105708,-0.40451246857863027,0.02012846765392711,0.028652668184816453,-0.03382742517132049,0.04041314120770662,0.0002673441474534998,-0.02928502252465973,8.625336611252273e-16,-0.009794141644823074,-4.987887357832213e-16,7.468622263061901e-15,5.903641702972109e-15,9.708389140606404e-16,1.3011062513796081e-14,4.776322591727931e-15,1.1745125178298316e-14,2.038284274372317e-14,7.166580505130421e-15,7.956249007773194e-15,-9.588229002732586e-15,-4.074001392585096e-15,-1.0267278005040206e-15,1.2031939729205154e-16,-0.0,-0.0,-0.0,-0.0,-0.0,-0.0,-0.0,-0.0,-0.0,-0.0,-0.0,-0.0
1.0172782390199238e-7,-2.9999668379164696e-5,-9.819025554213274e-16,-2.159720121933274e-15,8.71563835419656e-17,0.00012006632861259582,-1.664608039083501e-5,2.777789654816426e-6,0.00014174544753622052,-4.869645992786428e-14,-8.323442565464077e-6,-2.783708819753461e-6,1.4863197842614822e-14,-7.420878544612922e-5,7.75367149991738e-7,1.2647995098637679e-5,2.5655627689709624e-5,-1.1056152573496818e-5,1.7868935707069955e-5,3.1039459013307255e-5,1.3037025967083748e-5,1.3095989101599001e-5,1.8979284950277413e-5,1.387266129623946e-5,6.3338118131164575e-6,-9.104958001990953e-6,-4.228321436698245e-8,-3.3262973269476113e-17,-4.831360466350023e-17,8.393926117384602e-17,-4.56330708336045e-17,-7.718372035728091e-17,-1.0429014931688589e-16,6.814784609095822e-18,8.19056645401114e-17,-2.786308222012138e-17,4.105305255689024e-16,4.9931266001811527e-17,-1.4027233760875775e-17,-1.8572301368644526e-6,-1.2359826279146123e-6,1.2222744578253886e-6,-6.068967808656856e-7,-3.5699121391889467e-7,-9.087592822022437e-7,-2.7712524657118974e-7,-3.5635811926416337e-7,-1.5355740794853428e-7,-2.809309761413231e-7,-7.663890426002234e-8,-9.54057077423095e-10,9.278510197494845e-7,5.926393559661875e-16,3.103123544277143e-7,-3.1141285167204245e-16,5.306402535191589e-16,4.67391171182382e-16,-5.097477016410531e-16,1.5596018405442265e-15,-2.028625837647924e-16,1.2120682260916237e-15,2.1438433305156357e-15,7.485692495785392e-16,7.578793118152565e-16,-3.372235569501331e-16,-1.0011104307052477e-15,-9.354579724322325e-17,4.236373028633679e-17,0.0,0.0,0.0,0.0,0.0,0.0,0.0,0.0,0.0,0.0,0.0,0.0
-0.001887451683692024,9.246595012157533e-5,-3.9363718088372255e-15,-4.7895465377385185e-15,-1.3483824341422623e-15,-0.00033433373561881464,-0.00035148380563611715,0.0430541016621883,-0.00045717895798159345,-1.7592911387375648e-14,6.935383851410124e-5,2.319483680202174e-5,3.426481070230495e-15,-0.007570051590412348,-0.0052371682598388505,-2.9583467321638113e-6,-2.064063743549864e-5,-0.00011415826127083074,-2.038117566865131e-6,2.3755988015497608e-5,-1.1727908205651812e-6,-5.121469844965019e-5,-1.3940724472974498e-5,-4.658605141657132e-5,-5.34584665118386e-5,-9.36269478517025e-5,-4.663254306012514e-7,-8.955687149272934e-17,-7.900055730183739e-17,-5.700753341936153e-16,-2.631811306987535e-16,-4.779955598748232e-16,-4.347964137500346e-16,-1.998904806717913e-16,3.399949180148536e-17,-7.552646838884091e-17,-3.197756005658493e-16,5.35884746899931e-17,1.2290995072572432e-16,9.789538403730486e-6,0.0013253644990984781,0.0037594941337306324,0.000125577563736012,-0.00026455447572496795,2.0094532055788453e-5,0.0438345919385022,0.0004936474713940548,-0.00033918321703912106,0.00788066744803556,-0.0017227468357126304,5.043302679049073e-6,-0.00451508400507409,8.008299081290951e-16,-0.0015100337466630608,-1.207616740508956e-16,1.1026529807603946e-15,9.633910274871341e-16,-2.8926579359711627e-16,2.163779759112228e-15,4.985277807476124e-16,1.7665614242879783e-15,3.095474174463351e-15,1.0855454694101256e-15,1.2268909970180268e-15,-1.455716466420018e-15,-1.2277889969173757e-15,-7.004881740201373e-16,1.9327003919378314e-16,0.0,0.0,0.0,0.0,0.0,0.0,0.0,0.0,0.0,0.0,0.0,0.0
2.0609064753940464e-7,-6.044554273174417e-5,-2.1625279639764325e-15,-4.478048564749808e-15,1.3536381040311926e-16,0.00024197287121957456,-3.343625365416167e-5,5.655406795035753e-6,0.0002856579650989066,-9.801420082979218e-14,-1.6763921239761076e-5,-5.606559430373732e-6,2.8302856037489337e-14,-0.00015036456866762314,1.5672666084156135e-6,2.546053623931371e-5,5.162812992849018e-5,-2.212895723213115e-5,3.598226506404768e-5,6.245100754581285e-5,2.6250037812812473e-5,2.639650911365722e-5,3.8187692319165875e-5,2.7968458865796875e-5,1.2779996567141281e-5,-1.8214737844156235e-5,-6.67282332912843e-8,-7.06231885166123e-17,-1.0771713166699429e-16,1.38745549967305e-16,-1.0299789990588842e-16,-1.7101645714793654e-16,-2.22759468507046e-16,-3.533768970182629e-18,1.5930079421378688e-16,-5.88625969891973e-17,7.492193401672628e-16,1.4305618639207934e-16,-3.11513658108714e-17,-3.7392679362103154e-6,-2.480481305531495e-6,2.443533240422551e-6,-1.2221497923553512e-6,-7.192120597195425e-7,-1.830579310541265e-6,-5.634512815665004e-7,-7.156011313145184e-7,-3.1096272973592787e-7,-5.576476185966222e-7,-1.5797544469135452e-7,-1.994951765022241e-9,1.989360443252768e-6,1.1711182722536883e-15,6.653256936603161e-7,-6.247626499547679e-16,1.080933657746249e-15,9.476588288723248e-16,-1.0208734208881798e-15,3.142095039254794e-15,-3.996186712383904e-16,2.4486189084217202e-15,4.342319353807059e-15,1.5212974144717763e-15,1.5437254006585062e-15,-6.971569188634961e-16,-2.008887832949571e-15,-9.556054573124673e-17,5.4368373479404605e-17,-0.0,-0.0,-0.0,-0.0,-0.0,-0.0,-0.0,-0.0,-0.0,-0.0,-0.0,-0.0
9.697197443307487e-10,-3.830001442798022e-6,1.8468452069255966e-15,1.0791331478503052e-15,4.4221879194140373e-16,1.474610517355583e-5,-3.233780898102624e-6,-2.721167129409653e-7,1.746662744954491e-5,-7.320446162171964e-15,-1.1350943184465313e-6,-3.796232198804251e-7,1.9257300543017947e-14,-4.4165557941144514e-7,4.5434510936479294e-8,1.8672869489837193e-6,3.968655418155518e-6,-2.9946268539597243e-6,2.510344961317226e-6,4.922316428931178e-6,1.8563956303383424e-6,1.5675543208974104e-6,2.992582700366022e-6,1.5911576143135499e-6,6.14041605178822e-7,-2.5613758154725815e-6,-2.0321053799271782e-7,3.4341920880528465e-17,1.0492538145098501e-16,3.3615056476874937e-16,1.1256975864596065e-16,1.5618678800066782e-16,1.2195151210450714e-16,1.8580267109687517e-16,7.182111704867269e-17,2.559982061857455e-17,8.873579029874543e-16,-4.483436299205932e-16,2.9147085608104125e-17,-2.6727528016900105e-7,-2.6349321948187034e-7,3.61659194940804e-7,-8.466423564816728e-8,-4.6434904644790663e-8,-1.2090262901126214e-7,1.9023233503869866e-8,-7.136913081947268e-8,-2.8519981760134355e-9,-1.2576646051933717e-7,2.8324678675692943e-8,6.563660290988231e-10,-1.1654127310287293e-6,3.2176218772079795e-16,-3.897629735512752e-7,-6.862434697051364e-17,-5.82287181129929e-17,-3.7915767295932524e-18,-1.3153135213771099e-16,2.0238584085048456e-16,-1.2362976633052709e-16,8.560420028419538e-17,3.0056251361945876e-17,-4.394940073028873e-17,-8.20658234999727e-17,1.464789124471726e-16,-2.1589400848446603e-16,-1.0072910909191496e-15,3.3735248916122327e-16,-0.0,-0.0,-0.0,-0.0,-0.0,-0.0,-0.0,-0.0,-0.0,-0.0,-0.0,-0.0
-0.002359912244543041,8.12259296537324e-5,-5.281482638089059e-15,-7.398608876850765e-15,-1.4787746539271753e-15,-0.00029021205352735305,-0.000439374189647345,0.04860587757106513,-0.00040233179386617177,-5.938706958362487e-14,6.317311852154414e-5,2.1127744416292812e-5,1.6035645940685714e-14,-0.005147057214300636,-0.00638475514586378,6.234106321720207e-6,3.1172961474782927e-6,-0.0001469560846539578,1.1851289845551523e-5,5.370659464799497e-5,7.602012552524748e-6,-4.885908146122308e-5,-1.703151931530103e-6,-4.42140232396275e-5,-5.298565168763738e-5,-0.00011668463403932759,-6.245448704598581e-7,-1.2658791065763038e-16,-1.2550510179988381e-16,-5.991993695611334e-16,-3.315144847659317e-16,-5.951741599204644e-16,-5.626811035069073e-16,-2.29458514709764e-16,8.610076139985363e-17,-1.0481757102949298e-16,-1.316979571949144e-16,1.1111953494824353e-16,1.341924778228787e-16,0.0002008795243424293,0.001847025339477337,0.005304596833678232,0.00025116577898111965,-0.00020381312033476972,0.00010798206165573962,0.053088214720213536,0.0007835247912465037,-0.00023382165531263705,0.009933724659044215,-0.0019237999350811934,8.423523089315985e-6,-0.004403149629330209,1.4044341004458664e-15,-0.001472598189630138,-4.2379510905632193e-16,1.715374866006607e-15,1.4860155649247183e-15,-7.648474399103461e-16,3.931137618323251e-15,3.599134564277012e-16,3.2043330038486985e-15,5.475629529815202e-15,1.8898862624429333e-15,2.1240665996004542e-15,-1.952639166187117e-15,-2.2621678409409488e-15,-7.96897907013228e-16,2.314554510702176e-16,-0.0,-0.0,-0.0,-0.0,-0.0,-0.0,-0.0,-0.0,-0.0,-0.0,-0.0,-0.0
0.00013912452667548197,2.2452207889203633e-6,1.1463307280002298e-15,7.4408634450952415e-16,2.5643905048601543e-16,3.6650204310197356e-6,1.942393454820062e-6,0.005248067253183452,-2.0836706857932082e-5,-1.020611309213911e-14,2.0197130991390518e-5,6.754768981255886e-6,1.7028317436451676e-14,-0.006494665655117155,0.0001237810350460893,3.1467278333629654e-6,-7.24752302121449e-6,1.7363489558762698e-6,3.439696226791978e-6,5.078207813615976e-6,5.031379405697964e-6,-1.0224327097335081e-7,4.5404587591650266e-6,2.5450441481335613e-6,-8.343634834576056e-6,-5.502770490277114e-6,-1.127617547650884e-7,1.6978555124435913e-17,7.76541245961387e-17,2.549606230707903e-16,6.2324811504894e-17,6.819712759077677e-17,3.5894701247111524e-17,1.4977865173611577e-16,9.186501226491411e-17,8.91863231480972e-18,8.726883001741123e-16,-3.966650073564704e-16,3.095598083762296e-17,-0.0003073019759873261,-0.0004053089320777774,-0.001248059458529467,-0.00016177290553346217,-0.0001854982802625497,-0.0001362769310538884,-0.0004599028345460879,-0.0003047394581509596,-0.0002816611453495758,-0.0007102861775242386,-0.00024393209648818716,-3.7827940170958933e-6,-0.0016677548667368616,3.506909257969055e-16,-0.0005577672812098658,-2.0657697156274e-17,1.1440383491937345e-17,7.870828228525174e-17,-1.2190517312633557e-16,5.680425393018715e-17,4.720037232961099e-18,-1.0041985605668182e-16,-7.776826074584728e-18,-2.653799764920266e-19,-1.325588245784813e-16,2.4072978798240258e-17,-2.3699283853807884e-16,-1.0537291059737224e-15,3.4521699772997575e-16,-0.0,-0.0,-0.0,-0.0,-0.0,-0.0,-0.0,-0.0,-0.0,-0.0,-0.0,-0.0
-0.003788027221792547,-0.0001708913731547418,-3.080940183711262e-15,-4.840802977596619e-15,-6.078831436929429e-16,0.0006414959905788458,0.006821212001561647,0.01796756251078945,0.0008345219546317768,-9.439085435717506e-14,-0.00010305821887906681,-3.446699733513923e-5,2.6011927772808546e-14,0.007420468512178627,0.001785687004074308,3.640051382562628e-5,9.901816341489359e-5,6.673819797791222e-5,5.0890731985841564e-5,6.596046061007941e-5,3.419930492634954e-5,8.321893988736786e-5,6.293722096574226e-5,7.899141611289608e-5,7.290763878891453e-5,6.221507928052232e-5,5.31162203447962e-7,-1.1792358616384883e-17,4.408539876905726e-17,-2.636923271845302e-16,-3.886828046076311e-17,-9.804695900495723e-17,2.635763868193763e-19,-3.10126467618365e-17,-1.2891528293736575e-16,-2.036180925897383e-18,-5.420296954018312e-16,-1.175312528629179e-16,1.6898087316108218e-16,0.0003049984143822775,-0.0018942206753934973,-0.0013540511055246405,0.00054612464984414,2.4076484378749876e-5,-0.0005021150137241115,-0.03169153018259803,0.0009719420368296132,-0.00019917205506624986,0.006574479773453723,-0.0009711642069062425,7.359078814395802e-6,0.0054502599665609405,1.5239291764786299e-15,0.0018227958700919326,-4.785316884533829e-16,8.087167563418645e-16,6.362554219632568e-16,-1.0084013121743635e-15,2.660551781317578e-15,-5.656482807731483e-16,1.9180301897915184e-15,3.424178284868225e-15,1.229421612643498e-15,1.1360866783839142e-15,-4.1362908836643793e-16,-2.384074624449743e-15,-1.1704381386413358e-16,5.10602200180092e-17,0.0,0.0,0.0,0.0,0.0,0.0,0.0,0.0,0.0,0.0,0.0,0.0
-0.008109240097948599,-7.165091911626074e-6,-1.4432909156604015e-14,-3.044884783893954e-14,-1.3669420062029276e-15,2.966149546443262e-5,0.02442557187315189,0.07356363005258496,5.825338298734537e-5,-1.7645234377571246e-13,-2.970419384438981e-5,-9.934330136143185e-6,7.152011167907027e-14,-0.030150115119906562,-0.014886256682646686,4.417273281856554e-5,0.00013995894365232043,-0.0002778118917300305,7.59302657266091e-5,0.0001904480215217369,3.848544545155487e-5,-2.239788637887911e-5,4.696054858233185e-5,-2.4435223955396433e-5,-1.657959158123912e-5,-0.00017804868728899442,1.160464881451498e-6,-5.648171544327118e-16,-8.641808203670763e-16,-2.897656041555341e-17,-1.2436365075009834e-15,-2.308176074881837e-15,-2.4316384153448715e-15,-1.714112771035704e-16,1.3938396985172604e-15,-5.763880355105027e-16,5.53708060108811e-15,1.0461131213379554e-15,-2.066166144554104e-16,0.005090186710422239,-0.00832830240788126,0.02952937124123658,0.005396524439192747,0.003324621956311681,0.000696140960107936,0.07762952491685346,0.009559147171206383,0.00391903795173604,0.04879814277930458,-0.0034255411573775024,9.595181875000637e-5,0.0009736608588215249,5.469335121419411e-15,0.00032563308963594887,-1.6135552684159217e-15,6.897497781046218e-15,5.353831151056257e-15,-2.421322004644184e-15,1.588461935071401e-14,1.044274160551743e-15,1.3506872004836158e-14,2.158586869493975e-14,7.624034099102301e-15,6.868527968956202e-15,-6.9086364429624654e-15,-1.0125979610754209e-14,-2.7414120346026383e-15,8.167127555951114e-16,-0.0,-0.0,-0.0,-0.0,-0.0,-0.0,-0.0,-0.0,-0.0,-0.0,-0.0,-0.0
-0.004161639699679066,3.8672736200252905e-5,-7.538865078709365e-15,-1.660652257161679e-14,-6.513223843990291e-16,-0.0001538036069172023,0.012543167689191352,0.0378452048690345,-0.0001674389921873224,-8.653640987732239e-14,-7.535018813805196e-6,-2.520026796158353e-6,3.808823712529943e-14,-0.018236660873931353,-0.005072182087130427,1.654724840733582e-5,6.957538970839706e-5,-0.0001974871199318867,3.2450832012123656e-5,0.00010049151504403289,1.2038666805962535e-5,-3.6137246963568895e-5,1.0897943134956234e-5,-3.842617517841483e-5,-2.352522074577093e-5,-0.0001279117888257308,3.6312316232933845e-7,-3.1687005763561204e-16,-4.948332623757264e-16,3.6103615395363915e-17,-6.922223562737103e-16,-1.2792879462650804e-15,-1.3677527416963962e-15,-8.900042552586633e-17,8.053032067999556e-16,-3.2391679611180343e-16,3.213702507925035e-15,6.123660631753823e-16,-1.415006328489944e-16,0.004822466343383511,-0.0025949748531512357,0.030228770122319074,0.00433137986844309,0.003138674205207416,0.001514463836120353,-0.023499013267224464,0.00785067466608645,0.004134271571854198,0.03757841975477787,-0.001529347709820347,8.378391286440602e-5,0.0004735668593237957,2.983150870855776e-15,0.00015838064984587181,-8.904791612476334e-16,3.848668448857707e-15,2.9947864283565867e-15,-1.2560890446863892e-15,8.911069107065172e-15,6.272226157551149e-16,7.579535536980661e-15,1.2134191682592328e-14,4.233490347044363e-15,3.981372328047793e-15,-3.921922892357264e-15,-5.541980544012374e-15,-1.5112293845851483e-15,4.465311145484909e-16,-0.0,-0.0,-0.0,-0.0,-0.0,-0.0,-0.0,-0.0,-0.0,-0.0,-0.0,-0.0
0.00039874070981039245,-4.797505184168833e-5,-5.4048338405098834e-15,-6.699972280570109e-15,-4.829528739025079e-16,0.0002510025962327563,0.005433163071473034,0.019784712021990475,0.00018525086638700942,-7.715591873917356e-14,7.462329959470542e-5,2.4957165925935814e-5,9.290194382401989e-15,-0.024867329317798503,-0.015953355304548358,2.8219497960016912e-5,-9.184448909923676e-6,4.256651045605691e-5,3.569878931881876e-5,4.628523918365395e-5,3.801622495579602e-5,2.9266399625828472e-5,4.249881034727028e-5,4.273175963135503e-5,-1.8655534000467495e-5,2.3457745298038693e-6,1.1032659810380407e-6,-1.882329319958887e-16,-3.267024331331413e-16,-6.909633077060193e-17,-4.2641123587068544e-16,-7.626965182673859e-16,-8.235011000177082e-16,-1.1745116224987992e-16,4.509521259104798e-16,-1.924700502820861e-16,1.581691858807421e-15,5.22607137618405e-16,-1.20909800152612e-16,-0.0008425706246832429,-0.005169290865261911,-0.004012275726419517,5.254448551282945e-5,-0.00027613283687227694,-0.0007150906022148945,-0.025154355152171348,-0.000199959394488443,-0.0007002453626586498,0.0006964774633032505,-0.0011054993228764203,-6.584634296172521e-6,-0.0071898662415942225,1.211283140883909e-15,-0.0024045932803445007,-1.667358864263582e-16,1.495475360125883e-15,1.3062496079757389e-15,-6.039476436922138e-16,2.0024363274497244e-15,5.488159241436555e-16,1.284928377741493e-15,3.632393835040609e-15,1.6429866992323763e-15,7.955098249511622e-16,-1.4565015253060286e-15,-2.119486517115721e-15,-4.977100015865542e-16,1.3289637862432754e-16,0.0,0.0,0.0,0.0,0.0,0.0,0.0,0.0,0.0,0.0,0.0,0.0
0.0075536506025955475,0.0008669736167049264,-1.1832146843607384e-14,-2.5021250841961925e-14,-1.450574911399421e-16,-0.003252938320316315,-0.061671709227011554,0.024428949901282367,-0.004195350879830613,1.0926261319474962e-13,0.0004772298723414133,0.00015960571527213704,-6.125558691459846e-14,-0.14254344911652658,0.030669417258036177,-0.00010613205969159302,-0.0002573124262568754,-0.0008395862886670917,-0.00012735013967527848,-5.317733163844141e-6,-0.00010393246086931902,-0.0004679777345017665,-0.0002337507452046951,-0.00044950569432097636,-0.0004052903627042811,-0.0006506935889668934,-1.5206008709611822e-6,-9.176705593017006e-16,-1.8295479104074485e-15,3.262792959212981e-16,-1.8738671036237654e-15,-2.8850043409917517e-15,-3.870661161446382e-15,-8.662025794829436e-16,2.5392149791897152e-15,-8.686423736947236e-16,7.93593306596864e-15,3.2642873780099044e-15,-1.3369251160829107e-15,0.020807586391753008,-0.00023234242882335198,0.058522629114348954,0.01079862619247515,0.01757148549456251,0.010456599665950236,-0.3640612178779778,0.018115623428861482,0.025787403471944022,-0.030444676966978532,0.03637182887422046,0.0002406097500866918,-0.026356508205745543,7.768976597376731e-16,-0.008814723444813651,-4.495326612200954e-16,6.724342271423518e-15,5.315134977693052e-15,8.736558451662523e-16,1.1716761236349422e-14,4.2994281881380225e-15,1.0577492624982153e-14,1.835294086828293e-14,6.452447170650996e-15,7.16358736571316e-15,-8.63236671967111e-15,-3.668661295368572e-15,-9.252644430580412e-16,1.0866428548506138e-16,0.0,0.0,0.0,0.0,0.0,0.0,0.0,0.0,0.0,0.0,0.0,0.0
0.022488086607475394,0.0025827975887596642,-2.2334055909913006e-14,-6.414807379332906e-14,2.0696369894129755e-15,-0.009689591931955949,-0.059899191726311654,0.054028171019445265,-0.012504151679369278,5.517880709356053e-13,0.0014325576068117542,0.0004791074380624155,-1.166717297365616e-13,-0.30310249979139686,-0.030485986073419534,-0.0003475733483497284,-0.000852068577332203,-0.002332221534126077,-0.00042345416337013006,-0.00011988015928873536,-0.0003401382804614674,-0.0013795594759919698,-0.0007368286951803459,-0.0013248146246521415,-0.0011928937878237917,-0.0018040166222601636,-3.671885018157253e-6,-2.4289705811358954e-15,-4.773001856124676e-15,2.9097987754534056e-15,-5.067964996004578e-15,-8.550404469708753e-15,-1.0885421152661671e-14,-1.0481742739757582e-15,7.858400742316553e-15,-2.5107458676848837e-15,2.936768977476414e-14,7.487135164412148e-15,-3.639869383532038e-15,0.03218193384436641,-0.005021007919594593,0.1566540128738507,0.02070162491942086,0.026737477964503202,0.01744813387592458,0.05143448415289082,0.035620075904323575,0.0388504122378886,0.0436679585431275,0.036026918443901886,0.00044005288428391575,-0.07846930677473468,1.1886345145178071e-15,-0.026243432275873498,-3.1658818583059127e-16,1.851835630409876e-14,1.4382334822863998e-14,4.029615174639193e-15,3.097374332348833e-14,1.2978695652587787e-14,3.0392214703405695e-14,4.6413305462626146e-14,1.6122279642394914e-14,1.568347351136331e-14,-2.444214549845239e-14,-8.895619942154303e-15,-7.601788576852559e-15,1.9309559055206747e-15,0.0,0.0,0.0,0.0,0.0,0.0,0.0,0.0,0.0,0.0,0.0,0.0
-0.01478972666637191,0.0010479773909738217,1.424510147784987e-14,-1.4997341490602693e-14,1.7915553505438532e-15,-0.004599766162398057,-0.044963178181169135,-0.02271427118092024,-0.0045791925924415205,4.554290295415683e-13,-0.0004328475152442134,-0.00014476239079604659,1.4850071169352603e-14,0.07613711603959669,0.14202375582079588,-0.00025342083234350556,0.0001874137473145811,-0.0015489156784339376,-0.0002755040157249209,-6.06918372971667e-5,-0.0003562016594146258,-0.0006503095838217861,-0.00047267904382658715,-0.0007691556745016609,-0.0001402843852044818,-0.0008349827801208424,-9.205148911791092e-6,1.2581529289539706e-17,9.49767789162637e-17,8.718445322013847e-16,2.464939334717623e-16,5.896397571002962e-16,2.274435186659532e-16,1.9088604673766124e-16,3.13333150996562e-16,6.150705011707207e-17,1.815604986665069e-15,-6.281922894814325e-16,-2.0067991499450408e-16,0.03250525688296015,0.0319858215351943,0.13739326736885288,0.017758842584060155,0.021387689606967582,0.015362045091442789,0.050183339022875535,0.03352600037002158,0.032251899176847454,0.0701160969005019,0.028677367591483042,0.00042030376525300264,0.05166772810832636,5.969233184731107e-17,0.01727985857385564,-1.9721945537542555e-15,4.370455211528215e-15,2.079789670649568e-15,1.4793315838180221e-15,2.112186745618536e-14,-9.817849989690404e-17,2.236762288543379e-14,2.1713632573295385e-14,4.22729254354345e-15,1.1219764198005889e-14,-6.0955580730332155e-15,-2.809067947592417e-15,-1.5760058764016223e-15,5.032404049681501e-16,0.0,0.0,0.0,0.0,0.0,0.0,0.0,0.0,0.0,0.0,0.0,0.0
0.0001488847273723987,-1.9932652987900932e-5,-6.705048006495498e-17,-1.1670033805676582e-15,2.5185669764482487e-16,0.00010121362105527716,0.0020276740928799283,0.007386963550197612,7.799762520449343e-5,-3.147731083580498e-14,2.7356033388886145e-5,9.149006651455514e-6,2.1236890897878145e-14,-0.0062274829597784185,-0.00900750902352635,1.1308787468496504e-5,-1.9801037350604015e-6,1.5578136781883853e-5,1.423089253675884e-5,1.9004737713437073e-5,1.4963094514308368e-5,1.1880987242999808e-5,1.733124521766615e-5,1.6891738706860257e-5,-6.564837306241227e-6,2.681183703050303e-7,2.1942828904809928e-7,-3.17615417079252e-17,-1.0593579324585429e-17,3.006435718145269e-16,-4.043221447120264e-17,-1.1802239716887495e-16,-1.7155680776858325e-16,1.41430113460659e-16,2.2943319973449154e-16,-4.262794904179179e-17,1.4265142555073068e-15,-2.6067092984887474e-16,-1.3552195149238521e-17,-0.00031473098455265294,-0.0019303632163998974,-0.0014981203756531643,1.9589691875122683e-5,-0.00010311767080558691,-0.000267062877874076,-0.009392607666294723,-7.471194591298231e-5,-0.0002614689607017932,0.00025994150529516424,-0.00041276607080018685,-2.4580355693499857e-6,-0.0026860010454990636,7.123562705952915e-16,-0.0008983115746526555,-9.689141949553771e-17,4.3612256774418115e-16,4.2922086340574893e-16,-3.052215543691528e-16,7.632113470592693e-16,9.926757125955895e-17,4.1566563047774526e-16,1.133231889566075e-15,4.832965447148253e-16,1.2425874242954257e-16,-3.509405996825883e-16,-8.97647607421797e-16,-1.1812803878292225e-15,3.821487111940859e-16,0.0,0.0,0.0,0.0,0.0,0.0,0.0,0.0,0.0,0.0,0.0,0.0
0.0002498376615211765,-2.971488293245532e-5,-1.4424385399835068e-15,-2.9124768554067388e-15,1.2919204658480634e-16,0.00015531586161127462,0.003402657126471071,0.012396594311619928,0.00011387423520256725,-5.0132736584849285e-14,4.669173085532927e-5,1.561567607753396e-5,2.3422391619103013e-14,-0.018624808239714394,-0.006945900671378056,1.8031673745473444e-5,-4.649239464975679e-6,2.374969136576175e-5,2.277885641925938e-5,3.0570101711828576e-5,2.4083250320245566e-5,1.7954337327148437e-5,2.7261620173385826e-5,2.6303007118549926e-5,-1.208082696347987e-5,-8.504039152963664e-7,4.883010689936322e-7,-8.063490713824013e-17,-9.594045448239878e-17,2.8322801870220403e-16,-1.5108847589658645e-16,-3.1565632165866393e-16,-3.8534376263441266e-16,1.1068120446384345e-16,3.4677108632155616e-16,-9.258601256223189e-17,1.836748752431274e-15,-1.231270449720677e-16,-4.5820059189490724e-17,-0.0005279927616659062,-0.003239197405241575,-0.002513736724221878,3.291137139411377e-5,-0.00017303265394170362,-0.0004480833519057181,-0.015761656115541905,-0.0001253183251072223,-0.0004387524901104334,0.00043633665354712826,-0.0006926628324170303,-4.125109340107682e-6,-0.004506402652620188,1.0162749298890244e-15,-0.0015071303377457255,-1.407086730047083e-16,8.283771624922014e-16,7.689627827694862e-16,-4.542242228435209e-16,1.3073170911982514e-15,2.443272161806793e-16,7.770261913786677e-16,2.098411690125746e-15,9.115340152704469e-16,3.4446699708769776e-16,-7.384879422200316e-16,-1.4401592608578632e-15,-1.30692279437047e-15,4.151029694974773e-16,0.0,0.0,0.0,0.0,0.0,0.0,0.0,0.0,0.0,0.0,0.0,0.0
0.01499723681388155,-0.00010561487662234078,-1.4083629437794635e-14,-1.6771986900269156e-14,-9.783081424898324e-16,0.0008380529874336113,-0.07060132903441314,0.04061967999710954,0.00018497585128995315,-2.7939781056015993e-13,0.0006096048839376221,0.00020387747954970985,-5.730275970311595e-14,-0.20017907605519503,-0.021955959334357567,0.0001082192147344691,-0.00027478950585704256,0.0004195481534860992,0.00010546900192603103,4.9605885337842036e-5,0.00018048441222740994,0.0001094865788431017,0.00017582276692472396,0.00020239393454646505,-0.0001863931044771773,5.80250289048629e-5,5.309644779746313e-6,-6.758412226276815e-16,-1.3433279799668125e-15,-1.3141979122448892e-16,-1.3407299506906665e-15,-1.8777715141753286e-15,-2.7448715014409366e-15,-8.104089438399499e-16,1.8423041887313354e-15,-6.1798939279637595e-16,4.758090803404926e-15,2.3225418530674455e-15,-1.0901682660502303e-15,0.03372976131377339,0.0010041914364433014,0.14196706388500124,0.01840069885757475,0.016445019984467242,0.018972760832241142,0.017599394117573858,-0.4995019635573738,0.023842011651400333,-0.07002617726499076,0.042673424344087774,0.0004990771857273798,-0.052371236331233265,-3.5191174082627997e-15,-0.017515141274355925,8.937306787213603e-16,2.116035917223217e-15,2.8431581855364244e-15,1.6526172361790115e-15,-4.520826289912251e-15,3.433900957054375e-15,-5.346318677993439e-15,-3.1813382897575696e-16,1.3926681249494965e-15,-3.300607154384491e-15,-1.1937403981428616e-16,-1.5007352133471592e-15,-4.629387965235203e-16,1.4135168107563806e-16,-0.0,-0.0,-0.0,-0.0,-0.0,-0.0,-0.0,-0.0,-0.0,-0.0,-0.0,-0.0
0.014280431656590131,0.0002801783283211328,-1.5330578974912626e-14,-2.1793756361935253e-14,-7.346223360369927e-16,-0.0007212631689928308,-0.07013284492954583,0.039127730627789285,-0.0015995432148153761,-6.265422852970975e-14,0.0006545371695431241,0.000218904723226426,-7.429434200779394e-14,-0.1981123207016048,-0.013193073748371763,2.6538142998905085e-5,-0.00033740677560941296,1.581652908030397e-5,1.2532817603144174e-5,4.940137729934053e-6,8.129153779512652e-5,-0.0001077071728409376,2.0574951018233914e-5,-3.125915818010525e-5,-0.0003019836805369217,-0.00018288450557514012,3.7210628415198165e-6,-8.808934390202945e-16,-1.7551278663647086e-15,5.900413037907123e-17,-1.79310240428023e-15,-2.6812505023865624e-15,-3.668502124183721e-15,-9.387637728993654e-16,2.4136602929509715e-15,-8.275268233788756e-16,6.991972740021868e-15,3.070974670410266e-15,-1.3431535243176956e-15,0.0282357393273184,-0.002776541923231015,0.10473720859611756,0.01330644917539258,0.005125501495129735,0.0170221089562911,-0.016124072436351722,-0.26827447573632796,0.007086708795909368,-0.1645116283756385,0.04175176164781171,0.00045526640924061575,-0.0498587411043009,-2.69255744511337e-15,-0.016674857333523915,5.096402105740531e-16,4.396427441003749e-15,4.047713296295541e-15,1.5636867509031327e-15,1.9419484514359266e-15,4.541774028191133e-15,1.6867078434183046e-15,6.907467767094571e-15,3.6097552051024255e-15,1.968833129736607e-16,-4.339654522802685e-15,-1.1225487219742474e-15,-8.408314712648399e-16,1.6389075488300115e-16,-0.0,-0.0,-0.0,-0.0,-0.0,-0.0,-0.0,-0.0,-0.0,-0.0,-0.0,-0.0
0.014997188624255973,-9.171571262670623e-5,-1.4116986495023948e-14,-1.7034851036549474e-14,-9.765784791229124e-16,0.000782508940558639,-0.070605474763092,0.040620528382641165,0.00012016949662543477,-2.7516643449513954e-13,0.0006121879778183912,0.0002047413746458409,-5.799369231133012e-14,-0.20017972145430704,-0.021956677587670448,0.0001057612173678155,-0.00027674744464976274,0.00040411544989954685,0.0001026182194099173,4.876172174115214e-5,0.00017753661609149854,0.0001016198186597472,0.0001709681488006198,0.00019411072375982564,-0.00019105906992153854,4.786719552407767e-5,5.248481572354427e-6,-6.829654967654026e-16,-1.3583390448712684e-15,-1.2781742606668923e-16,-1.356391821963816e-15,-1.9046716173663334e-15,-2.7767681259579196e-15,-8.151054929150009e-16,1.862690390186183e-15,-6.253621984564727e-16,4.827042069553859e-15,2.350997514703573e-15,-1.1002998300113249e-15,0.03373021159751409,0.0010043672639649568,0.1419687922719015,0.018400800125806017,0.016445030245921168,0.01897299721193483,0.017599595813713505,-0.4995018264805188,0.023842121062676056,-0.07002589938451836,0.04267351669783296,0.0004990780988949392,-0.0523707998726417,-3.5225301799220685e-15,-0.01751499530426964,8.864084646560654e-16,2.191920877137929e-15,2.895976731478455e-15,1.6766913797273898e-15,-4.325774739071012e-15,3.4717857496987174e-15,-5.160657979916213e-15,-7.383332852750391e-17,1.4609362732401242e-15,-3.1936980910175968e-15,-2.2533299964537843e-16,-1.5453915329651216e-15,-4.692609955625901e-16,1.4007998829173096e-16,-0.0,-0.0,-0.0,-0.0,-0.0,-0.0,-0.0,-0.0,-0.0,-0.0,-0.0,-0.0
3.376867284131103e-7,-9.060521269143299e-5,-3.763889357381292e-16,-3.157301439711908e-15,1.2343501843946948e-17,0.00036263924683520754,1.4905558615408225e-5,-2.1241106026225305e-6,0.00042445261494582573,-1.1821850540551556e-14,-1.849787104115878e-5,-6.186465075749154e-6,1.09586605632408e-15,-8.876036157821431e-5,4.31234935735531e-6,2.0568362185866504e-5,2.3986497168945045e-5,8.089412537330313e-5,2.3825443300144053e-5,1.6103866997502964e-5,2.4193994323554686e-5,4.9298676365918976e-5,3.8061919778762235e-5,5.233098413186331e-5,2.8883770717973303e-5,4.699438175320326e-5,7.798878188925807e-7,-1.5441716508575456e-17,-2.966274555016857e-17,2.9018563812846435e-17,-1.454163307033432e-17,-2.325295193251996e-17,-3.882558421257972e-17,-6.591436486681261e-19,5.875731602734992e-17,-1.4753973492525762e-17,1.5879511633003295e-16,3.530809916652486e-17,-4.8036298426783326e-17,-3.4643451934183017e-6,-1.437152541172539e-6,-9.046804419940272e-6,-7.768958225613819e-7,-1.654738344822603e-7,-1.8633098953628888e-6,-1.2741316928820345e-6,-9.299311494241984e-7,-6.777105599324294e-7,-1.4811797982616037e-6,-5.557996827588765e-7,-7.365381856251424e-9,1.3661046049152915e-7,-9.580411668720248e-16,4.5688275950554465e-8,-1.118384878625225e-16,2.8041552735886243e-16,3.349901550726186e-16,4.3661763133132275e-16,9.963973841454771e-16,3.4385332060569734e-17,1.18135383533801e-15,9.269023208598043e-16,2.250358483814007e-16,-1.0394656558997775e-16,3.346195331517871e-16,-6.929759638898389e-16,5.572351096532128e-18,1.8337288949369643e-17,-0.0,-0.0,-0.0,-0.0,-0.0,-0.0,-0.0,-0.0,-0.0,-0.0,-0.0,-0.0
-0.001895804745865754,7.540323350883049e-5,-2.2771461324375027e-15,-5.827316818708651e-15,-9.266614387834054e-16,-0.00029182236632292,-0.0003092718058947722,0.029126471393362077,-0.00035734314205124407,4.071390931065352e-14,2.6926665600538687e-5,9.00540803186029e-6,-7.370981635936749e-15,-0.0007273847542963539,0.00013000495425992325,-7.646814291113536e-6,-7.652357364300101e-6,-9.464202082318841e-5,-8.963139433401127e-6,6.765560485294023e-6,-8.587684005014058e-6,-4.326538717297917e-5,-1.814939008262852e-5,-4.3383128266209944e-5,-3.178403658056748e-5,-7.124816285266678e-5,-6.411206881592988e-8,-7.751896511926854e-17,-9.583618760036503e-17,-3.903903287111783e-16,-2.1458281871204096e-16,-3.8903335332403367e-16,-3.7223136880455337e-16,-1.5392016071265925e-16,9.173037733109554e-17,-7.071608693052276e-17,-7.00842809760547e-17,1.1933901506319726e-16,2.133808046976672e-17,-0.0005521258907370496,0.0010501956834482573,-0.001961569263629305,-0.0002585583177184397,0.00015480355575009779,-0.00041611776200650594,0.0016492903260022025,0.037249793490003666,0.0002872288124951891,0.008577971507628223,-0.0012173829925177509,-1.0313670292698668e-5,-0.0011816007532590462,-5.01800734145608e-16,-0.0003951769248384623,-8.778085562473134e-17,1.0740225874399783e-15,9.023676390290335e-16,5.495936016333508e-16,2.763545248752315e-15,6.132792041837719e-16,2.892767541849508e-15,3.1540230795762982e-15,8.833616113831323e-16,1.0749028322110746e-15,-1.1398108479697475e-15,-1.0441365833000237e-15,-4.703838939625998e-16,1.2653046114406702e-16,-0.0,-0.0,-0.0,-0.0,-0.0,-0.0,-0.0,-0.0,-0.0,-0.0,-0.0,-0.0
6.753734568173914e-7,-0.00018121042538241653,-7.527778714762155e-16,-6.314602879423706e-15,2.468700368785873e-17,0.000725278493668668,2.9811117231277803e-5,-4.248221205341695e-6,0.0008489052298895163,-2.364370108083599e-14,-3.6995742082205365e-5,-1.2372930151431825e-5,2.3953628041435556e-15,-0.00017752072315551257,8.62469871472369e-6,4.1136724371732106e-5,4.797299433730398e-5,0.00016178825074675683,4.7650886600600146e-5,3.220773399528716e-5,4.8387988647445515e-5,9.85973527316328e-5,7.612383955778864e-5,0.00010466196826375222,5.7767541432724485e-5,9.398876350666109e-5,1.559775637837035e-6,-3.0883433017146444e-17,-5.932549110036894e-17,5.803712762567407e-17,-2.908326614066583e-17,-4.650590386501048e-17,-7.765116842513844e-17,-1.318287297279588e-18,1.1751463205478869e-16,-2.9507946985050303e-17,3.175902326600899e-16,7.061619833304104e-17,-9.607259685348263e-17,-6.928690386845713e-6,-2.874305082227876e-6,-1.8093608840062555e-5,-1.553791645171955e-6,-3.309476689939656e-7,-3.726619790228378e-6,-2.548263385759537e-6,-1.8598622988608485e-6,-1.355421119883422e-6,-2.962359596409253e-6,-1.1115993655609622e-6,-1.4730763714569874e-8,2.7322092103927635e-7,-1.9160823337441825e-15,9.137655189213275e-8,-2.236769757250935e-16,5.608310547177631e-16,6.699803101452695e-16,8.73235262662682e-16,1.992794768290993e-15,6.877066412120025e-17,2.362707670676052e-15,1.853804641719639e-15,4.500716967628142e-16,-2.0789313117992917e-16,6.692390663034869e-16,-1.3859519277797133e-15,1.1144702192986548e-17,3.667457789875167e-17,-0.0,-0.0,-0.0,-0.0,-0.0,-0.0,-0.0,-0.0,-0.0,-0.0,-0.0,-0.0
-9.8434285371423e-9,-6.411898636858879e-7,1.9512164352556403e-15,1.3087003699038543e-15,4.3295451336624884e-16,1.983667465907641e-6,-1.4643875426967069e-6,-5.673815705738946e-7,2.399810087666895e-6,-2.1442611018743955e-15,-2.5035487081209374e-7,-8.372918510569399e-8,1.785583151820262e-14,7.44635942452319e-6,-3.698305834011963e-8,5.228696470061825e-7,1.2415931849196528e-6,-1.8194142849039712e-6,6.109683287692656e-7,1.622980415052385e-6,4.7062633321942464e-7,1.7551754348923864e-7,9.751816129051254e-7,1.1656454837951699e-7,-5.92102507105587e-8,-1.5935652675869788e-6,-1.9871604822062528e-7,3.7877605107928016e-17,1.1006087095139439e-16,3.2722824987562377e-16,1.1742032108627893e-16,1.6439102339682942e-16,1.3303702250147084e-16,1.8507829428724147e-16,6.311496309473875e-17,2.856152399771435e-17,8.437206041699096e-16,-4.53651068561946e-16,3.063810893786578e-17,-6.986119906600029e-8,-1.3211457670110837e-7,2.3173766081097281e-7,-2.0154206429810378e-8,-8.48856128466912e-9,-2.430615770009876e-8,4.848023232840664e-8,-3.3490082220248846e-8,1.3470370285726744e-8,-9.590493216218773e-8,3.647100294435417e-8,7.577774185116753e-10,-1.264038557108798e-6,2.587676500272059e-16,-4.2274759246892596e-7,-3.552275082196119e-17,-1.1463306776602585e-16,-5.3472871861787224e-17,-7.734777407801471e-17,3.660812807772699e-17,-1.020665094341859e-16,-4.3232463678647576e-17,-1.9782334882625183e-16,-1.2351848998183271e-16,-1.6262452483281088e-16,1.8232405478480058e-16,-1.0948108108159316e-16,-9.973476502900328e-16,3.328494409287712e-16,-0.0,-0.0,-0.0,-0.0,-0.0,-0.0,-0.0,-0.0,-0.0,-0.0,-0.0,-0.0
-0.0018954636588737054,-1.6182705287065324e-5,-2.6511813915926466e-15,-8.966070544279585e-15,-9.14439982122795e-16,7.473607282742702e-5,-0.0002940737243368266,0.029124287420610784,7.168221437556843e-5,2.8593492542417625e-14,8.246531252116094e-6,2.757986450225245e-6,-6.126393411273843e-15,-0.0008160995764610294,0.00013436798362763123,1.3094984382406159e-5,1.647229211942272e-5,-1.2658962669729828e-5,1.5063455304260023e-5,2.2928991730027586e-5,1.5814307046325612e-5,6.5883684111103855e-6,2.025507193244265e-5,9.532319870744434e-6,-2.5710349755317774e-6,-2.3537043573041207e-5,7.200914302151469e-7,-9.245799228407008e-17,-1.244397512296768e-16,-3.6162594806736657e-16,-2.2801934891290177e-16,-4.1038823185858826e-16,-4.0880632468123083e-16,-1.5424791548897277e-16,1.4904924137965877e-16,-8.494983467550243e-17,8.384562858869712e-17,1.5263928050546687e-16,-2.5983334006581634e-17,-0.0005556220079867841,0.0010487461245033325,-0.0019707380231656253,-0.00025934235903542923,0.00015463735786659836,-0.0004179977508720089,0.0016480019626138275,0.037248853886704125,0.0002865433818669634,0.008576470720562572,-0.001217945308688203,-1.0321100107703634e-5,-0.0011814949393510522,-1.4596010955808465e-15,-0.000395141536223234,-1.9910268748666633e-16,1.349083666055868e-15,1.2336309133436918e-15,9.845125595015133e-16,3.746179780121778e-15,6.449913822942416e-16,4.061021143721506e-15,4.063687537900367e-15,1.1035804538491028e-15,9.634127546972177e-16,-7.9771484227441735e-16,-1.733961593763624e-15,-4.643654480044505e-16,1.449574808363588e-16,-0.0,-0.0,-0.0,-0.0,-0.0,-0.0,-0.0,-0.0,-0.0,-0.0,-0.0,-0.0
-9.843428555733681e-9,-6.411898639019106e-7,1.9512164352556446e-15,1.3087003699037064e-15,4.3295451336625057e-16,1.9836674665922837e-6,-1.4643875427821378e-6,-5.673815706361237e-7,2.399810088486624e-6,-2.1442611020262567e-15,-2.5035487090237977e-7,-8.372918519649823e-8,1.7536210117999797e-14,7.446359424657339e-6,-3.69830583079219e-8,5.228696470396611e-7,1.2415931850277196e-6,-1.819414285107407e-6,6.109683296876255e-7,1.6229804120635663e-6,4.7062633318746714e-7,1.7551754296729183e-7,9.751816134306295e-7,1.1656454812032131e-7,-5.921025089499144e-8,-1.5935652675180536e-6,-1.9871604833663737e-7,3.7877605107925686e-17,1.1006087095139246e-16,3.2722824987562766e-16,1.1742032108627294e-16,1.6439102339681774e-16,1.3303702250145555e-16,1.8507829428724226e-16,6.311496309474851e-17,2.8561523997712036e-17,8.437206041699409e-16,-4.5365106856193565e-16,3.063810893785846e-17,-6.986119910804043e-8,-1.321145768196795e-7,2.3173766065185664e-7,-2.0154206490360673e-8,-8.488561323150274e-9,-2.4306156941529243e-8,4.8480232387085146e-8,-3.349008222341868e-8,1.3470370271015422e-8,-9.590493209130356e-8,3.647100287626157e-8,7.577774341480363e-10,-1.2640385570834762e-6,2.587676500271986e-16,-4.227475924514162e-7,-3.5522750821962976e-17,-1.1463306776598237e-16,-5.347287186176021e-17,-7.734777407800305e-17,3.6608128077843667e-17,-1.0206650943417133e-16,-4.323246367852258e-17,-1.978233488261135e-16,-1.2351848998179214e-16,-1.626245248327304e-16,1.8232405478473754e-16,-1.0948108108160123e-16,-9.97347650290041e-16,3.32849440928771e-16,-0.0,-0.0,-0.0,-0.0,-0.0,-0.0,-0.0,-0.0,-0.0,-0.0,-0.0,-0.0
-0.0023337097430355673,-0.0003081184618734149,-1.8890274850675568e-15,-8.304824825439433e-15,-6.601660522305204e-16,0.0012177474036606383,0.0030484920014913998,0.018140958455261282,0.0014542319101034191,-5.942349981068801e-14,-8.560338735312569e-5,-2.8629368482503536e-5,1.1580171800070585e-15,0.004563220567485455,-0.0002093389105001851,6.410494566302186e-5,8.713287684737275e-5,0.00027151794245026554,7.588859859590244e-5,5.061796961923469e-5,7.335414501476435e-5,0.00016654513625003094,0.00012012036250409066,0.0001731735555623123,0.00010712702375767407,0.000171365142495591,2.3238629043316066e-6,-4.818131644982424e-19,3.0516427074289965e-17,-2.9337417642775537e-16,-5.257890537505034e-18,-2.4697326725072452e-17,3.26167941376546e-17,-5.752182885614979e-17,-7.204455498059577e-17,6.046653150745544e-18,-6.542009346165108e-16,-9.534827271679477e-17,3.326064023007464e-17,2.096409997705127e-5,0.00014599049326381242,0.0009645918140839437,-0.000250043596669875,0.00162887908749877,-0.00026692569046078576,0.0009476186811843726,-0.022354663260425026,-0.0010910112486988911,0.003765264645724588,-0.0008513724451105929,1.9695747467637754e-6,0.001961774627856448,-1.956278714340481e-15,0.0006560998395754913,-1.958057584310559e-16,5.66117899103753e-16,7.221301215659969e-16,1.043727735956325e-15,2.128608245030126e-15,4.4554155248896285e-17,2.566002593805204e-15,1.8799588165454e-15,4.650001087390603e-16,-5.132872157270051e-16,9.046114121332663e-16,-1.940150726738713e-15,-1.878601718411775e-17,6.139007951398273e-17,0.0,0.0,0.0,0.0,0.0,0.0,0.0,0.0,0.0,0.0,0.0,0.0
-0.0049641267220380285,-0.0004072949253584252,-7.285255200851287e-15,-3.26649800736014e-14,-1.3783316284011162e-15,0.001638286897171827,0.008815146463130374,0.05556089182948208,0.0019138475655145534,-3.150478167883279e-14,-8.261336666643235e-5,-2.7629379962608824e-5,-8.232469074195649e-15,-0.010603619739332944,-0.0027071082232266153,0.0001056005493111453,0.00014005717406140875,0.000298481956913134,0.00012641679392774236,0.00011697335422089354,0.00012245876955473747,0.00021507890133562325,0.00018660392208477613,0.00022974528221607292,0.00012278298122035455,0.00016065711423238522,5.184324705654831e-6,-3.312912098555442e-16,-5.578554219126565e-16,-3.0437807228273304e-16,-7.137706346888043e-16,-1.3079166497964624e-15,-1.4270603879365159e-15,-2.286179299126197e-16,9.106367136578286e-16,-3.3559760344721567e-16,2.6259790819320043e-15,7.053637042177528e-16,-3.8442985102452e-16,0.0006696117151798234,-0.0006342956713338264,0.009134710154897774,0.00017821020482050164,0.006954191465927358,-0.0005408590935723606,0.00924774854507375,0.04217395642148131,0.00018401514478213693,0.029346858684218047,-0.0025137897790789704,8.199577893817856e-6,-0.00042152852208473255,-4.819538939931543e-15,-0.0001409768440324609,-7.615630078456204e-16,4.605630844537565e-15,4.201564319339244e-15,3.424046722880001e-15,1.2325276793482104e-14,1.9052359463324193e-15,1.3583836095820043e-14,1.3739305290136614e-14,4.0087778862050434e-15,1.841132974851054e-15,-1.7568555035853777e-15,-6.92229116777307e-15,-1.3381718153869713e-15,4.985632473680687e-16,-0.0,-0.0,-0.0,-0.0,-0.0,-0.0,-0.0,-0.0,-0.0,-0.0,-0.0,-0.0
-0.002586058345478024,-0.00024557673661357353,-3.7607047886540555e-15,-1.6971320441037158e-14,-7.48556444347041e-16,0.000988178811129836,0.004689245188220355,0.029572754420767445,0.0011519397667061418,-3.338031912634949e-14,-4.757455718086412e-5,-1.5910930276383682e-5,-3.010955124311942e-15,-0.005651314769296042,-0.0021379637723537475,6.227878801015535e-5,7.935535113529162e-5,0.00018884485915737848,7.4195419316125e-5,6.55806885269628e-5,7.253259188936416e-5,0.00013066532575176318,0.00011087576355666841,0.00013966595974465904,7.40609418915119e-5,0.00010344057836008251,2.870956645693089e-6,-1.6001736586446382e-16,-2.643228448084516e-16,-1.7502769065922858e-16,-3.4385532317415997e-16,-6.32330264983093e-16,-6.862427389862954e-16,-1.1078591793320767e-16,4.3984818343805656e-16,-1.62037471293425e-16,1.2252133905925308e-15,3.1627780664997998e-16,-1.8474407445552123e-16,0.0007807463158305182,-2.7738782120812675e-5,0.007792228809832536,0.000498313278987271,0.004604582476651636,-0.00014095752984821276,0.007654795513783603,-0.008708375559167541,0.0014520903517921866,0.023356686467781988,-0.0012891516562336836,7.576636044968534e-6,-0.00039141147066222234,-2.625373039024627e-15,-0.00013090443696955298,-3.758726040734577e-16,2.2722219658586697e-15,2.140023743559661e-15,1.8271219091889327e-15,6.05773638155502e-15,9.25603027030039e-16,6.682500246474181e-15,6.7499634702293415e-15,1.95955575294841e-15,7.118161261814798e-16,-6.082304206915577e-16,-3.709984270331606e-15,-6.825337354824953e-16,2.634092761358969e-16,0.0,0.0,0.0,0.0,0.0,0.0,0.0,0.0,0.0,0.0,0.0,0.0
0.00014734256661462258,-8.747158357570782e-5,-1.7070028652110751e-15,-4.110998973710139e-15,-2.583667165410302e-16,0.00037290976739343183,0.0012422052618351021,0.008758893875591502,0.00039342796856434707,-2.39809539173284e-14,1.6243519314090266e-5,5.43251516695924e-6,-2.8328300930883627e-15,-0.013183028007697271,-0.0002170675893570318,2.386202106393545e-5,6.121501030510983e-6,9.60387549168804e-5,2.7176097239479396e-5,1.8024989575806575e-5,3.0822320560565415e-5,5.03980183012087e-5,4.2604038180179776e-5,5.803125596761461e-5,1.6108026680353177e-5,4.810516733920758e-5,1.0732219816977893e-6,-5.795261407571041e-17,-1.0471494357229885e-16,-7.126672198716172e-17,-1.299900804890423e-16,-2.3089328583512355e-16,-2.521480258320176e-16,-5.3177278119667145e-17,1.4705111344990505e-16,-5.89969651072705e-17,3.828680947199675e-16,1.6383792862163174e-16,-6.631386512882849e-17,-0.00032917322859474864,-0.0011290230922848573,-0.00058671856116844,-0.00020470371895924862,0.0005131796095651913,-0.00020654997208459266,-0.00012723442370831382,-0.008605397671913493,-0.0005795372576881162,7.562865971862604e-5,-0.00043674064148746717,-3.069819008245048e-6,-0.0028151250587235945,-6.974753785367782e-16,-0.0009414960685044885,-1.6857157065992625e-17,5.062835300138215e-16,5.402440852345165e-16,4.301513549999833e-16,8.391046019270349e-16,3.239748069650862e-16,9.425144484818717e-16,1.0947206884264269e-15,4.184242802064563e-16,-1.8165680404658132e-16,-4.560678977042557e-17,-8.390231845988185e-16,-1.288363166494174e-16,4.964582042209177e-17,0.0,0.0,0.0,0.0,0.0,0.0,0.0,0.0,0.0,0.0,0.0,0.0
0.013497469324146295,-8.240893156763243e-5,-1.2705953384571458e-14,-1.5338595619124135e-14,-8.786391739976038e-16,0.0007037190052024822,-0.06354497616644798,0.03655848731418291,0.00010752433306785098,-2.4757732865098e-13,0.0005509931766995058,0.0001842752626733238,-5.2197586722062726e-14,-0.18016185461811404,-0.019761017040487012,9.51641702838827e-5,-0.0002490837473802631,0.0003635388732246049,9.233281047565471e-5,4.388661793890163e-5,0.0001597574217601299,9.137975822819099e-5,0.00015382776475662968,0.00017461766757695914,-0.00017199966020602935,4.296947985637407e-5,4.723512938193349e-6,-6.148145401487349e-16,-1.2227881952953718e-15,-1.147677304913928e-16,-1.22103857519996e-15,-1.714711469164357e-15,-2.499726081365922e-15,-7.336144283439703e-16,1.6769253325091958e-15,-5.629791872552022e-16,4.346329510273859e-15,2.1163115892915997e-15,-9.905093045325206e-16,0.030357194477466688,0.0009039321464251443,0.12777193149550062,0.01656072098727552,0.014800527209028217,0.017075699579892672,0.01583963815901322,-0.4495516424778004,0.02145791003297187,-0.06302330633981634,0.0384061659093402,0.0004491702961693574,-0.04713371166331922,-3.1709081466327098e-15,-0.015763493024041012,7.97477454650903e-16,1.9743998464180717e-15,2.607636739500665e-15,1.5096574245655286e-15,-3.888692221443898e-15,3.1253408737740923e-15,-4.639786102804289e-15,-6.122779242317771e-17,1.3163435451824574e-15,-2.8726053261883073e-15,-2.0454493502087946e-16,-1.3921075606457163e-15,-4.228630004770198e-16,1.2622204108903077e-16,-0.0,-0.0,-0.0,-0.0,-0.0,-0.0,-0.0,-0.0,-0.0,-0.0,-0.0,-0.0
0.022488050556694707,0.002591775181388766,-2.2513399577467138e-14,-6.43169102477557e-14,2.0588574571524016e-15,-0.009725595337620734,-0.05990572652510121,0.05402914718546802,-0.012545953873586228,5.446665178980775e-13,0.0014338524280471776,0.00047954048067207667,-1.1457031834926032e-13,-0.30309379891687466,-0.030486570130530806,-0.0003481602298056043,-0.0008502450852399948,-0.002348914039712663,-0.0004235585939132411,-0.0001158109455653079,-0.000341211868937813,-0.001385195820643732,-0.0007388541411881196,-0.0013307852733230143,-0.0011964965737003594,-0.0018148754332527478,-3.8133409493738843e-6,-2.433301400992594e-15,-4.780745996238732e-15,2.902332922550552e-15,-5.075222451240722e-15,-8.56070359001716e-15,-1.0895939873986026e-14,-1.05400076555138e-15,7.855647883545685e-15,-2.5131189218790516e-15,2.935573990542642e-14,7.505005379830273e-15,-3.633713347004523e-15,0.032182101442882416,-0.005021047923182891,0.156655881963094,0.02070162794413072,0.026737431407883636,0.0174482404061801,0.05143464969714789,0.03562015087968831,0.03885049762560127,0.04366814676803556,0.036027003568850614,0.00044005392692772575,-0.07846919271506954,1.3690979209391828e-15,-0.026243394129530365,-3.720046773024555e-16,1.8606460148681164e-14,1.443971686034404e-14,3.884804287165033e-15,3.127057038609072e-14,1.2924242219865605e-14,3.056839118056968e-14,4.6835579789309773e-14,1.6261469403040805e-14,1.5888244225025097e-14,-2.4564811980201604e-14,-9.00457375213486e-15,-7.575772451229086e-15,1.919751729935787e-15,-0.0,-0.0,-0.0,-0.0,-0.0,-0.0,-0.0,-0.0,-0.0,-0.0,-0.0,-0.0
-0.014789529577388086,0.0009911950710332989,1.456378335590094e-14,-1.375000757603255e-14,1.833730788602028e-15,-0.004372858081759579,-0.04494609550691876,-0.022717763592888962,-0.004314446605761799,4.349303538078472e-13,-0.00044339158279451253,-0.00014828876988655465,1.901811114837691e-14,0.2352003703893731,-0.01704571869088955,-0.00024340288211494168,0.00019530686705028236,-0.0014855983900655908,-0.00026391773861976313,-5.748678939389414e-5,-0.00034417259675208797,-0.0006181483027434122,-0.00045287310624063344,-0.0007352766176053542,-0.00012119810232281288,-0.0007933653730516798,-8.953920095573559e-6,4.398269524868166e-17,1.6495719442145425e-16,8.946026324006162e-16,3.1828420945144797e-16,7.078339498245668e-16,3.6112502354589784e-16,2.2824611994668057e-16,2.4495980318993496e-16,9.230052660365858e-17,1.6511641443699654e-15,-7.841285006878561e-16,-1.6100867713021489e-16,0.032503420515420656,0.031985108375846824,0.13738617802340125,0.017758431268186683,0.021387651135263076,0.015361080096689104,0.05018251459127292,0.03352544061233789,0.032251451744130605,0.07011496100426216,0.028676990151736883,0.0004203000239092419,0.051665933176841004,1.1999810277735356e-16,0.0172792582733712,-1.9304323353018885e-15,4.03269256873702e-15,1.855679943115044e-15,1.397038359275222e-15,2.021044977006163e-14,-2.4172677790839193e-16,2.1501258137086437e-14,2.057156194806278e-14,3.912328488773317e-15,1.0732482913169706e-14,-5.626562636947282e-15,-2.658929116571791e-15,-1.6569728423762481e-15,5.44667063120848e-16,-0.0,-0.0,-0.0,-0.0,-0.0,-0.0,-0.0,-0.0,-0.0,-0.0,-0.0,-0.0
6.237550574602271e-7,-1.0246412076983714e-6,1.9438890111258985e-15,1.291168732441635e-15,4.3184249623793193e-16,3.616447380125737e-6,3.879229238719442e-6,3.7095426860805766e-5,4.125704177569663e-6,-2.250116317704444e-15,-1.8187544721178726e-7,-6.082678941874706e-8,1.767802957824804e-14,-3.165787547871786e-5,-1.855326073849816e-5,6.267891381170671e-7,1.2689927250427343e-6,-1.3984006111631915e-6,7.293521958377955e-7,1.7009777498285706e-6,6.047332687770359e-7,3.963666723112083e-7,1.1609570443941153e-6,3.704583846327677e-7,1.2506145317022907e-8,-1.3814320944761202e-6,-1.9406846547317432e-7,3.763204249670272e-17,1.0961831106808847e-16,3.269198913021456e-16,1.1686927263284794e-16,1.6341164901370844e-16,1.3196878810531368e-16,1.8485191760173492e-16,6.37369826346505e-17,2.8311561174461386e-17,8.453318695679212e-16,-4.529607948676101e-16,3.0358057670551494e-17,-1.485545469737564e-6,-4.987007997422307e-6,-2.2920533183080594e-6,-9.004342851102592e-7,2.1981778997885237e-6,-9.125966927702766e-7,-4.987338723893368e-7,-3.703677240369499e-5,-2.4785973919838125e-6,2.2915282854124926e-7,-1.8415622099835663e-6,-1.2442927333513111e-8,-1.3369298402954886e-5,2.557756760691924e-16,-4.471254964393813e-6,-3.5590295246285886e-17,-1.124976548319827e-16,-5.1177358807437124e-17,-7.551005464228537e-17,4.010237308610844e-17,-1.0069233535933857e-16,-3.9290940049843945e-17,-1.9325454638211034e-16,-1.2175638774859005e-16,-1.6346246909164422e-16,1.821855866274217e-16,-1.1307094108575407e-16,-9.978980280688167e-16,3.3306343931635135e-16,-0.0,-0.0,-0.0,-0.0,-0.0,-0.0,-0.0,-0.0,-0.0,-0.0,-0.0,-0.0
0.0001466993064474548,-8.778114749634632e-5,2.510806613250575e-16,-2.7842858124855166e-15,1.7552624063684657e-16,0.00037346776609339596,0.0012354120841591158,0.008720660716134298,0.00039434367937027175,-2.6037691577602773e-14,1.591493316726375e-5,5.322622156999111e-6,1.487136717936559e-14,-0.013136477775666011,-0.00019858563873254457,2.4290477773697645e-5,7.343662826236707e-6,9.385502204072369e-5,2.7679548185295687e-5,1.9573238642358554e-5,3.117026344745273e-5,5.038192762692464e-5,4.341210531049665e-5,5.792478631431847e-5,1.599444098307858e-5,4.633588882676261e-5,8.701278431064377e-7,-1.9811050230081135e-17,5.8147168087248375e-18,2.5613130138015697e-16,-1.1990098303070333e-17,-6.54599583098594e-17,-1.1794712538858058e-16,1.3208263840936475e-16,2.0943035474993636e-16,-3.016277001512364e-17,1.2243531647992636e-15,-2.904663833639676e-16,-3.5362610204423235e-17,-0.0003278291253848763,-0.0011243009848606145,-0.0005839693792713805,-0.00020384397054538927,0.0005109644191123691,-0.00020568689776778157,-0.0001266394789431514,-0.008568428397170291,-0.0005770321264382457,7.52066744003602e-5,-0.0004348264773222528,-3.055864107203965e-6,-0.0028042852870188823,-4.3587854251215424e-16,-0.0009378707935268277,-5.2266157360039255e-17,3.892445165095082e-16,4.842936771428254e-16,3.5095251194865856e-16,8.714565102257159e-16,2.2040735173920627e-16,8.945782055908824e-16,8.914530607618864e-16,2.928995860945736e-16,-3.438065272418023e-16,1.372749005604846e-16,-9.447772638922904e-16,-1.1252520214127776e-15,3.821646391492183e-16,0.0,0.0,0.0,0.0,0.0,0.0,0.0,0.0,0.0,0.0,0.0,0.0
0.011904825398317814,-0.003337750677173117,-8.228145436258883e-15,6.663726236172682e-14,-2.244678514172719e-15,0.013669468024781629,-0.0745216437743166,0.03496147370116238,0.015312890222708323,-7.226477495722147e-13,-0.00011127260220445266,-3.721423215067218e-5,4.7764647175456145e-14,-0.1661029879300057,-0.006574450733861675,0.0006341314498459227,0.00016698889902184977,0.004089001641550599,0.0007130748817288364,0.00015144352488587285,0.0008066677324453891,0.0019411253987740725,0.0012415117060885926,0.0021113545136578118,0.0009565293627176626,0.0025395287186175323,1.901541794401425e-5,1.1896004787878586e-15,2.4817592699925733e-15,-1.810188572875071e-15,2.663231147771945e-15,4.976268852918434e-15,5.525656098054135e-15,8.549204515602275e-17,-3.964136211702323e-15,1.3477264525314603e-15,-1.564740370261486e-14,-4.534288791286983e-15,1.768885706729086e-15,0.018384267524269093,-0.011812973074521204,0.026589424614945595,0.0019885222607983204,-0.24939499144948232,0.017584870577122765,0.025983854585052604,-0.032781191489385096,-0.37022928396014604,-0.053078830115747676,0.04632421294962196,0.00035588417475880654,-0.04163924076041937,1.6481435771240503e-15,-0.013925911159732119,2.840541596562939e-15,-1.7416286237555225e-14,-1.109609434178756e-14,-4.869850762387129e-15,-4.861831447642288e-14,-6.298238416214136e-15,-5.022743457977202e-14,-5.74444004975632e-14,-1.4755487664604344e-14,-2.2664550125415993e-14,2.2675978911203607e-14,1.0669315748052948e-14,2.1667536427419828e-15,-2.3015172029543717e-16,-0.0,-0.0,-0.0,-0.0,-0.0,-0.0,-0.0,-0.0,-0.0,-0.0,-0.0,-0.0
0.009535051932182693,-0.0017465496168767485,-1.132211146731626e-14,3.3352920085870314e-14,-1.3643430340630033e-15,0.007248170080861098,-0.06918494756496832,0.029463324399865837,0.007946668834740168,-1.486191652357009e-13,8.354358157834338e-5,2.7940482922400552e-5,-1.7952811358122095e-14,-0.1353339014637515,-0.0024892912315106893,0.000342942200045618,7.051164814260887e-7,0.002251100595194145,0.00038038807330810666,6.358490540742416e-5,0.00044867240065662425,0.0010301794558147648,0.0006682551262121122,0.0011388515779495842,0.0004556742782334472,0.0013628893388034147,1.2234959273199828e-5,3.273358391757643e-16,7.019037159149073e-16,-9.201193335991268e-16,8.09917972734688e-16,1.715065926416823e-15,1.6338888611031595e-15,-3.018059713125891e-16,-1.312774310850955e-15,4.4274217826456125e-16,-5.907345073016353e-15,-1.3379733941080021e-15,4.964321327489208e-16,0.013849099708789036,-0.01245101344606402,0.001517899862800631,-0.0014187410620901508,-0.2675174344604753,0.015594930368887578,0.018511759110190745,-0.04069519198329947,0.006832796487222036,-0.06416795896535109,0.04277304830888831,0.00029932974269673726,-0.033324823673324504,1.9601423765832583e-15,-0.011145220840098774,1.6074924490565486e-15,-7.6655636343613e-15,-4.266470620322896e-15,-1.8942248192832676e-15,-2.211050801539661e-14,-1.860384136197211e-15,-2.4387619307616282e-14,-2.5117514580304633e-14,-5.740518323148974e-15,-8.2689801564777e-15,9.34791423882814e-15,4.0405973809543725e-15,6.556201652544368e-16,-8.16951816894046e-17,0.0,0.0,0.0,0.0,0.0,0.0,0.0,0.0,0.0,0.0,0.0,0.0
0.01190473823235333,-0.0033126101693643213,-8.288348623246779e-15,6.616222744000402e-14,-2.241542299394785e-15,0.013569001213769352,-0.07452914178344404,0.034963008101793945,0.015195669787964435,-7.149971137473352e-13,-0.00010660021789110341,-3.565159057360827e-5,4.655155027736468e-14,-0.16610415163241832,-0.00657574986718489,0.0006296850758927405,0.00016344667272179475,0.004061088165427326,0.0007079182179219581,0.00014991665124921758,0.0008013353009784899,0.0019268962626968163,0.0012327300658230705,0.002096372025588236,0.0009480897258634784,0.0025211572142858287,1.8904755254955758e-5,1.1767181231730014e-15,2.454611092288112e-15,-1.8036716702627712e-15,2.6349070019321525e-15,4.927621116959913e-15,5.467968802987803e-15,7.699904844615672e-17,-3.927267862481201e-15,1.3343945254883624e-15,-1.5522694770006572e-14,-4.482824355739613e-15,1.750562908304783e-15,0.01838508203413235,-0.01181265501960217,0.02659255077648192,0.001988705429813062,-0.24939497289636708,0.0175852981697042,0.02598421940001271,-0.0327809435383478,-0.37022908606262617,-0.05307832750209444,0.04632437998773211,0.00035588582661932606,-0.041638451385186244,1.6421738021872454e-15,-0.013925647159496774,2.8273142662004276e-15,-1.727906686435463e-14,-1.1000590725793681e-14,-4.826349969126922e-15,-4.826568861083067e-14,-6.229694482410831e-15,-4.989179090104507e-14,-5.700260400466055e-14,-1.4632017342037753e-14,-2.2471190956923425e-14,2.248426307389865e-14,1.0588639834624687e-14,2.1553247653599533e-15,-2.3245150132303194e-16,0.0,0.0,0.0,0.0,0.0,0.0,0.0,0.0,0.0,0.0,0.0,0.0
2.344897939657823e-7,-6.427746463456946e-5,6.247309426795766e-16,-4.0130551008097615e-16,8.074057906663843e-17,0.0002579802569460322,1.207017328181136e-5,-1.4721288096547269e-6,0.00030099689765105276,-2.7668949442560062e-14,-1.2546155628850181e-5,-4.1959614412145225e-6,-4.966313452294788e-15,-6.526252157694823e-5,3.1594693599575478e-6,1.2859927706506882e-5,1.4757844930774134e-5,5.760618412884966e-5,1.6845552898536354e-5,1.5443024361272525e-5,1.4585343099446918e-5,3.501962982670367e-5,2.3347867302071113e-5,3.6574478817860184e-5,2.045330141537222e-5,4.1228984590659036e-5,4.218714126766787e-7,-5.954282354030458e-19,-3.699406334194976e-17,4.7713959101689487e-17,-1.2445202048823495e-17,-1.535793802675783e-17,-5.979189434344356e-17,5.2689553390893555e-18,6.15515312096088e-17,-7.127296740874292e-19,2.564213364859573e-16,5.709181743319208e-17,-4.99027174663021e-17,-2.2591905128933023e-6,-9.40349167088234e-7,-6.525430900271993e-6,-6.156729022501563e-7,-2.154132418311624e-7,-1.152216169983569e-6,-9.616576544011319e-7,-5.941737500551461e-7,-4.950227110606233e-7,-1.0214933550706085e-6,-4.5583064277182015e-7,-4.537737803379943e-9,4.7400344147813525e-7,6.650875806618162e-16,1.5852666119657606e-7,5.12246434992296e-18,1.4301097545523465e-16,2.000299719916197e-16,1.5370220433588232e-16,1.8532921380993654e-17,2.802150014688905e-16,2.2513877299545244e-16,8.096262403135899e-16,3.003211663394869e-16,6.226182502169375e-18,-3.8492981104122023e-16,-2.860705046890981e-17,4.612242601093509e-17,2.014772423817387e-17,-0.0,-0.0,-0.0,-0.0,-0.0,-0.0,-0.0,-0.0,-0.0,-0.0,-0.0,-0.0
-0.0029425398699419315,0.000623185229071155,-3.623909589880786e-15,-1.5372816381435064e-14,-1.4729217482467341e-15,-0.002459707741228768,-0.0006455205016018834,0.05366876415180481,-0.0029277039366108776,1.18413321333346e-13,0.00016083175100995098,5.378889325665299e-5,-3.3531769867120855e-14,-0.00684807012572789,-0.0017847632267348743,-0.0001004769839173733,-9.761000748261594e-5,-0.0006971813245705005,-0.00011459153920778964,-1.3291029192039606e-5,-0.00011849378127293474,-0.00035144682102246437,-0.00020490616478881045,-0.00036415879123345804,-0.00022791351165621783,-0.00047009421299661476,-2.7092442635855577e-6,-3.4201350604348994e-16,-6.262173114706724e-16,-5.102449708670327e-16,-8.652238657943471e-16,-1.5141765380475777e-15,-1.6767794878022015e-15,-3.856859892607825e-16,8.324416491248117e-16,-3.4266628366297684e-16,2.3288826528699635e-15,1.0501155668389148e-15,-2.76063171012934e-16,0.0011067837310413805,0.0034474636256239164,0.011404298835960454,0.001644872610719744,0.03232277889417723,-0.00043805499748520284,0.0021125608393999006,0.007498816495413614,0.04801502267401318,0.012942675671621252,-0.002311808275593029,2.379373765139921e-6,-0.003827209836561833,8.428074037461722e-16,-0.0012799797306759036,-1.7824058549148545e-16,3.939525573124941e-15,2.9214916420336075e-15,1.1537870576513527e-15,8.47401742183222e-15,2.5219371698524888e-15,8.667572513536035e-15,1.169345721952909e-14,3.440326664035199e-15,4.437654572442539e-15,-5.7891425313330925e-15,-2.136326352237101e-15,-1.1339170149735166e-15,2.615026245841464e-16,-0.0,-0.0,-0.0,-0.0,-0.0,-0.0,-0.0,-0.0,-0.0,-0.0,-0.0,-0.0
4.6897958790608135e-7,-0.0001285549292719714,1.2494618853591976e-15,-8.026110201617601e-16,1.6148115813325553e-16,0.000515960513903232,2.414034656202728e-5,-2.9442576191669388e-6,0.0006019937953154979,-5.533789888656407e-14,-2.5092311258044336e-5,-8.391922882542503e-6,-9.95059566427121e-15,-0.00013052504315629434,6.318938719920812e-6,2.5719855412432405e-5,2.9515689861881173e-5,0.00011521236825418377,3.369110579722491e-5,3.08860487262156e-5,2.917068619824791e-5,7.003925965194628e-5,4.6695734603152125e-5,7.314895763458305e-5,4.090660283045038e-5,8.245796917964865e-5,8.437428394238219e-7,-1.1908564708078513e-18,-7.39881266838783e-17,9.542791820335007e-17,-2.4890404097642407e-17,-3.07158760535206e-17,-1.195837886868914e-16,1.053791067815813e-17,1.2310306241921254e-16,-1.425459348162308e-18,5.128426729718871e-16,1.1418363486638326e-16,-9.980543493259686e-17,-4.518381025728107e-6,-1.8806983341247997e-6,-1.3050861800206636e-5,-1.231345804437529e-6,-4.308264836890998e-7,-2.304432339754509e-6,-1.9233153087610052e-6,-1.1883475000882543e-6,-9.9004542211031e-7,-2.0429867100724014e-6,-9.116612855457241e-7,-9.07547568881649e-9,9.48006882967402e-7,1.3301751613235594e-15,3.1705332240012447e-7,1.0244928699869131e-17,2.8602195091046914e-16,4.000599439832121e-16,3.074044086717526e-16,3.7065842761881206e-17,5.604300029377808e-16,4.502775459908457e-16,1.6192524806271146e-15,6.006423326789515e-16,1.2452365004404331e-17,-7.698596220824897e-16,-5.721410093767055e-17,9.224485202175053e-17,4.0295448476333184e-17,-0.0,-0.0,-0.0,-0.0,-0.0,-0.0,-0.0,-0.0,-0.0,-0.0,-0.0,-0.0
-9.843428530128297e-9,-6.41189863484828e-7,1.9512164352556292e-15,1.3087003699036902e-15,4.32954513366252e-16,1.9836674651352934e-6,-1.464387542726678e-6,-5.673815705264157e-7,2.399810086482524e-6,-2.1442611018749576e-15,-2.5035487077212045e-7,-8.372918516632195e-8,1.7591012926873555e-14,7.446359425051043e-6,-3.6983058320265354e-8,5.228696471944928e-7,1.2415931850008107e-6,-1.8194142841064767e-6,6.109683296881513e-7,1.6229804140111555e-6,4.706263334779078e-7,1.7551754229753536e-7,9.75181611887817e-7,1.1656454822074952e-7,-5.9210250692470755e-8,-1.593565266369154e-6,-1.9871604755660523e-7,3.787760510792421e-17,1.1006087095138851e-16,3.2722824987563047e-16,1.174203210862709e-16,1.6439102339681724e-16,1.330370225014535e-16,1.8507829428723962e-16,6.311496309474967e-17,2.8561523997710064e-17,8.437206041699471e-16,-4.536510685619341e-16,3.063810893785898e-17,-6.986119915451656e-8,-1.321145767063268e-7,2.3173766063134704e-7,-2.015420651926459e-8,-8.48856124708371e-9,-2.4306156949169258e-8,4.8480232519025264e-8,-3.349008222434774e-8,1.3470370295142588e-8,-9.590493210904463e-8,3.647100294426765e-8,7.57777424145485e-10,-1.2640385571303765e-6,2.5876765002719834e-16,-4.227475924481873e-7,-3.5522750821965706e-17,-1.1463306776598392e-16,-5.3472871861760545e-17,-7.734777407800532e-17,3.6608128077846643e-17,-1.0206650943416973e-16,-4.323246367852008e-17,-1.9782334882610037e-16,-1.235184899817929e-16,-1.6262452483275667e-16,1.823240547847489e-16,-1.0948108108161443e-16,-9.973476502900237e-16,3.328494409287753e-16,-0.0,-0.0,-0.0,-0.0,-0.0,-0.0,-0.0,-0.0,-0.0,-0.0,-0.0,-0.0
-0.0029422949255534367,0.0005558924382333648,-2.9919579399455124e-15,-1.5717146700041684e-14,-1.3925573234991466e-15,-0.0021896776000839666,-0.0006325510249515417,0.053667107988589854,-0.0026126477426591846,8.9826762634016e-14,0.0001477251944951063,4.94055102196347e-5,-3.8453082581401534e-14,-0.006913193074056516,-0.001781447940683456,-8.708376277152211e-5,-8.242731163494187e-5,-0.0006362272273239196,-9.712750144805331e-5,2.335126798810495e-6,-0.0001032688719230561,-0.000314720563501642,-0.00018050503674362078,-0.0003257873284740876,-0.00020644796902714367,-0.0004266617693995888,-2.2741000766689437e-6,-3.4106383802546998e-16,-6.599552507843122e-16,-4.633126422459663e-16,-8.742718994271727e-16,-1.5236997175244333e-15,-1.7296524283345892e-15,-3.7939839278269926e-16,8.895712291048099e-16,-3.41779995956922e-16,2.5703465304638824e-15,1.101034793720668e-15,-3.2376827120767115e-16,0.0011044268490677785,0.0034464851292827178,0.01139739845651683,0.0016442349687175548,0.03232256125569484,-0.00043925849866185995,0.0021115554262209125,0.00749819258267578,0.04801450391568174,0.012941593895310782,-0.002312284140612044,2.3746379048177086e-6,-0.0038268305099598368,1.5086109929675199e-15,-0.001279852867926716,-1.715316489778338e-16,4.0660786005334446e-15,3.110067010249968e-15,1.302271822359218e-15,8.450256765852434e-15,2.793931083619717e-15,8.852454534894607e-15,1.2450094850743055e-14,3.725838929075127e-15,4.420689458590742e-15,-6.151078145443548e-15,-2.1552572180619075e-15,-1.0864238213676731e-15,2.819261821524592e-16,-0.0,-0.0,-0.0,-0.0,-0.0,-0.0,-0.0,-0.0,-0.0,-0.0,-0.0,-0.0
-9.843428577905558e-9,-6.411898636096094e-7,1.951216435255675e-15,1.3087003699037514e-15,4.3295451336626097e-16,1.983667465536914e-6,-1.4643875423949393e-6,-5.673815706988455e-7,2.39981008723523e-6,-2.144261101819676e-15,-2.503548707858809e-7,-8.372918516170364e-8,1.7704213714913183e-14,7.446359425401951e-6,-3.6983058267829634e-8,5.228696471179336e-7,1.2415931842527391e-6,-1.8194142845688904e-6,6.109683285452004e-7,1.6229804121099394e-6,4.7062633328355197e-7,1.7551754388063195e-7,9.751816131368658e-7,1.1656454828127168e-7,-5.9210250706801176e-8,-1.5935652669319233e-6,-1.9871604771862244e-7,3.787760510792495e-17,1.1006087095139045e-16,3.2722824987563516e-16,1.174203210862737e-16,1.6439102339682163e-16,1.3303702250146268e-16,1.8507829428724196e-16,6.311496309473725e-17,2.856152399771021e-17,8.437206041699376e-16,-4.536510685619417e-16,3.06381089378571e-17,-6.986119919559097e-8,-1.321145766770028e-7,2.317376603227834e-7,-2.0154206506661822e-8,-8.488561349514408e-9,-2.4306157208201628e-8,4.848023230656961e-8,-3.349008104823756e-8,1.3470370148993443e-8,-9.5904931927058e-8,3.647100281884175e-8,7.577774320658479e-10,-1.2640385569896642e-6,2.5876765002723083e-16,-4.2274759243045595e-7,-3.552275082196977e-17,-1.1463306776599137e-16,-5.3472871861767084e-17,-7.734777407800567e-17,3.660812807785519e-17,-1.0206650943417591e-16,-4.323246367851481e-17,-1.97823348826116e-16,-1.235184899817998e-16,-1.6262452483276533e-16,1.823240547847387e-16,-1.0948108108160868e-16,-9.973476502900223e-16,3.3284944092877355e-16,-0.0,-0.0,-0.0,-0.0,-0.0,-0.0,-0.0,-0.0,-0.0,-0.0,-0.0,-0.0
-0.0007853962261108633,-6.276387773407476e-5,-1.1163952071026149e-17,-3.891081355282237e-16,-2.5024558349287215e-16,0.000248562396301738,0.0004484488818732291,0.007832237881459913,0.00029589419634409647,-1.9185831813474837e-14,-1.6747848940547245e-5,-5.60118417477162e-6,-4.26937160169537e-15,0.0018129030502394873,7.888591006054635e-5,1.1582177389889389e-5,1.5198098953697903e-5,5.745249025489438e-5,1.4907432746013299e-5,1.1792721535086854e-5,1.2938846540034165e-5,3.4147867000972735e-5,2.1691465615441995e-5,3.510735806928196e-5,2.1887475815886304e-5,4.155277300495792e-5,3.7007526759350193e-7,1.217096381971255e-17,1.5475803307203174e-17,-1.2740391031776266e-16,-1.543789881350017e-18,-2.2886014059394115e-18,4.528489583335617e-18,-2.810035094710274e-17,-4.728302089822496e-17,1.491608981265239e-17,-2.7692413989541875e-16,-2.878013576513237e-17,2.8342506264050796e-17,-5.999618504740971e-5,0.0003015340948941672,-0.00039131380467015544,-2.6244012078797602e-5,0.0001449888875500897,-0.0001748718720440703,-2.23065953957612e-5,-9.309164485086872e-6,-0.0030067472642813673,0.0005826854355070362,-0.00033588210313219345,-1.2920886744619812e-6,0.0003852428201644562,4.901535531000117e-16,0.00012884138112432842,3.908701377519954e-17,5.4131545851205196e-17,9.279543651825933e-17,8.278560239812772e-17,-6.841144568353312e-17,1.7149074233223238e-16,6.189568423187237e-17,3.9332792456517667e-16,1.511812934721192e-16,-7.034291221824847e-17,-2.46432586232872e-16,-1.6795685225162698e-17,1.432596712472834e-17,1.8372407217925217e-17,0.0,0.0,0.0,0.0,0.0,0.0,0.0,0.0,0.0,0.0,0.0,0.0
-0.0041289843142115375,0.00032127386719541374,-2.652359877962559e-15,-2.1308584227544876e-14,-1.3601029846031815e-15,-0.0012445185108826147,0.0034879786200396933,0.06529349897396372,-0.0015131363696395462,2.733068392212699e-14,0.00010458261414840318,3.497681915706651e-5,-5.699900748979603e-14,-0.012230872278018824,-0.003305081883677943,-4.1405945199961595e-5,-3.337469097191999e-5,-0.0004173808999778061,-3.686567437904178e-5,5.5288035061639244e-5,-5.093469111892024e-5,-0.0001863325436124365,-9.757947690285635e-5,-0.0001913522571845376,-0.00013172951995101616,-0.00026857597185756427,-9.140012222585277e-9,-4.3109895091531505e-16,-9.291796444267335e-16,-3.207882499681244e-16,-1.1311866001342477e-15,-1.9668768835846765e-15,-2.3428889874754233e-15,-3.94310128053296e-16,1.3418849316023638e-15,-4.4158791740558723e-16,4.335218044146075e-15,1.502341569107563e-15,-5.615933953897759e-16,0.0022432824957452618,0.0030507654583741078,0.017991601787636823,0.0027670735997617473,0.03640898431610947,-0.0008473184152567037,0.004585021756660662,0.009558325175395016,0.04919817650750789,0.01797227884215646,-0.002801842191330018,1.3950156150340019e-5,-0.003999357714930957,3.805181551950047e-15,-0.0013375532122491321,-1.0815391106858895e-16,5.473094414224245e-15,4.3479417476308755e-15,1.860952710783434e-15,1.0394633066394889e-14,4.118518866302694e-15,1.1496091428846064e-14,1.747272321243618e-14,5.538749745209115e-15,4.748519369046752e-15,-8.534495201833121e-15,-2.883096481704809e-15,-1.3383121220273428e-15,4.708291269908109e-16,-0.0,-0.0,-0.0,-0.0,-0.0,-0.0,-0.0,-0.0,-0.0,-0.0,-0.0,-0.0
-0.003358845146089877,0.00012464933176383229,-1.865048245433708e-15,-1.5062219992874152e-14,-1.2393902628327159e-15,-0.00046029885799739686,0.003040549867798971,0.05604140175112581,-0.0005979304146630572,-3.383949957316822e-14,6.847594296176717e-5,2.2901231656468534e-5,-4.1811664021121957e-14,-0.012471793360845642,-0.003233164311734908,-8.168783524946943e-6,-1.1350507538438687e-5,-0.00018541705547556528,-3.230655491221845e-7,5.5718553385792774e-5,-1.0290679572969478e-5,-7.366806348481297e-5,-2.973883747539959e-5,-7.250832569549364e-5,-6.456903494191008e-5,-0.00011920534577143515,5.965591895352037e-7,-2.8264381751794555e-16,-6.172425383536745e-16,-3.5695467689137844e-16,-7.830076585273131e-16,-1.3603443728529548e-15,-1.6160177900818646e-15,-2.9447638068204225e-16,8.854655954103385e-16,-2.8820263871008413e-16,2.755118300467868e-15,9.672216882151516e-16,-3.5356698960210585e-16,0.0022708573546854696,0.00278563244672567,0.018011327227435623,0.0027374037808352825,0.03545125431797381,-0.0006538986369619773,0.004539421880233907,0.009372760343620406,-0.015700044320094,0.017106650922789072,-0.0024045053638962273,1.5188989203561607e-5,-0.003993464940022497,3.199026782689459e-15,-0.0013355824207913892,2.003806184861863e-17,3.738806715781764e-15,3.0497361781994893e-15,1.3014835709009828e-15,6.350234239345188e-15,3.077710322899595e-15,7.379163342909985e-15,1.181913809505262e-14,3.855438458662233e-15,2.6508655156652034e-15,-5.999822163135514e-15,-1.8186851691665374e-15,-9.930211450825581e-16,3.8733116247699895e-16,0.0,0.0,0.0,0.0,0.0,0.0,0.0,0.0,0.0,0.0,0.0,0.0
1.3666739523383795e-5,-6.5250724850034724e-6,-1.4344374682035976e-16,-2.0533585661198688e-16,-4.2388979660733847e-17,2.9642264512086505e-5,8.74678429889255e-5,0.0015432785748071426,2.804998074545193e-5,-3.3038656503411734e-15,3.922112713507972e-6,1.3117192393898061e-6,-1.1445306904974288e-15,-0.0016853355767300876,-8.72767695494146e-5,1.899818185895939e-6,-1.161870210205137e-6,8.755233143612067e-6,2.2912456100791665e-6,1.7967666899405112e-6,2.6121875521646796e-6,3.997901007094552e-6,3.2690525080645535e-6,4.873022214608777e-6,2.98498052497794e-7,4.646515872917565e-6,9.008234928677691e-8,-6.051650944904015e-18,-1.3582969304528914e-17,-1.5455528240879116e-17,-1.7995772535335163e-17,-3.110825382116711e-17,-3.585892738319122e-17,-9.002827117937793e-18,1.637887764381086e-17,-6.0831876217881684e-18,4.1547512676187137e-17,2.3044314554473686e-17,-6.310962750416261e-18,-5.632599768087469e-5,-0.00011506112119797891,-0.00019405350097292294,-1.969803846873788e-5,1.0595683536145202e-5,-4.3088893953802454e-5,-6.998488781805037e-5,-4.180950004723996e-5,-0.0005096218369354107,-8.922959383736399e-5,-7.086411028527861e-5,-7.348715105543271e-7,-0.0004283318856236752,8.222704852376212e-17,-0.00014325217456325216,1.3998209780405078e-17,4.9619538150533187e-17,5.2702559631013824e-17,1.9497262607695028e-17,-3.7308702185638115e-18,6.999027380619561e-17,8.874621722705427e-18,1.1811753163256466e-16,5.837931708845734e-17,-9.741480375594467e-18,-9.194448919338704e-17,-1.98737862652314e-17,-1.429127295897712e-17,6.573061795643495e-18,-0.0,-0.0,-0.0,-0.0,-0.0,-0.0,-0.0,-0.0,-0.0,-0.0,-0.0,-0.0
0.010714263759432296,-0.0029811559083427848,-7.459534598858956e-15,5.95400631703728e-14,-2.0171452336194853e-15,0.012211330447853157,-0.06707629376781613,0.03146672242280385,0.013675203661691965,-6.4344289617656e-13,-9.590503825897094e-5,-3.207467325674207e-5,4.1881493621073273e-14,-0.14949384400403648,-0.005918185053996901,0.0005666842437803813,0.00014708178088146813,0.003654748103636173,0.0006370913094792057,0.00013492712600827095,0.0007211620168596795,0.0017340956010250506,0.0011093905882505932,0.0018866176166843637,0.0008532145483443284,0.0022688932825222696,1.7013684688159493e-5,1.0588937120698932e-15,2.2088031578149564e-15,-1.623084900952475e-15,2.3710797318512234e-15,4.434278541588155e-15,4.920426227951401e-15,6.924088147779686e-17,-3.534001010004191e-15,1.2007949811904134e-15,-1.3968391547276048e-14,-4.033949090800018e-15,1.5752300914374073e-15,0.016546579874804502,-0.010631387189721541,0.023933321502934254,0.00178983611328688,-0.22445547566880875,0.015826771559923535,0.02338580020945648,-0.0295028472185077,-0.33320617592693114,-0.04777049051196743,0.04169194322483291,0.0003202972559359333,-0.037474596525256296,1.4786799824933122e-15,-0.012533079192298815,2.5444124329211143e-15,-1.554941414615511e-14,-9.899193109851602e-15,-4.343105828656464e-15,-4.343506073683332e-14,-5.60565040315722e-15,-4.489841881150433e-14,-5.1296462206907265e-14,-1.3167057626690853e-14,-2.0221918253903534e-14,2.023328252788599e-14,9.528731703824924e-15,1.9395066063748907e-15,-2.0913064088330115e-16,0.0,0.0,0.0,0.0,0.0,0.0,0.0,0.0,0.0,0.0,0.0,0.0
0.022488094918250635,0.0025807864019449264,-2.2865936383335557e-14,-6.462198347970513e-14,2.052040609434644e-15,-0.00968152259261241,-0.059902200642234005,0.05402877507436365,-0.012494432690767287,5.57292035093813e-13,0.0014317569485881576,0.00047883966432071427,-1.1481459369556657e-13,-0.30303874794226987,-0.03048599363838128,-0.0003460666693983867,-0.0008486515822263911,-0.002336087988960479,-0.0004214191404580227,-0.00011606054190517591,-0.0003385750648930181,-0.0013789664944087,-0.0007346711978526163,-0.0013241264090321765,-0.0011927212824408664,-0.0018074354077591455,-3.6508404521923096e-6,-2.4411720982126055e-15,-4.7916031515688395e-15,2.9038804694324277e-15,-5.087681316606954e-15,-8.585276256920236e-15,-1.0920137335110799e-14,-1.059401717804313e-15,7.869852162998838e-15,-2.5207369344036087e-15,2.939930745248505e-14,7.524804595496565e-15,-3.640775604733389e-15,0.032181731889574516,-0.005021146753180728,0.1566544499208886,0.02070156261489451,0.026737437730885334,0.017448029793959388,0.05143447679102113,0.03562004568157301,0.0388504082916456,0.04366797441734455,0.0360269234952578,0.00044005274783147906,-0.07846897107438301,1.215688539839692e-15,-0.026243320003574964,-3.903483832608959e-16,1.8658764477973806e-14,1.4498225250988484e-14,3.942940331837349e-15,3.15560867060402e-14,1.2913460697850804e-14,3.081549414133758e-14,4.7010860066828216e-14,1.6313952501551847e-14,1.602193261811127e-14,-2.4541273790230604e-14,-9.173328689190741e-15,-7.589908757337091e-15,1.9190984083668787e-15,-0.0,-0.0,-0.0,-0.0,-0.0,-0.0,-0.0,-0.0,-0.0,-0.0,-0.0,-0.0
-0.014789570257020176,0.0010028569140463218,1.4592158173604995e-14,-1.3930342297258985e-14,1.8500529602245718e-15,-0.004419462672272828,-0.04494944981435754,-0.022717083716794165,-0.004368843195952471,4.392374610751127e-13,-0.0004412045665990897,-0.00014755733980559922,1.8982257858087652e-14,0.21770345374344577,0.0004512171938319246,-0.00024551981900907825,0.000193543400943812,-0.0014983590626853533,-0.00026636241203656483,-5.826480776630983e-5,-0.00034670918025846,-0.0006247305819056897,-0.00045702591039354225,-0.0007422169839606218,-0.00012509900543653332,-0.0008016591438584842,-9.009505018249697e-6,3.8866072109718015e-17,1.5522732555655838e-16,9.0864148087609e-16,3.081409402875181e-16,6.89312140963602e-16,3.3729907739515146e-16,2.2997446494344597e-16,2.648543704898851e-16,8.671960315002715e-17,1.7398756205906673e-15,-7.737014570325967e-16,-1.6879422165444093e-16,0.03250380486165138,0.0319852593981603,0.137387606764552,0.01775851710776507,0.02138766005086949,0.015361282527968704,0.05018268324054541,0.03352555641199283,0.03225154327922318,0.07011519182762575,0.028677066905138847,0.00042030080791530494,0.05166627478402864,1.2810938206132578e-16,0.017279372521163697,-1.939290881769101e-15,4.096542024187462e-15,1.8979048790545867e-15,1.4090747058256749e-15,2.0387165504324177e-14,-2.1232489913875953e-16,2.16759557171582e-14,2.0781757993855922e-14,3.969574324297399e-15,1.0819191489849012e-14,-5.719756691839987e-15,-2.68685127965138e-15,-1.6940696671107297e-15,5.544306252880398e-16,-0.0,-0.0,-0.0,-0.0,-0.0,-0.0,-0.0,-0.0,-0.0,-0.0,-0.0,-0.0
6.038275424086751e-7,-9.440577362327149e-7,1.944795825701259e-15,1.2996805904497175e-15,4.3105071143711637e-16,3.354138253305084e-6,2.4658038853830975e-6,6.872523777460935e-5,3.7053861825907477e-6,-2.2963048158392042e-15,-7.609887705105194e-8,-2.5450661233080556e-8,1.765400197363405e-14,-4.385381906052144e-5,-2.8327244474113183e-5,6.099431559435256e-7,1.1908772023345456e-6,-1.4154318016259128e-6,7.159065375870804e-7,1.7043170566869397e-6,5.900334189203677e-7,3.6061252762737857e-7,1.1254415289258874e-6,3.4125175594088147e-7,-4.24956563622674e-8,-1.3777967231136007e-6,-1.9462734912890604e-7,3.7610833673109457e-17,1.0946156690780082e-16,3.265323655037522e-16,1.1662313878251348e-16,1.6301262577009576e-16,1.3144866921997507e-16,1.84677472423789e-16,6.383666864625618e-17,2.8293439845099436e-17,8.455406671576846e-16,-4.526363231403369e-16,3.036165292333142e-17,-2.599221656568663e-6,-5.2984859868453016e-6,-8.482482135467183e-6,-9.04669207845916e-7,4.672496895200667e-7,-1.959167083905219e-6,-3.0939845361634708e-6,-1.9108342989965437e-6,-2.2868627855004527e-5,-4.1025102435168e-6,-3.1453930218094823e-6,-3.2238604955589895e-8,-2.049644092322909e-5,2.6247048576870104e-16,-6.854870797623288e-6,-3.4887615391573676e-17,-1.1246149161575608e-16,-5.114381746291066e-17,-7.64888753484692e-17,3.628648125245658e-17,-9.894954145968631e-17,-4.298446284781537e-17,-1.9270755545977735e-16,-1.209475112053996e-16,-1.6313888902848358e-16,1.7827352135452278e-16,-1.1034914423941619e-16,-9.979862963202875e-16,3.331459028724736e-16,-0.0,-0.0,-0.0,-0.0,-0.0,-0.0,-0.0,-0.0,-0.0,-0.0,-0.0,-0.0
1.3043229002224749e-5,-6.864505968462514e-6,1.8141862598149406e-15,1.1124014984557744e-15,3.924664537948816e-16,3.0259903880968932e-5,8.207360942988531e-5,0.0014734185051224857,2.9149397799322815e-5,-5.296428521190007e-15,3.4972965634736243e-6,1.1696428742351625e-6,1.6609140097451668e-14,-0.0016265889000779893,-5.902343330467624e-5,2.335807405960264e-6,1.3058462585919175e-7,6.5330946814096334e-6,2.797497775445461e-6,3.3384608840361737e-6,2.963639725731147e-6,3.988954783788436e-6,4.094358151583332e-6,4.765564481155825e-6,2.229485229227773e-7,2.838009628921919e-6,-1.1271697610006655e-7,3.209318858530313e-17,9.707798007054767e-17,3.124662140828987e-16,1.0022253168689056e-16,1.3466276804730602e-16,9.876872432669723e-17,1.7647562666029502e-16,7.876976015892223e-17,2.2746962411228775e-17,8.834361518845013e-16,-4.316215065636111e-16,2.4604418944932378e-17,-5.386653402769763e-5,-0.00011002687785431134,-0.00018510768450021714,-1.8833685559419157e-5,1.0111456087913547e-5,-4.11783579373516e-5,-6.679395912980781e-5,-3.996565682155296e-5,-0.00048672627717040066,-8.531891572263375e-5,-6.764578276801258e-5,-7.011174261163148e-7,-0.00041036355520729053,3.3729035924408517e-16,-0.0001372428101184772,-2.215874026882729e-17,-6.719141772051568e-17,-3.1039824281769974e-18,-5.871096715152545e-17,3.3181318326154207e-17,-3.5196084521017266e-17,-3.462269449391785e-17,-8.484238409142828e-17,-6.771577895882062e-17,-1.7186006659780183e-16,9.443848657672118e-17,-1.2848187868290435e-16,-1.010993797707412e-15,3.391241190533988e-16,0.0,0.0,0.0,0.0,0.0,0.0,0.0,0.0,0.0,0.0,0.0,0.0
0.01765321603989294,0.0013470410086399306,-2.1654500526171794e-14,-4.656650551795169e-14,-1.9238468433804606e-16,-0.004885754815178448,-0.07096973961485376,0.046018034149912894,-0.006643808272865371,4.1545776280909605e-13,0.0010020329747773156,0.00033512191699624664,-1.2984463483139936e-13,-0.2427623026215595,-0.01849366679944188,-0.0001632615794921874,-0.0006047858605399878,-0.001007612126711647,-0.00021082610064388342,-9.713317008272466e-5,-0.000131875712726776,-0.0006920115936728044,-0.00035251154946384293,-0.0006286189341991659,-0.0007020914682762474,-0.0008739723055862233,1.061896384044758e-6,-1.6706784523245353e-15,-3.343780027184186e-15,7.520209959338876e-16,-3.505722564791509e-15,-5.660158777909666e-15,-7.185067942140024e-15,-1.3842880752722586e-15,4.749282104684292e-15,-1.647432395094788e-15,1.565134563586216e-14,5.828375703152395e-15,-2.4374921938221034e-15,0.030598355448706278,-0.00356597977130467,0.1241253660783309,0.017697388775414578,0.017365073386615238,0.016423409916965663,0.0177426806287911,0.013796329214866147,0.025119107498360414,-0.4438549671434389,0.04311120723851299,0.0004821825440647476,-0.06161044706587129,-3.669591513036731e-15,-0.020605121435567378,-2.4490811323903804e-16,1.187083115896936e-14,8.718295098496728e-15,2.7107479077044626e-15,1.9165904392754143e-14,8.922247146284456e-15,2.0774466192263278e-14,2.7423240825877785e-14,1.0107355059521913e-14,7.549277129458282e-15,-1.5547981019162177e-14,-1.142250355986029e-15,-2.4325763538842387e-15,4.183949945732548e-16,0.0,0.0,0.0,0.0,0.0,0.0,0.0,0.0,0.0,0.0,0.0,0.0
0.012833849230469966,0.0007260108409704953,-1.6319425351314896e-14,-2.805142141807694e-14,-5.011907731366443e-16,-0.002540546188441012,-0.06941689428734975,0.036142638571788566,-0.0036488493819027044,1.878807271675914e-13,0.0006801075511637177,0.00022745653291650155,-9.518814328305311e-14,-0.18708293362152956,-0.0026290454780348023,-7.036323300626544e-5,-0.00039527277456723084,-0.00046708165557581786,-9.733693447158158e-5,-4.709738665060086e-5,-3.845448477030658e-5,-0.0003611298591198212,-0.00016262726910097906,-0.0003072597556153826,-0.00042672406134049097,-0.0004656611658689049,1.7320799838777053e-6,-1.0958062679689242e-15,-2.1934144650998633e-15,2.1995844600565676e-16,-2.2713586739146253e-15,-3.526870112711059e-15,-4.629079071589094e-15,-1.0954005481189177e-15,2.9915409849269336e-15,-1.045848097566006e-15,9.175998507754756e-15,3.908694839575021e-15,-1.6121363084102142e-15,0.018643459353519416,-0.008200295940204336,0.04037890871357805,0.00826635929143166,-0.0011363203679226946,0.010227442144241797,-0.03871950706451385,-0.0232170001348668,-0.0021429203163115134,-0.2564984688597114,0.042065246928429695,0.0004005991888572299,-0.04479628471949832,-2.0692983441619104e-15,-0.014981759270799927,3.576477321481401e-17,6.9693875321482985e-15,5.3554512217654585e-15,1.5800919643987456e-15,9.571100358171108e-15,5.7173555970907925e-15,1.0088166123103368e-14,1.5271619490967747e-14,6.07320336298431e-15,4.216927093879472e-15,-9.016511622373068e-15,-6.470772395049023e-16,-1.0735107159242857e-15,1.316493696151074e-16,-0.0,-0.0,-0.0,-0.0,-0.0,-0.0,-0.0,-0.0,-0.0,-0.0,-0.0,-0.0
0.017443138079767603,0.0013251557152702132,-2.139094058658993e-14,-4.583605341528101e-14,-1.9823801448957786e-16,-0.004804239056500153,-0.06958426206746796,0.045388481159079924,-0.006537460442101939,4.0801630356862397e-13,0.0009890099630465669,0.0003307664748440458,-1.2807829572155025e-13,-0.24004882648980239,-0.01809515240841368,-0.00016025561414899456,-0.0005966982642565631,-0.0009892427785738638,-0.0002070863760068735,-9.55696608837164e-5,-0.00012903794588868596,-0.0006804719299333871,-0.0003462306974951531,-0.000617655460432869,-0.0006917824079639201,-0.0008594148913935518,1.0684937760274632e-6,-1.6464024830325052e-15,-3.2958790218517492e-15,7.364160705419583e-16,-3.4562281828109e-15,-5.581848357971768e-15,-7.082017360285847e-15,-1.364754196959437e-15,4.678363726593897e-15,-1.6238755375510485e-15,1.5413769544168458e-14,5.748363120345169e-15,-2.400801446366472e-15,0.02993231140966772,-0.0036741673973141264,0.12139470291582842,0.017317513585374922,0.01697170629970151,0.01607674832455972,0.017193615528749265,0.01339793738126778,0.024543299210298228,-0.4370053450068038,0.04226154588636477,0.00047216200389268065,-0.06087742586485295,-3.611956289521483e-15,-0.020359968355511234,-2.336068843505806e-16,1.16851163693238e-14,8.586557939301785e-15,2.668397649336299e-15,1.8821777033570393e-14,8.792562855518277e-15,2.03940125515546e-14,2.6961323046475164e-14,9.948095418362379e-15,7.410494452311004e-15,-1.5305378069530354e-14,-1.1264000919287778e-15,-2.3865767709106756e-15,4.082247333701654e-16,-0.0,-0.0,-0.0,-0.0,-0.0,-0.0,-0.0,-0.0,-0.0,-0.0,-0.0,-0.0
6.360409078872689e-7,-0.00017461105943336684,-4.584982721076971e-16,-1.463636988574676e-15,-6.134286118160096e-17,0.0006994234897336915,6.6485355328545e-5,-1.0982678211081267e-5,0.0008148012159927133,2.600914326525993e-14,-3.087430742024325e-5,-1.0325665271897201e-5,1.423693285441093e-15,-4.759526395074959e-6,9.531105369053444e-6,2.6502817153625064e-5,1.2844396959460226e-5,0.00021738236127198448,2.9837687096665567e-5,-3.0414687064120673e-6,3.295461186610608e-5,0.00010077098005284382,5.519657605782768e-5,0.00010589699108168717,6.072214309364145e-5,0.0001465688787992029,1.346893896722997e-6,2.3933253892919808e-17,5.901008164902359e-17,-7.548550348749841e-17,6.316341466376157e-17,1.114531207948448e-16,1.7019026149257023e-16,-2.8262821652236576e-17,-1.3190211329383864e-16,3.1752288416579716e-17,-5.292148528529355e-16,-1.0342262936752825e-16,4.209614782535086e-17,-5.116155739108114e-6,-1.5193579917521525e-6,-2.4419416021003923e-5,-1.0851037388103958e-6,-9.334525944557819e-9,-2.7406226093139623e-6,-2.7497645140170454e-6,-1.608946105983216e-6,-1.4452431197164268e-6,-3.3401712908635425e-6,-1.3215792578876749e-6,-1.3786630282853273e-8,-2.733453958333685e-6,-1.5714493854590291e-15,-9.141818210572747e-7,-1.7618034956743492e-16,-6.026446634610632e-17,-3.2367839219671203e-16,-8.01652142140186e-17,4.2659225943816117e-16,-8.898703511655252e-17,1.7494748715262389e-15,-9.081411700320007e-16,-2.005298024341498e-16,-1.2482734000563904e-15,2.357530631799783e-16,1.6824154476679777e-15,1.8074116962523313e-16,-2.9892120406290333e-17,0.0,0.0,0.0,0.0,0.0,0.0,0.0,0.0,0.0,0.0,0.0,0.0
-0.000787487961461517,-0.00015040876538303472,-9.790492586441707e-16,-1.6835706441503664e-15,-4.385025839501616e-16,0.0006039776931342995,-5.488004886276342e-5,0.010895869599463473,0.0007004586382756019,2.7368916179363794e-14,-2.4042305025918357e-5,-8.040756692226882e-6,1.0115638793897025e-16,0.00086523881610365,-3.770215896044672e-5,2.305548994497938e-5,9.61442173415471e-6,0.00018892381033939492,2.5850806776907875e-5,-2.663759707417134e-6,2.8874186626837273e-5,8.705580299690162e-5,4.799016502521929e-5,9.178520758378396e-5,5.144642475441685e-5,0.00012659004126424792,1.1407321502237957e-6,2.6843216352676415e-17,8.71058033388231e-17,-2.5810700414667423e-16,4.488237326641158e-17,7.338988741339561e-17,1.618447167449764e-16,-7.11729139252858e-17,-1.9670435239629124e-16,3.7910827324754816e-17,-9.059485385190215e-16,-1.6477664440540521e-16,1.0420628087499218e-16,-0.00012572698724891784,0.0005192699856638801,-0.0002724550124640538,-7.793292053015194e-5,3.614525124448571e-5,-8.962962639038118e-5,0.0006214095974713187,0.0003777429463000713,7.646514148601566e-5,0.013210999722254606,-0.00046944746206999973,-3.413213495906024e-6,-0.0002106069546218302,-1.394833978820951e-15,-7.043581213572015e-5,-1.3658819566467783e-16,-1.9202952695553332e-17,-2.6486145426740377e-16,-6.534715565539388e-17,4.645320513277254e-16,-1.5419087012499295e-17,1.7012728072597035e-15,-8.034072411796541e-16,-1.8311684986845168e-16,-1.0909580462090639e-15,8.805116683915736e-17,1.5395139549146008e-15,5.2721446294434176e-17,3.7650801639654015e-18,0.0,0.0,0.0,0.0,0.0,0.0,0.0,0.0,0.0,0.0,0.0,0.0
1.2723037544312354e-6,-0.0003492656728780195,-9.27259112771567e-16,-2.934467621088928e-15,-1.2495203274431433e-16,0.0013990244780897724,0.0001329961727295661,-2.1965357066060358e-5,0.0016298087489485132,5.203641302235762e-14,-6.175560413636182e-5,-2.0653668057927954e-5,2.61649006027534e-15,-9.559025645872547e-6,1.9064962178507485e-5,5.301003366891986e-5,2.5685790929444154e-5,0.0004348325478376044,5.968021122140146e-5,-6.092187878859516e-6,6.591562698920484e-5,0.00020156810670108282,0.00011040290579324472,0.00021182181152507948,0.0001214608987684771,0.0002931853946846144,2.6951820800709134e-6,4.7676104098627904e-17,1.1746407952868321e-16,-1.526917106350221e-16,1.257336175721605e-16,2.2208191417141546e-16,3.397348978470898e-16,-5.749498771141967e-17,-2.64167620024163e-16,6.336468350041168e-17,-1.0629561845717398e-15,-2.0451564139684687e-16,8.404438888554642e-17,-1.0233322218102398e-5,-3.038437426814135e-6,-4.884659327744257e-5,-2.170394114955691e-6,-1.8627447888021698e-8,-5.481854814565897e-6,-5.500519311620534e-6,-3.218150210008866e-6,-2.89094430970289e-6,-6.680741104939199e-6,-2.643702902373483e-6,-2.7580900291118933e-8,-5.461073344763546e-6,-3.1446654114735637e-15,-1.826412316188972e-6,-3.522234132486601e-16,-1.1994942642340668e-16,-6.471658267421254e-16,-1.59950018063966e-16,8.531088325708441e-16,-1.7746757829680485e-16,3.49964416242307e-15,-1.8154982061425648e-15,-4.004715892459777e-16,-2.4960369072260657e-15,4.70621986910891e-16,3.3658515676620393e-15,3.667135668353632e-16,-6.152191229700241e-17,0.0,0.0,0.0,0.0,0.0,0.0,0.0,0.0,0.0,0.0,0.0,0.0
-6.4836499734610834e-9,-1.5635432714583624e-6,1.948794495637561e-15,1.3009689549244195e-15,4.3263048007141884e-16,5.678253830120762e-6,-1.1131898932688826e-6,-6.253957116311054e-7,6.7038597889726536e-6,-2.0068722006220825e-15,-4.134431810723763e-7,-1.3827276659795908e-7,1.7711550853079092e-14,7.421218029039617e-6,1.3363394684981767e-8,6.628662979745115e-7,1.3094415406076555e-6,-6.711287109546311e-7,7.685808665844296e-7,1.6069143722245487e-6,6.447034990682921e-7,7.078232113110538e-7,1.2667481952583884e-6,6.75947524382508e-7,2.6154420650999045e-7,-8.193399426343448e-7,-1.9160131274619173e-7,3.8004028475950914e-17,1.103725817326809e-16,3.268295104634783e-16,1.1775397114712506e-16,1.6497975566742089e-16,1.339360237888902e-16,1.8492900070938888e-16,6.241821247794195e-17,2.872925009389106e-17,8.409251161679962e-16,-4.541973811190537e-16,3.086047472281201e-17,-9.68864268648331e-8,-1.4014032848576808e-7,1.0274622374067933e-7,-2.5886083561912294e-8,-8.53786949495616e-9,-3.878303275853604e-8,3.395506622742951e-8,-4.1989068017644015e-8,5.8361175078935095e-9,-1.1354882233933798e-7,2.9489983871621377e-8,6.84951882388849e-10,-1.2784775655349578e-6,2.5046673428587445e-16,-4.275766033906782e-7,-3.645339373703281e-17,-1.1495140462242915e-16,-5.518264825409825e-17,-7.777123327103167e-17,3.886152957704109e-17,-1.0253656840488405e-16,-3.3991158400697605e-17,-2.026204510450956e-16,-1.2457775476570509e-16,-1.6921831806073217e-16,1.8356938048944313e-16,-1.0059400587424274e-16,-9.963929156140137e-16,3.3269154085566663e-16,0.0,0.0,0.0,0.0,0.0,0.0,0.0,0.0,0.0,0.0,0.0,0.0
-0.0008034922515724033,-0.0003247780450131722,-1.452132058767566e-15,-3.1533549514903347e-15,-5.080786102950507e-16,0.0013023581407644916,9.240534544739196e-6,0.011057908587650612,0.0015141859205260444,5.340242751029567e-14,-5.498585590081333e-5,-1.8389579883907626e-5,1.4023098448367978e-15,0.0009294356831783999,-3.0083990524220998e-5,4.950987116309286e-5,2.250187145563395e-5,0.00040593429342277934,5.563670268988109e-5,-5.699577461068889e-6,6.175980197401449e-5,0.00018767697861829017,0.00010309211656372591,0.0001975096051907823,0.00011212193683192618,0.0002729408950735471,2.484865393888353e-6,5.08553592353044e-17,1.464856796356506e-16,-3.3830075813918683e-16,1.0765467415843063e-16,1.8424796177210703e-16,3.322402138965302e-16,-1.0091467970669225e-16,-3.3061663215492103e-16,6.985363802347087e-17,-1.4477060461777367e-15,-2.6778420504424905e-16,1.4746827204097525e-16,-0.00013077362757264778,0.0005312456153711692,-0.00029181564160965,-7.92422666451485e-5,3.832876581099118e-5,-9.299810569074239e-5,0.0006346642588995196,0.0003860398876550032,7.880206626930438e-5,0.01347369857278748,-0.00047804764250579694,-3.4637829009158192e-6,-0.00020413148101994022,-2.964765322341423e-15,-6.827014176118163e-5,-3.1215852535739175e-16,-7.941616694839428e-17,-5.883919636125917e-16,-1.4516430014303435e-16,8.909501468470914e-16,-1.0386453108775861e-16,3.4500651442752527e-15,-1.7109131707020606e-15,-3.837670329938537e-16,-2.3363188823644113e-15,3.220779424722996e-16,3.220761043000773e-15,2.3660672206489495e-16,-2.7251088112175378e-17,0.0,0.0,0.0,0.0,0.0,0.0,0.0,0.0,0.0,0.0,0.0,0.0
1.8342934453728683e-6,-1.4831393066583575e-6,1.9395196452424387e-15,1.296534782779215e-15,4.3017040071795323e-16,5.531652782341702e-6,-1.0448164356601188e-6,6.887047915504252e-5,6.196883511255671e-6,-2.0451209900193427e-15,-1.3103368286939424e-7,-4.382316780826057e-8,1.7635741370053778e-14,-7.856058113049371e-5,1.6590016781812893e-6,6.798124965483569e-7,1.1609642647447128e-6,-6.08486017682394e-7,7.80894359465453e-7,1.6089909387976998e-6,6.867452930251518e-7,6.857297164485485e-7,1.2872535425544813e-6,6.885894861771358e-7,1.4296122327103222e-7,-8.582766492040302e-7,-1.9040407345231638e-7,3.7774196241704725e-17,1.100116455426413e-16,3.2575434375941276e-16,1.1708883386499263e-16,1.638149538436941e-16,1.3279687490678144e-16,1.844520325367246e-16,6.268336019340957e-17,2.85084563108804e-17,8.407298982289195e-16,-4.535133786063392e-16,3.088456357281502e-17,-4.163313834257549e-6,-5.502895227852208e-6,-1.6435529380123784e-5,-2.167556066554396e-6,-2.463740670939502e-6,-1.8422587483289308e-6,-6.114764106049641e-6,-4.0751156197651e-6,-3.723012960495935e-6,-9.458830422473202e-6,-3.2010981544674428e-6,-4.9440806538121484e-8,-2.3342307324321307e-5,2.5085045045921984e-16,-7.80664806226553e-6,-3.581827538779055e-17,-1.1402942999390808e-16,-5.4090567100209716e-17,-7.764399483737535e-17,3.693307852255551e-17,-1.008375504195092e-16,-3.6455536418678776e-17,-2.031222254110689e-16,-1.2399967039505661e-16,-1.698867789061307e-16,1.819492671220691e-16,-1.008738337738337e-16,-9.970076728283358e-16,3.327956485792185e-16,0.0,0.0,0.0,0.0,0.0,0.0,0.0,0.0,0.0,0.0,0.0,0.0
-0.007718469201941962,-0.0008065430347187958,-5.7885879924905e-15,-1.589103000364665e-14,-7.288285915681695e-16,0.0031391505007874686,0.024085641825292003,0.022214408385274543,0.0038447688341758544,4.7144287273276816e-14,-0.0002948616065753377,-9.861410684950956e-5,1.0984648282499962e-14,0.0010649106640902002,-0.002800193576574638,0.00011755716012129573,0.00017137772853746816,0.0008452899889861091,0.0001434590123861274,3.2444040571782373e-5,0.00013087411820224935,0.0004451910406748898,0.00023970124217226357,0.0004489696440379083,0.0003251218127865666,0.0006178051509875571,6.7069581995116e-6,-6.344309784262324e-18,7.68724021029832e-17,-3.499907702123661e-16,-4.337143365047206e-17,-2.2478473871649023e-16,1.0309552105844285e-16,-4.033682624290767e-17,-1.8595876296778682e-16,-1.5421061124596982e-17,-5.949115425220258e-16,-2.7779679056281107e-16,1.611493493223115e-16,-0.000558597699975049,-0.010497186773446989,0.011847935649742031,0.004225640906184408,0.0019614040121689567,-2.4617001632103545e-5,0.005798972915562663,0.002672783177512303,-0.001041575579446756,-0.09262837705223552,-0.0014964007806093382,5.7513414595065395e-5,0.012164075307053745,-4.045906089115849e-15,0.0040681777326626156,-6.565064087501093e-16,1.1380280115099066e-15,-3.400686536210752e-16,-1.5221175017135094e-16,4.173345386261743e-15,8.720878949640124e-17,8.165144067772806e-15,3.3770972610809114e-16,6.616897625120847e-16,-3.7796432325048e-15,-9.243740595496181e-18,2.287280054417476e-15,-2.304876310868421e-16,1.426575329485159e-16,0.0,0.0,0.0,0.0,0.0,0.0,0.0,0.0,0.0,0.0,0.0,0.0
-0.011246337151719724,-0.0008494809035574554,-1.3043210948839945e-14,-4.154062196651933e-14,-3.958265737570609e-16,0.0033318960004592156,0.046225420578195967,0.049475400859164256,0.004049947286710378,1.6933620589178323e-13,-0.0002884718192277782,-9.647709355721703e-5,1.7732933014066825e-14,-0.04323672794741643,-0.012403972470606768,0.00012523299119732923,0.00017096013181842676,0.0008949104405438673,0.0001582772952261297,4.87849886807753e-5,0.00014093125763759755,0.00046896429578945184,0.0002489787743170329,0.00047607335018086156,0.000335106362861635,0.0006632294312572363,1.0451198675246953e-5,-4.847435040926332e-16,-7.628382860191609e-16,3.628601917968897e-16,-1.0657140903683741e-15,-2.1849833668626943e-15,-2.0463403756106414e-15,-2.702666189796598e-17,1.4223158196605302e-15,-5.490358716502312e-16,6.286754368982026e-15,6.913308811988518e-16,-4.2077959945768675e-16,0.0019076617442243288,-0.020945496449642886,0.04716330464478302,0.010792195922505975,0.009478522430198921,0.0016288383176607272,0.028480058569886994,0.016540397745553215,0.006380434126041292,0.08653229619509885,-0.003139210310539942,0.00012472948276906706,0.01100986339934285,-5.38190562740861e-15,0.003682160788225652,-1.283381885756585e-15,6.087367767261221e-15,2.6551544166385625e-15,4.70931043858895e-16,1.4667664758672183e-14,2.6462720997790463e-15,2.105046947370481e-14,1.1576421200100321e-14,4.821906866863642e-15,-2.6594013565293764e-15,-5.228776114452999e-15,2.9070703393741825e-16,-2.9432237346276737e-15,9.762264920486632e-16,0.0,0.0,0.0,0.0,0.0,0.0,0.0,0.0,0.0,0.0,0.0,0.0
-0.00376093496131161,-0.00023787138522962415,-6.033100514551425e-15,-1.9649651117781433e-14,-9.192612987807672e-17,0.000946568581786647,0.018580209641633403,0.02130775051928535,0.0011294984657880117,1.042263150061346e-13,-6.46217862192567e-5,-2.1612239737882502e-5,2.077393026877359e-15,-0.02584916823147351,-0.007522715248506851,3.4741805031187604e-5,3.542546672374227e-5,0.00026727725019365075,4.4694562202965235e-5,1.1812396537619596e-5,4.070750310540101e-5,0.00013303139224213494,6.819417592869989e-5,0.0001371570593978931,8.947162874978551e-5,0.0001975999451831373,4.057974250717951e-6,-2.8710334399633396e-16,-4.907195329747924e-16,2.438074761375981e-16,-6.260374860079306e-16,-1.2219779579857643e-15,-1.2351218966057622e-15,-5.1225385741563124e-17,8.599319252890003e-16,-3.178951681530698e-16,3.608416192187874e-15,5.804685695358283e-16,-3.0264167398677327e-16,0.0026064462396679787,-0.007634765100395984,0.032234752843661445,0.005809660114490343,0.006791472207476339,0.0016064233855691424,0.020699081682385167,0.012706764440669831,0.0069687270194034095,-0.019935215663272093,-0.0012780906017806225,6.130253787192306e-5,0.0018109013280763965,-2.3804936436251715e-15,0.0006056414707121095,-5.633230039637639e-16,3.2433114001738326e-15,1.6194918252357867e-15,3.700337519986314e-16,7.464535343911806e-15,1.5766886815907862e-15,1.0193797867362361e-14,6.654411171975358e-15,2.5971367162316383e-15,-5.009702814694341e-16,-3.163208053676973e-15,-6.380382898242967e-18,-1.4233593425380983e-15,4.46141552604244e-16,-0.0,-0.0,-0.0,-0.0,-0.0,-0.0,-0.0,-0.0,-0.0,-0.0,-0.0,-0.0
0.0004946673536574141,-7.984243647548008e-5,-2.583811330769844e-15,-4.152614990992495e-15,-1.3760875830554384e-16,0.00035346173723913683,0.003939852805340748,0.006834319505798349,0.0003503319576403337,2.9785925260957042e-15,3.4524149667041954e-5,1.1546325830750697e-5,-3.781040583792065e-15,-0.023319090318747522,-0.0020894265290136447,1.8400925057326618e-5,-1.699216229786185e-5,0.0001222865121165474,2.067242812641067e-5,4.049210633450543e-6,2.6348091747244566e-5,4.9742506008263135e-5,3.390296298379403e-5,5.896867636489458e-5,1.074685049067706e-5,6.922427922941273e-5,1.385488649727015e-6,-9.72728056183009e-17,-1.818122583517351e-16,7.379694068026852e-18,-2.2047494717851806e-16,-4.049733090230344e-16,-4.252726421808793e-16,-5.939152469255978e-17,2.6099038787957177e-16,-1.0455821409701744e-16,9.486668302234264e-16,2.907105174379959e-16,-1.0618401884483315e-16,-0.0006511541260590755,-0.003618781871240406,0.00026683022935254864,0.00047252620623997857,0.0001510719001403977,-0.00018338250927754833,0.00010223225898817928,-7.031354282516319e-5,-0.00045338183811102724,-0.016673540528597836,-0.0004345379393327412,2.6121995867166218e-6,-0.004034348756580243,-5.595879613053983e-16,-0.0013492556863597678,-4.556856956830191e-18,6.640637064437428e-16,4.028761429565192e-16,4.95995796842453e-17,6.985086860756727e-16,5.2480757760963755e-16,1.1965588276085929e-15,7.027969894854106e-16,5.09506845946168e-16,-5.65554080362482e-16,-6.259250243516106e-16,1.2679741044945947e-16,-2.3595224569900216e-16,6.571867239458436e-17,0.0,0.0,0.0,0.0,0.0,0.0,0.0,0.0,0.0,0.0,0.0,0.0
0.01569882361062306,0.0011928450252982237,-1.9250541574083777e-14,-4.126181102631569e-14,-1.771523717935562e-16,-0.004324630967311014,-0.06262589981545358,0.04084964973395273,-0.005884666833346263,3.6730893910072446e-13,0.0008901468527041808,0.00029770249801681497,-1.1524535738137402e-13,-0.21604434240238324,-0.016285647723221476,-0.00014426615405816988,-0.0005370545991173996,-0.0008905541328653011,-0.00018641703253924688,-8.601611591073865e-5,-0.00011617798527667074,-0.0006125416345443926,-0.00031168093591260696,-0.0005560132153033535,-0.0006226734404928595,-0.0007736223151878369,9.614079487899015e-7,-1.4819746589490648e-15,-2.9666274664716483e-15,6.637857711072843e-16,-3.110964713319732e-15,-5.024359797516202e-15,-6.3747746259186885e-15,-1.228049591003449e-15,4.211533141060467e-15,-1.4617263510905868e-15,1.387736153497358e-14,5.173597484599286e-15,-2.1610962604554696e-15,0.026939086913208125,-0.0033067478156428138,0.10925525887967114,0.015585763586008257,0.015274535647272169,0.014469076981644562,0.015474256757391195,0.012058145809414788,0.02208897087028165,-0.39330480580163824,0.03803539251119851,0.0004249458146462171,-0.05478967044689137,-3.2508609569914142e-15,-0.018323967228575468,-2.1082505164639742e-16,1.0519239358776649e-14,7.729660541222534e-15,2.4018401863078525e-15,1.6946449034158442e-14,7.914419076808825e-15,1.8362902482909503e-14,2.4272559032310768e-14,8.955548403489112e-15,6.671418459806209e-15,-1.3777964773817906e-14,-1.014722939103304e-15,-2.150261612446105e-15,3.681875278039933e-16,0.0,0.0,0.0,0.0,0.0,0.0,0.0,0.0,0.0,0.0,0.0,0.0
0.022488016024215424,0.002600544466404439,-2.2638049777256793e-14,-6.40220183453576e-14,1.995062730237383e-15,-0.009760950674533541,-0.05991241519578491,0.05403004932282555,-0.012586787676180537,5.338723420724565e-13,0.0014349911104614974,0.00047992130390184706,-1.1648709488829426e-13,-0.30308647191830107,-0.03048716337910825,-0.00034834516234646674,-0.0008480015922513286,-0.0023651920628005286,-0.0004236775718401581,-0.00011278009636295828,-0.00034169424480773146,-0.0013907334642254698,-0.0007400176347829775,-0.0013365156782742698,-0.0012000032615320374,-0.0018271720879609395,-3.929578879361772e-6,-2.43116956663709e-15,-4.7838118876875935e-15,2.859350289423695e-15,-5.076837795459413e-15,-8.558715496128163e-15,-1.089312542470022e-14,-1.0676289967392858e-15,7.837560104555057e-15,-2.510808887793966e-15,2.920646725266612e-14,7.544233669727674e-15,-3.630997278224501e-15,0.03218221972267633,-0.005021107328494309,0.15665772331427796,0.020701646290001686,0.026737408489143393,0.01744830737882188,0.0514348265713088,0.03562020797610746,0.038850584582410995,0.04366831699766851,0.03602710113042906,0.0004400548170699051,-0.07846923219077824,1.5548131043781145e-15,-0.02624340733186507,-3.2499481074382415e-16,1.8528122535033652e-14,1.445897042334522e-14,3.933997480634264e-15,3.0961993312989017e-14,1.2898006358036602e-14,2.99777370631254e-14,4.6758273632711104e-14,1.6224996608749372e-14,1.6010290984748218e-14,-2.442508080394121e-14,-9.351498626727926e-15,-7.456217702253075e-15,1.876950365896913e-15,-0.0,-0.0,-0.0,-0.0,-0.0,-0.0,-0.0,-0.0,-0.0,-0.0,-0.0,-0.0
-0.014789546670040513,0.0009963691471966598,1.4460603030644253e-14,-1.3990808566383257e-14,1.8105474397628687e-15,-0.004393484514376845,-0.04494676698000566,-0.02271753626897356,-0.004338583820850625,4.4049203900057726e-13,-0.00044233200403040126,-0.00014793440224042162,1.7718677735337454e-14,0.2097790991417908,0.008381494382331824,-0.00024458561328821363,0.0001938487966980198,-0.0014898900962261538,-0.0002653571934852091,-5.867202543719008e-5,-0.0003455227231467198,-0.0006209509836619578,-0.000455021305704003,-0.0007382411366699588,-0.00012280945027493332,-0.0007960043618998573,-8.957353199395345e-6,3.937024174541378e-17,1.536728033862234e-16,8.773237539899422e-16,3.0666440071221595e-16,6.897415775663686e-16,3.4407127529195496e-16,2.1606622186283672e-16,2.473386863335291e-16,8.829150825519902e-17,1.6266525204338947e-15,-7.515455924275741e-16,-1.65626772679891e-16,0.032503620588631675,0.03198520906884479,0.13738665586847618,0.01775848075144103,0.021387663441839278,0.015361182872077916,0.0501825800975966,0.03352549633895859,0.032251488815568115,0.07011506292064458,0.02867701722509784,0.0004203002824460599,0.05166614607289442,4.78561626288101e-17,0.01727932947475424,-1.9393076668705466e-15,4.082646823690418e-15,1.875617531583479e-15,1.4115322826526433e-15,2.0363774181481544e-14,-2.1766326558794042e-16,2.168948111624355e-14,2.0717622238123916e-14,3.9532022453164445e-15,1.0774908633639781e-14,-5.702641759127029e-15,-2.606762454962885e-15,-1.6103421580051913e-15,5.267967029520467e-16,-0.0,-0.0,-0.0,-0.0,-0.0,-0.0,-0.0,-0.0,-0.0,-0.0,-0.0,-0.0
3.130320983060379e-5,-5.870430456372879e-6,1.787869625189242e-15,1.0491854776155117e-15,4.2419484456127453e-16,2.5058077318073588e-5,0.0002479801986503496,0.00043203454931944576,2.5392940051457734e-5,-2.0175386427492815e-15,1.9023957623903965e-6,6.362410525815816e-7,1.7473899266755813e-14,-0.0010611099417094055,-0.0005398363009942034,1.7187990659031979e-6,1.910546424707126e-7,6.115252584658761e-6,1.9556935220235875e-6,1.8901686188706254e-6,2.1758028945859254e-6,3.4233324985618508e-6,3.1825890943616097e-6,3.9536970711861135e-6,6.798483076157205e-7,2.915779977606828e-6,-1.1021172145187108e-7,3.180510567541319e-17,9.873083024295223e-17,3.276308407928847e-16,1.0364738612046256e-16,1.390697426077702e-16,1.0649430909323332e-16,1.813628276369062e-16,7.93842778896387e-17,2.203069708802702e-17,9.028824751444494e-16,-4.3556678388696675e-16,2.4037611988820032e-17,-4.1293613448325035e-5,-0.00022920322440309396,1.7100370584075337e-5,2.9889472001472725e-5,9.554230761299956e-6,-1.1635411151409922e-5,6.517234681125585e-6,-4.486063212453659e-6,-2.8686980581817984e-5,-0.001055534501756216,-2.7470947051009456e-5,1.6609837147543526e-7,-0.00025664357187393355,2.2344956054028585e-16,-8.58323907091083e-5,-3.569841452898636e-17,-7.357250200425312e-17,-2.8629130905928134e-17,-7.448745495617003e-17,7.817212096115816e-17,-6.928798975873466e-17,2.995779507808905e-17,-1.5660113303545816e-16,-9.214006172211901e-17,-1.9978120317581163e-16,1.4404635984949523e-16,-1.0096014069262517e-16,-1.0121472015054294e-15,3.3700423720588207e-16,-0.0,-0.0,-0.0,-0.0,-0.0,-0.0,-0.0,-0.0,-0.0,-0.0,-0.0,-0.0
0.0004633450574853156,-7.542237251762666e-5,-4.713258308209765e-16,-2.5841231983635898e-15,3.0343839760116756e-16,0.0003330431516082667,0.003689005688404388,0.0064011391053800945,0.00033052209848051094,7.043191327756985e-16,3.209104439173736e-5,1.073259322421221e-5,1.413911016389097e-14,-0.022243000696337056,-0.0015496551218958051,1.7754248325739105e-5,-1.4685897462685936e-5,0.00011273884400680324,1.9968033226255534e-5,5.402540669453744e-6,2.514622707247369e-5,4.676697861933561e-5,3.272531746930493e-5,5.534996116885812e-5,1.0006735437821233e-5,6.325842144628721e-5,1.0993926687914433e-6,-5.32834941252288e-17,-6.038209767044473e-17,3.336674859680812e-16,-8.923955306261199e-17,-2.151398789050494e-16,-2.654452330323129e-16,1.2919023189175912e-16,3.0745739091675044e-16,-6.940815559206299e-17,1.7310429433676749e-15,-1.8077505964522566e-16,-6.884937123668757e-17,-0.0006100052731803718,-0.0033898444980612064,0.000250170177981414,0.0004425953732637236,0.00014150069759045415,-0.00017179840227763457,9.58094026548826e-5,-6.589605405405681e-5,-0.00042466929359404477,-0.01561820117660748,-0.00040699527143802755,2.4476041146068898e-6,-0.0037802372710629916,-2.6674372728705355e-16,-0.0012642701316946732,-3.985877652716682e-17,5.077812310177354e-16,3.2395582068230686e-16,-3.0673554772941465e-17,6.921713515575636e-16,3.8971041856396333e-16,1.0793711184139541e-15,4.615082202239884e-16,3.5402129864388494e-16,-6.922275367113372e-16,-4.0454724313675555e-16,1.0257059384902426e-17,-1.2170724166393216e-15,3.939567091086193e-16,-0.0,-0.0,-0.0,-0.0,-0.0,-0.0,-0.0,-0.0,-0.0,-0.0,-0.0,-0.0
0.018380256777035576,-7.098980905370133e-6,-1.2813974685722847e-14,-1.733859615181246e-14,1.1152238634945987e-15,0.000541736137607382,-0.06762332750205499,0.046928903769739135,-0.00034406747935030374,-1.7178002041800772e-13,0.0007716203961016183,0.0002580622722477459,1.7499826117292122e-14,-0.2525687901992731,-0.02044883278795294,0.00010484475234923569,-0.00035495180343323763,0.0003535982067903443,0.00011169910170203896,9.196954189618671e-5,0.0001835170590690791,6.355420693919574e-5,0.00015464016731669058,0.00017096537080720197,-0.0002719463453800324,1.1198167689830283e-5,4.727646640118533e-6,-8.629848792322605e-16,-1.4114349864034794e-15,1.3908325026211883e-15,-1.617513240759606e-15,-2.586264598334728e-15,-3.682919464442658e-15,-3.3260690575699937e-16,3.07908248580069e-15,-8.646041427624837e-16,1.1614771475286204e-14,1.5518190700763042e-15,-1.285134585278094e-15,0.025817068492122428,-0.0068805270028438935,0.10010160118641973,0.015605801532478128,0.021106827654539955,0.017793552946554294,0.04069498592407725,0.03192711180989237,0.030633880930311184,0.008939422375397339,-0.32171768597196604,0.000328810204056909,-0.06418105854732127,3.599701320301203e-15,-0.02146484189307782,2.2454744718445903e-16,3.565301277239037e-15,4.175270717957432e-15,-5.680026809779543e-16,-3.983097577031297e-15,5.234978110939237e-15,-2.274457881094206e-15,8.551161562907499e-16,3.1240011711165684e-15,-4.771120822439941e-15,-4.198115329651268e-15,-5.84437272045208e-15,-5.116490113545464e-15,1.4562708456149675e-15,0.0,0.0,0.0,0.0,0.0,0.0,0.0,0.0,0.0,0.0,0.0,0.0
0.008276977279598982,0.000395817657902246,-1.0723330554296902e-14,-1.5765842433377266e-14,-2.8291157079548483e-16,-0.001349389299022846,-0.06830038877641567,0.026864640404016576,-0.0020151521648043343,3.649316032292401e-14,0.00042373124732395434,0.00014171352786768426,-5.931302443231611e-14,-0.13142573975405572,0.008983733047493647,-2.878705579826746e-5,-0.00023337189669800842,-0.00024507151278735606,-4.1494080767518324e-5,-9.856433598202475e-6,-6.22164338681827e-6,-0.00019396031929042073,-7.550483627805104e-5,-0.00015711572405966942,-0.000252983076662896,-0.00026326737585856614,1.1227250115395363e-6,-6.874175799157681e-16,-1.3330504468011927e-15,1.0389686553211213e-16,-1.3748681220872285e-15,-2.0091275449633933e-15,-2.842270586556084e-15,-7.867691116221727e-16,1.892207084632564e-15,-6.298592071469813e-16,5.46800202893816e-15,2.350217387228935e-15,-1.0486178342519243e-15,-0.0022873624472363337,-0.01811091484500393,-0.0944295305495729,-0.004268579790674801,-0.001940491515108202,0.01234669387012638,-0.005471927381796862,0.009379762062326871,-0.0031727638129896937,-0.09919073555856749,-0.014044595176409788,-0.00011168380797507107,-0.02889220710284933,2.79575173175346e-16,-0.009662767667617514,8.03623898017803e-17,3.776006964820094e-15,3.1546953172240744e-15,6.732613142847361e-16,3.6127409602592105e-15,3.617812081592619e-15,3.7830588836891e-15,7.695930556092719e-15,3.49054048546378e-15,2.213988865180514e-15,-5.009894079445856e-15,-1.5328984498415313e-15,-7.403255533936141e-16,1.134684515771751e-16,-0.0,-0.0,-0.0,-0.0,-0.0,-0.0,-0.0,-0.0,-0.0,-0.0,-0.0,-0.0
0.01837764893061226,2.576733506505467e-5,-1.289122246937485e-14,-1.79565450033364e-14,1.1191043304931333e-15,0.00041032563034197687,-0.06762160306713265,0.046924186691316,-0.0004972594744882682,-1.617554848371146e-13,0.0007776242399030654,0.0002600702098053414,1.584940388127857e-14,-0.2525367933103408,-0.020446919963742597,9.901664666573096e-5,-0.0003595384060911955,0.0003170690613057572,0.00010494041770588236,8.995437386117987e-5,0.00017652022353761176,4.4945114403075796e-5,0.0001431379299837905,0.00015135699729843316,-0.0002829415135756749,-1.2814424871670782e-5,4.58241573397234e-6,-8.797026626182265e-16,-1.4467312476682075e-15,1.3991263800196402e-15,-1.6543181779857172e-15,-2.6495105296299756e-15,-3.757810204967301e-15,-3.4366626312084764e-16,3.1268175831774385e-15,-8.819106470421364e-16,1.1776057904837755e-14,1.6189103287155507e-15,-1.3088962192924388e-15,0.02581336880415661,-0.00687980400587139,0.10008694405287555,0.01560320544980893,0.021103078951213387,0.017790994857592977,0.040687976562198046,0.03192170111641414,0.030628635052555614,0.008937034997724911,-0.3216683622583546,0.00032875152258872073,-0.0641713185901467,3.591118042711908e-15,-0.021461584442273574,2.0728778986185144e-16,3.7440881567895815e-15,4.29942403365676e-15,-5.11075311228775e-16,-3.5218069431611487e-15,5.323750592637463e-15,-1.8357506031560717e-15,1.432166838487935e-15,3.2848415910317177e-15,-4.5176740731524625e-15,-4.447979463340895e-15,-5.948622928822463e-15,-5.130606386534786e-15,1.4530338688822115e-15,-0.0,-0.0,-0.0,-0.0,-0.0,-0.0,-0.0,-0.0,-0.0,-0.0,-0.0,-0.0
3.978711603121607e-8,-4.633333266212226e-6,-2.926447855636855e-16,1.4051544486599278e-15,4.596167834825086e-17,1.9279128301128767e-5,1.6438286486684552e-5,-1.645670390796136e-6,2.1610272079024175e-5,-1.0278950751154578e-14,6.110503513535934e-7,2.043609043316744e-7,-4.854243166081692e-15,0.00024114545682486291,7.180918744196702e-7,-3.150085014996788e-6,-1.1361735353902103e-5,3.1104385061816755e-5,-5.699159492004917e-6,-1.7235514923365764e-5,-2.362876806733002e-6,4.7918465899486565e-6,-2.967753708854986e-6,5.152190700291654e-6,3.849035096968244e-6,2.049261891740119e-5,4.7418417032895913e-7,-1.4279008776018313e-17,-6.57665581366044e-17,8.72758237281299e-17,-3.759778759027329e-17,-5.1374002302290174e-17,-9.502709428725773e-17,1.6888229492849287e-17,5.620530892035747e-17,-1.3656887455846818e-17,3.833886401032543e-16,8.585110964800511e-17,-5.252912706374543e-17,3.3931818644090853e-7,5.680866534191702e-7,-3.4955293362038024e-6,2.0092458634973095e-7,1.920824996647027e-7,1.0594488426997344e-7,-2.247636703321129e-7,1.8915447085287044e-8,-9.842751447218123e-8,-7.751056377996057e-8,-1.4469304874197984e-7,-2.2778458019644603e-9,1.033803384910061e-6,-6.407013884111025e-16,3.4574727651437966e-7,1.681605395934784e-16,-1.452922857666799e-17,-1.5784310332449393e-16,2.9092026089734255e-17,-9.92653417574458e-17,-1.3117456247347567e-16,-3.650935271054758e-16,2.565323631068738e-17,-8.10077609973893e-17,4.813211942483043e-16,1.3496949142414114e-16,1.6613022382731823e-15,3.481547190442304e-17,7.188793537410048e-17,0.0,0.0,0.0,0.0,0.0,0.0,0.0,0.0,0.0,0.0,0.0,0.0
-0.005166845787345918,0.0003716573606555283,-4.920186394503334e-15,-4.706724042422799e-15,-2.532169867488765e-15,-0.0014828161084810818,-0.0008206071987400756,0.06755358960449086,-0.0017372209593134232,9.710317853450368e-14,7.61196191569377e-5,2.5457598049197113e-5,-3.770646413583265e-14,0.009080123182222028,0.00017548032751081233,-6.999414432355629e-5,-7.056885853670561e-5,-0.00037535598654731537,-8.50100485045312e-5,-4.6985511540961084e-5,-8.157709914957551e-5,-0.0002069029473370802,-0.00013337817017374608,-0.00021709648726787168,-0.0001236522518709779,-0.00025146629858995934,-1.455002335345508e-6,-1.2440496825908866e-16,-2.0200501118511603e-16,-1.1680012113121575e-15,-4.543423583108917e-16,-7.819339205328826e-16,-7.037165943872919e-16,-4.2339305805918593e-16,-9.18988070472813e-17,-9.937019606989489e-17,-1.37708305336852e-15,4.0359937656813065e-16,1.5227924292979705e-16,-0.00013865956965514417,0.0038491738496427433,0.0017399822726326796,-0.00024125487340241863,-0.0005455226611505567,-0.0008952797166174943,-0.0002117548188405935,-0.0008747488698295343,-0.0006474480917777256,0.0070450252609401175,0.060038067052904764,1.9878306477471196e-6,-0.00041560655415054506,-7.736096752619314e-16,-0.00013899628919612487,3.3546041214236814e-16,1.5981306695628924e-15,9.353718909094208e-16,6.709623135530602e-16,4.016391672631356e-15,9.042299881943486e-16,3.184511761203926e-15,5.092649481433764e-15,1.167294054431252e-15,3.5458343393672005e-15,-2.6448928196164923e-15,1.593287633292639e-15,-2.812322463872335e-16,9.892348147911706e-17,0.0,0.0,0.0,0.0,0.0,0.0,0.0,0.0,0.0,0.0,0.0,0.0
7.957446624216277e-8,-9.266651455690966e-6,-5.853358159792141e-16,2.8102779187904435e-15,9.191309810383015e-17,3.855821008556042e-5,3.287660806250072e-5,-3.2913273748887397e-6,4.32204878338888e-5,-2.0557850942775075e-14,1.222106649014739e-6,4.0872379734203045e-7,-9.565469740946771e-15,0.00048229074296309677,1.4361846428200241e-6,-6.3001824978413356e-6,-2.2723500400705704e-5,6.22088139700885e-5,-1.1398333523151718e-5,-3.447106871685172e-5,-4.725764824944899e-6,9.583689125894249e-6,-5.935530599638496e-6,1.030437875310791e-5,7.698071689819403e-6,4.0985276082024546e-5,9.48373060617823e-7,-2.855891547698762e-17,-1.3153572595320708e-16,1.7454389524118723e-16,-7.519835858236216e-17,-1.0275190139764603e-16,-1.9005734341961328e-16,3.37720736025342e-17,1.1240912355614453e-16,-2.7314452059252935e-17,7.667572957995152e-16,1.7171297149039968e-16,-1.0505898141478562e-16,6.786380366553555e-7,1.136176451058201e-6,-6.991064246864302e-6,4.018496520293147e-7,3.84165205384026e-7,2.1189034685847693e-7,-4.4952849478108367e-7,3.7831688477604726e-8,-1.9685535012343546e-7,-1.550188563967433e-7,-2.893869652557201e-7,-4.5557096231878144e-9,2.067636748403241e-6,-1.281408924165312e-15,6.915045791067164e-7,3.363219249947274e-16,-2.9055741049326556e-17,-3.1568494328650594e-16,5.818588578109869e-17,-1.9853155339323545e-16,-2.6234670942546685e-16,-7.301860384789482e-16,5.1311161041767723e-17,-1.620125969255992e-16,9.62646253727299e-16,2.6993466555980176e-16,3.3226071107008626e-15,6.965457872094447e-17,1.4376798495954781e-16,0.0,0.0,0.0,0.0,0.0,0.0,0.0,0.0,0.0,0.0,0.0,0.0
-9.842485561327534e-9,-6.412996772579768e-7,1.951209499398888e-15,1.3087336729055552e-15,4.3295560268555004e-16,1.9841243958266426e-6,-1.4639979458877864e-6,-5.674205739338088e-7,2.4003222681261304e-6,-2.1445047193407347e-15,-2.503403886820805e-7,-8.372434171448759e-8,1.7738500558145127e-14,7.452074715651173e-6,-3.696603903410243e-8,5.227949881299373e-7,1.2413239040388767e-6,-1.818677093275955e-6,6.108332546869708e-7,1.622571922486541e-6,4.705703312537618e-7,1.756311138380112e-7,9.751112806420724e-7,1.1668666076317343e-7,-5.911902752657638e-8,-1.5930795793036355e-6,-1.9870480836714675e-7,3.787726668685686e-17,1.1005931224456623e-16,3.2723031836492685e-16,1.1741942999617668e-16,1.6438980580216646e-16,1.330347703023767e-16,1.8507869454839316e-16,6.311629519424164e-17,2.8561200321294014e-17,8.437296907103855e-16,-4.53649033839196e-16,3.0636863966072134e-17,-6.985315718896429e-8,-1.3210111287597173e-7,2.316548141794358e-7,-2.01494444830863e-8,-8.484008775577603e-9,-2.4303646330236762e-8,4.847490506546112e-8,-3.3489633899696224e-8,1.3468037534276262e-8,-9.59067694417075e-8,3.6467573894449295e-8,7.577234685246592e-10,-1.2640140554693153e-6,2.587524650205095e-16,-4.227393980623585e-7,-3.5518765316455635e-17,-1.1463341211735077e-16,-5.3476612837816e-17,-7.734708457955212e-17,3.6605775429890466e-17,-1.0206961834985089e-16,-4.324111661369015e-17,-1.9782274082890336e-16,-1.2352040991420586e-16,-1.6261311723209554e-16,1.8232725364247648e-16,-1.0944170722352437e-16,-9.973468251425266e-16,3.3285114471589428e-16,-0.0,-0.0,-0.0,-0.0,-0.0,-0.0,-0.0,-0.0,-0.0,-0.0,-0.0,-0.0
-0.005167693175874656,0.00036138723369959224,-5.199831667569193e-15,-3.194956112412139e-15,-2.4873226234760113e-15,-0.0014410138701075553,-0.0008026127420782676,0.06756183972313771,-0.0016893269110512287,8.510883246187176e-14,7.567933859535806e-5,2.5310349735284627e-5,-4.2245010402013626e-14,0.009324503884368963,0.00017649410436023936,-7.214773794544802e-5,-8.113457881714853e-5,-0.0003379948715537687,-8.955359360101018e-5,-6.387916935432659e-5,-8.274518266820568e-5,-0.0001989210482041027,-0.00013437749801265954,-0.00020858586729054993,-0.00011790966490505345,-0.00022685502731137005,-9.560843559951955e-7,-1.3577964429919537e-16,-2.616375139682716e-16,-1.0824054445669984e-15,-4.855821990701887e-16,-8.223893886260844e-16,-7.857554910727811e-16,-4.0465116953313665e-16,-4.408007476898755e-17,-1.1001668733753129e-16,-1.0222763184150282e-15,4.77838934109162e-16,1.0393634759398051e-16,-0.00013845829986890477,0.0038504142250263057,0.0017363588187832484,-0.00024109943005965476,-0.0005453848536975229,-0.0008953912485631923,-0.0002119919550395015,-0.0008748646947780366,-0.000647636671576648,0.007046189485740768,0.060048108703772245,1.9863800287316918e-6,-0.0004144415114352107,-1.4129560622732574e-15,-0.00013860664997479336,5.066319492735656e-16,1.5527679475264524e-15,7.560627503091016e-16,6.903074973129176e-16,3.837944357555716e-15,7.576814799617923e-16,2.7440137636907985e-15,5.0190720203502725e-15,1.0585194287372039e-15,3.983855065475604e-15,-2.466936856559635e-15,3.2728185397373875e-15,-2.4384575829576835e-16,1.7132590011094923e-16,0.0,0.0,0.0,0.0,0.0,0.0,0.0,0.0,0.0,0.0,0.0,0.0
4.167259595804047e-8,-6.390439317211146e-7,1.950949875369967e-15,1.3086094537045025e-15,4.3288674283862324e-16,1.9799997274667745e-6,-1.4620861544130242e-6,1.3776695060961798e-6,2.3861078618472413e-6,-2.145572910689549e-15,-2.4243532510027184e-7,-8.108055640441724e-8,1.7705932423804917e-14,5.045633931779528e-6,9.104417200951224e-9,5.232682161778046e-7,1.2371672893914563e-6,-1.8169292294123583e-6,6.111766056630386e-7,1.622629278878833e-6,4.7174575379170695e-7,1.750097545816403e-7,9.756831709534145e-7,1.1703731131117994e-7,-6.24396643312438e-8,-1.594172861653972e-6,-1.9867131670147169e-7,3.7870830933464025e-17,1.1004920271501335e-16,3.2720022305968605e-16,1.1740080647181144e-16,1.643571927872788e-16,1.330028737755946e-16,1.8506534072251767e-16,6.312372241353564e-17,2.855501764100423e-17,8.437242407816966e-16,-4.536298728734801e-16,3.063753385384259e-17,-1.8365277190847621e-7,-2.821836119633975e-7,-2.311525785832854e-7,-8.008643559429226e-8,-7.722030434591092e-8,-7.478902230616598e-8,-1.2371724886795235e-7,-1.464485557845467e-7,-9.092458625708429e-8,-3.592560787185392e-7,-5.2460338159276535e-8,-6.446832791087344e-10,-1.8815318441320776e-6,2.587631754882413e-16,-6.292632853388166e-7,-3.5500991046755575e-17,-1.1460757506499462e-16,-5.344602965554883e-17,-7.734351031498393e-17,3.6551892462160544e-17,-1.0202205132546155e-16,-4.331000017836712e-17,-1.9783668025113006e-16,-1.2350420305376704e-16,-1.6263177723183923e-16,1.8228186467398554e-16,-1.0944951973653491e-16,-9.97364019981602e-16,3.32854054223885e-16,0.0,0.0,0.0,0.0,0.0,0.0,0.0,0.0,0.0,0.0,0.0,0.0
-0.004273965510052436,-3.5613823573848886e-6,-3.2834497161051876e-15,5.371500173638877e-15,-1.7680650461019942e-15,1.5097250559496949e-6,-0.0003946622681774403,0.04692904971175497,2.5576261300408567e-5,-2.898642619183031e-14,-1.6644982002210053e-5,-5.566781143557508e-6,-2.7389675729779725e-14,0.014421247603630801,0.0012093640253399225,-1.5355250230694687e-5,-3.0400700485916895e-5,8.28147398729447e-5,-2.524187742023719e-5,-6.28161409294893e-5,-1.5106681057500086e-5,7.86157568006444e-6,-1.725746454564554e-5,5.773450819185025e-6,1.6309079401426022e-5,5.835005382395438e-5,1.116102101902298e-6,3.165897864185153e-17,1.0103915685647518e-17,-7.375747649075209e-16,-7.895255328363883e-17,-9.879454214654835e-17,-3.599455320603363e-17,-1.7651767160387458e-16,-3.9692529216530533e-16,5.846241825683962e-17,-1.703828311779673e-15,-6.514654141928695e-17,1.9991303225358327e-16,-0.0008983879043387923,0.0026325952268775,-0.0046404856202537335,-0.0007471522770747618,-0.0010802477296673054,-0.0007792894754109161,-0.0015856839477130014,-0.00122947986088133,-0.0014745406452587857,0.002107928209307063,-0.0036163572527825706,-1.1437808452495764e-5,0.0017397932006276446,-2.175652951519293e-15,0.0005818599260178847,7.726503988844607e-16,-3.9589510693581987e-16,-8.211165459096005e-16,1.187385116008522e-16,-8.04300921765144e-16,-5.346110721043526e-16,-1.9463219145539726e-15,-7.62265791012371e-16,-6.996304823757085e-16,1.9302993827004085e-15,5.232426743468488e-16,6.217499666017195e-15,1.758550799677371e-16,2.2039160635413684e-16,0.0,0.0,0.0,0.0,0.0,0.0,0.0,0.0,0.0,0.0,0.0,0.0
-0.005387097961431213,0.00036040713024421806,-6.421571740638086e-15,8.621506769673826e-16,-2.44662440746858e-15,-0.0014333238495896766,-0.0005813279451990415,0.07084778641466048,-0.0016856813352740356,5.558788717948586e-14,8.217339613798061e-5,2.7482235359121277e-5,-5.836283236642376e-14,0.009684674617027727,-1.5136037893082212e-5,-8.429310601732311e-5,-0.00012003999566687135,-0.0002535997358808229,-0.00011017170575791602,-0.00011920856630697736,-9.266051019171792e-5,-0.00019133259186107974,-0.00014817571545790493,-0.00019998185693047277,-0.00011100915096774104,-0.00017187336787929169,5.160117078771219e-7,-1.9039516606303225e-16,-4.843516273875247e-16,-8.47344031425439e-16,-6.325513762433209e-16,-1.0350558815376818e-15,-1.135550220883544e-15,-3.6707952073024305e-16,1.4569012990124862e-16,-1.6226045069586805e-16,2.0318568138203832e-16,7.700422723081847e-16,-5.961692332529951e-17,2.93300914811332e-5,0.004028367513914064,0.0030337698831315865,-0.00010138444759970081,-0.0004225208485173458,-0.0009014691466248761,-0.00010031278475468438,-0.0007435517280404505,-0.0004695689074767277,0.008285233143865669,0.060303104972318514,4.759999272640988e-6,-0.0005773525098839316,-3.4369985987945826e-15,-0.00019309093090659712,1.0487962011632382e-15,1.6111224324653122e-15,3.281557354631882e-16,7.985793901258185e-16,3.741526523528046e-15,3.980598785796947e-16,1.7662123834773016e-15,5.40149088926082e-15,8.888581676624396e-16,5.6552721259981714e-15,-2.181692605503796e-15,8.521650133914587e-15,-1.8303873788107318e-16,4.144379848539837e-16,0.0,0.0,0.0,0.0,0.0,0.0,0.0,0.0,0.0,0.0,0.0,0.0
-0.001072337895587385,8.207409392081108e-5,-1.7524611614896556e-15,1.487230223145527e-16,-5.927928301766851e-16,-0.0003167868785093545,-0.00011166058223922791,0.01920592801379363,-0.0003909791467619015,7.952467793216032e-15,3.334300343849025e-5,1.1151300920051684e-5,-1.2749227116314367e-14,-0.00150199568853437,-0.0009953838073422949,-1.781038661714169e-5,-3.563847444400839e-5,-4.773268841194288e-5,-2.3961291695123733e-5,-2.786072473875414e-5,-1.8170046677488674e-5,-4.215885355542486e-5,-3.151585157857693e-5,-4.210266313556368e-5,-3.009033389390298e-5,-3.670226001145261e-5,2.503998978016685e-7,-5.635153615821627e-17,-1.3073863171032985e-16,-1.7794876419475954e-16,-1.7509686639394212e-16,-2.9276918170157753e-16,-3.282990706293026e-16,-8.108911781248308e-17,7.988439458238738e-17,-5.102403641068838e-17,2.665599167947398e-16,1.772777963063016e-16,-2.4471517487253263e-17,0.0009526598810723778,0.0014362519202186937,0.007355507629978042,0.0006424119964765299,0.0006643681292276022,-5.612014335122784e-5,0.0015264714507770903,0.0005605703403343988,0.0010139173192793107,0.005827598420659121,0.00045046746545992665,1.6076263562059364e-5,-0.0013291872908517664,-7.884199235191106e-16,-0.0004445360623564134,2.785673638679753e-16,4.217126978226451e-16,1.249955787694197e-16,1.695643781426545e-16,7.429757888874028e-16,1.6168804861082048e-16,2.7725222074380537e-16,1.2071495307274674e-15,2.2666433447967324e-16,1.2558381876906123e-15,-5.534883565588041e-16,2.08167288310062e-15,-1.9541480229716634e-16,1.5350604634227676e-16,0.0,0.0,0.0,0.0,0.0,0.0,0.0,0.0,0.0,0.0,0.0,0.0
3.371148023568862e-6,9.682363348297017e-6,-6.900522217916356e-16,8.966830137600284e-17,-1.6681687721719434e-16,-2.8840407096511173e-5,6.073378433696498e-6,0.005067603162547777,-5.245120487447205e-5,-3.4998409211981234e-15,1.70255227874996e-5,5.694049975233684e-6,-3.742787897429933e-15,-0.004261363490178317,-0.0001375151499111143,-1.2812327181640093e-6,-1.2836406749892628e-5,6.089062187881264e-6,-2.5736116305514437e-6,-5.9371834238805706e-6,1.2392531439396354e-7,-3.4803669210070837e-6,-2.1721852882279113e-6,-1.6510035886461483e-6,-7.554950795655782e-6,-4.541112702631137e-7,1.8482905771564264e-7,-1.9369695573464445e-17,-4.367844477040295e-17,-5.310600966640537e-17,-5.651341538222056e-17,-9.442202889075394e-17,-1.0498503598706222e-16,-2.8486529057231036e-17,3.068192155181044e-17,-1.8262731002377845e-17,8.462243045539276e-17,7.077725966227811e-17,-1.2006006041619734e-17,-0.00021279839005600496,-0.0002185008974544231,-0.0007907187149942713,-0.00011159114682333929,-0.0001346191628118523,-0.00011281299567827219,-0.0003309267176686163,-0.00022529606006469922,-0.00020211363386789006,-0.0003212910671915514,-0.0003769617983288369,-2.5198171944107664e-6,-0.0012160327482325388,-1.8647738093337217e-16,-0.00040669243026529963,9.183898314896185e-17,7.726777785313881e-17,3.0350767934613277e-17,2.738980870206523e-17,-5.849000284927469e-17,7.007589821294567e-17,-1.8446651433345533e-16,7.919584563047194e-17,3.0347204286665076e-17,1.7573191845307275e-16,-9.743704373624657e-17,5.164231654044645e-16,-3.064507139565709e-17,3.023532165649553e-17,0.0,0.0,0.0,0.0,0.0,0.0,0.0,0.0,0.0,0.0,0.0,0.0
0.01653988328428012,2.341631227707172e-5,-1.1603028320031234e-14,-1.6163684071660286e-14,1.0072861990904772e-15,0.00036839204960013633,-0.06085949229914864,0.042231780278946085,-0.0004485858500600111,-1.4552184881763321e-13,0.0006999055017221011,0.00023407779919446578,1.4247808136674244e-14,-0.22728284838080473,-0.01840223906324996,8.907036905358667e-5,-0.00032363053730574297,0.0002851421363540565,9.439226598597065e-5,8.092463791345038e-5,0.00015881636375862957,4.0325406301691514e-5,0.0001287398268800208,0.00013608960126214892,-0.0002547204244836727,-1.1677653762308917e-5,4.123734230918608e-6,-7.918705236316042e-16,-1.3023904504868845e-15,1.2593845301296295e-15,-1.489196897296709e-15,-2.3850775473700515e-15,-3.382684611181899e-15,-3.093578057310361e-16,2.8145520397842868e-15,-7.938613717844348e-16,1.0600097819454612e-14,1.457601373433487e-15,-1.1782422269745784e-15,0.023232039815374403,-0.0061918200017284765,0.09007827427128465,0.014042886824369587,0.0189927714509661,0.016011899429120124,0.03661918199005512,0.02872953331054679,0.02756577324960321,0.008043336041445253,-0.2895015246711911,0.0002958763827638509,-0.057754178101231166,3.2311973912899708e-15,-0.01931542311184488,1.8663347562040499e-16,3.370943536394273e-15,3.870187482109943e-15,-4.595329009738087e-16,-3.1664796098866638e-15,4.791863505540708e-15,-1.6494743844029778e-15,1.2930760766912356e-15,2.9574127358078377e-15,-4.0635546123415414e-15,-4.0048041990126096e-15,-5.3525424359433975e-15,-4.617618772103921e-15,1.3077988850550235e-15,0.0,0.0,0.0,0.0,0.0,0.0,0.0,0.0,0.0,0.0,0.0,0.0
0.022488120969050427,0.002571219690032309,-2.249375812228828e-14,-6.46728298757114e-14,2.060639840066416e-15,-0.00964347906169926,-0.059903743616682346,0.05402859009025494,-0.012449840276166248,5.410143551343466e-13,0.0014295740589938446,0.0004781096143485418,-1.1287790360238749e-13,-0.3031513100728451,-0.030485636216775722,-0.00034329008603319365,-0.0008438571476841683,-0.0023331709843800613,-0.00041748695719458277,-0.00011004279741846042,-0.00033569489562412715,-0.0013741929760331915,-0.0007301659607644927,-0.001319169101979593,-0.0011901939623882943,-0.001805094206221808,-3.7534946457599106e-6,-2.4282327492122596e-15,-4.7625540938852355e-15,2.895267634004361e-15,-5.060632745999149e-15,-8.538332300692814e-15,-1.0865900574924874e-14,-1.0517521919042666e-15,7.843900578726391e-15,-2.508246588793421e-15,2.928853140224613e-14,7.473076547496173e-15,-3.624695951974659e-15,0.032181286826880935,-0.005021451069436129,0.1566541201753241,0.02070141935758587,0.026737366710846134,0.017447821436060242,0.05143438128730402,0.03561993490082382,0.03885035025266812,0.043667779381763104,0.03602689030380008,0.0004400527445180452,-0.07846961718082508,1.422094052327645e-15,-0.02624353608870861,-4.0520909122731497e-16,1.8579053367474184e-14,1.446800072989259e-14,3.9028170024515394e-15,3.1203665380499086e-14,1.2926789611459433e-14,3.057871561411071e-14,4.67225299380101e-14,1.6247923643294345e-14,1.571056105717119e-14,-2.4467782849253528e-14,-9.3645292578111e-15,-7.58794187941117e-15,1.9153590697572184e-15,-0.0,-0.0,-0.0,-0.0,-0.0,-0.0,-0.0,-0.0,-0.0,-0.0,-0.0,-0.0
-0.014789560151796395,0.0009999457195545211,1.4586694968709832e-14,-1.3889098510311775e-14,1.846908422112482e-15,-0.004407826942524291,-0.0449486387420901,-0.02271724931511077,-0.004355263504857365,4.383427905318364e-13,-0.0004417516769779732,-0.0001477403164975722,1.9025128211391582e-14,0.22020215357752096,-0.002048281801460446,-0.000244989117787767,0.00019400135692531335,-0.0014952280725502533,-0.00026573757531183625,-5.80197323556545e-5,-0.00034607794620735826,-0.0006230916807385413,-0.00045599313089761607,-0.0007404908973217306,-0.0001241301292273071,-0.0007995967775915134,-8.996831854036217e-6,4.012027216523803e-17,1.5783973774065118e-16,9.056031019500843e-16,3.107097920646647e-16,6.938822285247826e-16,3.432300868711946e-16,2.2970947026696664e-16,2.6017565874441463e-16,8.807468242237677e-17,1.719463302870207e-15,-7.769498243139932e-16,-1.6675765626655698e-16,0.03250370859981841,0.03198522077018705,0.13738725594468515,0.01775849492414242,0.021387657063792684,0.015361232194459503,0.05018264120550092,0.03352552765286803,0.03225152049100345,0.07011513446209652,0.028677047728552892,0.0004203006180043865,0.05166619029906093,1.3066743995125971e-16,0.01727934426584176,-1.938102480646838e-15,4.081518635977857e-15,1.8880939645329142e-15,1.4044899060413783e-15,2.034566434698148e-14,-2.1885234920361348e-16,2.163772333892781e-14,2.073132598313334e-14,3.9565653424744464e-15,1.0796262866186004e-14,-5.699310412290641e-15,-2.684403625899895e-15,-1.6867418647256104e-15,5.523754557493774e-16,0.0,0.0,0.0,0.0,0.0,0.0,0.0,0.0,0.0,0.0,0.0,0.0
1.220538027173115e-7,-2.8717536459353507e-7,1.924283456656586e-15,1.3127000441713492e-15,4.2643020890517996e-16,9.54183560690782e-7,-1.2197586986700656e-6,0.00019757444131304638,4.63531735510761e-7,-2.2902656832365228e-15,4.107560752545281e-7,1.3737408509785934e-7,1.7557023633590643e-14,-9.932493329389264e-5,-6.526231593812526e-5,4.771745318800434e-7,7.43299954959424e-7,-1.5543412803101141e-6,5.154616933652504e-7,1.3924873605719434e-6,4.807373128071372e-7,5.3314524013359455e-8,8.988912620189166e-7,6.663273453565793e-8,-3.4638462432453533e-7,-1.5935953391237602e-6,-1.913799990344111e-7,3.713250784545643e-17,1.0837922421510256e-16,3.251466521289053e-16,1.1523744703766427e-16,1.607446037983098e-16,1.289859618504635e-16,1.839727439786043e-16,6.428049562877149e-17,2.785997571775204e-17,8.469155269626466e-16,-4.509328282171091e-16,3.018582545919728e-17,-8.391080951137183e-6,-8.675815404440989e-6,-3.0688386781389274e-5,-4.383549616222695e-6,-5.272117639192098e-6,-4.4357155020229074e-6,-1.2891110290668043e-5,-8.842808571853035e-6,-7.889365775807004e-6,-1.265887369414274e-5,-1.4702897892725152e-5,-9.77686926808278e-8,-4.881166519039847e-5,2.5150321602348944e-16,-1.632467116891674e-5,-3.19155266284677e-17,-1.1175158906063301e-16,-5.2378595310986676e-17,-7.631783841156055e-17,3.39389611063751e-17,-9.938995950673433e-17,-5.081790372174341e-17,-1.9519218778847171e-16,-1.2245645333582379e-16,-1.5594459694205723e-16,1.7870705629942163e-16,-8.922934252401882e-17,-9.985374125908388e-16,3.3403459490494654e-16,-0.0,-0.0,-0.0,-0.0,-0.0,-0.0,-0.0,-0.0,-0.0,-0.0,-0.0,-0.0
3.229442623501584e-6,8.677014269058037e-6,1.2880495642908527e-15,1.3944942192094994e-15,2.7264239459410774e-16,-2.5786706145111477e-5,4.367240197097187e-6,0.0048688933752406675,-4.806779532555557e-5,-5.500975881128121e-15,1.611215597358057e-5,5.388581746563818e-6,1.4117190587235612e-14,-0.004147148702366608,-7.232627996610141e-5,-7.108335184339264e-7,-1.1094967293374516e-5,4.01557436914846e-6,-1.8649823987683697e-6,-4.08291280597393e-6,5.866270591577943e-7,-3.1769274648976704e-6,-1.1171322806448081e-6,-1.4784844745732828e-6,-7.323602690708406e-6,-2.0403965396736566e-6,-2.1177587598278025e-8,1.9257072554912405e-17,6.807190517027605e-17,2.761865944696961e-16,6.309742831399806e-17,7.362985915813164e-17,3.2123156364423865e-17,1.5769317737856924e-16,9.261255701568304e-17,1.1004963231766296e-17,9.25056319201244e-16,-3.8559651530483324e-16,1.909159903135961e-17,-0.00020454736520383955,-0.0002100894438502118,-0.0007595680855798395,-0.00010724798215045523,-0.00012936403211999623,-0.00010842606712727396,-0.0003179387939583888,-0.00021652033169571448,-0.0001941974070100616,-0.0003088242036716255,-0.0003621860256695563,-2.420533614364564e-6,-0.0011697494526024112,7.95558084252909e-17,-0.0003912133520875827,5.271353275628749e-17,-4.029873914258714e-17,-2.4251523451010278e-17,-5.100297218252038e-17,-1.935726769175083e-17,-3.468970903790206e-17,-2.2024533197259655e-16,-1.2143250241189856e-16,-9.427822459528453e-17,6.348136364630699e-18,8.857375220639393e-17,3.8670408196323213e-16,-1.0267587519028818e-15,3.6188608836602734e-16,0.0,0.0,0.0,0.0,0.0,0.0,0.0,0.0,0.0,0.0,0.0,0.0
0.018923971894673982,-0.09181772921779152,1.5994569311155945e-13,2.3502752010881137e-12,-9.192950301203414e-14,0.3671270078545711,-0.0381671072898019,0.04101327600017666,0.42730572928511085,-3.278628142646698e-11,-0.01612501998791806,-0.005392884012371144,2.791261404327133e-12,-0.18943613816599708,-0.017559912782047552,0.015955409519838842,0.011346938703793118,0.1048673883787151,0.01820198446793729,0.003784667485533334,0.01930244002488946,0.05228637311353011,0.031895745853025105,0.05514949579727489,0.030735627979787922,0.06860951836435522,0.00032563137918417435,6.209150025978216e-14,1.216649958365379e-13,-8.802799650946534e-14,1.2747364827618776e-13,2.253765450228221e-13,2.7408752130568156e-13,1.8618622202502386e-14,-1.973989753220121e-13,6.432636492309925e-14,-7.677411560235163e-13,-1.9838368093682203e-13,9.168282590145521e-14,0.027616896325191983,-0.007347592502122789,0.12122576692971071,0.006200272837867952,0.02443377445835946,0.015241321948238799,0.03334088615325982,0.02633551440834209,0.034896270540065936,0.0036717119097900756,0.03988540748845503,-0.3428971498294042,-0.06867996948303226,1.264085330294132e-14,-0.02296946668462445,8.986668050276765e-14,-6.645913249641217e-13,-4.745422857075556e-13,-1.8010443128309716e-13,-1.637710712308968e-12,-3.109498735660103e-13,-1.710395798702819e-12,-1.9586191322225585e-12,-5.85637451798075e-13,-7.898678461711419e-13,8.947103626648971e-13,3.2709034643788056e-13,1.7195955734649116e-13,-4.134657142904906e-14,0.0,0.0,0.0,0.0,0.0,0.0,0.0,0.0,0.0,0.0,0.0,0.0
0.008420849556805745,0.0007510026049906297,-1.2584911073355853e-14,-2.2921790800931523e-14,-4.589896315264894e-16,-0.002764489040995837,-0.06840240503894693,0.02717599245514322,-0.003673885274246728,3.285746233352058e-14,0.0004960411273240601,0.00016589698910412625,-8.817483908883701e-14,-0.13208804539148405,0.007457040632211963,-9.126777593153393e-5,-0.0002886191016561606,-0.0006300439187808103,-0.00011517031742296427,-3.629671548279421e-5,-8.016390700211424e-5,-0.0003940351760922436,-0.00019845962385223615,-0.00036676773158160264,-0.00037375453713302,-0.0005206705826012005,-1.5580203986891455e-7,-9.051813395340625e-16,-1.820561546735246e-15,3.2329037572414726e-17,-1.8578322731976505e-15,-2.8152158845153148e-15,-3.777049600040684e-15,-1.005088245616309e-15,2.3851231577496806e-15,-8.397875554378473e-16,6.879760716516669e-15,3.3812955190050957e-15,-1.3435650311892496e-15,0.009662225094987358,-0.020771621609938094,-0.012901199012133059,-0.04719866655687917,0.0059501287279103985,0.006968673912905064,-0.04448252922288489,-0.01655515662245681,0.00852368133947318,-0.14891983355809726,0.04002153063392876,0.0003700335084714462,-0.02938691810919292,-1.3538043036197303e-16,-0.009828219808394257,-3.043467806627309e-17,5.912007685340655e-15,4.5205057742431555e-15,1.3557385441684803e-15,8.907845953349372e-15,4.476275282353601e-15,8.703706035501896e-15,1.3949323252969666e-14,5.379983599399271e-15,5.2922705030709695e-15,-8.029975426178961e-15,-1.7213093109302925e-15,-2.8101555607744544e-16,-7.758089141664319e-17,-0.0,-0.0,-0.0,-0.0,-0.0,-0.0,-0.0,-0.0,-0.0,-0.0,-0.0,-0.0
0.018923970829741774,-0.09181742208293918,1.599449568211724e-13,2.3502694046109074e-12,-9.192946484893155e-14,0.3671257804757174,-0.0381671988608301,0.041013294736495204,0.42730429722951874,-3.2786188051487645e-11,-0.016124962903312216,-0.005392864920881134,2.7912879612339677e-12,-0.1894361519723983,-0.017559928652399002,0.015955355190792338,0.011346895403341948,0.10486704742041655,0.018201921456417514,0.0037846487951208353,0.01930237487155977,0.052286199285264005,0.0318956385595624,0.05514931276596226,0.030735524879282803,0.06860929396159626,0.00032563002652702156,6.209134304511919e-14,1.2166466454287295e-13,-8.802791703972466e-14,1.274733025654488e-13,2.2537595127979578e-13,2.740868172835626e-13,1.861851853901073e-14,-1.9739852535884844e-13,6.432620219453837e-14,-7.677396341788001e-13,-1.9838305285335675e-13,9.168260231940891e-14,0.027616906276880748,-0.007347588615864999,0.12122580511536722,0.006200275076029606,0.0244337746854803,0.01524132717256332,0.033340890610093,0.02633551743747718,0.03489627295765271,0.0036717180491778354,0.03988540952909709,-0.3428971498092193,-0.06867995984777797,1.2640779543215492e-14,-0.02296946346219067,8.986651923521958e-14,-6.645896506325048e-13,-4.74541120826908e-13,-1.8010390085483173e-13,-1.6377064088886515e-12,-3.109490371951884e-13,-1.7103917030651183e-12,-1.958613740662268e-12,-5.856359454550936e-13,-7.898654861335475e-13,8.94708023843705e-13,3.2708936126513345e-13,1.719594178172629e-13,-4.1346599586328253e-14,0.0,0.0,0.0,0.0,0.0,0.0,0.0,0.0,0.0,0.0,0.0,0.0
-4.190893716414758e-7,0.00011525996801459677,-3.4592288544527913e-16,5.935398600654744e-16,1.4505740742082988e-18,-0.00046127147128789106,-2.2299791142650223e-5,3.699187835334708e-6,-0.0005392653557529867,-2.7746468490343828e-14,2.2925343005825947e-5,7.667197676315354e-6,-5.497555050427665e-16,0.000184492977243335,-5.604322380345896e-6,-2.4484938868655046e-5,-2.7049315794871686e-5,-0.00010778251300977391,-2.888650336508544e-5,-1.9296801620525415e-5,-2.875965502572728e-5,-6.322518789934603e-5,-4.589264001544793e-5,-6.673658454006921e-5,-3.708338147090275e-5,-6.674234550142588e-5,-8.235425450539239e-7,1.221484237358995e-17,5.5142167569270155e-18,-1.4369868993556604e-18,-1.1514077348171815e-17,2.483731600471883e-18,-4.816851125920912e-18,3.3281822695161063e-18,3.4869774632115257e-17,-4.200951752919856e-18,5.292107297242519e-17,1.121522150996808e-17,-1.0027588995116784e-17,4.212209462133422e-6,1.7516043428020961e-6,1.2086285367357188e-5,9.737128166289188e-7,2.1739547010757626e-7,2.2382119525371385e-6,1.6386176618168132e-6,1.1624776170905784e-6,8.717970768008135e-7,1.9851248713540856e-6,7.29255879179958e-7,8.685074740509202e-9,7.555345343679428e-7,4.829140885150281e-17,2.5268248446964284e-7,1.1383436637487707e-16,-1.7676224655914618e-16,-3.0283202048651454e-16,-1.8057524360069297e-16,-3.212233604528906e-16,1.0337695322447366e-16,-4.459845545875475e-16,2.464537855368355e-16,-1.426062313258679e-16,1.7013765553051217e-18,3.6773942682266247e-16,-3.2146791710062966e-16,2.0460810156921456e-17,-3.536277448370846e-17,0.0,0.0,0.0,0.0,0.0,0.0,0.0,0.0,0.0,0.0,0.0,0.0
-4.982005319500146e-5,0.00026882030220764814,-6.712412366244108e-16,-3.3326741490208542e-15,1.2944131392701265e-16,-0.0010744183780059089,-7.71507955280163e-5,0.000642973413340096,-0.0012545931540423486,2.656122885487106e-14,5.123207332444518e-5,1.7134157313874376e-5,-5.409239083604805e-15,0.00016790297057853426,-8.362150392469642e-6,-5.1015452988986394e-5,-4.6720775254422805e-5,-0.0002823911779374485,-5.9193904675371766e-5,-2.561099303126371e-5,-6.0748458119842675e-5,-0.00015055096967752968,-9.898752154640034e-5,-0.00015866634070755021,-8.894533975887985e-5,-0.00018139260410668492,-1.3660840929311791e-6,-9.168719686135183e-17,-1.9688172946051335e-16,1.3296714216792337e-16,-2.2635418434902075e-16,-3.7685789722717606e-16,-4.644056008820028e-16,-3.1747333343681004e-17,3.6108521943386795e-16,-1.1153032135715113e-16,1.3100304666776492e-15,3.4091576205348846e-16,-1.6003600779236816e-16,-4.466048472189832e-7,3.853898664310069e-5,-7.798445782953036e-6,1.3838348058403486e-5,-1.0655698157298211e-5,-2.2352632927891203e-6,1.102135447756656e-5,1.6186429575071827e-6,-1.2633584522097209e-5,7.618790864716495e-5,-2.4785359790656524e-5,0.0005609668156789049,5.265301615821207e-6,3.221638091696116e-17,1.7609380262553438e-6,-3.1113123360146315e-17,9.302169903309596e-16,4.89684060335226e-16,1.188454066060212e-16,2.3872975175272173e-15,6.297040644409571e-16,2.3788105692715848e-15,3.4961509240990992e-15,8.312222854978032e-16,1.3134826851472623e-15,-1.1272458476882805e-15,-8.661330498232923e-16,-2.7180591530900655e-16,3.481981529438614e-17,-0.0,-0.0,-0.0,-0.0,-0.0,-0.0,-0.0,-0.0,-0.0,-0.0,-0.0,-0.0
-8.381787435080189e-7,0.00023051993603590752,-6.918457708900238e-16,1.1870797201323683e-15,2.901148148744798e-18,-0.0009225429426029001,-4.4599582278588516e-5,7.398375669292667e-6,-0.0010785307115364752,-5.5492936975576393e-14,4.585068601419427e-5,1.533439535349163e-5,-1.1110569641571123e-15,0.0003689859544998914,-1.1208644760704039e-5,-4.8969877734685706e-5,-5.40986315909042e-5,-0.0002155650260062676,-5.7773006727980576e-5,-3.859360323883192e-5,-5.751931014334279e-5,-0.00012645037579492272,-9.17852800256368e-5,-0.00013347316906406998,-7.416676293957151e-5,-0.00013348469099347133,-1.6470850899656911e-6,2.442968474717277e-17,1.1028433513698567e-17,-2.873973798723328e-18,-2.3028154696461128e-17,4.9674632009533364e-18,-9.633702251773559e-18,6.656364539023228e-18,6.973954926413891e-17,-8.40190350586342e-18,1.058421459456135e-16,2.2430443019831383e-17,-2.0055177990141417e-17,8.42441892383759e-6,3.5032086859836024e-6,2.4172570733653112e-5,1.947425633226548e-6,4.347909404680128e-7,4.476423910455792e-6,3.2772353238294537e-6,2.324955234356066e-6,1.7435941538709538e-6,3.970249743293857e-6,1.4585117585461327e-6,1.7370149492448925e-8,1.5110690689429832e-6,9.658281770502821e-17,5.053649689813662e-7,2.276687327495316e-16,-3.535244931184025e-16,-6.056640409729315e-16,-3.611504872015519e-16,-6.42446720905457e-16,2.0675390644907585e-16,-8.919691091746724e-16,4.929075710738941e-16,-2.852124626518158e-16,3.402753110334883e-18,7.354788536456717e-16,-6.429358342019269e-16,4.092162031353706e-17,-7.072554896726209e-17,0.0,0.0,0.0,0.0,0.0,0.0,0.0,0.0,0.0,0.0,0.0,0.0
-9.843428527238315e-9,-6.41189864334723e-7,1.951216435255603e-15,1.3087003699036163e-15,4.3295451336625106e-16,1.9836674685982004e-6,-1.4643875431890554e-6,-5.673815705751594e-7,2.3998100903586395e-6,-2.1442611024882093e-15,-2.503548709068197e-7,-8.372918517799305e-8,1.772644784688644e-14,7.446359424056835e-6,-3.698305831749285e-8,5.228696470846286e-7,1.2415931857780646e-6,-1.8194142859486008e-6,6.109683281907322e-7,1.622980413452889e-6,4.706263331074719e-7,1.755175423735712e-7,9.75181613575133e-7,1.1656454913280803e-7,-5.9210251285710615e-8,-1.5935652666739158e-6,-1.987160496191837e-7,3.787760510792136e-17,1.1006087095138844e-16,3.2722824987563604e-16,1.1742032108626959e-16,1.6439102339681325e-16,1.3303702250143812e-16,1.8507829428724613e-16,6.311496309475645e-17,2.8561523997709645e-17,8.437206041699595e-16,-4.536510685619354e-16,3.0638108937846226e-17,-6.986119916294391e-8,-1.3211457683288102e-7,2.3173766075105069e-7,-2.0154206443186093e-8,-8.488561531926955e-9,-2.430615719997399e-8,4.8480232437866736e-8,-3.349008216777228e-8,1.3470370000424175e-8,-9.590493215610259e-8,3.647100289394239e-8,7.577774454065225e-10,-1.2640385571461436e-6,2.587676500271927e-16,-4.2274759248728143e-7,-3.552275082195516e-17,-1.146330677659559e-16,-5.347287186174807e-17,-7.734777407799257e-17,3.660812807784787e-17,-1.0206650943415241e-16,-4.323246367851592e-17,-1.9782334882609857e-16,-1.235184899817801e-16,-1.626245248326931e-16,1.8232405478469462e-16,-1.0948108108158622e-16,-9.97347650290078e-16,3.328494409287723e-16,0.0,0.0,0.0,0.0,0.0,0.0,0.0,0.0,0.0,0.0,0.0,0.0
-5.023914082809647e-5,0.0003840797687720868,-1.0171629199301693e-15,-2.7391248250632747e-15,1.3089182569275303e-16,-0.0015356878453880215,-9.945043715593452e-5,0.0006466725705833564,-0.0017938561717194394,-1.1853920830969203e-15,7.415732313113681e-5,2.4801323820506015e-5,-5.969583178718947e-15,0.00035239597037739874,-1.3966446861232809e-5,-7.550030315219667e-5,-7.377002035327792e-5,-0.00039017313425101873,-8.808030515913318e-5,-4.490776413537785e-5,-8.950800686178662e-5,-0.00021377587376386406,-0.00014487998637696241,-0.00022540262640120373,-0.0001260285528986772,-0.0002481345832212861,-2.189624430040184e-6,-7.947209780386804e-17,-1.913669718016083e-16,1.3153002551854298e-16,-2.378676972564485e-16,-3.743731962242626e-16,-4.692213025530915e-16,-2.841898182310262e-17,3.959542594124362e-16,-1.1573100742367416e-16,1.3629490549396058e-15,3.5212995809341157e-16,-1.700632317456461e-16,3.7655883645752054e-6,4.029058464119551e-5,4.287777237352568e-6,1.4812057220729514e-5,-1.0438303057689343e-5,2.940135508258408e-9,1.265996486285188e-5,2.781115629140609e-6,-1.176179139201607e-5,7.817302349480965e-5,-2.4056107242825173e-5,0.0005609755007206684,6.020820418639068e-6,8.050791019774291e-17,2.0136152494169077e-6,8.272150631553513e-17,7.534520100955824e-16,1.8685013795172315e-16,-6.173070302343856e-17,2.066067130893419e-15,7.33079652125506e-16,1.932819327749241e-15,3.742595906852152e-15,6.886135947702607e-16,1.3151802084761086e-15,-7.595026022790561e-16,-1.1875993584360964e-15,-2.513448773433925e-16,-5.42913216866394e-19,-0.0,-0.0,-0.0,-0.0,-0.0,-0.0,-0.0,-0.0,-0.0,-0.0,-0.0,-0.0
-9.84342844748777e-9,-6.411898640354684e-7,1.9512164352564394e-15,1.3087003699153445e-15,4.329545133657975e-16,1.9836674673224756e-6,-1.464387542690489e-6,-5.673815704101683e-7,2.3998100894609595e-6,-2.14426110191909e-15,-2.503548708730331e-7,-8.372918516446843e-8,1.7682973783987684e-14,7.446359423880582e-6,-3.6983058398448235e-8,5.228696474424624e-7,1.2415931844171662e-6,-1.8194142837692697e-6,6.109683293808715e-7,1.6229804104743838e-6,4.7062633306454043e-7,1.7551754300569628e-7,9.751816143075594e-7,1.1656455094479238e-7,-5.9210251077498415e-8,-1.5935652666308192e-6,-1.9871604915523428e-7,3.7877605108232917e-17,1.1006087095199312e-16,3.2722824987519566e-16,1.1742032108690405e-16,1.643910233979317e-16,1.3303702250281368e-16,1.8507829428733411e-16,6.311496309376833e-17,2.8561523998028345e-17,8.437206041661353e-16,-4.536510685629181e-16,3.063810893831237e-17,-6.986119913537417e-8,-1.3211457714989563e-7,2.317376610888262e-7,-2.015420647566174e-8,-8.48856108774215e-9,-2.430615690786288e-8,4.848023255735099e-8,-3.3490082044386185e-8,1.3470370470619011e-8,-9.590493211064109e-8,3.647100310853278e-8,7.577757286931045e-10,-1.2640385574866965e-6,2.587676500272644e-16,-4.2274759260131266e-7,-3.552275082151992e-17,-1.1463306776928057e-16,-5.347287186411203e-17,-7.734777407889626e-17,3.660812806972682e-17,-1.0206650943571295e-16,-4.323246368701203e-17,-1.978233488358201e-16,-1.235184899846983e-16,-1.6262452483668412e-16,1.8232405478918913e-16,-1.0948108108000423e-16,-9.97347650289176e-16,3.3284944092856825e-16,0.0,0.0,0.0,0.0,0.0,0.0,0.0,0.0,0.0,0.0,0.0,0.0
-6.229352282024431e-5,0.000390109501822015,-1.2350371123487818e-15,2.6439564362423064e-15,-3.521738709114209e-17,-0.0015617002518595363,4.916084132396563e-5,0.0005069716056861936,-0.0018254347614101618,-1.063559900831441e-13,7.748259771135817e-5,2.591343531832648e-5,-1.3723881807165809e-15,0.0007964992351803862,-1.9390431002265086e-5,-8.378334737861126e-5,-9.363054124100397e-5,-0.00036072214469616906,-9.895333558870528e-5,-6.80038420744807e-5,-9.833654614715062e-5,-0.00021359767929530297,-0.00015655780029836378,-0.00022555418342329014,-0.0001250252742490335,-0.0002222834058105374,-2.8700993195622944e-6,5.911259367253997e-17,5.094394552244524e-17,-3.535174290953116e-17,-1.0892108545071083e-17,6.140290614166962e-17,4.9686861339321104e-17,1.492351550219716e-17,7.311438732762796e-17,9.519778915372338e-19,-1.6183404675156806e-17,-1.0992963904702283e-17,-1.0189659054971323e-17,-2.1307133977083704e-5,3.4395792742634434e-5,1.1233089721362098e-5,7.936448688891558e-6,-1.657229818664784e-5,-3.18554246998012e-6,7.749949154873341e-6,1.0331966474066554e-5,-1.4328839659654794e-5,0.00012991242579129403,-2.2280846304550104e-5,-0.00029080250833617193,3.725007383026747e-5,1.8253602635678576e-16,1.2457989372600691e-5,4.3026747522271644e-16,-7.90697030770948e-16,-1.1985214856821465e-15,-6.922912946975369e-16,-1.5372187613356823e-15,2.93823390371191e-16,-2.0072550207938243e-15,4.202662658983842e-16,-6.508591417071546e-16,-1.81278835308243e-16,1.5302460097901757e-15,-1.0824705969035684e-15,1.1084607399573348e-16,-1.3550905373446092e-16,0.0,0.0,0.0,0.0,0.0,0.0,0.0,0.0,0.0,0.0,0.0,0.0
-7.45130523219419e-5,0.0007362769341500672,-2.0996178413415676e-15,-1.1929727114428852e-15,1.4090423594991722e-16,-0.002945134318080277,1.058147042351301e-5,0.0007476170970922548,-0.0034414821080538957,-8.125294660475606e-14,0.00014404984915719596,4.8176320347399114e-5,-7.808902202482473e-15,0.0008116537303950084,-6.0434061180269134e-5,-0.0001500634197453095,-0.00015565779051782337,-0.0007209938218487327,-0.00017596612696014121,-0.00010293033091682304,-0.00017713877302618196,-0.00040712144500276997,-0.0002848080279825601,-0.0004294845345364958,-0.00023943466182712214,-0.00045316658418324786,-4.676494958062604e-6,-4.8166338098819526e-17,-1.8508628630454926e-16,1.3475542533609932e-16,-2.838839056353197e-16,-3.8825795204467323e-16,-5.081882129077502e-16,-1.9093495710409057e-17,5.182077252348929e-16,-1.341356619617791e-16,1.5927062966034776e-15,4.018729500074732e-16,-2.0743928358858652e-16,-1.290701434906115e-5,5.156716512604692e-5,0.00012446445261440417,4.5274471395416226e-5,-1.2148725050945716e-5,4.153444938231319e-6,5.9576172862816706e-5,4.1648393502695663e-5,-2.8004045345242664e-6,0.0002726389555289217,-3.0347178952938198e-5,0.0005832616514205923,1.3632781848103023e-5,2.3251091893500646e-16,4.559374890667125e-6,4.1912441236620696e-16,2.7798398719676996e-16,-6.847950663676468e-16,-5.95208670769503e-16,1.2269125732053755e-15,1.0671962548991995e-15,7.150801365691532e-16,4.64517297008047e-15,3.088089282192001e-16,1.3762755334065305e-15,2.7791879507539287e-16,-2.1932831040165427e-15,-2.091211651870961e-16,-1.0162537421264106e-16,0.0,0.0,0.0,0.0,0.0,0.0,0.0,0.0,0.0,0.0,0.0,0.0
-1.1285566872306296e-5,0.00011639205867640786,-3.7099739658106815e-16,7.613847932354907e-16,-9.242452749294538e-18,-0.000465737464255403,1.5091624205397985e-5,0.0001642888405168459,-0.0005447635655134805,-3.1233553261049176e-14,2.3408574887830788e-5,7.82881071579025e-6,-4.236260895840496e-16,0.00014727239518593223,-2.3482609961363668e-5,-2.4927302214975867e-5,-2.7997318561056104e-5,-0.00010763037712911382,-2.9443438843639168e-5,-2.0168395055193607e-5,-2.9236500268661843e-5,-6.371973310018442e-5,-4.6609667150939176e-5,-6.724452136515552e-5,-3.742039443197672e-5,-6.644330560439689e-5,-8.51290520679079e-7,1.671619684410037e-17,1.3562378850629596e-17,-9.087083049846157e-18,-4.8654101272125054e-18,1.5270484209325478e-17,1.10933368781318e-17,4.340229997224403e-18,2.4391770312249967e-17,-5.653745671827852e-19,6.347502318994209e-18,-1.0937911380356867e-18,-4.187014916653938e-18,4.9482324784753724e-6,1.663729869482108e-5,8.366270418750694e-5,3.235932764208395e-5,5.331108733974825e-6,4.421761578838518e-6,4.582804227688328e-5,2.7132096288591623e-5,1.0684749571410363e-5,0.00012279887090873047,-6.445255669292125e-6,-8.602456234753577e-5,-1.3932578708820019e-5,5.470603409748685e-17,-4.659639555777437e-6,1.2718603223103958e-16,-2.276268928125707e-16,-3.49745052384456e-16,-2.0360563526221164e-16,-4.4373804178905005e-16,9.125732119424556e-17,-5.8311826966826e-16,1.4098843600254083e-16,-1.871336472892492e-16,-4.827139411576665e-17,4.446039138768395e-16,-3.2404482390418154e-16,2.930678018239005e-17,-3.9159367341511614e-17,-0.0,-0.0,-0.0,-0.0,-0.0,-0.0,-0.0,-0.0,-0.0,-0.0,-0.0,-0.0
8.869314623950426e-7,4.191737516986068e-5,-1.3959306428802e-16,2.7500324764866216e-16,-3.869083273733992e-18,-0.0001675925732428312,6.063419030389204e-6,6.917342075317085e-5,-0.00019629591423394742,-1.1388093533127198e-14,8.642906135652255e-6,2.8905508556014616e-6,-1.7134672211916296e-16,-2.1140433087451092e-5,-7.425905979304309e-6,-8.958975647558406e-6,-1.0207398697807237e-5,-3.861039819062748e-5,-1.0589091259424815e-5,-7.277650594143687e-6,-1.0489011019439795e-5,-2.292657951831975e-5,-1.6756494708557397e-5,-2.41666908327053e-5,-1.354586402450808e-5,-2.3886159695427866e-5,-3.053466052445902e-7,5.890331770834922e-18,4.581134185566859e-18,-3.503760715521903e-18,-2.120180870589236e-18,4.912774546454768e-18,3.342909680787627e-18,1.3561259686638701e-18,9.113594787429733e-18,-3.550026998351014e-19,2.9193007797184533e-18,3.174141235972266e-19,-1.6776226411353295e-18,-4.783988063647889e-6,-5.1195583817486625e-6,-5.8283436514609306e-6,1.8170948111717668e-8,-2.460951145741242e-6,-1.1382849736754675e-6,-2.737543823922129e-6,-1.0605035440970128e-6,-2.824271279339423e-6,4.043440649173458e-6,-3.275622668951463e-6,-3.11265194119378e-5,-2.2371046876539773e-5,1.9711527015476566e-17,-7.481817767618152e-6,4.6426623110611727e-17,-8.234434082073053e-17,-1.2613248380742635e-16,-7.37003122785208e-17,-1.6400190657008717e-16,3.371133364934258e-17,-2.1470865832359138e-16,4.792839211656194e-17,-6.776511779436159e-17,-1.9308869425654555e-17,1.6081131800264612e-16,-1.1667015862199068e-16,1.0965953640288643e-17,-1.4297402050648896e-17,0.0,0.0,0.0,0.0,0.0,0.0,0.0,0.0,0.0,0.0,0.0,0.0
0.017031573732642646,-0.08263567582743538,1.439504517459287e-13,2.1152424075857135e-12,-8.273651584008917e-14,0.33041318625431226,-0.034350480056596196,0.0369119654833417,0.384573848622758,-2.9507568724270906e-11,-0.014512465844922202,-0.0048535781719219,2.512158995554082e-12,-0.17049253604400672,-0.015803935992390893,0.014359818911598377,0.010212205181278019,0.09438033838593375,0.016381728430383977,0.003406183555652797,0.01737213647803989,0.04705757708600172,0.02870607322365359,0.04963437909652451,0.027661971049159476,0.061748361800951834,0.00029306700413908875,5.5882207183829555e-14,1.0949819479348369e-13,-7.922512293551103e-14,1.147259686264483e-13,2.028383499561162e-13,2.4667812790278835e-13,1.675666620281033e-14,-1.776586668960057e-13,5.789358013964007e-14,-6.909656488452215e-13,-1.7854474193186292e-13,8.251433941513204e-14,0.024855215785515302,-0.006612829699301092,0.1091032250843992,0.005580247599027625,0.021990397220965192,0.013717194527186751,0.030006801606968645,0.023701965734275035,0.03140664569326127,0.0033045463230870044,0.035896868602319304,-0.3086074348280247,-0.0618119637521398,1.1376701918060257e-14,-0.020672517078895225,8.087986640412794e-14,-5.981306696883586e-13,-4.2708699972235023e-13,-1.620935082496176e-13,-1.473935727670741e-12,-2.7985412348212653e-13,-1.539352492152799e-12,-1.7627523097884156e-12,-5.27072336741813e-13,-7.10878915967315e-13,8.05237201811343e-13,2.9438041191313266e-13,1.5476347153930535e-13,-3.7211938948809287e-14,-0.0,-0.0,-0.0,-0.0,-0.0,-0.0,-0.0,-0.0,-0.0,-0.0,-0.0,-0.0
0.0224880343947798,0.0025971768721284446,-2.2594577642232155e-14,-6.488084791021666e-14,2.0644068727601416e-15,-0.009747118574549657,-0.05990874592568299,0.05402986418267794,-0.012570915973588254,5.477396764932823e-13,0.0014346666782340824,0.0004798128001370339,-1.1515132108155247e-13,-0.303103136718511,-0.030486892192481563,-0.0003485981231985972,-0.0008497115529223411,-0.002357220956850428,-0.0004240488939268597,-0.00011487208504176616,-0.0003417990728788143,-0.0013884832971230274,-0.0007400267226385563,-0.001334199104766297,-0.0011984905303164264,-0.0018210018853488383,-3.7971405390720035e-6,-2.442758312887297e-15,-4.800228930908735e-15,2.9113418656086296e-15,-5.093987243875583e-15,-8.592940453247644e-15,-1.0935944920933715e-14,-1.0583531275850173e-15,7.885441624878718e-15,-2.5228723917755822e-15,2.945515942222322e-14,7.539529418939878e-15,-3.6501525816164784e-15,0.0321822160482755,-0.005021014216922983,0.15665681358665245,0.020701652728075195,0.026737423232564964,0.017448296266528954,0.051434732931319574,0.03562020026076791,0.038850544207127254,0.04366829194911996,0.03602704472426229,0.0004400541355158654,-0.0784686911753561,1.2936020740166403e-15,-0.026243226393583268,-3.879261340303912e-16,1.871146512860605e-14,1.4532563937048914e-14,3.95502997652205e-15,3.1555968602603336e-14,1.2967378017652565e-14,3.084932715123345e-14,4.718123976571498e-14,1.635574349725997e-14,1.6000847134225223e-14,-2.4637885901103877e-14,-9.147416122426026e-15,-7.584717875911249e-15,1.921588668205124e-15,0.0,0.0,0.0,0.0,0.0,0.0,0.0,0.0,0.0,0.0,0.0,0.0
-0.014789572946123592,0.0010036271895035003,1.459723740536533e-14,-1.3941985622064585e-14,1.8521099266003614e-15,-0.004422541564614049,-0.044949689461665505,-0.02271703610288194,-0.004372435167428463,4.3947346060384624e-13,-0.00044106232737863623,-0.00014750976903554557,1.9019221190081323e-14,0.2177895652360711,0.0003649823158816448,-0.00024565355506698573,0.0001934426562968529,-0.0014992315340640085,-0.00026651617765394744,-5.8299480378090956e-5,-0.0003468705473955892,-0.0006251680554535864,-0.0004572919039650417,-0.0007426778170877962,-0.00012535914742640406,-0.0008022329645715484,-9.013288189569502e-6,3.8550469946979494e-17,1.5470537844545354e-16,9.103450039885222e-16,3.076007520820833e-16,6.882227545296755e-16,3.35736436175963e-16,2.3045867757911885e-16,2.665120349650825e-16,8.63473640491678e-17,1.7482491196128165e-15,-7.737556758614314e-16,-1.693573681110744e-16,0.03250382952766873,0.03198526872972957,0.13738770452254243,0.017758522568247854,0.021387660489721943,0.015361295521869583,0.0501826945522858,0.03352556396940429,0.032251549401021,0.07011520724917444,0.02867707211471154,0.0004203008602471278,0.05166629779068089,1.2923949272281369e-16,0.017279380215554602,-1.939933864945183e-15,4.100879528490629e-15,1.9010887385808843e-15,1.4101391309206906e-15,2.0399280514829153e-14,-2.1033906719805437e-16,2.1687513840560085e-14,2.0796085331050135e-14,3.9734484962794655e-15,1.0825019313251652e-14,-5.725511814748598e-15,-2.690343856730557e-15,-1.6986961641881697e-15,5.558070343724806e-16,0.0,0.0,0.0,0.0,0.0,0.0,0.0,0.0,0.0,0.0,0.0,0.0
2.980423741688475e-8,1.231990158134306e-6,1.944977711866905e-15,1.3210036646772613e-15,4.327815431499986e-16,-5.505615849173707e-6,-1.193199150074072e-6,2.5246390027386235e-6,-6.372161250572909e-6,-2.6535060410071564e-15,1.3588470281118305e-7,4.544555219172731e-8,1.7717707289251475e-14,7.805176382609487e-6,-1.6727235484753722e-6,1.2249777119572671e-7,7.853998048255772e-7,-3.544720323372207e-6,1.3774571177807306e-7,1.2977047212621156e-6,1.8804119504417156e-9,-8.490030009568624e-7,2.2635155885351026e-7,-9.633730390971105e-7,-6.645340495622004e-7,-2.6608965357837164e-6,-2.1236269976686226e-7,3.8141166569577304e-17,1.1026621140910894e-16,3.270715338772984e-16,1.1732612642791366e-16,1.6461160312599654e-16,1.3318760692757545e-16,1.8513909677436977e-16,6.352161295299171e-17,2.8545924353116626e-17,8.438486940928874e-16,-4.536379470579185e-16,3.0563486806254407e-17,-2.8372267198679667e-7,-3.6096560319219296e-7,-2.8854115335915173e-8,-1.9345856220139542e-8,-1.1849350081986114e-7,-7.519652490960567e-8,-7.389560552313745e-8,-8.089979035725872e-8,-1.1277869488735125e-7,8.482640123981863e-8,-1.0995281578691555e-7,-1.3905976749447783e-6,-2.2640403628957593e-6,2.596493387165587e-16,-7.571902012273559e-7,-3.34471289536399e-17,-1.1831685951005894e-16,-5.91129783163492e-17,-8.064305869750202e-17,2.926903742452861e-17,-1.0056097551558241e-16,-5.283795208390065e-17,-1.9569094273147993e-16,-1.2655026627325346e-16,-1.6349172972929043e-16,1.8951646228033198e-16,-1.1469495014207505e-16,-9.96857324638413e-16,3.3221042263061584e-16,0.0,0.0,0.0,0.0,0.0,0.0,0.0,0.0,0.0,0.0,0.0,0.0
8.374403771803298e-7,3.9403002609762655e-5,1.8178620709854545e-15,1.5714003723907287e-15,4.2925839131421046e-16,-0.0001581196117738347,4.3278439562501365e-6,6.551401843443422e-5,-0.00018512412034260337,-1.3023110613490042e-14,8.006311200383043e-6,2.677646768944759e-6,1.7537630798998274e-14,-1.4052888896807325e-5,-5.8271484072478135e-6,-8.0357336674068e-6,-8.50961180667025e-6,-3.870450335420916e-5,-9.5048997912113e-6,-5.329394399136937e-6,-9.549638211488594e-6,-2.1726539902753545e-5,-1.5032482125234482e-5,-2.297018708728135e-5,-1.2999749567796233e-5,-2.441239168170657e-5,-4.904159894148352e-7,4.3504376697112315e-17,1.144366666642963e-16,3.23881197799066e-16,1.1539433692392268e-16,1.6908322245654406e-16,1.3622935390691246e-16,1.8637361562728198e-16,7.182190127385238e-17,2.82221224235545e-17,8.465117800783586e-16,-4.533467751697271e-16,2.9035110689304864e-17,-4.639987874797128e-6,-5.022821964001207e-6,-5.336014560274888e-6,-2.7916272128454914e-9,-2.3594347686519025e-6,-1.1117008078362495e-6,-2.566687792977167e-6,-1.0465839444726895e-6,-2.6845518652802123e-6,3.7668043291012327e-6,-3.0927278653368483e-6,-2.9734406182280522e-5,-2.2635083716982256e-5,2.7759748490605645e-16,-7.570122781136407e-6,8.828253517170956e-18,-1.9329363460675675e-16,-1.739652623394085e-16,-1.477528058489234e-16,-1.2005473593084708e-16,-6.986071740944667e-17,-2.4833568258242255e-16,-1.5202741701873817e-16,-1.882518468087762e-16,-1.8106620995050117e-16,3.359429887863941e-16,-2.2093735948514034e-16,-9.868720026504975e-16,3.1919105109092183e-16,0.0,0.0,0.0,0.0,0.0,0.0,0.0,0.0,0.0,0.0,0.0,0.0
0.03420296646321635,0.35841631006901475,2.9223066794462977e-14,3.42605505845985e-14,2.6631876872156005e-15,-1.4670824749667193,-0.022537054218169067,0.07197622249455739,-1.6465756007755825,2.9003933699294718e-11,-0.03975695414649551,-0.013296395450925752,1.0149195872370837e-13,-0.11588293180819509,0.026651098487942566,-0.07867058402909012,-0.17812643754116272,-0.4125067957410141,-0.06797737196271407,-0.0235870070704059,-0.0550811110987101,-0.18759571801081792,-0.1082496123136712,-0.18305544168674986,-0.15637624764868166,-0.19297419423800835,-0.0023278695843215315,2.390047677794667e-15,1.3956836042949285e-15,-4.611744992706667e-16,2.84812628707693e-15,5.0377657179286065e-15,6.123739490310812e-15,3.6398316270104083e-16,-1.0570390655843169e-15,5.600158512983459e-16,-1.4995828425116254e-14,-3.233078730099125e-15,1.7195330752113467e-15,-0.0729224957347936,-0.16543208182878955,-0.28385746402107015,-0.04696622164513397,-0.03919410506194666,-0.019240160809997405,-0.11282755843614438,-0.06508193703436368,-0.05273640165925921,-0.20732820303456098,-0.021995391212974315,-0.0006107510986701227,-0.011237870127936493,-8.179144558752496e-15,-0.003758415815608849,-1.3014670455419287e-15,-1.1413138387678697e-14,-4.744720753786158e-15,4.5709762392479796e-15,-2.3100849673965728e-14,6.775509270799274e-15,-2.0152098493060093e-14,-3.7861938524725725e-14,-1.2914444751832103e-14,-1.2188223971725405e-14,-2.983011989087184e-15,1.9843172230932764e-14,1.2646700724052513e-14,2.6785597634029968e-15,0.0,0.0,0.0,0.0,0.0,0.0,0.0,0.0,0.0,0.0,0.0,0.0
0.01655407866098365,0.18451711085754402,1.970769366191494e-14,-1.5615871187503367e-14,-3.906199324495309e-16,-0.739673949411459,-0.007740915485967089,0.03550146842355258,-0.8627486834813972,4.5163369272292156e-11,0.032239415786431615,0.010782214850353257,2.658940483180676e-14,-0.06135581814496061,0.010782122868623735,-0.03662007890976091,-0.13419417927267663,-0.14778016183200798,-0.025880009861376438,-0.005300237555536483,-0.03353282065566449,-0.09148652251635157,-0.05651356878194805,-0.08854639619790662,-0.054167638897728194,-0.1503551995899878,-0.0016365149651178862,-5.046335158513684e-16,-9.666320622474445e-16,-1.1698729317970083e-15,-6.719660197035939e-16,-1.6058391313881258e-15,-8.34591245368398e-16,-3.883203629357713e-16,2.4371539333546293e-15,-3.4855115082357883e-16,3.099920476258775e-15,1.3422815028940845e-15,1.2444951718490329e-15,-0.030029535641848695,-0.09154982172107555,-0.10583782302892004,-0.019019434758100147,-0.015426075331173801,-0.012881278217912037,-0.049845532883557406,-0.03196296777193708,-0.025397994787821527,-0.08127490691939965,-0.03500422361873364,-0.0004883731490033398,-0.05663193768459273,6.960934372636558e-15,-0.018940098777016155,-1.5908955665215e-15,4.805880307366106e-15,7.426705044658772e-15,9.034783263067625e-15,1.3046018052448593e-15,1.358804491902772e-14,1.30972095174231e-15,-2.4043629889632247e-15,1.6009929856336555e-15,1.1125852713738108e-15,-2.5561107041493935e-14,3.200980912375861e-15,-1.6857579809748267e-14,-9.303774821156209e-17,-0.0,-0.0,-0.0,-0.0,-0.0,-0.0,-0.0,-0.0,-0.0,-0.0,-0.0,-0.0
-0.0017757152303172655,-0.05653046298523115,2.0330012792697856e-15,9.088344204221073e-14,4.404100927798782e-15,0.2189346862682785,0.0010738261867067821,-0.004689773073115555,0.27007840561367813,-1.1631143986264908e-10,-0.047750372543318924,-0.015969730325033057,3.6174858411126145e-13,-0.014492022490294812,-0.010126537728460344,0.009524887434068327,0.2665239638069499,0.08522464906836852,-0.0016830936767159316,0.0023474776068762994,-0.018469628566742544,-0.0008742376137608805,-0.017589131885844624,-0.036216104087580574,0.02182200446713772,-0.06451133737175402,-0.0006025849351479122,3.116473011757864e-15,5.39037670337599e-15,1.3732325014879522e-15,5.991147324826644e-15,8.75786909238159e-15,8.39310416642761e-15,9.851322681472763e-15,-1.0944376621683853e-14,2.580275977280788e-15,-1.1009777288199685e-14,-1.6112344992915386e-14,2.0064233082874056e-15,0.010875841122468685,0.13987398394427802,0.05834403012671859,0.012140891020525728,-0.015059667354444542,-0.007346310731341546,0.0033117964391950537,-0.014441398633302077,-0.022628911366536122,0.03326998428137056,-0.030347534622542485,-0.00026553686840356165,0.044534199265527555,-1.1654496355488513e-14,0.014894106886130748,7.495923893212068e-15,-1.317980605500142e-14,-1.1102517438912076e-14,-8.144705027302563e-15,-2.2817017318688545e-14,-1.755773261263548e-14,-3.554296802545236e-14,-3.860038290008482e-14,-1.2045419473020444e-14,-1.3593461011826594e-14,4.035040302876087e-14,-3.4408910943002602e-15,-3.515053115277766e-15,-6.810760847122695e-15,-0.0,-0.0,-0.0,-0.0,-0.0,-0.0,-0.0,-0.0,-0.0,-0.0,-0.0,-0.0
0.0015797683140452356,0.014626411593666825,1.5975298359853394e-14,2.3762867468120022e-14,-8.30813307839957e-16,-0.09837857567096586,-0.012653995854676508,0.0022727965808843256,-0.02791179049600896,-9.795115685453227e-11,-0.12393998299101221,-0.04145073639083657,4.531419176232728e-14,0.01729969113895523,0.011371894548513164,-0.0531625828254154,0.06515223220173899,-0.2688622045413143,-0.07708816661555695,0.0044737219685251,0.016023399995382086,0.04521442605393224,0.02276022414546722,0.038862270744203384,0.03251956422013936,0.03825124302427478,0.00029281149483833407,1.8509097413529158e-15,2.8229046311353532e-15,-2.0953829400020814e-15,3.4591685631681277e-15,5.499460917613619e-15,7.250096711344944e-15,7.281267124674663e-16,-6.183165728818402e-15,1.6525578009751143e-15,-2.195726032879109e-14,-4.173078711520807e-15,2.158130601368366e-15,-0.047432671408603085,-0.01267205968209492,-0.15554526590671267,-0.03933062542069989,0.016394838470145827,0.009992507007901089,0.009839802765312525,0.01505375264058036,0.023992626463570588,-0.01627157992566435,0.02748933354386844,0.00012657052857956906,0.12518509195623884,-8.566323390541983e-15,0.04186715312946131,-8.814316019663134e-16,-7.774717308315896e-15,-8.956033109796106e-15,-7.847549232499791e-16,4.640270389993289e-15,-1.0613707145390067e-14,4.166811357405344e-15,-5.045623985070644e-15,-5.956351888930625e-15,1.6566800676660605e-16,1.6333256440114153e-14,2.813451242571074e-15,1.5256932165903235e-14,-2.1506281794788776e-15,0.0,0.0,0.0,0.0,0.0,0.0,0.0,0.0,0.0,0.0,0.0,0.0
0.03052166474558412,0.2317815663950258,-5.988940414526767e-15,5.4501234239704745e-14,-2.327914838339483e-15,-0.9564810103150749,-0.014436537614028367,0.0627768558363373,-1.063408886075019,1.5032353328209043e-11,-0.0860591002056009,-0.028781778007116964,1.4360335721718515e-13,-0.16254422699769094,-0.0021977842029736196,0.007068606011687697,0.05147158203436935,0.04752313999391714,0.0037892783969141184,-0.015033754534943369,-0.10554142432001613,-0.1898836568588955,-0.14626827495700975,-0.2553499318491181,-0.056539914562565026,-0.3835980043840017,-0.003803679478073608,2.143782279206768e-15,2.3784347264198118e-15,-2.2277084334348427e-15,3.714608377390174e-15,7.589562567137915e-15,7.599137396448994e-15,1.2605863549110057e-15,-4.647838697124773e-15,1.878349418182024e-15,-2.2926781506147488e-14,-6.082858908771835e-15,3.9228308720668145e-15,0.0024006591632589453,-0.02022420689444025,-0.01897323949091667,-4.384081234307859e-5,-0.06925713866552333,-0.042961101456912454,-0.10497511143883674,-0.09579168009586954,-0.10126607179775564,-0.11865750094687773,-0.11279028735757785,-0.001208594640328736,0.025113424847143604,-2.2072387207037375e-15,0.008398984154252437,1.9384400685613626e-15,-1.880110922536658e-14,-1.1625985718876328e-14,-6.182207180098176e-15,-4.294961576206502e-14,-8.146381241337517e-15,-3.9604307606783564e-14,-5.628037275451615e-14,-1.5934469628068818e-14,-2.4467804338489612e-14,2.6996371457094315e-14,4.929736311553629e-15,1.6603728774581287e-14,4.563136558232371e-16,-0.0,-0.0,-0.0,-0.0,-0.0,-0.0,-0.0,-0.0,-0.0,-0.0,-0.0,-0.0
0.028954541777717675,0.3301186704892905,2.4861777781902574e-14,2.7935495162213372e-14,-9.075760680338989e-16,-1.3501996615033334,-0.020946244976993614,0.06129222447593059,-1.5156054091164086,2.5086490857142762e-11,-0.02358819729545894,-0.007888883993947556,6.465276549876409e-14,-0.076042831207565,0.030475460123810798,-0.09015014649831624,-0.21314631193998387,-0.5000359103611132,-0.07604505404116564,-0.023381076704421005,-0.033841008048857785,-0.12150060600039894,-0.0617872602746099,-0.14769927999279725,-0.1196260294203026,-0.1346999693398149,-0.0017390221931636585,1.941787168751972e-15,8.789083395514783e-16,-2.6646869612513323e-15,2.424209714492563e-15,4.97944454013786e-15,5.90168930384291e-15,-3.098131146215028e-16,-1.471310303126367e-15,8.691265733624424e-16,-1.9244299338908486e-14,-2.984803349312167e-15,2.5794862236100807e-15,-0.0847594929314491,-0.18058859080052944,-0.32876401204740835,-0.053003377458808204,-0.029202705078811786,-0.010249751828156678,-0.07958878764655304,-0.03574272453776367,-0.036957551587049324,-0.1778970768691845,-0.003897720972775311,-0.0004334460688104544,-0.015041414139962411,-1.4045468905716576e-14,-0.005030480700461501,-1.1763049611970594e-15,-8.755919971818826e-15,-5.525647381950341e-15,2.9510015598044754e-15,-1.503404869273931e-14,3.631549641494707e-15,-9.001234395852423e-15,-2.64991663439214e-14,-1.0964193898816763e-14,-8.615364790314205e-15,-1.3630418974565993e-16,2.308332323679597e-14,1.945748583970671e-14,2.6862854729715417e-15,0.0,0.0,0.0,0.0,0.0,0.0,0.0,0.0,0.0,0.0,0.0,0.0
0.04315463066739639,0.4066805002723153,3.6661640667055663e-14,4.5048506134473665e-14,8.753449052262322e-15,-1.666436711725599,-0.02525032362627372,0.0901987498912296,-1.869957138426175,3.5685487682323097e-11,-0.06733423506460068,-0.022519396569122465,1.6445506935697966e-13,-0.18383383590004068,0.020128302942408614,-0.05909114932378866,-0.11839686631249266,-0.26321795401805287,-0.054217208637532245,-0.023938239982415496,-0.09130803280529327,-0.3003269247459889,-0.18749536670910036,-0.2433585813902713,-0.2190570771782995,-0.2923661688411346,-0.003332202203922936,3.1545966221726167e-15,2.2770906771241847e-15,3.2971158090339927e-15,3.5711544404288134e-15,5.137237774947566e-15,6.502466217823754e-15,1.513203810428541e-15,-3.5046190574211156e-16,3.2799486076501074e-17,-7.749676049800709e-15,-3.6565349045034375e-15,2.5280500401268474e-16,-0.05273342369131958,-0.1395812814548171,-0.20726527444248147,-0.036669304983331916,-0.056235343707476716,-0.034574118537550165,-0.16951929595697274,-0.11512262429244739,-0.07964866121111816,-0.2575256573890522,-0.05286260882130892,-0.0009131609043022967,-0.004750580927512311,1.826403546362164e-15,-0.001588793809487297,-1.5149423295153705e-15,-1.5945265340298396e-14,-3.412779578610013e-15,7.33398994690755e-15,-3.685951020793743e-14,1.2137817498407475e-14,-3.9170908320026417e-14,-5.724217680311876e-14,-1.6240774421446514e-14,-1.828205927609514e-14,-7.838330267261322e-15,1.4316800888411224e-14,1.0302891385694995e-15,2.6653828652019368e-15,-0.0,-0.0,-0.0,-0.0,-0.0,-0.0,-0.0,-0.0,-0.0,-0.0,-0.0,-0.0
0.020256382089573165,0.7717057551448088,1.3914225727533663e-14,-4.9031833394743086e-14,4.8591772541365246e-15,-3.1563729180718743,0.35726766208084343,0.18383012524388112,-3.542788526955873,5.844738686717666e-11,-0.05518739261707647,-0.018456982228489703,2.2188114996727665e-13,-0.49325030860813635,-0.01441193211546323,-0.2105677719813353,-0.49701367357149395,-1.1690095600231172,-0.17761887066260357,-0.05428937036858371,-0.0793206311028501,-0.28443058650076497,-0.14474047261572623,-0.3456492692826099,-0.27949257210127165,-0.3156700600896073,-0.004048738782157411,1.4190113541012286e-15,-3.8880644100746605e-15,1.792160951571692e-15,-1.3966335195921947e-15,-3.697129866144879e-15,-2.1115099171091832e-15,1.7801579800086133e-15,8.83385300653206e-15,-1.8865548708607934e-15,1.3795353804156357e-14,-1.7399968697949207e-18,2.233091896000649e-15,-0.06833726352805211,-0.2551496844077861,-0.32391263488088445,-0.04260841582773909,-0.04312955191818879,-0.014784616771934248,-0.06973447708437604,-0.02093871750728069,-0.0891066720425593,-0.07274768166051251,-0.02573186559502774,-0.00033381242381223266,0.00028057764252468006,-2.0472741677813006e-15,9.38369493224996e-5,-3.474616058204635e-15,6.882449054674175e-15,8.748821674633349e-15,1.239960241033697e-14,7.895198588975075e-15,2.4770666063019723e-14,1.3636886001483379e-14,1.931301974171654e-15,3.9293820804258505e-16,7.0858758403190475e-15,-3.2049601652725307e-14,5.567652512411497e-15,2.2982683558652922e-14,1.2110211482370096e-14,0.0,0.0,0.0,0.0,0.0,0.0,0.0,0.0,0.0,0.0,0.0,0.0
0.022752751533495576,0.5554898973385223,6.760721456278922e-16,-6.57640181981195e-14,4.506871802095897e-15,-2.2762622153946332,0.05057704375305779,0.47058231084341684,-2.55404439571743,4.912495293000683e-11,-0.09230969250760832,-0.030872238628021468,1.6197077431962048e-13,-0.34262417652195265,-0.007695818611535363,-0.08069949685944994,-0.16177045850808217,-0.3593039281443713,-0.07397592046767155,-0.032586438760945705,-0.1247489867962155,-0.4103718562245997,-0.2562332518688693,-0.33244224823402063,-0.29934249876135466,-0.399303037803685,-0.00453489419428696,2.057877043824291e-15,-8.932105494382301e-16,3.444531585752036e-15,-7.7568904158785065e-16,-3.0364999299591504e-15,-1.988520937384759e-15,8.561214614830695e-16,5.8706390839152094e-15,-2.4097861978507638e-15,1.1848543681499672e-14,7.248910464942347e-16,-1.6472658499713683e-15,-0.06115721663210504,-0.2137083079558541,-0.1700554840522611,-0.029779745796138145,-0.02029014828899077,-0.020708143489471767,-0.10646571959316517,-0.07799165227317181,-0.04825094862468975,-0.1487436732417821,-0.02531499656014402,-0.0003974455454713564,-0.0005234952705882598,2.5795043151439957e-15,-0.00017507880783028404,-2.2774770821857776e-15,4.745189782079664e-15,1.1761184423930414e-14,1.1930451904751014e-14,8.578305818013852e-15,2.7778935027329675e-14,7.337402670653536e-15,-1.916617357876498e-15,2.595497259065018e-15,-1.186563752147001e-14,-3.946288449469608e-14,3.952917343757856e-15,-7.959167674164496e-15,6.879429153431871e-15,-0.0,-0.0,-0.0,-0.0,-0.0,-0.0,-0.0,-0.0,-0.0,-0.0,-0.0,-0.0
0.031453483700956845,0.3484287845796377,3.739966288011248e-14,1.074447744067477e-13,-1.0255098264029051e-14,-1.430278383642539,-0.023092476584901666,0.0659247069790511,-1.5906277618166427,3.650195710571614e-11,-0.029984453043855663,-0.010028060589855945,-1.0733910715691769e-14,-0.09143082482424035,0.033827454374507474,-0.4213658250322262,0.02507675733032977,-0.5399113010330804,-0.045351937238337484,-0.017307945789557497,-0.033614643921409865,-0.13036114277039304,-0.06276663245575516,-0.11229942232868226,-0.14382384769743123,-0.13417018634910435,-0.002142172333353629,3.577028725485711e-15,1.3495249966513487e-14,-5.825183551241077e-15,2.314862566968142e-15,-7.347242368430169e-16,-2.2109044731307046e-15,2.789529982239125e-15,-4.568907373617327e-15,1.5242024504617684e-15,-3.294720817531866e-14,-4.738062260777011e-15,-7.257844415143449e-16,-0.26158094199938964,-0.057052590699558,-0.38326006119242134,-0.028587002020301604,-0.01503870094529785,-0.008518609272972098,-0.08630730870887957,-0.03407797923065874,-0.01965772609689831,-0.1986288611765028,-0.0008185678094168734,-0.0007887669438307713,-0.011385568712976139,-1.1071515414671704e-14,-0.0038078124264848165,8.27461561322578e-15,-1.0671208600179932e-14,8.583393643083131e-15,1.3961337780937228e-14,-1.814726050059254e-14,1.4141989174480123e-14,1.1790257242676894e-14,-5.09578847537804e-14,-4.218805306659745e-15,1.4166747713759447e-14,-2.789455526752331e-14,3.8771525078503794e-14,2.3204615387430363e-14,4.32318316862475e-15,0.0,0.0,0.0,0.0,0.0,0.0,0.0,0.0,0.0,0.0,0.0,0.0
0.004254280242160539,0.09949916614194312,3.869610968548498e-14,9.476926956243357e-14,7.124702149591658e-15,-0.3903381081179329,-0.002534476016925178,0.009888008651397294,-0.4672073336611383,4.8276215641703855e-11,0.0711302475056609,0.02378894258031186,-1.8547474696701895e-13,0.010444927933918043,0.01621402137465301,-0.33225268093600563,0.038868743493124205,-0.20078466429886482,-0.01087303238412528,-0.011043691879585116,0.004933846257945777,-0.004707094349672641,0.009236519559745807,-0.00904630021456832,0.03926552608773579,0.03053958578090625,0.0009779466456180132,7.361533115576286e-17,-8.632464515391684e-15,2.6255095626514376e-15,-1.5883661121586632e-15,1.4062376929420593e-15,4.245571522248622e-15,-9.414732332316412e-16,-2.4014083347077257e-16,-1.6196078070901415e-15,7.266034826898605e-15,2.1791167801819582e-15,3.2660300695881467e-15,-0.1886292568886278,0.018713946202535907,-0.15569624565580475,-0.003955073836815499,0.0017119114091232936,0.003681341297718864,-0.004128216024944319,0.009598638351929397,0.0065719280098512235,-0.007482961379975277,0.021327684462786444,0.0002054562340734579,-0.06833477778633687,2.6408940113727587e-14,-0.022854020082859708,-7.389416399478197e-15,5.710929637078426e-15,2.048706663671419e-15,1.7496890580966616e-14,1.7464284695183828e-14,6.770632528670783e-15,1.906433280869756e-14,-2.0421102945692057e-15,8.702448346966531e-15,6.6920375121675565e-15,-3.551721291715462e-14,2.5038460951419332e-14,1.364026787642202e-14,8.791169424855702e-16,-0.0,-0.0,-0.0,-0.0,-0.0,-0.0,-0.0,-0.0,-0.0,-0.0,-0.0,-0.0
0.026005706039087313,0.2893407311624273,-5.726183108435275e-16,3.4928730536050685e-14,-5.067389357343146e-15,-1.1678919480007026,-0.012699429417387846,0.0553436099540951,-1.346460193718849,9.106587017781922e-12,0.026582931887249958,0.008890449034797512,1.695830270091759e-14,-0.0775080463289131,0.020939334778469494,-0.008346887265671484,-0.6176392657254564,-0.1299026802143819,-0.06353463735309126,-0.013859220708623669,-0.024848705633686213,-0.08349406976681473,-0.04992256177530702,-0.08933557330115405,-0.10390095523620772,-0.10751762854651638,-0.0013193412091621424,2.0041092106021757e-15,6.155063983848186e-16,-2.3672146028698886e-15,1.3547951895796126e-15,2.3827926998653625e-15,3.6526894962173085e-15,-4.908918520289268e-16,-1.5381153563427822e-17,-7.51513761605146e-18,-1.5971202828045105e-14,-3.401167669361889e-15,3.991370604832685e-15,-0.017861792551788755,-0.3690162229837102,-0.13557529776828994,-0.062289991991240024,-0.011699261683951318,-0.010507246811481989,-0.062308957019291435,-0.029350502969752515,-0.01646080770658566,-0.17605667708474937,-0.0037175522919168256,-0.00020653037529409332,-0.06391249847915027,-1.6557681536613608e-14,-0.021375024125364718,-8.467767866605988e-16,-9.01046088343107e-15,-8.416498431724781e-15,-8.014595690628852e-16,-1.4187471732765304e-14,-3.920226405572962e-16,-8.84337549408636e-15,-1.6974934270791877e-14,-9.585140772971925e-15,-8.532676146316514e-15,2.1858119311826397e-15,2.2109367161947515e-14,2.5968297394282026e-14,4.0558805318104514e-15,0.0,0.0,0.0,0.0,0.0,0.0,0.0,0.0,0.0,0.0,0.0,0.0
-0.003010040448053629,0.020132168445328235,-1.481141973856276e-14,-2.4174355332292338e-15,2.9302137848499985e-15,-0.046588113218622274,0.009370010735403344,-0.004778921083152535,-0.12657584263185104,1.822979565128125e-11,0.12876935154073438,0.04306588009068612,-1.2727081687455029e-13,0.036010925246866526,0.004793898012439476,0.024003201933346006,-0.48170240795848585,0.11778949563136848,0.040696734119654444,-0.0067446618082662125,0.022570491016678188,0.05229157092638733,0.0225322332800417,0.020302746146373972,0.08806824944411525,0.0674604620032347,0.0005318316859528404,-1.1514288178729384e-15,-2.191821947556205e-15,2.0108878408265016e-15,-1.2564693213373391e-15,1.26531702727608e-15,4.672008292601893e-15,-1.4772625996631613e-16,-1.8545908751263778e-15,-1.1696307062581502e-15,6.268661205960682e-15,2.229330697215272e-15,8.584809058957095e-16,0.018713390548310314,-0.22334061435951916,0.04179810270226382,-0.001929910811254758,0.005565580679332603,0.005708355382369355,0.025776097218088087,0.015418437983161575,0.01056806929218036,0.030920034975691627,0.019031096495776056,0.00024002907218548147,-0.11911042711861312,7.464851043891034e-15,-0.03983553004239548,-6.66893172765699e-15,-4.2775347933094835e-15,-1.1476616902998732e-14,-4.896849642294612e-15,-1.7273019457683333e-15,-6.80189495153372e-15,-8.503339334383419e-15,5.9007885620838404e-15,1.1766859923758715e-15,-2.031377754190831e-15,1.3506395926600875e-14,1.5373862077135785e-14,1.0843035094216787e-14,1.0734772259789747e-16,-0.0,-0.0,-0.0,-0.0,-0.0,-0.0,-0.0,-0.0,-0.0,-0.0,-0.0,-0.0
0.02824218206400299,0.3350948722483983,2.8284046183039602e-14,2.4892053595570475e-14,2.88193518072193e-15,-1.3778274541110773,-0.024226017771527986,0.059827711091168204,-1.5291668508840401,2.805573073262524e-11,-0.041683206185670924,-0.01394061504471343,5.578534811906205e-14,-0.06222933191326047,0.03722334838226667,-0.07754162787114342,-0.038219850422516494,-0.7596389191334265,-0.0471962291228577,-0.019994185915723217,-0.0372041594306808,-0.1385068247859835,-0.06323736791347437,-0.1262143858960057,-0.12026124376394738,-0.14401868579188376,-0.0018109691030164202,1.3042419196642008e-15,-1.6634187368541954e-15,-2.970759796579748e-15,2.6452257835838327e-15,6.6662136287680115e-15,7.803217263162244e-15,-1.0406068462128075e-15,-1.815757939444625e-15,1.2454625702328564e-15,-1.7905215181636823e-14,-2.1284265228575354e-15,2.1864864369943504e-15,-0.0943984557388309,-0.09642049358470893,-0.4520779749665342,-0.034022949209569456,-0.020505261372385834,-0.010022853415424507,-0.08632948851322918,-0.0324509837207508,-0.025606352459068896,-0.16563241687104202,-0.004780388636857221,-0.0004892584418108383,0.006869322142310111,-7.076296170857418e-15,0.0022973898692149925,-2.8332476070248305e-15,-7.229958541008572e-15,-5.1987393105491646e-15,3.530334949269979e-15,-8.624210867424451e-15,1.799931027792646e-15,-6.785107566557888e-15,-2.0864716796626454e-14,-9.374434644062845e-15,-6.177090923536021e-15,1.2703183328426613e-15,1.5424007040440967e-14,1.7463928550025635e-14,2.778605342504733e-15,0.0,0.0,0.0,0.0,0.0,0.0,0.0,0.0,0.0,0.0,0.0,0.0
0.0044459414510620195,0.11574980012802627,5.15653785282131e-15,-3.99696167355208e-16,-3.800552374860358e-15,-0.4537039715585775,-0.0031356748636982047,0.010883057826314569,-0.5467873291637663,6.321019163534925e-11,0.07450823038041014,0.024918681945205672,-4.5713663729149157e-14,0.02707711606998896,0.019384959902185965,0.023518328180132962,0.016790723495625604,-0.4618374458809881,-0.005530046128145536,-0.01538300318871034,0.00023126252658516527,-0.0260445817435927,-0.0017268616793013828,-0.027144455415685095,-0.051115084142010804,0.01642779495410866,0.00024749224282546566,8.070122406644761e-16,1.9573372888314876e-15,-1.0512970692327078e-15,2.0191814340782576e-16,-1.5256453584320099e-15,-1.4197044023002454e-15,9.0452110208353e-16,8.213099745977004e-16,2.7249789635587236e-16,-3.374519917237857e-15,8.383031155636146e-16,5.248731049099286e-16,-0.017336752350212058,0.001241823906796204,-0.24116613893694494,-0.003313991976190063,-0.004704557396066277,0.0020014558530593,-0.01047555242003988,0.004871127702222234,-0.0007237490068078091,-0.02876061372273878,0.018158430455659826,0.00013126613087754938,-0.071488960276946,-1.7799963640461825e-14,-0.023908911198637285,1.9800165713141243e-15,2.499834355309834e-15,2.945524459877043e-15,2.630979474234925e-15,9.155014377426236e-15,3.513811397912979e-15,6.430615186702762e-15,5.127470670538753e-15,7.844194086890017e-16,-9.075162564220538e-17,-5.885678167094398e-15,9.742414677500782e-15,6.825198127094929e-15,1.2361207393731419e-15,-0.0,-0.0,-0.0,-0.0,-0.0,-0.0,-0.0,-0.0,-0.0,-0.0,-0.0,-0.0
0.03312192806918246,0.3757740084558504,1.0890879463175898e-14,-1.685920513577331e-14,-5.187664654337624e-15,-1.537347569177151,-0.022825984321609694,0.07002425462890118,-1.7279836925743264,4.58973026404625e-11,-0.036039992102421835,-0.01205328721297553,-8.257957783595088e-14,-0.07037984348712457,0.0282198786090225,-0.04479457885968139,-0.315672282777726,-0.2937168912761968,-0.39293199198028345,-0.018738177850072833,-0.03758288685969283,-0.13448553473487707,-0.07373020209519353,-0.13842083677035694,-0.14028390847281103,-0.15210277807457623,-0.0021036706916263415,2.930879898954827e-15,2.2838700330544317e-15,-2.8138141915533396e-15,3.1559289931375694e-15,7.072402832406259e-15,7.301256807896186e-15,-9.868541405493782e-16,-6.194388679418916e-16,9.861856621633482e-16,-2.4936364197313894e-14,-2.672790338166798e-15,2.917489597849073e-15,-0.04635858915429885,-0.26187506057700816,-0.2196931387892217,-0.1962793821129187,-0.02133627725306419,-0.011335837894105047,-0.08843781964513464,-0.04652199855057748,-0.029065824179405425,-0.21146865459092626,-0.0038442065207219935,-0.0004278695220673462,-0.008988200110204597,-4.093481685878647e-14,-0.0030060316646446645,-2.403355604982192e-15,-1.3023770304999613e-14,-8.015876574997334e-15,4.5500089650882e-15,-2.3596915877311065e-14,7.997764683204687e-15,-1.0156453660016783e-14,-1.1054310969099949e-14,-1.7371024729861394e-14,-1.7415944053585145e-14,2.513493437523049e-14,2.940956211737322e-14,1.44076385483528e-14,4.1960411196688654e-15,-0.0,-0.0,-0.0,-0.0,-0.0,-0.0,-0.0,-0.0,-0.0,-0.0,-0.0,-0.0
0.010302975814445144,0.16478273994482884,-4.248575431655672e-14,-4.633127214106146e-14,-5.334415319539319e-15,-0.6496660092392987,-0.001377826435793885,0.022744242951594128,-0.779650721729463,9.366173882211714e-11,0.07804372376274529,0.026101099440070063,-9.028896359377248e-14,0.023621050692112993,0.016962279462507533,-0.015462774373672581,-0.19250181946239836,-0.13110676058985887,-0.27384095036323763,-0.01378857391879184,-0.0034609400459568456,-0.03507615457569723,0.009994403182988339,-0.042220331627505533,-0.05394550238322998,0.005685780283486973,-0.00043838892772494434,-4.351725200522844e-17,-7.837125408497418e-16,-1.1291780277849104e-16,-3.0852036984637956e-16,-4.547398586122512e-16,6.569243080192643e-16,1.0637063794460385e-16,3.24322201584578e-16,-4.542559738029271e-16,-5.968603870321567e-16,1.1420290883654178e-15,9.152278134650355e-16,-0.018553068741742375,-0.12974654582921624,-0.09746429601132714,-0.13105888917990166,-0.006532194823923958,-0.0012329587264385006,-0.022521499027458453,0.0036199742535173705,-0.005691516173573896,-0.07051104171831872,0.018359198944315747,-4.570077635169172e-5,-0.08663593987192679,-3.958573345909898e-14,-0.028974697421575008,-2.8731409789093807e-15,-3.719952120259226e-15,-1.360356684310412e-15,-2.737497408366016e-15,-1.7858097424969872e-14,5.9304210759877734e-15,2.10336461748836e-15,1.968500632597033e-14,4.4284438655492823e-16,1.32451212181014e-16,2.1654190571737674e-14,1.707515060882195e-14,8.858447945320684e-15,1.7141133686293295e-15,-0.0,-0.0,-0.0,-0.0,-0.0,-0.0,-0.0,-0.0,-0.0,-0.0,-0.0,-0.0
0.04328369629498858,0.4165129630325122,1.443539344321898e-13,-1.031744788952196e-13,1.2696785726420703e-14,-1.707139596884755,-0.02833956719931216,0.09097616559489545,-1.9194681940261562,3.1651083483999015e-11,-0.10491373781869363,-0.03508756081099651,9.165531504876779e-13,-0.19849523298318372,0.010051550690553522,-0.02981920007049777,-0.01223152175479475,-0.15904157226827875,-0.031093581864160596,-0.1480004833197733,-0.04785634398718945,-0.1288136655579577,-0.09993382817430009,-0.8828918945108678,-0.12027402501233754,-0.17618943796604655,-0.00203468928420474,3.2161875749990257e-15,-1.4579546096024e-15,7.0171033263659716e-15,5.887453240231718e-15,1.2969521654877134e-14,1.623154259335204e-14,2.8482308178332243e-15,-7.851053664773002e-16,4.1738668672412593e-16,-1.2667985480164087e-14,-6.400564026894114e-15,5.504622737624482e-15,-0.038527329787723115,-0.09230860796035503,-0.2113654707290532,-0.029883946185873658,-0.2932898211035056,-0.013639400763898442,-0.08277463615790552,-0.10166893620634193,-0.3592843300044732,-0.2241618214976468,-0.0025310627758219194,-0.00040118955801942877,0.03107805269642834,-4.027693204328151e-14,0.010393806250220025,-5.382682611798067e-15,-1.2834755560882333e-14,-2.1075721206846035e-14,-9.165565541696419e-15,-7.281600034853391e-14,1.7843283064749623e-14,-8.526951709255091e-14,-1.2004391481330858e-13,-4.427990082932481e-14,-7.891725420777226e-14,-5.911264470013344e-15,6.890052555489056e-14,-7.125428804487845e-16,-1.3969010658956717e-14,0.0,0.0,0.0,0.0,0.0,0.0,0.0,0.0,0.0,0.0,0.0,0.0
0.02087309253216693,0.21138869486217815,1.4749330690506628e-13,-1.8302583665835334e-13,-4.7129911864447576e-15,-0.8486223436322156,-0.012726156299472187,0.045105973905249654,-0.9947406029007902,4.7850888860115465e-11,-0.013642627843248593,-0.0045626678071293975,7.943040292935604e-13,-0.12316809532449777,-0.007103536423256528,-0.0019152407685936834,0.0013758813697976084,0.1563665153823084,-0.007327608901729585,-0.035017203704846796,-0.014585268368959847,-0.04338942373889512,-0.040366706470903346,-0.798949487061003,-0.042951895833681135,-0.03992889712096578,-7.143450230075711e-5,-1.4867288086876617e-15,-2.6614832649623163e-15,-4.125427498196989e-16,-1.1910378633929356e-15,-1.2063559626073046e-16,-5.078688094171246e-16,-1.7057243042156033e-16,1.5971716308073263e-15,-8.306799131133253e-16,-7.708476132833789e-16,-2.330299594478486e-16,1.640429523817261e-15,0.004465215019255202,-0.022972438548741866,0.014620188838667982,-0.009130523932722432,-0.23079674306308487,-0.0019128189719215287,-0.021276684656192233,-0.06449498603759335,-0.3377212689629795,-0.09877854448433282,0.01662041787448947,0.00017226117009916356,-0.02284816725457898,-7.13499928514014e-14,-0.0076413868634380945,-4.205929723923874e-16,2.5848222696981155e-14,1.2795462698533171e-14,7.448081828247854e-15,1.9455056434730706e-14,3.227433952171584e-14,3.138691789723658e-14,-2.5674873558267503e-14,-2.5892707645352042e-14,-1.2875274004354094e-14,-4.678818391244832e-14,5.849227438014074e-14,9.774038341633699e-15,8.323921829543517e-16,-0.0,-0.0,-0.0,-0.0,-0.0,-0.0,-0.0,-0.0,-0.0,-0.0,-0.0,-0.0
0.0331443983711129,0.2917745783747579,3.8494415483090885e-14,-1.4539901232420608e-14,4.001578329789754e-15,-1.2074515483933916,-0.0235310604068255,0.06845313666171945,-1.3253866208979463,2.7768996243117423e-11,-0.06502527097191659,-0.021747181988795633,2.625972736035628e-13,-0.12443786985528704,0.011275772534878208,-0.022769159186706075,-0.06089985667245009,-0.13010753290579496,-0.024625577741321333,-0.011722983933619004,-0.6534187094737243,-0.11905648150178932,-0.04460514651997718,-0.08330777698030468,-0.09751554495977431,-0.09068381299578829,-0.0013431796394071222,3.2450042175937842e-15,3.519958241968721e-15,5.064664223044864e-16,5.595059911796454e-15,9.018656786703531e-15,8.812534519932553e-15,1.3859708077968217e-15,-3.4193828984471374e-15,2.383551478942725e-15,-2.1394768716214816e-14,-1.2028099166387083e-14,2.2837235284183498e-15,-0.026521254469001304,-0.09017590351657635,-0.12702484710985135,-0.019766323511049542,-0.018707749862941023,-0.28806161511787864,-0.10317890553887422,-0.03278236020196548,-0.026228976145340362,-0.17579022199701774,0.011328338088639119,-0.0003567222566985151,0.011490904794824374,-4.960341917027403e-14,0.0038430412370350628,-2.7036558306764147e-14,-1.542408928727964e-14,1.6739486555321036e-15,3.0160410204859455e-14,-7.253432425851166e-15,1.7091242909212507e-14,1.6919133969567248e-14,-2.951226104746586e-14,-1.5669504751662704e-14,4.684331929954742e-14,2.2820045845744026e-14,3.1149538584309304e-14,5.302025467480901e-15,5.1198184955968505e-15,0.0,0.0,0.0,0.0,0.0,0.0,0.0,0.0,0.0,0.0,0.0,0.0
0.009987118360010821,0.09485002767107813,6.74648133787423e-15,-1.6909406830320182e-13,2.4252269465463827e-15,-0.3862751504121745,-0.010837545695862767,0.021283091117377497,-0.43355325703944925,3.796657933371259e-11,0.01647658549035877,0.005510462284327989,-3.8606915829575126e-14,-0.032898486550643306,-0.0020591152480633097,0.004486822795032008,-0.052548737189721535,0.056353559693501656,0.0030299937891728255,-0.004745991087458626,-0.6084147330254928,0.041241885097066326,0.023860448825364595,0.03946163668650436,0.039978896505492766,0.035929625662460364,0.0005988853076030485,1.1171714475691088e-17,-3.3265482605024763e-15,-1.3493969693468944e-16,-9.68218159739198e-16,8.172865947412487e-16,2.614068239334314e-15,-1.5473600783199546e-15,-9.64854911380549e-16,-6.469430523499679e-16,5.718159095915504e-15,-1.156085656535077e-15,1.7571940470656227e-15,0.005216029915411476,-0.03235293583070795,0.01711414914606294,0.00011164428477734976,0.009257202285660198,-0.2706617480788691,-0.0061266337253534555,0.013593076149427716,0.01607067460038289,-0.02280505675541968,0.029494574799389963,0.00023713263919777653,-0.029038828903442712,-1.9066532131486488e-14,-0.009711804156533712,-3.176055163332925e-14,1.4222693028742005e-14,1.930632768229217e-14,4.4027911605679956e-14,5.904390099704363e-14,3.487523330953117e-14,9.488398230937936e-14,6.235762779132055e-14,1.687682085377316e-14,9.599637926515421e-14,-4.740051903115682e-14,2.6737458633300925e-14,5.217718825848235e-15,1.0709243560773289e-15,-0.0,-0.0,-0.0,-0.0,-0.0,-0.0,-0.0,-0.0,-0.0,-0.0,-0.0,-0.0
0.04003029647849393,0.40833058898553254,4.33744040366834e-14,4.8796044193540646e-14,5.616634197071453e-15,-1.6733016048458973,-0.02555610423117125,0.08404230005311437,-1.8766699465961432,3.787508740537188e-11,-0.05820579397186132,-0.019466462429017714,-1.3021239624313292e-13,-0.1532820102166222,0.04222133603529462,-0.06049456797650126,-0.09591500945135824,-0.3087420717458085,-0.05553013820468043,-0.019958458841055675,-0.06149200212609309,-0.6977690326806553,-0.1011211539176414,-0.14401623021966017,-0.16864524397788602,-0.16937696056262058,-0.002271876915832448,2.9474386971118046e-15,7.526424889129099e-16,1.4074418311946767e-15,3.2128737721495385e-15,3.753184386977823e-15,4.864964415883871e-15,7.382523326714924e-16,1.1144653271117027e-15,1.6948613974371171e-16,-6.8597839093301606e-15,-2.8093451286863437e-15,4.2060333991283714e-16,-0.05645233849161796,-0.12430111910219002,-0.2375650365612088,-0.0358472186576135,-0.02463269084584191,-0.023065329238020633,-0.36072484386835557,-0.059150186845011714,-0.03409729426409053,-0.23041969420716732,-0.005517101003421293,-0.000575375612505947,-0.00313061919851526,-1.5717649181223014e-14,-0.0010470105610748915,4.1280420840720025e-15,-1.648574422139816e-14,-9.391611606538974e-15,1.3429252133985686e-14,-4.217520856215445e-14,1.3728555727703099e-14,-3.0738278267994425e-14,-6.153808041795288e-14,-2.2871349659609673e-14,-2.354347823679473e-14,1.0096926565749016e-15,3.352971601887136e-14,6.978483721083763e-15,1.8006782525755396e-15,0.0,0.0,0.0,0.0,0.0,0.0,0.0,0.0,0.0,0.0,0.0,0.0
0.01700560504292127,0.20233580982649826,2.8494423041449995e-14,4.339572207153627e-14,-3.924683198343126e-15,-0.8125962518590989,-0.008046161852010344,0.03650590851314305,-0.9453571187929747,5.141698245101883e-11,0.03275030652255285,0.010953078172432034,-2.790168160480459e-13,-0.053083773940362,0.02598752744782434,-0.03497085139091258,-0.08856557536108874,-0.1113518061596147,-0.02863882396089882,-0.014692673015375815,-0.022129429377956828,-0.4524887216374332,-0.038001579199808684,-0.04305984829260865,-0.0566920887986291,-0.026028846813420624,-0.00036260320054142355,4.1942282533330586e-16,-1.4931107742103713e-15,-4.607298479682127e-16,-2.8966706722828846e-16,1.2199429189012367e-16,-1.625872725349024e-17,2.408796993465768e-16,1.2147300130512048e-15,-1.5421436489410715e-17,-3.3849774240821987e-16,9.307426675541114e-16,8.251266795613269e-16,-0.026780997450223866,-0.06559532638304698,-0.09467083427026134,-0.01703596182481269,-0.005544047474928181,-0.009032245426529622,-0.22547776798621957,-0.019733348090155395,-0.004679595274626837,-0.08973681914373914,0.015091936054565599,-3.8997043041003093e-5,-0.05531908503217247,-1.8843220557821235e-14,-0.01850102570381023,5.411926558311721e-15,-5.40076628230071e-15,-4.128137774836189e-15,1.2748297099073536e-14,-2.1727970302987014e-14,1.3254780977269132e-14,-8.539549243669782e-15,-3.287673791956704e-14,-1.5702599475077083e-14,-1.9276908174918555e-14,8.89914145966083e-15,2.994600599429575e-14,9.939388541843602e-15,2.051347074113228e-15,-0.0,-0.0,-0.0,-0.0,-0.0,-0.0,-0.0,-0.0,-0.0,-0.0,-0.0,-0.0
0.047699209190316026,0.42556457343133514,4.9115328553243335e-14,9.460197353508011e-14,1.5234811082141647e-14,-1.7458866560642468,-0.025156647472749354,0.09922873925191696,-1.9567857019328712,3.571121502985959e-11,-0.08556330632304167,-0.0286159637070871,2.0499775803772166e-13,-0.2136186335186797,0.0046388549876018245,-0.04783241355676095,-0.06541431655613814,-0.21366141981067566,-0.05584380617460229,-0.026311062611441928,-0.0482383189435372,-0.16074512566958443,-0.7322269503553696,-0.22926026655227222,-0.17750287377595164,-0.16874011073356943,-0.0021763203823925853,2.260205453234424e-15,8.149937834994188e-16,2.9139153965748593e-15,3.0453820990329877e-15,5.8125550003945275e-15,7.136480820939915e-15,1.728334079886393e-15,-1.897358577692936e-15,-9.19741728230696e-18,-4.1294831320595025e-15,-2.7430826549781465e-15,-2.205813682137244e-17,-0.03907486375616,-0.11347235925809424,-0.15063133440452398,-0.031913393085662,-0.05493782133433567,-0.012881612517075867,-0.10690808607390304,-0.4307324896112679,-0.07644104375361649,-0.27222293319966945,-0.0020307545498306663,-0.00037016848247617846,0.0017532326244247812,2.7882402412777477e-14,0.0005863546338941452,1.1741323406426301e-15,-2.2459910049183556e-14,-1.1865249852081e-14,-9.482870225760292e-15,-6.219502812205187e-14,1.2670673722876083e-14,-7.470153752092333e-14,-7.765484839852162e-14,-2.2554616607658985e-14,-2.2346557716177507e-14,-2.562381097989613e-14,3.750825600999553e-14,-4.262056419811456e-16,-3.885437372592302e-16,0.0,0.0,0.0,0.0,0.0,0.0,0.0,0.0,0.0,0.0,0.0,0.0
0.02180166208392098,0.21041935899256944,1.7112460777123887e-14,7.33432279068473e-14,-3.511496464608538e-17,-0.8529209786304205,-0.009470142029560423,0.045825968009369146,-0.9770744786631961,4.6329279473369784e-11,-0.004935750946245058,-0.0016507224418146156,1.2653867033530482e-13,-0.0904215903602722,0.0020617435926250393,-0.024808075832691453,-0.05735394870861561,-0.09785240821905983,-0.03446004123567307,-0.019644257651973824,-0.019526926035221655,-0.05863514731993441,-0.438250014796286,-0.12362441755152455,-0.033015263894338655,-0.030052315554341465,-0.0006701205983456915,1.5246431077455359e-16,-1.3572690146712606e-15,-1.7640979513750327e-16,-6.271658307924564e-16,-9.55923565047899e-16,-6.256526038831771e-16,-6.850344231577035e-17,-5.249485020523422e-16,-2.4932674936419704e-16,-3.653210933087399e-16,9.914821633256469e-17,3.220046126149808e-15,-0.018728108048757214,-0.05993499717819386,-0.06773325628270914,-0.01855742380234448,-0.033029300329767586,-0.004769559833200675,-0.040838320670160966,-0.25713939246448003,-0.04287365633833692,-0.10652054657029947,0.01681173197050948,-4.544005531101373e-5,-0.031827040977152915,3.8157469193849927e-14,-0.010644299392363272,2.1823758581312364e-15,-4.806815532963649e-16,6.027828296128842e-17,3.0932131042295675e-15,-1.714396587261213e-14,1.4808544227863567e-14,-3.917365782876117e-14,-2.5318313565269317e-14,-4.543067339643048e-15,-1.1160783659301614e-14,-4.6450426183115934e-14,1.3545401746971e-14,1.1518813310129542e-14,1.2884228804350219e-15,-0.0,-0.0,-0.0,-0.0,-0.0,-0.0,-0.0,-0.0,-0.0,-0.0,-0.0,-0.0
0.03685380004631367,0.3392451396343831,8.390910723323313e-15,8.070168738616134e-14,2.1738129928137602e-14,-1.3904653381756051,-0.019511448986905412,0.07672304549740959,-1.5641325214766295,2.9324542114513165e-11,-0.09105098176846017,-0.030451272884976892,3.7032232889306654e-13,-0.14478465610120927,0.007509044868066587,-0.021056157635603093,-0.006787784280846133,-0.0975726881794243,-0.021294343913265738,-0.04441187838910877,-0.037275786708646765,-0.09993774719500623,-0.0763657000891913,-0.8484362265184259,-0.09937194915505873,-0.12902620628487763,-0.0015235133022304564,4.293631933551373e-15,-3.5398053237160262e-15,9.033733951227777e-15,6.317995355835793e-15,1.4080809766598545e-14,1.5495564670403277e-14,9.497977451795696e-16,-2.244632315491764e-15,-4.7754014234943775e-16,-7.625703565779774e-15,-7.617193076324185e-15,7.0058303505338194e-15,-0.02981787374281785,-0.07585752644667537,-0.1647205526559636,-0.02494086543881919,-0.24381640005301863,-0.01135330583050793,-0.0690565585002992,-0.0905550180634528,-0.35312403848497625,-0.1937932911908784,0.0016175176621240296,-0.000279024630325065,0.025268320087411672,-1.3104434146713458e-14,0.008450787628913738,-9.960499508888354e-15,-3.344688923011663e-14,-2.943133500686771e-14,-1.4916668971635909e-15,-5.459328282740294e-14,-6.1592515584718855e-15,-7.361458769115401e-14,-1.1742389302848817e-13,-3.360280251481572e-14,-5.3007900167885415e-14,3.114056288635557e-14,2.514484340585875e-14,-8.699150493267691e-16,1.6433373899405497e-15,0.0,0.0,0.0,0.0,0.0,0.0,0.0,0.0,0.0,0.0,0.0,0.0
0.002653763355112691,0.01623728725131589,-9.333711444287262e-15,-1.3434557249183181e-14,-3.1159760155658268e-15,-0.056256207614158484,0.003817244940949941,0.005463500336265856,-0.08644679137961256,2.2879701330614845e-11,0.011040119712609545,0.0036922797702739416,3.578248949240227e-13,-0.011066002978796972,-0.003969830589362551,0.011820924322546524,0.008085054797614306,0.06323432971057283,0.026833801424823615,0.4253808242718131,0.0031993696495340425,0.0063981981041888545,0.07046236953101591,-0.6782009179366223,-0.000903837683576528,0.06754311935556989,0.0007312163478592559,-9.176553003613666e-16,-6.782092701239972e-16,-5.399448299088222e-17,-5.971387997688893e-16,-8.777953227267028e-16,-1.8627688271797958e-16,-2.515744353450119e-16,-2.5309921564054505e-16,-5.440582738183866e-16,-1.7180233383722862e-16,-2.0654585959420352e-16,1.0529738257427133e-15,0.009747796709364258,0.007422419547620647,0.03336342703125866,0.004734615236065514,-0.0064022487318722504,0.000822775393655363,0.0010963327783862675,-0.0022072183750187764,-0.30476425803139845,-0.024345654207318858,0.025851288147175317,0.0002882337950654437,-0.019525381670181804,-2.178208528518713e-14,-0.0065301077909723166,1.0592093528372945e-15,-2.8757451970670218e-15,-1.6141729681671854e-15,-7.447130961356683e-15,-8.635833377902095e-15,6.0850324695245864e-15,-2.3023433509642625e-14,-3.244248857638532e-14,-1.3065623127486858e-14,-4.596680120685115e-15,-1.0108666328675077e-14,1.942354576487132e-14,1.1433984595229627e-15,2.926863134509615e-16,-0.0,-0.0,-0.0,-0.0,-0.0,-0.0,-0.0,-0.0,-0.0,-0.0,-0.0,-0.0
0.048927356669061124,0.48448247484406776,3.9707084914808314e-14,4.80108379347768e-14,-3.743564282990794e-15,-1.9818041892786662,-0.029944959604947058,0.10270819187077013,-2.228566840863685,4.264279622045449e-11,-0.053605725959368376,-0.01792800646055831,1.8526504516526735e-13,-0.18920612227424974,0.027428139416593094,-0.1002960882205759,-0.25285797365409207,-0.4142360639671549,-0.08573078704804205,-0.026945102452887046,-0.0737382832606624,-0.24782510087078471,-0.16084309754950044,-0.2176744128071029,-0.3974266562109431,-0.23498425752553928,-0.002834596833264328,2.9178027744100824e-15,9.676356141374348e-15,-2.049471522742867e-15,1.7819093988257382e-15,-9.318352498509771e-16,7.413682482895465e-16,8.057617702929939e-16,-1.7494027587831342e-15,1.3756720780987184e-15,-1.7645968525365068e-14,-4.807845557943571e-16,-4.693178604200208e-15,-0.08398762720704625,-0.22451559568308913,-0.29667965918592004,-0.05815674712496775,-0.043781028593306806,-0.025843255164108916,-0.1503423976542843,-0.0973581508986225,-0.06045678524317047,-0.3690331231880245,-0.01973845547044007,-0.0007093658548180621,-0.02340906455808578,1.0967783490039586e-14,-0.007828974482089699,9.95984172731019e-15,-8.374831281736008e-15,8.80151267852057e-15,5.69738947156456e-15,-2.881944454673696e-14,1.349386412531898e-14,-3.3347274429842586e-14,-2.323732662078351e-14,-7.0163927994168155e-15,7.978226149501055e-15,-1.7283003617235347e-14,5.162104710007306e-15,5.195602376455182e-15,1.6571175875722538e-15,-0.0,-0.0,-0.0,-0.0,-0.0,-0.0,-0.0,-0.0,-0.0,-0.0,-0.0,-0.0
0.030004719562562576,0.3249231817860463,1.9868877158462174e-14,3.2985242577047825e-14,-6.367482640241622e-15,-1.318803514281721,-0.01798727874077324,0.06364050618983862,-1.5032886675144381,4.8964460949254985e-11,0.005618440554748659,0.0018790425231808427,9.049190581995347e-14,-0.10169420044544614,0.021999715630311705,-0.08219252497504863,-0.24605727766691263,-0.29863398954398496,-0.06775266537339436,-0.02167251742452407,-0.048260204353297025,-0.15293664023650055,-0.10028589712861806,-0.1288386827974937,-0.19494782268607241,-0.1327331957133257,-0.001771654051150552,-7.706589235743638e-17,-5.54300182431445e-16,-2.4857088808400443e-15,-2.4935070511915095e-16,-9.211488638408387e-16,-2.7356555205596538e-15,1.3959163353729502e-15,2.9086079639600034e-15,8.217821911907952e-16,-2.0998794548705055e-15,9.34362264174733e-16,2.79489880855508e-15,-0.06534706547175914,-0.1824823992990144,-0.21281773136228974,-0.046332299052654,-0.024910304770135058,-0.01748441963174064,-0.09214102225358621,-0.05842250673962995,-0.03178131587933098,-0.20893605576259425,-0.006131002776854183,-0.0004485209051823319,-0.04893192630836165,1.6205186509041987e-14,-0.01636489153500143,4.572143256879746e-15,4.0137240938031866e-16,1.3880747503691872e-14,4.984007071103455e-15,-1.4376247974682662e-14,1.422538847392361e-14,-2.7564913046252752e-14,-7.67905147062252e-17,-8.395176095351967e-16,1.3186918630446173e-14,-2.553200399418959e-14,-9.95322447818782e-15,6.625008333338944e-15,2.8633195355958872e-15,-0.0,-0.0,-0.0,-0.0,-0.0,-0.0,-0.0,-0.0,-0.0,-0.0,-0.0,-0.0
0.038790351143489964,0.26970202942972626,1.4079472936426785e-14,-4.6725983782884915e-14,3.905942661772555e-14,-1.1057759858608698,-0.01725554381351124,0.08031690382723992,-1.244761529488273,1.8182396664885546e-11,-0.08668840649638895,-0.02899224446477223,3.1347933311851655e-13,-0.26920688715912044,-0.018824439820817468,0.002877623930801345,0.04669581558817055,0.01963315754840661,-2.4990899724242578e-5,-0.006813567739532056,-0.0003438767510899688,-0.01990256391500831,-0.016643937537144552,-0.03376947789240588,-0.00974208728100153,-1.2280817440064602,-0.0009804777436782776,4.077962466244438e-15,-1.1998448666175567e-14,2.18117614200233e-14,4.7164829551399936e-15,1.3014761366098261e-14,1.3909573035040108e-14,5.524016605266674e-15,1.0446465207374798e-14,-6.125190936793766e-15,3.6342694824019875e-14,-4.627550713103226e-15,6.908625973289079e-15,0.002120632001474151,-0.028461721512470683,-0.004642674463024262,0.0032091545602997646,0.003805461729783882,0.007429149625309054,-3.714815175719783e-5,0.0058761940732235726,0.004898512759160305,-0.056908126514315566,-0.4352273309856379,-2.9753860568940186e-5,0.002766130221308467,3.0091448700012573e-14,0.0009251101368389855,-2.8346841720047696e-14,-1.2671416350940912e-14,-3.0145870397650497e-15,4.311606248352167e-15,-1.0209200132208315e-14,1.7616221269657778e-14,-2.4677254848352545e-14,-4.7035644658366666e-14,-4.383991074845728e-15,-6.927755380798171e-14,-1.0376568391308878e-14,-6.790022746287862e-14,-2.687341727156604e-14,9.666934639033984e-15,-0.0,-0.0,-0.0,-0.0,-0.0,-0.0,-0.0,-0.0,-0.0,-0.0,-0.0,-0.0
0.027491387272947823,0.1690450307564831,-1.1234902786998932e-14,-1.2857036085422836e-13,2.9574701321541846e-15,-0.6862154143903827,-0.009426544039254317,0.0570370006259199,-0.7890752002437663,2.3918523872557767e-11,-0.045793376514824694,-0.015315228649837842,1.4641963431585395e-13,-0.22336540876503547,-0.024656808572927874,0.016581120047500734,0.05153767319322513,0.14516620984711073,0.015835468186211548,-0.00357934624104646,0.015267396721008348,0.026492541919912783,0.010622930978958986,0.026593461414939172,0.04539675864032607,-1.1253074425355343,0.00029100365784815086,-3.937184864377923e-17,-1.1266766207361733e-15,-2.7582892155358487e-16,-2.6252265971442096e-17,2.675113526008136e-16,9.617623171120757e-16,-7.839534085768335e-16,4.387470013591933e-18,-5.938066520330964e-16,-1.125311863928599e-15,-1.4680454908173205e-15,1.8000147567209795e-15,0.019439850366341962,0.0017867715010022732,0.08034939326581604,0.014046867673272095,0.016404338144753523,0.012405994684101397,0.02996345754206466,0.02322537381648406,0.023992934824685598,0.009517551812919309,-0.4118840749134034,0.00027274959244282876,-0.018677551718625944,2.2721013611656743e-14,-0.006246557842188255,-9.489611959290618e-15,5.54789216038231e-15,1.1581037649008191e-14,6.063886663353498e-15,1.202739263361977e-14,1.9841576089618247e-14,2.143152938051321e-14,2.0749977437463068e-15,1.013454173853295e-14,-2.888479265677998e-14,-3.121451912809402e-14,-6.595534251288627e-14,9.969262627303608e-15,-1.4675909660602186e-16,0.0,0.0,0.0,0.0,0.0,0.0,0.0,0.0,0.0,0.0,0.0,0.0
0.042070841172029805,0.07005223868101489,7.015423047255917e-13,6.170233883011279e-13,-4.8285348542246824e-14,-0.31519487468928387,0.029834003883981358,0.07526732005982402,-0.30034252646878556,9.364986347655624e-11,-0.1309869327375579,-0.04380753239305705,1.0449927202973519e-11,-0.861114054196508,0.017140651757766155,-0.033475484943495164,0.07904187524843224,0.0030350551724613243,0.04519801584393802,0.031311140539606916,0.03319563119579078,0.029918617581464513,0.06432022343518201,0.06250872970851652,0.0065265379336080925,0.021261811273342267,-0.7153813747391118,1.4755570796982286e-14,6.352879178341191e-14,-2.6271516676506545e-14,1.3793598868632535e-13,1.7435039226963045e-13,2.397898547438643e-13,3.901650511642767e-14,-2.5451861784222367e-13,4.040317613751288e-14,-6.672638726941946e-13,-2.2232829842508234e-13,6.892337440368544e-14,-0.07529439082364867,-0.067481934162257,-0.18699273004147113,-0.023673462985333654,-0.011271287440765375,-0.014850874647784668,-0.07367916716866683,-0.024636082077487194,-0.015253486560434248,-0.14452123681267448,-0.002181929372511506,-0.2608739245422039,-0.006425728544622672,-1.2064804664401098e-13,-0.0021490335361262574,-2.2626215163913469e-13,-3.5817721611033475e-14,5.87215945117074e-13,6.824895548424527e-13,-5.197250522226115e-13,1.594134085239452e-13,-4.3867880525543595e-13,-2.5115434900207925e-12,-2.573788101710231e-14,-1.2348669780326467e-12,-1.6590720041315433e-12,1.0393428846559274e-12,8.307038259194643e-14,1.1820754104354284e-13,-0.0,-0.0,-0.0,-0.0,-0.0,-0.0,-0.0,-0.0,-0.0,-0.0,-0.0,-0.0
0.03210835802390845,0.13481215475665345,1.5222197152549846e-12,2.581430150986522e-13,3.6359386028946575e-14,-0.5588025497924151,0.00403727955883055,0.06278254177197792,-0.6151008884315823,4.4681799227063914e-11,-0.0656446586102307,-0.021954331233300962,1.0759390705832613e-11,-0.6888428730036427,0.005119260404084547,-0.052706605318099266,0.051596156191184725,-0.06416734628882634,0.042672992786605704,0.012866130397871428,0.013274342316184089,0.0016667076631183336,0.03874813275586775,0.020102955735463262,0.021175151465340946,-0.014156112379630832,-0.7152030802710432,-6.073768564360187e-14,-2.215641575332155e-14,3.748031567292259e-14,-3.4257179382480846e-15,-6.30440052231118e-14,-4.1525233995736264e-14,-4.4905304989987564e-14,-6.295530569135685e-14,-2.4665699692081343e-14,-5.521966909694063e-15,-9.464018461023772e-15,9.660607428875916e-14,-0.058028025243788306,-0.039211414142441,-0.11531568684767744,-0.00497534036655632,-0.002252147589261005,-0.0068699818032281436,-0.0385722845238106,-0.003181910049386635,-0.000670515515158468,-0.07636522339849743,0.006837212699357025,-0.26071374687024074,-0.023326679042047944,-3.914335307873035e-13,-0.007801421305402023,-3.227930141342235e-13,6.268210009039356e-13,1.003403307811181e-12,9.257990472597251e-13,1.0370206898783023e-12,5.385354054255942e-13,1.522870053612412e-12,-6.890601433139633e-13,4.3056664317058304e-13,-5.967667131442626e-13,-2.6971257145155986e-12,1.158984093492527e-12,-4.6084355655200973e-14,1.4028500519965316e-13,0.0,0.0,0.0,0.0,0.0,0.0,0.0,0.0,0.0,0.0,0.0,0.0
-4.4690050310863424e-7,-9.795144537699717e-7,-1.3158955865700867e-14,-4.601771505084878e-15,-8.830940903754492e-15,2.0712092763233134e-7,0.9999997191300758,-4.72414354203723e-7,3.7389099910557596e-6,-2.1250572089990802e-14,-1.2194164222739978e-7,-4.078237488380964e-8,-1.0597594547295656e-15,2.6152231492560004e-6,-1.0153898943352314e-7,-5.142861162550204e-10,6.497686174556024e-8,2.643601739107458e-9,6.30650814995243e-8,4.39572190550505e-8,2.6749493870550412e-8,-1.0848917923617787e-7,2.074648252868181e-7,-2.443975456132206e-7,4.404877383740267e-8,-3.2225253811003954e-7,4.782716533469617e-7,1.2443182677283533e-15,9.776202697130815e-16,-2.9904191712635926e-15,-2.445462246039036e-16,-5.511674523110935e-15,1.424056268649121e-15,3.541674880457544e-15,-4.3002606526534355e-15,2.459398193653118e-17,-6.469599429583843e-15,6.953981484539377e-16,3.953264495831478e-15,5.072418934437442e-7,3.5057279405125695e-8,2.2485062724412542e-6,3.6526067499877825e-7,3.896064533903934e-7,2.3549239593146602e-7,7.798943345783421e-7,6.244041702767202e-7,5.008339530205886e-7,-2.859640891070161e-7,3.745755331931888e-7,6.804786811696687e-9,5.826023341312075e-7,-3.154769899011597e-15,1.9484670559021445e-7,3.6719693334576354e-15,3.9672966671468463e-16,1.165886581891407e-16,8.973386707435172e-17,2.2098900394169857e-16,-3.103810893464044e-15,-4.468296512616707e-16,-2.421684888653885e-15,8.186628933550422e-16,-1.1659558195022543e-15,-6.390979186900117e-17,7.918109067155772e-16,6.685557680478511e-15,-2.2963537165749695e-15,0.0,0.0,0.0,0.0,0.0,0.0,0.0,0.0,0.0,0.0,0.0,0.0
-9.005853196190612e-8,-9.318243463708702e-7,-6.563411949621913e-14,-3.1170898018123086e-14,-3.298225063900751e-14,1.712264249790793e-8,-3.594790609229071e-8,0.9999999548274453,2.5760771119204227e-6,-7.509810420863956e-14,-9.673170420251758e-9,-3.234959646621387e-9,-1.7532267190971143e-13,2.6380425988262164e-6,3.0378718736829555e-7,-1.933109153164804e-10,5.0690321296557e-9,-2.6535040252296724e-10,4.962976793450541e-9,2.693485625993257e-9,2.3896887003469947e-9,-9.86908185065094e-9,2.0477666619760017e-8,-2.1723691819648813e-8,3.437594297105561e-9,-2.9976190403507204e-8,4.417712248802564e-8,3.766847707879707e-16,2.0082518682473746e-15,-1.6404283065922456e-14,-1.4986236697083406e-15,-2.5099615402150786e-15,1.293093150880212e-16,-4.527811603248583e-15,-6.398655982195669e-15,5.591607254277331e-16,-3.756360155487188e-14,-3.622632305729271e-15,5.04688605495929e-15,1.8108472057915216e-7,3.399322615678664e-7,9.270369264799223e-7,1.1061571440776006e-7,1.3324761825496263e-7,1.029368006623639e-7,2.0565215046807724e-7,2.2259984870099997e-7,1.6475698877128648e-7,1.0281116792382444e-7,2.103515880434822e-7,4.4118775736067105e-9,1.7025612481379367e-8,1.7357795462321197e-15,5.694077908550096e-9,3.281021719167573e-15,9.053211747484095e-16,5.670592445037853e-16,-3.5138152681667475e-16,8.721806690609869e-17,4.091393781575956e-15,-2.40457938383697e-15,6.963715414057658e-16,-5.35305088508457e-16,1.1766473389672107e-15,-1.6920827456180277e-15,-3.4730487408292006e-15,2.8429016728297705e-15,2.2389108591628626e-15,0.0,0.0,0.0,0.0,0.0,0.0,0.0,0.0,0.0,0.0,0.0,0.0
0.0,0.0,0.0,0.0,0.0,0.0,0.0,0.0,0.0,0.0,0.0,0.0,0.0,0.0,0.0,0.0,0.0,0.0,0.0,0.0,0.0,0.0,0.0,0.0,0.0,0.0,0.0,0.0,0.0,0.0,0.0,0.0,0.0,0.0,0.0,0.0,0.0,0.0,0.0,1.0,0.0,0.0,0.0,0.0,0.0,0.0,0.0,0.0,0.0,0.0,0.0,0.0,0.0,0.0,0.0,0.0,0.0,0.0,0.0,0.0,0.0,0.0,0.0,0.0,0.0,0.0,0.0,0.0,0.0,0.0,0.0,0.0,0.0,0.0,0.0,0.0,0.0,0.0,0.0,0.0
0.0,0.0,0.0,0.0,0.0,0.0,0.0,0.0,0.0,0.0,0.0,0.0,0.0,0.0,0.0,0.0,0.0,0.0,0.0,0.0,0.0,0.0,0.0,0.0,0.0,0.0,0.0,0.0,0.0,0.0,0.0,0.0,0.0,0.0,0.0,0.0,0.0,0.0,0.0,0.0,1.0,0.0,0.0,0.0,0.0,0.0,0.0,0.0,0.0,0.0,0.0,0.0,0.0,0.0,0.0,0.0,0.0,0.0,0.0,0.0,0.0,0.0,0.0,0.0,0.0,0.0,0.0,0.0,0.0,0.0,0.0,0.0,0.0,0.0,0.0,0.0,0.0,0.0,0.0,0.0
0.0,0.0,0.0,0.0,0.0,0.0,0.0,0.0,0.0,0.0,0.0,0.0,0.0,0.0,0.0,0.0,0.0,0.0,0.0,0.0,0.0,0.0,0.0,0.0,0.0,0.0,0.0,0.0,0.0,0.0,0.0,0.0,0.0,0.0,0.0,0.0,0.0,0.0,0.0,0.0,0.0,1.0,0.0,0.0,0.0,0.0,0.0,0.0,0.0,0.0,0.0,0.0,0.0,0.0,0.0,0.0,0.0,0.0,0.0,0.0,0.0,0.0,0.0,0.0,0.0,0.0,0.0,0.0,0.0,0.0,0.0,0.0,0.0,0.0,0.0,0.0,0.0,0.0,0.0,0.0
0.0,0.0,0.0,0.0,0.0,0.0,0.0,0.0,0.0,0.0,0.0,0.0,0.0,0.0,0.0,0.0,0.0,0.0,0.0,0.0,0.0,0.0,0.0,0.0,0.0,0.0,0.0,0.0,0.0,0.0,0.0,0.0,0.0,0.0,0.0,0.0,0.0,0.0,0.0,0.0,0.0,0.0,1.0,0.0,0.0,0.0,0.0,0.0,0.0,0.0,0.0,0.0,0.0,0.0,0.0,0.0,0.0,0.0,0.0,0.0,0.0,0.0,0.0,0.0,0.0,0.0,0.0,0.0,0.0,0.0,0.0,0.0,0.0,0.0,0.0,0.0,0.0,0.0,0.0,0.0
0.0,0.0,0.0,0.0,0.0,0.0,0.0,0.0,0.0,0.0,0.0,0.0,0.0,5.518685274478011e-19,1.2349342773578176e-19,0.0,0.0,0.0,0.0,0.0,0.0,0.0,0.0,0.0,0.0,0.0,0.0,0.0,0.0,0.0,0.0,0.0,0.0,0.0,0.0,0.0,0.0,0.0,0.0,0.0,0.0,0.0,0.0,0.9999999999999999,-2.1710323920782322e-19,-8.751785263169588e-19,-4.417094096617375e-19,-4.431234952097158e-19,-8.87185449009397e-19,-4.404464394862463e-19,-6.886525255284547e-21,0.0,0.0,0.0,0.0,0.0,0.0,0.0,0.0,0.0,0.0,0.0,0.0,0.0,0.0,0.0,0.0,0.0,0.0,0.0,0.0,0.0,0.0,0.0,0.0,0.0,0.0,0.0,0.0,0.0
0.0,0.0,0.0,0.0,0.0,0.0,0.0,0.0,0.0,0.0,0.0,0.0,0.0,0.0,0.0,0.0,0.0,0.0,0.0,0.0,0.0,0.0,0.0,0.0,0.0,0.0,0.0,0.0,0.0,0.0,0.0,0.0,0.0,0.0,0.0,0.0,0.0,0.0,0.0,0.0,0.0,0.0,0.0,0.0,1.0,0.0,0.0,0.0,0.0,0.0,0.0,0.0,0.0,0.0,0.0,0.0,0.0,0.0,0.0,0.0,0.0,0.0,0.0,0.0,0.0,0.0,0.0,0.0,0.0,0.0,0.0,0.0,0.0,0.0,0.0,0.0,0.0,0.0,0.0,0.0
0.0,0.0,0.0,0.0,0.0,0.0,0.0,0.0,0.0,0.0,0.0,0.0,0.0,-2.9260113125832603e-19,5.1339801843749376e-20,0.0,0.0,0.0,0.0,0.0,0.0,0.0,0.0,0.0,0.0,0.0,0.0,0.0,0.0,0.0,0.0,0.0,0.0,0.0,0.0,0.0,0.0,0.0,0.0,0.0,0.0,0.0,0.0,0.0,0.0,0.9999999999999999,-8.705748059454588e-19,-8.740868602916442e-19,-1.774370898018794e-18,-8.808928789724925e-19,-1.3773050510569093e-20,0.0,0.0,0.0,0.0,0.0,0.0,0.0,0.0,0.0,0.0,0.0,0.0,0.0,0.0,0.0,0.0,0.0,0.0,0.0,0.0,0.0,0.0,0.0,0.0,0.0,0.0,0.0,0.0,0.0
0.0,0.0,0.0,0.0,0.0,0.0,0.0,0.0,0.0,0.0,0.0,0.0,0.0,0.0,0.0,0.0,0.0,0.0,0.0,0.0,0.0,0.0,0.0,0.0,0.0,0.0,0.0,0.0,0.0,0.0,0.0,0.0,0.0,0.0,0.0,0.0,0.0,0.0,0.0,0.0,0.0,0.0,0.0,0.0,0.0,0.0,1.0,0.0,0.0,0.0,0.0,0.0,0.0,0.0,0.0,0.0,0.0,0.0,0.0,0.0,0.0,0.0,0.0,0.0,0.0,0.0,0.0,0.0,0.0,0.0,0.0,0.0,0.0,0.0,0.0,0.0,0.0,0.0,0.0,0.0
0.0,0.0,0.0,0.0,0.0,0.0,0.0,0.0,0.0,0.0,0.0,0.0,0.0,1.100324371706027e-18,2.464248979161675e-19,0.0,0.0,0.0,0.0,0.0,0.0,0.0,0.0,0.0,0.0,0.0,0.0,0.0,0.0,0.0,0.0,0.0,0.0,0.0,0.0,0.0,0.0,0.0,0.0,0.0,0.0,0.0,0.0,0.0,0.0,0.0,0.0,0.9999999999999999,-1.774370898018794e-18,-4.461256495079095e-19,-6.977623195888429e-21,0.0,0.0,0.0,0.0,0.0,0.0,0.0,0.0,0.0,0.0,0.0,0.0,0.0,0.0,0.0,0.0,0.0,0.0,0.0,0.0,0.0,0.0,0.0,0.0,0.0,0.0,0.0,0.0,0.0
0.0,0.0,0.0,0.0,0.0,0.0,0.0,0.0,0.0,0.0,0.0,0.0,0.0,0.0,0.0,0.0,0.0,0.0,0.0,0.0,0.0,0.0,0.0,0.0,0.0,0.0,0.0,0.0,0.0,0.0,0.0,0.0,0.0,0.0,0.0,0.0,0.0,0.0,0.0,0.0,0.0,0.0,0.0,0.0,0.0,0.0,0.0,0.0,1.0,0.0,0.0,0.0,0.0,0.0,0.0,0.0,0.0,0.0,0.0,0.0,0.0,0.0,0.0,0.0,0.0,0.0,0.0,0.0,0.0,0.0,0.0,0.0,0.0,0.0,0.0,0.0,0.0,0.0,0.0,0.0
0.0,0.0,0.0,0.0,0.0,0.0,0.0,0.0,0.0,0.0,0.0,0.0,0.0,0.0,0.0,0.0,0.0,0.0,0.0,0.0,0.0,0.0,0.0,0.0,0.0,0.0,0.0,0.0,0.0,0.0,0.0,0.0,0.0,0.0,0.0,0.0,0.0,0.0,0.0,0.0,0.0,0.0,0.0,0.0,0.0,0.0,0.0,0.0,0.0,1.0,0.0,0.0,0.0,0.0,0.0,0.0,0.0,0.0,0.0,0.0,0.0,0.0,0.0,0.0,0.0,0.0,0.0,0.0,0.0,0.0,0.0,0.0,0.0,0.0,0.0,0.0,0.0,0.0,0.0,0.0
0.0,0.0,0.0,0.0,0.0,0.0,0.0,0.0,0.0,0.0,0.0,0.0,0.0,-8.727113663462052e-21,1.494680940342976e-21,0.0,0.0,0.0,0.0,0.0,0.0,0.0,0.0,0.0,0.0,0.0,0.0,0.0,0.0,0.0,0.0,0.0,0.0,0.0,0.0,0.0,0.0,0.0,0.0,0.0,0.0,0.0,0.0,0.0,0.0,0.0,0.0,0.0,0.0,0.0,0.9999999999999999,0.0,0.0,0.0,0.0,0.0,0.0,0.0,0.0,0.0,0.0,0.0,0.0,0.0,0.0,0.0,0.0,0.0,0.0,0.0,0.0,0.0,0.0,0.0,0.0,0.0,0.0,0.0,0.0,0.0
