c1,c2,c3,c4,c5,c6,c7,c8,c9,c10,c11,c12,c13,c14,c15,c16,c17,c18
-0.0,-0.0,-0.0,-0.0,-8.856957426435067e-8,-2.2257453006995162e-7,-4.2190900340808526e-7,1.3517373931195756e-6,1.6144978507765412e-7,1.0341720737738497e-6,2.0246872488003432e-7,5.4980189838819193e-8,4.787865816611486e-7,2.7731569483926663e-6,3.2213743120743087e-6,-5.696093846074778e-8,1.4760707468410356e-9,-0.0
0.0,0.0,0.0,0.0,-6.831027884716904e-10,-1.3657020560307802e-8,-1.0603280100315894e-8,7.102243781495276e-8,3.8864032839372535e-10,-6.401084605632112e-9,-3.968161267272601e-9,4.90791190357016e-10,4.249293532667868e-9,3.449061578933371e-9,-2.579523172813606e-8,-7.575651112216876e-10,-1.7153123610121366e-10,0.0
-0.0,-0.0,-0.0,-0.0,-0.0,-0.0,-0.0,-0.0,-0.0,-0.0,-0.0,-0.0,-0.0,-0.0,-0.0,-0.0,-0.0,-0.0
-0.0,-0.0,-0.0,-0.0,3.3564902858404322e-18,-1.2037090477270165e-17,-2.6075864849150426e-17,-1.3027853761819672e-16,-7.260085558930297e-18,-1.6830122097676825e-17,-1.3015556851862325e-17,-5.646048300431521e-19,-5.4364549216009224e-18,-1.0826852343109104e-17,-4.792723565247215e-17,-1.2316369400340063e-19,-2.9513456279964913e-19,-0.0
-0.0,-0.0,-0.0,-0.0,-0.0002488127986192869,-0.00021560595182515608,-0.0010991553217287247,0.0050456384938059986,0.00017946947565490815,0.0003649839467663885,-0.00010014903628247845,2.42534931087795e-5,8.533791919117839e-5,0.0028605187934469052,-0.0026704607151897338,8.253760277226224e-5,-8.287804473996458e-5,-0.0
-0.0,-0.0,-0.0,-0.0,-0.001156953565777668,0.0016312697757552353,0.004427353131722376,0.022457103138055205,0.0020671899265674934,0.008532402439017284,0.0041957602062156875,0.00020316944107372546,0.0024090926897611803,0.00964438327758199,0.012328854807474907,0.00027731419125744025,0.00024330029981784086,-0.0
-0.0,-0.0,-0.0,-0.0,-0.00036097524685806424,0.0006097264186949919,0.0011293391511162014,0.009978573436866383,0.0006240621865130374,0.0026989298610844543,0.0014537650989370373,7.59284839004753e-5,0.0008464298237905631,0.004158114016491639,0.0038574341855819923,0.00011388052479081803,2.1793903500567252e-5,-0.0
-0.0,-0.0,-0.0,-0.0,-0.00038334663849350585,0.0006562654323174273,0.0012814590227377223,0.009314578512952452,0.0008539577664097398,0.003439263903908143,0.0019308280280410255,8.816583949921887e-5,0.001126796363758946,0.005306678615710282,0.00484428277904475,0.0001638765561212595,2.9947319564647588e-5,-0.0
-0.0,-0.0,-0.0,-0.0,-0.00014076872217928395,0.0004033573272911277,0.0005244798725226579,0.00628344837768275,0.0006482628407627395,-0.0005016090686266094,-0.0002359193222406976,-5.843913017578077e-6,-0.00012645480913428038,-0.0009055103506563832,9.82244619890413e-5,-2.9082785275468282e-5,-4.238710278326785e-6,-0.0
-0.0,-0.0,-0.0,-0.0,-0.00024257762650767414,0.000252908155136649,0.0007569795211533454,0.003031123279433969,0.0002056951742923801,0.003940869329656826,0.002166748418900694,9.400975581907572e-5,0.0012532518178109769,0.006212188552734323,0.004746054165858969,0.00019295918907218007,3.418600666365499e-5,-0.0
-0.0,-0.0,-0.0,-0.0,-0.0003701324931006975,-0.004298204017470911,-0.008314120759445315,-0.026832940261408162,-0.0013845036857121657,-0.0017430193530108625,-0.0060351212733041485,2.6202559590270105e-5,0.00028536016756253467,-0.011022580908513543,0.015129520552536564,-3.988975708581876e-5,-0.0002419356854116312,-0.0
-0.0,-0.0,-0.0,-0.0,-0.00013110885698476506,0.0003497311457748336,0.00044378246750660395,0.006470178758457591,0.00039366068147668226,-0.0005251908090707539,-0.0002490450566749274,-6.790135998704061e-6,-0.00014008544406727302,-0.0009325351699326482,-1.3960624770499245e-5,-2.9645999762179705e-5,-4.781761816714009e-6,-0.0
-0.0,-0.0,-0.0,-0.0,-0.00025388358837184755,0.00024890742050169996,0.0007471455393631884,0.0030263695310098165,0.0002046771494931962,0.004009744811682965,0.00211234564978947,0.00010160527007090871,0.0012229816704827133,0.00635068502478876,0.004697673004090702,0.00017968950233482334,3.313765042650662e-5,-0.0
-0.0,-0.0,-0.0,-0.0,-0.00012758873482539626,-0.00013429870227040197,0.00030755648987984205,-0.004233913723313598,-0.00023483258752322127,0.005059519000544431,0.0026329765769189484,0.00012056261855680876,0.0015195966208880099,0.008131472520404772,0.005222327437200617,0.00023389940648808625,4.2330462548294334e-5,-0.0
0.0,0.0,0.0,0.0,0.00012063024886377665,0.00012687189812480033,-0.00029077034388500926,0.004000587627261692,0.0002218851933777777,-0.004782005782676707,-0.002488551713546446,-0.00011395033659791381,-0.0014362456419861887,-0.007685426416807738,-0.004936005667440148,-0.0002210691158108355,-4.00092229450269e-5,0.0
-0.0,-0.0,-0.0,-0.0,0.0004394826076210768,-0.0016008838933392947,-0.003910125834221052,-0.01462171134474733,-0.001098208997833008,-0.005304825583659002,-0.0032581074970029836,-0.0001303540141681551,-0.0017030146849860467,-0.0050696204151296454,-0.011892252668554221,-0.0001331805436063856,-0.00015872848174930192,-0.0
0.0,0.0,0.0,0.0,7.688989592955612e-5,-0.0005906073133389008,-0.0011259903109684922,-0.009711815423896963,-0.0006808514670255045,-0.0033496578940316354,-0.0017581948619670603,-9.018662252853231e-5,-0.0010610126130700614,-0.005441982239637736,-0.004597814745613768,-0.00015491523945305988,-3.3226346137898695e-5,0.0
0.0,0.0,0.0,0.0,-3.3433849460872564e-5,-0.0007067124723631582,-0.0008600541107105806,-0.013372338460167117,-0.0008838784269028203,0.001024897213781317,0.0005183320340460749,1.4054389955089859e-5,0.000252863050375848,0.001588646699735694,-8.246610701546746e-5,4.7318205370131515e-5,3.3734861040390456e-6,0.0
0.0,0.0,0.0,0.0,0.00022318589876802643,-0.00043675947654820535,-0.0014786210648786346,-0.0048604788222534724,-0.0004117817244467861,-0.009148810619322335,-0.004776066807203357,-0.0002283745678943926,-0.0028027510575930406,-0.014762113254460701,-0.010583746902432136,-0.0004230060475181446,-8.174573171382649e-5,0.0
0.0,0.0,0.0,0.0,4.997751678927739e-5,-0.000383895177474625,-0.0007318937281805082,-0.006312623598401282,-0.0004425491238436869,-0.0021772733416414065,-0.0011428209660761168,-5.8620856937349535e-5,-0.0006896562959747703,-0.0035372816825049967,-0.0029885738447650422,-0.00010069485881571063,-2.1597086516664198e-5,0.0
0.0,0.0,0.0,0.0,1.7787164650125385e-19,-3.4381441414798197e-18,-2.310738917394278e-18,-2.0128531903600758e-17,-1.027046388512142e-18,5.10179617779437e-18,4.879347089424566e-19,-1.0101676395172534e-19,1.8283438107961903e-18,-1.520409442039799e-18,3.496170320733196e-18,1.829098763598495e-19,4.8682860751476845e-21,0.0
0.0,0.0,0.0,0.0,-2.479857266520651e-19,7.483102828999128e-19,-1.0235237454700376e-18,-2.825211763316275e-17,7.084634793016922e-19,1.230612919859801e-17,-1.1768867919990327e-19,8.858585290658498e-20,5.2360984878283756e-18,4.654848394730048e-18,-1.3332493679341456e-17,1.2355858668070016e-19,-1.4437142848923278e-19,0.0
-0.0,-0.0,-0.0,-0.0,-1.2935507379073043e-9,2.4078401498769653e-10,4.698417908380705e-10,3.468492450595441e-8,1.864566687115843e-9,1.1565810368712108e-8,1.5688568233602107e-9,2.443637263029355e-10,1.98257259155388e-9,7.134275689967434e-9,1.1888631375690043e-8,5.550979522807906e-10,7.227110147880698e-11,-0.0
-0.0,-0.0,-0.0,-0.0,-0.0015264604605345438,-0.0026653975763433805,-0.00387846197894616,-0.004402452588487822,0.0006791565647328254,0.006798404053321546,-0.0018373727673239495,0.0002293682433965601,0.002697104967690233,-0.001362258003656909,0.02747868829947398,0.0002374524076502471,1.4184201598013057e-6,-0.0
0.0,0.0,0.0,0.0,-0.0005168755984381591,0.0005987816389313802,0.0011381786212840063,0.009445345217340728,0.0006159654591186682,0.003021053028813658,0.0016072540693286906,8.151519896382695e-5,0.0009557206172966695,0.004639487838733939,0.004476647544188234,0.00012863910198700277,3.1962811670993156e-5,0.0
0.0,0.0,0.0,0.0,-1.1158253688959056e-6,-3.3419080126641416e-6,-6.6905000671579616e-6,-5.956293962697779e-5,-3.3138418867440537e-6,-5.243275829408907e-7,-1.134213594898306e-6,-1.1486830112517722e-7,2.786046808937932e-7,1.9722333076160248e-6,2.1941420318377143e-6,1.3813161164251234e-7,2.0818492732944386e-7,0.0
-0.0,-0.0,-0.0,-0.0,-3.390729350440926e-9,3.928037006928579e-9,7.466507741623042e-9,6.196192924023072e-8,4.040763709194826e-9,1.9818256477484107e-8,1.054366575504832e-8,5.347437148056849e-10,6.269574260912719e-9,3.0435268436856436e-8,2.9367028083060564e-8,8.43878836744027e-10,2.0967761682059376e-10,-0.0
0.0,0.0,0.0,0.0,-0.0009642477819390658,0.0006155134601828169,0.0011666314204763193,0.009313877406698578,0.0005598844390495507,0.0027356262754272224,0.0014792845586714429,7.400884782650059e-5,0.0008640869896056632,0.003903294966060957,0.004419459706343062,0.00010420144764663002,3.115607362711332e-5,0.0
-0.0,-0.0,-0.0,-0.0,-7.823462019724878e-5,-0.0027727247242177564,-0.005533608983181664,-0.04787133768550996,-0.0027732631624446708,-0.003525594139677147,-0.0024258010637684072,-0.0001586727157903949,-0.0008270619937509669,-0.003539005096293684,-0.0034123946059003967,-4.4035926781621676e-5,9.732697376309961e-5,-0.0
-0.0,-0.0,-0.0,-0.0,-6.128515249355115e-10,7.09966267983983e-10,1.3495210595526188e-9,1.1199201956832373e-8,7.30340864903113e-10,3.5820165753863816e-9,1.905696682518392e-9,9.665132974459749e-11,1.1331833812091046e-9,5.50097006340897e-9,5.3078927780557975e-9,1.525254249420309e-10,3.7897818177829964e-11,-0.0
-0.0,-0.0,-0.0,-0.0,-0.0005168755985077024,0.000598781638998961,0.0011381786214123548,0.009445345218396323,0.000615965459186345,0.0030210530291463634,0.0016072540695062434,8.151519897280248e-5,0.0009557206174019187,0.004639487839237543,0.004476647544690689,0.00012863910200086996,3.196281167458334e-5,-0.0
-0.0,-0.0,-0.0,-0.0,1.782934110758127e-5,0.0014008666504709871,0.0027934411454397395,0.02414980045329652,0.0014018324638754012,0.001873093531067011,0.0012696287929747176,8.208701290536383e-5,0.0004494462391078409,0.0019455391148893127,0.0018760637020047166,2.709080137561734e-5,-4.70189886703357e-5,-0.0
-0.0,-0.0,-0.0,-0.0,0.00015447655579190552,-0.000443618537210281,-0.003483980235652907,0.001523725194046538,-0.0009307290792312484,-0.004456719676156349,-0.0013110775524791682,-3.169879887643986e-5,-0.000701969818195893,-0.0003489150261896488,-0.0051348203192237004,1.8775596283977353e-5,-0.0003369910972455628,-0.0
-0.0,-0.0,-0.0,-0.0,-0.0004961445758088584,0.0007112599551580456,0.002713886457867536,0.006824830412636565,0.0009763230663957001,0.004732697174057448,0.001971218331033614,8.202949706654761e-5,0.001132105588431724,0.0039182488557738746,0.006255269991092459,9.396882840131784e-5,0.0001995504213310962,-0.0
-0.0,-0.0,-0.0,-0.0,-1.5153987937862854e-9,1.7555345554431446e-9,3.336962544743789e-9,2.7692281818981996e-8,1.80591484048176e-9,8.857257206343137e-9,4.712218736662228e-9,2.389898738986118e-10,2.8020240778921633e-9,1.3602256128821924e-8,1.3124833705129646e-8,3.7714982220457e-10,9.370998729694488e-11,-0.0
0.0,0.0,0.0,0.0,-0.002141518927058758,-0.003669147756018224,-0.009350536932063074,-0.05533159859230367,-0.004075903023841392,-0.009645336268746899,-0.00483654993750368,-0.0002540173364537644,-0.002188958979988629,-0.007710143296344335,-0.011226342439593105,-0.00013605348275234945,-0.0001975654937643303,0.0
0.0,0.0,0.0,0.0,0.0,0.0,0.0,0.0,0.0,0.0,0.0,0.0,0.0,0.0,0.0,0.0,0.0,0.0
-0.0,-0.0,-0.0,-0.0,-0.0003431460366917155,0.002010593250096886,0.003922780674499059,0.034128376429607615,0.0020258947996521976,0.004572024070394384,0.0027233943554888177,0.00015801551712313553,0.001295876332275978,0.006103654455428515,0.005733498971614415,0.00014097136266645645,-2.5225076591212495e-5,-0.0
0.0,0.0,0.0,0.0,-0.0018731617632392064,-0.003883926011842845,-0.009773583654907103,-0.05853354173614428,-0.004298585141966078,-0.010919545139857949,-0.005505438280642545,-0.00028682661800048397,-0.0025957501687767248,-0.00966040218511748,-0.013185050146895314,-0.0001908403678249738,-0.00021443896201956805,0.0
-0.0,-0.0,-0.0,-0.0,3.577238001738338e-12,-4.117951148965339e-12,-7.827276040935834e-12,-6.493663217202562e-11,-4.232413695177643e-12,-2.0759787962842137e-11,-1.1045680050549829e-11,-5.601451536924114e-13,-6.56742420772506e-12,-3.1866416365167904e-11,-3.0781233647363564e-11,-8.833664357392829e-13,-2.1978033905774964e-13,-0.0
-0.0,-0.0,-0.0,-0.0,5.255444796000274e-6,-4.21575495454487e-6,-8.301117797436103e-6,-6.295539550070056e-5,-4.368621863577009e-6,-2.4988231429072743e-5,-1.310929863139094e-5,-6.366524735576949e-7,-7.976760153656407e-6,-3.8252376253818174e-5,-3.837119455058653e-5,-1.0748143364954177e-6,-3.30614915497319e-7,-0.0
-0.0,-0.0,-0.0,-0.0,0.0002631017146978168,-0.0002105624958898871,-0.0004147455955801613,-0.0031389876698067823,-0.0002183134911424594,-0.001249220614576262,-0.0006557790311494837,-3.217262839575476e-5,-0.00039881442069225343,-0.0019120064739825927,-0.0019203364755268368,-5.371206966786282e-5,-1.6542853073940632e-5,-0.0
0.0,0.0,0.0,0.0,0.02,0.0,0.0,0.0,0.0,0.0,0.0,0.0,0.0,0.0,0.0,0.0,0.0,0.0
-0.0,-0.0,-0.0,-0.0,0.00941218233582851,0.0005987781605593353,0.0011381720095102006,0.009445290348538953,0.000615961880922544,0.0030210354792585743,0.0016072447326530772,8.151472543507133e-5,0.0009557150654339686,0.004639460887545464,0.004476621538969689,0.00012863835471117274,3.196262599636178e-5,-0.0
-0.0,-0.0,-0.0,-0.0,-0.001525523671266144,-0.0006295002934144643,-0.0016317478520492211,-0.010154562172721891,-0.00046692628056827195,-0.0012522818265944457,-0.0007374449716452178,-6.893886036057958e-5,-0.0001912717266768043,-0.0010076360234709772,-0.0014646061002393557,-1.98460606747706e-5,-2.8881513674671707e-5,-0.0
-0.0,-0.0,-0.0,-0.0,-0.0006159749083664091,-0.0030396710343593264,-0.007718833885776949,-0.04517740824689631,-0.0036090009914903393,-0.008393173369519207,-0.00409916823733775,-0.00018508168503651308,-0.001997724876397316,-0.006702689911862582,-0.009761912567939863,-0.00011621248610972911,-0.0001686852383439586,-0.0
-0.0,-0.0,-0.0,-0.0,0.00022766196746310777,-0.006782728598748306,0.0002044990105587498,0.002134115046325123,0.00033516948859272153,0.0021231079438239456,0.0010466563974384179,3.679963258453943e-5,0.0005498661907106887,0.0037893928811669596,-0.0013496311548459674,0.000116045674136413,4.079723180428769e-6,-0.0
0.0,0.0,0.0,0.0,0.00034090296902125774,0.00026503722881905916,-0.03581397239486639,0.003341905999212776,-0.0005584515230349194,0.0020523673831559855,0.0007773685644731251,2.178978221119096e-5,0.0004882829786388383,0.003825143106921307,-0.003790224618406725,0.00012045615272250085,-4.495497276892926e-7,0.0
-0.0,-0.0,-0.0,-0.0,0.0004940272703781365,-0.00011134607017730608,-0.0007777608347615132,-0.02049791702953508,0.00026454571858501623,0.002290369956923156,0.0011512128323709224,4.430044251363092e-5,0.0006649231239564544,0.0038927905064350026,0.0012518004643252898,0.00011704291468693556,1.3010562352315541e-5,-0.0
0.0,0.0,0.0,0.0,0.00019368390629506219,0.0003720760839501491,-0.003343786367342135,0.00624100827751503,-0.011850634742261114,0.0023282650094504746,0.001206296560267127,4.5785114333305914e-5,0.0004421789669941869,0.004052723962681568,3.3810782512829155e-5,0.00012237279597287606,8.884867622931748e-6,0.0
0.0,0.0,0.0,0.0,8.394142188480296e-5,0.00010316192400867468,-0.0004716844067307322,-0.0015597575167911066,0.000291517618266128,-0.04546729208254248,0.000762352157419057,3.4882936045171565e-5,0.00040085708179372784,0.0038358436398770943,-0.0014975921774397299,0.00011937473179486867,-1.4566121723240571e-5,0.0
-0.0,-0.0,-0.0,-0.0,7.704719980840457e-5,0.00017538843030605222,2.2373677872842142e-5,0.0038766585087318325,0.0002698595493976686,0.0009178377287131112,-0.024491848830616465,-4.994420168337274e-6,0.0002778892031650064,0.0021264176905086353,-0.0025886390967090225,0.00011369338623106675,-1.3086344604654331e-5,-0.0
-0.0,-0.0,-0.0,-0.0,0.0009017825997448691,0.00022309850003944857,3.721296306873176e-5,0.0038338062329551,0.00029947008181521696,0.0015447650422498605,0.0006523387285330895,-0.0006537326583699567,0.0003870155367079868,0.0031820137553451775,-0.002368967973607605,0.00011597714962036248,-1.267873856233061e-5,-0.0
-0.0,-0.0,-0.0,-0.0,-0.00017779090496772285,0.00018504217173655025,-7.41363510277407e-5,0.006471389412197574,0.00034306795987753717,0.0009761441655767029,0.0007705055209867518,1.6249730133401763e-5,-0.011813228386524745,0.0025896388980445433,-0.0053578760105206305,0.0001156274874686633,-2.7690699571955087e-5,-0.0
0.0,0.0,0.0,0.0,5.48607519091605e-6,0.00015312599416488396,-0.00039672604158833935,0.002122580986357253,1.0602193285498048e-5,-0.024628875772676667,0.0008364640799912574,3.347389411851802e-5,-0.0006936271803048774,-0.04343577266381249,-0.00391726502537423,0.0001252182298232962,-1.9668215587507324e-5,0.0
-0.0,-0.0,-0.0,-0.0,-7.249813753160792e-5,9.200821400938296e-5,-0.00031314321824621683,0.005127357075761198,0.00028709002521884924,0.0007184675115804611,0.0004812954319479754,9.570741577056022e-6,6.950097154628565e-5,0.002363001462147721,-0.036744348988089065,0.00010955729028482855,-3.7065024336895114e-5,-0.0
0.0,0.0,0.0,0.0,-0.0001281553619633816,-4.837485934627567e-5,-0.0006943914570790177,0.0033620510288139686,0.00018956214927433025,0.0005868903538774151,0.0003495088467901556,2.7590729856425417e-5,0.00024767190803162703,0.002511936863500871,-0.0029028039165641694,-0.0010459679635044551,-5.414708480514887e-5,0.0
-0.0,-0.0,-0.0,-0.0,-0.0001436484686176256,-3.301493449413238e-5,-0.0007586327531048066,0.004941297199708921,-8.171448114958831e-5,0.0008123405593726048,0.00025495482508759113,1.7156053082748944e-5,0.00013841685219188925,0.0029871137612282753,-0.0034318370506344594,0.00010327921612655926,-0.0038309184106798014,-0.0
-0.0,-0.0,-0.0,-0.0,0.00019908052708039506,-0.007734471001215085,0.0003740675676448264,0.003607332047259289,0.0004608533476219136,0.002811935908974727,0.0014006048774934867,5.229080703050544e-5,0.0007493804979891608,0.004927141618196503,-0.0010080979172112877,0.00014925040732909848,8.59036628605929e-6,-0.0
-0.0,-0.0,-0.0,-0.0,0.00034201195638250783,0.00026713126642552177,-0.035995925682824996,0.003370643244796964,-0.000560552292779052,0.002066593891015669,0.000783327054406306,2.2001689078740447e-5,0.0004919593708378769,0.003850437990406214,-0.0038041181067309682,0.00012123120834908502,-4.125027139209387e-7,-0.0
-0.0,-0.0,-0.0,-0.0,-0.00019561141279834056,0.0006175774824301172,0.0006937588130486678,-0.006153775754385541,0.0009568234475533415,0.005534933189865063,0.002887598562409129,0.00013450373327540072,0.0017004088255073329,0.008818518603706055,0.006384928747810975,0.0002522356273648689,4.904211982904256e-5,-0.0
0.0,0.0,0.0,0.0,0.0001936830850128158,0.0003720772974810046,-0.003343785840823629,0.006241027583456944,-0.011850638869751738,0.002328271330313501,0.0012062999088490146,4.5785277398474426e-5,0.00044218083726050645,0.004052733879434648,3.381864763515064e-5,0.00012237307533041527,8.884927577398603e-6,0.0
-0.0,-0.0,-0.0,-0.0,8.394142188451528e-5,0.00010316192400899948,-0.00047168440673008727,-0.0015597575167858406,0.0002915176182664541,-0.04546729208253881,0.0007623521574199104,3.4882936045214927e-5,0.000400857081794236,0.0038358436398794786,-0.0014975921774371655,0.0001193747317949332,-1.4566121723222402e-5,-0.0
0.0,0.0,0.0,0.0,7.601715411005806e-5,0.00018028320754132584,2.7327801957450254e-5,0.003969395763479208,0.00027614573652456735,0.000942994298327426,-0.024827854922244298,-4.7318782650137285e-6,0.00028567312995510637,0.0021750778482747517,-0.0026065910249067677,0.00011580813718167169,-1.3139043469541894e-5,0.0
-0.0,-0.0,-0.0,-0.0,0.0009770001490995224,0.0003154934667002338,0.00015805618024300914,0.005335819035655795,0.00040442499441748565,0.0020702859571723837,0.0009079216137615129,-0.0007380311626598759,0.0005388674244257354,0.004103726996605744,-0.0022498701976626564,0.00014546312386861304,-1.1228605485845798e-5,-0.0
0.0,0.0,0.0,0.0,-0.00017779036767377783,0.0001850415493009971,-7.4137534168283e-5,0.0064713795937289655,0.00034306731957934027,0.0009761410251817908,0.0007705038502406667,1.6249645398075003e-5,-0.011813229379999261,0.0025896340752811116,-0.005357880664010783,0.00011562735374787588,-2.7690732797405768e-5,0.0
-0.0,-0.0,-0.0,-0.0,5.48709575197777e-6,0.00015312481188189858,-0.00039672828890043385,0.00212256233670234,1.0600977073385713e-5,-0.02462888173768866,0.0008364609064985966,3.34737331683043e-5,-0.0006936290673571033,-0.043435781824393324,-0.003917273864429857,0.00012521797582783006,-1.9668278697472525e-5,-0.0
0.0,0.0,0.0,0.0,-7.63126869918392e-5,9.656094891415015e-5,-0.0003126245086489341,0.005260449736488314,0.00029498129410978886,0.0007456758590288334,0.000497421992533658,1.0141273797166668e-5,7.547818535114036e-5,0.0024257832168116276,-0.037334283858532415,0.00011203213243020825,-3.7521721391137997e-5,0.0
-0.0,-0.0,-0.0,-0.0,-0.0001281856000129748,-4.837042233992495e-5,-0.0006944766544938577,0.0033627621487335095,0.00018960390965013174,0.0005870418878495921,0.0003495952585063561,2.759664557563514e-5,0.00024772948350115163,0.002512419903169007,-0.0029031656895556887,-0.001046127959850034,-5.4154862189614974e-5,-0.0
-0.0,-0.0,-0.0,-0.0,-0.0001436484554366903,-3.30149497637574e-5,-0.0007586327821296437,0.004941296958841389,-8.171449685741826e-5,0.0008123404823322028,0.00025495478410073367,1.715605100401583e-5,0.00013841682781989644,0.0029871136429157914,-0.0034318371647939876,0.0001032792128461074,-0.003830918411494689,-0.0
0.0,0.0,0.0,0.0,4.145191416964937e-5,-0.001065202770920157,0.00011089392701313976,-0.001691058369103159,1.118006625453609e-5,4.649259635498946e-6,3.717567470119289e-5,1.323484761110676e-6,3.720714024265703e-5,4.215658032966715e-5,0.00010050526411542056,2.2861646661399855e-6,1.6651015024218903e-6,0.0
0.0,0.0,0.0,0.0,2.9807330943939168e-5,1.766648661060545e-5,-0.0025949076379793716,-0.0007778062817810348,-0.00014902576647856357,-6.357983887827421e-6,1.9405260748826337e-5,1.0175046775108218e-6,3.125346650744192e-5,2.2859837129856685e-5,9.430467675623423e-5,1.7406283407202755e-6,1.3993804377156916e-7,0.0
0.0,0.0,0.0,0.0,0.0001563792295232484,-0.0002155972044039858,-0.0002596544214109184,-0.010063735565789734,-5.793801127434076e-6,-0.00016523424472181112,6.535230452126504e-5,3.60031355026696e-6,0.00015660303553455645,3.263584244008631e-5,0.0012179369773961354,6.07685780961278e-6,9.096090016931084e-6,0.0
0.0,0.0,0.0,0.0,1.537511309842922e-5,1.782227921762011e-5,-0.0002776590103406265,-0.00010104285667580595,-0.0007452907162395929,7.809541550659421e-5,3.9521514871854986e-5,1.7504105627713696e-6,2.541281669527176e-5,1.7919922861577785e-5,0.0002558965377914803,1.972595393743116e-6,5.285073485410637e-7,0.0
0.0,0.0,0.0,0.0,8.082794474890391e-6,3.6874868755083686e-5,5.640068176312839e-5,-0.00027389069283065076,1.735343123180899e-5,-0.004782572077925139,5.017757847120109e-6,2.324790337429721e-6,8.799632778173085e-5,-0.0020533151113945676,0.00045336279765310564,1.9556405319354625e-6,1.1710870675613917e-6,0.0
0.0,0.0,0.0,0.0,1.4989723662144164e-5,2.2371971741556125e-5,-3.829271198278181e-6,-0.0001435276597191162,-6.113805992226299e-6,-5.938608534540434e-5,-0.002791154857987416,-4.4264129424276485e-6,1.191122260440029e-5,-0.0001294712365457452,1.5152898611216877e-5,1.7631167344507336e-6,1.0068066945715583e-6,0.0
0.0,0.0,0.0,0.0,0.0001779008419948693,-2.8909301381829182e-5,-5.5726725980845015e-5,-0.0006565768721951739,-1.2782039873469908e-5,9.46264841109667e-5,-0.00019592130316056522,-0.00013748810661827832,6.171003951990376e-5,5.680127090714472e-5,0.0005449979645491519,3.996938854434753e-6,1.8458969946090155e-6,0.0
0.0,0.0,0.0,0.0,-1.903472503355905e-5,1.1458258085343227e-5,6.874117838838268e-5,0.0002832308077585689,-3.799045683211942e-5,0.0003306282423261828,-1.708022991195586e-5,2.099938035742369e-6,-0.002088663135873897,-0.0005122740194362795,0.000256619308185134,2.7798836830876413e-6,-1.0487940791007201e-7,0.0
0.0,0.0,0.0,0.0,3.154133502320261e-6,1.929661701545698e-5,4.24302388052572e-5,-4.134611240329991e-5,-5.625770532219135e-6,-0.0007990222463109943,-1.1978199778173106e-5,8.086949612194469e-7,-2.0188108889062576e-5,-0.0017457634904085304,9.699105511687867e-5,4.392736806520963e-7,1.9288811673949345e-6,0.0
0.0,0.0,0.0,0.0,1.0386497646242106e-5,-0.0005652249018807252,-0.0013059575226107704,-0.0015540978375404644,-0.0001617133614604918,-0.00016578016331963874,-0.0006653166320297742,-6.540882500115802e-6,-0.00011577855295383367,-0.0008031456868524199,-0.01598432140139914,1.6606795673827764e-6,-2.004108750946053e-5,0.0
0.0,0.0,0.0,0.0,8.604884023826134e-8,0.00012127211225564717,0.00028398697459535864,0.00030224881267781233,2.3379760736298954e-5,0.0001885078330406308,0.00021370612789328223,4.6747161866767916e-6,9.444279980816738e-5,2.520002397174432e-6,0.0008776266612463518,-0.000159219131160074,1.0564725345849218e-5,0.0
0.0,0.0,0.0,0.0,9.16972652569672e-7,2.7272268536416478e-5,2.512671322377043e-5,9.564524409200339e-5,-2.5802676963892625e-5,-2.305689436059602e-5,4.312361819205987e-5,4.993798977312992e-7,1.505332866164292e-5,-6.653901875096148e-7,0.00017856156912960029,1.3634624690870962e-6,-0.00016653037456914737,0.0
-0.0,-0.0,-0.0,-0.0,-9.997857093207607e-6,-0.003548267902928324,0.00021340902985706137,-0.0025120753361774395,8.1102734101551e-5,-0.00030847615537897343,-8.743826649563274e-5,1.6680402423681878e-5,0.00011087766142123311,0.0001504690390541069,0.00210917305490044,2.0186489457650804e-6,-1.5125213790979105e-5,-0.0
0.0,0.0,0.0,0.0,6.272818912078351e-6,-6.8394115849521055e-6,-0.009023568257346504,-0.0017385951027528068,-0.0002241423925045787,-0.00028486857938975213,-7.927425264113743e-6,1.5530073609061218e-5,0.00010644064566152757,8.340469157978067e-5,0.0019925302683944696,2.0990819195765284e-6,-1.7335746156705354e-5,0.0
-0.0,-0.0,-0.0,-0.0,0.0001500061472005453,-4.246438072598844e-5,0.0014560421055122082,-0.0325278659498691,0.00039695329321494307,-0.0017868891454243337,-0.00043503397947898363,4.825517807558257e-5,0.00045180193597048796,8.745129575636575e-5,0.005662079377584503,6.121623989336584e-6,-3.4268925502308754e-5,-0.0
-0.0,-0.0,-0.0,-0.0,-3.131600063252358e-5,-5.4788009242678466e-6,0.0007528571044222801,0.0003321870876055609,-0.0017713800180911457,5.262782937755516e-5,-2.4343997854212325e-5,1.1078131940012294e-5,0.00014926777374633273,4.886895060408226e-5,0.001375836118075877,2.1464899217102688e-6,-1.110216753809103e-5,-0.0
-0.0,-0.0,-0.0,-0.0,-0.00012170129074805805,1.7047289395436774e-5,5.105956825948677e-5,0.0032211139777488266,4.82780976618604e-5,-0.006887899536513508,-0.00015629359152155003,8.34874529069998e-6,0.00014224126235848808,-0.003867761610218696,0.0011128719127018237,-2.149538823130119e-6,-1.7644691748600613e-5,-0.0
-0.0,-0.0,-0.0,-0.0,-6.147560878861547e-5,-2.352976334759425e-6,-0.00011780390385319134,0.0009166261007212265,2.7001719051408067e-5,0.00012472375024181272,-0.0037909337569090366,1.4830151514324523e-5,7.982253581776176e-5,0.0004697258406826113,0.001054577322070936,-4.443255116133113e-7,-9.003316481285533e-6,-0.0
-0.0,-0.0,-0.0,-0.0,6.352176836195179e-5,-0.00015361677808874838,-0.00036295630654505957,0.0013542383665270837,3.069186410658804e-5,9.069624738111454e-5,-0.00038746079752615894,-0.0001449031796810137,0.00014284727472288627,0.0006055046714423249,0.0026183603152801498,1.8292777008970405e-6,-2.089794296072892e-5,-0.0
-0.0,-0.0,-0.0,-0.0,-8.644954044917306e-5,-7.530259394968322e-5,-0.00015012632294399595,0.000672159557974963,-5.4123141032852785e-5,0.0005838252863217806,-0.00020500657634788693,1.7818258228535642e-5,-0.0013704251649164136,-7.118995663819119e-5,0.002707448002300984,-9.485935216200702e-8,-1.587368340208067e-5,-0.0
-0.0,-0.0,-0.0,-0.0,-9.643764985825992e-5,-9.9818171010601e-6,4.972616199195077e-7,0.0016181247942102456,8.059848762817493e-5,0.0062799938908498915,-0.00037327594502449855,6.445265774103265e-6,0.00027927767923993706,-0.009543945220981141,0.0013519090221235422,-5.726768618830238e-6,-1.4861088481906017e-5,-0.0
-0.0,-0.0,-0.0,-0.0,-0.00011630663666015349,-0.0004904061762364691,-0.0011660325366981965,0.00026694159908469356,-8.722875565388644e-5,0.0002239470331445575,-0.0005765466578553169,2.3957284424950803e-5,0.00014587796848112905,0.000565099327922702,-0.00589734293825337,-4.33858207669668e-6,-3.4410190473504e-5,-0.0
-0.0,-0.0,-0.0,-0.0,-5.160896378453987e-5,2.2104117445753644e-5,4.356812388740127e-5,0.001321232589947742,4.3327236595186904e-5,0.00017784937412733748,8.360243276935517e-6,5.381495520181442e-6,3.1557415394157334e-5,0.0003993674942603394,0.0007861719654807093,-4.1203247887046114e-5,-3.672891605138197e-6,-0.0
-0.0,-0.0,-0.0,-0.0,-1.4014080528979059e-5,-1.1079218625090997e-6,-2.76097835481225e-6,0.00021635657586461436,4.088751226825748e-5,4.7161554587897543e-7,2.7677753216256737e-6,2.776995094221207e-6,1.8425288759500212e-5,6.63641891218463e-5,0.0002762190653807726,-1.1958398621371943e-7,-4.7686021559252576e-5,-0.0
-0.0,-0.0,-0.0,-0.0,-4.890289058039668e-5,0.0005267238146799762,0.00025395675851263086,-0.0060536244403428105,6.500539801519107e-5,-0.0005554037681014029,-0.00017232807143798088,1.4747412288215185e-5,0.0001067234078580116,1.6725386508064554e-5,0.0018919395318705613,2.485363183581363e-7,-2.1161447802108833e-5,-0.0
0.0,0.0,0.0,0.0,-4.8278187680312224e-5,-2.128905094191644e-5,0.0012968474720331227,-0.0035144173274628135,-0.0005207689733230789,-0.0004754654203546136,-7.33850378523446e-5,1.4578840305924258e-5,0.00011462183958450446,-2.1582828633682427e-5,0.0019130566691185375,1.190776686809434e-6,-2.3630676094340495e-5,0.0
-0.0,-0.0,-0.0,-0.0,-0.0004650149250335567,-0.0014959585613521138,-0.0008962290201468314,0.001829650685788263,4.1773646609636746e-5,-0.004925131428342731,-0.001604513913009972,1.7852068341842308e-5,0.0004055004240972253,-0.0018451238326522715,0.006060566876658565,-2.4940800536344955e-5,-7.854077192226648e-5,-0.0
0.0,0.0,0.0,0.0,-8.750171967189909e-5,-9.455983789879939e-5,-0.0005873118821956199,-0.001201835812636298,0.001466058247623825,-0.0002085390296728354,-0.0002252127444510787,6.6013487370886664e-6,8.925434196663645e-5,-0.00040620283731322227,0.001286194746441594,-4.119976506129524e-6,-3.0260237379978136e-5,0.0
0.0,0.0,0.0,0.0,-0.00012614916774944743,9.259383777322508e-6,-2.245420727626576e-5,0.0026148914769762396,3.7169324068149814e-5,0.006827930369633382,-0.0002983187353043919,7.1030767905537144e-6,0.0002056510549959635,-0.007298228151146516,0.0013221823388148838,-5.1415813508364445e-6,-2.4873249611626386e-5,0.0
0.0,0.0,0.0,0.0,-6.723848495883173e-5,-6.812031982956028e-6,-0.0002145279112987071,0.0005722934752367231,1.173850691523883e-6,-5.4830485253651296e-5,0.0037374192739105974,7.910527460935998e-6,6.356224554649171e-5,0.00024095752087980818,0.0008920665247403521,-1.2111287781995442e-6,-1.2422699189754028e-5,0.0
0.0,0.0,0.0,0.0,-0.0002747610907019236,-0.0003633098990817672,-0.0008662098924674475,-0.0006953139749965257,-7.989003887939907e-5,-0.00026645847877262383,-0.0010792816752009829,0.00011222589446293351,9.170175642981512e-5,0.00027961349591242994,0.002601532015412657,-4.391106638620094e-6,-3.772468110710402e-5,0.0
0.0,0.0,0.0,0.0,-9.450438217196541e-5,-0.0001329856897315601,-0.0002432490501438197,0.0006080420006397458,-0.00014979361377031632,0.0008303952363630893,-0.0003915749200397697,1.685732729179197e-5,0.0012844980816378102,-0.0009527411092791052,0.0027638226944560426,-2.4344936744159316e-6,-2.5512845317112985e-5,0.0
0.0,0.0,0.0,0.0,-9.67528170143782e-5,7.760371476294408e-7,2.1453463565301664e-5,0.0015458495494830124,7.100835380118897e-5,0.005573542400459383,-0.00041413287637687916,6.679247505704165e-6,0.00025459960866380154,0.00873136005821181,0.0014083355911027628,-6.217064318261956e-6,-1.4307744929778597e-5,0.0
-0.0,-0.0,-0.0,-0.0,-0.00014281794540761761,-0.0012323176562636894,-0.002900645528903895,-0.0019407857488332172,-0.00031824651708349224,-0.00018322188782552367,-0.0015205949773150012,1.344445704862286e-5,-4.722126698596006e-5,-0.0004943083930871111,0.0053531249943552526,-9.103248384821179e-6,-6.829476514669869e-5,-0.0
-0.0,-0.0,-0.0,-0.0,-5.8449132952191996e-5,0.0001274095966888182,0.00028348490602883364,0.0015719391422233846,5.5544362698240984e-5,0.0003001469525612304,0.00017863215782425756,8.666114408718515e-6,0.00010424435272378117,0.00035150287577751383,0.0015769442872658923,0.00029321017129005524,4.022606107400436e-6,-0.0
0.0,0.0,0.0,0.0,-1.608971592408215e-5,1.7666317818720553e-5,-3.577088168331281e-6,0.00026085837286510754,1.0122523461529638e-5,-6.456041139305919e-5,2.5918749790405105e-5,2.7019286457353957e-6,2.3969119900126517e-5,3.57698049904034e-5,0.00040892202327863844,3.6232337144038956e-7,0.00033412493251062833,0.0
0.0,0.0,0.0,0.0,0.00030963729734017405,-0.0009376123809730457,-0.0005568166922962468,-0.007282220855942434,4.083398069282325e-5,0.001628249148729426,0.0007096928360158026,-1.8513919725180923e-5,0.00016817405359652565,0.0031582451355791023,-0.00957872082355019,0.00011401351855208226,-1.2800418317443796e-5,0.0
-0.0,-0.0,-0.0,-0.0,0.0002770105006317035,0.0001383024379843761,-0.009189863144753292,-0.001352362295025104,-0.0016558015899884285,0.0016373055085952663,0.00030634547117466474,-2.685319474792578e-5,0.00020173524211090243,0.0032432809527530733,-0.010607886586985001,0.00011624119716192962,-7.289230224815e-6,-0.0
-0.0,-0.0,-0.0,-0.0,0.00037505712292534014,-0.001343476631215771,-0.004451274081600033,-0.007399484945240931,-0.00033359228946627757,0.0017730899874499847,0.000789486760749562,-1.4728011082371286e-5,0.0003653023718801867,0.003233697512436044,-0.003565364948598326,0.00011634887432787634,3.2944367397052596e-7,-0.0
-0.0,-0.0,-0.0,-0.0,0.00025895455482976095,0.0001679487750885896,-0.012211078160906464,0.0012266974912735291,-0.003023724301614871,0.0016659394992483212,0.0008784270998159051,-1.3285910571663763e-5,-0.000410320245357061,0.0032244213736844704,-0.007187439946235126,0.00011819180374345075,-4.558027472168424e-6,-0.0
0.0,0.0,0.0,0.0,0.000325848229763808,-1.0833934845589274e-5,-0.000971495429922523,-0.010805453504356683,0.00012719612480058037,-0.008425634038355908,0.000615808640718301,9.028156444689462e-6,0.00018822292286716692,0.003344013972384622,-0.004113235186573142,0.00011606865705958694,-4.193937810006436e-6,0.0
-0.0,-0.0,-0.0,-0.0,0.00032009376301934847,-3.8448853745336386e-7,-0.00041498677652810316,-0.0024637222730767966,-5.6827317724363004e-5,-0.0010984271280909221,-0.0004930925455329953,-0.00012565097812995303,-0.00036751826326263576,-0.0015158615833589725,-0.010563414236538771,0.00011393289915231567,-1.7369969948033468e-5,-0.0
-0.0,-0.0,-0.0,-0.0,0.00048279825424583017,0.00010268969524155289,-0.0003461596594687366,-0.0023541584980535006,3.0611451545981706e-5,0.0006257400654386091,8.490305414186258e-5,-0.0002484859629716923,-3.452845874532823e-5,0.0015251775839726402,-0.008537126629490112,0.00010774011454805615,-1.4293099332005585e-5,-0.0
-0.0,-0.0,-0.0,-0.0,-2.295000866509803e-5,0.0001491881310259535,-0.0001995786619727261,0.0045755482904438795,0.00021611967760519797,-0.00015191670640883815,0.0006785014303531315,-3.735432017908868e-5,-0.006415141811148257,0.0005428604048689705,-0.01337882312597281,0.00011223407545818069,-2.6800488220525078e-5,-0.0
-0.0,-0.0,-0.0,-0.0,5.224045882614601e-5,0.00012272293344864747,-0.0005081469625860159,0.0003200876487700855,-0.00012874110689141467,-0.03190559544384877,0.0007604936038590892,2.3140842173912935e-5,-0.0010700707108452128,0.00029652340005799935,-0.005269655639133945,0.00011849316513780278,-1.7344251347934587e-5,-0.0
-0.0,-0.0,-0.0,-0.0,0.00014315876113889415,9.106363297403138e-5,-0.0003600413797080546,0.0010932005983416231,0.0001173668728770774,-0.0007553085146548207,0.00027969937268062487,-7.078584385303078e-5,-0.0006842404038111778,-0.0006216029055186349,-0.02104108548422737,0.00011292656505983162,-2.365420357115839e-5,-0.0
-0.0,-0.0,-0.0,-0.0,0.00024175561351403926,-2.895896739256169e-5,-0.0006470118190973603,-0.006575859390529523,-0.00015195677453664193,-0.0007070428202393164,0.0005677073225393743,-1.0365571020582033e-5,0.00011526396437219928,-0.0008184777221529303,-0.007735575638140402,-6.284347394508875e-5,-1.763390228613134e-5,-0.0
-0.0,-0.0,-0.0,-0.0,0.0002583799761238611,8.13902651471451e-5,-0.0008621062327280405,-0.0015218499292701207,-0.0015993981521062316,0.0001518633564691525,0.00022706830092531383,-7.209487199129677e-5,-0.0004420376762007423,0.0006866183091763766,-0.01150623761011198,0.00011034623006406826,-1.1462458827444083e-5,-0.0
-0.0,-0.0,-0.0,-0.0,-0.00024881545927433395,-0.00021560310815329524,-0.0010991488638597046,0.005045683788404404,0.00017947218597478686,0.0003649996829710948,-0.00010014046184482802,2.4253935919059853e-5,8.534299151540501e-5,0.0028605440650331456,-0.002670436409431886,8.25381621308091e-5,-8.287784010737098e-5,-0.0
-0.0,-0.0,-0.0,-0.0,-0.00024879712674398947,-0.00021562434572495616,-0.001099189232749624,0.0050453487811447165,0.00017945033892782585,0.0003648925323404546,-0.00010019746789055988,2.4251044740094098e-5,8.530909404129231e-5,0.0028603795117985937,-0.002670595187051124,8.253359956247075e-5,-8.287897376354993e-5,-0.0
-0.0,-0.0,-0.0,-0.0,-0.00024881164848727884,-0.00021560752281191413,-0.0010991572553496042,0.005045614150372662,0.0001794676446243985,0.00036497740954627206,-0.00010015231170391057,2.425333492906092e-5,8.533594524011278e-5,0.0028605098593166307,-0.002670469414570049,8.253721370873982e-5,-8.287807576072677e-5,-0.0
-0.0,-0.0,-0.0,-0.0,-0.0002488160516010452,-0.00021560242196427587,-0.0010991475595350372,0.0050456946125374165,0.0001794728918560942,0.00036500314502346814,-0.00010013861997124728,2.4254029333470652e-5,8.53440867477015e-5,0.0028605493817719786,-0.0026704312793040157,8.253830954805252e-5,-8.287780347877285e-5,-0.0
-0.0,-0.0,-0.0,-0.0,-0.00024881215128618616,-0.0002156069403376084,-0.001099156148168386,0.005045623338481544,0.00017946824381454026,0.0003649803483233457,-0.00010015074822211447,2.425341422426007e-5,8.53368749324539e-5,0.0028605143724517407,-0.0026704650598403405,8.253733884445958e-5,-8.28780446683931e-5,-0.0
-0.0,-0.0,-0.0,-0.0,-0.0002488178563700588,-0.0002156003312048105,-0.0010991435853689219,0.005045727592748548,0.00017947504261606168,0.00036501369360212097,-0.00010013300793935779,2.4254313959221883e-5,8.534742382718673e-5,0.0028605655814222,-0.0026704156482415587,8.253875871583369e-5,-8.287769187456607e-5,-0.0
-0.0,-0.0,-0.0,-0.0,-0.00024880975338005247,-0.00021560971822491887,-0.0010991614284437822,0.005045579519327929,0.00017946538620748563,0.000364966332955573,-0.0001001582046476156,2.4253036056290064e-5,8.53324411221841e-5,0.002860492848788413,-0.0026704858280496755,8.253674205774142e-5,-8.287819295131548e-5,-0.0
-0.0,-0.0,-0.0,-0.0,-0.0002488151682723134,-0.00021560344526858042,-0.0010991495046566576,0.005045678470655617,0.00017947183918496715,0.00036499798211202565,-0.00010014136673217007,2.4253890025835285e-5,8.53424534427341e-5,0.002860541452991962,-0.0026704389297936685,8.253808970673045e-5,-8.287785810249938e-5,-0.0
-0.0,-0.0,-0.0,-0.0,-0.00024880815067205203,-0.00021561157490402358,-0.0010991649576642928,0.005045550231564339,0.00017946347624545606,0.0003649569653904391,-0.0001001631883592815,2.4252783297092703e-5,8.532947766041848e-5,0.002860478462842759,-0.002670499709066394,8.253634317855664e-5,-8.287829206037372e-5,-0.0
-0.0,-0.0,-0.0,-0.0,-0.00024882123845318394,-0.00021559641318414787,-0.001099136137900479,0.005045789396677304,0.00017947907307598392,0.00036503346132280376,-0.00010012249115952009,2.4254847339361218e-5,8.535367741428257e-5,0.002860595939081897,-0.002670386356098216,8.253960044281208e-5,-8.287748273161972e-5,-0.0
-0.0,-0.0,-0.0,-0.0,-0.0002488088939371778,-0.00021561071385832304,-0.0010991633209678272,0.005045563813934477,0.0001794643620014217,0.0003649613096531045,-0.00010016087713410666,2.425290051563574e-5,8.533085198299294e-5,0.0028604851344084946,-0.00267049327166441,8.253652816109174e-5,-8.287824609797258e-5,-0.0
-0.0,-0.0,-0.0,-0.0,-0.00024880219055191334,-0.00021561847948709252,-0.0010991780820628013,0.00504544131678398,0.0001794563735148379,0.00036492212946656133,-0.00010018172169183758,2.4251843340978224e-5,8.53184571949104e-5,0.0028604249646606654,-0.0026705513295284156,8.253485983419863e-5,-8.287866062526357e-5,-0.0
-0.0,-0.0,-0.0,-0.0,0.0003639246164317499,-0.014530273245927974,-0.0003424142749108351,-0.0019549874815176704,0.00017633941499859454,0.0016876024102627162,0.0007433473961796757,8.066878218789002e-6,0.0003055384657591119,0.003435550577165605,-0.005789432440501439,0.0001128328772405833,-1.7324375355653947e-5,-0.0
0.0,0.0,0.0,0.0,0.0004329231549521474,0.00016323028275018784,-0.05272892802218032,0.0015710052469037076,-0.0009816526037730602,0.001696784907061327,0.00047275078689677905,1.3334611880871528e-7,0.00031809661102002665,0.0034755170273361065,-0.006822185476178788,0.00011468092156797668,-1.2904968769962807e-5,0.0
-0.0,-0.0,-0.0,-0.0,0.0007378107728162458,-0.00041837631885645847,-0.00179350972333521,-0.04309535111364204,0.0001234933951930272,0.0021993743242884442,0.0010620157799864317,3.065883377362501e-5,0.0005975334071112467,0.003887200426035504,-0.00010831581391371789,0.00012108299656873643,4.454614372520329e-6,-0.0
0.0,0.0,0.0,0.0,0.00024229036968696768,0.0003332185824291037,-0.004521574606195495,0.005818518380272595,-0.016377905329587873,0.002207451547781066,0.001131601782166338,3.7973913642712996e-5,0.0003155973605721367,0.003968676257413298,-0.0010622055307649724,0.00012210374087793244,2.717370662223553e-6,0.0
0.0,0.0,0.0,0.0,8.587435358713957e-5,3.878229438462537e-5,-0.0006435743194580653,-0.0026980826176383533,0.00023203448880799917,-0.050845283140776645,0.0005937931695330508,2.6616446900852303e-5,0.0002987352876440315,0.0034830766999857984,-0.00220787306256684,0.00011019171699236914,-2.0708610689085427e-5,0.0
0.0,0.0,0.0,0.0,0.00010900402310515161,6.913253840647043e-6,-0.0004477902005485492,0.001961601305863145,0.00012550704728960823,1.4061211402999767e-5,-0.03866382719172306,-4.2720494322611514e-5,-1.6664584345941093e-5,0.0009493431755546033,-0.005656008166141893,0.00010607585667109286,-3.4486119146796116e-5,0.0
0.0,0.0,0.0,0.0,0.0010000082634107764,0.00014550108551547906,-0.0001746625460230259,0.0028083782884752843,0.0002278517057043656,0.0011964835289062369,0.0004359129287398772,-0.0008026219223851528,0.0002600437460716671,0.002755712389778602,-0.0036120300551969594,0.00010827102062528004,-2.1798432949236107e-5,0.0
-0.0,-0.0,-0.0,-0.0,-0.00017955546195810477,9.575727317154066e-5,-0.0003025595043300781,0.005631710626909943,0.0002732040741414327,0.0005598581986612445,0.0005652697499506669,3.938052623192316e-6,-0.013756137885281785,0.002066004994919088,-0.006783396578743332,0.00010617689544492191,-3.756342081502946e-5,-0.0
0.0,0.0,0.0,0.0,7.335538330529253e-6,8.968668213447573e-5,-0.0005460819835129958,0.0012305543005243036,-6.5799362300397e-5,-0.026593934909403392,0.0006681329872788022,2.5021063860882216e-5,-0.0008579382514719465,-0.04760449501696607,-0.004659316582183984,0.00011428795629340473,-2.5111601529621304e-5,0.0
0.0,0.0,0.0,0.0,-6.818249570478537e-5,-1.8969705533392984e-5,-0.0006026952932776834,0.004088682193170934,0.00020379997262756527,0.00022948946209435238,0.00021803190813163444,-4.83945334063115e-6,-0.00010899265757478977,0.0017820521690587805,-0.043810442054808184,9.950704197844333e-5,-4.976281353096647e-5,0.0
0.0,0.0,0.0,0.0,-0.00012162203731291163,-0.00010791977234922018,-0.000821499419931535,0.002593505582051216,0.00013410129454711125,0.00031408022432902096,0.00019534531419051736,2.046423655043761e-5,0.00016126813135287744,0.002122982311028552,-0.0033631195611988885,-0.0010864076574765898,-5.856750372730159e-5,0.0
0.0,0.0,0.0,0.0,-0.00013459289842557775,-8.109985593496097e-5,-0.0008467727474163731,0.004219220870604934,-0.00012562889823419085,0.0005803560662590758,0.00012665873657839765,1.1057418819019785e-5,6.608480245196871e-5,0.0026268235485821115,-0.0037359248214420054,9.301760923645678e-5,-0.0038359047407771577,0.0
0.0,0.0,0.0,0.0,0.0,0.0294052188279509,0.0,0.0,0.0,0.0,0.0,0.0,0.0,0.0,0.0,0.0,0.0,0.0
0.0,0.0,0.0,0.0,0.0,0.0,0.0965254981102864,0.0,0.0,0.0,0.0,0.0,0.0,0.0,0.0,0.0,0.0,0.0
-0.0,-0.0,-0.0,-0.0,-0.0,-0.0,-0.0,0.099450169554373,-0.0,-0.0,-0.0,-0.0,-0.0,-0.0,-0.0,-0.0,-0.0,-0.0
0.0,0.0,0.0,0.0,0.0,0.0,0.0,-0.0,0.0356500430589182,0.0,0.0,0.0,0.0,0.0,0.0,0.0,0.0,0.0
0.0,0.0,0.0,0.0,0.0,0.0,0.0,0.0,0.0,0.0999015738860245,0.0,0.0,0.0,0.0,0.0,0.0,0.0,0.0
0.0,0.0,0.0,0.0,0.0,0.0,0.0,0.0,0.0,0.0,0.0807198059190893,0.0,0.0,0.0,0.0,0.0,0.0,0.0
0.0,0.0,0.0,0.0,0.0,0.0,0.0,0.0,0.0,0.0,0.0,0.00154482333546665,0.0,0.0,0.0,0.0,0.0,0.0
0.0,0.0,0.0,0.0,0.0,0.0,0.0,0.0,0.0,0.0,0.0,0.0,0.0223803796126962,0.0,0.0,0.0,0.0,0.0
0.0,0.0,0.0,0.0,0.0,0.0,0.0,0.0,0.0,0.0,0.0,0.0,0.0,0.094183986499506,0.0,0.0,0.0,0.0
0.0,0.0,0.0,0.0,0.0,0.0,0.0,0.0,0.0,0.0,0.0,0.0,0.0,0.0,0.0735209400605957,0.0,0.0,0.0
0.0,0.0,0.0,0.0,0.0,0.0,0.0,0.0,0.0,0.0,0.0,0.0,0.0,0.0,0.0,0.00243599683483431,0.0,0.0
0.0,0.0,0.0,0.0,0.0,0.0,0.0,0.0,0.0,0.0,0.0,0.0,0.0,0.0,0.0,0.0,0.00816467673043813,0.0
0.0,0.0,0.0,0.0,-0.00011149166104713769,-0.0011972566267385919,-0.0001172203779918934,-0.002451465987460127,-4.672076412012496e-5,-0.0003261594628619415,-0.00016311049473171708,-6.301193885655745e-6,-6.868163374665882e-5,-0.00026416734642449103,-0.0006657816460542076,-5.8830714360371845e-6,-9.327674362502357e-6,0.0
0.0,0.0,0.0,0.0,-0.00012032642552929084,-4.452641816578856e-5,-0.0029410940827043217,-0.0013188897642244443,-0.00020038118865304907,-0.0002383700644307537,-0.0001203523072457877,-4.280796008930096e-6,-4.1626664619528626e-5,-0.0001909831067295406,-0.00043784133984423344,-3.913841677939791e-6,-7.5856944185068755e-6,0.0
-0.0,-0.0,-0.0,-0.0,-0.0010617935768251123,-0.0016231470603218655,-0.0030550812108496037,-0.04416799432625495,-0.0005428058380403176,-0.0035791500260980913,-0.0015549739346195663,-5.4968144378322767e-5,-0.0003677623136221741,-0.0026270886265999356,-0.002283528456252545,-5.082315928447648e-5,-6.443195623339128e-5,-0.0
0.0,0.0,0.0,0.0,-8.663906887443515e-5,-0.00013896307095738992,-0.001537441065379207,-0.001932525430056089,-0.002854131810853902,-0.00045952838052598394,-0.00030957713450245714,-1.08788428142063e-5,-0.00014869567403898696,-0.0006275401253434165,-0.0007983228685771572,-1.1376395483153444e-5,-2.295280500775507e-5,0.0
0.0,0.0,0.0,0.0,-3.903745910382653e-6,-6.367090021368099e-5,-0.00018665616049669075,-0.0008304803349233087,-4.487959192516275e-5,-0.0032610137229330603,-0.00018907015233142965,-5.8800806739312716e-6,-4.804296838400536e-5,-0.001558052078499753,-0.0004544140401519053,-6.6618500310465955e-6,-9.811539383401194e-6,0.0
0.0,0.0,0.0,0.0,-2.1405498408575285e-5,-3.691298681823833e-5,-0.00011860103790631804,-0.00040632623974731503,-3.1788872013863835e-5,-0.00019005617309324424,-0.001196564255252057,-5.603798884359757e-6,-4.9404589294532974e-5,-0.00020594764045281906,-0.00038209471793307614,-3.4689410479053968e-6,-5.17602697418301e-6,0.0
-0.0,-0.0,-0.0,-0.0,-0.0007222242435161753,-0.00022586123762382207,-0.0005617554542540792,-0.00213577095389719,-0.00013987121014223387,-0.0006378556788918745,-0.0006250777804810503,-0.00014496066350354287,-0.00017793381648348593,-0.0006225895706431751,-0.001181566828315358,-1.438952756981983e-5,-2.2534792319025115e-5,-0.0
0.0,0.0,0.0,0.0,2.7399750772352314e-5,-8.787527870877871e-5,-0.00020691838632158494,-0.0005823638383678816,-7.761148804258631e-5,-0.000186496894029181,-0.0002152657351629025,-6.913005851108473e-6,-0.0010811203608323897,-0.00055461063672857,-0.0006722818195862805,-7.1950729936833e-6,-1.1412955257625282e-5,0.0
0.0,0.0,0.0,0.0,-1.3361428627568e-6,-9.721387664725285e-6,-2.633320194127159e-5,-0.00011265784312275636,-9.894250784971639e-6,-0.00021095895789038864,-3.270638185982097e-5,-9.893266069542088e-7,-2.019021102615809e-5,-0.0003985777344009497,-9.606475206197031e-5,-1.1512833460064705e-6,-1.2709035257109393e-6,0.0
0.0,0.0,0.0,0.0,-3.52356921694886e-5,-0.0002065649260759891,-0.0005015859269493539,-0.0010410252439290635,-9.350172995541083e-5,-0.0003838959087773794,-0.00034403387529174684,-9.428917274954838e-6,-0.00013658682998059473,-0.00048374780737215056,-0.003935692009795738,-8.447323996328671e-6,-1.5653666498858668e-5,0.0
-0.0,-0.0,-0.0,-0.0,-2.5328247678520904e-6,-2.3204361445421912e-5,-6.253385662252501e-5,-0.0002493359730946429,-2.11641721944952e-5,-0.0001137069185392619,-5.801961946329858e-5,-2.6024381048365878e-6,-3.306969256113592e-5,-0.00012553506038021257,-0.00021446687073049735,-2.155194767926174e-5,-3.3113630542292107e-6,-0.0
0.0,0.0,0.0,0.0,-2.0244944206085037e-6,-1.1449645195559133e-5,-3.5327849142013976e-5,-0.00010285957296700456,-1.3158427344724403e-5,-5.8175078758540045e-5,-2.781475809453067e-5,-1.2109648689923274e-6,-1.5854031750131835e-5,-5.1351167106895795e-5,-0.00010433302377423371,-1.1923881323924293e-6,-2.4096444689578378e-5,0.0
-0.0,-0.0,-0.0,-0.0,-3.0489256829493103e-5,0.0004018544512828244,4.520365844402192e-5,0.00038151041744132,1.2814370281800653e-5,1.8525313084478437e-5,1.5287625156940285e-5,1.7768226712187734e-6,1.2160127276887013e-5,1.543054629077151e-7,0.0002665318631365534,-6.67337583041352e-7,8.6473049376741e-7,-0.0
-0.0,-0.0,-0.0,-0.0,2.8254119180526383e-6,-2.224531865074141e-6,-4.456394949042049e-6,-3.377595034867219e-5,-2.344824381928272e-6,-1.3416885648365135e-5,-7.0429631712822005e-6,-3.454848404514292e-7,-4.282884275181502e-6,-2.0536996745860295e-5,-2.060743996560871e-5,-5.769552041806133e-7,-1.776120985451934e-7,-0.0
-0.0,-0.0,-0.0,-0.0,1.256549089578039e-8,-1.4556665583372035e-8,-2.766966200243262e-8,-2.2962082114730335e-7,-1.4974412401128408e-8,-7.344323167586791e-8,-3.907310856685378e-8,-1.9816731403874222e-9,-2.323402140018689e-8,-1.1278814936877667e-7,-1.0882942423715312e-7,-3.1272775693545093e-9,-7.770311077626651e-10,-0.0
-0.0,-0.0,-0.0,-0.0,1.1446624513060344e-9,-1.3260499444315963e-9,-2.520587808739395e-9,-2.0917474239887146e-8,-1.3641048928839083e-9,-6.690364137176609e-9,-3.5593929924345203e-9,-1.805219432753144e-10,-2.1165199289462285e-9,-1.0274517778743253e-8,-9.913894874723437e-9,-2.8488160319307577e-10,-7.078420836410036e-11,-0.0
-0.0,-0.0,-0.0,-0.0,-2.3376715854967417e-5,0.00032607805441420046,3.4524215190552725e-5,0.00029335063559548044,9.232865432840728e-6,8.205302406041043e-6,8.837270186543534e-6,1.2697037881967129e-6,7.705561694630418e-6,-1.0404232921018802e-5,0.00020646113607410127,-8.392284570191325e-7,6.129839602089764e-7,-0.0
0.0,0.0,0.0,0.0,6.261379144688608e-9,-7.253580705126474e-9,-1.3787781637386472e-8,-1.1441996437105822e-7,-7.461743777682475e-9,-3.659673330901631e-8,-1.94701145474826e-8,-9.874669422929795e-10,-1.1577503677423867e-8,-5.620229023818695e-8,-5.4229659222976854e-8,-1.5583211758312789e-9,-3.8719429390972186e-10,0.0
0.0,0.0,0.0,0.0,7.359938635567956e-9,-8.533359754594071e-9,-1.5684101737879e-8,-1.345902284001703e-7,-8.766010791948425e-9,-4.3069366747708114e-8,-2.2908778489928438e-8,-1.1615752203704113e-9,-1.3622865403915526e-8,-6.615220313729348e-8,-6.372189617633914e-8,-1.834434489704985e-9,-4.5543968014053825e-10,0.0
-0.0,-0.0,-0.0,-0.0,4.782587078156728e-10,-5.5404218378458e-10,-1.0531366198195594e-9,-8.739606726281051e-9,-5.699421071526016e-10,-2.795333866594571e-9,-1.487167145187439e-9,-7.542470629763144e-11,-8.843136970782603e-10,-4.292846472324778e-9,-4.14217531099885e-9,-1.1902779906496894e-10,-2.957480983187559e-11,-0.0
-0.0,-0.0,-0.0,-0.0,7.333225806102881e-9,-8.495276187410805e-9,-1.6148026434626808e-8,-1.3400680837265872e-7,-8.739073405842218e-9,-4.2861501078326116e-8,-2.2803082692489998e-8,-1.1565052831613036e-9,-1.3559384715114639e-8,-6.582321168420453e-8,-6.351289819899217e-8,-1.8250805125600203e-9,-4.534756820096448e-10,-0.0
-0.0,-0.0,-0.0,-0.0,4.680507085438192e-10,-5.42219774303023e-10,-1.0306644622826351e-9,-8.553122931853612e-9,-5.57780383697679e-10,-2.735679564153196e-9,-1.4554302969524444e-9,-7.381514369358461e-11,-8.654417299838028e-10,-4.201234448678342e-9,-4.053776302081312e-9,-1.164876481628849e-10,-2.8943553205871003e-11,-0.0
-0.0,-0.0,-0.0,-0.0,3.643948758038921e-9,-4.228476462282884e-9,-7.504414858007202e-9,-6.668392044039313e-8,-4.337657738173824e-9,-2.13497069856353e-8,-1.1353560735810405e-8,-5.755302418294359e-10,-6.75178902179197e-9,-3.2796856670267156e-8,-3.153791754156471e-8,-9.095892915408709e-10,-2.256466159824339e-10,-0.0
-0.0,-0.0,-0.0,-0.0,3.6732778324096884e-9,-4.255359173411889e-9,-8.088689635574109e-9,-6.712519860239418e-8,-4.377479361745891e-9,-2.1469705959216947e-8,-1.1422266322886466e-8,-5.793037514791796e-10,-6.792016039627018e-9,-3.297143041240685e-8,-3.181417389809955e-8,-9.14199012491355e-10,-2.2714999005200947e-10,-0.0
-0.0,-0.0,-0.0,-0.0,-0.0003269937381832627,0.0002571560040104553,0.000709654780043964,0.01183403654490332,0.00010865312339155918,1.7633323977774069e-6,3.4634475282755014e-5,8.271550022887812e-6,2.2344093561263207e-5,-0.00014595365947832174,0.0008279468488017743,-8.25599909262215e-6,2.251197314742156e-6,-0.0
-0.0,-0.0,-0.0,-0.0,0.0002602715873958048,-0.0002083325017444319,-0.0004102788177553482,-0.00310512555656031,-0.0002159630477429383,-0.0012357761692664408,-0.0006487214057771558,-3.1826399935320345e-5,-0.0003945228178106342,-0.0018914271533688124,-0.0018996881969565336,-5.3133940947195134e-5,-1.6364949382199e-5,-0.0
-0.0,-0.0,-0.0,-0.0,1.5434117348261082e-9,-1.7879865330271396e-9,-3.3986480471299875e-9,-2.8204188172335132e-8,-1.8392981257791523e-9,-9.020988255896205e-9,-4.799326600009795e-9,-2.434077275829755e-10,-2.8538209637317266e-9,-1.385370098001011e-8,-1.3367453169976512e-8,-3.8412163478805266e-10,-9.544226790923606e-11,-0.0
-0.0,-0.0,-0.0,-0.0,1.492224271251425e-9,-1.7286877111650453e-9,-3.285931418459679e-9,-2.7268792392153994e-8,-1.7782975490320368e-9,-8.721805932588983e-9,-4.640156244359923e-9,-2.3533507671473354e-10,-2.759173596340185e-9,-1.339424106566587e-8,-1.2924119729783959e-8,-3.7138218762610615e-10,-9.227691056717198e-11,-0.0
-0.0,-0.0,-0.0,-0.0,-9.094616612846491e-5,7.002616400825728e-5,0.00026073217597790327,0.005879518583575299,-2.2854298815449298e-5,-0.0005054727157108153,-0.00024497520689142774,-8.046303794431228e-6,-0.00014820847949741184,-0.0008634985861819256,-0.00027827431089907185,-2.6769123585856132e-5,-5.347293471446216e-6,-0.0
0.0,0.0,0.0,0.0,8.773090655177831e-10,-1.0163307416482005e-9,-1.931866060178683e-9,-1.6031878866742436e-8,-1.0454973771024083e-9,-5.127727486565475e-9,-2.728042438616251e-9,-1.3835828839543066e-10,-1.6221743985029794e-9,-7.874747342062857e-9,-7.598353425722855e-9,-2.1834315810962502e-10,-5.4251477018915236e-11,0.0
-0.0,-0.0,-0.0,-0.0,-2.644124822090182e-5,7.247771712056e-6,0.00022921288393736112,0.0001104940523561338,0.0006618791016208251,-4.369554702667557e-6,2.0451522934293287e-7,9.319636866929744e-7,1.403972503285192e-5,-3.164863709359459e-5,0.0001699975639180243,-1.4756017416714743e-6,4.953120701587161e-7,-0.0
-0.0,-0.0,-0.0,-0.0,4.194520911486137e-10,-4.85602268579323e-10,-9.23085796483754e-10,-7.659423218212979e-9,-4.995188618923107e-10,-2.450654624132111e-9,-1.3037620930837104e-9,-6.611928805981014e-11,-7.752848072991697e-10,-3.763495084290377e-9,-3.631650934389777e-9,-1.0435281642566138e-10,-2.5939209044103973e-11,-0.0
-0.0,-0.0,-0.0,-0.0,-2.523045097631328e-9,2.9228562617310097e-9,5.555835883920538e-9,4.6105933490060875e-8,3.0067363184012498e-9,1.474678442683869e-8,7.845552208205206e-9,3.979033325746758e-10,4.665196472581907e-9,2.2646913627621705e-8,2.1852034947364027e-8,6.279310857687865e-10,1.5602132513396855e-10,-0.0
-0.0,-0.0,-0.0,-0.0,4.006824259533171e-10,-4.6417606144251714e-10,-8.823170862879813e-10,-7.322040058290594e-9,-4.774969746410648e-10,-2.3419230086356256e-9,-1.2459447904353875e-9,-6.319065503595428e-11,-7.408754764081051e-10,-3.5965351184579577e-9,-3.4703011706976805e-9,-9.972114681929875e-11,-2.4777599661301978e-11,-0.0
0.0,0.0,0.0,0.0,-2.643992452000391e-5,7.246249354454409e-6,0.00022920988992001089,0.00011047004047123418,0.0006618772310478352,-4.377216890224956e-6,2.0043765267690473e-7,9.317564576870152e-7,1.4037293888327338e-5,-3.166039243896734e-5,0.00016998612767710883,-1.475927405513222e-6,4.952307442432999e-7,0.0
-0.0,-0.0,-0.0,-0.0,-1.2591535958610168e-9,1.458683784741075e-9,2.7727014225626104e-9,2.3009676683395964e-8,1.5005450559995937e-9,7.359546072248128e-9,3.915409710239675e-9,1.9857806445845293e-10,2.328217961573508e-9,1.130219303526308e-8,1.0905500031246084e-8,3.133759620117879e-10,7.786417009431302e-11,-0.0
-0.0,-0.0,-0.0,-0.0,-1.4293833268559186e-8,1.6558451192971178e-8,3.148469577714747e-8,2.6125226170638856e-7,1.7030711519829582e-8,8.425431843816047e-8,4.443618563961173e-8,2.2537623935106823e-9,2.6423629782978972e-8,1.2824314620766772e-7,1.2382082119659274e-7,3.555575657436109e-9,8.840479077592267e-10,-0.0
0.0,0.0,0.0,0.0,4.488046315449689e-10,-5.199238923424335e-10,-9.882839106060035e-10,-8.201421568889255e-9,-5.348446548455953e-10,-2.623189401074132e-9,-1.3955835254006647e-9,-7.077989153100179e-11,-8.29855076917688e-10,-4.0284811969095905e-9,-3.887086472090378e-9,-1.116977178467555e-10,-2.775340464069304e-11,0.0
-0.0,-0.0,-0.0,-0.0,-1.4279361582414414e-8,1.654212262449637e-8,3.1443666772429554e-8,2.609399632111197e-7,1.7016848036504897e-8,8.346052450763501e-8,4.440248695308825e-8,2.251963536097345e-9,2.6403026774090166e-8,1.2817189396974798e-7,1.2367321875244435e-7,3.55382273138114e-9,8.830142993175455e-10,-0.0
-0.0,-0.0,-0.0,-0.0,4.743233693709978e-10,-5.494864243733933e-10,-1.0444770882360026e-9,-8.667749034648218e-9,-5.652555721579674e-10,-2.7723422340474487e-9,-1.4749354915321515e-9,-7.480438989640437e-11,-8.770400937602725e-10,-4.257538002079466e-9,-4.108103670855751e-9,-1.1804877708573387e-10,-2.9331445144963445e-11,-0.0
-0.0,-0.0,-0.0,-0.0,-7.147148286370497e-9,8.279275778514172e-9,1.5747438909571252e-8,1.306542860432009e-7,8.51394054185454e-9,4.2483117833975595e-8,2.2213162230558008e-8,1.1266760114199993e-9,1.3209165407034922e-8,6.409432942917879e-8,6.192354868398192e-8,1.7769211007273919e-9,4.421076291501195e-10,-0.0
0.0,0.0,0.0,0.0,-7.13892842784783e-9,8.270189726563114e-9,1.572017665488623e-8,1.3045623297606397e-7,8.507527419922905e-9,4.172586481243444e-8,2.219890395976007e-8,1.125863114649371e-9,1.3200122241480155e-8,6.407919374962105e-8,6.183009317428578e-8,1.7767241187688488e-9,4.4146062467003826e-10,0.0
-0.0,-0.0,-0.0,-0.0,-9.286613449537113e-10,1.0758204933836667e-9,2.0449456162561627e-9,1.6970286482516637e-8,1.1066943607445986e-9,5.427873100035539e-9,2.8877252362344954e-9,1.4645693137655678e-10,1.717126512491e-9,8.335686604034193e-9,8.04311431267972e-9,2.3112362264271679e-10,5.74270264899013e-11,-0.0
-0.0,-0.0,-0.0,-0.0,4.743492217793692e-10,-5.495163736145118e-10,-1.0445340155234332e-9,-8.668221466036743e-9,-5.652863808196749e-10,-2.772493339295427e-9,-1.4750158820038901e-9,-7.480846704315309e-11,-8.770878960937003e-10,-4.257770056101007e-9,-4.108327579082041e-9,-1.1805521126428006e-10,-2.933304368061181e-11,-0.0
-0.0,-0.0,-0.0,-0.0,-2.9058291147772787e-5,2.7319076069476602e-5,7.214644754196457e-5,0.00037541411483568634,2.1525947300988752e-5,0.00011084947762425603,0.001839480287616018,5.313509693147232e-6,3.547374724111735e-5,0.00012003991423002839,0.0004362612548315647,-6.625358299287238e-7,2.3551963231405416e-6,-0.0
-0.0,-0.0,-0.0,-0.0,1.4061535999064452e-7,-1.1266685741736328e-7,-2.2185626679784316e-7,-1.6828556414647902e-6,-1.1675621016608818e-7,-6.675527370911641e-7,-3.4331340194117915e-7,-1.718820880208942e-8,-2.1311883091246654e-7,-1.0218806944498664e-6,-1.0253258022804587e-6,-2.872004080865397e-8,-8.83180219713527e-9,-0.0
-0.0,-0.0,-0.0,-0.0,-4.6284727251715186e-10,5.361917818153423e-10,1.0192063086565614e-9,8.458035706398035e-9,5.515793990818657e-10,2.7052663224032457e-9,1.439249885693035e-9,7.299452225640373e-11,8.55820399247905e-10,4.154528269895397e-9,4.008709461736265e-9,1.1519262543286798e-10,2.862178196140758e-11,-0.0
-0.0,-0.0,-0.0,-0.0,-2.849786555873152e-5,2.6804245707282038e-5,7.08338555083197e-5,0.00036825563360846057,2.1102914486532126e-5,0.00010863004080884505,0.0018093130383877293,5.216314048154574e-6,3.4763808556506714e-5,0.00011745087714203279,0.00042852078907141205,-6.695736537804258e-7,2.311365061854051e-6,-0.0
-0.0,-0.0,-0.0,-0.0,-5.444435390204786e-9,6.3071809813687465e-9,1.19888421187666e-8,9.949119661003052e-8,6.488184302192705e-9,3.1821831177677047e-8,1.6929781487629846e-8,8.586287219678736e-10,1.006694680170737e-8,4.886938340381192e-8,4.7154128361161416e-8,1.3550016320077305e-9,3.366757186921666e-10,-0.0
-0.0,-0.0,-0.0,-0.0,1.6031540835777568e-10,-1.8571958723685048e-10,-3.5302028715113014e-10,-2.9295915308870644e-9,-1.9104936392665534e-10,-9.370172457286545e-10,-4.985098793500006e-10,-2.5282954731813882e-11,-2.964286599148388e-10,-1.438994969805096e-9,-1.3884880196792505e-9,-3.989902065589519e-11,-9.913663840188324e-12,-0.0
-0.0,-0.0,-0.0,-0.0,-0.00014660953054974118,3.800753077582095e-5,0.00011553527608875641,0.0006000914426799444,3.0362985431301255e-5,0.00010134825743981384,7.616733268673789e-5,8.654391769626834e-5,4.348255250763795e-5,5.986019841898742e-5,0.0006942652710206789,-1.8213577734884816e-6,3.83780489104575e-6,-0.0
-0.0,-0.0,-0.0,-0.0,5.039411780897393e-6,-4.040363700490024e-6,-7.956288622501487e-6,-6.032898167816166e-5,-4.186907119368186e-6,-2.3955626661232715e-5,-1.2574058601982401e-5,-6.100150647780405e-7,-7.647226894714422e-6,-3.667141323939948e-5,-3.679185460934354e-5,-1.0304093614933265e-6,-3.1705735295589805e-7,-0.0
-0.0,-0.0,-0.0,-0.0,-2.6709414162455054e-9,3.094188781473236e-9,5.881508852669796e-9,4.880857950089905e-8,3.182985732446001e-9,1.5611214155904155e-8,8.305444238802075e-9,4.2122770325762486e-10,4.93866181190941e-9,2.397443458676098e-8,2.3132961522898902e-8,6.64739264672697e-10,1.6516701120597446e-10,-0.0
-0.0,-0.0,-0.0,-0.0,-0.00011866508608769782,2.9286326830230215e-5,9.136097188426054e-5,0.0004642634820612294,2.2877849060744782e-5,7.097498392570216e-5,5.627266944904294e-5,7.132506912463055e-5,3.187188007318667e-5,2.9757707715961565e-5,0.0005549523972115322,-2.064455602770847e-6,3.006335112103167e-6,-0.0
-0.0,-0.0,-0.0,-0.0,-1.1122402075203133e-9,1.2884899519498855e-9,2.4491928589605783e-9,2.0324992658969043e-8,1.3254670056965427e-9,6.5008614498111475e-9,3.4585741799732506e-9,1.754087099080997e-10,2.056570093625847e-9,9.983494936282502e-9,9.633086561070806e-9,2.7681241319550834e-10,6.877926669051988e-11,-0.0
-0.0,-0.0,-0.0,-0.0,4.721267581030973e-10,-5.469417307527152e-10,-1.0396400723215333e-9,-8.6276083358758e-9,-5.626378505429892e-10,-2.7595034062036537e-9,-1.46810500615702e-9,-7.445796769686645e-11,-8.729784855855793e-10,-4.2378211716225026e-9,-4.089078875564201e-9,-1.1750208840710715e-10,-2.919560989196434e-11,-0.0
-0.0,-0.0,-0.0,-0.0,-1.107251117569776e-5,2.6888719549424768e-5,7.941201913146321e-5,0.0001955069215776457,1.6606115996610886e-5,0.00010786746518199575,4.072161289358747e-5,3.830937035415527e-6,0.0008946098017671531,8.907138025532402e-5,0.0006338048595491245,-7.356364106351931e-7,3.3976389664576794e-6,-0.0
-0.0,-0.0,-0.0,-0.0,4.713209177981e-10,-5.460081939806244e-10,-1.0378655819345064e-9,-8.612882468499369e-9,-5.616775230174441e-10,-2.754793401162676e-9,-1.4655991989417609e-9,-7.433088054745061e-11,-8.714884588596474e-10,-4.230587926500899e-9,-4.082099508384679e-9,-1.1730153218786378e-10,-2.914577798334927e-11,-0.0
-0.0,-0.0,-0.0,-0.0,-5.322849529849952e-10,6.166328181610927e-10,1.1721105751684448e-9,9.726934602859164e-9,6.343289321119239e-10,3.1111181812528164e-9,1.6551703330858473e-9,8.394537104121515e-11,9.84213039788597e-10,4.777802580106278e-9,4.610107593936239e-9,1.3247415557717523e-10,3.2915703340273265e-11,-0.0
-0.0,-0.0,-0.0,-0.0,-1.1072070294452271e-5,2.6888208804487858e-5,7.941104829513836e-5,0.00019549886494741174,1.6605590594327493e-5,0.00010786488830348381,4.0720241948281325e-5,3.830867505101989e-6,0.0008946089865627532,8.906742289462368e-5,0.0006338010410869578,-7.357461363950231e-7,3.397611703022562e-6,-0.0
-0.0,-0.0,-0.0,-0.0,-1.0621985037390887e-8,1.230518451542153e-8,2.3389992342704422e-8,1.941053435020679e-7,1.2658318389015442e-8,6.208375896953368e-8,3.302966656680807e-8,1.6751675377940604e-9,1.9640412761147272e-8,9.534319390384559e-8,9.199676551829906e-8,2.6435812040583876e-9,6.568476225352348e-10,-0.0
-0.0,-0.0,-0.0,-0.0,4.845518022043053e-10,-5.613356928309693e-10,-1.0670004629502074e-9,-8.854662636249052e-9,-5.774448909171615e-10,-2.832125745546767e-9,-1.5067413854247444e-9,-7.64174912631197e-11,-8.959528150936743e-10,-4.349348661196457e-9,-4.196691890604358e-9,-1.2059441167215082e-10,-2.9963956745179854e-11,-0.0
-0.0,-0.0,-0.0,-0.0,-4.3491555609035316e-5,5.388702179190359e-5,0.00018179476560608996,0.0009280929094819417,7.276253769987465e-5,0.003288082200158255,7.168487562707246e-5,4.974747802883581e-6,0.0001840095430445708,0.005727505084048085,0.0009297138302499312,-1.5778417186426942e-6,4.955998765460472e-6,-0.0
-0.0,-0.0,-0.0,-0.0,4.193251018744547e-10,-4.857729262672951e-10,-9.23368927394623e-10,-7.662714899006188e-9,-4.997136243313585e-10,-2.4508863910105226e-9,-1.303915251899979e-9,-6.613074633597011e-11,-7.753464214363261e-10,-3.763872229589731e-9,-3.631764956847579e-9,-1.0436090376441491e-10,-2.593043481194161e-11,-0.0
-0.0,-0.0,-0.0,-0.0,-5.3185015197841455e-9,6.161291163126849e-9,1.1711531261085353e-8,9.718989066139523e-8,6.3381077408876616e-9,3.1085768365257074e-8,1.6538182949506997e-8,8.387679952447627e-10,9.834090779892629e-9,4.773899792843451e-8,4.6063418042319984e-8,1.3236594291754814e-9,3.2888815684053987e-10,-0.0
-0.0,-0.0,-0.0,-0.0,-4.348635926016451e-5,5.388100201015505e-5,0.0001817833230593488,0.0009279979517994602,7.275634516258239e-5,0.0032880518283521895,7.166871728473025e-5,4.973928299286701e-6,0.0001839999348182105,0.00572745844149549,0.0009296688247931626,-1.579134976933154e-6,4.95567743104049e-6,-0.0
-0.0,-0.0,-0.0,-0.0,5.53156742533843e-9,-6.408120288943396e-9,-1.2180710018175263e-8,-1.010834407419918e-7,-6.5920203609869846e-9,-3.2331103610025826e-8,-1.720072349740634e-8,-8.723701038860545e-10,-1.0228056909777851e-8,-4.9651482642961786e-8,-4.790877689446016e-8,-1.3766869015017398e-9,-3.4206383405907965e-10,-0.0
-0.0,-0.0,-0.0,-0.0,4.383096378564849e-10,-5.077658220868735e-10,-9.651735569784552e-10,-8.009636856958595e-9,-5.223376728129872e-10,-2.5618478855999365e-9,-1.3629487454851745e-9,-6.912475150522402e-11,-8.104494751151189e-10,-3.934277879918838e-9,-3.796189577408728e-9,-1.0908574210386354e-10,-2.710441001449664e-11,-0.0
-0.0,-0.0,-0.0,-0.0,-7.100053963262e-6,1.283715798742091e-5,3.71406671600656e-5,0.00011000467511632725,7.807370999778297e-6,4.821889212016061e-5,2.336706161993858e-5,1.6506701185595497e-6,1.9428547501484366e-5,3.957483741367214e-5,0.0011127762480205423,-1.553897102038664e-7,1.5739697371826416e-6,-0.0
-0.0,-0.0,-0.0,-0.0,6.73092954629378e-8,-5.400291457120994e-8,-1.0629342215392878e-7,-8.072300936497012e-7,-5.5974749495074154e-8,-3.1972417982982973e-7,-1.6787391191139433e-7,-8.23697712532538e-9,-1.0204868969645337e-7,-4.895118338835803e-7,-4.863643083785898e-7,-1.37553747236268e-8,-4.222744004960399e-9,-0.0
-0.0,-0.0,-0.0,-0.0,2.8269608023118873e-9,-3.274931584167513e-9,-6.22506915430934e-9,-5.165966583669248e-8,-3.3689154867819766e-9,-1.6523121853391565e-8,-8.790595388221521e-9,-4.458331426168199e-10,-5.2271469812049865e-9,-2.5374868357032714e-8,-2.4484241798680846e-8,-7.03569098745125e-10,-1.7481501648778834e-10,-0.0
-0.0,-0.0,-0.0,-0.0,-6.923111599352567e-6,1.2557238400339412e-5,3.635831239777625e-5,0.00010741748467594425,7.624251890468319e-6,4.709950877211383e-5,2.2817418162733202e-5,1.6139016550904e-6,1.8992599021810315e-5,3.8527900716334565e-5,0.0010908366087285315,-1.6014336335126231e-7,1.5408952947248296e-6,-0.0
-0.0,-0.0,-0.0,-0.0,-1.3226692239202329e-8,1.5322643361331338e-8,2.9125651089683372e-8,2.4170356398969993e-7,1.5762372186672944e-8,7.730784501394478e-8,4.112915177309068e-8,2.0859496034780233e-9,2.445660524553438e-8,1.1872310858824476e-7,1.1455607405184284e-7,3.2918362117929e-9,8.179188085340772e-10,-0.0
-0.0,-0.0,-0.0,-0.0,4.4609948211326903e-10,-5.167900743165755e-10,-9.82327074056347e-10,-8.151987874524346e-9,-5.316209029926192e-10,-2.6073782462469546e-9,-1.3871717091475381e-9,-7.03532689603575e-11,-8.248531631466439e-10,-4.00419970955064e-9,-3.863657238874299e-9,-1.1102446494950902e-10,-2.7586122228451426e-11,-0.0
-0.0,-0.0,-0.0,-0.0,-3.367245923378764e-5,0.00010259935855427076,0.00029446544874680495,0.0009618691714467777,6.373070250396513e-5,0.0003158499959874907,0.00016436618286710808,6.9724908007910824e-6,8.807200288799077e-5,0.00020900553196513745,0.0010974971921891199,0.00019821071727467397,1.2718604929037292e-5,-0.0
-0.0,-0.0,-0.0,-0.0,2.3630944641230185e-9,-2.06580067027285e-9,-4.028205791499244e-9,-3.133955007310924e-8,-2.137098573613169e-9,-1.1747718959702204e-8,-6.187486711002804e-9,-3.061509926089003e-10,-3.742546971614078e-9,-1.8000847189768475e-8,-1.7890222404491777e-8,-4.996878409715132e-10,-1.4773776257754876e-10,-0.0
-0.0,-0.0,-0.0,-0.0,-6.615249428468328e-9,7.663526594915827e-9,1.4567016699570628e-8,1.208865629182805e-7,7.883454283817956e-9,3.866504703468557e-8,2.0570494333432525e-8,1.0432749679650828e-9,1.2231821905777138e-8,5.937863844033378e-8,5.729452153449614e-8,1.6463917981116582e-9,4.0907710202480797e-10,-0.0
-0.0,-0.0,-0.0,-0.0,-3.365915472366942e-5,0.00010257356798087783,0.00029439945450947914,0.0009615747650859572,6.371127241036541e-5,0.0003157533263528247,0.00016431541737373616,6.970152890729925e-6,8.804341852426278e-5,0.00020890403023121284,0.001097246623482228,0.0001981751912605281,1.2715972946757028e-5,-0.0
-0.0,-0.0,-0.0,-0.0,2.4914535263325403e-8,-2.8862585702065556e-8,-5.486270097086702e-8,-4.5528631494294515e-7,-2.969088345203668e-8,-1.4562136896770932e-7,-7.747316435286745e-8,-3.929211022497394e-9,-4.606782578818745e-8,-2.2363346947835678e-7,-2.1578421083268867e-7,-6.200686301480391e-9,-1.5406774869402855e-9,-0.0
-0.0,-0.0,-0.0,-0.0,4.5793802370365207e-10,-5.30504595557253e-10,-1.0083959679483404e-9,-8.368324481795667e-9,-5.457290034197856e-10,-2.676572581306676e-9,-1.4239843284849188e-9,-7.222029671440392e-11,-8.467430309438047e-10,-4.110462747102037e-9,-3.9661905740101706e-9,-1.1397082069988176e-10,-2.8318200278854576e-11,-0.0
-0.0,-0.0,-0.0,-0.0,-2.6184701991682827e-7,9.036043579839153e-7,2.8060842645885733e-6,5.894254363540112e-6,1.0026040309705328e-6,2.4238109137871296e-6,1.6033861268627133e-6,7.761771136734699e-8,9.488826573071914e-7,9.136177289498555e-7,1.0922727558996734e-5,-9.954917264628044e-9,6.257400963623749e-6,-0.0
0.0,0.0,0.0,0.0,4.3261619940240107e-10,-5.011701801702994e-10,-9.526364015990214e-10,-7.905595396521477e-9,-5.155527497675234e-10,-2.528570673692496e-9,-1.3452446768223155e-9,-6.82268531097217e-11,-7.999221134166837e-10,-3.883173439494757e-9,-3.746878841831869e-9,-1.0766876902457806e-10,-2.675233633822602e-11,0.0
-0.0,-0.0,-0.0,-0.0,1.2460817805946303e-8,-1.4435405599226717e-8,-2.743916809656367e-8,-2.2770803308557754e-7,-1.4849672501875768e-8,-7.283143467016738e-8,-3.874762164618015e-8,-1.9651654006302594e-9,-2.30404772872225e-8,-1.1184860118916732e-7,-1.0792285339243349e-7,-3.1012267119857286e-9,-7.70558280854658e-10,-0.0
-0.0,-0.0,-0.0,-0.0,-2.743043029280595e-7,9.180356686516813e-7,2.8335156489395968e-6,6.121897802054917e-6,1.017449491024235e-6,2.4966216881634162e-6,1.6421227568632586e-6,7.958231930407397e-8,9.719165986381007e-7,1.0254346017371558e-6,1.1030619797613829e-5,-6.854570286250205e-9,6.2581713033177e-6,-0.0
-0.0,-0.0,-0.0,-0.0,0.0011065278261338934,0.0005987782292944664,0.0011381721401636916,0.009445291432794392,0.0006159619516317759,0.003021035826057133,0.0016072449171556393,8.151473479252295e-5,0.0009557151751449025,0.00463946142013666,0.004476622052853731,0.0001286383694784121,3.196262966543959e-5,-0.0
-0.0,-0.0,-0.0,-0.0,-7.316301789994511e-5,-0.00019575195174605328,-1.9166469429369036e-5,-0.00040082246999308726,-7.639352363889453e-6,-5.332956091113575e-5,-2.6669889939072943e-5,-1.0303123522482133e-6,-1.1230234436971718e-5,-4.319518313465858e-5,-0.00010885898697692806,-9.619881522450348e-7,-1.5251010891245933e-6,-0.0
-0.0,-0.0,-0.0,-0.0,-3.8327616808353566e-5,-0.0010015058639688738,-9.805616859750179e-5,-0.00205066227270472,-3.9082634853784996e-5,-0.00027283590073288257,-0.00013644379625165032,-5.2710433948211575e-6,-5.745329704522876e-5,-0.00022098137573205095,-0.0005569315481741443,-4.921338717222895e-6,-7.802636740631281e-6,-0.0
-0.0,-0.0,-0.0,-0.0,0.0016317738431645425,0.0005987793748482381,0.0011381743176599923,0.009445309503072142,0.0006159631300605244,0.0030210416057574645,0.0016072479920592837,8.151489074258984e-5,0.0009557170035731734,0.0046394702961305425,0.004476630617312063,0.00012863861558313366,3.1962690814807495e-5,-0.0
-0.0,-0.0,-0.0,-0.0,-7.368581530130193e-5,-9.635962274035504e-6,-0.0006364536060919421,-0.0002854147705706469,-4.3362947389060454e-5,-5.158552904831529e-5,-2.6045434788176693e-5,-9.264248885854979e-7,-9.008721103294216e-6,-4.13321952183265e-5,-9.475219574132006e-5,-8.470510228384184e-7,-1.641568046593498e-6,-0.0
-0.0,-0.0,-0.0,-0.0,-4.663974642673409e-5,-3.489145657419031e-5,-0.002304642378733766,-0.0010334907786920613,-0.00015701927066398588,-0.00018678958415900977,-9.430955849675181e-5,-3.354507348349357e-6,-3.261954071423582e-5,-0.00014965866501215333,-0.00034309662546553373,-3.0670056364599013e-6,-5.944179788086529e-6,-0.0
-0.0,-0.0,-0.0,-0.0,0.00135971941132071,0.0005987774364087291,0.0011381706330273848,0.009445278925597853,0.0006159611359917771,0.003021031825684015,0.0016072427888858412,8.151462685293663e-5,0.0009557139096129693,0.004639455276688389,0.0044766161250333406,0.00012863819913898927,3.196258734141194e-5,-0.0
-0.0,-0.0,-0.0,-0.0,-0.0007504795662432301,-0.0003067753695033116,-0.0005774114420192659,-0.008347759999485435,-0.00010259089499626447,-0.0006764622565158166,-0.00029389161733715677,-1.0389057579123396e-5,-6.950799520053149e-5,-0.0004965242064428558,-0.00043159117784746857,-9.605700656723384e-6,-1.2177670426932683e-5,-0.0
-0.0,-0.0,-0.0,-0.0,-0.00031131187853479113,-0.0013163741607178626,-0.0024776744636746547,-0.03582027328763623,-0.0004402174838244703,-0.002902700231047865,-0.0012610889470042594,-4.457942303919189e-5,-0.0002982582606495612,-0.0021305835574636743,-0.0018519557440158313,-4.1217989247947015e-5,-5.225441764905036e-5,-0.0
-0.0,-0.0,-0.0,-0.0,0.0003479569832929772,0.0005987678564790633,0.001138152423265312,0.009445127809170218,0.000615951281137718,0.003020983491745309,0.0016072170743687058,8.151332268826652e-5,0.0009556986190036036,0.004639381049352284,0.004476544502983388,0.00012863614103728876,3.1962075967192006e-5,-0.0
0.0,0.0,0.0,0.0,-7.941894794362582e-5,-1.2104253850030904e-5,-0.0001339122009669472,-0.0001683319621244278,-0.0002485954674634685,-4.002779964878545e-5,-2.6965699405515084e-5,-9.476248564445822e-7,-1.2952303580757328e-5,-5.46631642628923e-5,-6.953818608510163e-5,-9.910065817956856e-7,-1.999219762361527e-6,0.0
-0.0,-0.0,-0.0,-0.0,-7.218254187792483e-6,-0.00012686097966146362,-0.0014035329750474107,-0.0017642275806511404,-0.0026055385680054557,-0.00041951149168375465,-0.0002826172398405425,-9.931512357283436e-6,-0.0001357468221297756,-0.0005728937170109301,-0.0007288008503099901,-1.0385853493122224e-5,-2.0953700681980892e-5,-0.0
-0.0,-0.0,-0.0,-0.0,-0.00010283150174626203,0.0005987787357746147,0.001138173102893416,0.009445299422151977,0.000615962472647102,0.003021038381419352,0.0016072462766538412,8.151480374227615e-5,0.0009557159835426183,0.0046394653444553026,0.004476625839431621,0.00012863847828802665,3.196265670122285e-5,-0.0
-0.0,-0.0,-0.0,-0.0,-1.545166152767647e-5,-2.6556112408931913e-6,-7.784578267176013e-6,-3.463946450149823e-5,-1.8720290301234772e-6,-0.00013598696999609858,-7.885660603200575e-6,-2.4527215581105957e-7,-2.004245224126087e-6,-6.497491465840711e-5,-1.8953063045664436e-5,-2.7791401885896483e-7,-4.0916973454326554e-7,-0.0
-0.0,-0.0,-0.0,-0.0,1.154889451682365e-5,-6.101642299240011e-5,-0.00017887373780142674,-0.0007958587587571104,-4.300872945871865e-5,-0.0031250324744440425,-0.00018118753567199442,-5.634962897994877e-6,-4.6040533178514244e-5,-0.0014930859504671517,-0.00043546945533232253,-6.384179639004496e-6,-9.402430182535612e-6,-0.0
-0.0,-0.0,-0.0,-0.0,0.0002704984026461433,0.0005987817026457715,0.001138178742393852,0.009445346222388013,0.0006159655246613796,0.003021053350273331,0.0016072542403510234,8.151520763757245e-5,0.0009557207189915521,0.004639488332404993,0.004476648020533276,0.00012863911567501644,3.196281507204982e-5,-0.0
0.0,0.0,0.0,0.0,-1.6472102651411216e-5,-2.9277095612595497e-6,-9.406031168555712e-6,-3.222971106273922e-5,-2.521381884816816e-6,-1.5074026165904026e-5,-9.488891359961067e-5,-4.444506404852737e-7,-3.918597478177884e-6,-1.6335597203110977e-5,-3.0303921831229434e-5,-2.7519652778075217e-7,-4.104861470595291e-7,0.0
-0.0,-0.0,-0.0,-0.0,-4.932491317828443e-6,-3.398632501715549e-5,-0.00010919699834565276,-0.0003741130563399652,-2.9268567957819855e-5,-0.00017498743322680554,-0.0011016781540580008,-5.159490880812103e-6,-4.548766415554914e-5,-0.0001896201615190107,-0.00035179862942991385,-3.193969615417385e-6,-4.765596756294392e-6,-0.0
0.0,0.0,0.0,0.0,0.003190643639352153,0.0005987699079848702,0.0011381563228171371,0.00944516017018048,0.0006159533915170609,0.0030209938422737937,0.0016072225810345475,8.151360197015209e-5,0.0009557018934292352,0.004639396944851047,0.004476559840574507,0.00012863658177183254,3.196218547604479e-5,0.0
-0.0,-0.0,-0.0,-0.0,-0.00047582289598279,-8.43373977644326e-5,-0.00020976102939523978,-0.0007975096771482884,-5.222874479506899e-5,-0.000238179405470778,-0.00023340622183003906,-5.412842224432726e-5,-6.644178253372076e-5,-0.00023248123440421017,-0.0004412031216928279,-5.373223962106703e-6,-8.414534776830486e-6,-0.0
-0.0,-0.0,-0.0,-0.0,-0.00024639964012851455,-0.00014152581782604252,-0.00035199818462570054,-0.0013382924777354751,-8.764450007745567e-5,-0.00039968625292240736,-0.0003916768679236178,-9.083251052990606e-5,-0.00011149519099966051,-0.00039012366194642994,-0.0007403784944165785,-9.01672854367925e-6,-1.412036312555082e-5,-0.0
-0.0,-0.0,-0.0,-0.0,-0.0004741780034092968,0.0005987785587818339,0.0011381727664612658,0.009445296630219875,0.0006159622905750545,0.003021037488432086,0.0016072458015686597,8.151477964735433e-5,0.0009557157010429893,0.004639463973078238,0.004476624516187592,0.0001286384402638524,3.196264725339412e-5,-0.0
-0.0,-0.0,-0.0,-0.0,-1.649154230305475e-6,-3.7839621964175207e-7,-8.907612903509783e-7,-2.5125646398371964e-6,-3.3427720205697383e-7,-8.046233913171226e-7,-9.270720584970382e-7,-2.9798419986367764e-8,-4.649667513320769e-6,-2.3889518257125296e-6,-2.894793091412373e-6,-3.10532179289699e-8,-4.910413345329888e-8,-0.0
0.0,0.0,0.0,0.0,2.9049897619880933e-5,-8.749803240019686e-5,-0.00020602981080999287,-0.0005798694127393906,-7.727839375170914e-5,-0.0001856980723226032,-0.00021434174970411351,-6.88336397438067e-6,-0.0010764725287021818,-0.0005522305946589963,-0.0006693956235295554,-7.16426681660635e-6,-1.1363912506130956e-5,0.0
-0.0,-0.0,-0.0,-0.0,-7.106069938807175e-5,0.000598781253606622,0.0011381778888493782,0.009445339139122133,0.0006159650627357812,0.0030210510847213682,0.0016072530350369715,8.151514650758984e-5,0.0009557200022763231,0.004639484853154587,0.004476644663399704,0.00012863901920582654,3.196279110245446e-5,-0.0
0.0,0.0,0.0,0.0,-2.64574474531207e-6,-4.3698203497176925e-7,-1.1832954572104152e-6,-5.0660938210965245e-6,-4.447577006924161e-7,-9.474538145171242e-6,-1.4698364476281004e-6,-4.448770620559118e-8,-9.07325327759144e-7,-1.7899950294413238e-5,-4.316983660400366e-6,-5.179826267351533e-8,-5.7089816665103966e-8,0.0
-0.0,-0.0,-0.0,-0.0,1.310464924721995e-6,-9.285405432809751e-6,-2.515180693389655e-5,-0.00010760752046832184,-9.45052157965911e-6,-0.00020148946408502202,-3.1239229090894445e-5,-9.449750090387877e-7,-1.9284481492813163e-5,-0.0003806855307938452,-9.17552431897104e-5,-1.0996998757699035e-6,-1.2138670782793487e-6,-0.0
0.0,0.0,0.0,0.0,0.00011163475643392171,0.0005987802746134528,0.0011381760279554802,0.00944532369621602,0.0006159640556474512,0.0030210461453742186,0.00160725040721623,8.151501323225119e-5,0.0009557184396966968,0.004639477267706323,0.004476637344191606,0.00012863880888406393,3.196273884404809e-5,0.0
-0.0,-0.0,-0.0,-0.0,-2.7526370988379056e-5,-1.3076055740495566e-5,-3.175133183240921e-5,-6.59047207164925e-5,-5.919169657954776e-6,-2.4303113106770424e-5,-2.1778675457753305e-5,-5.969179756077707e-7,-8.646737879836737e-6,-3.0625078699639354e-5,-0.00024913301184634033,-5.348221497891282e-7,-9.9090356145467e-7,-0.0
-0.0,-0.0,-0.0,-0.0,-7.708364325772926e-6,-0.00019348997881770633,-0.0004698367021467535,-0.0009751380087139801,-8.758370059086602e-5,-0.000359598388333002,-0.000322258175230089,-8.832150202685531e-6,-0.00012794186135892748,-0.00045313131742911376,-0.0036865672852512553,-7.912739987036063e-6,-1.4662822107901833e-5,-0.0
-0.0,-0.0,-0.0,-0.0,-0.00012864895933710726,0.0005987809539644212,0.0011381773192822486,0.009445334412484277,0.0006159647544944703,0.0030210495729266224,0.0016072522307352137,8.151510571577069e-5,0.0009557195240148037,0.004639482531463056,0.004476642423196586,0.00012863895483227502,3.196277510763048e-5,-0.0
-0.0,-0.0,-0.0,-0.0,-6.2639441138290484e-6,-9.078306928221785e-7,-2.446100543716744e-6,-9.757557184291705e-6,-8.280747946166747e-7,-4.4486658037381655e-6,-2.2700170232702877e-6,-1.0182886467683294e-7,-1.2938871337336087e-6,-4.912606138103376e-6,-8.389693024741361e-6,-8.427971994611626e-7,-1.2950312903921793e-7,-0.0
-0.0,-0.0,-0.0,-0.0,3.7320461666625483e-6,-2.229760444075829e-5,-6.008979697123265e-5,-0.00023959535256081068,-2.033720190071319e-5,-0.00010926366985030106,-5.57524844416631e-5,-2.500755406805765e-6,-3.177751915047476e-5,-0.00012063077340694392,-0.0002060852048781675,-2.0709381145324362e-5,-3.1819172383894976e-6,-0.0
-0.0,-0.0,-0.0,-0.0,-7.30467222332136e-5,0.0005987814990373575,0.0011381783553700696,0.009445343010613675,0.000615965315209886,0.003021052323001288,0.0016072536938239689,8.151517991932904e-5,0.0009557203940104767,0.004639486754804302,0.004476646498303872,0.00012863907193287738,3.196280420348492e-5,-0.0
0.0,0.0,0.0,0.0,-2.944838951818181e-6,-5.123217809654937e-7,-1.58014830477736e-6,-4.606067189230346e-6,-5.887193417622721e-7,-2.6030629172263316e-6,-1.244722562888931e-6,-5.420127939156833e-8,-7.095094106654562e-7,-2.299446701457831e-6,-4.667593560922821e-6,-5.341203090540698e-8,-1.077138976052684e-6,0.0
-0.0,-0.0,-0.0,-0.0,9.212527007113345e-7,-1.0938375496032923e-5,-3.3749700659083885e-5,-9.827010159791584e-5,-1.2570790277006887e-5,-5.557732394298173e-5,-2.657285953635749e-5,-1.1569068148136368e-6,-1.5146201575862722e-5,-4.9059872156792064e-5,-9.967329584824935e-5,-1.1392021251367787e-6,-2.301936187336449e-5,-0.0
-0.0,-0.0,-0.0,-0.0,-0.00048234946373277004,0.0012194206603839627,0.0021524984010846296,0.018074984322097257,0.0009127734731578392,0.0034976498114053893,0.001986876612750368,0.0001051733052858772,0.0011024361128027307,0.004654948715825074,0.006195481511452315,0.00011521263516438823,2.88346166323982e-5,-0.0
0.0,0.0,0.0,0.0,-0.00022630200851455487,0.0009863227183707858,0.001346580744080874,0.013636231870241865,0.000653936386913159,-0.0009535042154232237,-0.0005089138809232979,-6.485573388789278e-6,-0.00020752437244902236,-0.0013519741831213188,0.0007315098114488072,-4.087736434111915e-5,-2.5865887466452794e-6,0.0
0.0,0.0,0.0,0.0,-0.0002675423564251903,9.538654073148362e-5,0.0007216386131888567,0.002793524780634431,0.00018972015632359358,0.005579007615412881,0.0031232989687426105,0.0001366410400731212,0.0016280060327580747,0.007541376604958171,0.006487290479816787,0.00019705417322430027,3.859606027290294e-5,0.0
-0.0,-0.0,-0.0,-0.0,6.602307886093919e-6,-1.095783949017828e-5,-2.03387472543016e-5,-0.0001504357977803184,-7.793738360818702e-6,-3.401900915860913e-5,-1.912609359087275e-5,-9.556510025832996e-7,-1.0809548352174853e-5,-4.364865661884892e-5,-6.445340839326975e-5,-1.087283135553433e-6,-4.1977542233963986e-7,-0.0
-0.0,-0.0,-0.0,-0.0,0.0003310242789142061,-0.0005480098261469693,-0.0010173989387909253,-0.00751761829353901,-0.000390247311480935,-0.0017043604810813412,-0.0009588395762944448,-4.835956192824763e-5,-0.0005415893888966502,-0.0021868912962908667,-0.0032309260322310384,-5.446335055983904e-5,-2.1038893445675232e-5,-0.0
0.0,0.0,0.0,0.0,-0.0006666677523823244,0.0013466272716399874,0.002436020702191367,0.01925989522279641,0.000984169552734006,0.004015096270165596,0.0022699070376606847,0.0001173679600655948,0.001270752234065108,0.005248080200481963,0.007362875673995075,0.0001302798009233231,4.1299066571727615e-5,0.0
0.0,0.0,0.0,0.0,-3.111956861908525e-5,-0.001050917881131771,-0.0007793363631951434,-0.01289487004124497,-0.0005565977877957053,0.00730107442381854,0.0040581833952547846,0.0001590377791527493,0.0020475923995857404,0.009943123640382443,0.0063317157777225295,0.00026631993466810414,4.5806993258833426e-5,0.0
-0.0,-0.0,-0.0,-0.0,2.9434980546258792e-5,0.0009931892998848646,0.0007364939071192312,0.012186436869306785,0.0005260090954183352,-0.006900348772767389,-0.003835443218220109,-0.00015030958642607884,-0.0019352136007172113,-0.009397411303002578,-0.005984280532536067,-0.00025170359706733273,-4.3293442553117606e-5,-0.0
0.0,0.0,0.0,0.0,0.00012606967438698118,-0.0015418413005244187,-0.002762344030503734,-0.022315810764960302,-0.0011324036728754146,-0.004536252433452106,-0.002568465059134716,-0.00013384224203595729,-0.0014345833827044295,-0.005961305276352959,-0.008230321410349054,-0.000148057844733545,-4.371659465141518e-5,0.0
-0.0,-0.0,-0.0,-0.0,0.0003779726656122824,-0.0011476173902073518,-0.002913220938960751,-0.011193135810010475,-0.0008937735449890405,-0.004588832091876523,-0.002515599549948053,-0.00010894823442657012,-0.0014398066284172935,-0.004591641008772016,-0.010023686225662031,-0.00012293243054418222,-0.00013947102342230753,-0.0
-0.0,-0.0,-0.0,-0.0,4.491953542034641e-20,-1.3006601338741462e-19,-5.006906741250741e-19,-1.0868317051255813e-18,-1.1053022554422263e-19,-2.5471644407758077e-19,-9.418377191504042e-20,-6.6385829282952936e-21,1.435081163283953e-20,-3.753341019122541e-19,-5.094594070075527e-19,2.8730574310657226e-21,2.593063086395472e-21,-0.0
-0.0,-0.0,-0.0,-0.0,-0.0004873709218833136,0.0010898037592693526,0.001266471060152384,0.020462110262702504,0.0007900348136413008,0.0021653710137793697,0.0012975431885624146,8.661498098330494e-5,0.0006873713290936396,0.004004279481902007,0.0024318333411693115,9.223203851432638e-5,-5.7420687082437165e-5,-0.0
0.0,0.0,0.0,0.0,-0.0030355612775171924,0.0059260041361481235,0.016934208957821557,0.08889392768990734,0.005115843230132042,0.01801335212864477,0.003546756307149655,0.0006239265335767599,0.006330768059661647,0.0037719082405850775,0.06646118708224406,0.00016943880726546875,0.0001348725822576788,0.0
-0.0,-0.0,-0.0,-0.0,-0.0004882796459633726,0.001195499697789619,0.00224940745674937,0.01591710320410063,0.0012441809630074322,0.004536495403621832,0.0027091153924493866,0.00012062183263759496,0.0014793299803775018,0.0060430914106445535,0.007466379455956578,0.00017163379939935162,3.7830014595825195e-5,-0.0
-0.0,-0.0,-0.0,-0.0,-0.00025228555574324183,9.540251401265509e-5,0.000720790575372329,0.0027280448988852932,0.0001880403955260771,0.005466831830478192,0.0032066682544798046,0.0001256911254116844,0.0016657723013902774,0.007372980285928166,0.006515795723410261,0.00021228373675641224,3.960667336093377e-5,-0.0
0.0,0.0,0.0,0.0,-0.00023599426776722428,0.00110009738945883,0.001528617272342135,0.01318906154969735,0.0010561407790658755,-0.000930335389122696,-0.0004975523099376392,-5.069264773568087e-6,-0.0001864419927221445,-0.001329887281616555,0.0009505852702775541,-4.064989316944836e-5,-1.7766477858660116e-6,0.0
-0.0,-0.0,-0.0,-0.0,-0.0014843415354220215,0.0033949443595011667,0.00849233267131161,0.04284017284727632,0.0032158835449806874,0.010929080814653516,0.005894251177530957,0.0002879838625434683,0.0031772389911386635,0.010741237329055884,0.019763258386352386,0.0002760675992420908,0.00028408985855898433,-0.0
-0.0,-0.0,-0.0,-0.0,-0.00032960891122137717,0.0018667682271699957,0.0027386761098035237,0.034285614149552605,0.0016224259050446157,0.003911640228958493,0.002325204906927502,0.00014941381323884406,0.0011835760800973797,0.006107817098273278,0.004559950587223434,0.0001475118820642377,-4.519510602427016e-5,-0.0
-0.0,-0.0,-0.0,-0.0,0.00015274056559625958,0.0006473475516276872,0.0005861776799055515,0.0162106295883435,0.0007096524162934199,0.0004139903410742035,0.0003383282534889939,4.4240505889384294e-5,8.113994310028341e-5,0.0014528682649981273,-0.001635531037556607,3.229924364331064e-5,-7.402972346581679e-5,-0.0
-0.0,-0.0,-0.0,-0.0,-0.001552343974519746,0.0025293159615970033,0.00843226497990223,0.046119091281298326,0.0019059153993935141,0.007070692691174357,-0.0023502799733602702,0.0003359674664269165,0.003149819941432127,-0.006989324603757686,0.04667145218510177,-0.00010668048332795046,-0.00014927461026283527,-0.0
0.0,0.0,0.0,0.0,-1.7979136951058639e-6,2.944487539790748e-7,2.3928318587692723e-6,-1.7883179585376783e-5,-5.34983487962673e-7,5.7110589803242596e-6,2.8961126435894044e-6,6.469151413880385e-8,1.966108287433358e-6,4.573239701957819e-6,1.807553166200444e-5,1.2564531167457876e-7,3.076615889149128e-7,0.0
0.0,0.0,0.0,0.0,-0.0013428513826150214,0.002712485558556916,0.0049068287329643735,0.038794819720319534,0.0019823900880594943,0.008087505163544534,0.004572217528358641,0.0002364114092104257,0.002559643555087326,0.010571058194937448,0.014830873896061414,0.0002624185970906286,8.318762871024303e-5,0.0
0.0,0.0,0.0,0.0,-0.0006666622571550481,0.0013466209056184478,0.0024360086015036593,0.019259794803432838,0.0009841630040205414,0.004015064151464197,0.002269889949938939,0.00011736709342660886,0.001270742073202375,0.00524803087518937,0.007362828079959399,0.0001302784332806946,4.12987267551154e-5,0.0
0.0,0.0,0.0,0.0,-0.0003622553450315784,-0.0011936758900021297,-0.0009812556509318933,-0.03107579499108339,-0.001348855696491329,-0.0005051124452167618,-0.000495615700782139,-7.950233250654943e-5,-5.938127856095982e-5,-0.0024967467980716823,0.0038973553141244057,-5.439173783318588e-5,0.00015249922179157827,0.0
-0.0,-0.0,-0.0,-0.0,0.00014051895921722706,-0.000699369660831855,-0.005837932135297647,0.004781184612022034,-0.0014698587073485895,-0.0054964490961494535,-0.0019659510508336776,-4.428650202234192e-5,-0.0009462409074534317,-0.0003479024578766616,-0.007582931613301292,2.718603391002038e-5,-0.00037706984377619264,-0.0
-0.0,-0.0,-0.0,-0.0,-0.0006096380773860639,0.0014457335102120957,0.004973621254913233,0.013052907516115986,0.0015510453566568415,0.006069848157383355,0.002842879209318788,0.00011740925170305482,0.0015119143005159481,0.0044080683709467414,0.009843389511494601,9.095237686558024e-5,0.0002277426906079382,-0.0
0.0,0.0,0.0,0.0,-0.0019798141411640825,-0.0034524428142750736,-0.008751843988315322,-0.05146938762310655,-0.003772157401643406,-0.009988464903119231,-0.00493725406042187,-0.0002629399856908951,-0.002421559581414348,-0.009383877348945977,-0.011481651062144294,-0.00019649626481616075,-0.00020331613912637542,0.0
-0.0,-0.0,-0.0,-0.0,-0.002317440735132312,-0.0028934751403651864,-0.007714106286545128,-0.04380133340131654,-0.0033741163432959723,-0.008250085371161432,-0.0039592883683406185,-0.00021362477163442198,-0.0018691606309680189,-0.007153337331987845,-0.008186271559679093,-0.00014094562934513833,-0.00018185746981680412,-0.0
-0.0,-0.0,-0.0,-0.0,-0.0017961800946293457,0.005443835577158444,0.015358305310736117,0.05973769148969305,0.00444544317920784,0.006265057132722396,-0.0013412803098579993,0.0002290615493420196,0.001924544240732666,-0.008192778411528377,0.03232725853423718,-0.00010238460206256766,-0.0001265277035617912,-0.0
-0.0,-0.0,-0.0,-0.0,-0.0012393811810727088,0.0004821685568869059,0.0015759036430884246,0.029156236167044613,0.0006704000487610861,0.011748294985313183,0.004888036611363385,0.0003948649839484795,0.004406223815572735,0.011964686635820752,0.03413392853228604,0.00027182340887628854,0.00026140028570722417,-0.0
-0.0,-0.0,-0.0,-0.0,0.009262392186752495,0.001346621470714453,0.002436009675651819,0.019259803717411712,0.0009841635853336602,0.0040150670025619955,0.0022698914667737976,0.00011736717035601158,0.00127074297515707,0.005248035253673778,0.0073628323047643576,0.0001302785546829528,4.129875691979659e-5,-0.0
0.0,0.0,0.0,0.0,-0.0015609229591605058,-0.00048822472921992066,-0.0013060013228886399,-0.007950222143894745,-0.000382784496190009,-0.0010722359865802196,-0.0006100973358751491,-5.906122013506814e-5,-0.00015189424986018668,-0.0009546339683663468,-0.0009169731774374597,-2.124601415525282e-5,-2.6551384505684752e-5,0.0
-0.0,-0.0,-0.0,-0.0,-0.0007565296777668276,-0.0024052366233472903,-0.006408078755476637,-0.03585089376492849,-0.002991317663626124,-0.007177779820542878,-0.0033491540231569313,-0.0001545616744960816,-0.0017172443742827562,-0.0061985965328223425,-0.007269195301071565,-0.00011969665309179653,-0.00015530534932196372,-0.0
0.0,0.0,0.0,0.0,0.0004001085876078384,-0.019156070141359356,-7.507110879478125e-5,-0.0015525901875398738,0.0005537382442627049,0.004172310801929774,0.0022849369157152736,3.575429650881433e-5,0.000827556976822891,0.006191080073723806,-0.008539853147058239,0.00018541479600622863,-1.5303765461636238e-5,0.0
0.0,0.0,0.0,0.0,0.0004414758531086036,-0.0024281269027597303,-0.001536036411911491,-0.016292945773240104,1.1035138054103096e-5,0.002675884710424294,0.001401962720407097,-3.338048761193522e-5,0.0002462092080740445,0.004060487568459013,-0.01436438805105113,0.00014146612619347722,-2.0615336834857574e-5,0.0
-0.0,-0.0,-0.0,-0.0,0.0004181602286515257,-0.016784439170224243,-0.00032306229250278305,-0.0033874088497915116,0.00037689117836670825,0.0031997256981786994,0.0017447852616302817,1.8638682584775164e-5,0.000584438320905152,0.0048230311962771675,-0.008198361916054985,0.00014729007702315162,-1.76665639073603e-5,-0.0
-0.0,-0.0,-0.0,-0.0,-3.644661759960157e-5,0.0007950082140918606,9.637137961494167e-5,0.0008449733418238249,1.818459845057967e-5,-9.739510110216767e-6,-2.234042676111984e-6,3.1820083328307974e-6,1.5815881957672784e-5,-3.767807752025881e-5,0.00059984194654553,-2.1790329739272265e-6,1.8450682485897718e-6,-0.0
0.0,0.0,0.0,0.0,-6.739491230036787e-9,7.807456216041064e-9,1.4840601607265555e-8,1.231569481103568e-7,8.031514395618545e-9,3.9391219978928145e-8,2.095683127367506e-8,1.0628688414816538e-9,1.2461549237329496e-8,6.049383584912525e-8,5.837057690886923e-8,1.6773128819893467e-9,4.1676003069119056e-10,0.0
0.0,0.0,0.0,0.0,-4.701143299644112e-5,0.000980014528280516,0.00012527275493186868,0.0010888838508516796,2.498703129499128e-5,-3.638384944328167e-7,3.779746911459092e-6,4.2366853221404715e-6,2.3107574433306475e-5,-3.138265054598732e-5,0.0007586010967149233,-2.305055114945328e-6,2.4089236929841167e-6,0.0
0.0,0.0,0.0,0.0,3.551993562173198e-6,-5.7928163129778976e-6,-1.0924646769585097e-5,-8.077851967435173e-5,-4.187781337697211e-6,-1.8288940116086258e-5,-1.0289147682870842e-5,-5.18721490342735e-7,-5.810061180675199e-6,-2.3466886798920973e-5,-3.4620119694640827e-5,-5.844806361131381e-7,-2.2561941256009491e-7,0.0
-0.0,-0.0,-0.0,-0.0,-1.3565603671492147e-8,1.5715259964353448e-8,2.9871946231274194e-8,2.4789680561990143e-7,1.6166256094471923e-8,7.928872671670784e-8,4.218301612992623e-8,2.1393985044278252e-9,2.508326404901676e-8,1.2176518577924944e-7,1.174913781141485e-7,3.3761839007336337e-9,8.388765871088596e-10,-0.0
0.0,0.0,0.0,0.0,-1.2652471165719193e-9,1.4657429064606293e-9,2.786119567781744e-9,2.312102920080654e-8,1.5078067591956068e-9,7.3951617083131276e-9,3.9343578685678595e-9,1.9953905884598876e-10,2.339485089714585e-9,1.1356888639425934e-8,1.0958275875423658e-8,3.1489250672862413e-10,7.824098418417072e-11,0.0
0.0,0.0,0.0,0.0,3.419487568882109e-5,-0.0007955676597169411,0.00017455509347570847,-0.001382990531181071,1.226152645905276e-5,-2.0608183261211114e-5,4.937693062738104e-6,1.32253862383084e-6,2.5850790590726977e-5,9.430708010974045e-6,0.00014133628720420878,1.1570017734756123e-6,1.2192278133680325e-6,0.0
0.0,0.0,0.0,0.0,-0.00020317252597957332,0.002850728886831076,0.0016610157260464095,0.0031669088137393398,0.00027813342015814164,-0.00039767292108696816,-7.513094271283993e-5,3.9419904150539265e-5,0.0002225433288039961,-3.963345024392119e-5,0.005153748714149112,-1.02208780392743e-5,-1.2576833062755614e-5,0.0
-0.0,-0.0,-0.0,-0.0,-0.00014052809049983544,-0.001823980420808778,0.0013916534243142565,0.005489693232178073,0.0002722450165891295,-0.00014587828459438354,2.6645587371601816e-5,3.894974797515963e-5,0.0002272989524425293,0.0001324683387864321,0.005021739822987941,-6.375619369020421e-6,-7.13254971069965e-6,-0.0
0.0,0.0,0.0,0.0,-0.00012182078401002175,-0.0008932485722342544,-8.830322201590924e-7,-0.001967188267142142,-3.663152069415852e-5,-0.0003149536191739735,-0.0001544335402005862,-5.17579551215442e-6,-6.587223526629341e-5,-0.0002716339553771783,-0.0005255346482218049,-6.409061838356955e-6,-8.694631033741281e-6,0.0
-0.0,-0.0,-0.0,-0.0,0.00037634420477283066,-0.015105995252027651,-0.0002907560610206491,-0.0030486679462909763,0.00033920206173788475,0.0028797531342848177,0.0015703067386189187,1.6774814486140888e-5,0.0005259944906887105,0.004340728085747023,-0.007378525715671222,0.00013256106957308496,-1.5899907453948354e-5,-0.0
-0.0,-0.0,-0.0,-0.0,-0.000487368681458295,0.0010898011638182047,0.0012664661266560751,0.020462069321346782,0.0007900321437059631,0.0021653579188628948,0.0012975362218333993,8.661462765130095e-5,0.0006873671864713372,0.004004259371792989,0.002431813936900295,9.223148092123553e-5,-5.7420825626959536e-5,-0.0
0.0,0.0,0.0,0.0,0.0009567327026421972,0.0013466273021183564,0.0024360207601253777,0.019259895703570434,0.0009841695840870374,0.00401509642393911,0.0022699071194709317,0.00011736796421476983,0.0012707522827118923,0.005248080436634827,0.007362875901859262,0.00013027980747113476,4.129906819865495e-5,0.0
-0.0,-0.0,-0.0,-0.0,-7.485276648180426e-5,-0.0001460455493802852,-1.4325013789700427e-7,-0.00032162594046833794,-5.988644459112829e-6,-5.149192898931345e-5,-2.5248294288853973e-5,-8.461619497510521e-7,-1.0769165282330741e-5,-4.440756336711449e-5,-8.592048769218091e-5,-1.0477543897275486e-6,-1.421540563598361e-6,-0.0
-0.0,-0.0,-0.0,-0.0,-4.696899624759008e-5,-0.0007472018890430646,-7.376269070712573e-7,-0.0016455444416307503,-3.064170988606549e-5,-0.0002634559697305996,-0.00012918220252818507,-4.32947921094144e-6,-5.5101260298449265e-5,-0.0002272176070013738,-0.0004396056838638923,-5.361063866650658e-6,-7.273029947605112e-6,-0.0
-0.0,-0.0,-0.0,-0.0,0.00045217465747420736,0.0008456122488323347,-0.06377677164103027,0.006177848807534156,-0.0017859808888575576,0.003197789665273662,0.0011961993453025353,6.165126910385655e-6,0.0005836263200445368,0.004846240394785828,-0.009962186004017236,0.00014937597112217916,-1.2087421559445493e-5,-0.0
-0.0,-0.0,-0.0,-0.0,0.0003334140314899633,0.0005039136787064792,-0.016581584980414607,-0.0018130741324474755,-0.0028148044414016333,0.0026615969445139627,0.000676648114040324,-4.351766265135029e-5,0.00027429518787250523,0.004077047607485541,-0.015711472713605578,0.00014146124372060233,-1.2878411509655096e-5,-0.0
-0.0,-0.0,-0.0,-0.0,0.00045068801576401507,0.0008396557219201227,-0.06345490460547015,0.00612279201607923,-0.0017780893047671506,0.003176583839973715,0.0011873262476874437,5.989971951138269e-6,0.0005790971655401613,0.004815127928904071,-0.009920461098680016,0.0001484555489862338,-1.2076436762887263e-5,-0.0
-0.0,-0.0,-0.0,-0.0,-3.9534405770305447e-10,4.4694905766677107e-10,1.8030509798838811e-9,7.139205720792869e-9,4.939554625404852e-10,2.2345631774807713e-9,1.1979228284489546e-9,6.161162969501611e-11,7.131129027582184e-10,3.4228729719989704e-9,3.539851465344534e-9,9.449847921731705e-11,2.420194809340526e-11,-0.0
-0.0,-0.0,-0.0,-0.0,-3.820823392858075e-10,4.426285410177395e-10,8.413590368138939e-10,6.982143522182983e-9,4.5533108037445207e-10,2.2332085616273854e-9,1.1881067693609788e-9,6.02572808786825e-11,7.064832866130575e-10,3.4295803076106325e-9,3.309206278881136e-9,9.50919900240678e-11,2.3627392478879e-11,-0.0
0.0,0.0,0.0,0.0,-7.770676561876022e-10,8.8910048466744e-10,2.6491162357576866e-9,1.4114322868379024e-8,9.489932851927983e-10,4.46522162801944e-9,2.3847275482688755e-9,1.2180791171469468e-10,1.418826013992473e-9,6.84847616366109e-9,6.846640047071983e-9,1.8947766550653234e-10,4.7805722690569027e-11,0.0
-0.0,-0.0,-0.0,-0.0,-4.5190374066603427e-10,5.235084887732696e-10,9.950995949505472e-10,8.258004106553203e-9,5.385380721036512e-10,2.6413109889094686e-9,1.4052227764630704e-9,7.126877574738355e-11,8.355878288592912e-10,4.056325468334642e-9,3.913915635327841e-9,1.1246996521525824e-10,2.7945030791565916e-11,-0.0
-0.0,-0.0,-0.0,-0.0,-7.636174566446355e-10,8.846231466359142e-10,1.681513067819534e-9,1.3954287161138796e-8,9.10010031525962e-10,4.463218700598865e-9,2.37451192157566e-9,1.2042826067140846e-10,1.411954740390823e-9,6.854248738680706e-9,6.613673077982045e-9,1.9004778849775203e-10,4.722094566334181e-11,-0.0
0.0,0.0,0.0,0.0,-4.5538925887211285e-10,5.275519430227625e-10,1.002783575500233e-9,8.321748513244287e-9,5.426916161152869e-10,2.661675451630526e-9,1.416058794214364e-9,7.181833699357087e-11,8.420302753514948e-10,4.0875849543202626e-9,3.944115794201012e-9,1.1333648790018142e-10,2.8160588647031932e-11,0.0
-0.0,-0.0,-0.0,-0.0,2.425888652417603e-5,4.6249569516871966e-5,-0.002247145494825964,-0.0004912002285804207,-0.00012597010108371406,-2.4742145391114134e-5,-1.3662937313898518e-5,8.988475448418827e-7,2.4441934004591596e-5,7.739361231961336e-7,9.927555676149214e-5,9.370327918897435e-7,-3.926694302533969e-7,-0.0
0.0,0.0,0.0,0.0,-0.00015587152316221965,0.00040949084486243146,0.005693387845667544,0.002277216543090428,3.717919022984805e-5,-0.0003484212401041785,1.2294523271811448e-5,3.37576070468386e-5,0.00021464345607743882,-4.406842955096819e-5,0.004413775166236291,-6.6272414399612815e-6,-1.8718043957752805e-5,0.0
0.0,0.0,0.0,0.0,-8.443766770427874e-5,0.0003404101438206963,-0.0054806950152486,0.0031569792708170488,0.00025785139165918595,-0.00015357520872040877,0.00010583392285956514,3.317695701000709e-5,0.000204364519622182,8.545880042235397e-5,0.004283228907901445,-4.240261353098412e-6,-1.2383141651424295e-5,0.0
0.0,0.0,0.0,0.0,-0.00012822219728993005,2.802611408955414e-6,-0.0025336010610067764,-0.0008970547154865639,-0.00016941885195670498,-0.00023184379198729697,-0.00012625282020732235,-3.6194274791636826e-6,-3.869651010213447e-5,-0.00019604664179766646,-0.0003640558549959475,-4.320952829898604e-6,-7.3889241980782485e-6,0.0
-0.0,-0.0,-0.0,-0.0,0.0004056192150361111,0.0007556901487451583,-0.057109414146791576,0.005510512798965941,-0.0016002803753015985,0.002858925451017016,0.0010685936202802487,5.3909746222099864e-6,0.0005211874474172451,0.004333615128397537,-0.008928414996160832,0.00013360999387643805,-1.0868793139068359e-5,-0.0
-0.0,-0.0,-0.0,-0.0,-0.0004873708058642035,0.0010898036248654245,0.0012664708046741164,0.020462108142578123,0.0007900346753802475,0.002165370335666713,0.0012975428277943951,8.661496268621207e-5,0.0006873711145703453,0.004004278440511672,0.0024318323363305113,9.223200963969165e-5,-5.742069425688388e-5,-0.0
-0.0,-0.0,-0.0,-0.0,0.0014819807825453373,0.001346626057909824,0.0024360183951037404,0.019259876077085392,0.0009841683041722634,0.00401509014649231,0.002269903779757324,0.00011736779483431875,0.0012707502968197977,0.005248070796241959,0.007362866599832263,0.00013027954017191443,4.129900178312076e-5,-0.0
-0.0,-0.0,-0.0,-0.0,-7.539532940485367e-5,6.070465403985095e-7,-0.0005482702024192922,-0.000194113784257357,-3.6661662019983965e-5,-5.0168163976924505e-5,-2.7319603294310827e-5,-7.831676759569459e-7,-8.37302868036669e-6,-4.242014319401087e-5,-7.877748961293802e-5,-9.349335773956137e-7,-1.5989332273931158e-6,-0.0
0.0,0.0,0.0,0.0,-5.2827810809034693e-5,2.1966572117711646e-6,-0.001985328782235083,-0.0007029237003087646,-0.000132756066245469,-0.00018167011677462156,-9.893028483734025e-5,-2.8361110969528022e-6,-3.032173792319593e-5,-0.00015361803489546296,-0.00028527019874051895,-3.3857845792247177e-6,-5.789932661681484e-6,0.0
-0.0,-0.0,-0.0,-0.0,-9.818329003173422e-5,0.0006369388565925343,-1.504073908962329e-5,-0.017004475501461256,0.0013169288266268104,0.007935148339060552,0.004404340185751385,0.00018036538653368276,0.0023178708794771917,0.0107282168351502,0.008606321799721657,0.00028445755663474416,5.56917559280416e-5,-0.0
0.0,0.0,0.0,0.0,0.0005622964984991161,-0.0035614907570944354,-0.008832456520037153,-0.018179706496561757,-0.000737309594430558,0.0028508030258651684,0.0014154791975447753,-3.509983199709391e-5,0.00047802848637120055,0.004230320889202391,-0.007426320642986931,0.00014640878716200124,-8.710831001414023e-6,0.0
0.0,0.0,0.0,0.0,0.0008188984355269439,-0.001136977879132955,-0.0034330004086328965,-0.04705101062203141,0.00017291484621419768,0.003726717108270702,0.002010498498723302,4.810905091302677e-5,0.0009512762845988593,0.005291215155345107,-0.000175483591545914,0.00015273507973740557,7.761844624065549e-6,0.0
-0.0,-0.0,-0.0,-0.0,-0.00016903417315047476,0.0003141829303096237,0.0008862521075989709,0.0123552447131157,-9.394867798752098e-6,-0.0008769345260997073,-0.00046807930862498553,-9.414910931985487e-6,-0.00022306458994448384,-0.001215856670969178,3.298380190933453e-5,-3.560318995132864e-5,-4.39841489596808e-6,-0.0
-0.0,-0.0,-0.0,-0.0,3.3801313179399593e-9,-3.915759569764018e-9,-7.443170475193001e-9,-6.176826159493844e-8,-4.02813393677021e-9,-1.9756312720818667e-8,-1.051071056983973e-8,-5.330723247552097e-10,-6.249978136443448e-9,-3.0340140235514994e-8,-2.9275238760311476e-8,-8.412412167125454e-10,-2.090222500538361e-10,-0.0
0.0,0.0,0.0,0.0,-0.0005017687310892667,0.0008875660455988387,0.0021489534454386177,0.025486301162500082,0.00024627736112981967,-0.0003074780345395944,-0.00013117551488856283,1.686750990928362e-5,-5.717076498880447e-6,-0.000544513553975309,0.0022222775673269306,-2.236803876466428e-5,6.8378438068123705e-6,0.0
-0.0,-0.0,-0.0,-0.0,0.00032747779645818045,-0.0005422233936862509,-0.0010064864267066843,-0.007436940478323145,-0.00038606609783286964,-0.0016861037532622564,-0.0009485675659498074,-4.784170959425227e-5,-0.000535789518180861,-0.002163473879990556,-0.0031963536428635912,-5.3880241613542927e-5,-2.0813614829732494e-5,-0.0
-0.0,-0.0,-0.0,-0.0,7.504686986909913e-9,-8.693907756564462e-9,-1.6525590139634255e-8,-1.371400769466188e-7,-8.943405299655284e-9,-4.386366357167739e-8,-2.3336250995343657e-8,-1.183546011072178e-9,-1.3876422298662234e-8,-6.736225139857247e-8,-6.499791954152559e-8,-1.8677534739716414e-9,-4.640785854766532e-10,-0.0
-0.0,-0.0,-0.0,-0.0,3.5538524874160054e-9,-4.1170092488003385e-9,-7.825710732469075e-9,-6.49428289899119e-8,-4.235159072688874e-9,-2.0771684448532352e-8,-1.10509064289167e-8,-5.604694698479617e-10,-6.57119450663697e-9,-3.189946564958495e-8,-3.077983377116422e-8,-8.844766400961809e-10,-2.197649062383632e-10,-0.0
0.0,0.0,0.0,0.0,0.00013302453420087012,-0.00022809604647156402,-0.00023375409897769185,-0.00810059066290209,-4.413327916935537e-6,-8.399829815070011e-5,2.7214056897831767e-5,4.968541347913006e-6,0.00014484747593047778,5.612995286631903e-6,0.0013766781981772724,3.2502536302455957e-6,7.975624747039531e-6,0.0
0.0,0.0,0.0,0.0,-0.0011003083376894026,0.001894470895935517,0.006050012467421937,0.045555343646910745,0.0010986062951570392,-0.0031243922186735716,-0.0008147943248365992,0.00011897211644704172,0.0009057581054908764,-0.0016569207013426926,0.016782343552939998,-6.29926758912599e-5,-4.705625184616657e-5,0.0
-0.0,-0.0,-0.0,-0.0,-0.0003069184396733327,0.0028059808366183658,0.007110934598972762,-0.002114937726333572,0.0012581684836264332,-0.0007152174334602807,0.00013318552682480472,0.00012491791840595155,0.000840694227754182,0.00018681204718388534,0.013871016059470654,-2.1198193519430995e-5,-9.543103642867641e-6,-0.0
0.0,0.0,0.0,0.0,-0.0011748375370753024,-0.0014568253392751563,-0.002508992193489865,-0.03529515383503077,-0.00045750253515348103,-0.0029381720369824286,-0.001322208165822687,-3.974402049505312e-5,-0.00028162098559219765,-0.0024918856715613414,-0.0008108456082185231,-5.570183944503292e-5,-5.886762014739534e-5,0.0
-0.0,-0.0,-0.0,-0.0,0.0007370086378415757,-0.0010232801443552935,-0.003089700468771109,-0.04234591039800424,0.00015562330693225863,0.003354045129356641,0.001809448506223912,4.329813858809914e-5,0.000856148571328722,0.004762093228104369,-0.00015793562964716923,0.0001374615603482845,6.985657325292341e-6,-0.0
0.0,0.0,0.0,0.0,-0.0004873792512607599,0.0010898134085511012,0.0012664894017404996,0.020462262473109907,0.0007900447398378903,0.0021654196976232877,0.0012975690892352981,8.661629458925173e-5,0.0006873867303967362,0.004004354246594871,0.002431905481713772,9.22341115153308e-5,-5.742017200623028e-5,0.0
-0.0,-0.0,-0.0,-0.0,0.0012099253481867355,0.0013466252808469763,0.002436016918043858,0.0192598638194834,0.000984167504809268,0.0040150862259510514,0.002269901693959478,0.00011736768904878746,0.00127074905654295,0.005248064775393141,0.007362860790307827,0.0001302793732318104,4.1298960303703456e-5,-0.0
0.0,0.0,0.0,0.0,-0.0007718460663997594,-0.0002753391837205846,-0.0004741979936411895,-0.00667077137018295,-8.646715062817256e-5,-0.0005553104514659187,-0.00024989518147340356,-7.511510230025228e-6,-5.32250807670722e-5,-0.00047096015149538273,-0.00015324379855496617,-1.0527474626686133e-5,-1.1125937215680832e-5,0.0
-0.0,-0.0,-0.0,-0.0,-0.00040299212295492426,-0.0011814853999125609,-0.0020347927635060714,-0.028624370545144277,-0.00037103460719790465,-0.002382857773050607,-0.0010723109560494546,-3.223240739562628e-5,-0.00022839469873829786,-0.0020209196651905107,-0.0006575961602870026,-4.5174202480186546e-5,-4.774164259573497e-5,-0.0
-0.0,-0.0,-0.0,-0.0,0.0001688755502910567,0.001184825224812724,-0.008412851654526422,0.015251431369358708,-0.01881470462483348,0.0037267909712416112,0.0021625866007857837,6.577953995209285e-5,0.0005285905416069178,0.005300785516100078,-0.0007826869808801217,0.0001494720794079131,9.479488009432317e-6,-0.0
0.0,0.0,0.0,0.0,0.00029739058299464396,0.0006372189429952939,-0.022128951571260234,0.0037148061528916657,-0.005050096126191653,0.0026935567053733614,0.0016223601766145995,-2.5183392160868987e-5,-0.0005982653667298912,0.004086500631014325,-0.011516295556051744,0.00014367478476673507,-1.002159245930782e-5,0.0
-0.0,-0.0,-0.0,-0.0,0.0001688758155258331,0.001184824289443194,-0.008412848741244929,0.015251418199638154,-0.018814696768505685,0.003726787345103819,0.002162584587571801,6.57794570555095e-5,0.0005285896802534268,0.0053007801673673255,-0.000782689636275093,0.00014947193057581652,9.479462850218978e-6,-0.0
-0.0,-0.0,-0.0,-0.0,-3.0513016018068142e-5,-9.09427903879846e-6,0.0005459918147285319,-1.1165013645385498e-5,0.0010473504811239335,-4.366485545245534e-5,-2.7240338289291074e-5,1.1635665341315617e-6,2.0805890586340973e-5,-7.635645991728771e-5,0.00031775537096904007,-2.867778447565554e-6,7.766704523421261e-7,-0.0
0.0,0.0,0.0,0.0,3.792590393362433e-9,-4.393578451303603e-9,-8.351420181751019e-9,-6.930550723338142e-8,-4.519665253196337e-9,-2.2167068309820155e-8,-1.179327553009651e-8,-5.981202468335079e-10,-7.0126290409327875e-9,-3.404238285424783e-8,-3.2847537258890504e-8,-9.438933157418968e-10,-2.3452810150959886e-10,0.0
0.0,0.0,0.0,0.0,-3.050925542048699e-5,-9.098655849057017e-6,0.0005459837572360194,-1.1233995711303338e-5,0.0010473464700180184,-4.368693938065286e-5,-2.725208907663437e-5,1.1629717524895837e-6,2.0798920374245776e-5,-7.63903799563074e-5,0.0003177228262570119,-2.8687193124220536e-6,7.764373873058194e-7,0.0
-0.0,-0.0,-0.0,-0.0,-4.6320868915396877e-10,5.360516981948105e-10,1.0190425722307656e-9,8.459616159666175e-9,5.52063091606145e-10,2.7081571714623162e-9,1.44061162044388e-9,7.306453313219762e-11,8.567278493045376e-10,4.160422681928482e-9,4.010616768758861e-9,1.1537691137627875e-10,2.8642226788377127e-11,-0.0
0.0,0.0,0.0,0.0,7.585180803898224e-9,-8.787156922385307e-9,-1.6702840404318948e-8,-1.3861101479860547e-7,-9.039330526869053e-9,-4.433413671919484e-8,-2.3586551112119485e-8,-1.1962404963243385e-9,-1.40252581130249e-8,-6.80847658607509e-8,-6.569507466908391e-8,-1.8877866356650654e-9,-4.690562041756444e-10,0.0
-0.0,-0.0,-0.0,-0.0,-4.608969126152314e-10,5.339323623756488e-10,1.0149115529407843e-9,8.422394994296627e-9,5.492551397936731e-10,2.693866802815921e-9,1.433185163073789e-9,7.26869360436197e-11,8.522141190713761e-10,4.137021806087883e-9,3.991817454588629e-9,1.1470722383552715e-10,2.8501173926527124e-11,-0.0
-0.0,-0.0,-0.0,-0.0,1.3714172491775837e-5,1.834983003923161e-5,-0.0002932262964364024,-6.701364590226115e-5,-0.0006146911134711323,5.812175917117587e-5,1.1897123162475225e-5,1.2954631527900294e-6,1.539721013489575e-5,-2.2864760656922207e-6,0.00023240073951956192,1.180016221534437e-6,-4.826335422115859e-9,-0.0
0.0,0.0,0.0,0.0,-0.00015671537253536446,0.00011944655520690796,0.001530832041495846,0.001849524216131257,0.0029147185036433386,-0.00012455943692156804,-0.00021810793846160144,1.9095655389298942e-5,0.0001870526455240383,-0.00043984895185726164,0.0029940727018633474,-1.1401157648985483e-5,-2.653551100733157e-5,0.0
0.0,0.0,0.0,0.0,-8.026712954064977e-5,0.00013856609059826849,0.002519183231982679,0.0025576969282314114,-0.0009884800353536522,0.00013422313737584734,1.0404899056782141e-5,2.1473084441156242e-5,0.00024329452768760189,4.7920871061080865e-5,0.0027520437426136646,-2.351083437689826e-6,-7.814423921646425e-6,0.0
-0.0,-0.0,-0.0,-0.0,-9.898461550878374e-5,-8.324992191719324e-5,-0.0014813391598779528,-0.0014386136406403223,-0.002356822340198503,-0.0004482457625597865,-0.00031561278391093334,-1.0006406694226026e-5,-0.00015241875986861267,-0.0006416744394473728,-0.0006640191896650103,-1.281638434403465e-5,-2.2434421000334816e-5,-0.0
-0.0,-0.0,-0.0,-0.0,0.00015198824074773063,0.0010663418526508843,-0.007571563882038087,0.013726276255878002,-0.016933227099728335,0.0033541085709977124,0.0019463261077489894,5.920151028157163e-5,0.00047573069970183857,0.0047707020898227,-0.0007044207313212037,0.0001345247358322139,8.531516146273359e-6,-0.0
-0.0,-0.0,-0.0,-0.0,-0.000487372355015723,0.0010898054195012823,0.0012664742159613858,0.020462136451654706,0.0007900365215185252,0.0021653793902030676,0.0012975476449691476,8.661520699914692e-5,0.0006873739790043641,0.0040042923457330815,0.0024318457534958076,9.223239518983352e-5,-5.7420598459678456e-5,-0.0
0.0,0.0,0.0,0.0,0.00019815381738480007,0.0013466262461498204,0.002436018752914855,0.019259879046434204,0.0009841684978143506,0.0040150910962257575,0.002269904285032451,0.00011736782046038713,0.0012707505972712717,0.005248072254765441,0.007362868007163392,0.00013027958061240206,4.129901183132257e-5,0.0
-0.0,-0.0,-0.0,-0.0,-8.049523600240086e-5,-7.250490592646011e-6,-0.00012902354289727933,-0.00012529413677949753,-0.00020527863164881649,-3.9039291702365215e-5,-2.748832306346297e-5,-8.714793905694388e-7,-1.3274752062016722e-5,-5.588536825874426e-5,-5.783175308432453e-5,-1.116182986453067e-6,-1.954007236648904e-6,-0.0
-0.0,-0.0,-0.0,-0.0,-1.8490265190217436e-5,-7.599840529193758e-5,-0.0013523136666730852,-0.0013133033189420531,-0.002151542653072022,-0.00040920129418077684,-0.00028812170676321486,-9.134787624603792e-6,-0.00013914237014696484,-0.0005857811212691524,-0.0006061797656935691,-1.1699980930125487e-5,-2.0480358994325593e-5,-0.0
0.0,0.0,0.0,0.0,8.538971613315654e-5,0.0004258701283421371,-0.0006679627573100466,-0.004096464691823619,0.0005172818702852107,-0.05662592873890098,0.0016119043064143851,5.600568829459978e-5,0.0006625614669143838,0.005006386203407252,-0.0016417773048318545,0.00014348806462260546,-1.562039355340929e-5,0.0
0.0,0.0,0.0,0.0,0.00048700252225137517,-0.0003251088238280333,-0.0025938532592609627,-0.02415754486903977,0.00010741763537000322,-0.009939525104449043,0.0012239228218504598,7.472196663793127e-6,0.00030857351134904153,0.004411480252636755,-0.006464707539883944,0.00014520700262057268,-8.713261992736956e-6,0.0
0.0,0.0,0.0,0.0,8.538971613324993e-5,0.0004258701283420019,-0.0006679627573102258,-0.004096464691825196,0.0005172818702850666,-0.0566259287388986,0.001611904306413998,5.600568829458142e-5,0.0006625614669141689,0.005006386203406113,-0.0016417773048326178,0.00014348806462257378,-1.562039355341439e-5,0.0
0.0,0.0,0.0,0.0,-2.3731972407834514e-9,2.7503510820479155e-9,5.24863947198917e-9,4.353704780563484e-8,2.823254105562668e-9,1.4755182000592115e-8,7.357163686924824e-9,3.7359672103452946e-10,4.378289726966271e-9,2.12164718311135e-8,2.0596571720308376e-8,5.880019972598e-10,1.4690217401377706e-10,0.0
-0.0,-0.0,-0.0,-0.0,-2.3646465979509788e-9,2.73935734202215e-9,5.2070366884099084e-9,4.321137136566665e-8,2.8179713497383818e-9,1.3820971219926175e-8,7.353003080513288e-9,3.7292268872136e-10,4.372312241947521e-9,2.1225124903108953e-8,2.048014922568365e-8,5.885091419352496e-10,1.462261999583471e-10,-0.0
-0.0,-0.0,-0.0,-0.0,-4.7382977908815114e-9,5.490234312257798e-9,1.0456675784223794e-8,8.675671465603551e-8,5.641766436344897e-9,2.8578806501051353e-8,1.4711578358350617e-8,7.465910014892202e-10,8.751441341580398e-9,4.244567141997756e-8,4.108065261825594e-8,1.176624118084811e-9,2.9315644591049464e-10,-0.0
0.0,0.0,0.0,0.0,-4.6324714286107687e-10,5.366550181691711e-10,1.0200868350949593e-9,8.465342915340687e-9,5.520559285338863e-10,2.7076035089693546e-9,1.440493335899709e-9,7.305758506973016e-11,8.565597741727375e-10,4.1581175347322685e-9,4.012172740323151e-9,1.1529214494310671e-10,2.864650863610785e-11,0.0
0.0,0.0,0.0,0.0,-4.72929319579155e-9,5.478714684033277e-9,1.0414073378770932e-8,8.642274272241916e-8,5.635942699421647e-9,2.7641942438064445e-8,1.4706006160991204e-8,7.458453774748733e-10,8.744624484598902e-9,4.2450249805751966e-8,4.0960298454291086e-8,1.1770182838826217e-9,2.9245239973180643e-10,0.0
-0.0,-0.0,-0.0,-0.0,-4.748918140019458e-10,5.501449461614593e-10,1.0457288242475414e-9,8.67813674600926e-9,5.659329928601314e-10,2.7756646903039677e-9,1.4767031018013682e-9,7.489403791241514e-11,8.780911671329652e-10,4.262640365310881e-9,4.113026963280324e-9,1.1819025040300256e-10,2.9366597811890054e-11,-0.0
-0.0,-0.0,-0.0,-0.0,2.328659026848411e-5,-4.6621265982359896e-5,-0.0001267290771417707,-0.0012349283198437705,-1.0784305075206563e-5,-0.004039671729668794,-5.453712030825646e-5,1.9495859202842772e-7,0.00010134688351927386,-0.0016970717921254974,0.00034710563223308544,1.4054704257051112e-6,-4.36025304835201e-7,-0.0
0.0,0.0,0.0,0.0,-0.00018011233633862737,0.00016969839556883808,0.0004230572324734282,0.006888698289481155,0.00011680577130156343,0.010260102955796806,-0.00024554162377337757,1.78162664779695e-5,0.0003945467068255848,-0.006012306868876749,0.00298331840836627,-1.1142648775333074e-5,-2.164106362125613e-5,0.0
0.0,0.0,0.0,0.0,-0.00018999262847200926,0.00026067467438745307,0.0006735743836605611,0.008344765854203554,0.000153514043019858,-0.004708198161837277,-5.54483412423951e-5,2.0376277128452188e-5,0.0002905850381870526,-0.003161468005499475,0.0027310605316006598,-7.3921984649161174e-6,-1.3221518722257604e-5,0.0
-0.0,-0.0,-0.0,-0.0,2.8019302866465277e-6,-9.233030377278007e-5,-0.0002516272615712915,-0.0012659416983922859,-5.3668952965868776e-5,-0.002767766901134111,-0.00018558259757011942,-6.1188220511572265e-6,-2.5904523891607465e-5,-0.001313351763623694,-0.0004266644058035374,-6.384159851964404e-6,-9.757128979941981e-6,-0.0
0.0,0.0,0.0,0.0,7.685074771127322e-5,0.00038328311181074073,-0.0006011664886066668,-0.003686818280961132,0.0004655536794534005,-0.05096333588366166,0.001450713865848919,5.0405118961823535e-5,0.0005963053143218408,0.0045057475544198825,-0.001477599601989548,0.00012913925736605928,-1.4058354395421133e-5,0.0
0.0,0.0,0.0,0.0,-0.00048736994728511437,0.0010898026302326787,0.0012664689140521605,0.020462092452969413,0.0007900336522035576,0.002165365317412871,0.0012975401579938888,8.661482728178294e-5,0.000687369527028315,0.004004270733885042,0.0024318249001969512,9.223179595801737e-5,-5.7420747350128474e-5,0.0
-0.0,-0.0,-0.0,-0.0,-0.0002526264567893556,0.0013466276134553054,0.002436021351922191,0.019259900614684643,0.0009841699043587294,0.004015097994737823,0.002269907955163873,0.00011736800659865778,0.0012707527796395324,0.00524808284893994,0.0073628782294954485,0.00013027987435713044,4.129908481774209e-5,-0.0
-0.0,-0.0,-0.0,-0.0,-1.5172954425463751e-5,-3.8496430516261496e-6,-1.0491848200373123e-5,-5.278139874595489e-5,-2.237449495384159e-6,-0.00011541320264417607,-7.737370036131122e-6,-2.5508264411205366e-7,-1.0793717259209825e-6,-5.476265721953892e-5,-1.7787938700809175e-5,-2.6610547113831447e-7,-4.0684395433265917e-7,-0.0
-0.0,-0.0,-0.0,-0.0,1.7973962693067288e-5,-8.847959259552147e-5,-0.0002411333830518892,-0.0012131434507407198,-5.143040469181787e-5,-0.002652348309439853,-0.00017784236046334122,-5.8635939976550786e-6,-2.4823447321016612e-5,-0.001258580830338993,-0.00040886848151721505,-6.117824910327132e-6,-9.350228009334463e-6,-0.0
-0.0,-0.0,-0.0,-0.0,2.587605273324237e-5,0.0007828691720718614,0.0005947151744401077,0.00947168649057885,0.00046158831108617546,0.0007279178053659633,-0.04293205421484816,-4.533898317303552e-5,0.00021083913481600948,0.0015067981970821678,-0.0061262245791297975,0.00013747281860024298,-2.9822246976391463e-5,-0.0
-0.0,-0.0,-0.0,-0.0,0.0003699989944206163,0.00019433369886420515,-0.0005837181748207064,-0.0038010113409392243,-4.809968333672244e-5,-0.0014632891666272868,-0.0006056921992630785,-0.00017707529541759984,-0.0004990363816417761,-0.0017869289310720549,-0.014710387431522176,0.00013714686902176199,-2.2901463642424312e-5,-0.0
0.0,0.0,0.0,0.0,2.820113386234517e-5,0.0007666533452119805,0.0005767123222420734,0.009263558230148109,0.0004512620734174216,0.0007017243927774573,-0.042348991189612016,-4.518575190801032e-5,0.0002028186483264744,0.0014649002215202486,-0.006071340719156245,0.00013505241041214086,-2.9577032259463115e-5,0.0
-0.0,-0.0,-0.0,-0.0,-6.038068387618601e-9,6.994883287764674e-9,1.3296043333321023e-8,1.1033920066897098e-7,7.195622270786777e-9,3.5291518585046445e-8,1.877571705078749e-8,9.52249143317482e-10,1.1164594471419804e-8,5.4197847485190604e-8,5.229556997195586e-8,1.5027439823381702e-9,3.7338509183041673e-10,-0.0
0.0,0.0,0.0,0.0,-3.2853476081296895e-5,2.4428474934667163e-5,9.751950016781237e-5,0.0005094618438399637,2.6884799632878777e-5,0.00017495318260167493,0.003094726006788629,9.906344050155291e-6,5.642916464853347e-5,0.0001956688496837758,0.0008223358661052084,-2.0796567069826087e-6,3.917914313109909e-6,0.0
-0.0,-0.0,-0.0,-0.0,-1.207546223057968e-8,1.3988985139253435e-8,2.6590601298594795e-8,2.2066607475266117e-7,1.4390440676725038e-8,7.057909456250281e-8,3.754933656784234e-8,1.9043919057615757e-9,2.2327941685050344e-8,1.0838964023663772e-7,1.0458529772355668e-7,3.0053200850075083e-9,7.467284708311652e-10,-0.0
-0.0,-0.0,-0.0,-0.0,-4.819382553561438e-10,5.583079941231254e-10,1.0612453407516077e-9,8.80690287706756e-9,5.743303014905089e-10,2.816849992615373e-9,1.4986144117035889e-9,7.60053151507837e-11,8.911202780545644e-10,4.3258894043559816e-9,4.174056031203559e-9,1.1994395663293737e-10,2.980233910816836e-11,-0.0
-0.0,-0.0,-0.0,-0.0,-3.3514372516275596e-5,2.5023790855276304e-5,9.948851500749666e-5,0.0005205311097308754,2.7467857555997476e-5,0.00017845539779724049,0.003146287031009462,1.0087472466975992e-5,5.7555843743406624e-5,0.00019969443019548336,0.0008370824741913167,-2.094326730729242e-6,3.99018838293854e-6,-0.0
0.0,0.0,0.0,0.0,1.760317818113345e-7,-2.918494957049175e-7,-5.416937263259919e-7,-4.006199905228194e-6,-2.0743361117692413e-7,-9.048659518905942e-7,-4.969406366354267e-7,-2.5668451025266162e-8,-2.875735001777642e-7,-1.1604000381632614e-6,-1.7156088738649604e-6,-2.8911926842163035e-8,-1.117176887810887e-8,0.0
0.0,0.0,0.0,0.0,2.3225948689300334e-5,-2.7934860565729937e-5,-0.000101714371179717,-0.0006898244110702419,-3.4413793618988354e-5,-0.0001248880934105285,-0.0018129885697228463,-5.7425854019299394e-6,-1.0173523546982018e-5,-0.00013984828045644922,-0.00010349144598767563,1.0451517711575937e-6,1.820188774916168e-7,0.0
-0.0,-0.0,-0.0,-0.0,-9.301432580158756e-5,5.3480281485327536e-5,-4.375375903291394e-5,0.0019134730645003588,2.7786975868339673e-5,0.00013457910292570885,0.006675954615531054,2.2774027185724967e-5,0.0001285500041444484,0.00045347044595881424,0.0020712249984592853,-4.770463114660014e-6,-9.212439732940103e-6,-0.0
-0.0,-0.0,-0.0,-0.0,-9.370575738752435e-5,0.0001028170289039231,0.00013488082713485638,0.002721975247991564,8.088684695362262e-5,0.000361752913871754,-0.0022134735565843347,2.96579043238148e-5,0.00016013447916994985,0.0006686750282222498,0.0022444055659034704,-3.1156798010542287e-6,-5.4611437688345685e-6,-0.0
-0.0,-0.0,-0.0,-0.0,-1.9580508567235558e-5,-4.460543586057234e-5,-0.00013170575733508215,-0.0005378766473601428,-3.837317323899296e-5,-0.00019688543140410991,-0.0007915991481438265,-5.5525913773974985e-6,-5.070857125586957e-5,-0.00019665036282751368,-0.0003793466429298906,-3.4245600124587734e-6,-4.947262306078063e-6,-0.0
0.0,0.0,0.0,0.0,2.538101861309888e-5,0.0006899880128490138,0.000519041094120285,0.008337202441177834,0.000406135868295848,0.0006315519643887097,-0.038114092064857705,-4.066717642339821e-5,0.00018253678693859926,0.0013184102160906628,-0.0054642066311051144,0.00012154716983458997,-2.6619328918310933e-5,0.0
-0.0,-0.0,-0.0,-0.0,-0.00048736976234040356,0.001089802415980936,0.0012664685067972734,0.0204620890733039,0.0007900334318032273,0.0021653642364413946,0.0012975395828977887,8.66147981146006e-5,0.0006873691850592349,0.0040042690738168706,0.002431823298395121,9.223174992929914e-5,-5.742075878683105e-5,-0.0
0.0,0.0,0.0,0.0,0.00012070632628405516,0.0013466272454793874,0.002436020652464659,0.01925989481013195,0.0009841695258226476,0.004015096138176645,0.002269906967440213,0.00011736795650421867,0.0012707521923099431,0.005248079997784042,0.007362875478411614,0.00013027979530311667,4.129906517528102e-5,0.0
-0.0,-0.0,-0.0,-0.0,-1.632828531912276e-5,-3.5366730996026435e-6,-1.0443243981420772e-5,-4.2645132142272984e-5,-3.042439235229279e-6,-1.5610300501870337e-5,-6.277236844044283e-5,-4.4024726042479343e-7,-4.020331051312524e-6,-1.559020551132359e-5,-3.007816682424269e-5,-2.7145203559791387e-7,-3.922891844824022e-7,-0.0
-0.0,-0.0,-0.0,-0.0,-3.2531472846950103e-6,-4.106769229809562e-5,-0.00012126047859193818,-0.0004952146294439438,-3.5329632820772956e-5,-0.00018126973006010283,-0.000728823906359018,-5.1121983894009e-6,-4.668653162938834e-5,-0.0001810518631415491,-0.00034926047304629116,-3.152878004240224e-6,-4.5549159805588005e-6,-0.0
0.0,0.0,0.0,0.0,0.0011198173989673047,0.0012389300112052382,0.001253308644125727,0.01361769112553701,0.0007693684827749193,0.003212297544391564,0.0016718610363467361,-0.0010318847241789198,0.0007934545263863005,0.004876926208423099,-0.003030779078546463,0.000167817466765571,-1.3889764567012168e-5,0.0
0.0,0.0,0.0,0.0,0.000574416935203472,0.00043310392119332144,-0.00044125496895665387,-0.003564388439690871,9.349165287215357e-5,0.0011375107739780566,0.0003587557907091579,-0.0003487292986944228,-1.3350830904616273e-5,0.0019142689365597655,-0.011865794176205539,0.00012975758562094988,-1.8807961298418737e-5,0.0
0.0,0.0,0.0,0.0,0.0010402091271002223,0.0009654665131906947,0.0008811615251079993,0.010215345211134848,0.0005863915910382453,0.00245669004418363,0.0012625695931838025,-0.0009143244221673979,0.0005819985351523844,0.0038051566860628568,-0.003309744803606262,0.0001354122873756017,-1.584031708414068e-5,0.0
0.0,0.0,0.0,0.0,-4.4616549123253804e-9,5.1686654358981255e-9,9.824724270461268e-9,8.153194117125764e-8,5.3169956656722734e-9,2.6077640593997906e-8,1.3873769687264863e-8,7.036367918374797e-10,8.249752163007692e-9,4.0047922116153374e-8,3.864228950130806e-8,1.1104089314397826e-9,2.75902047345902e-10,0.0
0.0,0.0,0.0,0.0,-0.00014239770321337463,5.635843664646431e-6,9.12361120239959e-5,0.0004967987534391557,1.797714480101533e-5,4.589263054289223e-5,3.9382853478614297e-5,9.963187485967423e-5,3.353604747162085e-5,8.691035197933235e-6,0.0008405690574047887,-3.886520201946865e-6,3.893418779931447e-6,0.0
0.0,0.0,0.0,0.0,-8.961333006631487e-9,1.0381379348943526e-8,1.9733176947313077e-8,1.6375871506303837e-7,1.0679303909605423e-8,5.237752044616329e-8,2.7865774618192177e-8,1.4132701275384716e-9,1.656981048790041e-8,8.043714123277964e-8,7.761389689533005e-8,2.2302810064150816e-9,5.541553913490022e-10,0.0
-0.0,-0.0,-0.0,-0.0,-9.066993850425267e-10,1.0503783601969023e-9,1.996584590032567e-9,1.656895531186366e-8,1.0805220912997955e-9,5.299509066967661e-9,2.8194333022888003e-9,1.4299336411114776e-10,1.6765180982804484e-9,8.138555542994578e-9,7.852902293614203e-9,2.256577692221879e-10,5.6068930269682615e-11,-0.0
-0.0,-0.0,-0.0,-0.0,-0.00017612467558841407,1.3671644240702125e-5,0.00012293626669184946,0.0006942863151928231,2.659728969405741e-5,7.675371358316204e-5,5.956215702260311e-5,0.0001209335878771701,4.728055343357752e-5,3.786659048842873e-5,0.0010556271273740867,-4.012208368136712e-6,4.965527163412328e-6,-0.0
-0.0,-0.0,-0.0,-0.0,6.341639194979813e-6,-1.0524868318327259e-5,-1.9535218309329996e-5,-0.00014449591846884508,-7.486601787323544e-6,-3.26803455193767e-5,-1.838468029163621e-5,-9.17656211745652e-7,-1.038412854182013e-5,-4.1934337280972854e-5,-6.191728036460264e-5,-1.0446222350843033e-6,-4.0323374832223784e-7,-0.0
0.0,0.0,0.0,0.0,0.00015866479957648395,2.800517017099958e-5,0.00010257232270895225,-0.00023255532191814325,6.964754147154582e-6,8.778558769704173e-5,-0.0001644213864289373,-0.00012205383034847907,7.774067654164798e-5,3.447357884835533e-5,0.0008336884405716155,1.601357612193146e-6,1.473612557499713e-6,0.0
0.0,0.0,0.0,0.0,-0.00046924689320360937,0.00025979096612159557,0.0007057855547477344,0.007346906554324712,0.00021507465180607276,0.0002794695733882355,-0.00046246629691279744,0.00022651260452504895,0.0003934942703765575,0.0005453139906155362,0.006856717497264,-1.5659918912617168e-5,-2.6061182367513187e-5,0.0
-0.0,-0.0,-0.0,-0.0,-7.839978147352682e-5,0.00028676310845802874,0.0007403339833617521,0.007711240097720186,0.00025334840643409805,0.0005383535648257506,5.945107320464386e-5,-6.699317014277347e-5,0.0003691887586500971,0.0008402133886963477,0.005869497892163638,-5.615787504718179e-6,-1.1418126094893658e-5,-0.0
-0.0,-0.0,-0.0,-0.0,-0.0007462702524204389,-0.0001203954372821233,-0.0003041155126991137,-0.0013803572542217914,-0.00010180298231165174,-0.0005620967099639963,-0.0005032293257981158,-0.00012810698916904893,-0.0001309550006054259,-0.0005852036342391808,-0.0006979483252428978,-1.5202720604910506e-5,-2.0477099502350496e-5,-0.0
-0.0,-0.0,-0.0,-0.0,0.0009361882223264446,0.0008689198526777721,0.0007930453551213027,0.009193810544995027,0.0005277524224767238,0.0022110209933792176,0.001136312609187217,-0.0008228919812022644,0.0005237986669627583,0.003424640946220643,-0.0029787703919812686,0.00012187105666288264,-1.425628586649208e-5,-0.0
-0.0,-0.0,-0.0,-0.0,-0.00048736976709154185,0.0010898024214849608,0.0012664685172594553,0.020462089160125877,0.0007900334374652071,0.00216536426421103,0.001297539597671732,8.661479886388977e-5,0.0006873691938442568,0.004004269116463224,0.0024318233395446216,9.223175111175505e-5,-5.742075849302837e-5,-0.0
-0.0,-0.0,-0.0,-0.0,0.0030408412071416284,0.0013466274476972855,0.0024360210368453384,0.01925989799997237,0.0009841697338437913,0.004015097158433375,0.00226990751023497,0.00011736798403317701,0.001270752515071705,0.005248081564611452,0.007362876990245352,0.00013027983874654795,4.129907596962149e-5,-0.0
0.0,0.0,0.0,0.0,-0.00048480300062970876,-4.495493304292955e-5,-0.00011355535769316012,-0.0005154139901691684,-3.801248960148518e-5,-0.0002098832625226079,-0.00018790388893169334,-4.7835051297615724e-5,-4.889744285921989e-5,-0.00021850943322098538,-0.0002606084975283714,-5.67654049717479e-6,-7.646110347905365e-6,0.0
-0.0,-0.0,-0.0,-0.0,-0.0002614683353508489,-7.54392489740919e-5,-0.0001905577689676853,-0.0008649234631578263,-6.37892014214972e-5,-0.00035220711421038393,-0.0003153220674746236,-8.027176698578958e-5,-8.205555420658048e-5,-0.000366684474956472,-0.00043733044302553573,-9.525910433174808e-6,-1.283092214871246e-5,-0.0
0.0,0.0,0.0,0.0,-0.00040825171018642984,0.0012719670941121312,0.0014967942887818705,0.019750880274388382,0.0008011491979238277,0.00158074464858172,0.0018269156082826113,3.2568632988291974e-5,-0.016308096836357856,0.0028154750669928696,-0.007430899200864493,0.00013129546150089988,-3.216962242104198e-5,0.0
-0.0,-0.0,-0.0,-0.0,-0.00018034828472922106,0.0010777046274654618,0.0009908913129482847,0.014709719218244832,0.0005569684486631876,-4.7631981614069934e-5,0.0016294312025911092,-4.340885334572362e-5,-0.00883701800921635,0.0004534044883855671,-0.017889823042939398,0.00012899654685860894,-3.1030571718877406e-5,-0.0
-0.0,-0.0,-0.0,-0.0,-0.00040825126089548587,0.0012719665736249045,0.0014967932994271146,0.019750872064080605,0.000801148662499647,0.0015807420225498667,0.0018269142111868935,3.25685621317036e-5,-0.016308097667113004,0.002815471034146481,-0.007430903092163481,0.0001312953496821509,-3.216965020452264e-5,-0.0
-0.0,-0.0,-0.0,-0.0,1.519450351689063e-9,-1.7602281387167397e-9,-3.3458842131397683e-9,-2.7766319706037283e-8,-1.8107431190995743e-9,-8.880937885996484e-9,-4.724817286301482e-9,-2.396288353606956e-10,-2.8095155442299816e-9,-1.3638623003664166e-8,-1.3159924165401057e-8,-3.781581667048713e-10,-9.396053048072564e-11,-0.0
0.0,0.0,0.0,0.0,-2.669383298898316e-6,-1.0286291343811151e-5,3.5001991476768835e-5,-0.00021618252756425965,3.0216163154974646e-6,0.00011734528708109475,6.801651348459125e-7,4.591382186538901e-6,0.0012306605928585422,0.00010562210013769085,0.0009345128337802856,-1.7617617886014096e-6,4.177803584522985e-6,0.0
0.0,0.0,0.0,0.0,3.0389007029537848e-9,-3.520456275838927e-9,-6.691768420878993e-9,-5.553263940321542e-8,-3.621486238322099e-9,-1.7761875772767574e-8,-9.449634597966343e-9,-4.792576705268079e-10,-5.619031088613301e-9,-2.727724600588675e-8,-2.6319848332647684e-8,-7.563163334196719e-10,-1.8792106100667948e-10,0.0
0.0,0.0,0.0,0.0,-4.5991932969358693e-10,5.327998674706759e-10,1.0127588696072903e-9,8.404530709534215e-9,5.480901425552803e-10,2.6881529853201177e-9,1.4301452819389878e-9,7.253276369680107e-11,8.504065347895067e-10,4.128246992744385e-9,3.983350619512391e-9,1.144639244323751e-10,2.8440721377192996e-11,0.0
0.0,0.0,0.0,0.0,-2.667898119187234e-6,-1.0288011870653859e-5,3.4998721057734686e-5,-0.00021620966762487187,3.0198464130200103e-6,0.00011733660644947557,6.75546884059159e-7,4.591147962442677e-6,0.0012306578467105212,0.00010560876912878651,0.0009344999706732941,-1.7621314175503107e-6,4.177711743237351e-6,0.0
-0.0,-0.0,-0.0,-0.0,-4.610309712742466e-10,5.340876617503698e-10,1.015206765991266e-9,8.424844761104677e-9,5.494148985841358e-10,2.694650349427736e-9,1.4336020386055942e-9,7.270807803080926e-11,8.524619957696405e-10,4.138225118515609e-9,3.9929785300060805e-9,1.1474058783591801e-10,2.8509463872784208e-11,-0.0
0.0,0.0,0.0,0.0,-1.913922489099813e-5,9.695655194595606e-6,0.00010552473282096628,0.0004121747639152307,-2.7789336335001893e-5,0.00042365522478230756,-4.852286068425831e-5,2.5208694050764783e-6,-0.0018809633565916673,-0.0004546640348506597,0.0003921021239755894,8.780968435547385e-7,-8.761771585839692e-7,0.0
0.0,0.0,0.0,0.0,-0.00012645009093894267,2.456084794538059e-5,0.00028272619186247666,0.0030116179104742406,-2.3389209206740343e-5,0.0016135896588904896,-0.00028259709738150964,3.849185930160386e-5,0.0026597277178824355,-0.0004181743287912612,0.005832316664117572,-8.686078027318904e-6,-1.8413583569848692e-5,0.0
-0.0,-0.0,-0.0,-0.0,-0.0001135109936871339,5.4213499868932546e-5,0.00025190839830075795,0.0025969506570125566,4.292574186973989e-5,0.0011622482546037502,-9.69257228406239e-5,3.622852101586097e-5,-0.00037318854100075856,0.00032984395243116336,0.005270691166298293,-3.976982619257915e-6,-9.247557832353392e-6,-0.0
-0.0,-0.0,-0.0,-0.0,2.4482709820941683e-5,-6.412927039348428e-5,-0.00013822308095465274,-0.00035361381560558493,-6.365453356905816e-5,-0.00010477030054252769,-0.0001865409651508399,-5.559599437682008e-6,-0.0009695681843526324,-0.0005005600219149532,-0.0005087582344989089,-7.413843543904315e-6,-1.0644758502526838e-5,-0.0
-0.0,-0.0,-0.0,-0.0,-0.00036742612619290217,0.0011447699062845258,0.001347113950518189,0.0177757847002786,0.000721033785985448,0.0014226677699531035,0.0016442227632854818,2.9311704560192328e-5,-0.014677287916327499,0.0025339238534210205,-0.006687812857544424,0.00011816581257033847,-2.895268571668755e-5,-0.0
-0.0,-0.0,-0.0,-0.0,-0.0004873720507142622,0.0010898050669790756,0.0012664735458786513,0.02046213089087305,0.0007900361588796432,0.002165377611610954,0.0012975466987264483,8.661515900850018e-5,0.0006873734163405782,0.0040042896143158094,0.002431843117947912,9.223231945581387e-5,-5.7420617277225126e-5,-0.0
0.0,0.0,0.0,0.0,-0.0006239729321433517,0.0013466274059839704,0.00243602095755565,0.019259897341975113,0.0009841696909333873,0.004015096947975795,0.002269907398267787,0.00011736797835452623,0.0012707524484927158,0.005248081241407799,0.0073628766783857,0.00013027982978507858,4.129907374297552e-5,0.0
-0.0,-0.0,-0.0,-0.0,-1.6626165739393016e-6,-2.7522367746578643e-7,-5.933476575500284e-7,-1.5121445719037614e-6,-2.7316703648285526e-7,-4.478272404126851e-7,-8.006976546604649e-7,-2.383382849248248e-8,-4.168293767216998e-6,-2.1482846096058626e-6,-2.183681652933531e-6,-3.176519536023139e-8,-4.574405364851042e-8,-0.0
0.0,0.0,0.0,0.0,2.614440429883292e-5,-6.385297850118176e-5,-0.0001376277028085,-0.00035208482072091214,-6.33802676621367e-5,-0.00010431708380207415,-0.00018573740018607924,-5.535620187654793e-6,-0.0009653981855983611,-0.0004984034605489824,-0.0005065665665935315,-7.38184885887978e-6,-1.0598957427841384e-5,0.0
-0.0,-0.0,-0.0,-0.0,-7.338825692519802e-5,0.0007888089671946157,-0.00020737048452792003,0.0051073086440655965,4.548134766167684e-5,-0.03680327582537123,0.0018044026410271926,5.413926076499264e-5,-0.0011696769111724876,-0.052438421888867305,-0.005759177263784272,0.00014949532606083535,-2.5597157424576036e-5,-0.0
-0.0,-0.0,-0.0,-0.0,9.079506280945489e-6,0.0006223927702205656,-0.0005133545096328087,0.0014626170939120678,-0.00011454080124447163,-0.04002990818471753,0.0016483062376670345,3.9931689167174135e-5,-0.0014125949194162138,0.0005763658527414475,-0.006834697578857736,0.00014101359526709319,-1.9387909779794807e-5,-0.0
0.0,0.0,0.0,0.0,-7.338741134882052e-5,0.0007888079876250559,-0.00020737234651746104,0.0051072931920675135,4.548033998044153e-5,-0.036803280767627004,0.0018044000116593838,5.4139127411190564e-5,-0.0011696784746720835,-0.05243842947878218,-0.005759184587301733,0.00014949511561525612,-2.559720971375086e-5,0.0
0.0,0.0,0.0,0.0,3.0431584546673763e-10,-3.5253887152988185e-10,-6.70114410929553e-10,-5.5610445273991355e-9,-3.6265602385151523e-10,-1.7786761660108107e-9,-9.462874324418748e-10,-4.799291511414344e-11,-5.626903806498393e-10,-2.7315463742697677e-9,-2.635672455982445e-9,-7.57375994278532e-11,-1.8818435470574498e-11,0.0
-0.0,-0.0,-0.0,-0.0,-4.8372442362870615e-5,4.9593322066289265e-5,0.00028031804151501126,0.0015286041942398547,0.00010279230774238755,0.0048498154917245,1.8245624185270726e-5,5.951648305700751e-6,0.000271720730962998,0.006871183944071735,0.0014289076116146932,-4.348274167211539e-6,6.504891545676709e-6,-0.0
-0.0,-0.0,-0.0,-0.0,6.086316911252083e-10,-7.050777429263369e-10,-1.3402288129780172e-9,-1.1122089051891707e-8,-7.253120475519394e-10,-3.5573523296291e-9,-1.8925748680357775e-9,-9.598583050410352e-11,-1.1253807603404367e-9,-5.463092743527137e-9,-5.2713449119974214e-9,-1.5147519881126732e-10,-3.763687057255367e-11,-0.0
0.0,0.0,0.0,0.0,-4.5126302131428087e-10,5.227718470069588e-10,9.936973621063693e-10,8.246345984351789e-9,5.377743417053889e-10,2.6375582687855343e-9,1.4032280485338616e-9,7.116759820885244e-11,8.344007285626078e-10,4.050547745347004e-9,3.908378543688639e-9,1.1230955780353556e-10,2.7905428784450825e-11,0.0
0.0,0.0,0.0,0.0,-4.8372247483931566e-5,4.959309630610657e-5,0.00028031761238459044,0.001528600633036994,0.0001027920755033456,0.00484981435268901,1.8245018198135567e-5,5.951617571814997e-6,0.00027172037062519225,0.006871182194833554,0.0014289059237727337,-4.348322668343267e-6,6.50487949465526e-6,0.0
0.0,0.0,0.0,0.0,-4.5442366706617026e-10,5.264333427552025e-10,1.0006572196830525e-9,8.304103412675698e-9,5.41540911894746e-10,2.6560317293684857e-9,1.4130562391109964e-9,7.166605602123351e-11,8.402448378316642e-10,4.0789177789136474e-9,3.935752796864073e-9,1.1309617378399323e-10,2.8100877851813554e-11,0.0
-0.0,-0.0,-0.0,-0.0,9.167321307724615e-6,-1.3206731033273033e-5,-3.49416455114718e-5,-0.0004481644548034059,-2.5424229210064377e-5,-0.0008998667753065135,-3.0396562822200522e-5,-2.708136848046186e-7,-3.584047688895298e-5,-0.0015081090185062724,-2.0491342853554636e-5,2.8905584779912227e-7,9.760417452672308e-7,-0.0
0.0,0.0,0.0,0.0,-0.00013414708685121043,0.00011639895584217625,0.00041880866650977907,0.004408858233335722,0.00016893925437119352,0.008431147356243663,-0.00029457814028848627,1.8111070163186767e-5,0.0005051698785471197,0.010811058836394397,0.0031680719524963094,-1.1275150535696657e-5,-1.0145998817124624e-5,0.0
0.0,0.0,0.0,0.0,-0.00013875253084507465,0.00013337564694041235,0.0004616941120364971,0.004808520603062625,0.00019532492403677952,0.009169549996195877,-0.00024197607293878013,1.8591845821562386e-5,0.0005384194015572448,-0.007753635269877765,0.0031798783559005683,-1.0578121794232229e-5,-9.941787496263122e-6,0.0
0.0,0.0,0.0,0.0,-5.418287796510378e-7,-1.2692362948337495e-5,-3.441025589251218e-5,-0.00017009698083692444,-1.2543493704681078e-5,-0.00022568779310276263,-3.0091518816486395e-5,-1.0380240286938375e-6,-2.115548467842281e-5,-0.0003466267447792901,-0.00010508403924680855,-1.0843655906599228e-6,-1.2985971480424662e-6,0.0
0.0,0.0,0.0,0.0,-6.604865985982925e-5,0.0007099271768676902,-0.00018663513466583487,0.0045965636836505595,4.0932293643309125e-5,-0.03312295275138238,0.001623959978296753,4.872521303714999e-5,-0.0010527106463499771,-0.047194586623842745,-0.005183266218248262,0.00013454560147681778,-2.303748938265836e-5,0.0
0.0,0.0,0.0,0.0,-0.00048737187281696704,0.0010898048608915087,0.001266473154142422,0.02046212763999147,0.0007900359468777824,0.002165376571830478,0.0012975461455446919,8.66151309527487e-5,0.0006873730874024093,0.004004288017505414,0.0024318415771835836,9.223227518104404e-5,-5.7420628278126575e-5,0.0
-0.0,-0.0,-0.0,-0.0,-0.00022085303257801683,0.001346627093965549,0.002436020364463492,0.01925989242011125,0.0009841693699606676,0.004015095373738807,0.002269906560745645,0.00011736793587786666,0.0012707519504773879,0.0052480788238225065,0.007362874345654665,0.00013027976275267948,4.1299057087510994e-5,-0.0
-0.0,-0.0,-0.0,-0.0,-2.610966628945808e-6,-5.693517475165702e-7,-1.5440028855057089e-6,-7.628909700293176e-6,-5.626521550482105e-7,-1.0130680896787408e-5,-1.3496722075062907e-6,-4.653439911659337e-8,-9.490267870524732e-7,-1.5559392843422456e-5,-4.714270954590376e-6,-4.857300348292275e-8,-5.827843516072453e-8,-0.0
0.0,0.0,0.0,0.0,2.0682277950833295e-6,-1.2121956936015254e-5,-3.2864249034965774e-5,-0.000162451440875465,-1.1979757029562123e-5,-0.00021555179308849,-2.8739016743647613e-5,-9.913461071312943e-7,-2.020477517008325e-5,-0.0003310591832673136,-0.00010036188633384295,-1.0355660944642434e-6,-1.2402624364939967e-6,0.0
-0.0,-0.0,-0.0,-0.0,-0.00026737110757242625,0.0011315750330951582,0.001157933852371347,0.017172297662160125,0.0007367852278813308,0.0014260057822009324,0.0014302850939567162,2.7643136641431107e-5,0.00019101084897005919,0.002721342686680842,-0.048960002439571076,0.0001273138709486199,-4.1324545034263835e-5,-0.0
-0.0,-0.0,-0.0,-0.0,8.292177122228947e-5,0.0007337683825961361,0.00022367148706314044,0.005835222336640279,0.0003306250129913851,-0.0008928988321690293,0.0008763032731660041,-9.308933715273386e-5,-0.0009056057407606136,-0.0008134084952165489,-0.028016942898736567,0.00013246914652846812,-2.7922292093418657e-5,-0.0
-0.0,-0.0,-0.0,-0.0,-0.00025968063904302757,0.0011063426055052895,0.0011268660221258138,0.01679521333018393,0.0007198234704445968,0.0013827102807717432,0.0013955754822372402,2.6607762943119313e-5,0.00018157617659580796,0.0026506929923336723,-0.04819376954591369,0.00012458023378163956,-4.0851825528551855e-5,-0.0
0.0,0.0,0.0,0.0,-3.5322793477972577e-9,4.0920175443530325e-9,7.77820596861757e-9,6.454860306045762e-8,4.2094501589872464e-9,2.064559296697655e-8,1.0983823519828983e-8,5.570672216229239e-10,6.531305033560722e-9,3.170582462341788e-8,3.0592989322095006e-8,8.791075540033216e-10,2.1843085696043922e-10,0.0
-0.0,-0.0,-0.0,-0.0,-4.849299912630016e-6,1.1001773642538743e-7,2.2570943370414347e-5,-9.011444736201697e-6,3.0216550785958005e-6,4.882633146740321e-5,1.1203931078576339e-5,1.874244958834954e-6,2.2278707508221893e-5,4.303637909749395e-5,0.0014587953990680494,-5.328907541697336e-7,1.8173886505284542e-6,-0.0
0.0,0.0,0.0,0.0,-7.063252132963106e-9,8.1825214871976e-9,1.5553534790738246e-8,1.2907333013609425e-7,8.417343275619702e-9,4.128354929093277e-8,2.196358421118443e-8,1.1139283880825287e-9,1.3060194191061623e-8,6.339992151798621e-8,6.11746625445019e-8,1.7578899333959541e-9,4.367809177545922e-10,0.0
0.0,0.0,0.0,0.0,-4.759010915425971e-10,5.513141588197344e-10,1.0479512970060221e-9,8.696580203382034e-9,5.671357555454663e-10,2.781563766383467e-9,1.4798415075671372e-9,7.50532086198524e-11,8.799573571318163e-10,4.271699674004474e-9,4.121768298414492e-9,1.1844143769540214e-10,2.9429009612719995e-11,0.0
0.0,0.0,0.0,0.0,-5.002217853861632e-6,2.0428403576795363e-7,2.3190183082728594e-5,-7.917558018491495e-6,3.148429880651704e-6,5.008938008246843e-5,1.1590995167231864e-5,1.919762099124582e-6,2.2814309917688455e-5,4.42727498551556e-5,0.001488304143888185,-5.338690481088449e-7,1.8570589979369785e-6,0.0
0.0,0.0,0.0,0.0,8.367357165551402e-8,-1.388337461455889e-7,-2.576609382720116e-7,-1.9055521261949537e-6,-9.858707812287723e-8,-4.298245188603579e-7,-2.419865507844316e-7,-1.2202083088564963e-8,-1.3657127696756934e-7,-5.508743362873971e-7,-8.096178855827017e-7,-1.3713474687647412e-8,-5.306664170472892e-9,0.0
-0.0,-0.0,-0.0,-0.0,-6.964182693640949e-5,-3.5825939332936856e-5,2.2358310046117542e-5,0.003264650285032067,8.081304866325649e-5,0.00024189936232861618,-0.0003948515670406346,1.4505902792284649e-5,0.00010940206418122425,-0.0006420033963659868,-0.013348075389833323,-4.580223410279558e-6,-1.4906669924986524e-5,-0.0
0.0,0.0,0.0,0.0,-0.0003620351268706804,4.493825388193019e-5,0.00029468104670189873,0.011283014029682526,0.0002958606201185947,0.0013052529843668227,-0.0006658622704315805,8.34274779805916e-5,0.0006742467723065455,0.0003035648153168315,0.014437385933958059,-2.3012533241717498e-5,-4.7262514950100914e-5,0.0
0.0,0.0,0.0,0.0,-0.0002331541065579372,0.00012191795140414655,0.0003683916077074259,0.007326923240816973,0.0002209320685634226,0.0011408911156267061,-0.0001004538995360063,6.561342626894173e-5,0.0005650652292310638,0.0011098063154714114,-0.0003613705792202062,-1.1142835943660911e-5,-2.1209802341482387e-5,0.0
0.0,0.0,0.0,0.0,-5.380808009798329e-5,-7.792265245549588e-5,-0.00018918322886398643,7.328834218322664e-5,-3.667585692418356e-5,-0.0002646105640494199,-0.0002464941522713285,-4.127530951482222e-6,-7.715262572290641e-5,-0.00042414109093314676,-0.0033176014275573987,-8.977387083761551e-6,-1.348787048405238e-5,0.0
0.0,0.0,0.0,0.0,-0.0002337125614778424,0.0009957083291291234,0.0010141793898314792,0.015115691747527605,0.0006478411071203366,0.0012444391728489539,0.0012560178915342257,2.3946984494382688e-5,0.00016341853367678928,0.002385623570479895,-0.04337439270963891,0.00011212220700357888,-3.676664382046499e-5,0.0
0.0,0.0,0.0,0.0,-0.0004873712059222964,0.001089804088318215,0.0012664716856164199,0.020462115453209185,0.0007900351521331981,0.0021653726739406004,0.0012975440717977872,8.66150257784051e-5,0.0006873718542914117,0.004004282031442762,0.002431835801224344,9.223210920545552e-5,-5.74206695178924e-5,0.0
-0.0,-0.0,-0.0,-0.0,-3.815927256403859e-5,0.0013466280795047106,0.0024360222378001675,0.01925990796627534,0.0009841703837828093,0.004015100346112507,0.0022699092061370997,0.00011736807004434012,0.0012707535235050643,0.005248086459990127,0.007362881713802221,0.00013027997448073646,4.12991096953402e-5,-0.0
-0.0,-0.0,-0.0,-0.0,-2.870289990697869e-5,-4.931960953249531e-6,-1.1974266339958256e-5,4.64771665742274e-6,-2.321023214635429e-6,-1.674710935475612e-5,-1.5601622455968278e-5,-2.6119879505944695e-7,-4.8828946055116664e-6,-2.684392418551481e-5,-0.00021000011114980234,-5.681519584817856e-7,-8.537532192577172e-7,-0.0
-0.0,-0.0,-0.0,-0.0,-2.510614338729463e-5,-7.298957567426728e-5,-0.0001772068415312248,6.86582269012634e-5,-3.4353685859568664e-5,-0.00024785782497045424,-0.00023088953470171928,-3.866180253068386e-6,-7.226795013459237e-5,-0.0003972885210744973,-0.0031075929741869175,-8.408995406658644e-6,-1.2634057702180409e-5,-0.0
0.0,0.0,0.0,0.0,-0.00030996063920822505,0.00094113703692158,0.0008114479750080709,0.013736368350374699,0.0006238699381187757,0.0018061944137088765,0.0015358462009440448,7.281289744196457e-5,0.0006944423685834105,0.003306158181382644,-0.00036692531392016215,-0.001199879137164024,-4.578766856401508e-5,0.0
0.0,0.0,0.0,0.0,0.00031508912329445175,-2.0514999965272035e-5,-0.0013466147579331738,-0.012987282490152323,-0.0002331979999994002,-0.0007068632440701511,0.0012959214711581685,-1.2295113266798791e-5,0.00022424579160567595,-0.0007331837185083708,-0.010561437836814059,-6.321818170407619e-5,-2.0941453701378945e-5,0.0
0.0,0.0,0.0,0.0,-0.0003098962510002358,0.0009409589781118381,0.000811264217911001,0.013733776924703343,0.000623749360078235,0.0018058162392472993,0.001535552632338366,7.279874714364416e-5,0.0006943035980602929,0.0033055154934696273,-0.0003670448029635217,-0.0011996959097741538,-4.5781558104762e-5,0.0
0.0,0.0,0.0,0.0,-7.307980401294371e-9,8.466030314452403e-9,1.609243514027373e-8,1.335454758939229e-7,8.708988131821784e-9,4.271394588821189e-8,2.2724580685706935e-8,1.1525238925337421e-9,1.3512705118019984e-8,6.559660840872194e-8,6.329424840367995e-8,1.8187974811408267e-9,4.5191454658598014e-10,0.0
-0.0,-0.0,-0.0,-0.0,-2.1036305575360723e-5,2.5980025665663525e-5,0.00019255306678355846,0.00042199195654862295,3.336178099362386e-5,0.00022872482291795335,4.19261970498465e-5,3.684000813349951e-6,5.049136248195197e-5,0.00014865831704691118,0.0010207256850901887,0.00022492046704007475,1.2359567270629975e-5,-0.0
-0.0,-0.0,-0.0,-0.0,-1.461595076032748e-8,1.6932048991775725e-8,3.218484819780685e-8,2.670907681936076e-7,1.741796439490539e-8,8.542783303595048e-8,4.544913013918131e-8,2.3050462002195193e-9,2.7025391660631884e-8,1.3119312661120308e-7,1.265884098109695e-7,3.6375924632564825e-9,9.038284721168009e-10,-0.0
-0.0,-0.0,-0.0,-0.0,-4.510344903126168e-10,5.225071008333037e-10,9.931941668222774e-10,8.242169802807404e-9,5.375019993280077e-10,2.6362225709719412e-9,1.4025173929640137e-9,7.11315570215816e-11,8.339781598100927e-10,4.048496479190569e-9,3.906399241112764e-9,1.122526811245196e-10,2.7891296491073715e-11,-0.0
-0.0,-0.0,-0.0,-0.0,-2.104889092291357e-5,2.5995634499191998e-5,0.00019260696729967857,0.00042223511219779703,3.337816837020893e-5,0.00022881529843636153,4.1961009928427465e-5,3.68603008654791e-6,5.051627838201158e-5,0.0001487608434815913,0.001020978912423693,0.00022496082114376422,1.2362228233077453e-5,-0.0
-0.0,-0.0,-0.0,-0.0,1.892736609822209e-9,-3.3646049919857784e-9,-6.2208504595107525e-9,-4.5111045735364257e-8,-2.2234575851003457e-9,-9.405352810456389e-9,-5.376130763615503e-9,-2.708299821934721e-10,-2.9935235723996578e-9,-1.1387270887732665e-8,-1.89507720721755e-8,-2.66806138338734e-10,-1.2071360800954463e-10,-0.0
0.0,0.0,0.0,0.0,3.508841316501721e-5,-6.43077916842987e-5,-0.00011725549308116753,-0.0017207169847557695,-7.525231260178619e-5,-7.108710524070693e-5,4.489711654304621e-6,-3.7122078196687388e-6,9.752240639878435e-6,-0.00014327723467837344,0.00016343240522802575,-0.00013117589726793574,6.753291267426256e-6,0.0
0.0,0.0,0.0,0.0,-4.524240747237695e-5,2.1550620096828617e-5,7.708488249714694e-5,0.0012458648294225547,-2.571100270686299e-6,0.00015137051972773414,-2.3908964623680997e-5,4.557913882737856e-6,4.627662220250338e-5,0.0002763584729729413,0.0014935459315483543,0.0003355583615930588,2.241489661636324e-6,0.0
0.0,0.0,0.0,0.0,-7.29020819675483e-5,9.994845879329777e-5,0.00023271836912016258,0.0029487185439671217,8.401087374779088e-5,0.0002850558292858755,1.6373312915627773e-5,9.502638501595976e-6,5.731499592237087e-5,0.0004657930794753628,0.0013790079528184806,-3.0121567066039065e-5,-1.8775305787993058e-6,0.0
-0.0,-0.0,-0.0,-0.0,3.2271839486033387e-7,-3.4626317304046695e-5,-8.78313332404542e-5,-0.0004131819766935364,-2.8761156327920696e-5,-0.0001280428554080811,-6.467634599025702e-5,-3.0996768260398937e-6,-3.676988975217909e-5,-0.00013133540007436627,-0.0002560316452990908,-1.8085744055616328e-5,-3.298605281380691e-6,-0.0
-0.0,-0.0,-0.0,-0.0,-0.0002789066301475891,0.0008468630852210869,0.0007301378054727771,0.012360399309849246,0.0005613744291320502,0.0016252346401477897,0.001381997382311991,6.551887309912325e-5,0.0006248732461078083,0.002974963982247222,-0.00033034028588073677,-0.0010797263177396586,-4.120340203163435e-5,-0.0
-0.0,-0.0,-0.0,-0.0,-0.00048736934062560815,0.0010898019274396364,0.0012664675781661574,0.020462081366919942,0.0007900329292417829,0.00216536177158764,0.001297538271551649,8.661473160698138e-5,0.0006873684052941891,0.0040042652884947,0.0024318196459330796,9.223164497365264e-5,-5.742078486504264e-5,-0.0
0.0,0.0,0.0,0.0,-0.0002784418759741686,0.0013466274702256045,0.002436021079667706,0.01925989835534023,0.0009841697570186266,0.004015097272096273,0.0022699075707056575,0.00011736798710006751,0.0012707525510293506,0.005248081739165692,0.007362877158672889,0.00013027984358641423,4.1299077172177556e-5,0.0
-0.0,-0.0,-0.0,-0.0,-6.153222798211171e-6,-1.353351306701513e-6,-3.433183056752494e-6,-1.614693346375307e-5,-1.124008081637421e-6,-5.003762771233007e-6,-2.527401830237756e-6,-1.2112416406982138e-7,-1.4368444618127088e-6,-5.131047929511959e-6,-1.0006817346738858e-5,-7.070370759554168e-7,-1.289467642184867e-7,-0.0
0.0,0.0,0.0,0.0,6.475019060698738e-6,-3.327189774042757e-5,-8.43961196151174e-5,-0.00039701819225322225,-2.7636049332555793e-5,-0.00012303370292449496,-6.214607673696377e-5,-2.9784072347066905e-6,-3.533134023614649e-5,-0.00012619607506243684,-0.0002460168413853016,-1.7378477480956258e-5,-3.1696014938794255e-6,0.0
-0.0,-0.0,-0.0,-0.0,-0.0003499847134448783,0.0011036086982355643,0.0009035990764054989,0.018033943200184185,0.00019158886112374403,0.0022478386838357227,0.0014149194153540848,5.961309540300866e-5,0.0005521037946326892,0.003946855316875423,-0.000730307048378909,0.00011618604568636747,-0.004241718431991398,-0.0
0.0,0.0,0.0,0.0,0.00028252191341474845,0.0004294590358589795,-0.0016687329618922922,-0.0013460831528645135,-0.0024897961564915067,0.0004513452749179284,0.0006494087200787738,-0.00010010586747106947,-0.0005970774880796292,0.0009336899938769846,-0.01585103458049797,0.00013311155718683746,-1.535123244701103e-5,0.0
-0.0,-0.0,-0.0,-0.0,-0.0003499847034270182,0.0011036086866302206,0.0009035990543458174,0.018033943017118286,0.000191588849185374,0.002247838625282957,0.0014149193842029721,5.9613093823115794e-5,0.0005521037761093309,0.00394685522695483,-0.0007303071351431308,0.00011618604319313908,-0.004241718432610791,-0.0
-0.0,-0.0,-0.0,-0.0,-5.9826650449089495e-9,6.930700526757405e-9,1.3174043179535219e-8,1.0932676423066793e-7,7.129597592412716e-9,3.4967695134762794e-8,1.860343717764721e-8,9.43511616580848e-10,1.1062151797555457e-8,5.3700545731832e-8,5.1815722901410957e-8,1.4889552952611252e-9,3.6995903286997154e-10,-0.0
-0.0,-0.0,-0.0,-0.0,-1.3224660578753751e-7,-2.9568064519390824e-8,1.6466344209202365e-6,-3.1555227304228263e-6,1.0112427650115258e-6,1.421966128944261e-6,5.821526171277418e-7,5.562044528541183e-8,7.024784383200339e-7,3.4676583459318914e-7,1.01684043788609e-5,-2.1329719366681145e-8,6.9372538114091016e-6,-0.0
0.0,0.0,0.0,0.0,-1.196533008951163e-8,1.3861401049394352e-8,2.6348086365717066e-8,2.1865352844374317e-7,1.4259195183843116e-8,6.993539028781409e-8,3.720687438132954e-8,1.887023233432384e-9,2.2124303595318324e-8,1.0740109148546838e-7,1.0363144581305951e-7,2.9779105899299676e-9,7.399180653820808e-10,0.0
0.0,0.0,0.0,0.0,-4.54743922984281e-10,5.26804346851552e-10,1.001362451261749e-9,8.309955734792764e-9,5.419225663427811e-10,2.6579035780049602e-9,1.4140521036067742e-9,7.17165625517329e-11,8.408370317540322e-10,4.08179242238684e-9,3.938526553541508e-9,1.1317587865902806e-10,2.8120682763376865e-11,0.0
0.0,0.0,0.0,0.0,-1.3822869725449452e-7,-2.2638028516062588e-8,1.6598072010588296e-6,-3.046206447710529e-6,1.0183716790670705e-6,1.4569304716511975e-6,6.007542707714006e-7,5.656386644484988e-8,7.1353952955665e-7,4.0046123191962456e-7,1.0220215134004992e-5,-1.9840906822487824e-8,6.937623734973283e-6,0.0
-0.0,-0.0,-0.0,-0.0,-4.6012463091117285e-10,5.330376988671841e-10,1.0132110477821848e-9,8.408282362195797e-9,5.483348020848443e-10,2.6893529442446863e-9,1.430783718507465e-9,7.256514032230418e-11,8.507861392953218e-10,4.130089786077855e-9,3.985128741921365e-9,1.1451501872773372e-10,2.8453416403626186e-11,-0.0
-0.0,-0.0,-0.0,-0.0,1.2194236249427357e-5,-3.8433849293473645e-5,-0.00016361038894030023,-0.0005031834865970529,-7.515308012310195e-5,-0.00013581780950471176,-4.496254997773132e-5,-2.8863369070077956e-6,-2.173069546208996e-5,-5.526495662980196e-5,-0.0001382195810394422,1.0638121385270782e-6,-0.00014143855737229624,-0.0
-0.0,-0.0,-0.0,-0.0,-9.24525136153607e-6,-3.855136683293361e-5,-0.00015942893705487662,-5.349842861432079e-5,-1.1301142224840004e-5,-0.00016711420188752162,-5.8505230091546154e-5,9.900311346711674e-7,-1.2414472478694142e-6,-6.9055838356150555e-6,0.00027466556680371247,-3.308085295524827e-7,0.0003702545155713739,-0.0
-0.0,-0.0,-0.0,-0.0,-1.865053497425809e-5,1.0372758459160508e-5,3.729836668168829e-5,0.0005052289055348415,6.923192482476926e-5,1.5065594838922966e-5,8.888402667003037e-6,4.447520392055691e-6,3.0357480571495637e-5,7.87823713311175e-5,0.0004567292834113074,-5.2046093229048e-7,-3.996659049724238e-5,-0.0
0.0,0.0,0.0,0.0,-9.822898854131748e-7,-1.6252138330697682e-5,-5.2194409393278855e-5,-0.00015554291208968868,-1.826094625076683e-5,-6.700960485293599e-5,-3.25670044581148e-5,-1.475887612323107e-6,-1.8337859879736524e-5,-5.422760541214032e-5,-0.00013038153799927252,-1.1246101445393497e-6,-2.0560551232881474e-5,0.0
0.0,0.0,0.0,0.0,-0.0003149862361037981,0.0009932478214651588,0.0008132391555602432,0.016230548770584247,0.00017242996786518124,0.0020230547804030376,0.001273427455171925,5.365178491699936e-5,0.0004968934040815229,0.0035521697313622893,-0.0006572763954771551,0.00010456743962530857,-0.0038175465891629925,0.0
0.0,0.0,0.0,0.0,-0.00048737029512608757,0.001089803033193832,0.0012664696800104745,0.0204620988093888,0.0007900340667288835,0.002165367350486262,0.0012975412396251749,8.661488213894054e-5,0.000687370170198144,0.004004273856114026,0.0024318279128395437,9.223188252807557e-5,-5.7420725840164444e-5,0.0
0.0,0.0,0.0,0.0,-0.00022283885523315195,0.0013466271074834236,0.002436020390158598,0.019259892633345915,0.0009841693838664783,0.00401509544194101,0.0022699065970304255,0.0001173679377181238,0.0012707519720533788,0.005248078928561902,0.0073628744467177905,0.0001302797656567891,4.129905780909233e-5,0.0
0.0,0.0,0.0,0.0,-2.8991612171429075e-6,-7.259404029388117e-7,-2.3320823200710444e-6,-6.944404959200001e-6,-8.157189018609496e-7,-2.9926543998033477e-6,-1.4543219850434418e-6,-6.590000010255236e-8,-8.18856110975857e-7,-2.4198660107790887e-6,-5.82409098144529e-6,-5.0156172279497134e-8,-9.190283392132377e-7,0.0
0.0,0.0,0.0,0.0,1.9159610028892924e-6,-1.552514334480518e-5,-4.986032249642601e-5,-0.0001485818718507667,-1.7444142501558084e-5,-6.401162973048788e-5,-3.110985175377208e-5,-1.4098440464635504e-6,-1.751732053967441e-5,-5.179956826773302e-5,-0.00012454956268091006,-1.0742274111979785e-6,-1.9641466600299282e-5,0.0
0.0,0.0,0.0,0.0,0.0004672793276974736,-0.0026602493261004695,-0.006444454083077248,-0.028888374791469794,-0.0013737796340332386,-0.0034726065635542996,-0.0016671465467252176,-0.00012217138235293162,-0.0011251306933648126,-0.0015897478188402847,-0.012070575852693412,2.1059792752074228e-5,-4.1322866259776484e-5,0.0
-0.0,-0.0,-0.0,-0.0,6.648816908204871e-5,-0.0004903767356168606,-0.0010785477562004577,-0.0037086344731491576,-0.00022112763604631195,-0.0007743379605329955,-0.0008032162879830359,-2.3151338382633104e-5,-0.0002846774400856764,-0.0005165835773012725,-0.0020212827935940448,-1.1071939729570587e-5,-2.0833260001807128e-5,-0.0
-0.0,-0.0,-0.0,-0.0,-1.5369961573896464e-5,0.0001632984510566942,0.0013444287458346874,-0.00017852818058045492,0.00045809734160067594,0.0007497975828758901,0.00045210297604591197,9.766341367990767e-6,0.0001275052833108241,-4.726710986869967e-6,0.0013324429596903264,-7.426099300313878e-6,2.2673909831519686e-5,-0.0
-0.0,-0.0,-0.0,-0.0,0.00022235342682047488,-0.0016269009048131007,-0.0023446794147287523,-0.016124736570147798,-0.0009524024910886733,0.0010010828933591797,0.0006109181695738751,-1.8088199889007196e-6,0.00014007136204590787,0.0009909278744150798,-0.0019902789274680276,2.7009340287899138e-5,-5.748969585497536e-6,-0.0
-0.0,-0.0,-0.0,-0.0,2.158926715872043e-5,0.0003502720837479096,8.047981592208437e-5,0.0006740068522746363,3.926205262960007e-5,-0.003393542116720928,-0.0023126458797354077,-7.0455227821742e-5,-0.0009173916274776794,-0.0025814494622704402,-0.003935675308667349,-4.297526819389458e-5,-1.205485687417459e-5,-0.0
-0.0,-0.0,-0.0,-0.0,0.0006367299275503854,-0.0040685361642488725,-0.009556252119020163,-0.041226048762198104,-0.00209441043711081,-0.0034956704660945646,-0.0006443088966466626,-0.00010495049712588767,-0.0006257842241430067,-0.0008497155703468037,-0.012389288066601363,4.344671831224147e-5,-3.241187420824441e-5,-0.0
-0.0,-0.0,-0.0,-0.0,0.000300393864481016,-0.0012732810818880294,-0.0033797623305239074,-0.016737468069361404,-0.0006640577131498254,-0.0034498917997499113,-0.002674500517186819,-0.00013913157840588,-0.001616918073566687,-0.0023185774836921003,-0.011756688289916255,-9.882402780765139e-7,-5.009896402309399e-5,-0.0
0.0,0.0,0.0,0.0,-0.0007758468907156117,-0.0010758242517355245,4.480912092704316e-5,-0.006325335417677407,0.0010892376429937236,0.0006633907231617978,-0.0023737585020557673,6.088274646362422e-5,0.0009217510685023408,-0.009554412263237628,0.012473940162904151,-3.276304538814334e-5,-0.00017846638281032045,0.0
0.0,0.0,0.0,0.0,-0.0007506135691309892,-0.001589573325404805,-0.003923271101388065,0.0019228828166182059,-0.0004100810790807238,0.006135013326138839,0.0005363857325926251,0.00016848549682444222,0.0017753538979158683,0.008192154253405741,0.015004748130611591,0.0002702154528671772,0.0001798848029275803,0.0
0.0,0.0,0.0,0.0,0.000731094883386441,-0.011013626983350244,-0.006668153522794735,-0.043696769441834024,-0.0010100290061498514,-0.0007474978095121362,-0.00046062417249369714,-0.00011692471116933464,-0.0005488789237512015,0.00026708858404283386,-0.015457948022686902,4.961530694667378e-5,-4.068310587943086e-5,0.0
0.0,0.0,0.0,0.0,0.0001876915450049823,-0.00697367538328785,-0.0016464929491207723,-0.007967675604683042,-2.7970216388336023e-5,0.0006532428472969102,0.0008337831744381424,2.4470308142922373e-8,0.00029371358818321196,0.0008464016765736025,-0.0010560282721273637,2.9203969146145203e-5,1.1531800719629585e-5,0.0
0.0,0.0,0.0,0.0,0.0006722095857368179,-0.0026913783630794354,-0.027468212297938638,-0.03618432113143149,-0.003485886016631416,-0.0007937323969046773,-0.0005352991630342391,-0.00011982294987739708,-0.0006249038487634208,0.00014048301268425903,-0.015623708815854925,4.884453747049256e-5,-3.0692592618459036e-5,0.0
-0.0,-0.0,-0.0,-0.0,0.0002114316665546588,-0.0010892005753210985,-0.013251989914441376,-0.010921546813557422,-0.0008785701701536601,0.0007005556171754185,0.001260112510356745,4.5216052303646025e-6,0.0002595635028331761,0.0008416158663439395,-0.0001894227218014829,3.062219484797813e-5,2.0295794160157186e-5,-0.0
-0.0,-0.0,-0.0,-0.0,0.0007611963666789568,-0.004062347481183201,-0.008322853186733073,-0.052391285781730676,-0.0012662765855972805,-0.0021576111273566814,-0.000946226837262738,-0.00012116009970561492,-0.0005993991426096308,-0.00022550134379550817,-0.012846626941327082,4.559302749410984e-5,-3.772414726915664e-5,-0.0
-0.0,-0.0,-0.0,-0.0,0.00024561884450146167,0.00013144899147138244,-0.0002723909338336704,-0.020646185958769665,-1.4518289797727028e-5,-0.0008543498021857714,0.0004010958902814077,-1.438950609433669e-5,0.00012363196892807896,0.0002841964068190116,-0.0016694645202962328,2.9727095250695364e-5,1.1783813965282722e-5,-0.0
-0.0,-0.0,-0.0,-0.0,0.0003765486446020854,-0.0011642763274534033,-0.011523510102798734,-0.016600561299209227,-0.007881263832246629,-0.0004568809734060071,-3.865284492176396e-5,-6.797378904442558e-5,-0.0005320600352173409,0.00018304770515568705,-0.009291506880264444,3.9612400631055857e-5,-2.026393071080347e-5,-0.0
0.0,0.0,0.0,0.0,6.7131736331871e-5,-2.1322497936583903e-5,0.000629197059424913,-0.0013753893402816129,-0.0052785620768018605,0.0008072933043612808,0.0011165199846005576,1.8388020287661143e-5,0.0004048098144640294,0.0008167002718633021,0.0009496508955099029,3.203438810377998e-5,2.155622910615432e-5,0.0
0.0,0.0,0.0,0.0,0.0002533742126827824,-0.0007533121129954617,-0.0020918176989636866,-0.020066880304380245,-0.00037391840928671817,-0.016115140340049953,-0.0002478052925525435,-5.0301827693425664e-5,-0.0008869250740314144,-0.006037808807260744,-0.0077995614031795436,2.8176918161027252e-5,-1.5176139609472108e-5,0.0
-0.0,-0.0,-0.0,-0.0,-0.00024475498255955176,0.0013441442702133229,0.002948074385857551,0.015471054125692706,0.0004529691961523502,-0.01195941883523229,0.0009587311854318032,3.428663070574118e-5,-0.00021492100269329312,-0.005734905189359471,0.0017105577463858834,8.856793170815916e-6,2.5871747162172183e-5,-0.0
0.0,0.0,0.0,0.0,0.00018283053932113827,-0.0004276592316217274,-0.0012113176415595207,-0.0095131170312653,-0.00018876947779025596,-0.0013435005864277135,-0.020843316579916924,-0.00010542824667722618,-0.00046096447769312547,-0.001507374788641626,-0.008363885553897039,2.5246704982286336e-5,-2.277068192612153e-5,0.0
0.0,0.0,0.0,0.0,-0.00015965818708939036,0.0009751916221215848,0.0018974903617338017,0.010589893870791522,0.0005485917036316008,0.001269748194580723,-0.018961630569992456,2.5513837721561707e-5,0.0004281100287125544,0.0002011576921062447,0.0022999057097894417,1.3917660585416389e-5,1.5988408181443005e-5,0.0
0.0,0.0,0.0,0.0,0.0005826281008500826,-0.0018666456413501638,-0.004709283224723142,-0.024092368871133234,-0.0008836363149870619,-0.0016354562515491563,-0.0018478159735026858,-0.00034237280233529246,-0.000904090667423196,-0.0007959684763005064,-0.012747411974966231,3.375838689256526e-5,-3.49407619006101e-5,0.0
0.0,0.0,0.0,0.0,0.00020345539784599512,-0.0006019718714027312,-0.001674294287220409,-0.004484782853486037,-0.00020885750541961557,7.235465961480302e-5,-0.0003331677042167538,-0.0001632449518792763,-0.00016955252863590274,0.0002361550973948146,-0.0030534157897976724,2.5337536906599727e-5,3.937570765156932e-6,0.0
-0.0,-0.0,-0.0,-0.0,0.00012901441387969977,-0.0006362599192900514,-0.0021241784787356874,-0.009706966824246726,-0.0005104907888034001,-0.0031629715728994263,-0.0004401126300833433,-8.737218724808632e-5,-0.005553936689449025,-0.002158875863072473,-0.012392273113748038,2.5247349527792005e-5,-2.8670739291659566e-5,-0.0
0.0,0.0,0.0,0.0,1.1766165821992155e-6,1.984603462532511e-5,-0.0004141645850825083,-0.0014518450140102558,-0.00011485955893164833,-0.0010474376983071229,0.00035402843277639474,-4.73947851472603e-6,-0.002338596534105765,-0.0006486598625545453,-0.0015254693314237903,2.141317687919643e-5,8.684430251796017e-6,0.0
-0.0,-0.0,-0.0,-0.0,0.00017326199021950234,-0.0005357253169767034,-0.0018410990191676348,-0.013265417037307306,-0.0004537514129900848,-0.01324037950229757,-0.0005539429331726758,-5.296801777933976e-5,-0.001160988139984073,-0.009636041891615847,-0.008153533325517794,2.3436053148688904e-5,-1.9282965512633222e-5,-0.0
0.0,0.0,0.0,0.0,-0.0002012404749533159,0.001087773974566445,0.0025893677782585253,0.013614794530571279,0.0006625855297737917,0.0033749155303724773,0.000616398530495165,3.612739858995282e-5,0.0005238302997307227,-0.007953468334615596,0.003931727119012515,5.027268232437113e-6,3.1888220369713787e-5,0.0
0.0,0.0,0.0,0.0,0.0005357590177258195,-0.003121568174144525,-0.007809264901097973,-0.032318497931533616,-0.001500856074147724,-0.0036377798087764133,-0.00208893642943652,-0.0001710360222562627,-0.0017632423108467955,-0.0019499738010851822,-0.022201611757492815,3.3993800495630887e-5,-5.140207381455583e-5,0.0
-0.0,-0.0,-0.0,-0.0,0.0003658640041325034,-0.0024202433979645353,-0.006072636804816931,-0.02202978123338781,-0.0011087534817015394,-0.0018637809105008232,-0.0012364801108973031,-9.621919715740178e-5,-0.0010294540422744224,-0.0007366912145156589,-0.01205207689527023,2.8531420153021385e-5,-2.347292144550475e-5,-0.0
0.0,0.0,0.0,0.0,-6.294194026782156e-5,0.0005045133106559133,0.000983681899305508,0.0015540377061339255,0.00027697249631368097,0.0007090536483996627,0.000965290768269177,1.9579274165081232e-5,0.00027626842249090904,0.00035813077217313925,0.00039746828483536476,-0.00020182724119718358,8.488623380735614e-6,0.0
0.0,0.0,0.0,0.0,-0.00024352481566242078,0.0012911502628304222,0.002791597078134712,0.014074545603270617,0.0006862210008212387,0.001806101122349216,0.0014555985054438211,5.835103319503842e-5,0.0005892245626163061,0.0010143670568498744,0.004968922182805063,-0.00019510748761979624,2.6517602432367525e-5,0.0
-0.0,-0.0,-0.0,-0.0,-9.796620167836417e-5,0.0008046550602040597,0.002230738950564827,0.004499452306161003,0.00030664124819172056,0.0014678730887434047,0.0012083774530400832,2.450273435539017e-5,0.0003608439325297286,0.0006108214463675663,0.001921639741186929,9.920936652871939e-6,-0.0005171300103241917,-0.0
-0.0,-0.0,-0.0,-0.0,-0.00022543915716774808,0.0013135040869721691,0.0037729660987978445,0.011970939862750848,0.0009865436946247187,0.0022541572654767726,0.0017608945059923327,6.768247778492461e-5,0.0007353343587714865,0.0010914775676525458,0.006332642213013185,5.9901870153416404e-6,-0.000501600239462415,-0.0
0.0,0.0,0.0,0.0,0.0,0.0,0.0,0.0,0.0,0.0,0.0,0.0,0.0,0.0,0.0,0.0,0.0,0.0
0.0,0.0,0.0,0.0,0.0,0.0,0.0,0.0,0.0,0.0,0.0,0.0,0.0,0.0,0.0,0.0,0.0,0.0
0.0,0.0,0.0,0.0,0.0,0.0,0.0,0.0,0.0,0.0,0.0,0.0,0.0,0.0,0.0,0.0,0.0,0.0
0.0,0.0,0.0,0.0,0.0,0.0,0.0,0.0,0.0,0.0,0.0,0.0,0.0,0.0,0.0,0.0,0.0,0.0
-0.0,-0.0,-0.0,-0.0,-0.0,-0.0,-0.0,-0.0,-0.0,-0.0,-0.0,-0.0,-0.0,-0.0,-0.0,-0.0,-0.0,-0.0
0.0,0.0,0.0,0.0,0.0,0.0,0.0,0.0,0.0,0.0,0.0,0.0,0.0,0.0,0.0,0.0,0.0,0.0
0.0,0.0,0.0,0.0,0.0,0.0,0.0,0.0,0.0,0.0,0.0,0.0,0.0,0.0,0.0,0.0,0.0,0.0
0.0,0.0,0.0,0.0,0.0,0.0,0.0,0.0,0.0,0.0,0.0,0.0,0.0,0.0,0.0,0.0,0.0,0.0
0.0,0.0,0.0,0.0,0.0,0.0,0.0,0.0,0.0,0.0,0.0,0.0,0.0,0.0,0.0,0.0,0.0,0.0
0.0,0.0,0.0,0.0,0.0,0.0,0.0,0.0,0.0,0.0,0.0,0.0,0.0,0.0,0.0,0.0,0.0,0.0
0.0,0.0,0.0,0.0,0.0,0.0,0.0,0.0,0.0,0.0,0.0,0.0,0.0,0.0,0.0,0.0,0.0,0.0
0.0,0.0,0.0,0.0,0.0,0.0,0.0,0.0,0.0,0.0,0.0,0.0,0.0,0.0,0.0,0.0,0.0,0.0
-0.0,-0.0,-0.0,-0.0,-0.0,-0.0,-0.0,-0.0,-0.0,-0.0,-0.0,-0.0,-0.0,-0.0,-0.0,-0.0,-0.0,-0.0
0.0,0.0,0.0,0.0,0.0,0.0,0.0,0.0,0.0,0.0,0.0,0.0,0.0,0.0,0.0,0.0,0.0,0.0
