c1,c2,c3,c4,c5,c6,c7,c8,c9,c10,c11,c12,c13,c14,c15,c16,c17,c18,c19,c20,c21,c22,c23,c24,c25,c26,c27,c28,c29,c30,c31,c32,c33,c34,c35,c36,c37,c38,c39,c40,c41,c42,c43,c44,c45,c46,c47,c48,c49,c50,c51,c52,c53,c54,c55,c56,c57,c58,c59,c60,c61,c62,c63,c64,c65,c66,c67,c68,c69,c70,c71,c72,c73,c74,c75,c76,c77,c78,c79,c80
0.10000000000000007,2.5760177722194416e-18,0.0,0.0,0.0,0.0,0.0,0.0,0.0,0.0,0.0,0.0,0.0,-1.7877749410850177e-18,1.1607894452862692e-18,0.0,0.0,0.0,0.0,0.0,0.0,0.0,0.0,0.0,0.0,0.0,0.0,0.0,0.0,0.0,0.0,0.0,0.0,0.0,0.0,0.0,0.0,0.0,0.0,1.2446270077511333e-18,2.7524926487093275e-17,2.385237283285232e-17,-2.371575053427163e-18,1.0876827611643763e-17,-8.001036225396501e-18,2.0131084796021584e-17,1.7280113068379892e-17,3.570257466605339e-18,2.4043993364976554e-18,7.177081126181083e-18,1.7240968962724958e-17,0.0,0.0,0.0,0.0,0.0,0.0,0.0,0.0,0.0,0.0,0.0,0.0,0.0,0.0,0.0,0.0,0.0,0.0,0.0,0.0,0.0,0.0,0.0,0.0,0.0,0.0,0.0,0.0,0.0
0.0,0.7999999999999994,0.0,0.0,0.0,0.0,0.0,0.0,0.0,0.0,0.0,0.0,0.0,-6.169556999925342e-18,-7.966112695786502e-19,0.0,0.0,0.0,0.0,0.0,0.0,0.0,0.0,0.0,0.0,0.0,0.0,0.0,0.0,0.0,0.0,0.0,0.0,0.0,0.0,0.0,0.0,0.0,0.0,-8.797811091269125e-19,-3.527813607712365e-18,8.679859672278686e-18,-2.364717220356552e-18,-1.2410863008079654e-19,-1.640100183498349e-18,-1.0790838591542662e-18,3.079189015148906e-18,-9.302989885484974e-18,-5.224582500878168e-18,-2.0021389221292056e-18,4.890840301521881e-18,0.0,0.0,0.0,0.0,0.0,0.0,0.0,0.0,0.0,0.0,0.0,0.0,0.0,0.0,0.0,0.0,0.0,0.0,0.0,0.0,0.0,0.0,0.0,0.0,0.0,0.0,0.0,0.0,0.0
-0.0,-0.0,-0.0,-0.0,-0.0,-0.0,-0.0,-0.0,-0.0,-0.0,-0.0,-0.0,-0.0,-0.0,-0.0,-0.0,-0.0,-0.0,-0.0,-0.0,-0.0,-0.0,-0.0,-0.0,-0.0,-0.0,-0.0,-0.0,-0.0,-0.0,-0.0,-0.0,-0.0,-0.0,-0.0,-0.0,-0.0,-0.0,-0.0,-0.0,-0.0,-0.0,-0.0,-0.0,-0.0,-0.0,-0.0,-0.0,-0.0,-0.0,-0.0,-0.0,-0.0,-0.0,-0.0,-0.0,-0.0,-0.0,-0.0,-0.0,-0.0,-0.0,-0.0,-0.0,-0.0,-0.0,0.0,0.0,0.0,0.0,0.0,0.0,0.0,0.0,0.0,0.0,0.0,0.0,0.0,0.0
-2.49735950876199e-16,-1.2141828263130585e-14,-3.4660418456588366e-28,-4.7487515219422866e-29,4.500478778275652e-28,4.1225559616093996e-14,-8.371152341162513e-16,-7.38827099023629e-16,6.23639725429405e-14,-9.90209566444841e-25,1.4902334638243232e-15,4.98396779223395e-16,-2.1202487342636348e-27,-1.5473168991171856e-15,-6.586791794419024e-16,8.210412422609158e-16,6.980247025962105e-15,4.967641056776634e-15,1.6062680509076653e-15,2.272718317636067e-15,5.707525529969496e-16,5.541675855422744e-15,3.384354321262022e-15,3.871086583066413e-15,6.690544393824466e-15,9.155348335246612e-15,1.2896245249497454e-16,-6.552968018535442e-28,-7.928290367503545e-28,2.879794587589551e-29,-1.0301270550000132e-27,-1.8375617288583108e-28,4.255429563145358e-28,7.803162593354022e-28,-2.7427984937702106e-28,-2.304037537653972e-28,4.689714742804141e-28,-7.730961015429296e-28,-2.0118340476863055e-28,9.549641253354803e-16,2.537001872357621e-15,4.214644885865351e-15,6.707376357552793e-16,4.71867171660904e-16,3.537775777073352e-16,1.530227466978846e-15,8.578748401535856e-16,5.70617730070482e-16,2.4279926015543042e-15,7.340350050195832e-16,1.2185602201809546e-17,-1.9230429245700474e-17,-1.416168491920132e-27,-6.431464755251992e-18,4.388409949554595e-28,-1.5477994308071813e-28,2.0716356630461924e-28,-1.6914014953820353e-28,2.497961922949486e-28,1.064666262069476e-28,-3.835665063220298e-28,1.2963648704523667e-28,-1.950952632181374e-28,-4.070018490888106e-28,-2.163150118387834e-28,-2.6079552363988383e-28,0.0,0.0,0.0,0.0,0.0,0.0,0.0,0.0,0.0,0.0,0.0,0.0,0.0,0.0
0.0524027139969648,0.2744956073252199,6.8851329315370515e-15,6.628020882605679e-15,-4.441506596725203e-15,-1.1451309685739728,-0.08169792324185829,0.11596132832213601,-1.2424392443377839,-3.883833532917902e-11,-0.12298809539122178,-0.04113239442934851,1.0803316041716919e-14,-0.4209114481202794,-0.014918597136445368,-0.05656106774938707,-0.012648535189233347,-0.3009094741817003,-0.04985473522130548,-0.010109277455348563,-0.07163041844250082,-0.15396451840724398,-0.10585140057635438,-0.18714501351489976,-0.045572720706635046,-0.28749913299802643,-0.002783474949403792,3.6685196071051416e-15,-6.498152746570189e-16,-1.8408261057334713e-15,-1.199839624739215e-15,4.3885336436010645e-15,-2.9000741451886828e-15,1.8759685336755012e-15,-2.6502684716200243e-15,8.562965904701942e-16,-2.7088733643582762e-15,5.399938237887501e-15,2.136826125836496e-15,-0.0174066975928652,-0.08769038353207413,-0.040118766800724376,-0.01041001365632776,-0.013029723725113058,-0.005903481164708885,-0.040765609963238136,-0.028141215357396113,-0.020365137994786876,-0.09116642128999576,-0.027118585790425788,-0.0004491550554640429,0.0004610172050988591,1.6588190128249023e-14,0.00015418355295128763,4.698233701739283e-15,2.037338411269715e-15,-9.645336368465096e-17,2.606450465502376e-16,2.589626114217127e-15,2.8649995176023976e-15,1.995494246356628e-15,1.4985950980235615e-15,-1.7561483559686268e-15,4.6620352911592654e-15,1.7920813831407427e-15,1.816977784697913e-15,-0.0,-0.0,-0.0,-0.0,-0.0,-0.0,-0.0,-0.0,-0.0,-0.0,-0.0,-0.0,-0.0,-0.0
-0.00214707641622406,0.3604857142773624,-2.078410137872975e-14,-1.1981742415315872e-15,3.888045251596658e-14,-1.4740754053868885,0.19942257568360391,0.2641650802083958,-1.6589392584028042,5.485076103356101e-12,-0.03907782378882586,-0.013069268667118224,-1.116616098570218e-13,-0.28629358552081785,-0.03162423087103958,-0.06974287176932675,-0.1907615372314832,-0.4410244035650792,-0.06458556996237153,-0.01712126763084329,-0.06192847553589281,-0.18378711583141272,-0.10527416800483719,-0.17382740628317372,-0.10002218618577047,-0.24611163895781857,-0.003246227761035293,-4.096430420276442e-14,-6.013157595674927e-14,9.771798213059366e-16,-7.209941742855997e-14,-1.1997527770923805e-14,2.5418690529223863e-14,6.284640129414013e-14,-3.107513644367813e-14,-1.8425695688906276e-14,2.4729633685782772e-14,-4.7480213078599806e-14,-2.3235030564736853e-14,0.021585872500249154,0.023716024056258334,0.09406550997622437,0.006913295302090033,0.001968360205059305,0.00870105492595923,0.012361504330289486,0.006201744061190187,0.0056501745525519564,0.011524598087301247,0.004651240461193834,5.860826974428499e-5,0.00021620997087967806,-8.129420374142748e-14,7.230971231922455e-5,3.8246299273360175e-14,-1.801318357947822e-14,1.5639056872251975e-14,-1.975119938649897e-14,1.966526882053791e-14,7.818115330577606e-15,-4.159893885709535e-14,7.805972075598471e-15,-1.7894019943881655e-14,-1.7788752749479965e-14,-8.275742024732992e-15,-1.762476008309456e-14,0.0,0.0,0.0,0.0,0.0,0.0,0.0,0.0,0.0,0.0,0.0,0.0,0.0,0.0
-0.0010823395318710531,0.09448301492740947,9.441890039303092e-17,1.8925804767540882e-15,1.1461834155547846e-15,-0.4072676267204852,-0.09234845856649027,-0.00187432787432377,-0.4154262882549528,-4.5253635325082456e-11,-0.09232832291878385,-0.03087847635346525,-3.845094014605094e-16,-0.28009561308042485,-0.016728188512112597,-0.02003641739692049,0.05078136826086962,-0.12773636779409747,-0.02044372108858468,-0.003999060886027087,-0.030992616668830082,-0.05826094077585493,-0.04270811559845413,-0.08070868260016346,-0.005474747066728229,-0.11791456491727483,-0.0009938553317227245,-3.941766464313414e-17,9.230898977316192e-18,-1.2020013523425924e-15,-2.746394180919063e-16,9.763355721946926e-17,-3.35131393638459e-16,2.943755002318903e-17,-2.352095535871145e-16,-2.0331581306677103e-16,-1.8556377888141812e-16,-1.0830020318980726e-15,-5.50648386964303e-16,0.008546479871861721,0.0032004757755488247,0.04140130249442814,0.004273923603389442,0.0016613109335574697,0.004505215628223901,0.007151379196588628,0.0034788071164674867,0.0035377345981456683,0.00535233425350892,0.002605108914107873,2.9548124582154244e-5,0.0002660036802491018,-4.711880866254592e-16,8.89628240882049e-5,1.2171334398502057e-15,-8.43214278047449e-16,3.4519341613599976e-16,-1.1308746794360454e-15,6.57258848389975e-16,-3.6143317446066425e-17,-1.3896783138378008e-15,4.382927809812437e-16,-3.3874305950598123e-16,-1.8513046248390907e-16,9.69552612859669e-16,-9.465599009482978e-17,0.0,0.0,0.0,0.0,0.0,0.0,0.0,0.0,0.0,0.0,0.0,0.0,0.0,0.0
-0.0011167946996338293,0.11687912329577332,1.529344930981789e-16,1.0707659818605274e-15,1.1079360037685179e-15,-0.49667289206222515,0.24611601364537272,0.2549713587826992,-0.5212089684772434,-3.5126787914804125e-11,-0.09044824906519222,-0.03024970054344634,3.1073611605210788e-15,-0.262454738277787,-0.017194740741020804,-0.020835231725314294,0.04997955069646889,-0.10056615667019089,-0.033168759240923405,-0.005612178890532592,-0.04148348113808757,-0.06906942327501583,-0.0579667528570145,-0.1014934213773981,-0.01400543139844425,-0.16033604682097635,-0.0014410300536165542,-1.6704950810892756e-16,-3.199453259097316e-16,-8.023439603430357e-16,-3.9934625273901155e-16,-8.306220473553562e-17,-5.46476714694816e-17,4.060652234093715e-16,-2.7735519000943193e-16,-2.5240071507550053e-16,-2.2582777138411643e-16,-4.3317084018460266e-16,-4.488878605683185e-16,0.00885042200752853,0.0033364063642901415,0.038195243635769094,0.004993511217329174,0.0017110209180679393,0.005568569464684138,0.007605387537906327,0.003927401309322585,0.0038990334174691796,0.005774379128186217,0.0029724075156430615,3.262162654233315e-5,0.00025631289846101844,-1.0388766134234154e-15,8.572181887183867e-5,1.009102156223564e-15,-4.593789538103652e-16,1.9263792453822443e-16,-7.699269495574414e-16,5.333624255524918e-16,-7.700037328793986e-19,-1.0051871247227051e-15,4.3581007168534587e-16,-4.0557204929723037e-16,-2.426901204963154e-16,8.630446525229336e-16,-3.099479758254062e-17,0.0,0.0,0.0,0.0,0.0,0.0,0.0,0.0,0.0,0.0,0.0,0.0,0.0,0.0
-0.0005582472964698887,0.0077675679491640325,-6.361502508636291e-17,2.236490338843472e-16,-5.183786283096138e-16,-0.04770485224901049,0.2549066663451237,-0.007543508269678726,-0.01926402723465145,-4.287079764066261e-11,-0.05291661630469037,-0.017697543219831285,2.1133089617463537e-15,-0.18295385420306517,-0.008212429478806358,-0.023500962025304387,0.02772854401856491,-0.1190827003983673,-0.034130935730454136,0.0017591657582985375,0.007076553977145926,0.019268138128236734,0.009823897790557982,0.01660255243784835,0.013360170715723386,0.01623179252674227,0.000286598743114181,1.160824358506999e-16,1.6451241638383703e-16,4.992871963823717e-17,1.8345081583388953e-16,2.5002682971052796e-16,1.247454492025965e-16,-2.3635393410595255e-16,1.3234441973150536e-16,2.8011061275243733e-16,-1.2645172020002996e-16,7.298217615420169e-17,-7.473590046092338e-17,0.006909347690496696,0.0016747465950647789,0.028332684576483743,0.003455354777055794,0.0007885602164026501,6.847384141340554e-5,0.002143616368652504,0.0009612561416439374,0.0009542163876686543,0.00218469223140782,0.0007375404223327949,1.0650542067785256e-5,0.0001497541727707982,-5.800893814482724e-16,5.008409701916798e-5,2.6219117749284583e-16,-3.71407249913946e-17,-5.716462989143258e-17,6.755306351208638e-17,1.136379500544925e-16,2.83580275530439e-17,8.033797914757739e-17,1.5908047018239712e-16,-1.868273696843934e-17,-3.085609081103692e-16,-1.6649667949610866e-16,-1.7282209066710346e-16,0.0,0.0,0.0,0.0,0.0,0.0,0.0,0.0,0.0,0.0,0.0,0.0,0.0,0.0
-0.0005585474031639953,0.10911155534660887,2.1654951928536997e-16,8.471169499675811e-16,1.6263146325319756e-15,-0.4489680398132131,-0.008790652699751003,0.26251486705237764,-0.5019449412425898,7.744009725858395e-12,-0.037531632760501886,-0.012552157323615077,9.642245171625435e-16,-0.07950088407472139,-0.00898231126221439,0.0026657302999899507,0.022251006677903973,0.01851654372817637,0.0009621764895302507,-0.007371344648831499,-0.048560035115231756,-0.08833756140325313,-0.06779065064757421,-0.11809597381524757,-0.027365602114167782,-0.17656783934771525,-0.0017276287967310032,-2.831319439598918e-16,-4.844577422935563e-16,-8.5227267998139605e-16,-5.827970685727401e-16,-3.3308903444616874e-16,-1.7939312067251415e-16,6.424191575151048e-16,-4.096996097403225e-16,-5.325113278280864e-16,-9.937605118335199e-17,-5.061530163395851e-16,-3.741519601070576e-16,0.0019410743170317467,0.0016616597692254128,0.009862559059284808,0.0015381564402733349,0.0009224607016654801,0.005500095623270453,0.005461771169253715,0.002966145167678658,0.0029448170298009375,0.0035896868967796786,0.0022348670933099624,2.1971084474872383e-5,0.0001065587256904371,-4.587872319748159e-16,3.563772185274644e-5,7.4691097873078775e-16,-4.22238228818954e-16,2.4980255442943803e-16,-8.374800130694019e-16,4.197244754977906e-16,-2.9128031285712665e-17,-1.0855251038705646e-15,2.7672960150352815e-16,-3.8688931232848555e-16,6.587078761415651e-17,1.0295413320184011e-15,1.4182729308452589e-16,0.0,0.0,0.0,0.0,0.0,0.0,0.0,0.0,0.0,0.0,0.0,0.0,0.0,0.0
0.04513078047400076,0.984731173046147,2.8939198657021555e-14,2.5449358300910273e-14,-4.8528072547656185e-14,-4.025238490615906,0.20959476690317555,0.39054604235231316,-4.5303113170833145,1.0906864071774943e-10,-0.10084186550313827,-0.03372576324296138,1.7288831283657243e-13,-0.508471809666087,0.008442457965623375,-0.22387688350100843,-0.4740564503290458,-1.0992074195977521,-0.19146049568373252,-0.07375562415955329,-0.14481333026793453,-0.520540900219361,-0.30285483333675994,-0.5134179349846469,-0.4866663762510902,-0.47756296206780874,-0.00603532299805873,4.4781192457013154e-14,5.3810996232775514e-14,-2.8882275008111293e-15,6.462326845939813e-14,2.0244447846958818e-14,-3.3941567924117955e-14,-4.510741336787475e-14,1.2770840802337574e-14,1.1516701885961176e-14,-2.447870274385365e-14,4.6797169742525164e-14,1.6096597887726182e-14,-0.12857609023878888,-0.4776106515323084,-0.503872217865743,-0.07380004445050552,-0.06469403291187763,-0.03634105761200379,-0.18007601527623354,-0.10107337625549995,-0.13906875550203548,-0.226799531374065,-0.05346922002615025,-0.0007665418373626129,0.0005641682657800867,1.2857894835199323e-13,0.00018868160824139795,-2.9559351500974107e-14,1.0136740618395017e-14,-4.027414534321292e-15,1.1745149580164575e-14,-1.2359437295613104e-14,-4.2539901435554524e-15,2.996289789893635e-14,-6.805414524673184e-15,1.0615029301535641e-14,2.7609246073611387e-14,1.3609837736774025e-14,1.907520013832671e-14,0.0,0.0,0.0,0.0,0.0,0.0,0.0,0.0,0.0,0.0,0.0,0.0,0.0,0.0
-0.0005397209171482409,0.003424079522474634,6.900615377783375e-17,3.150386084316691e-16,-7.152539446180781e-16,-0.030156276007574527,0.25291565515167713,-0.007512857153701567,0.0009569908657939696,-4.4973787984389826e-11,-0.05321957607338557,-0.017798865715009025,3.043106081310995e-15,-0.18630740560054737,-0.008031176758950114,-0.01940092924425557,0.028108228004969545,-0.12476342139440319,-0.018516656976786783,0.0019443246681630927,0.007315905064422124,0.020343649433771687,0.0105622731042929,0.017671971644718516,0.01463015775122809,0.017569665381277463,0.0003100839573310965,1.1228926080261342e-16,2.649683575832781e-16,3.992607757982965e-17,2.612723767883271e-16,2.9302854211227064e-16,8.858297715173521e-17,-3.1627228388920017e-16,1.881403999396625e-16,2.6016122378231036e-16,5.4968266165418636e-17,1.0043586081432401e-17,5.243041877109309e-17,0.006044146504135229,0.0015874980631427774,0.028935973837030383,0.00260985441191782,0.0007772063852713732,1.9527633461161866e-5,0.002066399001790089,0.0009144235841987083,0.0009166674346689816,0.0020772397754367745,0.0007042123188744393,1.019045899964131e-5,0.00014990943058697782,-5.17250977069764e-16,5.013602176618342e-5,1.0548216443453077e-16,4.8902538620629957e-17,-5.440606249805251e-17,1.5004651420237868e-16,1.1048438159977994e-16,2.651774432867268e-17,2.701200751142236e-16,1.7320995533208714e-16,7.873873356887373e-17,-3.6859255904124244e-16,-2.1192659629269936e-16,-1.4153693011613414e-16,0.0,0.0,0.0,0.0,0.0,0.0,0.0,0.0,0.0,0.0,0.0,0.0,0.0,0.0
-0.0005558151527725259,0.10868132551681037,1.7114458812382985e-17,1.7990881735122917e-15,2.320479871000719e-15,-0.44726516898842644,-0.008807591118468974,0.26197399199856247,-0.49990386385863395,7.61590830877328e-12,-0.03751048514662303,-0.012545084671644648,-2.6537753719792315e-15,-0.07941236974355538,-0.009017537673766458,0.0026567186791895984,0.02223046497867658,0.018419840287219217,0.0009497066048833144,-0.007476221874669253,-0.047259452519359584,-0.09791885451140209,-0.06578830021005459,-0.12117335834636134,-0.02671843544873569,-0.16567501398179932,-0.0016195048214083382,-1.5363081238927942e-16,-3.5627336959630315e-16,-1.4937635986662831e-15,-6.686984702980289e-16,-3.166081449121454e-16,-5.363141959904676e-16,4.961153613035954e-16,-5.598862546230361e-16,-5.920584401100554e-16,-3.013658141984094e-16,-1.2894120824273572e-15,-7.589096282455871e-16,0.0019365134550592843,0.0016553743150156037,0.009852241466794384,0.0015359290564769285,0.0009234507708914257,0.005379026645640867,0.005736410290613263,0.0029155135562388486,0.002983061824064856,0.0035631470022051697,0.0021565143485782054,2.1428132343550194e-5,0.00011279860693211192,5.972715157216258e-19,3.772460071216857e-5,1.2903512223532243e-15,-1.036714896032865e-15,5.227010192331374e-16,-1.5580997729840003e-15,5.928170894620776e-16,-6.575376449802595e-17,-2.036426465077606e-15,3.243659488339423e-16,-4.945270677812336e-16,2.5724342029085113e-16,1.496587928162695e-15,5.199638820868769e-17,0.0,0.0,0.0,0.0,0.0,0.0,0.0,0.0,0.0,0.0,0.0,0.0,0.0,0.0
5.498877597385129e-6,0.11419946809295968,-2.8066301838351293e-16,1.5598236775911678e-15,3.7152757870060834e-15,-0.45184795164069713,-0.10634219064013375,0.017279550544313453,-0.5441465728262591,5.90570622768535e-11,0.019276204255730952,0.006446773844452879,-9.247397881776106e-15,0.1239291396725379,-0.0007310054420207932,0.024823365576120447,-0.007545056730178395,0.16108921097167275,0.021972163666416647,-0.0103184554318155,-0.059633243682835055,-0.1293959049480895,-0.08343608034326533,-0.15166697253116435,-0.045534620777513364,-0.1999304742359906,-0.002112592899547898,-4.2472939900021634e-16,-1.0321051729957415e-15,-1.7630230829502069e-15,-1.4239649352468102e-15,-7.422190550437609e-16,-5.514116914747475e-16,1.2741184847847035e-15,-1.1420401440853563e-15,-1.0005241956276532e-15,-6.544912694363264e-16,-1.501088466435033e-15,-1.1042843368434586e-15,-0.0047258612667103505,5.641194717123705e-6,-0.021988297805781504,-0.0012783942529760763,0.00012641345736862293,0.005824950900747402,0.0039024168817933407,0.0021367096087682677,0.002207651028345378,0.0015268213171726387,0.0015488678162804302,1.1801480868917344e-5,-4.5194657117610937e-5,7.190264261215554e-16,-1.511499513132464e-5,1.6458100816130042e-15,-1.4205432741675855e-15,6.290036726989852e-16,-2.0494673969838083e-15,7.023984021046896e-16,-9.662312214347586e-17,-2.9603455693853406e-15,8.14123083649243e-17,-7.857064155074215e-16,7.841882932238788e-16,1.929594720791941e-15,2.286372643392581e-16,0.0,0.0,0.0,0.0,0.0,0.0,0.0,0.0,0.0,0.0,0.0,0.0,0.0,0.0
-5.000539998672983e-6,-0.10996251432097394,-4.138547047073552e-16,1.4923576833744843e-16,-1.6816076076391276e-15,0.4350904001547971,-0.07142180541736366,0.009625696670807031,0.5239494794016555,-5.683234851853693e-11,-0.018556389227197316,-0.006206037409146235,-2.9090427782793574e-15,-0.11906909537855874,0.0007039305050631463,-0.02390878460779384,0.007261076729155506,-0.15516629621347608,-0.021172638000105583,0.009935342748644847,0.057442055316127824,0.12461729063131867,0.08032674420520108,0.14607463059843975,0.04384668357171272,0.19255115749158985,0.002010610499603385,6.559990147540605e-17,4.2239156721947663e-16,5.495262468505976e-16,2.503781891780368e-16,5.895395870338308e-16,2.391798985365e-16,-5.613924092263388e-16,3.2916382291277123e-16,6.076188958488261e-16,4.626694765486081e-16,-4.571072171294137e-16,1.223013443977356e-17,0.0045510529167056835,-4.833991036857602e-6,0.02117646965717383,0.001231316698316416,-0.00012250199043281357,-0.0056115724138857985,-0.003759780380091602,-0.0020579523299328233,-0.002127619224700574,-0.0014730957771644684,-0.001491931773515189,-1.1228190353844881e-5,5.761769078974575e-5,-4.2356984797868694e-16,1.9269780348442793e-5,2.0041006101439966e-17,-1.4570126503052717e-16,-2.2471201821179546e-17,3.4376795403380907e-16,-2.5689841915394303e-18,7.679237228630863e-17,4.255093653541126e-16,-4.704389920004486e-17,2.414091728751887e-16,-4.1556269117117983e-16,-1.0531895945031901e-15,-5.421560462066609e-16,-0.0,-0.0,-0.0,-0.0,-0.0,-0.0,-0.0,-0.0,-0.0,-0.0,-0.0,-0.0,-0.0,-0.0
-0.019018553269536324,0.1636551674620972,4.87883635894804e-15,2.7529928128803474e-15,-2.6211811427433714e-15,-0.6562168084100997,0.08132693205971694,0.15379559732297696,-0.7654852531660323,4.1292319153585295e-11,0.02780087570384919,0.009297782694286818,1.1242684312505732e-14,0.022448650742466457,0.01457926361674779,-0.032575784820649184,-0.11915697757366997,-0.13047691668345013,-0.023068736910268284,-0.004963526252361404,-0.02987893770743696,-0.0811117460222438,-0.050458121767591124,-0.07856951892935188,-0.047818627633264485,-0.1330625523242201,-0.0016328903163097138,2.256673207908741e-15,-1.008338490061886e-15,-2.5577340549341927e-16,-5.639136677034902e-16,2.5875652500637913e-15,-1.6976635288517483e-15,1.1727256892565028e-15,-1.7288732542579062e-15,6.14637775057865e-16,-1.514462779329377e-15,4.188350291680776e-15,1.9516707188686507e-15,-0.03983220010594185,-0.11993292449267602,-0.13575868332906868,-0.022122348530915513,-0.020219764804247232,-0.016763023527334466,-0.06722394631324345,-0.043450503186340604,-0.03351069353619913,-0.12879169292792889,-0.04035845863114587,-0.0006406380618151341,-9.667506757058766e-6,1.126070933872853e-14,-3.2332210677259264e-6,2.2063386363180538e-15,1.9898935873304843e-15,-2.4838666307164957e-16,9.886297788367146e-16,1.0801951239139882e-15,1.962091673082785e-15,2.3949062234998863e-15,8.311261274877684e-16,-1.0070987220823902e-15,3.3331483153652703e-15,3.2894017591840557e-16,1.5112717177227348e-15,-0.0,-0.0,-0.0,-0.0,-0.0,-0.0,-0.0,-0.0,-0.0,-0.0,-0.0,-0.0,-0.0,-0.0
0.000765174650188253,0.17077122122103974,1.935430046932227e-15,-1.2477376114346418e-15,-6.823020622994436e-16,-0.6556231750481751,0.08781357727960784,-0.009257723437305207,-0.8255732241047442,7.341655694017848e-11,0.017791552718574438,0.005950243896397136,1.6358958117589598e-14,0.15096241647466627,3.9634404719083205e-5,0.029551054413458802,-0.008448591120735833,0.19702109578753402,0.02690111523248513,-0.0038158947363085456,0.038925573147646775,0.06204001697096555,0.037561039835105836,0.06854595219866394,0.007905713738579442,0.09009179456939442,0.0006968843626539666,-1.6456551441623435e-16,-5.975548620198373e-16,1.3814059630210466e-15,1.039746331268506e-15,-6.023994808760949e-17,3.463301775138554e-16,-5.464952801291903e-16,8.522243436069589e-16,5.788650734274024e-17,8.18388041528847e-16,2.309910235703269e-15,1.8477533709410396e-15,-0.0062658600886762155,-0.0017280964319043044,-0.02903005715691454,-0.0018053733676746358,-0.00032373326803461207,-0.003320665786343752,-0.0026414443249857004,-0.0012834426277333662,-0.0012363341781880307,-0.0018142272329850183,-0.0009846574074198235,-1.0472225938161749e-5,-7.112792791113538e-5,-4.196331876164041e-16,-2.378817214692118e-5,-1.650921722095968e-15,2.2245317184135798e-15,-2.2017621249911012e-16,2.0632642232657117e-15,-6.313988883629412e-16,3.43772585845935e-16,3.645135857815646e-15,4.79401516557369e-16,4.085876968567175e-17,-1.7122739384704932e-16,-7.542256977991364e-16,1.2991584614787622e-15,-0.0,-0.0,-0.0,-0.0,-0.0,-0.0,-0.0,-0.0,-0.0,-0.0,-0.0,-0.0,-0.0,-0.0
0.0007696576115416034,0.2703975792839396,-1.1373979798685407,2.28920858758565,2.3551386880256627e-15,-1.0498145449397682,-1.004909340664309,0.005808916938385585,-1.3002689968584311,1.2489954520984346e-10,0.03460821532096123,0.011574443514629646,8.955313326856707e-15,0.25887874481852596,-0.0006019346108110574,0.051174447575489924,-0.015035562376653919,0.3373435047754173,0.046036958329971026,-0.01281538323686063,-0.013072999141757172,-0.05079671635935477,-0.03519433086534035,-0.06370676959727314,-0.031812735277252584,-0.08424462223641883,-0.0011433715419239294,-4.664526266754582e-16,-1.1936234957887728e-15,-7.714706659703193e-17,1.2926504329574737e-16,-6.199951923499187e-16,-2.37632504610713e-16,2.1100015809394797e-16,1.5400485329751888e-16,-7.689277953539924e-16,4.814943473417787e-16,1.0551140489211027e-15,1.1014228430884712e-15,-0.010381423229325674,-0.0017219959490989156,-0.048180779133709196,-0.002918722427177574,-0.00021334909976246513,0.0017588545418557873,0.0007621015862118196,0.0005800392372505191,0.0006890350436495543,-0.00048172819786713143,0.00036629932097301845,-1.9233498294568001e-7,-0.00011174983521799369,2.285338131628466e-16,-3.737384732012452e-5,-5.080272830405424e-16,1.153513390601014e-15,2.9699290716516083e-16,4.335218785412893e-16,-1.3675579710576486e-16,2.419586015564333e-16,1.4461573553586468e-15,5.814011230348605e-16,-5.246762869524053e-16,4.619908435890063e-16,8.336856696147634e-16,1.5155044854448103e-15,-0.0,-0.0,-0.0,-0.0,-0.0,-0.0,-0.0,-0.0,-0.0,-0.0,-0.0,-0.0,-0.0,-0.0
0.0007596043553070761,0.03861166032426358,-1.1373979798685407,-3.092155277981197e-15,2.2048346398759784,-0.13270281315024288,0.0021959090539722978,-0.9977081904985434,-0.19587288950685086,5.153345086419308e-12,-0.0045180782440727985,-0.0015110354852334712,2.1772753767717535e-14,0.007473375632180298,0.0008952060136890266,0.000904048370115703,0.0002955353086017894,0.011121307176538205,0.0015545221451672383,0.008119414455222271,0.1078739115339376,0.21166902295098336,0.1340372386311207,0.24391527756354967,0.06058847948525438,0.3212620164244168,0.003137215645758231,1.2933145035570082e-16,1.9846821038060086e-16,3.3077537791925522e-15,2.2017415628836746e-15,7.488768678303679e-16,1.1476365245759627e-15,-1.6068654041772919e-15,1.8191540810944877e-15,1.1320264698708546e-15,1.2717899607114312e-15,3.921046336839337e-15,2.8947172448812444e-15,-0.0008148030937341599,-0.0017377083818842405,-0.003662862602236316,-0.00033069088317936343,-0.00047021781615441487,-0.010056306909054593,-0.007155316190797035,-0.003754879722934364,-0.003789680035535925,-0.0035826430028949806,-0.0027763693283108138,-2.4109737188423613e-5,-1.7278155251884712e-5,-9.568784504095996e-16,-5.7785421712758265e-6,-3.111567679030599e-15,3.5512464164147882e-15,-9.800232318258064e-16,4.212361999248696e-15,-1.190897655909907e-15,4.476394272645267e-16,6.554502162752713e-15,2.6274156025108444e-16,7.459235075094409e-16,-9.489736118258216e-16,-2.9511874201896207e-15,1.0768534916914922e-15,-0.0,-0.0,-0.0,-0.0,-0.0,-0.0,-0.0,-0.0,-0.0,-0.0,-0.0,-0.0,-0.0,-0.0
0.0004973046336407031,0.11100078784039775,-1.1336065615578295e-16,-1.8464009194168145e-15,-1.477093650773981e-15,0.3138479291562764,0.057077518701365584,-0.006016427456755693,-0.03661865254974186,4.7719411654869023e-11,0.011564933351464074,0.0038678003643238257,3.9167387519111e-15,0.09813833493849859,2.5767307753193676e-5,0.019208357627879567,-0.005491653118339569,0.12806277251370118,0.017487087768185843,-0.002479260967815686,0.025300896530403853,0.04032408253851921,0.024418611996697846,0.0445526327540266,0.005138623627259607,0.0585597660714754,0.0004558654415547269,-1.9648762088671405e-17,1.2825340158904501e-16,1.1331154453514468e-15,1.9680802424223315e-16,7.834278813714669e-17,5.798277683702145e-16,1.641869240202357e-16,3.7114803674423875e-16,2.1986315711646028e-16,8.389677138907196e-17,1.4253720842969318e-15,4.1856275640968304e-16,-0.004072628418920368,-0.0011228927279914533,-0.018868754463682746,-0.0011734152897922086,-0.00021031688261988676,-0.002158246236669459,-0.0017165943260435668,-0.0008342108376095457,-0.0008033789593246197,-0.0011783032178442957,-0.000639921208822119,-6.820724777488857e-6,-4.431079760693031e-5,-6.310578134005683e-16,-1.4819395312752935e-5,-1.1530634913674673e-15,9.734046457370696e-16,-4.869552219133419e-16,1.2155566080305786e-15,-4.655601496093823e-16,5.933815202360513e-17,1.5256132318770702e-15,-3.563744899620444e-16,3.164685410286114e-16,-1.1827026003820414e-16,-7.900750880114034e-16,-2.197725600309165e-17,0.0,0.0,0.0,0.0,0.0,0.0,0.0,0.0,0.0,0.0,0.0,0.0,0.0,0.0
-5.317346025170881e-18,-2.7569832918539576e-18,0.0,0.0,0.0,0.0,0.5912907219816529,-4.818659135656307e-18,0.0,0.0,0.0,0.0,0.0,7.963778421949232e-17,9.579918576352915e-18,0.0,0.0,0.0,0.0,0.0,0.0,0.0,0.0,0.0,0.0,0.0,0.0,0.0,0.0,0.0,0.0,0.0,0.0,0.0,0.0,0.0,0.0,0.0,0.0,6.10052852884892e-18,-2.0675125230103947e-17,-6.158038942448429e-17,-4.53662068344697e-18,-1.3727153862308686e-17,1.0586121794400466e-18,-2.4631524655214954e-17,-1.2810631915534005e-17,-9.696386495666277e-18,-1.4097260956511693e-17,-1.6151492280852968e-17,-1.1846148430926682e-17,0.0,0.0,0.0,0.0,0.0,0.0,0.0,0.0,0.0,0.0,0.0,0.0,0.0,0.0,0.0,0.0,0.0,0.0,0.0,0.0,0.0,0.0,0.0,0.0,0.0,0.0,0.0,0.0,0.0
-3.361123496150234e-18,-1.0212233105087212e-19,0.0,0.0,0.0,0.0,0.0,0.5912907219816529,0.0,0.0,0.0,0.0,0.0,1.9973391612704295e-17,9.859028919403883e-20,0.0,0.0,0.0,0.0,0.0,0.0,0.0,0.0,0.0,0.0,0.0,0.0,0.0,0.0,0.0,0.0,0.0,0.0,0.0,0.0,0.0,0.0,0.0,0.0,1.9179334936397772e-18,3.088247674495268e-18,5.4837110908754955e-18,3.441425677645164e-18,3.4639180492723163e-18,2.206457078968417e-18,9.938542908024934e-18,6.602778496412518e-19,4.541464647360231e-19,9.751624406846016e-18,-1.1462640969801495e-18,-1.7407267092578614e-18,0.0,0.0,0.0,0.0,0.0,0.0,0.0,0.0,0.0,0.0,0.0,0.0,0.0,0.0,0.0,0.0,0.0,0.0,0.0,0.0,0.0,0.0,0.0,0.0,0.0,0.0,0.0,0.0,0.0
1.381354455230055e-16,-2.913438339906866e-18,0.0,0.0,0.0,0.0,-2.5111910620488385e-17,-6.616784914892367e-17,0.49999999999999994,0.0,0.0,0.0,0.0,2.6791140310806044e-16,2.6728243820563285e-17,0.0,0.0,0.0,0.0,0.0,0.0,0.0,0.0,0.0,0.0,0.0,0.0,0.0,0.0,0.0,0.0,0.0,0.0,0.0,0.0,0.0,0.0,0.0,0.0,2.021099788660788e-17,9.156290608788907e-17,-5.90603375398142e-17,4.126301238135583e-17,9.902253095672291e-18,2.2708774025723076e-17,4.708879005035978e-17,-3.6812179112502315e-17,1.5600776943588727e-16,1.020938231624088e-16,4.988031780298986e-17,-6.043325133567091e-17,0.0,0.0,0.0,0.0,0.0,0.0,0.0,0.0,0.0,0.0,0.0,0.0,0.0,0.0,0.0,0.0,0.0,0.0,0.0,0.0,0.0,0.0,0.0,0.0,0.0,0.0,0.0,0.0,0.0
0.04298245319827537,1.3452368396000076,8.287486920485885e-15,2.4536228116421758e-14,-9.558546422159491e-15,-5.499374776022531,0.4090163681214854,0.6546985570023147,-6.189377139462478,1.1456370005774972e-10,-0.13990239516616987,-0.04678924802667846,6.114442073825441e-14,-0.7946679740311564,-0.023166752562280197,-0.2937973851024396,-0.6652124381232886,-1.5391482169178807,-0.25559773411221065,-0.0908710588911138,-0.2067758462123143,-0.7042677886991036,-0.4082735611067153,-0.6874934749798137,-0.5872145171540427,-0.7236720440258884,-0.009283290943197605,3.687585915017238e-15,-6.56089136446724e-15,-2.0807684812569607e-15,-7.683926998360297e-15,8.251411142892016e-15,-8.498762774185906e-15,1.787077253520892e-14,-1.8528769466957537e-14,-6.946272240020864e-15,4.4271842452563675e-16,-1.1569293294107451e-15,-7.072397082417284e-15,-0.10695120621611556,-0.45384541154030295,-0.40994065742450664,-0.06690710471509394,-0.06272386663699726,-0.027634932807329468,-0.16771068414038104,-0.09486583000854855,-0.13341145978672908,-0.21525425207108045,-0.04881593758956062,-0.0007078947119713711,0.0007817275032627555,4.713051044233767e-14,0.00026144257208944593,8.816325902477285e-15,-8.005903767001883e-15,1.1751869376137953e-14,-8.120606806824419e-15,7.420813388047568e-15,3.594316517541871e-15,-1.1765640453894598e-14,1.0871048282319102e-15,-7.242991125671835e-15,9.762455336439895e-15,5.266186570416955e-15,1.4604179623983684e-15,-0.0,-0.0,-0.0,-0.0,-0.0,-0.0,-0.0,-0.0,-0.0,-0.0,-0.0,-0.0,-0.0,-0.0
-0.0005957853545536049,0.16236709871255953,5.779986644567918e-16,2.0264951181194544e-15,2.3283783728211738e-15,-0.650595944984847,-0.05115351550224929,0.007579436396661661,-0.7594810441739996,9.664174253840095e-11,0.02972942020441115,0.009942769128293498,7.724309378722985e-16,0.1960799965745941,-0.008617282121826652,-0.027854050782584888,-0.021162875594372053,-0.1828702998092285,-0.03275796387090192,-0.009619673122856031,-0.03365823769835608,-0.09183762403243023,-0.05536418254431468,-0.09659397799914372,-0.05494806437913743,-0.12270324726002783,-0.0015778001993239372,-3.6469244797642004e-16,-9.768173014978168e-16,-1.0947262737944084e-15,-5.838529715290586e-16,-3.6631690012425276e-16,-5.58074739903953e-16,6.966609070079825e-17,-5.725858197199765e-16,-4.743319732990391e-16,4.518703406235096e-16,-1.9401245054693084e-15,-1.1703247609786724e-16,0.007426708211515044,0.002529925262418988,0.030918886161050534,0.0018894677036059935,0.00024566801677679463,0.003882143540456961,0.00363279393160939,0.002040787238787698,0.001846215374788023,0.0035126400441213737,0.0015331637132813699,1.749207412348624e-5,-7.279071832954938e-5,1.5418822306343603e-16,-2.434427923898991e-5,1.4153673808045796e-15,-8.110236447164191e-16,7.786192386489574e-16,-1.195818304205517e-15,4.340682981596811e-16,1.620859178639986e-16,-1.3416638843251321e-15,6.788045032543248e-16,-6.347425199804348e-16,-1.74230540819837e-16,6.477968532198212e-16,2.476018120740763e-16,0.0,0.0,0.0,0.0,0.0,0.0,0.0,0.0,0.0,0.0,0.0,0.0,0.0,0.0
2.20508088447116e-5,0.0008362500199048811,-3.3793359247678265e-17,-1.069173100894822e-16,-2.268222922351133e-17,-0.0033650115547644213,0.0005230566425259769,0.00018856660066555322,-0.003895694523206666,1.2301756582062175e-13,0.0017623411829753026,0.0005894010507816553,4.8178766738354e-16,-0.00014397902839171533,5.992160689883301e-5,-0.00014756100652039882,-0.0007231221834657761,-0.0010247786227803974,-0.00013575072051854307,-4.475934721567724e-5,-0.00010673034044320165,-0.0003915420834970821,-0.0001998149644569235,-0.0003404853500251912,-0.0002592576019654425,-0.0004009962502585192,-5.6868673366181306e-6,7.250019947192015e-17,-6.50657433936695e-17,2.8316671348446154e-17,2.1314584740239982e-17,-1.0259433625472716e-17,-5.50776584344582e-17,1.665643358464923e-17,-5.878137795141779e-17,7.180246562874822e-18,3.8515472271917075e-17,4.050253031509828e-17,-3.778820537948722e-17,-5.065480213453429e-5,-0.0001732782534231006,-0.00034784194008765566,-6.710787281084134e-5,-3.37625394558329e-5,-1.0884929155572162e-5,-0.00010164341155081009,-3.9216620150246e-5,-4.028011843984501e-5,-9.122866246870855e-5,-2.41840017048609e-5,-3.8731695274710583e-7,-3.0788108515585183e-7,-1.267163588921272e-16,-1.0296839053366548e-7,-6.549339482209864e-17,5.107663778158382e-17,3.5582521639895685e-17,4.2731239943269597e-17,-1.4552882495829804e-16,7.298494631702012e-17,8.730235799593138e-17,-1.0604036337306271e-16,-7.514422151766448e-17,-3.126347951497684e-17,6.182777515314208e-17,-3.198508500943378e-17,0.0,0.0,0.0,0.0,0.0,0.0,0.0,0.0,0.0,0.0,0.0,0.0,0.0,0.0
-8.295945358904185e-8,2.2722833887442472e-5,-4.374851687187493e-18,-2.4758056365837493e-17,-9.030715189407482e-17,-9.097930342825791e-5,-7.260761714441626e-6,9.407958597285397e-7,-0.00010627139973613138,-3.6563464255318565e-15,4.13966720337873e-6,1.3844789097032977e-6,2.4091003320925443e-16,1.2628467431745274e-5,-1.1982030230153816e-6,-3.759276433369215e-6,-2.993504796283635e-6,-2.5637262821885114e-5,-4.636928220759615e-6,-1.3528653586134608e-6,-4.707958765872121e-6,-1.281815389876485e-5,-7.675139529645415e-6,-1.3467067910509634e-5,-7.709847385589268e-6,-1.715110548208824e-5,-3.222855342501008e-7,2.6878061412267828e-17,-2.7542593646268413e-17,7.441230852299396e-18,1.245682178029558e-17,-1.3650925143195684e-18,-3.466342334977235e-17,6.432059026331456e-18,-1.046176831401396e-17,2.310784468182193e-18,3.4602826525503465e-17,3.3471614198425894e-18,-1.3703449301226014e-17,1.012102744605116e-6,3.725263328029508e-7,4.334696875044581e-6,2.6839300218521775e-7,3.451321379891711e-8,5.433393635231227e-7,5.062795642961696e-7,2.8324910677524774e-7,2.5714733752487585e-7,4.904576193468335e-7,2.1876378958546924e-7,3.026468333361512e-9,1.5405712431267638e-7,-8.491403706422308e-17,5.152318498621536e-8,-2.5974142106539267e-17,3.5401197770700436e-17,-6.008172564373258e-18,2.4009067578248388e-17,-9.998464588553651e-17,5.804458261138317e-17,5.254788122901448e-17,-6.854711084530961e-17,-5.4170661322848216e-17,-1.2701395451411489e-17,2.4398254032148123e-17,-2.137085574276891e-17,-0.0,-0.0,-0.0,-0.0,-0.0,-0.0,-0.0,-0.0,-0.0,-0.0,-0.0,-0.0,-0.0,-0.0
-0.0004786132999685135,0.509717582995818,4.1352761153644e-15,1.4114064397442825e-15,4.182739827035551e-15,-2.0137619139052525,-0.018972419432551468,0.0065655754324530115,-2.411011227874042,-1.3475038986631649e-11,0.07985450645034602,0.026706707229086777,-2.0882940330083724,-0.33955657201373124,-0.017949090000646616,-0.028594877141876855,-0.05262734514504916,-0.1847306701807011,-0.0414785672955236,-0.02389467879103485,-0.0313385183983659,-0.129682645021567,-0.0780006459757179,-0.13310764857449725,-0.10680090757274999,-0.16605671656305113,-0.0025863383554763195,-1.2697348526944017e-15,-2.8499939243332402e-15,3.610385473713861e-16,-5.956452781145854e-16,-8.772063461346852e-16,-5.710003278259699e-16,1.216010352157327e-15,-6.216408517935759e-16,-1.2138682128815835e-15,3.56694257016996e-15,-1.3893473613455627e-15,1.1303794114772217e-15,0.00923781459530445,0.0035543765999949697,0.035515344795806626,0.0021389814891025955,0.0001891542700942066,0.004783748657336016,0.004942521011696796,0.0029767767410833015,0.002618106496668429,0.005519459397573833,0.002216019284526623,2.5979299414571007e-5,-0.00021577483036021907,-5.2372923436425286e-17,-7.216418306129481e-5,9.110685857157868e-16,1.8031576398027943e-16,1.987004133923479e-15,-2.1904852470909275e-16,1.4229348436756889e-16,-2.966480897287991e-17,8.18339518181981e-16,1.2903754347003134e-15,-1.6879576999758251e-15,-6.450344338796003e-16,-5.1065379482538e-16,8.876069741292161e-16,-0.0,-0.0,-0.0,-0.0,-0.0,-0.0,-0.0,-0.0,-0.0,-0.0,-0.0,-0.0,-0.0,-0.0
0.01571021559841342,0.3127469924400372,6.259296052533544e-15,-4.397369532335455e-15,1.2219941541142839e-14,-1.3002026196840684,0.37828898979015113,0.11249053790638973,-1.4174097432096793,1.186854361125552e-10,2.928921614807505,0.9795546368099766,-2.0271222910635723e-15,0.04434092049582658,0.042230968784123156,-0.06149764837264381,-0.3947270641187952,-0.438515611602555,-0.041510484926785766,-0.013074333198974324,-0.0323156278244336,-0.12537114991281942,-0.059677806534185585,-0.10635049064484366,-0.05484057999470012,-0.13259714685112026,-0.0014060841032464623,3.0822306778532873e-15,-4.359183324390906e-15,5.607380977628155e-15,4.774657207626475e-15,-7.310325606694358e-15,-8.124716102193485e-15,-7.30269045711705e-15,-2.194110269209184e-15,-2.2565729242756665e-15,3.1713602493940865e-15,-4.949355101601506e-15,7.342367037032947e-15,-0.04326873500656997,-0.12495978474899777,-0.26970943642657313,-0.04673560759580946,-0.022399136287136766,-0.011515222191238758,-0.07182085262336026,-0.028364990891323896,-0.028561417211080565,-0.06646210365662522,-0.017580222755303306,-0.00027977936048285013,0.0003008266176464259,3.3971959673599624e-14,0.00010060907976416753,-3.167585872090022e-15,4.676770536643056e-16,2.3484629445824253e-15,1.0228455361596664e-15,-8.792797359591437e-15,1.2379915771704265e-15,1.4078075363873057e-15,-6.297713863720914e-16,-2.230923367047232e-15,4.628453544347515e-15,-7.691510377308371e-15,5.2400938743257405e-15,0.0,0.0,0.0,0.0,0.0,0.0,0.0,0.0,0.0,0.0,0.0,0.0,0.0,0.0
-1.0628353521397174e-7,3.1922483462779525e-5,-5.829395241944184e-16,7.481254213608763e-16,-1.420804568891536e-16,-0.00012899648890339805,-9.734072871154573e-6,1.6685215757685293e-6,-0.0001481061167957696,2.2089550464148118e-15,4.508396841937615e-6,1.5077976165928776e-6,-5.025511128039217e-15,2.9502844921668448e-6,-1.6476372651818051e-6,-6.128004057271384e-6,-3.461158839420606e-6,-3.466665218724048e-5,-8.227079077652495e-6,-3.464510234565136e-6,-6.1543935608712185e-6,-1.436707251340154e-5,-1.6215785626378405e-5,-1.4968583821284463e-5,-1.000028624783855e-5,-2.3729059980597907e-5,-3.867461371116748e-6,2.4334842875774783e-16,2.8534089457259206e-16,-7.303991647913739e-16,2.3217227525684184e-16,2.514311234721616e-16,1.1630700494077397e-17,-6.098760102200384e-16,6.97588217774093e-17,2.1640838757452174e-16,-1.130385312843387e-15,2.1343430128186637e-16,2.865748094008737e-17,1.5355945799685192e-6,-4.161049841990314e-8,5.719211096211926e-6,3.899230514513882e-7,7.831381419149629e-8,6.341403449560094e-7,6.583626723426442e-7,3.994736368758649e-7,2.3620266284024091e-7,4.389816902803534e-7,2.9751846269170813e-7,2.5680784021527734e-8,-2.627583341101483e-6,-2.741316670171922e-16,-8.787744383840103e-7,2.2799986790230263e-16,1.8829573113660278e-16,-3.0160779164013647e-16,-9.928889020168104e-17,2.688611333391461e-16,2.6854725918897787e-16,2.0637657820352402e-17,1.9684673509429018e-16,2.3851658734423665e-16,1.2360241373062583e-16,8.384351009490222e-16,4.525766580144765e-16,-0.0,-0.0,-0.0,-0.0,-0.0,-0.0,-0.0,-0.0,-0.0,-0.0,-0.0,-0.0,-0.0,-0.0
-0.0005957859550565012,0.16236704156661108,5.779984019409125e-16,2.0264965943482825e-15,2.328379643415288e-15,-0.6505959451385519,-0.05115350789703593,0.007579417027543168,-0.7594809835435651,-4.1599306304936375e-11,0.02972942020906337,0.009942769129849396,7.72424911068374e-16,-0.23489444611162602,-0.008617261664826627,-0.027854050785722402,-0.02116287559754698,-0.18287029982976255,-0.03275796387478095,-0.009619673124280402,-0.03365823770206514,-0.09183762404363252,-0.055364182551061625,-0.09659397801084167,-0.05494806438655252,-0.12270324727481287,-0.0015778001995245925,-3.64692497739807e-16,-9.768172767073288e-16,-1.0947271639599925e-15,-5.838533162004881e-16,-3.6631693008527154e-16,-5.58075156446785e-16,6.966607538945577e-17,-5.725860716634316e-16,-4.743321559633411e-16,4.518702408338661e-16,-1.940125745520375e-15,-1.1703305882866444e-16,0.0074266972709328815,0.0025299497605345673,0.030918859210282246,0.0018894636468643417,0.0002456671195931089,0.0038821387427306108,0.003632760597260854,0.0020407891645646235,0.0018462059615597054,0.0035126382722345064,0.0015331632184692598,1.7492069452727547e-5,-7.279071834131856e-5,1.5418886065290939e-16,-2.4344279242926e-5,1.4153682929791692e-15,-8.110246123931223e-16,7.786196134429781e-16,-1.1958194177902293e-15,4.3406878111930034e-16,1.620857948650888e-16,-1.3416654076557292e-15,6.788046835757158e-16,-6.347426458000289e-16,-1.7423028491797227e-16,6.477974731545185e-16,2.4760164471324726e-16,0.0,0.0,0.0,0.0,0.0,0.0,0.0,0.0,0.0,0.0,0.0,0.0,0.0,0.0
-0.007548606338157856,-0.14277709259964136,-1.996395149608008e-15,1.1431274659951056e-15,-5.351021872524862e-15,0.5946291742339105,-0.18334789757282025,-0.05354233524089561,0.6460631608292834,-5.861752565732494e-11,0.05088552877661149,0.01701826208241472,7.761357779962876e-15,-0.03136208028941379,-0.02059360598218597,0.02825214887321479,0.18810691857566034,0.20211980520031514,0.018471095236377803,0.005849639079634983,0.014026385818396016,0.05607990778416071,0.026201986781544725,0.046767410665502794,0.023895402799886167,0.058216828614021596,0.0006083920061922389,-1.947227113818209e-15,1.3819729637116173e-15,-1.5241388393265088e-15,-2.686200660083442e-15,2.808408302399787e-15,3.665191587452307e-15,4.128424230490316e-15,1.0174002630109208e-15,6.384990167451126e-16,4.75134746139598e-16,1.4431222870582788e-15,-3.280978498647673e-15,0.021038790409112617,0.05994781322892945,0.1304832308189291,0.022461006077662802,0.010736494938992262,0.005681326073823722,0.034548238897664826,0.013670645783912236,0.013756404436359023,0.031977209989972596,0.008484325910372239,0.00013470787930220147,-0.00014474837242310865,-1.551590329423756e-14,-4.840994676600846e-5,1.199690841220094e-15,-5.5386475663683335e-16,-6.319083365917847e-16,-4.061492096646241e-16,3.558277767613e-15,-8.626467144358358e-16,-7.733539929124118e-16,1.8543296990824623e-16,6.396165980176674e-16,-2.499106061347074e-15,2.0907977186807303e-15,-3.14921682954706e-15,-0.0,-0.0,-0.0,-0.0,-0.0,-0.0,-0.0,-0.0,-0.0,-0.0,-0.0,-0.0,-0.0,-0.0
0.0004767250365131961,-0.08137092245737491,-1.8539989091597834e-15,5.705523904716497e-16,-8.964395817390384e-16,0.329377520760413,-0.06533044080957197,0.010539531350306363,0.3765295112547253,-5.2052278054840085e-11,-0.0163610264129861,-0.0054718157033610635,-6.914945948441395e-15,-0.10530359743950907,0.005803487815591225,0.024070623792990384,0.44460496601735655,0.06914015879923498,-0.009292030122629268,0.0005009016133152485,-0.028281633808287517,-0.0077427193310616125,-0.023642413192956412,-0.05845108205295598,0.036870034752555354,-0.0826566024218714,-0.0005775105260291044,4.625557100567821e-16,1.4638731810544781e-15,-2.8166324052057383e-16,-8.421109458128119e-16,3.824384735396219e-16,-1.7885842707517025e-17,7.532987552362866e-16,3.391259498638652e-16,-2.7322787387510456e-16,-8.457534151148636e-16,2.8973628391533615e-16,-1.5313763868345596e-15,-0.005921103352385226,-0.03593389947314969,-0.013437193561409667,0.00012368874136866952,-6.591597534799294e-5,0.0020294955800010494,-0.0005238790512363824,2.3214093557045044e-5,0.0004411758994450421,-0.0026996620369490053,8.266311552176477e-5,-4.734085695932498e-6,5.1119191462544044e-5,-3.771395536120092e-17,1.7096408714365575e-5,5.295240880179404e-16,-6.181403586133626e-16,-9.487369180950558e-17,-6.123548035803848e-16,2.5034339393553557e-16,-6.385745720574505e-17,-1.2690239974862515e-15,-5.908576850922538e-16,-5.99733464450436e-16,-9.73628303357117e-16,6.693031549539093e-16,-1.247873643319379e-15,-0.0,-0.0,-0.0,-0.0,-0.0,-0.0,-0.0,-0.0,-0.0,-0.0,-0.0,-0.0,-0.0,-0.0
-0.0007227612889554386,0.1728422374863948,1.4500061051653083e-15,4.117573265618929e-15,-2.7770074917039883e-15,-0.6942175464298629,-0.009221351694287849,0.0009268049454660456,-0.8064556453010111,-8.022542350668237e-12,0.03237535806631558,0.010827682090195375,6.150725090905506e-15,-0.1387942847607783,-0.009910719132145425,-0.03466696894182068,-0.2383529412781071,-0.1834764323783958,-0.022090042410202997,-0.008091605805567727,-0.013374698531452359,-0.07102707702864704,-0.033371998177126265,-0.04968702959397907,-0.06313718106722566,-0.05893399281907786,-0.0010054477124700444,-1.209126485340268e-15,-2.4206482217084778e-15,-1.3034290074771756e-15,-9.05740559427543e-16,-4.4261287235560895e-16,-8.371803258432467e-16,1.0931508003711037e-15,-4.0041293524804893e-16,-6.211249073527962e-16,1.0869251098242301e-15,-3.1814058706319566e-15,2.1862557744462078e-16,0.008997299551527841,0.01993482230483216,0.031891054982999135,0.0014792566341683279,0.0002329156610169192,0.0021555992725500414,0.0032223973402316698,0.001652195939181467,0.0012856416981576546,0.004207684403176911,0.0012092200834976318,1.666107802079092e-5,-5.8044036733943316e-5,6.320059700212374e-16,-1.9412368379331857e-5,2.021254162452011e-15,-9.873422492201698e-16,4.260006358564809e-16,-8.68221848206198e-16,4.051842002188221e-16,6.792397127168626e-16,-2.357759558377084e-15,1.917421846388496e-15,5.808026584304452e-17,8.019847014456569e-16,-8.325385082127315e-16,4.830235400301558e-16,-0.0,-0.0,-0.0,-0.0,-0.0,-0.0,-0.0,-0.0,-0.0,-0.0,-0.0,-0.0,-0.0,-0.0
2.427180638079952e-7,-4.306554380722977e-5,7.917564700155698e-16,3.9697977572926715e-15,-6.968336587477822e-15,0.00018143879706125152,3.6402574677293298e-6,-1.6770168559587295e-5,0.00019893154066710073,2.0160265346088582e-14,-9.23912065740291e-6,-3.089950731608675e-6,4.617638134611321e-15,0.0001782051115135966,3.2596231549489886e-6,2.4021283851880652e-5,1.2462185705190743e-6,4.491113839378358e-5,2.9330654997070364e-6,2.1283714279702187e-6,1.0437599754441811e-5,2.622429914404713e-5,2.4687196229184407e-5,2.95136845238376e-5,1.157548347222938e-5,3.519633694383746e-5,-1.0607381351044408e-5,-8.619179726863386e-16,-3.735606524284144e-16,-5.353600871180108e-16,-5.256853453772532e-17,-2.0436661533383578e-16,-1.1045729138820614e-15,2.0941050015891457e-16,1.4002790942368166e-15,-5.098127342723193e-16,1.6205215500072227e-15,-2.2946760436030113e-15,4.847732191074849e-16,-5.1917294384932985e-6,2.1183917999665518e-6,-7.425721510868444e-6,-9.909465740891843e-8,-1.5811425578295036e-7,-1.1807563213011795e-6,-1.1563671879073787e-6,-8.335760510816464e-7,-7.320689366221311e-7,-5.231464518272039e-7,8.92429571629414e-9,6.174998803533654e-8,2.5262372502103442e-5,8.510242745228975e-16,8.448800397158392e-6,6.478440267601577e-16,-2.5093746308152583e-16,-5.932832618919591e-16,1.673580982573951e-16,-3.675506793683563e-16,6.7643868688912785e-16,-1.4906225473059642e-15,1.7051979586922778e-15,7.687990191526611e-16,3.996133846697007e-16,-1.77693742157993e-15,-2.259317295631283e-16,-0.0,-0.0,-0.0,-0.0,-0.0,-0.0,-0.0,-0.0,-0.0,-0.0,-0.0,-0.0,-0.0,-0.0
0.01689244369238099,0.1341945245741829,-2.034966784566922e-15,-6.057287818280561e-16,-3.872689514445473e-15,-0.5671040155711612,0.12752499058136882,0.11382950302144798,-0.5993671193169607,-6.90995050493646e-11,-0.0803932462971594,-0.02688688450399664,9.913127978888125e-15,-0.3799541003458442,-0.06795893966369332,-0.02063107132232191,-0.05041829000481986,-0.24453139849342875,-0.02573760624116744,-0.006852708305546548,-0.026197427695820705,-0.06572213884161912,-0.03524193722266979,-0.0745382128511799,-0.0006085136530080698,-0.09103430229016686,-0.0007377732185451977,3.8251221742942754e-16,-4.723716126482792e-16,7.285252907428541e-16,7.677315522508445e-16,2.9258613070819088e-15,3.4057583718673733e-16,3.284437520678589e-15,-1.0320357240992283e-17,-8.456024285923163e-16,2.0638356597510817e-15,-5.768069511333654e-16,-1.7002142516047662e-15,-0.05542398961338054,-0.15690982283557106,-0.31422871885813675,-0.04959085656225308,-0.023411313358317733,-0.013709598897955536,-0.0773770668559126,-0.030946719084457463,-0.030756539982759065,-0.0728065532475999,-0.019459804082109254,-0.0003057908917396394,0.0002481439177155269,7.257403595037315e-15,8.298976796003618e-5,1.5661070099847563e-15,2.5696975075251792e-15,1.5038161011279865e-15,2.750531983144252e-15,3.670663956020929e-16,1.8247478406171354e-16,2.6754515593307283e-16,-9.945175337402638e-16,2.6651635915256048e-15,7.148680702531621e-16,-2.3294855881573837e-15,1.8341122758335173e-15,-0.0,-0.0,-0.0,-0.0,-0.0,-0.0,-0.0,-0.0,-0.0,-0.0,-0.0,-0.0,-0.0,-0.0
0.0,0.0,0.0,0.0,0.0,0.0,0.0,0.0,0.0,0.0,0.0,0.0,0.0,0.8999999999999999,1.2566930987350082e-17,0.0,0.0,0.0,0.0,0.0,0.0,0.0,0.0,0.0,0.0,0.0,0.0,0.0,0.0,0.0,0.0,0.0,0.0,0.0,0.0,0.0,0.0,0.0,0.0,0.0,0.0,0.0,0.0,0.0,0.0,0.0,0.0,0.0,0.0,0.0,0.0,0.0,0.0,0.0,0.0,0.0,0.0,0.0,0.0,0.0,0.0,0.0,0.0,0.0,0.0,0.0,0.0,0.0,0.0,0.0,0.0,0.0,0.0,0.0,0.0,0.0,0.0,0.0,0.0,0.0
-0.008630945854591076,-0.04829408115507457,-1.9019067067642243e-15,3.0358556248689895e-15,-4.204921078785907e-15,0.18736156159575135,-0.2756963552372583,-0.05541666348645675,0.23063688892464074,-1.038711898381893e-10,-0.04144279482799771,-0.013860214500419306,7.682763529104633e-15,-0.3114577948612561,-0.037321794300068524,0.00821573231432782,0.23888828723544947,0.07438344124856308,-0.0019726252497880028,0.0018505783824606988,-0.01696623012611692,-0.0021810309457188535,-0.016506127507403143,-0.03394126975424236,0.018420656879849288,-0.0596977336323183,-0.0003854634821072744,-1.9867204315059355e-15,1.391257160071557e-15,-2.726170444529383e-15,-2.960845336201381e-15,2.9060389687344837e-15,3.3300748624875762e-15,4.1578226897974865e-15,7.822702988149845e-16,4.351677420996999e-16,2.895688150683403e-16,3.60034558552056e-16,-3.831563918382795e-15,0.0295852700687331,0.0631482889848021,0.17188453264951414,0.02673492964462923,0.012397805865467482,0.010186541617130895,0.04169961800784641,0.017149452848732864,0.017294138988529075,0.0373295441573143,0.011089434794020045,0.00016425600452123196,0.00012125558966746881,-1.598692813868226e-14,4.05529715818345e-5,2.4168938583649523e-15,-1.3971075083740764e-15,-2.867824770986283e-16,-1.5370592889419617e-15,4.215599577700249e-15,-8.988120109004263e-16,-2.163095326254183e-15,6.23795487796165e-16,3.009045565346947e-16,-2.6841904183534188e-15,3.0602685997000287e-15,-3.2438360962718317e-15,-0.0,-0.0,-0.0,-0.0,-0.0,-0.0,-0.0,-0.0,-0.0,-0.0,-0.0,-0.0,-0.0,-0.0
0.016896512527739625,0.028786289437482713,-4.109749264806954e-15,-2.2261248935443563e-15,1.5805851355289993e-15,-0.15966492475647606,0.3936163464192125,0.1109126754727484,-0.09261647901588738,1.7243565096054806e-10,-0.1567611034190451,-0.05242750947968097,-2.0439576718206297e-14,-0.7120509396766513,-0.06846838736761576,-0.0045268650976082484,-0.003840321619342196,-0.13701476621154127,-0.005180724292567012,0.00023665909134677556,-0.010253811537080455,-0.008588501693926056,-0.004786398584284435,-0.02452965769065889,0.048851745881804555,-0.035534706149987765,0.00018687775415741133,-1.7669710140472142e-15,-7.282512149911896e-15,1.6794156483458314e-15,-4.4216102401555315e-15,-1.7730555894414775e-15,2.644630132347303e-16,5.297085970386885e-15,-2.7129225402131355e-15,-2.329221723888566e-15,2.0431136305200533e-15,-7.150541323967103e-15,-1.4514801208517777e-15,-0.05804926373605633,-0.15765070490589259,-0.32209815688946075,-0.049166000244706125,-0.022782092957399153,-0.01506364661874087,-0.07711683602818319,-0.03107776453687086,-0.030675458227457746,-0.07336510391262875,-0.019565563703648065,-0.00030664431813562403,0.00045445886433852104,8.739554216490701e-15,0.00015199016784897578,4.773489727031749e-15,9.501967038899557e-17,1.781340273052851e-15,8.833970492937376e-16,-1.6741802075506881e-15,1.815753777702391e-15,-4.946372593893664e-15,-1.5264685962503314e-16,4.513643682416086e-16,2.899870013919333e-16,-6.1820962995747305e-15,1.3333867447640487e-15,-0.0,-0.0,-0.0,-0.0,-0.0,-0.0,-0.0,-0.0,-0.0,-0.0,-0.0,-0.0,-0.0,-0.0
1.2540267394352764e-9,1.1933750922271522e-7,5.482102257082131e-22,-3.082800276194142e-21,-2.653374599851862e-21,3.211170758662364e-10,-1.5881910911990647e-8,4.044841299623766e-8,-1.2661401594698763e-7,2.8868795741637304e-10,-9.721432016374752e-12,-3.2512381586808933e-12,-6.6863144104351266e-18,1.357040714078272e-6,-4.2720229309680465e-8,6.557895190113407e-12,6.6343487134931765e-12,4.291935779360828e-11,8.107404351909817e-12,2.97650285873816e-12,7.75265186206996e-12,2.341288309249692e-11,1.4101146152586824e-11,2.444895244877061e-11,1.549649872585823e-11,3.090116216733567e-11,4.193565213400331e-13,1.0392065884130185e-22,-5.176962288930596e-23,1.8589277049853593e-21,7.197754169009171e-22,6.256749281639593e-23,8.69864022761474e-22,3.197456750074505e-23,5.261321386651355e-22,3.8145686936539056e-22,2.0839002518261083e-22,2.589591642416328e-21,1.2169132757762029e-21,2.2847150882799917e-8,-5.115926913887167e-8,5.6281122121460434e-8,8.47166903187939e-9,1.8735832831137963e-9,1.0019062492439381e-8,6.961192039568504e-8,-4.02158889343527e-9,1.9657588140088537e-8,3.70022002622131e-9,1.033312847291695e-9,9.753912609699273e-12,2.4524697901507272e-14,-1.3314743203976526e-21,8.227447285516251e-15,-1.904889048642435e-21,2.0207936547365018e-21,-7.826802807669431e-22,2.3254925603115604e-21,-1.0085617831941289e-21,2.568578572422207e-22,3.1811624759464764e-21,-3.765642234575992e-22,2.6274844206137734e-22,-5.343982979836987e-22,-1.294606069345479e-21,3.494985691145895e-22,-0.0,-0.0,-0.0,-0.0,-0.0,-0.0,-0.0,-0.0,-0.0,-0.0,-0.0,-0.0,-0.0,-0.0
-6.800497107600408e-7,-0.0017895841446215997,-7.549775195511832e-16,-3.286023923528869e-16,3.4505266120560483e-15,0.0068834151689360435,-5.7125065177581356e-5,0.005144997739436757,0.008583216368013137,-2.1698371910594587e-12,-0.0014362533312814623,-0.0004803435514195729,-1.4561097735787818e-14,-0.005994776701613305,-2.5279212912134093e-5,0.00027498748695356696,0.0008696175972280599,0.0018214347205731975,0.00034801783697706524,0.00012753375561385356,0.00026463674634920716,0.0009592928699990675,0.0004840301791757087,0.0008296593179464048,0.0008686511797837516,0.0008895847679678532,-1.3328020231735478e-5,-1.2179006431129438e-15,-3.788977831511568e-15,2.85439455981977e-16,-2.7237163895451446e-15,-2.523050643269817e-15,-2.359126366484866e-16,9.536027896480206e-16,-1.491224210617838e-15,-9.001227827266188e-16,2.959545215255652e-16,-3.903907897560907e-15,2.519654575170227e-16,-4.088734748314248e-5,-9.802792717129018e-6,-0.00010648152085236235,1.0940866227255266e-5,1.180138499862965e-5,-2.1056713071465644e-5,9.38047211458301e-6,1.3247366589907308e-6,3.353254351794046e-6,-5.635862858152164e-6,-5.499494599598382e-7,2.0972935091567312e-7,2.992282196965446e-6,9.349023557403742e-16,1.0007450917666205e-6,1.8902852122877852e-15,-1.3680706142335207e-15,4.0606811671928123e-16,-1.1724549341769645e-15,-1.0096561904062941e-15,8.960111021744635e-16,-2.8008080230821417e-15,6.304496184375824e-16,-1.2887433476018061e-15,-2.558245399088219e-16,-1.888063917737621e-15,-1.111282049622554e-16,-0.0,-0.0,-0.0,-0.0,-0.0,-0.0,-0.0,-0.0,-0.0,-0.0,-0.0,-0.0,-0.0,-0.0
4.74733325920583e-6,-0.10361879866752932,-1.3198056390769093e-15,-1.2917899045197737e-15,2.0027513213643923e-15,0.4005556752483954,0.2661485005562185,-0.008061875341458791,0.49816758061290667,-1.1353493647412336e-10,-0.07493160377855865,-0.02506028142023623,-1.5783332911665817e-14,-0.32610374191333524,-0.00048411562640927083,0.01582921872964541,0.04570835078004024,0.10569519750821697,0.02020886410159129,0.006961833637596141,0.015678979402798467,0.056174344248722335,0.02997150844176052,0.049178895812322446,0.04859160833584768,0.05461001133397583,0.0009379789924153887,-9.315827169612263e-16,-3.0211626416884596e-15,6.654486012713178e-16,-2.4656262935543994e-15,-2.1758663306781895e-15,1.5979873627412813e-16,1.0590456204924832e-15,-1.2113786234217465e-15,-5.834969846071873e-16,-3.1667680863121237e-16,-2.669829679789353e-15,-3.2328326459387053e-18,-0.0025844150476324467,-0.0007310159700164222,-0.007763026156102106,0.000413904967969251,0.0006174166974370188,-0.0013330034059059381,0.000250764213624199,-0.0001323652125120766,7.770417546473431e-5,-0.0005529193810393118,-0.00010521095076067104,-1.063167816950709e-6,0.0002033226643956349,5.472499133589475e-16,6.799965478697663e-5,1.317099861983589e-15,-1.1066097235548974e-15,-1.2854297625870264e-16,-6.946828773787082e-16,-1.0315891646910012e-15,7.372675736145926e-16,-2.4131136633068485e-15,2.1142152166099694e-16,-9.250562008230407e-16,-1.690558676556777e-16,-1.964545191655298e-15,-3.895977585980036e-16,-0.0,-0.0,-0.0,-0.0,-0.0,-0.0,-0.0,-0.0,-0.0,-0.0,-0.0,-0.0,-0.0,-0.0
0.0,0.0,0.0,0.0,0.0,0.0,0.0,0.0,0.0,0.0,0.0,0.0,0.0,0.0,0.9,0.0,0.0,0.0,0.0,0.0,0.0,0.0,0.0,0.0,0.0,0.0,0.0,0.0,0.0,0.0,0.0,0.0,0.0,0.0,0.0,0.0,0.0,0.0,0.0,0.0,0.0,0.0,0.0,0.0,0.0,0.0,0.0,0.0,0.0,0.0,0.0,0.0,0.0,0.0,0.0,0.0,0.0,0.0,0.0,0.0,0.0,0.0,0.0,0.0,0.0,0.0,0.0,0.0,0.0,0.0,0.0,0.0,0.0,0.0,0.0,0.0,0.0,0.0,0.0,0.0
-0.0005957770818753541,0.16236675035093992,9.599155201800923e-16,1.6147336087967288e-15,1.6441928553682664e-15,-0.6505983042297183,-0.051163682839009315,0.007582847373834096,-0.7594517292306007,-4.159865181040769e-11,0.029724558452824436,0.009941143153981107,1.586484199353514e-15,-0.23512316647943382,0.42235678562024276,-0.02785563911611757,-0.02115999301741348,-0.18288000522807443,-0.03275980161720597,-0.00962287154379717,-0.033662018144900066,-0.09184007969043659,-0.055353659170936,-0.0966006547582447,-0.05494432147309235,-0.12270652948101998,-0.0015652709057211844,7.22579588541374e-16,5.6487689563350095e-16,-7.539112287136928e-16,1.009984475899508e-15,-2.8506030075132763e-16,-1.3450208047483882e-15,-1.1186694891691934e-15,-1.8422514859303418e-16,-9.716601315934964e-17,-1.2717589203913493e-15,9.01134515047035e-16,1.6687890542082913e-16,0.00742686753454652,0.0025301066280882466,0.03091967298348165,0.001889553801705606,0.0002459698791187203,0.0038824556222959166,0.0036336227766467703,0.0020403316693506446,0.001846533927935284,0.0035130286804313264,0.0015332262615319683,1.740328983366556e-5,-6.92722312701292e-5,3.5516981171181973e-15,-2.3167549107859284e-5,2.5583937401165604e-16,-3.8422038772938023e-16,2.6165342930023886e-16,-8.501893364856161e-16,3.525631169071673e-17,-9.04828758337959e-17,-4.22115467427051e-16,2.4473725793203093e-16,-8.110862069153012e-16,1.119372680240853e-15,1.707288148328963e-15,8.609735086728069e-16,-0.0,-0.0,-0.0,-0.0,-0.0,-0.0,-0.0,-0.0,-0.0,-0.0,-0.0,-0.0,-0.0,-0.0
0.0029191714277949604,0.023558802294596448,3.673908747404905e-16,3.2358284362154776e-16,2.933450915311806e-16,-0.09955357463268838,0.022639850617034996,0.019383890345516422,-0.10522769029300351,-5.262149198327773e-12,-0.013914683802379186,-0.004653655792444209,-6.294111862858556e-15,-0.04533891160184899,-0.03491440241064145,-0.0033338037117434747,-0.009274944011131466,-0.04506153440850604,-0.0027439446791867887,-0.0013377337296225453,-0.004106543405265296,-0.01706462349485001,-0.004753175631695933,-0.011064756782197033,0.00047054869907837174,-0.014651586999450126,-0.00012250308443332442,-7.606956803276541e-16,-1.5530554332919066e-15,1.2683562399618255e-15,-4.596965834399627e-16,-1.5181140085906818e-15,-1.1037172687498056e-15,-9.500290671735261e-16,6.273320709527212e-16,-8.434081766386496e-16,1.845127780874087e-15,-2.4779744258566693e-15,1.5979469616734185e-15,-0.009764182121018223,-0.028539392473342733,-0.058422119033364854,-0.005713476733976294,-0.003226590119181158,-0.0021481705639255166,-0.021175669660094897,-0.0030083690302194323,-0.0040862450988632575,-0.010642114109142582,-0.002849022888757719,-4.272995681286162e-5,3.539717875168617e-5,4.011267638573189e-15,1.1838306095174942e-5,-2.613079309144178e-16,6.142602183558857e-16,4.463426133960698e-16,5.725940112054428e-16,-1.5050981661567877e-15,8.175480351677911e-16,4.977116450499244e-16,7.748537820278548e-16,-3.5170606190082156e-16,-4.712412809552026e-16,-2.4367166057043776e-15,4.899007948944518e-16,-0.0,-0.0,-0.0,-0.0,-0.0,-0.0,-0.0,-0.0,-0.0,-0.0,-0.0,-0.0,-0.0,-0.0
0.01397265361783319,0.11105261499444241,3.3791064415956917e-15,1.3680850738513093e-15,-6.802215932952894e-15,-0.46922300126130884,0.10470917812051903,0.09446323574695133,-0.49597826192653505,-6.36958745461099e-11,-0.06641794074973659,-0.02221295424904869,1.8864125293257063e-14,-0.336020189218084,-0.03306577800039056,-0.01736533226105929,-0.04119028893321171,-0.19997113400407474,-0.023091057737012335,-0.0055543981707171265,-0.02218438235991056,-0.048900515307830225,-0.03059731967470708,-0.06373897727082717,-0.0012064594570629075,-0.07670398786829298,-0.0005838904646497925,6.5731109838492246e-15,6.473271451255739e-15,8.189098030308744e-16,9.507640476475354e-15,1.812164101464328e-15,-5.817255272514932e-15,-5.929694036829409e-15,1.0159747121354236e-15,8.591621480400022e-16,-3.719876981185983e-15,6.5750265685423654e-15,2.495592371107598e-15,-0.04564418340924084,-0.12836146404947119,-0.2557322321858648,-0.043872892908894595,-0.020184077292746096,-0.011551902331685545,-0.05619129449199681,-0.02793659934976025,-0.02666641720779678,-0.06215896828504953,-0.01660797385717874,-0.0002633400040889358,0.00023880959406161155,2.5770795699915698e-14,7.986797735520599e-5,-4.500979246810013e-15,2.396937904490971e-15,-7.515948634211014e-16,2.7318743997935767e-15,-3.2416068576236492e-15,-2.321183066141921e-16,3.614673746992648e-15,-1.7514526877151904e-15,2.1438580165986275e-15,6.106011579186812e-15,4.680302756741039e-16,4.4905254867577115e-15,-0.0,-0.0,-0.0,-0.0,-0.0,-0.0,-0.0,-0.0,-0.0,-0.0,-0.0,-0.0,-0.0,-0.0
0.0015891721538409784,-0.06505597579698397,9.53991885099653e-15,1.1173260584004161e-14,-1.0061977455947102e-14,0.2657008860701626,-0.06653340569271618,0.013744392000866258,0.2934847662439709,-5.136994606743099e-11,-0.0204762882088694,-0.006848132417837313,4.206717693686046e-14,-0.11609102408812377,0.005166874862578072,0.5858411222196633,0.0072484942607268605,-0.08593898756320488,-0.01761072408669253,-0.0002753541893405499,-0.030561394881925295,-0.03740376933276137,-0.029991938851248217,-0.0645705189567139,0.05403559597243951,-0.0926522801983884,-0.00013094608497537093,-8.864162741074227e-16,1.8578616738784574e-15,-5.064317033508488e-15,-2.266574171970325e-15,2.423418123743113e-15,-5.308595364488348e-16,1.3778403046438757e-15,2.098504372445688e-16,-3.6876407506029855e-15,1.2416051470252915e-14,-1.0338492861032127e-14,7.714087365135816e-15,-0.11915764927786322,-0.003595881321310827,0.005016214308832083,0.00047486475172083415,-0.000388901608329924,0.001994193795724977,-0.0008105142056076098,-0.0006213925729290575,-3.851828104821967e-5,-0.005754422313385606,-0.0005922867293449271,-1.984321016847125e-5,3.201199368937032e-5,-5.593085722088663e-15,1.0706157753202913e-5,-6.9353034485382974e-15,3.158028264745039e-15,1.8834672666292292e-15,2.8927180087574795e-15,4.606576169448726e-16,1.579236130172568e-15,8.112527628886837e-15,1.889098067210905e-15,4.876622594374165e-15,-8.894558206843705e-15,-4.238970017127903e-15,-1.2611374582987968e-16,0.0,0.0,0.0,0.0,0.0,0.0,0.0,0.0,0.0,0.0,0.0,0.0,0.0,0.0
0.000289916420374905,-0.09377795880926516,-2.6460301131621597e-15,1.0019756487074212e-15,-1.9498435339189745e-15,0.3774328762583492,-0.06745452140258776,0.010217574719951326,0.43875173888349056,-5.5480828761333125e-11,-0.017937657403913204,-0.005999107451250835,-6.562923512751866e-15,-0.11351733424296227,0.0036684458946857337,-0.02230274937113857,0.7618657336914451,-0.13244406567171324,-0.004592333497723764,0.0010225910429156391,-0.028722099493256763,-0.038761564119378235,-0.029154088857715935,-0.05822091054717305,0.032795932234228255,-0.08154070921717196,-0.0006226477332872044,5.661680452973767e-16,2.450439514890761e-15,2.989107338758118e-16,-6.008913293443621e-16,5.142024114753137e-16,-1.7002184785234183e-16,-1.7509299883834466e-16,1.3809112650102581e-15,-5.3546692273876467e-17,-3.4692383874047044e-16,9.212666881131025e-17,-1.622144436110814e-15,0.003889323157039773,-0.060425771923217415,0.016010162425670858,-0.00018837451604968527,-4.657809374332603e-6,0.002057684036081403,0.0005692490273632505,0.00026394481760402014,0.0005271755799356873,-0.0023227135728732303,0.00018367971706863878,-2.562703625627442e-6,4.9976902226729095e-5,-6.89099377828332e-16,1.67143791274864e-5,8.018178255739616e-16,-4.467635697181655e-16,-1.750860754839657e-16,-3.383009248874305e-16,-5.5314776855210274e-17,7.988217198768558e-17,-9.442929293466166e-16,-4.376729794935482e-16,-1.053434721159507e-15,-2.104494394198129e-15,1.230645671565051e-16,-1.909809835059155e-15,0.0,0.0,0.0,0.0,0.0,0.0,0.0,0.0,0.0,0.0,0.0,0.0,0.0,0.0
0.0006603809569957502,-0.057052586381215575,-2.2282836894318408e-15,-2.1957173590799466e-15,2.663070948596487e-15,0.2357747365038647,-0.06061533446513039,0.010656074110044645,0.2543058055578798,-4.484879155142435e-11,-0.011946060073378197,-0.003995265177916428,-1.5832984960985883e-14,-0.08488518008007133,0.01067484035396668,-0.004123641859477987,0.016925854467395383,0.53513463186085,-0.014409717747983195,-0.0006363508197013342,-0.028304680675804623,-0.03978796096700892,-0.030966616542563694,-0.05963104254538657,0.007537258063907421,-0.08404102255613975,-0.0006062880617072025,2.6326835745662767e-16,2.243601117792236e-16,7.766897165982218e-17,-2.6464725346072887e-16,-7.309872047333706e-16,-7.943201999981564e-17,8.81589355601285e-16,-1.4054158445512068e-16,-1.8070624787893177e-16,-2.9118308837901667e-15,2.5061473649486522e-15,-2.1882567304062176e-15,-0.0012699884838787035,-0.0029704322247982237,-0.08085772600545545,0.0004496776422815789,-0.00013278648660687816,0.002090450055218159,0.00022815724864768015,0.0001035422529069913,0.00037655022369028864,-0.002109459290030224,2.6673106720335015e-6,-6.238992074299727e-6,3.2392235239477235e-5,1.828449041915694e-15,1.0833326524611434e-5,7.262499339819729e-16,-9.022819756379368e-16,-6.688318436715284e-16,-1.2671075986463108e-15,1.0599254048704615e-16,-5.808582040192961e-16,-2.6683331859592643e-15,-9.8388761237341e-16,-6.817702274477108e-16,2.2905168854695093e-15,2.158651842798821e-15,-1.3460379913784838e-16,0.0,0.0,0.0,0.0,0.0,0.0,0.0,0.0,0.0,0.0,0.0,0.0,0.0,0.0
5.277282709665342e-5,-0.07868188207854836,-3.0197891810586694e-16,1.3362908371214876e-16,1.3297617529803479e-15,0.3186098865957467,-0.05951814018506337,0.008610185837324596,0.36554476282479037,-4.754195813872837e-11,-0.011576512627196117,-0.0038716729613819433,-7.698032246211714e-15,-0.08432139430945162,0.00282567391216777,-0.02059679050119535,0.020535447446295242,-0.13239521880339272,0.760290918893126,0.00048475387012151546,-0.027510122035985986,-0.04227891526696979,-0.024026292977432584,-0.05337522849161147,0.004748323925495536,-0.07332342078518782,-0.0006284806765280936,-8.487669007951593e-16,-2.4584449051863364e-16,-1.0276628155555067e-15,-4.141035802153896e-16,-2.5680499793631393e-16,-3.444057322331938e-16,6.901556749037259e-16,-1.6856132146040374e-15,-2.7140908811920914e-16,-1.6747034772821058e-16,-1.2345119701971401e-15,-2.1385251635320564e-16,0.0038194195888884177,-0.002135171053923611,0.017309616165946878,-0.04039915597837499,4.5854873840786784e-5,0.0021511947531092715,0.0010002661622235164,0.0003114228765730722,0.0005927841846865181,-0.0006669957986825095,0.00032514560267252353,7.520754245883123e-7,3.1369084633204346e-5,2.196010015572241e-15,1.0491141907778131e-5,3.212277240710533e-16,-6.406572063642401e-16,5.052384413893848e-16,-7.130796542902733e-16,9.131214442928456e-16,-5.20627853212264e-16,-1.1822943946152987e-15,-6.377454924369085e-16,2.9462667879408275e-16,2.060186574128896e-15,1.6579907197216364e-15,1.3087230612718954e-15,0.0,0.0,0.0,0.0,0.0,0.0,0.0,0.0,0.0,0.0,0.0,0.0,0.0,0.0
-0.00022827189849597594,-0.10966948401599429,-1.0638119945365965e-15,1.5036036442344467e-15,7.028469236097631e-16,0.43480477305565185,-0.06646941090207871,0.008350598704697789,0.5230217553306865,-5.584948058543744e-11,-0.015991214282849428,-0.00534813496537361,-1.2368823621011456e-14,-0.11013014164106699,0.0007437868178514401,-0.021775048071304506,0.007412542666714745,-0.1378135337863881,-0.01961467136004653,0.8852213163632032,-0.029252898330001345,-0.04530369593038299,-0.028176286906182235,-0.053410702944412136,-0.0006339861720121547,-0.07283295643473812,-0.0005329366196068046,-1.3717130579488137e-16,4.807757409192938e-16,-1.0650288048035942e-15,-4.690268069841496e-16,1.528843203803616e-16,-4.326091056844764e-16,-6.830284423918467e-17,-1.7391893375671532e-16,4.6705612158566166e-17,-1.4810601575123432e-16,-1.6690884175378471e-15,-7.111501117043972e-16,0.004142516110241544,0.00034212087855873874,0.01818172830080194,0.0011746193688132451,-0.01415903951619919,0.0023076834509733572,0.0014627954739920605,0.0006443395219425552,0.0007367040837422943,0.00019376063393564656,0.0004917972390228188,3.144589251219723e-6,5.4788986530795556e-5,1.5807795142198275e-15,1.8323742608964187e-5,1.0857920656815216e-15,-1.0261784800713e-15,5.601808186283848e-16,-1.1898336134269127e-15,5.821595812382673e-16,-2.9723032236617324e-16,-1.848123450291753e-15,-9.144261542712854e-17,-2.874300194148483e-17,4.2558687072819666e-16,7.055571968730382e-16,-3.527039605705353e-16,0.0,0.0,0.0,0.0,0.0,0.0,0.0,0.0,0.0,0.0,0.0,0.0,0.0,0.0
0.0014413600363238433,-0.07863621892085836,9.08409610291051e-16,8.060831515615552e-15,-3.10044819159835e-15,0.3178474015855187,-0.06757010012729377,0.01341213695420459,0.36189315670889355,-5.435802275041706e-11,-0.024482975553845605,-0.008188137267125334,1.697564873228335e-15,-0.12744006524956772,0.00027925253128697857,-0.02228009776632708,0.007182974023933547,-0.13501274159077042,-0.019156143947668708,0.0015700988563176483,0.6824132176850823,-0.029113080133780403,-0.02810477749802255,-0.05077455983081301,0.021990209133397217,-0.08926839148695448,-0.000556087062722648,2.757910506246913e-16,-1.6709218681809002e-15,9.525425442930454e-16,-7.966727972000848e-16,3.3245538103278787e-15,7.645322839986923e-16,-3.495374803782519e-15,1.4174390465916087e-15,2.479017179530173e-15,5.186709463476619e-15,-8.230184103862968e-15,-1.160282351238719e-15,0.0031932866006667564,-0.0031214829730746682,0.01507818090100422,0.0006942996000134392,-0.0003728370831824635,-0.06273412840657945,-0.0010069423974154448,-0.0006087013280838662,-0.00023511147959136223,-0.0044778410740136205,-0.0005601202824947952,-1.6107066844212003e-5,6.338770581112349e-5,-1.2463313117524193e-14,2.1199516170996616e-5,3.777707070687278e-15,-2.8935918768821517e-15,2.4002408530639653e-15,-9.48299328914066e-16,7.056670739669635e-17,2.9967052222717508e-15,6.25569327667288e-16,2.2697870922731965e-15,-1.1498127345592497e-15,-5.165134884098062e-15,-6.108337989251502e-15,-3.461848480892246e-15,0.0,0.0,0.0,0.0,0.0,0.0,0.0,0.0,0.0,0.0,0.0,0.0,0.0,0.0
3.4309249431395345e-5,-0.09863605333538242,-1.311731941170859e-15,1.166689329717148e-15,3.5861723229691767e-16,0.3940462299982757,-0.06500944320191059,0.009017178725944206,0.4662819373943605,-5.423186652418867e-11,-0.01679354681301665,-0.005616468725558854,-1.467407204356946e-14,-0.11166674077429974,0.004580141393458532,-0.02173671724187725,0.006517104782410208,-0.13843608071756033,-0.019179864226759116,0.0016785130178289804,-0.028360396061413738,0.8016099858557801,-0.02797421842118598,-0.05246441890538488,0.004721577314557525,-0.07452254348968965,-0.0005454480897805253,-3.242573351628196e-16,4.136976138821854e-16,-6.953780675635151e-16,-4.982982409350953e-16,1.4706278712847514e-16,-4.112913647142761e-16,-9.592266669265265e-17,-2.487478832997694e-16,7.158093712984143e-17,-4.701597386586726e-16,-1.305444060879611e-15,-7.523772450135295e-16,0.004031540596079084,-0.00014309700813241536,0.018244373517125493,0.001076121263663883,6.22566330688859e-5,0.002144224798677084,-0.02376221659969217,0.0004427474094563186,0.0005752964065002727,-0.000643041968557693,0.0003189871427752779,1.0676783386414531e-7,5.3452658671815565e-5,1.507573910647848e-15,1.787681834052241e-5,9.687828447481305e-16,-9.504311401119975e-16,4.606153057200347e-16,-9.881789893854166e-16,6.072811920774473e-16,-3.361288017470775e-16,-1.6573345369097704e-15,-1.0114097933988648e-16,7.976032797160203e-17,2.936650324964242e-16,4.677551974117743e-16,-4.1111910010437234e-16,0.0,0.0,0.0,0.0,0.0,0.0,0.0,0.0,0.0,0.0,0.0,0.0,0.0,0.0
-4.798102928710497e-5,-0.11029579695865827,-1.0752353343997565e-15,1.4670890360080906e-15,4.650412712062576e-16,0.43754253739066973,-0.06897288032043623,0.009120953054729224,0.5250296055310153,-5.7356833212111576e-11,-0.019156977618752093,-0.00640689944000108,-1.3067250565551094e-14,-0.11756693677321221,-0.00059169320787779,-0.023046406113775866,0.007528970731797462,-0.1516165249434848,-0.02065186390934202,0.0022698056165573726,-0.03058726457288172,-0.04565281656172564,0.8466445481351156,-0.053636022691144404,0.006775378569698899,-0.07683497541856404,-0.0006055531489830517,-2.2576884239382832e-16,5.299964373436743e-16,-9.45098328308388e-16,-4.469447509151678e-16,1.9000199489959972e-16,-3.842139639137827e-16,-2.0496577039698346e-18,-2.0744528351385036e-16,1.465936994698576e-17,-3.9850735564136524e-16,-1.5454686644860006e-15,-7.064793931739873e-16,0.004424555090537257,8.376347218378528e-5,0.0210494556021104,0.001244524791961964,9.862133092407696e-5,0.002400002693282183,0.0013094846464938932,-0.019878584020556807,0.0006399907717348187,-0.0005255897197967793,0.00038949271668446223,1.4684171295325285e-6,6.400178959196955e-5,1.912325613711755e-15,2.140489162691323e-5,8.0891150732269295e-16,-1.1865825219906984e-15,4.4030760158025537e-16,-1.0770528049768e-15,6.38619186298038e-16,-3.7773229392847436e-16,-1.6308133803661119e-15,-1.3033979932935838e-16,1.799704243836613e-16,4.33023625017598e-16,5.647367485612996e-16,-3.1418903455174587e-16,0.0,0.0,0.0,0.0,0.0,0.0,0.0,0.0,0.0,0.0,0.0,0.0,0.0,0.0
-0.0005003297394639104,-0.1314882862829917,-1.4076286907877859e-15,1.5623416484063769e-15,4.983016027355535e-16,0.516022561274846,-0.07373749006363063,0.00833724621770353,0.6324442019478376,-6.211571599627587e-11,-0.01697520717149468,-0.005677223593689382,-1.4817547171146532e-14,-0.12275832801769639,0.00030947825300418403,-0.024438627728598745,0.007940033527055662,-0.16207925852947458,-0.020913409001585757,0.037332607584070254,-0.03240253509249354,-0.049951959804454237,-0.025381192558152094,0.836205314394839,-8.627163552675323e-5,-0.07667407382230958,-0.0005776378224418144,-1.171261119936586e-16,5.522500788866113e-16,-1.1977563203885519e-15,-4.552937567782993e-16,1.1249360303475032e-16,-4.2951410063181103e-16,-4.789940041855707e-17,-1.8149145287613297e-16,6.573341184662656e-18,-2.1646659354218008e-16,-1.934773588510912e-15,-7.106528526975576e-16,0.004942118642918503,0.0010308095591384074,0.022994147860346315,0.0013255643686140846,-0.0006844023948768986,0.0026516059862033005,0.0019261529830433134,0.0007023274949795245,-0.011358174068356514,0.0008248126706212319,0.0007036124791719027,6.6032728004513385e-6,6.205558233402414e-5,1.803880608086377e-15,2.0753998023368246e-5,1.0556517155654072e-15,-1.3362933714312438e-15,5.73680858381971e-16,-1.375425015494419e-15,6.2512828516909e-16,-3.8237101199563533e-16,-2.03554498322267e-15,-1.0805955119558111e-16,1.1640981963579123e-17,6.02020965106489e-16,8.267663939880887e-16,-3.7600333136891574e-16,0.0,0.0,0.0,0.0,0.0,0.0,0.0,0.0,0.0,0.0,0.0,0.0,0.0,0.0
0.00029929729152799626,-0.10259137083668946,1.9795889553447958e-15,7.816205160946899e-16,-4.667339403720905e-15,0.40882115150868215,-0.06814016753769887,0.010039841864390416,0.48585325790238687,-5.634493488035451e-11,-0.022264083121571528,-0.0074460462669252905,1.0767126024959169e-14,-0.12943934624146955,-0.0005468951541963677,-0.02261517050013067,0.00826286730229389,-0.14676818973744152,-0.02022571530093471,0.0018979079130657384,-0.029971137490684113,-0.04443747971654555,-0.028018608503524584,-0.053627128499878905,0.8570137250262287,-0.07863110226656853,-0.0003769659095941945,9.793989123120666e-15,1.0348666097803264e-14,-2.6990134226777385e-15,1.1514209022423184e-14,2.147570757516447e-15,-5.5851686123556004e-15,-8.377564799754203e-15,6.204406300299695e-16,2.9998160192832716e-15,-8.346351363241486e-15,6.067005296039928e-15,-1.3954316772324047e-15,0.004118105456174953,-0.0006571333274286752,0.019802693713501206,0.0011564581066830443,6.007619328117161e-6,0.002239800382653226,0.0009313972393181065,0.0002393828846502835,0.0004628067164384569,-0.022821361821054972,0.00015081033188577318,-4.719966670370856e-6,0.000327286855572089,1.5625448049296247e-14,0.00010945849671006505,-2.6809719734912853e-15,-2.933488771546112e-15,-3.368055592727496e-15,-1.8398511198099716e-15,-2.7471724841171644e-15,-1.6738115605547702e-15,-2.788712528993525e-15,-2.8419351051927277e-15,2.807282928215514e-15,5.025735576162713e-15,3.140359408916081e-15,1.0511839785908337e-16,0.0,0.0,0.0,0.0,0.0,0.0,0.0,0.0,0.0,0.0,0.0,0.0,0.0,0.0
-0.0002515299485462577,-0.11459443588619901,-1.2281987302531732e-15,1.4071027988568773e-15,7.198936781120006e-16,0.4508719814010524,-0.0670380147955579,0.008139980165524719,0.549195703690459,-5.6035063037689936e-11,-0.017624688837392148,-0.005894437592908683,-1.2754719052183636e-14,-0.11593768474566399,-0.00024297151699230224,-0.022171903341215264,0.007588124674886077,-0.1460937659978829,-0.019882946236500488,0.002387756815482149,-0.02948625586365014,-0.04641559157620659,-0.02889922100992627,-0.05225840075524852,-0.0038901886849563205,0.8489475149923347,-0.0005550150037153099,-1.6669603330966053e-16,4.801568256981417e-16,-1.0376134771526873e-15,-4.88846298464205e-16,6.076326223600506e-17,-4.501677728762456e-16,4.0160814374555135e-17,-3.0577487132000706e-16,-1.2801879840791633e-17,-1.9488874384388695e-16,-1.6904028530785753e-15,-7.427480181882753e-16,0.004388826713172409,0.0005165484204891467,0.020613926749118185,0.001258967637862613,0.00016308601409208205,0.0023726801347472384,0.0016178228429978353,0.0007164128338456924,0.0007517634938692787,0.00043837035462273026,-0.00583304001073187,3.80801728551628e-6,5.3007085162547224e-5,1.551661790341653e-15,1.7727799809066465e-5,1.055548846174355e-15,-1.1117599500233658e-15,5.084636605553446e-16,-1.2518262217701977e-15,5.42210633985541e-16,-3.6057673442603627e-16,-2.0158957857343138e-15,-1.348929403775935e-16,-6.445750043700972e-17,5.74661112776401e-16,8.2933876352831195e-16,-3.317485807133984e-16,0.0,0.0,0.0,0.0,0.0,0.0,0.0,0.0,0.0,0.0,0.0,0.0,0.0,0.0
-0.0003401660736520245,-0.1175396015680362,-1.2583566507547782e-15,1.6048841127252407e-15,3.5383678124121375e-16,0.4603813923057575,-0.0667043788205407,0.007759025277753293,0.5650133361639689,-5.568057412838924e-11,-0.01722719127492564,-0.005761497681349928,-1.2143028019516304e-14,-0.11364228948852564,-0.00012940659866325616,-0.022023133495597272,0.007707756833236559,-0.14599258574166266,-0.01932196171408418,0.00258138020889824,-0.029187769766945714,-0.045296156802771,-0.027999075138777682,-0.051543600873506464,-0.003487969455670195,-0.0698372456980442,0.9334852395096771,-2.1268751031648344e-16,4.1601361431486836e-16,-1.1441153145348409e-15,-5.776307123005667e-16,7.816371602268509e-17,-3.5284340794833214e-16,-1.3232263224989275e-16,-5.595174469293508e-17,2.6620627226177517e-19,3.0980771150108157e-16,-1.7944873132335024e-15,-4.7392753918765e-16,0.004436065407795546,0.0007146431668166828,0.020897288240976097,0.0012445276167071312,0.00018991982771465938,0.0023727293192670933,0.0016805953381203676,0.0007610535499044882,0.0007958970014147153,0.0006531448954373094,0.0005656143320372815,-0.004338949186795888,6.000533686976199e-5,1.0719497370578534e-15,2.0068309665540557e-5,1.1468064250404217e-15,-1.1766084256742505e-15,4.2675474364655974e-16,-1.3137284077173188e-15,4.756978389115131e-16,-2.890348755798832e-16,-1.766743940938154e-15,-2.1918033795647113e-17,4.1645163448245855e-17,3.2549898321490515e-16,5.512252487226946e-16,-4.2424240196868924e-16,0.0,0.0,0.0,0.0,0.0,0.0,0.0,0.0,0.0,0.0,0.0,0.0,0.0,0.0
0.0017475548188141646,-0.053926327446542084,1.100801446252676e-14,1.3073655961656327e-14,-1.123073428896166e-14,0.22184631273639563,-0.08287830957990587,0.016739473735186434,0.2398290364732622,-4.6615342597498124e-11,-0.01970184777524515,-0.00658912694843441,4.8239786087271125e-14,-0.1081950282744656,0.00482906831451781,0.6687092782303525,0.005616246100195813,-0.12196075708782664,-0.02439034629512272,-0.0015439420904458595,-0.03936638157110643,-0.05464503849053341,-0.04148390034499536,-0.08642658530165724,0.054992620087251226,-0.121983902900242,-0.0003517943830904974,-1.067173948050502e-15,1.9897853860110688e-15,-5.956058388348368e-15,-2.6946471564609572e-15,2.7301779327354932e-15,-6.722729730297442e-16,1.6100534552792301e-15,1.5113003974992581e-16,-4.292067025188847e-15,1.4288803584756758e-14,-1.211633392886152e-14,8.825985642284518e-15,-0.1357878508241393,-0.0038033881260831764,0.009703104763587475,0.0007861123051515959,-0.00041491620313750935,0.002783942092487588,-0.0004663479385474889,-0.0004525430118371224,0.00019147048324813545,-0.006154908480439867,-0.00048395068921617976,-2.0536621348780975e-5,2.7511158574769484e-5,-6.415803650639144e-15,9.200889096040663e-6,-7.760072846733421e-15,3.509224932308609e-15,2.263641662789103e-15,3.158267719081667e-15,5.868685399838195e-16,1.834264694571309e-15,9.115813410591554e-15,2.2509532099028528e-15,5.5062666315912445e-15,-1.0224747206271286e-14,-4.7792244542990036e-15,-1.1495674369639906e-16,-0.0,-0.0,-0.0,-0.0,-0.0,-0.0,-0.0,-0.0,-0.0,-0.0,-0.0,-0.0,-0.0,-0.0
0.0002906188759403835,-0.09404444076748776,-2.6587281893441265e-15,1.0096888314090662e-15,-1.956739490016682e-15,0.3785091397846988,-0.06786346832707273,0.010279300765733846,0.4399987319458889,-5.563773129805166e-11,-0.017990347318593464,-0.0060167291759078865,-6.595273808590239e-15,-0.11384050820831354,0.003675939106351152,-0.02245211520061682,0.7657097810900743,-0.1333536569373676,-0.004658047841627457,0.0010153425521280466,-0.028911594059351602,-0.03907733988459274,-0.029373859160488833,-0.05864172230844347,0.03289149966974095,-0.08211379775855841,-0.0006278528925992379,5.6857323474226415e-16,2.461627742436647e-15,2.990134219135919e-16,-6.047000881295565e-16,5.163414355455896e-16,-1.7160778336790664e-16,-1.7589260300744092e-16,1.387187625242174e-15,-5.443242460186206e-17,-3.4810216319808425e-16,9.008490621877364e-17,-1.6305387792802677e-15,0.003918694571894263,-0.06072955293796356,0.016131517356746606,-0.00018688737283782008,-4.363661885870859e-6,0.0020731624275963367,0.0005768413482264345,0.0002679261835871543,0.0005322428406292319,-0.002329972218642627,0.00018659651226559244,-2.5530968463155324e-6,5.013669217659171e-5,-6.924015755083723e-16,1.67678196106602e-5,8.077233079425205e-16,-4.500830113350487e-16,-1.7496849020936786e-16,-3.4156701384066713e-16,-5.5034312205002794e-17,8.049778172154039e-17,-9.508270524030593e-16,-4.3901886166533363e-16,-1.0596089135800485e-15,-2.1154137929627157e-15,1.2452796408240875e-16,-1.919194228186632e-15,-0.0,-0.0,-0.0,-0.0,-0.0,-0.0,-0.0,-0.0,-0.0,-0.0,-0.0,-0.0,-0.0,-0.0
-0.00017987742567495684,0.15081702052378834,-1.265271493196894e-15,5.9059938119500435e-16,5.222062004162354e-15,-0.5983792866389485,-0.11259694004412114,0.0180700939471789,-0.7158597578902407,8.07100543991794e-11,0.026373093182892146,0.008820272138289386,-1.3422557834665722e-14,0.1688106244875276,-0.0016715904759687166,-0.03739273404169269,-0.011799009164070059,0.22009177369086178,-0.051893234584292486,-0.012261417976695633,-0.06449789650373265,-0.1449788633150512,-0.09318180018314573,-0.16721346426595896,-0.060787139173108164,-0.2192775519429545,-0.002427922908210248,-2.60015829736679e-16,-1.1735474677365164e-15,-1.3182242266829046e-15,-1.115800559698274e-15,-1.0904005268013452e-15,-6.683499892380823e-16,1.0076738140484527e-15,-9.74198808080459e-16,-7.271711252405719e-16,-2.0190452107547884e-15,-3.399944794929991e-16,-2.0618802092704676e-15,0.008007748964740677,0.000626274862464928,-0.029245064574686737,0.0026772510516768107,0.00018967629041242846,0.006466774497496991,0.004620379033921378,0.002575251947972212,0.002563903342290857,0.002538083662996084,0.0018724163731451645,1.6180169181035816e-5,-6.130688528187011e-5,1.5360446874735934e-15,-2.0503602231307476e-5,2.4974924365780695e-15,-1.843621796802718e-15,4.242245744255367e-16,-2.590060784512653e-15,6.445270870893852e-16,-2.701417509886793e-16,-4.059735448491898e-15,-2.0119302705513075e-17,-1.422697374569386e-15,1.7243902022855682e-15,2.600587340082407e-15,1.72764385870498e-16,-0.0,-0.0,-0.0,-0.0,-0.0,-0.0,-0.0,-0.0,-0.0,-0.0,-0.0,-0.0,-0.0,-0.0
5.2740228790278945e-5,-0.07867281313327688,-3.152649985511262e-16,1.2701085646086366e-16,1.3486822432470862e-15,0.3185735355617608,-0.059520930751448854,0.008610566807113099,0.3655020498213766,-4.754059296541944e-11,-0.01157479988473577,-0.003871100148231114,-7.831655976171063e-15,-0.08431914028876648,0.0028251915444596778,-0.02059834431057077,0.020534236409308782,-0.1324054248479694,0.7602894193472501,0.00048423487141825814,-0.027511962519818394,-0.04228409984516992,-0.024029488779829238,-0.05338065125027893,0.004745213610996684,-0.07333027929493059,-0.0006286910169019983,-8.523259619783302e-16,-2.6377770959203855e-16,-1.0327373814167314e-15,-4.337851523635039e-16,-2.608978702722991e-16,-3.3610400506851405e-16,7.10686277471235e-16,-1.7026180068343235e-15,-2.7132213560067153e-16,-1.843832038101011e-16,-1.239791721997803e-15,-2.2525473448083417e-16,0.003819833375530383,-0.0021350234919086655,0.017311339904399804,-0.04039907031003927,4.586466421127542e-5,0.0021514061350111583,0.0010004645501255837,0.00031154140016653704,0.0005928825897699108,-0.0006667890536411849,0.0003252282902964288,7.540267706915886e-7,3.14353686824404e-5,2.178328848549266e-15,1.051331008306698e-5,3.3936607005267194e-16,-6.521025889820419e-16,5.082927249159388e-16,-7.218735214570412e-16,9.160520342840182e-16,-5.192149337491612e-16,-1.2050862901066172e-15,-6.412632613675866e-16,2.8565449439253524e-16,2.064439199222993e-15,1.6604498530071477e-15,1.3068443849343507e-15,0.0,0.0,0.0,0.0,0.0,0.0,0.0,0.0,0.0,0.0,0.0,0.0,0.0,0.0
-0.0002282718985062302,-0.10966948401312958,-1.0943204788742512e-15,2.0119100585857345e-15,7.028469295659048e-16,0.43480477304416887,-0.06646941090294738,0.008350598704816338,0.5230217553171947,-5.584948058500059e-11,-0.01599121428230889,-0.005348134965192832,-1.2368823663503341e-14,-0.11013014164035201,0.0007437868176993294,-0.02177504807179005,0.007412542666330889,-0.1378135337895779,-0.019614671360622685,0.8852213163630279,-0.02925289833057601,-0.045303695932007254,-0.028176286907183743,-0.05341070294610965,-0.0006339861729910802,-0.07283295643688417,-0.0005329366196729207,-1.3717130691937178e-16,4.807757352710224e-16,-1.06502880640446e-15,-4.690268131781863e-16,1.5288431909241431e-16,-4.3260910307267516e-16,-6.830283777963752e-17,-1.7391893910552853e-16,4.6705612186910696e-17,-1.4810602106536696e-16,-1.669088419207402e-15,-7.111501152827076e-16,0.0041425161103710965,0.00034212087860544514,0.01818172830134143,0.001174619368845738,-0.014159039516195931,0.002307683451039509,0.0014627954740542939,0.0006443395219797798,0.0007367040837731458,0.00019376063400075515,0.0004917972390487705,3.1445892518336083e-6,5.478898655172037e-5,1.5807795086754214e-15,1.8323742615962322e-5,1.0857920713896957e-15,-1.0261784836690876e-15,5.601808195976659e-16,-1.1898336161936313e-15,5.821595821645966e-16,-2.9723032192289233e-16,-1.8481234574588517e-15,-9.144261653013571e-17,-2.874300476372679e-17,4.255868720763383e-16,7.055571976517273e-16,-3.527039611518512e-16,-0.0,-0.0,-0.0,-0.0,-0.0,-0.0,-0.0,-0.0,-0.0,-0.0,-0.0,-0.0,-0.0,-0.0
0.00145883205569187,-0.07905546095269995,9.668782109119859e-16,7.607775354752087e-15,-3.355294622969567e-15,0.3195647831551721,-0.06871884516780284,0.01363052255384658,0.3637716031993938,-5.470612405982249e-11,-0.024699802446451688,-0.008260653304073327,2.5546935246837483e-15,-0.1284327027615206,0.0002473378990223596,-0.022704502747922413,0.007195244611598934,-0.13764167618409792,-0.01955637742068246,0.0015524563976179288,0.6917333705453437,-0.0298969204133016,-0.02872054520375107,-0.05187909484808957,0.02206781274509057,-0.09101411606852758,-0.0005679443831486751,2.5096644869545107e-16,-1.7259055055472514e-15,1.1070474830557556e-15,-7.885089084128328e-16,3.3669732054114625e-15,8.535098231685904e-16,-3.512940254914844e-15,1.4696522766818742e-15,2.526470495783401e-15,5.307730677828085e-15,-8.176216942736458e-15,-1.0896321690141066e-15,0.0032684626612223613,-0.0031543049261527193,0.015415751504393596,0.00071175457266594,-0.00037691809455272737,-0.06358756849635136,-0.0010057028616700361,-0.0006086456139318867,-0.00023056407635117798,-0.004524946866671581,-0.000561514436403925,-1.627012310687003e-5,6.256038428012978e-5,-1.274238146780255e-14,2.092282503771259e-5,3.712713036645732e-15,-2.7986407397523773e-15,2.3747620977217113e-15,-8.028781271394401e-16,3.2960697509889685e-17,3.048193900481127e-15,8.451579171598496e-16,2.293392000368534e-15,-1.1439584716651464e-15,-5.281683471861708e-15,-6.2983039499868196e-15,-3.4894465117915104e-15,0.0,0.0,0.0,0.0,0.0,0.0,0.0,0.0,0.0,0.0,0.0,0.0,0.0,0.0
-2.4207760725076194e-5,-0.09508173739521539,-1.3644904042108466e-15,1.2337058443768437e-15,4.234889565475858e-16,0.3796393074186211,-0.07944638328911272,0.011072534663400408,0.45033590387923195,-5.148697596887868e-11,-0.015967569059589574,-0.005340227007726336,-1.5418334526878194e-14,-0.10639435546338076,0.004300504083012722,-0.02770461419701209,0.005175509379721753,-0.17702323305846576,-0.025311993105632542,0.0008911578682995529,-0.035863306965831024,0.9029608870414021,-0.03772044735963615,-0.06998441581827879,-0.0004533425919988669,-0.097868755837708,-0.0007849797755262951,-4.471146284502214e-16,3.272634626920149e-16,-6.966071337034907e-16,-5.978368320317506e-16,1.2551918939641596e-16,-4.106530659592005e-16,-5.762380450572089e-17,-2.933111620548158e-16,5.303403875487522e-17,-4.1901886160829753e-16,-1.4369635347192929e-15,-7.426541856602937e-16,0.005378421330968505,0.00010544795040997332,0.024053892302222348,0.0014257297213941754,9.705088731232456e-5,0.0028535450759357753,-0.02666975154759948,0.0007206867022208268,0.0008511337920786916,-0.0003588705326467984,0.0005258877275475569,1.959706760067313e-6,5.11028955837311e-5,1.5781751065634872e-15,1.7090958685896643e-5,1.0746200552186936e-15,-9.676116916196005e-16,5.172405519866747e-16,-1.015046577480378e-15,6.789476310467144e-16,-3.520835165609475e-16,-1.7156529900175555e-15,-5.861235567851924e-17,5.888537830445047e-17,2.5183426570280867e-16,4.44850061626508e-16,-4.1372587171656466e-16,-0.0,-0.0,-0.0,-0.0,-0.0,-0.0,-0.0,-0.0,-0.0,-0.0,-0.0,-0.0,-0.0,-0.0
-4.794093625746743e-5,-0.11032011905914034,-1.0277282347000788e-15,1.2491956197361419e-15,3.0184990092338963e-16,0.4376392699338361,-0.06896584799283281,0.009120966467031057,0.5251430264160687,-5.736505032902585e-11,-0.019161691322310652,-0.006408475900823199,-1.2217107203756588e-14,-0.11763307200990322,-0.0005905837199465164,-0.023042671187955804,0.007532281627661255,-0.15159070969983063,-0.020646247447853924,0.002271593243529246,-0.030583592672554925,-0.045639820072031344,0.8466555228474697,-0.053623065861346096,0.00678340377058925,-0.07681774719394328,-0.0006029020273938076,-2.5332059167437205e-16,5.018946084621657e-16,-7.964819208932194e-16,-4.247963299683192e-16,1.8788626665100414e-16,-3.0200856372264025e-16,2.903700802626971e-17,-1.7177322742799513e-16,3.007186137843162e-17,-3.5049436636337993e-16,-1.365897161757768e-15,-6.176359085399543e-16,0.00442366448455805,8.338292150496836e-5,0.02104561216233444,0.0012442642037670713,9.865849907843104e-5,0.002399653001449884,0.0013091318383602966,-0.019878827059951462,0.0006398954577676543,-0.0005256500146523762,0.0003892994757414046,1.4535399678481129e-6,6.258198974620759e-5,1.8035882499125115e-15,2.093005081377064e-5,6.832361495986102e-16,-1.0455208564910727e-15,3.7710353217713344e-16,-9.103866780466268e-16,5.974387542056959e-16,-3.6831465393633236e-16,-1.4101892232630189e-15,-1.4129805406955304e-16,2.049403130235673e-16,3.8804130179058454e-16,4.547135172515356e-16,-2.944630913926363e-16,-0.0,-0.0,-0.0,-0.0,-0.0,-0.0,-0.0,-0.0,-0.0,-0.0,-0.0,-0.0,-0.0,-0.0
-0.0005002572677916781,-0.13153226176500563,-1.3217661257033112e-15,1.1682738979749953e-15,2.032085494868647e-16,0.516197458039286,-0.07372477510355026,0.008337270867217897,0.6326492710640986,-6.213057342512499e-11,-0.01698372963920653,-0.005680073865516756,-1.3370172461162915e-14,-0.1228779462473442,0.00031148417652549653,-0.02443187487728195,0.007946019582751422,-0.1620325833611134,-0.020903253986364206,0.03733583964892268,-0.03239589648777509,-0.04992846192486214,-0.02536134881830265,0.8362287402978044,-7.176187599037062e-5,-0.07664292455134158,-0.0005728437020723028,-1.6693206002907283e-16,5.014231937829527e-16,-9.290115894418762e-16,-4.152538921144294e-16,1.0865593644614146e-16,-2.8084425059744195e-16,8.316017424622069e-18,-1.1700640304524832e-16,3.4442582484676804e-17,-1.296772394272992e-16,-1.610035345335487e-15,-5.500236666680225e-16,0.0049405084592281665,0.0010301215235407454,0.02298719902027401,0.0013250932311046548,-0.000684335159991739,0.002650973808137057,0.0019255151671419223,0.0007018881030316921,-0.011358346326528724,0.0008247038140589019,0.000703263105828516,6.576370517395935e-6,5.948787523093787e-5,1.6071481791852706e-15,1.9895248719809215e-5,8.284035634946982e-16,-1.081214508247014e-15,4.593698308561944e-16,-1.0740503603602599e-15,5.506517914382532e-16,-3.653407718673182e-16,-1.6366214268706822e-15,-1.2788068227056345e-16,5.678236298084847e-17,5.206533690222244e-16,6.278009379147159e-16,-3.403570821697123e-16,-0.0,-0.0,-0.0,-0.0,-0.0,-0.0,-0.0,-0.0,-0.0,-0.0,-0.0,-0.0,-0.0,-0.0
0.0003011101522789708,-0.10343786266629437,2.0334182146717066e-15,7.226101796190807e-16,-4.794162426895998e-15,0.4121754375073213,-0.06953347288133316,0.010245755218383593,0.4899113805436935,-5.6768448449136484e-11,-0.022476662392712784,-0.007517141720515852,1.1421394183972077e-14,-0.13056719642224635,-0.0006010288777416554,-0.023134519404054543,0.008288847539259145,-0.15014917599449937,-0.020730777858709568,0.0018791273575354853,-0.030642699926814496,-0.0456518296699405,-0.028769799676313376,-0.05501844310815696,0.8708854805357886,-0.08057181167475384,-0.0003905218252369913,9.943551130137416e-15,1.050396415407316e-14,-2.6930344141881484e-15,1.1709926738348362e-14,2.1803462606913667e-15,-5.649286004684773e-15,-8.503930339758447e-15,6.412269508716339e-16,3.052755402249035e-15,-8.463723838647322e-15,6.225198859409112e-15,-1.3854017627568366e-15,0.004225034233550698,-0.0006547704431249521,0.020291725093965745,0.0011854462128615135,7.418689815357635e-6,0.0022971788161334533,0.0009658408999422979,0.000254025647040744,0.0004801690297607985,-0.023179868030281967,0.00016132729273570895,-4.71119826861766e-6,0.0003317717447809857,1.584336745673113e-14,0.00011095843238545329,-2.765516983431001e-15,-2.9327510675947698e-15,-3.4436036182230103e-15,-1.8133477221805218e-15,-2.8059377664305365e-15,-1.6970515083945384e-15,-2.7581779284594558e-15,-2.8894904228427063e-15,2.859817872057968e-15,5.090839378859538e-15,3.153960485738075e-15,1.156477197707609e-16,0.0,0.0,0.0,0.0,0.0,0.0,0.0,0.0,0.0,0.0,0.0,0.0,0.0,0.0
-0.0002514881306482663,-0.11466586421966853,-1.116138970867046e-15,8.91968876768247e-16,3.3422526961606315e-16,0.45115519181718383,-0.06703296403331029,0.008141450662260597,0.5495310267045315,-5.606088664488665e-11,-0.017637862875462398,-0.005898843545601544,-1.0696302457016953e-14,-0.11610742813604269,-0.0002405885872289688,-0.022167158736861307,0.007596629727217948,-0.14605963547595038,-0.019873512822319812,0.00239212738721162,-0.02948292905542396,-0.046394204838475464,-0.028879044274168934,-0.052238124251837804,-0.003873107730097632,0.8491167583021343,-0.000548868677556652,-2.319741170545637e-16,4.1360007584955965e-16,-6.863097463724171e-16,-4.3673653400170013e-16,5.56936306537353e-17,-2.557365345129573e-16,1.1378695159055937e-16,-2.2148785079084895e-16,2.3603526790572107e-17,-8.135728532439684e-17,-1.2660964225903891e-15,-5.327738102520272e-16,0.004387574935506713,0.0005157879344000891,0.020608756857430213,0.0012585907727502017,0.00016320497222381433,0.0023723119432149157,0.0016173245596213606,0.0007159971529222013,0.0007516980364155391,0.00043837860798507993,-0.00583436364845681,3.7738400915434572e-6,4.9653303287209454e-5,1.2943420063437471e-15,1.6606154023893744e-5,7.585804856510855e-16,-7.783028591878132e-16,3.590883793429292e-16,-8.578639470530072e-16,4.449353369217899e-16,-3.383399091134089e-16,-1.4944840986925702e-15,-1.6078278088896325e-16,-5.461691195955951e-18,4.682159405508231e-16,5.692362810226997e-16,-2.851766694671785e-16,-0.0,-0.0,-0.0,-0.0,-0.0,-0.0,-0.0,-0.0,-0.0,-0.0,-0.0,-0.0,-0.0,-0.0
-0.00034016518921147984,-0.11754013830049423,-1.257308770943634e-15,1.6000743146021287e-15,3.5023511362059475e-16,0.46038352697242824,-0.0667042236259931,0.007759025575434661,0.5650158390658898,-5.5680755433777544e-11,-0.017227295291742915,-0.005761532468950638,-1.2090484596007292e-14,-0.11364374944538841,-0.00012938211628430073,-0.022023051074342725,0.007707829894318181,-0.1459920160550365,-0.0193218377665733,0.0025814196608375827,-0.02918768874076257,-0.0452958700035541,-0.027998832943692795,-0.05154331494988002,-0.003487792363563628,-0.06983686551403799,0.9334852980197873,-2.1329645637079603e-16,4.1539210429762896e-16,-1.1408347332275283e-15,-5.771433619455876e-16,7.811662995738254e-17,-3.5102831276308034e-16,-1.3163498606032125e-16,-5.516499901677139e-17,6.05930377877499e-19,3.1086833867543816e-16,-1.7905246143205806e-15,-4.719671688488151e-16,0.0044360457552750044,0.0007146347690995162,0.020897203429154187,0.0012445218662390488,0.00018992064811606494,0.0023727216035463196,0.0016805875531099776,0.000761048187323953,0.0007958948988544052,0.0006531435681216716,0.0005656100677852287,-0.004338949515107523,5.9973998444112256e-5,1.0695461647026271e-15,2.0057828777292438e-5,1.1440332292253224e-15,-1.1734953238007463e-15,4.253597592267375e-16,-1.3100501537373585e-15,4.747891069492448e-16,-2.888268415980019e-16,-1.7618752685462982e-15,-2.2159838996865328e-17,4.2195857750100585e-17,3.245054600119785e-16,5.487965069847566e-16,-4.238078670872185e-16,0.0,0.0,0.0,0.0,0.0,0.0,0.0,0.0,0.0,0.0,0.0,0.0,0.0,0.0
-0.0015497798829915079,0.004415947753307878,-8.656176090255194e-17,-6.503922857549182e-16,-2.839438458568924e-16,-0.017364212685601746,0.010845005184945633,-0.0016475386797180243,-0.020712655172828415,2.2419030733824743e-12,0.0030816266591788804,0.0010306256294659584,-1.4839361072448507e-16,0.005280709933141194,0.0011625529295481863,-0.014769649538700915,0.0017733746983899686,-0.00896129012316141,-0.00048341031329025445,-0.000477095759503883,0.00020502403673858775,-0.00021211004995076973,0.00039966808023599964,-0.00041489118937857236,0.001770478836998923,0.0013398804994048062,3.7420415150737854e-5,5.220798097324165e-17,-2.4856105047158765e-17,3.771376298691584e-16,1.9430428646700554e-16,-3.418225978843872e-17,1.1044504350256566e-16,-9.756631317259809e-17,8.111929984122478e-17,1.356960858396028e-16,-2.750172581207898e-16,5.877797801142063e-16,2.1641021022164302e-17,-0.019247349809618113,0.0001297144783572967,-0.011994311286779583,0.00011678246605704393,-0.00013476499125279347,0.00011782341358976155,0.0005010372963652948,0.0007817095356030421,0.0001546230633454827,0.002149639621797363,0.0006109829059018579,1.1623916473839556e-5,-9.611135572376816e-6,1.1952511466018146e-16,-3.214368170557253e-6,-1.0770425477421358e-16,1.9093469731459202e-16,-1.8953347749108665e-16,2.546961613547054e-16,-1.1887362803735357e-16,-3.0147451725199336e-17,2.400034867931042e-16,-7.705039449333967e-17,-4.8898932751472264e-17,1.2660894421506503e-16,-1.2783460324565157e-16,7.46844961653913e-17,0.0,0.0,0.0,0.0,0.0,0.0,0.0,0.0,0.0,0.0,0.0,0.0,0.0,0.0
-0.00428429725131919,0.002054573718578572,3.826392932090907e-16,-1.4042850326705702e-15,-1.27963782305715e-15,-0.004908906357599794,0.00460224701413087,-0.007356777995341491,-0.012792399616480748,1.6595433358477606e-12,0.013062254555938842,0.004368567582272838,4.908569404588699e-15,0.013223713889960955,0.002334824337711132,0.0024728262915798666,-0.05000324133715432,0.012088401363158571,0.004233886856173982,-0.0006564977769045598,0.002287154843412879,0.005448400410425395,0.002324811748509878,0.0020697181227555188,0.009320247734319892,0.006947393908276663,3.844897846458766e-5,8.41675343237718e-17,-5.290932770099429e-17,8.514880012054137e-16,5.055300402108542e-16,2.6119241105796526e-17,3.1416593506708417e-16,-1.2416300939136867e-16,1.706878930687703e-16,1.7206256536359554e-16,-3.136196824151253e-17,1.1894045926550965e-15,6.690852823687663e-16,0.0011885549721207258,-0.04731765274236362,-0.0037993736108254276,-0.001714404999450562,0.000699070165373262,0.0007478302717229984,0.0029986595508067313,0.0023880008231509943,0.0014214406722077232,0.0070418243176415506,0.0022087465866244267,3.5848238630542396e-5,-4.0896505096455386e-5,-1.5617673646380968e-16,-1.3677512223792873e-5,-9.767373035205908e-16,8.772031219002059e-16,-4.598979566994134e-16,1.0540037009690102e-15,-3.8018741727837988e-16,-3.2245037649045644e-18,1.4270255817870706e-15,-1.3336255063134567e-16,2.902456844114468e-16,3.7427314234841516e-18,-6.649789756062384e-16,3.747986865481953e-16,0.0,0.0,0.0,0.0,0.0,0.0,0.0,0.0,0.0,0.0,0.0,0.0,0.0,0.0
-0.0050318271938136275,0.015551889108889596,2.841636207266998e-16,5.405829325333569e-16,-7.873228455290388e-17,-0.06106140368679231,0.032160968027200275,-0.0020948827736929554,-0.07340430572378315,8.525921865432103e-12,0.009909528553521486,0.0033141633405713833,9.774521098002746e-16,0.02011883420596747,0.0048438692783779914,0.003256350113738371,0.0024739893838594336,-0.06305754883194269,-0.0007105021754026961,-0.002070279332600126,5.3217758566287417e-5,-0.0034043561993466315,-0.00018954848755510742,-0.0035726583556216548,-0.006820795277137789,0.0024486571242480462,-7.4194559103232915e-6,-7.789949370448243e-17,-1.0699489012883776e-16,-1.6119663350744361e-16,-1.0298839031533409e-16,3.331759892018716e-17,-6.183100682684778e-17,-5.21527214665725e-17,-4.914555777234264e-17,-7.468989946500185e-17,4.189115136113268e-16,-5.718185472188647e-16,2.1450523434688616e-16,-0.004599617606573058,-0.004628964623712732,-0.07072760456874248,-0.00025185166035255783,-0.0016428685980291533,5.0241068634633915e-5,-0.00045422385398466734,0.002159311568654253,-0.0007495137906218877,0.00575737924265888,0.0014385384548650845,3.351533710762142e-5,-2.678851895311222e-5,-1.2588825134641776e-16,-8.959207996846877e-6,3.462976179570447e-17,-6.34658929514609e-18,1.7672873549817416e-16,-1.0871359159577294e-17,3.395381544255433e-17,8.263183572240484e-17,1.163153783411798e-16,1.5343008596592988e-16,1.7336940781484903e-17,-3.0796957962860856e-16,-1.7585438408548712e-16,-2.2720578724542898e-17,0.0,0.0,0.0,0.0,0.0,0.0,0.0,0.0,0.0,0.0,0.0,0.0,0.0,0.0
-0.0008033824458464554,0.004240969643484408,1.4340725699258168e-17,1.543180284639629e-17,6.649657915302694e-17,-0.016764119894619647,0.005155274516523247,-0.00041731418644283676,-0.020035905364307244,2.0820370691418304e-12,0.0018800968975345605,0.0006287835168825354,1.0078892152426906e-16,0.004222117693252572,0.0006392138234828963,-0.00042800161331300987,-0.004650303481469993,-0.0034665941055794297,-0.006650194883097933,-0.00035690080768837576,-0.0001538472730246576,-0.0010015831543306248,0.0001282412157693699,-0.0011870495590683323,-0.001373758098180123,-6.38100023712621e-5,-2.1666759941751504e-5,-5.574049800953478e-18,-4.2413079610410456e-17,4.318472185904488e-18,7.548505266396163e-19,2.171216489868591e-18,-1.3909818611584283e-17,-1.2858095082256339e-17,-3.979375833808161e-18,-2.715575517085549e-18,3.38747417804421e-17,-1.5984628361107913e-17,1.5765307940634808e-17,-4.559299508837977e-5,-0.004899234443521576,-0.0021002633674712208,-0.011909901225803304,3.5712040021546438e-6,6.140194523575702e-5,0.00014645140179799922,0.0003341081910325458,-0.0001785722654727085,0.0010377398723465828,0.0002944745804346752,1.3776384031322485e-6,-5.034754326888905e-6,-8.77141580621901e-17,-1.6838337089745344e-6,1.2263381694069632e-17,7.07110835940254e-18,1.7077481145491324e-17,3.480034667736508e-18,-4.248181098800571e-18,9.912982191301066e-18,2.4681737102210845e-17,3.3758263019098804e-17,-1.7979975243808485e-17,-3.0940291039329703e-17,-1.6903502345436596e-17,-3.7153865167966035e-18,0.0,0.0,0.0,0.0,0.0,0.0,0.0,0.0,0.0,0.0,0.0,0.0,0.0,0.0
-0.0005816824753046407,0.005539426231957934,1.1514615037340702e-16,2.0321474401786354e-17,2.1127010462761822e-16,-0.022222714061085568,0.0004627801907721964,0.01279308971964509,-0.02611348247745204,1.3632873996825164e-12,-0.0004915004713467655,-0.00016437843992455795,2.9721499105566223e-16,0.000960350430672536,-2.5611805457624293e-5,4.7644802895454006e-5,0.00011464373655441767,0.005164089913173781,-9.364724293285999e-5,-0.0009782687340207014,-0.0002964960368365087,-0.0009331281830206847,-0.0009769734900042797,-0.02273099512819465,-0.001057711853812171,-0.0007213926563110512,-1.883348379616893e-6,-9.443099497903958e-18,-2.3450877123726488e-17,-2.862711837426109e-17,-7.204702714895631e-18,-2.2276918039300498e-17,-2.0610865592232356e-17,2.853287929756004e-17,-2.1077537063837476e-18,-1.9878259163929034e-17,1.53341818301105e-17,4.026440664625872e-18,-3.5303129275930415e-17,-4.178848597047747e-5,-0.00019763341034805597,-0.0009326866250819011,5.232121085753358e-6,-0.014658561448314726,-0.0003103313082885087,-0.0004015715677288604,-0.00030985892775139083,-0.013332851556835711,-0.0006948668372075612,-1.0286783605912687e-5,2.1072442103307994e-6,4.2554968367348443e-7,-4.598994631833312e-17,1.4232172125449228e-7,5.569828918840316e-17,-5.90021830664224e-18,7.83255948955273e-18,-4.813092167036098e-17,1.774187308469291e-17,2.5732800306406764e-17,-2.809376865118086e-17,4.698224089317373e-17,-1.743508578830173e-17,3.8492227872072425e-17,7.416947509138808e-17,-2.7680520566252915e-17,0.0,0.0,0.0,0.0,0.0,0.0,0.0,0.0,0.0,0.0,0.0,0.0,0.0,0.0
-0.000900336899242184,0.0023386196469399228,2.301549458357602e-17,-4.184039195537041e-16,-6.507673749626282e-17,-0.009544988891396416,0.0006933949016929827,0.01125067650044228,-0.010667364143067036,9.920696557076654e-13,0.0003997215071066388,0.00013368369223008223,4.3602625265091135e-16,0.0015263524186282516,0.00011115202120298568,0.00021201098046891973,-0.0015565999041016825,0.002390071095322641,0.0001779061921598887,-0.0001619747874385422,-0.01827175352933775,0.0015480202542328422,0.0008767163312502905,0.0015079267064396313,0.001387686651833549,0.0015474259373551948,2.38602839450427e-5,7.754446598991994e-18,6.408317966158553e-17,9.43255860135365e-17,9.378274444663533e-17,-4.656945886210649e-17,4.145547215626199e-18,3.9708411728427195e-17,8.889990819784621e-18,-2.914588548041405e-17,-1.4564408756736077e-16,4.0700502893780667e-16,1.3469997895137018e-16,3.785518175531175e-5,-0.0009360076880830762,-0.0004585544044187574,0.000101640486372439,2.0726907633943502e-5,-0.01202010832998157,-0.0003419228863279896,0.0004274506014646953,0.00016223400820610545,0.0008637798226211617,0.0004073564262315334,5.722616019040235e-6,-1.90802425988166e-6,3.5208848162864297e-16,-6.381236016772183e-7,-2.2281545631728083e-16,1.8405939810437547e-16,-1.3822033687620705e-16,1.5860966857561366e-16,-4.710974396178179e-17,-8.119297508943362e-17,1.6584535737759763e-16,-7.409843217086341e-17,6.295262940101201e-17,1.111297741170943e-16,7.7438037390055e-17,1.9026322564845633e-16,0.0,0.0,0.0,0.0,0.0,0.0,0.0,0.0,0.0,0.0,0.0,0.0,0.0,0.0
-0.002135885485600403,0.019523777663749527,6.237835792678293e-17,4.701268569578419e-17,8.630847842566969e-17,-0.07842350584736191,0.006013658672507069,0.021505473516297124,-0.09125759600623348,4.951107881521601e-12,0.003068026603560367,0.0010260771985770602,-4.282470932280811e-16,0.002473851217720413,0.00429976339881567,-0.0033608237969677975,-0.008504589101050859,-0.010743568531522103,-0.00273824990447646,-0.001368009589375695,-0.002116566227622119,-0.04388975468387258,-0.003663156604468825,-0.004122394235057836,-0.005455077289190563,-0.0024817938434847915,-6.080253189821711e-5,-2.405598723792752e-17,-1.3774024103615938e-16,-6.08003970107143e-17,-8.139171384290993e-18,-2.871269649942389e-17,-4.705643775538021e-17,3.562435279108475e-18,-5.675972520944147e-17,-3.9594378675766396e-17,-3.62421911051073e-17,-6.280778183282159e-17,2.4493699174473956e-17,-0.002027496552567578,-0.008034008594694535,-0.009793988060165229,-0.0010407319319544125,-0.0005032261646825151,-0.001292924675816553,-0.05316929212202211,-0.0009015227859230816,-0.0006198085157973714,-0.0020733797625489153,0.0005104316518919925,3.922875169411667e-6,-9.368467857033179e-6,-1.2379286741264042e-16,-3.1332098758166053e-6,1.0172259260713014e-16,-2.5589205578178463e-17,4.030772115893066e-17,-7.168628130072544e-17,2.1289529066259096e-17,2.1924884371249625e-17,-6.757138157913469e-17,8.730176143682005e-17,-7.037543988500005e-17,-4.5495570118089663e-17,2.98555562722769e-17,2.0936266482191934e-17,0.0,0.0,0.0,0.0,0.0,0.0,0.0,0.0,0.0,0.0,0.0,0.0,0.0,0.0
-0.0009981929448838417,0.013197527168050302,9.496563881001135e-17,1.622218119353397e-17,1.1313816748259766e-16,-0.05345571629528934,0.0023443240270234894,0.020971884235958624,-0.06134727665605583,3.185371697122696e-12,-0.00025304543599833805,-8.462904193246446e-5,1.0975845730467626e-15,-0.0007756898738558374,-0.00011640454408727704,-0.0015605606747808288,-0.0035525823337500843,-0.006294570558703522,-0.0021703550668395106,-0.0012354305954978043,-0.0012464517686171677,-0.00375952535339245,-0.026987418154847242,-0.007753376240224095,-0.002133405861451072,-0.0020616314948460625,-5.164685113985061e-5,-9.057414623782537e-18,-6.60573355418402e-17,-8.148179129090928e-18,2.1178521535502922e-17,-1.74876944907494e-17,-1.0421257236692648e-17,-1.0311569405642312e-17,-3.3534187304529708e-18,-1.458272272608234e-17,5.11605454418091e-17,6.549023732844223e-17,4.2303637284425087e-17,-0.0009765221426231678,-0.0034401572182957535,-0.0026942615556843595,-0.0013364594193886483,-0.00038746025178941284,-0.0004966188152452691,-0.0014944786729691915,-0.03792366610459312,-0.0036740775860095096,-0.0027274554520815815,0.0001947681746782831,-5.893044246725309e-7,1.5969265766837255e-7,-1.9945979417371083e-16,5.3407944562145723e-8,2.755312776663114e-17,2.6262724394019698e-17,7.140896778376706e-18,1.457827470027552e-17,-1.1309711089097403e-17,3.1935669532418585e-17,6.525576222208303e-17,6.724732856618085e-17,-4.198028905745331e-17,-1.6878502308059632e-17,8.556439709838284e-19,-1.7283183060570196e-17,0.0,0.0,0.0,0.0,0.0,0.0,0.0,0.0,0.0,0.0,0.0,0.0,0.0,0.0
-0.000733927197894115,0.00036564956539113854,4.941836571889175e-17,4.252112578431709e-18,2.9102964811819693e-17,-0.001298938818007534,0.00048792829391212125,0.007943222349135273,-0.0019092536269584316,4.508732556188879e-13,0.00021490874454980528,7.187452752237754e-5,-5.969615133555268e-17,0.0014354567726843571,-4.596956004036641e-6,0.00022233976895459973,0.00015757576291872916,0.0011737069967977815,0.0005146115616833638,0.008316626704063652,5.034349773491112e-5,9.68095690788089e-5,0.001358223246034756,-0.0132904087244423,-3.05877241619072e-5,0.0012839335897074497,1.243412634309105e-5,-4.101423502204193e-18,3.544074951252883e-18,-2.6359591044483767e-18,-5.63031127264944e-19,-5.692281196397498e-18,9.8004234787754e-18,-1.8653679672073452e-18,6.627569383995896e-18,-3.694538063084262e-18,-2.5160034945850494e-18,1.133540631056685e-17,-4.227189831609244e-18,0.00012099227723729848,0.00044595757303386095,0.0002255911192854321,5.957028853100916e-5,-1.862276853701115e-5,-0.00015787467960261687,6.752735769087032e-7,-6.01753849874269e-5,-0.008909028650489384,0.00010923152099357277,0.0001679463434351085,4.345533988567527e-6,-1.6553972526998574e-6,4.3893038483553014e-17,-5.536345002910926e-7,-5.026592534545155e-18,4.2027848074427006e-19,-5.802712451615801e-20,2.2943416405068527e-18,-3.599923349510758e-19,6.4145898133972116e-18,6.5275899271404356e-18,5.86541287173397e-18,1.8985267779243136e-18,8.120855000090166e-18,1.9905641489980073e-18,-2.328236061627141e-17,0.0,0.0,0.0,0.0,0.0,0.0,0.0,0.0,0.0,0.0,0.0,0.0,0.0,0.0
-0.00037888218913664605,0.0799036952400685,-1.1717273685274292e-16,2.9662463942654674e-15,4.14742344384574e-15,-0.32414284429448414,0.019552678719860755,0.03780120652593107,-0.37004363962570846,1.3049344448989698e-11,0.0014256950843149908,0.00047681242934252357,-2.5978704173754654e-15,-0.020609783898632338,0.0025027536254081466,-0.020177878702274242,-0.060364513407899306,-0.07307211890571307,-0.016714256968060573,-0.005497016975415339,-0.011879751349776417,-0.03760948638776932,-0.02484452584605084,-0.031711321898275004,-0.04786411241738573,-0.03248918670352459,-0.0005581602469711205,-3.806632476379057e-16,-8.494297842669161e-16,-1.8617283735901e-15,-9.823686513637828e-16,-2.6772134192279047e-16,-7.9860456695657e-16,2.2840125933551046e-16,-8.037783865351532e-16,-4.482157214572272e-16,2.5343954327471393e-16,-2.8829923794257904e-15,-1.1362317872751435e-15,-0.015031877743771944,-0.05367643392777281,-0.03588930117990832,-0.006745292767355901,-0.004089260483204156,-0.0038450991949798537,-0.016263411033417885,-0.01137035194187571,-0.008616804617194898,-0.143272634776853,-0.002882345632144513,-5.033778681789965e-5,6.943830362948425e-6,4.171762148864355e-16,2.3223090647950836e-6,2.1859912172411132e-15,-1.8734339331987464e-15,1.0765795260845156e-15,-2.3166255362699674e-15,7.756422761238401e-16,1.1260743901638074e-17,-3.0120659799781493e-15,5.323811373576205e-16,-6.411885578491042e-16,5.094264260486456e-16,1.411917231621868e-15,-1.7402741933896307e-16,0.0,0.0,0.0,0.0,0.0,0.0,0.0,0.0,0.0,0.0,0.0,0.0,0.0,0.0
-0.001610027864467898,0.016193635400964298,2.495971519878939e-16,-3.7490054944297667e-16,-3.2043833053656395e-16,-0.06568027753015976,-0.0011251520926980547,0.05244306172589741,-0.07568465030229309,2.7753723762415233e-12,-0.0044135298036155814,-0.0014760700873567003,2.750478243888949e-15,-0.005326295478603942,-0.001168616993205002,0.001626402092016346,0.0049181426267156094,0.014480177612267647,0.0015381167565541361,-0.0004515084504724122,0.001510435747051037,0.002683639311050142,0.0010680497188794553,0.0027024790550758604,0.004439927122783697,-0.10874192102570894,4.612212565228672e-5,5.673718360159511e-17,5.802399021901735e-17,2.671174272310026e-16,1.6834225795330253e-16,8.681749087253875e-17,1.2367298108392952e-16,-6.250616520807677e-18,1.1444373623794417e-16,2.101086184095725e-17,-1.8551059155348507e-16,4.34144399534919e-16,1.669926470027886e-16,0.0009028711915175367,0.002646482297649986,0.0025941702830333535,0.0005952951892361148,0.0005122662990327804,0.00040020056717907066,0.0013067217505923353,0.0010219940490370399,0.0008484455449384805,0.003000708094113742,-0.04328594182345618,1.4876500936046932e-5,1.0796130750094304e-5,-1.5557040827042326e-16,3.6106804239621124e-6,-3.2445919637663185e-16,2.684289124422957e-16,-2.1146176857097834e-16,3.15713036855324e-16,-1.2687793023829341e-16,4.4277281183563026e-17,4.471861989927104e-16,-5.759352999954661e-17,5.875628874648896e-17,-8.874606704421122e-17,-3.085477547937305e-16,1.4711571524746997e-16,0.0,0.0,0.0,0.0,0.0,0.0,0.0,0.0,0.0,0.0,0.0,0.0,0.0,0.0
-9.749093270003877e-6,0.00016945894500965144,-3.0213274069121555e-17,1.1649314320559529e-18,1.9818137502257234e-16,-0.0007040156606360019,0.00018021560445523492,0.0005881073659261371,-0.0007730357276433132,-6.970167062504455e-14,-0.00010577644073405063,-3.537609284665351e-5,3.994375381101859e-16,-0.0001987388202559891,1.1116666042594575e-5,-8.687662014071179e-5,5.6478769064312e-5,5.930271390855197e-6,6.352758656888212e-5,-9.185526824850996e-6,1.879811034723177e-5,3.2922390012242006e-5,5.895585099880411e-5,6.375486743348268e-5,5.1792399549373995e-5,6.47191033141175e-5,-0.0011337624736144417,-2.4010562793303912e-18,2.0861760506362292e-17,-3.497054535022419e-17,-1.4296503567761437e-17,-3.0313613141231235e-17,6.811243448510297e-17,-1.6877928650128705e-17,3.198183748739687e-17,1.3615884582927156e-17,3.3483645320821863e-18,3.26840379168769e-17,-8.959672075820874e-17,-0.00012241341363093631,-3.536252000726549e-5,-0.0002240431923376434,-4.315659087151376e-6,-2.0650231858348602e-5,-2.2032318495931636e-5,-6.025747609379111e-5,8.384763681062023e-7,-1.9033216427644702e-5,7.64192482012802e-7,-1.4604686070810612e-5,-0.0007028047590030825,-2.4565727258089175e-7,6.963562109746752e-17,-8.21581291608636e-8,1.7817408255842834e-17,-6.168221153854941e-18,3.9789886888521724e-19,-5.5889109883662295e-18,-1.87000915631901e-17,2.5104954113279348e-17,9.605138639251279e-18,2.607586192829146e-17,-2.1473274299283444e-17,-4.716876271845827e-17,3.84511150068468e-19,-5.876564412787385e-17,0.0,0.0,0.0,0.0,0.0,0.0,0.0,0.0,0.0,0.0,0.0,0.0,0.0,0.0
0.003001792334020926,0.07515574057497217,9.546953009993017e-15,1.0117792971473272e-14,-9.120053080807118e-15,-0.30812835765709473,0.036835619478984324,0.011937110434737355,-0.3438726971855084,9.495980554821057e-12,-0.006842073353905619,-0.002288277243523567,4.023766602477748e-14,-0.03588923034853057,0.0009348436115116358,-0.07626514116530157,0.0024335781363451154,-0.11280145642145326,-0.010102600581274622,-0.0036148608766324673,-0.007860898633546349,-0.03035594281165736,-0.015143875701232034,-0.025320684476685916,-0.0372739272460474,-0.031495886039165095,-0.0005647317904946728,-2.3994774791028507e-15,-3.500625897621477e-16,-3.284266576732306e-15,-3.903085131060617e-15,2.417426505227906e-15,-3.7718017976345085e-16,1.0777975523140368e-15,-5.138112181616054e-17,-4.743802067438118e-15,1.1698027091350017e-14,-9.097051568487791e-15,8.141425904691857e-15,-0.07333449797954023,-0.014148230851358445,-0.04770757957418749,-0.0013217688734215038,-0.0027188044411954617,-0.0008121376002198619,-0.004849073879042578,-0.0017942463716280914,-0.002943007725622741,-0.0062495289826033,-0.0023233226895415003,-3.0371548110765608e-5,1.7607698224851186e-5,-6.98027653173648e-16,5.8887552172061694e-6,-6.877076901841005e-15,4.338948614966889e-15,2.8765772696630803e-15,3.4497062779706045e-15,4.404597261404356e-16,1.7754108879304258e-15,8.63328807460455e-15,2.46131945006628e-15,4.2792150933393084e-15,-8.07231400056918e-15,-4.853592482294504e-15,5.052938638913312e-16,-0.0,-0.0,-0.0,-0.0,-0.0,-0.0,-0.0,-0.0,-0.0,-0.0,-0.0,-0.0,-0.0,-0.0
0.005549066517767201,0.17547454108450453,-5.370167467257519e-15,1.2874224267883621e-15,-1.1564691333163532e-14,-0.7104748898222297,0.009153239615057564,0.017860807139453858,-0.8147899118855002,1.0922089708548539e-11,0.007175318594042042,0.0023997284747458176,2.1718512555903282e-14,-0.0952884513145767,0.0016666360542205803,-0.008253707316527588,-0.30954502968939746,-0.0978220131435351,-0.04554175423658194,-0.008136785809858466,-0.017915141718258948,-0.0594832922400625,-0.03372605505161641,-0.05693824890642342,-0.0798896469299432,-0.07169996976399043,-0.0009549520102527814,-1.699910987184731e-17,3.2745215534268693e-15,6.049894868471872e-15,-3.628061667111396e-15,1.9828825623659e-15,1.229598346432771e-15,3.096675695072466e-15,5.274232502215606e-15,-1.0721221321089719e-15,5.12105711405163e-16,5.202711729113403e-15,-2.2578356457345195e-15,-0.004089319906839749,-0.24658854040635683,-0.033651432762099115,-0.010365853531114456,-0.0030413300159394157,0.0002163322931438003,-0.005376947935581279,-0.002626353240485511,-0.003487833018350561,-0.008667877625895364,-0.0030467254801148764,-5.0983197229145325e-5,-2.8092065533982945e-5,-4.3584122792597273e-16,-9.395168824515232e-6,-1.4944254761001452e-16,3.893221214426824e-15,7.996410982770318e-16,4.2546640661508215e-15,-9.684349055343828e-16,2.3855663343668517e-15,5.923441931556516e-15,2.607671896773666e-16,-5.67276525660093e-15,-8.684116166762063e-15,-3.000957468585761e-15,-3.839340508494419e-15,0.0,0.0,0.0,0.0,0.0,0.0,0.0,0.0,0.0,0.0,0.0,0.0,0.0,0.0
0.010044462051400348,0.2880577051940543,-1.467600716875092e-15,-1.6824521818582362e-15,2.545587741705153e-15,-1.1798153797006612,0.13180039133448548,0.05827484638562365,-1.3199185694116378,4.261103207810401e-11,-0.024191246539408056,-0.008090570808752492,-6.459442349316964e-15,-0.11889120507532176,0.00883479290061756,-0.08345706272824666,-0.05161539116011982,-0.5836544397742219,-0.04572628536938357,-0.016207755116602537,-0.032089220279538117,-0.12659140409431008,-0.05793471036824916,-0.10675898413563079,-0.1131311497985166,-0.12471223471373766,-0.001812526273608384,3.0564013308687657e-15,-9.402591514145725e-16,-3.133680976945452e-16,-2.1392196536008678e-16,1.6594702868877252e-16,-1.0010996992056556e-15,4.43734107164574e-15,-4.25336228004628e-15,5.266957495352459e-17,-1.1527779939277632e-14,1.1801619508725562e-14,-3.4911603825174067e-15,-0.018923194853852795,-0.07218902952207393,-0.3330391152360335,-0.00709404600348901,-0.01578524651844934,-0.004460701064900305,-0.027244196952016016,-0.007962227910735578,-0.016596206293745176,-0.029363191034411644,-0.010723720380433819,-0.00012792488609430027,0.000128015967231668,1.5724975377432102e-14,4.2813926341613725e-5,2.2090983551063454e-15,-3.5600974866056323e-16,-2.023731767032766e-17,-9.012576590457724e-16,9.437800542688838e-16,-2.0682916979325738e-16,-3.2770967964618363e-15,-2.083952983213717e-15,-3.557624460408702e-15,7.539492966713628e-15,6.3512141173260275e-15,3.5496774845539404e-15,-0.0,-0.0,-0.0,-0.0,-0.0,-0.0,-0.0,-0.0,-0.0,-0.0,-0.0,-0.0,-0.0,-0.0
0.0015400930257457384,0.041856801385451864,7.058282375414179e-16,-2.6969260893080527e-16,7.231306960506798e-16,-0.1706852296103728,0.014841498620091893,0.007184655314407134,-0.19309397460930508,7.390446910004616e-12,-0.002525863215429144,-0.0008447549473867391,3.1077965352179753e-15,-0.012322797879596595,0.0006408321309629891,-0.0047379924329513335,-0.03372250783196109,-0.03220822291966437,-0.03845100697206154,-0.0020462205039456444,-0.004183409824610041,-0.016307479236987586,-0.010239439349703951,-0.01522412810479211,-0.018376496205178953,-0.017516363390706294,-0.0002526044479178646,-1.1644525031560218e-15,-9.740051877284392e-16,-2.2923841228926537e-16,-2.9433224078668284e-16,-2.252377174003867e-16,-1.1853207846034738e-16,1.170073140986314e-15,-1.988932034716135e-15,-3.9930143203154327e-16,7.728144105281317e-16,-6.68345463466761e-18,9.389531343407912e-16,-0.0017190434294776116,-0.021500625365978385,-0.010295206754683517,-0.03887641047727803,-0.00102531900495631,-0.0004208799015959835,-0.0027131649194485417,-0.0010748868151668513,-0.002233229143367253,-0.003541827788853951,-0.0012157779331225683,-3.111121533974199e-5,1.095802733878346e-5,3.157808232549648e-15,3.6648254551208324e-6,-6.163186304330555e-16,9.137527057645512e-16,8.290925915772575e-16,5.812630252349672e-16,9.73961677589189e-16,-2.8938218416822263e-16,9.697093952854496e-16,-4.077010324922421e-16,3.1288593947852107e-16,2.684992960705182e-15,1.6962523509180646e-15,2.745751262623322e-15,-0.0,-0.0,-0.0,-0.0,-0.0,-0.0,-0.0,-0.0,-0.0,-0.0,-0.0,-0.0,-0.0,-0.0
0.001890245879887116,0.03125310713188795,1.0463719772199417e-15,1.509990881379192e-15,4.077574310427813e-16,-0.12807155722946578,-0.0005101987653751384,0.031771921224639295,-0.14395709516050578,3.0766283254443315e-12,-0.007410277053121182,-0.002478308470508826,1.0178345294996728e-15,-0.01752080552258979,-0.0012610715717120465,-0.002605828949103602,-0.001594851067284646,-0.020024896173054658,-0.0027016220960649896,-0.01265259614651247,-0.003764502910472466,-0.010436896643714217,-0.007781743338181474,-0.053546570067324294,-0.010192766039260495,-0.01405777953775182,-0.00017293216496954444,-1.0475787209885892e-15,1.024761666428418e-17,3.1270317005109487e-16,7.982227988011752e-16,4.041153191026831e-16,-5.360274105641912e-16,-7.866068937263413e-16,1.0356871658710087e-15,7.642802397652686e-17,2.4672173412398842e-15,-1.611102789930497e-16,1.763029831572044e-15,-0.001156397548387329,-0.00540848521163787,-0.0022332795439489244,-0.00061379418261551,-0.02982750469061662,-0.0010338016476369853,-0.00317184627983708,-0.002252754932954219,-0.027801091369309906,-0.006524058620357051,-0.0016173061332863995,-2.1769765970555745e-5,2.1371267215929735e-5,2.9801433406089317e-15,7.147451057056694e-6,-2.1358766934499194e-16,1.380226808915087e-15,1.2711918365459823e-15,8.277296003736893e-16,3.669066204223586e-16,-6.787824771784207e-17,2.3305978141895184e-15,8.625432471043881e-16,-3.4433921563280296e-17,9.339172134209923e-16,1.1192681130055022e-16,1.2742576189669138e-15,-0.0,-0.0,-0.0,-0.0,-0.0,-0.0,-0.0,-0.0,-0.0,-0.0,-0.0,-0.0,-0.0,-0.0
0.0010540470363759947,0.019872515973762106,1.1588236383888935e-15,3.764768223151916e-15,-1.5218463949736664e-15,-0.08198218539768304,-5.503815818864056e-5,0.02187075711761371,-0.09066600312353007,1.8621165815973286e-12,-0.004373304571558083,-0.0014626170770849452,6.239404613503176e-15,-0.01263838976725032,-0.000682674508010431,-0.0018987424329300745,-0.0033505810458517174,-0.011987461266030175,-0.002110622782939327,-0.00089774546698838,-0.03106735222504509,-0.010726781118353696,-0.004276773638669395,-0.007728834322781225,-0.009313820498420182,-0.0077657004850118,-0.00012008370178451477,-1.435002063424213e-16,-1.3256356808068952e-15,9.375035406834266e-16,-5.559769493855379e-16,1.783917289975066e-15,4.978180968437686e-16,-1.5501272433467285e-15,8.090365119746128e-16,1.2101890735556464e-15,2.9249468846133297e-15,-3.663091825284729e-15,-4.594178593128807e-17,-0.0007914985041457554,-0.005409960043331831,-0.002210529782791988,-0.00032208756878527434,-0.0005663415930563624,-0.01830465251360202,-0.002203164423664352,-0.0006236201030480792,-0.0006666270466823141,-0.002630925028964478,-0.0006463530880026614,-1.1784482781480227e-5,1.0385725021995582e-5,-5.23504374412531e-15,3.4734234783593265e-6,1.6209584205339465e-15,-6.734602621845059e-16,1.3458544627620897e-15,1.6785752463362534e-16,-7.93695452141712e-17,1.6687351641880168e-15,1.384319341387326e-15,1.3363736456169162e-15,-7.044965721084848e-16,-2.80316625473863e-15,-3.701718629323645e-15,-1.05879346170807e-15,-0.0,-0.0,-0.0,-0.0,-0.0,-0.0,-0.0,-0.0,-0.0,-0.0,-0.0,-0.0,-0.0,-0.0
0.005461515312923785,0.0985517822553212,5.267657054397185e-16,1.8624045137054028e-15,1.0471464621125532e-16,-0.4034134512167111,0.006608336956362203,0.058066623466786364,-0.45354049912616173,1.0370001269480518e-11,-0.013759004639211014,-0.004601590129314738,-1.6323994095387092e-14,-0.053429743137729066,0.00436781051367346,-0.013428058107011774,-0.01924450585185736,-0.07948703227961981,-0.013474720921905959,-0.00465265455859655,-0.015119434418822592,-0.1546827015207951,-0.025449537519123672,-0.0371875176770327,-0.046691046170433036,-0.044338917459830415,-0.0006481543931054733,-2.8463724786975347e-15,-1.1333741849184741e-15,1.4810892263388162e-15,-3.0162029360688476e-16,2.341087388950688e-16,-5.589195212591471e-16,-3.1758194873404896e-16,7.194619649092055e-16,-9.693309547034682e-17,2.5466555419236924e-15,-4.31855205914241e-16,1.6772562325444226e-15,-0.00720162377369034,-0.030037381946496394,-0.02364160994832629,-0.0037580426935443817,-0.0032338196686170703,-0.0034588104806508083,-0.101976645649938,-0.006604590539508674,-0.004771964917933675,-0.01915621897030108,-0.003949348940618929,-7.217897496152786e-5,3.7057120432434195e-5,4.973576541901479e-15,1.2393460431027174e-5,-4.9908067294041825e-17,2.2106777297459736e-15,2.3045758706947396e-15,1.4941818026424446e-15,1.526361748963179e-15,-2.0989412609131182e-16,3.103580154359499e-15,1.2336912022910804e-15,8.292561791246753e-17,5.939413497053578e-16,-2.9510479071131615e-17,1.9336265303975075e-15,-0.0,-0.0,-0.0,-0.0,-0.0,-0.0,-0.0,-0.0,-0.0,-0.0,-0.0,-0.0,-0.0,-0.0
0.003457702497632208,0.054759640288658804,7.9859438909556715e-16,2.486248434951636e-15,-4.0927493396493353e-16,-0.22433353427853003,0.0014101837219331653,0.042202359515869925,-0.25216569639141073,5.826597693995471e-12,-0.01051828054034482,-0.0035177556212077883,-2.025607684014083e-15,-0.03002248105551605,-0.001618715234652573,-0.005935783796510078,-0.007265314998548411,-0.028162954155686856,-0.006843474947703789,-0.003128589282379185,-0.006275909647857341,-0.022181250094214337,-0.08804273817329353,-0.028451410063477435,-0.027233055191192734,-0.024212985501882424,-0.0002991019436846839,-1.7224723306189331e-15,-4.965860002558993e-16,6.346877901849588e-16,4.520755240305388e-16,3.595431317098081e-16,-4.658009277095173e-16,-1.9810346527132604e-16,8.21257224238618e-16,-2.9770249070471645e-16,2.063396556501735e-15,-1.5217440617567102e-16,1.8329177285217356e-15,-0.003483156285525395,-0.01356368369130242,-0.009283389914250852,-0.0030992871684050265,-0.0018318817760849923,-0.0015065279193105887,-0.006089290121726087,-0.05957673917521827,-0.007538488731850064,-0.012282408040740683,-0.00230839724101626,-4.359123216759179e-5,2.7789058116322103e-5,3.9261107868847915e-15,9.293830394722537e-6,-9.84073615853412e-16,9.048968896592014e-16,1.3513824642896416e-15,9.6783157268749e-16,7.908422201646869e-16,-3.8584039775272017e-16,2.8616688106459888e-15,8.684170304807046e-16,3.5810857789408476e-16,1.228121486929109e-15,4.778959391369114e-17,1.4438854159087913e-15,-0.0,-0.0,-0.0,-0.0,-0.0,-0.0,-0.0,-0.0,-0.0,-0.0,-0.0,-0.0,-0.0,-0.0
0.002077911302517567,0.05143268510159714,2.226670086854656e-15,4.344696705543445e-15,-1.904740962184438e-15,-0.21047136409627448,0.0001762789542950528,0.06740615527919563,-0.23746353983644666,4.36430870314783e-12,-0.012957329157523007,-0.004333476113789414,-5.9633469544820946e-15,-0.03319739598843172,-0.002086321406338523,-0.0034820719379938638,-0.0015736416516494759,-0.016566830513312158,-0.0038982346733333734,-0.014846454134888325,-0.005747839684699018,-0.01560950010490262,-0.013095549849929439,-0.11443439835044981,-0.015437070902899891,-0.020992865589776526,-0.00021948701284633717,-2.309517879638512e-15,-1.238467027325018e-16,6.906079801730128e-16,2.7293354352149598e-15,5.814088872335792e-16,-1.1765016538113621e-15,-1.9133563278214737e-15,3.4321413170098207e-15,9.516039013880097e-17,5.635839932780509e-15,-6.70109393633616e-16,5.688794902994824e-15,-0.0019866033363238043,-0.008683123375031297,-0.005896342734878292,-0.0009619355273980458,-0.0007530244403190153,-0.002107060312653533,-0.005540274889744283,-0.003942454297974245,-0.062151006365332835,-0.011146157868459836,-0.00253283917870264,-3.096129904557787e-5,4.7380615835193466e-5,9.412559776402342e-15,1.584607170742546e-5,-2.143414920740773e-15,2.785031446095195e-15,2.9984680670187885e-15,2.114172652383159e-15,7.566781737292696e-16,-5.259478834431991e-16,6.700199168954158e-15,1.9690064357421803e-15,2.244258857642412e-16,3.886537573524888e-15,1.2250798584458482e-15,4.011818507308303e-15,-0.0,-0.0,-0.0,-0.0,-0.0,-0.0,-0.0,-0.0,-0.0,-0.0,-0.0,-0.0,-0.0,-0.0
0.009672149502641399,0.1283438336892281,1.8587424999403538e-14,7.656905619116355e-16,-2.751858941312749e-14,-0.5257958277262403,0.010659065437418768,0.049475916434241166,-0.5889490652405089,1.1816181590246471e-11,-0.01956716014781921,-0.0065440817381592995,1.3152133623303604e-13,-0.0841540034072752,-0.0011345744391324094,-0.02278141479342123,-0.049940732846065046,-0.1041748061890315,-0.02051836778212449,-0.0068504231504023265,-0.01937067006499612,-0.06875365805533415,-0.04404790399402872,-0.06109743098628302,-0.12359958026261461,-0.06563664514011364,-0.0005480739308860108,5.484587785144527e-14,5.5580532269046124e-14,-1.0098349333499781e-14,6.80130078343354e-14,1.2324460183509049e-14,-3.072180158728604e-14,-4.908431307690922e-14,5.537826227126908e-15,1.6617731272466155e-14,-4.4356368599469996e-14,4.3027299876171444e-14,-8.914258941575515e-16,-0.015462526937617823,-0.05772236531403966,-0.036289963912096754,-0.007255901104672195,-0.005602215827893905,-0.00432155673171659,-0.01985743432645475,-0.013926996106721318,-0.010431687314192837,-0.1250591259793106,-0.0074221689384778265,-0.00012653128868123228,0.0002673591543519902,8.917967909556395e-14,8.941615168007074e-5,-2.1161644330289736e-14,-7.721500220642534e-15,-1.9072397182335497e-14,-2.7600029346144574e-15,-1.7172018263215467e-14,-7.978332610371992e-15,-2.1055767546224145e-15,-1.3991992469311539e-14,1.5571319264849336e-14,2.786872633554837e-14,1.496470736594388e-14,6.138326163822763e-15,-0.0,-0.0,-0.0,-0.0,-0.0,-0.0,-0.0,-0.0,-0.0,-0.0,-0.0,-0.0,-0.0,-0.0
0.0013584974358120604,0.019777375824023478,1.3044691454225918e-15,1.511827330272188e-15,-2.2846259965415647e-16,-0.08123457581782324,-0.001367931398912146,0.024257140026705593,-0.09104129187705357,1.3602720322200389e-12,-0.005771510525017049,-0.001930235984327737,-3.7650737551445086e-16,-0.014811378142114195,-0.0011989493935101057,-0.0011627265325251449,0.0009621737001719885,-0.011082155950717328,-0.0015958049628324602,-0.0007072485578572557,-0.001429910708803746,-0.0052551614888376105,-0.0032180768753210824,-0.006912414434082935,-0.005938967249493093,-0.05504705172689701,-0.00010785341633995937,-1.5730283515491431e-15,4.676880502128332e-17,7.582788718733357e-16,1.3010249002784654e-15,2.2131514550750679e-16,-6.90553842898373e-16,-8.7748247377142355e-16,1.1680602714854007e-15,3.196777936387781e-17,2.9140448210054248e-15,4.671582422417314e-16,2.7794312817750885e-15,-0.0003435519986610679,-0.002258171535412611,0.0003258830476626252,-0.000147279953596162,-0.00029440606994271404,-0.00011648180163587018,-0.0010139319753394013,-0.0006698570894587755,-0.0004251320843148801,-0.002117309503384708,-0.01766382128796627,-1.1051267893705603e-5,2.5391130304949436e-5,5.299145919854164e-15,8.491862430555699e-6,-1.0548108357445288e-15,2.2958966887988712e-15,1.3976976801240267e-15,1.4127726725508547e-15,1.730895585973585e-16,-3.922084212496506e-16,3.2429939549180787e-15,7.460457921868192e-16,-2.0210161015871137e-16,2.3550500400571714e-15,7.288174342095038e-16,2.357931256716381e-15,-0.0,-0.0,-0.0,-0.0,-0.0,-0.0,-0.0,-0.0,-0.0,-0.0,-0.0,-0.0,-0.0,-0.0
2.2046717775080802e-5,0.00021539681918300335,7.455293988885067e-18,3.57050995652919e-17,4.746926473946644e-17,-0.0008930180825553712,4.2346641728871225e-5,0.0002251844546452766,-0.0009795372121029382,-1.7031493216717187e-14,-8.384022804889182e-5,-2.8039700250505117e-5,1.0298529372038633e-16,-0.00020850687140656324,-5.130348870752916e-6,-4.5983140590009114e-5,5.90341441250495e-6,-0.00015154456647460478,-4.766882363324416e-5,-8.457655607240135e-6,-2.3080559771757924e-5,-9.66054585215874e-5,-4.2989242529281866e-5,-6.544717167553521e-5,-0.00011480447427215934,-8.400571920673138e-5,-0.00033656209627214916,-2.6990004566506562e-17,2.383845742393366e-18,2.5086698764846176e-18,1.8822184850334355e-17,-9.481609991293322e-19,1.5471542717913306e-18,-2.9944789369203573e-17,4.233922846797162e-17,5.1385521845815874e-18,6.218498614257554e-17,6.5705260607080515e-18,2.7188174219559578e-17,-4.566416230277665e-5,-5.183833354164465e-5,-8.360028509687863e-5,-3.992932864357657e-6,-1.2332794985325362e-5,-9.71005250994375e-6,-3.621711787813439e-5,-1.284748683913271e-5,-1.5360328578726983e-5,-4.022071509901704e-5,-1.7396759470731307e-5,-0.0002082438234400418,2.938338429490766e-7,1.39627737792689e-16,9.827040157739327e-8,-9.752627371630164e-18,3.5597945591346154e-17,3.0965662939173496e-17,2.16739787071168e-17,3.2875015983261713e-18,2.8018410671579733e-18,6.617330838392136e-17,2.6615244485179963e-17,-6.429740188037394e-18,2.0024581385034206e-17,1.9201223674500106e-18,2.2743911506163914e-17,-0.0,-0.0,-0.0,-0.0,-0.0,-0.0,-0.0,-0.0,-0.0,-0.0,-0.0,-0.0,-0.0,-0.0
0.0022060044841889044,0.08810991228258643,1.914064392385432e-15,2.7974243719000457e-15,-1.4368132911319576e-15,-0.36115091328598264,0.05576623141095185,0.012917983492580422,-0.4029540506215483,1.0122361183959589e-11,-0.006843570708040974,-0.0022887780217537633,-3.3845129321753306e-17,-0.045213636440647825,0.00017053816251091637,-0.10449501842727757,0.005759180481701157,-0.13522025909690166,-0.011604232454450069,-0.004499527574000449,-0.00864585310398895,-0.033317587227724675,-0.016248429795371548,-0.028880833105623255,-0.036362594923782195,-0.0343807678321597,-0.0005768497517950752,-1.3182584977905638e-15,-1.115856751099656e-15,-2.0838120051777837e-16,-2.452553754708527e-15,9.338269882832791e-16,-8.520115539789832e-16,-5.735849067009252e-16,-7.212951335983796e-16,-2.4712504900794623e-15,1.182412031263481e-15,-1.960862849278652e-15,1.5673538420441952e-15,0.001925849077350298,-0.017258082219403333,-0.07146409344526905,-0.001570484361954943,-0.00345437544208655,-0.000986368042122306,-0.0055947692897606385,-0.001519362741361395,-0.003500134115393087,-0.005862899103286797,-0.002301136232384724,-2.676527851182931e-5,5.599882158507858e-5,7.619764589074795e-15,1.8728362359983258e-5,-1.2659209161798532e-15,9.398235471927619e-16,1.7854320634547626e-15,6.325548431333069e-17,2.527651419707513e-16,3.221568247172986e-16,5.000059810442644e-16,7.963023888841615e-16,8.3892097133368025e-16,-6.727007725715938e-16,-1.0797833769115072e-15,1.6395686234972114e-16,-0.0,-0.0,-0.0,-0.0,-0.0,-0.0,-0.0,-0.0,-0.0,-0.0,-0.0,-0.0,-0.0,-0.0
0.0026245285721287763,0.19257881363610158,2.1418671261591683e-16,1.1485623386681589e-15,-5.1870738574013464e-15,-0.7771463429031983,0.016256852683610094,0.014171641220722063,-0.8967137555901327,6.181177713149136e-12,0.01749291781633162,0.005850367818545508,1.2533408349358361e-14,-0.11623182428234785,-0.002870351447685713,-0.006025704672732085,-0.4045572382942342,-0.08817733527290196,-0.04230183059424843,-0.009447235529502654,-0.016982954283989007,-0.0564581366628388,-0.034036728695419696,-0.06042615301406344,-0.0690213961875122,-0.0725238078821042,-0.0010253379103692555,5.630250945261173e-16,-2.295769012256016e-15,1.6095209078957843e-15,-1.4885920713162894e-15,9.78470818950238e-16,-4.222584699471196e-16,3.898843516303106e-15,-1.7301778847608734e-15,-5.383403752277019e-16,-2.6447652007579847e-15,1.4981703622760408e-15,-1.2842240736985839e-15,-0.004251462150224813,-0.04773577618876344,-0.046713935130565834,-0.014432199333899116,-0.002988250861401256,0.0006670448836442024,-0.0039542504564737384,-0.0010506109392991896,-0.0029509891811677308,-0.0043632115365817535,-0.001663732168873729,-2.8402940382620857e-5,9.831387548109308e-6,8.882672844141962e-15,3.2880296957967365e-6,2.0462711040826792e-16,-1.995092507865741e-16,1.5817099861521866e-15,4.481586422740993e-16,1.60653384276769e-16,1.18162784176296e-15,6.100007967165415e-16,1.8824372910290037e-16,-1.9177493858817293e-15,7.22771404557621e-16,-9.857733774646044e-16,3.7753868727135957e-16,-0.0,-0.0,-0.0,-0.0,-0.0,-0.0,-0.0,-0.0,-0.0,-0.0,-0.0,-0.0,-0.0,-0.0
0.011561028593421986,0.39333053836977566,1.8598295748147756e-15,7.989461928927791e-15,-3.800135867668462e-15,-1.6151428098832803,0.2520783061310054,0.09206688508941921,-1.7977856340186424,3.390820847573923e-11,-0.04625037100718771,-0.015468070277209268,1.4290555659039956e-14,-0.24894611068773775,-0.010449359753558447,-0.0905625333410743,-0.04608671820667906,-0.8843385941872552,-0.055670942132162615,-0.024126915821021833,-0.04371267751456165,-0.16303561572233918,-0.07513341660336254,-0.14869767851068294,-0.14180358006129629,-0.16903871738988238,-0.0022819774844467303,3.9309989427278624e-15,-1.430845141238756e-15,-4.0793287253340915e-15,-2.0998834670120535e-15,3.016655257101889e-15,-1.8010709362503088e-15,6.0923373399461125e-15,-7.522168662181655e-15,-3.018357574816343e-16,-8.413446503008275e-15,4.424393192132207e-15,-1.6145327614241603e-15,-0.04497159109756722,-0.12544783129901074,-0.11642436877027383,-0.012935692467392523,-0.027457985573655343,-0.008448259623876023,-0.046698496345260514,-0.011649374405571327,-0.028448982480084546,-0.044453291424529584,-0.01660016521865059,-0.0001832465949272504,0.0002403507739526164,1.8242314310564513e-14,8.038341274645872e-5,4.188285098673369e-15,-1.3480976521551374e-15,2.8540225399050804e-15,-9.18426358476143e-16,2.399045204615076e-15,1.1881048668230185e-15,-3.1387880537757386e-15,-7.172036438295496e-16,-2.8009122485434515e-15,3.424922865423533e-15,3.717078196005282e-15,3.504691958941421e-15,-0.0,-0.0,-0.0,-0.0,-0.0,-0.0,-0.0,-0.0,-0.0,-0.0,-0.0,-0.0,-0.0,-0.0
0.0020504984427854147,0.06535510054731147,-7.607560654788086e-16,1.6207804391572707e-15,-7.853548405660712e-16,-0.2670298787573053,0.033667555536022006,0.012692460885283878,-0.30096447341342497,6.974177631946721e-12,-0.005674180552951977,-0.001897684746032626,5.429684479807406e-16,-0.034826556442066225,-0.00015904143988128023,-0.00785301020740941,-0.05392508756290599,-0.051275987478049664,-0.06701142281385498,-0.0033737376479078688,-0.0066687225114634655,-0.02369428670348403,-0.013112519839247747,-0.02438613004106022,-0.024426271726514376,-0.026802747431998123,-0.00040220806869640353,5.321892644474784e-16,1.195611113205216e-16,-3.0616404746912466e-16,-6.886289822545776e-16,3.8740122342279077e-16,-3.336152531451227e-16,1.0666062496874567e-15,-1.0451314103994455e-15,-1.7041233370532643e-16,3.482837940050761e-16,-3.2533872965152e-16,-6.089816370975267e-16,-0.0036584808259202597,-0.04596350387105763,-0.02336759381997757,-0.009138254826838322,-0.001906861216344217,-0.0009059258183413393,-0.005162203030912471,-0.0018363015089248366,-0.0044277486299102616,-0.005928880803210999,-0.002037810764397357,-5.733765996635861e-5,4.147308250988124e-5,2.5240226575462543e-15,1.3870343974012821e-5,6.398113303412119e-16,-2.1519380385473663e-16,7.36852810632895e-16,-5.198440684267925e-16,6.28960966530151e-16,1.4055737474856076e-16,-1.0642599660201203e-15,1.6611770183692932e-17,-2.416799722053802e-16,6.981295960072339e-16,8.270944553212906e-16,2.882190371623884e-16,-0.0,-0.0,-0.0,-0.0,-0.0,-0.0,-0.0,-0.0,-0.0,-0.0,-0.0,-0.0,-0.0,-0.0
0.0018006976244906757,0.041588344219482376,2.669350215231682e-16,-3.833938653954376e-17,1.0058022202957888e-16,-0.17018420988542904,-8.938961741848314e-5,0.052083852392523215,-0.19197829328402094,3.6256194514364243e-12,-0.010231753745862422,-0.003421929004106323,3.982243969317228e-15,-0.024079714825494536,-0.0016834190290714985,-0.0029453806631665833,-0.0014234493905781673,-0.015449709715008697,-0.0031047850830218417,-0.014909080267707032,-0.004721200192473544,-0.0128142435774794,-0.010005999508098107,-0.08814715535947384,-0.012125482503005172,-0.017361413294487114,-0.00019591100664157087,-1.8783739830027672e-16,7.282094246201536e-17,5.508994616932638e-16,3.89017272764845e-16,1.6318474565835568e-16,-3.5591583015264087e-16,6.384076938025798e-16,-4.068328261017423e-16,-2.9770788353038625e-16,1.5836296097843457e-15,-4.024553958273264e-17,-2.7159809589053883e-16,-0.0015696073270704616,-0.006989047635351589,-0.004423083375374875,-0.0007820217343122498,-0.00689835442960105,-0.001630075314096225,-0.004396196321676933,-0.0031395528150709,-0.04768719506435906,-0.008891047582417523,-0.002044703425796728,-2.536640068271561e-5,3.705242223968696e-5,-5.051186775841482e-16,1.239188915816442e-5,3.18820395582966e-16,-7.773842329303578e-16,1.4774900647499917e-16,-4.2699743756948494e-16,2.892987390955844e-17,4.2409817837617816e-17,-3.078892688811123e-16,2.0715087370691364e-16,-1.1646191241784514e-16,4.8052268670026275e-16,-1.0456073167255091e-16,-5.992584743565014e-16,-0.0,-0.0,-0.0,-0.0,-0.0,-0.0,-0.0,-0.0,-0.0,-0.0,-0.0,-0.0,-0.0,-0.0
0.0004355339813221156,0.024730271403030066,4.3896050983610956e-16,1.0816435125018484e-15,1.6068749331843733e-16,-0.1021346834931794,0.0006469049264887139,0.03754396059001501,-0.11260463042159187,2.1775844883136968e-12,-0.005313342648918976,-0.0017770053668894588,1.3027067433190035e-15,-0.016376069538597698,-0.000951376252194881,-0.0019462959475213212,-0.005361081051508841,-0.01064972790357239,-0.0021361993369699316,-0.0011500844166206507,-0.055216545064013044,-0.010073185343555653,-0.003850698540365169,-0.0070378322486431555,-0.008332310400145187,-0.007459878515488384,-0.00011265386124503806,-6.319018022308749e-17,-3.6536440005706154e-16,-7.316845151026969e-19,-4.91113345323775e-16,6.256647068670984e-16,-1.639460475360229e-16,2.0086569743133058e-17,-1.2135343022086785e-16,2.2048684284685088e-16,2.7481674691543897e-16,-9.276477880368053e-16,-1.9521199830750598e-16,-0.000988605644142321,-0.007548128184967016,-0.0034487263950176827,-0.0003135283233408309,-0.0006765963730679077,0.0037576025552667073,-0.003082444367218568,-0.0003762095642274813,-0.0006809421717678542,-0.0024637772874277156,-0.0004134600528406518,-9.120836001830395e-6,2.3868998763587645e-5,1.641152024983792e-15,7.982797592265228e-6,7.18115550047403e-16,-1.7522923622554618e-16,5.1925372708131e-16,-1.6872069547793545e-16,9.376553042533859e-17,3.190622611610042e-16,-1.1590511038536115e-16,2.5404718320765884e-16,-3.0041683750424677e-16,-5.248273100434956e-16,-1.0820147406713858e-15,2.9897917037881133e-16,-0.0,-0.0,-0.0,-0.0,-0.0,-0.0,-0.0,-0.0,-0.0,-0.0,-0.0,-0.0,-0.0,-0.0
0.005567024956563829,0.14110736880657468,1.432222801902356e-15,2.0361310812621814e-15,1.616403945615996e-15,-0.5774639808274642,0.01599529168408684,0.1022997828169305,-0.6495439046356247,1.374890097113742e-11,-0.019103356975404242,-0.006388966440514821,-6.63100785180949e-16,-0.0799337556413752,-0.0005503139305662605,-0.020831117803445088,-0.03330895027923731,-0.10651518315180984,-0.019253065691916618,-0.00704459630649176,-0.021174453675693462,-0.2392540041794148,-0.03517420568636837,-0.05002044195707151,-0.058448473014108056,-0.05869668585019894,-0.0008534263816282245,-1.3592702109203974e-16,-7.776790083847695e-16,-3.9527797756338956e-16,-6.54637324472894e-16,-2.045904469241798e-16,-7.341337400084945e-16,2.036132346323422e-15,-1.4745249954454122e-15,-8.566347699212588e-16,2.6287427808863137e-15,-2.6769685671379985e-15,-1.717685823239607e-15,-0.012492933252967823,-0.050148566564394245,-0.045347005061701924,-0.00641442331851227,-0.0050355800528792205,-0.006379754360520532,-0.043289681733108765,-0.01028395214748478,-0.007412413329361706,-0.02932314166899947,-0.005114840825624817,-9.841662213888274e-5,8.81951213743041e-5,1.4033113546381776e-15,2.949615982705749e-5,1.540822313933432e-15,-1.6358555023236365e-15,1.434312263694797e-15,-1.8011603719754456e-15,1.2570068215972876e-15,2.1455033946865462e-16,-2.4831116644332235e-15,2.4275206968836984e-16,-6.503111897639727e-16,5.889750954457128e-16,1.5482653838793805e-15,-2.4963802622763457e-16,-0.0,-0.0,-0.0,-0.0,-0.0,-0.0,-0.0,-0.0,-0.0,-0.0,-0.0,-0.0,-0.0,-0.0
0.003432773263979033,0.07666946452198628,-1.8607658177967048e-16,2.1738270022093697e-15,-5.30992231036905e-16,-0.3139747257150255,0.004248768613620547,0.07310654138935234,-0.3531889772672018,7.605138201812971e-12,-0.014419242819866968,-0.004822401559703591,3.3399136225631164e-15,-0.04502844040513505,-0.0019999486636255444,-0.008642552229497653,-0.011971676393369605,-0.039061760908656804,-0.010167411491144777,-0.004865421733033487,-0.00873921056844265,-0.029241098038659173,-0.12957754434093105,-0.04131055796753657,-0.0320249359854803,-0.030806250980398242,-0.0004056433631534306,-4.5929242431053534e-17,-3.59839223962087e-16,3.7474842279681366e-17,2.4406615902231433e-16,5.4209756756447214e-17,-9.031230785755247e-16,1.0235476376445056e-15,-9.51716140561576e-16,-6.449124584499735e-16,1.6618832168882176e-15,-8.074948105178292e-16,-7.415863299342813e-16,-0.005433620457598387,-0.020441069603654743,-0.01474051368719577,-0.005209426079478494,-0.0026852221250691084,-0.002429412060322072,-0.009195044592268003,-0.03271608682444144,-0.013040698274904436,-0.01825723135574082,-0.0027589093224608162,-5.594180437716567e-5,6.417827858485346e-5,-5.301333295201523e-16,2.146391697285112e-5,6.639765370566288e-16,-1.5574528876071644e-15,6.406454358858518e-16,-1.408732607304478e-15,3.3932986520988666e-16,-1.668784414340253e-16,-1.6158234525913941e-15,1.731310989668256e-16,-4.0898125080648654e-16,1.0620360195702478e-15,7.830995920481936e-16,-1.026930837073272e-15,-0.0,-0.0,-0.0,-0.0,-0.0,-0.0,-0.0,-0.0,-0.0,-0.0,-0.0,-0.0,-0.0,-0.0
0.001503417818521203,0.0532360515781381,1.5094602814102173e-15,1.1839374339519073e-15,-1.4810450072193562e-15,-0.2177161474333301,0.0005967508607731264,0.07705759247611664,-0.24593923113985255,4.682832289312943e-12,-0.01334053157055808,-0.004461635125839451,5.8318218894573795e-15,-0.033982249734136674,-0.0022078722688837656,-0.003406589193494654,-0.0014408873914864787,-0.016049175442658575,-0.003515880272491001,-0.006946640109057167,-0.00590979845702971,-0.016012684512142723,-0.012163108285122733,-0.13045355522390478,-0.015815386352120687,-0.020551475154846732,-0.00021607318553365466,6.02011809475887e-18,-7.099586716481874e-17,9.052714124238619e-16,5.817547778499702e-16,3.1263350196630067e-16,-6.753727235269444e-16,1.3197599881667472e-15,-3.37125892299301e-16,-2.1261905117931118e-16,2.2389180692414425e-15,-2.0645119206511022e-16,-2.6862643891850127e-16,-0.0019599405669608674,-0.00861987825886612,-0.005943091419032043,-0.0009488020724808775,-0.0008147165774127054,-0.002331439027979577,-0.005754819233192238,-0.004152429496104802,-0.004210583384466785,-0.011480760003758406,-0.002481121166060752,-2.8263578647458288e-5,6.205375289689848e-5,-2.0816641054012502e-16,2.075338618241708e-5,1.0388460288532195e-16,-1.0972137606296083e-15,1.266445004579159e-16,-5.211616209737934e-16,-3.3780631270154226e-17,1.4197262629297642e-16,-5.495464823736852e-16,-1.289632788282202e-16,-3.992079755134254e-17,9.929817717790185e-16,1.5111067613767743e-16,-9.690513970361685e-16,-0.0,-0.0,-0.0,-0.0,-0.0,-0.0,-0.0,-0.0,-0.0,-0.0,-0.0,-0.0,-0.0,-0.0
0.011639132614518077,0.22931322291649978,-5.120327598984464e-16,5.714430314546602e-15,5.1837306193258775e-15,-0.9368926293578123,0.032327165963339725,0.09758839536499334,-1.0564336373157215,2.2440903196231313e-11,-0.023930914493331717,-0.008003504817797331,9.013614624069435e-15,-0.12344850673526495,0.0002240101831104048,-0.047294689640191435,-0.11932847787467432,-0.1951157388207286,-0.04072297239811492,-0.013281619239144024,-0.034881721761894385,-0.11729748491147847,-0.07647332337688993,-0.10316383182349302,-0.18718662224891433,-0.11096641840126734,-0.0015691275879327674,1.0747581632841915e-15,-3.686192738279589e-16,-2.591417123019703e-15,-2.0756978250455948e-15,1.2817308205372646e-15,-2.3112294156547916e-15,1.8647694771937296e-16,-3.319491554316011e-15,-1.3093122779687005e-15,-2.013733222286074e-15,-1.9019689991466018e-15,-1.7211039583018751e-15,-0.033747302097112054,-0.12330336543393215,-0.08023621966002456,-0.0155286961802458,-0.010897369195207073,-0.009127157742945112,-0.04043339803070841,-0.028261019514338133,-0.021286240566873605,-0.08438616699458373,-0.012016898196914714,-0.00020254644986719732,6.707800823025584e-5,7.364674971841771e-15,2.2433708582423165e-5,2.5937813930787445e-15,-1.4058862325378891e-15,2.2643050900085323e-15,-3.0702469521021624e-15,2.643781913746961e-15,8.555657001490632e-18,-4.0567468003775544e-15,6.524243397738071e-16,-1.2390669068969464e-15,1.012821789490381e-15,2.2242428605207467e-15,9.214362171054853e-16,0.0,0.0,0.0,0.0,0.0,0.0,0.0,0.0,0.0,0.0,0.0,0.0,0.0,0.0
0.00014141980994753696,0.03876357453351774,2.1307537619819313e-15,-1.1015161763760835e-15,-3.690038911662227e-15,-0.15865444436952272,-0.0027083253738816276,0.08227698267235847,-0.1792008576738574,3.2301446654394425e-12,-0.01206738066151555,-0.0040358398877519555,1.0465771502545035e-14,-0.026058481914527833,-0.0026905764784628796,0.000356079359037046,0.006366714218502086,0.0029033281790462875,-0.00011784257429708163,-0.0012057493748057339,-0.00010847648948789904,-0.0029783364975744003,-0.002500045597020246,-0.004941925109371786,-0.0015889029165450908,-0.17502453956167796,-5.856481020580125e-5,-6.818640120970033e-16,-2.5322999572770483e-18,2.3539100441360735e-15,1.0192293083557456e-15,7.14809705910489e-16,2.1835135876003265e-17,2.1112701127869664e-15,-8.792540708585514e-16,-3.7310135888532814e-16,3.667648734266432e-15,1.69802957875665e-15,2.6301365560909542e-18,0.00038008359974715236,-0.00028429606605606347,0.002504801700300693,0.00037669957513761064,0.0001287840234255798,0.00021380670380289382,-3.9894437490208294e-5,0.00013582038906860593,0.0002743026493442658,0.00021086272368714323,-0.0013449835407199195,3.736185401920944e-7,9.050248647772108e-5,3.1022986916618136e-16,3.026783981596822e-5,-8.776407158387118e-16,-5.144298439634948e-16,-3.8401525082616386e-16,1.9348526053263236e-16,-3.659734718423848e-16,1.7798380892318015e-16,5.103122316447021e-16,-5.98060082717109e-16,-3.081398686932636e-16,1.949434892477392e-15,-7.630112241227583e-16,-1.1568777315988114e-15,-0.0,-0.0,-0.0,-0.0,-0.0,-0.0,-0.0,-0.0,-0.0,-0.0,-0.0,-0.0,-0.0,-0.0
2.0393036407812318e-5,0.0004541767850030182,-2.0060728827112042e-17,-7.01147437878374e-17,2.9150530423702313e-16,-0.0018840101110001687,0.00023025530288707226,0.0008924786120195407,-0.0020696940808569613,-1.333482107292736e-13,-0.00022066779886289122,-7.380059762538336e-5,5.289685767739489e-16,-0.0005426273838248553,9.583560287505256e-7,-0.00015057233566660816,6.523362118200426e-5,-0.00019807311938381,8.850730461399567e-6,-2.0450871821456125e-5,-1.4232589276634474e-5,-9.11253224122371e-5,2.4591614818023965e-6,-2.7380618888553522e-5,-7.856083461886417e-5,-5.9341731379298954e-5,-0.0015855175315497149,1.3600683870865319e-17,3.422755969862619e-17,4.3455608733564776e-17,3.31122537805356e-17,-1.2585935637955535e-17,3.2079138714056986e-17,5.0889039786443976e-17,-1.9697466213745018e-17,9.367673561373323e-18,-7.16716326728051e-17,6.945601284162948e-17,-2.1882994420500305e-16,-0.00018359547364878674,-0.0001058662148459537,-0.00033682836037420195,-1.027559177610487e-5,-3.7338813698380127e-5,-3.499495984007458e-5,-0.00010948630231058217,-1.6750440792879692e-5,-3.983523778423791e-5,-5.470703423080148e-5,-3.817667483584701e-5,7.139834991735743e-6,1.1443690997683862e-6,3.857862380246546e-16,3.827251820468226e-7,-1.2236797511497859e-17,-1.9474911180500768e-17,4.495720321579392e-17,9.78391836174675e-18,1.632878887833543e-17,2.4213540239126137e-17,-5.3888664461913606e-17,6.683800924382958e-19,-5.827172674085754e-17,2.7387297603579923e-17,3.0438857347216536e-17,-9.264750451843044e-17,-0.0,-0.0,-0.0,-0.0,-0.0,-0.0,-0.0,-0.0,-0.0,-0.0,-0.0,-0.0,-0.0,-0.0
0.0006169229010993835,-0.07556783593601718,2.4488971033912244e-15,2.4356773422862765e-15,-3.326728555480303e-15,0.30605547864643307,-0.06406212927617186,0.01073094627121358,0.3483010332830364,-5.004491815544177e-11,-0.016497291244077263,-0.005517388396890969,8.812515076634002e-15,-0.10438478276286692,0.005928949920285082,0.07044316527978475,0.01375698465113962,0.17974050959916185,-0.0015787474398095648,0.0005457599227901656,-0.023517707386177963,0.021236945971688258,-0.009336027302146709,-0.05364394688018896,0.2362104162747326,-0.08199044361937037,0.0014990201976192467,2.5064305257963826e-15,3.594516901254308e-15,-1.9985026771481147e-15,2.61826392221402e-15,1.0063927397340039e-15,-1.7110724144580058e-15,-1.7022884871970928e-15,4.1325043963696264e-16,-2.281938239833252e-16,2.7250421317301414e-16,-1.1235860527482767e-16,1.1170830417564298e-15,-0.01548902037760706,-0.0022433767079953564,-0.029238892729452463,-9.97738706489212e-5,-0.00011185000732421115,0.001621338708482592,-0.0014580455915076751,-0.00039520187428869176,0.00030838053042992115,-0.007860786750340893,-6.3226601181621196e-6,-1.6113471562884193e-5,0.00010607153227041189,3.335099071050236e-15,3.547478387321342e-5,-2.6509976545233086e-15,-5.576233115118612e-17,-7.027827040878089e-16,3.611427780817511e-17,-6.423735377735116e-16,-2.4447613523951004e-16,9.05059621092227e-16,-6.272671627715011e-16,1.947094775692342e-15,-2.4651318162012363e-16,4.379209738724799e-16,2.983896571209072e-17,0.0,0.0,0.0,0.0,0.0,0.0,0.0,0.0,0.0,0.0,0.0,0.0,0.0,0.0
0.0003420382484153984,-0.08565426997631582,-3.3348592755871713e-15,-2.108704970950462e-16,-6.273569598709538e-15,0.34504188876143776,-0.0647320418947504,0.010007570333747195,0.3993752055072349,-5.2027782733077295e-11,-0.016815218451196524,-0.005623716633309642,5.579564622080912e-15,-0.10682887129214261,0.004025894253919865,-0.017790796312897803,0.18958554692127316,0.02180344115360579,0.09676856471656001,0.0009735317138555449,-0.013791043654769639,0.02575033520910538,-0.014467131177805514,-0.05333588097796336,0.2368824185995252,-0.0795164524325808,-0.0005275914497161317,3.006545061180212e-15,7.114415598445812e-15,2.202531695090886e-15,2.6819672205362946e-15,1.4210575551408881e-15,-9.75865091527361e-16,-3.0499276427119404e-15,4.4820262353332936e-15,7.075864310753784e-16,-1.5907807498003005e-15,5.004644006279711e-15,-1.5039953236514222e-15,0.0027221929617263886,-0.01550726832433004,-0.0056028247468483715,-0.005296131712456615,-2.6655957892103966e-5,0.0007755721273007209,-0.0013010898559547282,-9.639511139413918e-5,0.00044055428556216827,-0.0073021067068617836,0.00015146953136485695,-3.5946905484952924e-6,8.480817446482173e-5,1.1362092955140688e-15,2.8363422265840447e-5,-1.3047738932563231e-15,1.4639749126041856e-15,-1.7054948318764717e-15,1.7753498022356669e-15,-1.6456912611923292e-15,7.215727805405985e-17,2.190694421634058e-15,-1.2712042088994677e-15,-1.4288668607926743e-15,-3.3710311735831696e-15,7.200433041231567e-18,-2.4427410535107917e-15,-0.0,-0.0,-0.0,-0.0,-0.0,-0.0,-0.0,-0.0,-0.0,-0.0,-0.0,-0.0,-0.0,-0.0
0.000688116599867372,-0.07204419421273595,-2.7539407566121743e-15,-5.636507431579798e-15,3.578605989433531e-15,0.2928587086978464,-0.06381756178717787,0.010962418318428382,0.33009473375085313,-4.952560523617135e-11,-0.015766352273570854,-0.00527293164728985,-1.693385873138993e-14,-0.10131576844479519,0.0067057430997061055,0.10861741278605894,0.0957893341549544,0.17828881290868367,0.018508790885309184,0.0004472197532482746,-0.023499348153828717,0.021922528946412827,-0.018499394356409515,-0.051076010947503435,0.09204538101297205,-0.08353730756985016,-6.590165566116105e-6,-6.708792000307008e-17,3.522994091473278e-16,1.2942429643698924e-15,-9.480914714591199e-18,-1.39746387509771e-15,5.3918287218898665e-16,1.5633490572243742e-15,1.3393571232626047e-15,-8.405705729302602e-16,-3.061991559183667e-15,5.604874308814395e-15,-2.383092679679702e-15,-0.023221167562437393,-0.008938394733695022,-0.029577096187381465,-0.0012547655282833564,-0.00013888592207249767,0.001597267120204692,-0.0015865712884592185,-0.0002322605245541453,0.0002378195118514434,-0.004435148893040272,-4.04788131949335e-5,-9.717269234696737e-6,3.683895788165232e-5,7.790158281242423e-16,1.2320497695976624e-5,-9.84947975546535e-16,6.68719444796274e-16,-1.7524343906496912e-15,-2.112600484757219e-16,-5.741975615593336e-16,-8.162798223520647e-16,-1.4410438133220445e-15,-1.6268917341757575e-15,-3.1332098417923894e-16,3.033586598374173e-15,2.634135756903638e-15,1.9879314964642011e-16,0.0,0.0,0.0,0.0,0.0,0.0,0.0,0.0,0.0,0.0,0.0,0.0,0.0,0.0
0.0002466105061451465,-0.0877243940409455,-8.227800532219633e-16,2.207806098840968e-16,-5.141469620499801e-16,0.35310645837602145,-0.06459978466746506,0.009706414159074417,0.4098821963128546,-5.2203525354563135e-11,-0.016186273375134955,-0.005413370933906165,-5.601294563236642e-15,-0.10490273839555495,0.0035456073309578064,-0.016315852628665948,0.24827081483944427,-0.04259241421280948,0.1814066131970145,0.0011531990232400136,-0.02849000926419781,0.011248221543886848,0.03148743302127043,-0.04983001732564125,0.14511461129641623,-0.07865370205250344,-0.000574422417920741,1.2951261348109896e-15,2.3329341939931952e-15,-7.12496351249811e-16,1.4814762870323258e-15,3.1241433460587443e-16,-1.0928435928624938e-15,-1.0449359526196847e-15,-1.1153527901062527e-16,3.1259866512659865e-16,-1.7546476330032675e-15,8.340902971666657e-16,-9.176427818303602e-16,0.002610625250452873,-0.019982415831029887,0.0037974131858240804,-0.009793916522044857,-3.765276565223959e-6,0.002127815450476091,-0.0007813438248494218,-0.0011058569622394835,0.0004400844473343906,-0.004794669183241939,0.0002104166375062524,-2.1747496076569284e-6,8.503347870748162e-5,3.5505404495461547e-15,2.84387734806656e-5,-9.62356885214628e-17,-8.276650503230597e-16,-4.3075943032623725e-16,-7.101328799094158e-16,-4.446812560696698e-17,-5.506143974598404e-16,-1.2863638692532983e-15,-9.51927931531497e-16,2.230954174604349e-16,1.3259521885690765e-15,1.4788653822509903e-15,8.590159731349882e-17,-0.0,-0.0,-0.0,-0.0,-0.0,-0.0,-0.0,-0.0,-0.0,-0.0,-0.0,-0.0,-0.0,-0.0
0.0003771475649179688,-0.07800973050231402,-1.2352929698391399e-15,-4.660210842382081e-16,1.045306965102074e-15,0.31522084937774625,-0.0633544560383004,0.009978198725673324,0.36109960858120504,-4.9612419788381096e-11,-0.014632251751299922,-0.004893640709773318,-1.1342553973914373e-14,-0.09844368402311472,0.006354729552691106,-0.011571751883239135,0.020456331011671044,0.23984974335579498,-0.007641898795664613,0.1910553735948215,-0.01935506767026558,-0.008293369830157282,-0.007003745965121165,-0.05170017072006675,0.10229476873479011,-0.07980084794475485,0.00010884288073672079,1.1819897120019556e-15,1.522875884627226e-15,-5.462363844593645e-16,1.1420465747311356e-15,-3.7922892361196206e-17,-8.60239401456442e-16,-7.125499463851046e-16,1.2209634386988696e-16,3.1376539749145073e-16,-2.4494712672688445e-15,1.5255071118508437e-15,-1.4244714596139677e-15,0.0009985836408496693,-0.002337143302522429,-0.037390392416804766,0.00026457031162600527,-0.0031296734602324155,0.001308482448461081,-0.0003407562816379661,-0.00027048697430693484,0.0004057749110480722,-0.003860233859942357,0.00014623773265415793,-6.6478325305520564e-6,7.247276387857703e-5,3.457297755550892e-15,2.423794188725846e-5,3.500952499814476e-16,-1.0028654919789646e-15,-4.979881740252543e-16,-1.1568844653142737e-15,-7.994321545903122e-17,-5.833981956596453e-16,-2.0694195197406723e-15,-8.262315033423496e-16,-4.2375675028337375e-17,1.9536927381880917e-15,1.7009275698268228e-15,-7.6354655540349e-17,-0.0,-0.0,-0.0,-0.0,-0.0,-0.0,-0.0,-0.0,-0.0,-0.0,-0.0,-0.0,-0.0,-0.0
0.00030812335455385214,-0.09026618730390654,-3.358968472250292e-16,8.041116357452201e-16,-7.592661513909161e-16,0.3617595552983813,-0.06570965117379271,0.009940280784532976,0.42317821051212146,-5.296909534692619e-11,-0.01734118562222492,-0.005799622187960428,-5.999223313933164e-15,-0.1105492827965466,0.00394910093377564,-0.009693866971879071,0.010447171312531459,0.041316940965569045,0.001864342670341233,0.004611450599711361,0.0069002386898213575,0.1459343679279206,0.01727500890497165,0.03326650344581057,0.2281793470090913,-0.07819192680600123,0.0006013036098267124,2.5658297712577146e-15,2.9023681919304604e-15,-9.918345358682217e-16,2.770556907898013e-15,6.964447777566566e-16,-1.6175192147215925e-15,-2.2857314476279105e-15,1.628702822985982e-16,8.985273908200902e-16,-2.5784675513291347e-15,1.032919038509548e-15,-1.1588921283498397e-15,0.0010889114607308171,-0.001168706366758727,-0.008148956386698847,-0.00014431942062112705,-0.00010584487901166486,-0.0010865213447571144,-0.004769878223166456,-0.0008099352786487704,-0.0007366477892336089,-0.006916013529402605,0.00016616192761706458,-8.446527875995536e-6,0.00011955266946332906,4.320425015712051e-15,3.998344343409482e-5,-3.707860323431712e-17,-1.5437728823204151e-15,-6.963955103866616e-16,-1.2215830069693738e-15,-4.660591241839016e-16,-5.037602870229081e-16,-1.866264061603226e-15,-8.773736033356036e-16,5.930926782406651e-16,1.6565539935632846e-15,1.1520548576131102e-15,-3.4781459727517734e-16,-0.0,-0.0,-0.0,-0.0,-0.0,-0.0,-0.0,-0.0,-0.0,-0.0,-0.0,-0.0,-0.0,-0.0
0.000271406417912679,-0.08900310164848145,-7.745618172662808e-16,5.039690661561434e-16,-6.890663797355686e-16,0.3571651070167935,-0.06488323187551814,0.00975258658352978,0.4169564262691258,-5.241485962271627e-11,-0.01680715042074565,-0.005621018344421261,-1.2292386671696324e-14,-0.10861147609335425,0.004662028530757114,-0.01732729877069687,0.010059140190016113,0.039357674524246135,-0.0024225500874888984,0.0023578403554395744,-0.009506042941571858,0.2999866114436564,-0.0006590256329691907,-0.02326612342426579,0.1800241320691894,-0.07241097565510356,0.00019277096449152553,1.4728309579811672e-15,2.5152161411391733e-15,-4.368175281265155e-16,2.4730990760273892e-15,5.809793261039816e-16,-1.5205460694359263e-15,-2.394929800333278e-15,5.830144099779463e-16,8.708736555625732e-16,-2.4925771695847216e-15,1.5904293830731007e-15,-4.236921426420236e-16,0.0026483006015408928,-0.0010747485264085864,-0.007838036257747606,8.872981285188936e-5,-3.804373015974402e-5,0.0004089668248070159,-0.00926628133065589,-0.0003596590192046397,5.9638135831972264e-5,-0.005611817299305245,0.00015174720814654133,-6.091339261514823e-6,9.804413310990215e-5,5.554504601179298e-15,3.279008379994274e-5,-2.8066303131110744e-16,-4.979457411162834e-16,-3.415651325688766e-16,-4.639151930383326e-16,-1.9534242213907932e-16,-7.104638596258938e-16,-6.882353255140372e-16,-6.097464169679383e-16,6.573425540476779e-16,1.8086078951326134e-15,1.026667293150212e-15,2.9521540378785993e-16,0.0,0.0,0.0,0.0,0.0,0.0,0.0,0.0,0.0,0.0,0.0,0.0,0.0,0.0
6.460651186777977e-5,-0.10576830497926198,-1.1143154586628079e-16,1.2001995053072029e-15,-9.95977926825162e-16,0.42048735071555465,-0.06822732515332657,0.009393083447022487,0.5020533010989023,-5.646282590094292e-11,-0.0193770439453239,-0.0064804988799815255,-6.803014156122142e-15,-0.1189919014619911,0.0003667148650723488,-0.022038425639215816,0.008149902274825496,-0.12139373611364149,-0.014449308815021994,0.0035838340476842738,-0.029531608442682163,0.02295319244208583,0.4506745553524376,-0.013261130328867924,0.24052452688229897,-0.07559012685048656,-0.0005345416294073847,2.4966422722183556e-15,3.3546103328661035e-15,-1.3148008329788138e-15,3.1005987055364717e-15,7.652672265997475e-16,-1.863259359064909e-15,-2.566573141302811e-15,2.5511684511911116e-16,9.116597442891383e-16,-2.6853749858122873e-15,9.174289587353508e-16,-6.28488385180476e-16,0.0040825267901806045,-0.00023954672968905827,0.0163588226353704,0.0008722626401501998,2.435606340008976e-5,0.0022707908315111928,-0.0008326188101651543,-0.01073781742747837,2.7906315698113644e-5,-0.0066835665195110775,0.00030275049956855066,-4.606789724827832e-7,0.00013207586998065774,6.415911943649665e-15,4.4171728662368387e-5,-4.0818630428697753e-16,-1.3671906144543206e-15,-5.969375893166674e-16,-1.0144998928742702e-15,-3.2014669932363336e-16,-7.833099398041847e-16,-1.4382885895307633e-15,-8.521119327235655e-16,9.847365799504342e-16,1.88573025704491e-15,1.2970681032859346e-15,1.0605959553524126e-16,-0.0,-0.0,-0.0,-0.0,-0.0,-0.0,-0.0,-0.0,-0.0,-0.0,-0.0,-0.0,-0.0,-0.0
-0.00015573903701571177,-0.10887207668302634,-6.440390533291981e-16,1.789740093878778e-15,7.008890365215145e-17,0.4318623434098535,-0.06708573060776077,0.008633286875947473,0.5185940430691811,-5.609241892722479e-11,-0.0168137155991268,-0.005623214016334781,-1.17519222660571e-14,-0.11251361964510957,0.0006708665328512019,-0.021937273637747313,0.008229384512243974,-0.1341259598135226,0.006262813213791848,0.5968805115023347,-0.029602917118402162,-0.0359435172943884,0.07019959288792213,0.00793719251206659,0.07952231906708536,-0.0742254619762047,-0.0005328810102027754,5.03555722187504e-16,1.4422111995396482e-15,-1.2192795429018805e-15,1.027887665989268e-15,3.724136189780498e-16,-1.0027461603492225e-15,-1.2859051353561424e-15,3.7628777041954034e-16,3.653479452074244e-16,-5.480708472271923e-16,-8.959129499372627e-16,4.0537929127088256e-17,0.004153185358939231,0.00013073296918235698,0.017842108417353134,-0.00020827016387432455,-0.009533510899557044,0.0023254578095510017,0.0011167277138249667,-0.001709104227142323,-0.00014570773088384752,-0.0020271378248488342,0.0004502069365796419,2.2390412612695125e-6,7.885430008519064e-5,4.37136347951707e-15,2.6372196128976623e-5,3.2741551177533415e-16,-7.00332938543819e-16,5.31069886390993e-16,-8.630513083431017e-16,3.6835181261498267e-16,-5.450079054453827e-16,-9.045158816725333e-16,-1.1582872516197625e-16,3.235183401358479e-16,1.3582489551089623e-15,1.1225695129738896e-15,4.237815619343143e-16,-0.0,-0.0,-0.0,-0.0,-0.0,-0.0,-0.0,-0.0,-0.0,-0.0,-0.0,-0.0,-0.0,-0.0
0.00025063731153913033,-0.09773304619069581,5.01344101116334e-15,2.7767788668704294e-16,-9.147880197141718e-15,0.39021895542538054,-0.06696474039045734,0.00985036060578448,0.46135450275998174,-5.470361852841704e-11,-0.019426240048260893,-0.006496952126967936,2.911705637928183e-14,-0.12054905147048924,0.0019077700557227706,-0.01950138022777277,0.009500861295006217,-0.047206733511151136,-0.009521173499693716,0.004085609469272129,-0.018887123006310805,0.06827676062799275,0.033399586931400736,0.010933875384789744,0.47405824050229417,-0.07818647246118532,-0.0003904979027282747,1.8135508470048213e-14,1.9082577834243438e-14,-3.8929370074560706e-15,2.2667039085354345e-14,3.850821610290605e-15,-1.0226940537957771e-14,-1.6326228791606077e-14,2.2078336345096014e-15,5.806322358611198e-15,-1.5051060625989598e-14,1.3279597460396453e-14,-1.2606851081734222e-15,0.003290347035577703,-0.0008154906023204121,0.005093635732754332,0.0005327410742047434,-5.454248548019918e-5,0.0012547541635047836,-0.002376297671376515,-0.0011538461028403361,-0.0003987565754076509,-0.013014710320213872,0.00019620111859545378,-3.819563476966603e-6,0.00025511616611538745,2.9179521037247815e-14,8.53215812205709e-5,-6.335504953511121e-15,-3.886337111875786e-15,-6.549809272513199e-15,-1.878889965202242e-15,-5.818563538630008e-15,-2.9524926883428725e-15,-2.4183553587261716e-15,-5.050214515871501e-15,5.3299003929597e-15,9.636496098675915e-15,5.442699852395522e-15,1.1821003156458855e-15,-0.0,-0.0,-0.0,-0.0,-0.0,-0.0,-0.0,-0.0,-0.0,-0.0,-0.0,-0.0,-0.0,-0.0
0.00028871765163542744,-0.08588424509221582,-9.155436253523952e-16,-9.036406589062786e-17,4.3970094011208836e-16,0.3445776996856054,-0.06472284094025534,0.009792773521644992,0.4012744686816444,-5.1364444450390755e-11,-0.015878582707508974,-0.005310466227049758,-9.288300165132768e-15,-0.10458793868373198,0.004908296049352802,-0.011388312939141474,0.01214633003298279,0.14923703895936696,0.00755142756812433,0.003888173793953757,-0.021898204736605146,0.009517763442016762,-0.013619433968161804,0.02141895516599046,0.17195577775647303,0.062380651970589805,0.0006378934406475145,1.9424051177995037e-15,2.343883763228286e-15,-9.093223847835063e-16,2.068505514531502e-15,1.763031065543166e-16,-1.3386441566026913e-15,-1.4694220243335705e-15,7.383366810154754e-17,5.4162422353208195e-16,-2.8805011096631023e-15,1.5681751000321217e-15,-1.270149477547976e-15,0.0012312268514588743,-0.0013749764842122948,-0.023753217304650815,-0.0004718098158260275,-8.93609488127995e-5,0.001556660235084077,-0.0007323440112688826,-5.9084660056752885e-5,-0.0005531613683659243,-0.005401746965582508,-0.0007776194487489328,-8.18025835997063e-6,9.643867485668968e-5,4.614121163989888e-15,3.225315100224422e-5,5.246894819886913e-17,-1.2126770192161757e-15,-6.784231253168529e-16,-1.2304312617768724e-15,-2.822332860041612e-16,-7.040912202430715e-16,-2.1146696406879417e-15,-9.57914916507885e-16,3.0699106645170615e-16,2.1572495996536756e-15,1.8076980102578582e-15,2.2924847352608083e-17,-0.0,-0.0,-0.0,-0.0,-0.0,-0.0,-0.0,-0.0,-0.0,-0.0,-0.0,-0.0,-0.0,-0.0
0.0002803364864538477,-0.08811030590542124,-3.0349986401996667e-16,2.94543727761449e-16,-5.111045387871076e-16,0.35374127950418544,-0.06477199803953736,0.009767202605926376,0.412426164956244,-5.2065223291571107e-11,-0.016740224870840013,-0.0055986356243100215,-5.6099586130448954e-15,-0.10730116110730505,0.0036679717456095527,-0.014765566527275042,0.01273602496814728,0.02903505970107027,0.10162856019197175,0.0029168823950992957,-0.011979106180557109,0.08161271915757783,0.026012829408833538,-0.007083441151100652,0.2576906769993366,-0.07436371726867264,-0.0005278076165133542,2.763969348722599e-15,3.1732716825480106e-15,-1.1662225367623567e-15,3.113384062904919e-15,5.410875372323049e-16,-1.817136237836396e-15,-2.2401625064311476e-15,-1.357242079385592e-16,8.527952214165274e-16,-3.153858198180843e-15,1.5926347166291076e-15,-1.1891594449946597e-15,0.002160783280481311,-0.001385325653852878,-0.006267913044987988,-0.005436574421762869,-5.63903429644686e-5,0.0006439476864549347,-0.0028455143951279876,-0.000994096161632629,-0.00016474900426486044,-0.0075960634076374725,0.00016088208140432485,-2.86335038698612e-6,0.00012684684532143894,5.536621872266781e-15,4.24229227795048e-5,-2.45428774871622e-16,-1.539232657952521e-15,-8.923939035220277e-16,-1.2757231653234444e-15,-4.755660921659574e-16,-7.375619985699329e-16,-2.0933730487339064e-15,-1.1537130320509354e-15,7.193064962201548e-16,2.320241220527046e-15,1.7159597733220672e-15,1.135472694600194e-17,-0.0,-0.0,-0.0,-0.0,-0.0,-0.0,-0.0,-0.0,-0.0,-0.0,-0.0,-0.0,-0.0,-0.0
0.05240096047782242,0.27448870770887396,3.424114316882017e-14,4.1882807417342305e-14,-2.8163592060132147e-14,-1.1451117712844556,-0.08170187785758744,0.11594495688209026,-1.242405272921426,-3.8869933342110053e-11,-0.12299006770752095,-0.041133054054934774,1.3289518551995485e-13,-0.4207291184463492,-0.014923114869317735,-0.05656105228363741,-0.012647847644653409,-0.30090900443717666,-0.04985511525031084,-0.010113049938403241,-0.07163190986934817,-0.15395698212157746,-0.1058484323676721,-0.1871342775932125,-0.045571536537895994,-0.28749612637191074,-0.0027838893975012666,-4.639529418901451e-15,7.688758710636531e-16,-1.5835167789045538e-14,-1.2933470568387044e-14,1.0284421535092904e-14,-4.590772273891794e-15,4.355249165260597e-15,-2.0318653507087443e-15,-1.5250653478006126e-14,3.6983042188447913e-14,-3.100227691617633e-14,2.58436675755641e-14,-0.01740472702518158,-0.08768940064056274,-0.04013576991086387,-0.010409198517011654,-0.013031058791300187,-0.005904250564493029,-0.04076755313512174,-0.028143224405754626,-0.020366652207489275,-0.09116739547119274,-0.027117803336800878,-0.0004492421358968939,0.0004330766986539263,6.017052517843702e-15,0.00014483907185642504,-1.843775632786549e-14,1.1958615762485472e-14,1.0215899872907343e-14,7.804148559470166e-15,3.5522293715871734e-15,6.970999460872751e-15,2.4895888809208634e-14,8.665438545089033e-15,1.3442981308281806e-14,-2.3439951461462398e-14,-1.2074550132511494e-14,1.6337243827473259e-15,-0.0,-0.0,-0.0,-0.0,-0.0,-0.0,-0.0,-0.0,-0.0,-0.0,-0.0,-0.0,-0.0,-0.0
0.05240175455382087,0.2744760487761971,-6.6285332738378066e-15,1.10051619864121e-14,-1.3593633513842695e-14,-1.145051222719465,-0.08169826576104595,0.11595465933996182,-1.2423459381652784,-3.890103829198296e-11,-0.12299365749526989,-0.04113425463101462,1.242297212689373e-14,-0.42075438192485204,-0.014918562949009105,-0.056559037693207345,-0.012644774481817772,-0.300893767591787,-0.049850709632298776,-0.01010562789882246,-0.07163156650137142,-0.15392786057198915,-0.1058734999123477,-0.18709744363125455,-0.04556655232261087,-0.28748630254840296,-0.0028058777473159717,2.9446844912993024e-15,8.25678719082058e-15,3.7716013226441495e-15,-5.589430158289921e-15,5.183156871555748e-15,-1.8036477558092688e-15,2.9438278505399074e-15,7.336509327472424e-15,-1.2123666469621856e-15,-7.82647392526331e-16,6.280784563524632e-15,-5.172078515331422e-15,-0.017406243761179434,-0.0876965617179456,-0.04012254042613007,-0.010409500101318473,-0.01302872995449361,-0.005902839260720842,-0.04076716100517203,-0.028140194718471595,-0.020364445560619088,-0.09116663411884518,-0.027116841584718006,-0.00044897259251280614,0.00041712281645890224,7.572765113284273e-15,0.00013950342231378658,5.671708949899235e-15,2.895362437103281e-15,1.84579869589867e-15,1.7196876954399165e-15,8.212148823649129e-16,4.29403463997902e-15,3.3339144550157525e-15,1.0258234768485162e-15,-9.647936223253106e-15,-1.0544663307776056e-14,1.9416278639925998e-16,-6.907736505379773e-15,0.0,0.0,0.0,0.0,0.0,0.0,0.0,0.0,0.0,0.0,0.0,0.0,0.0,0.0
0.05240202358614126,0.2745026795849562,-1.4685012282581907e-15,-5.709630748925945e-15,3.842795855912671e-15,-1.1451649352149238,-0.08170926568972912,0.11597017868794599,-1.2424764271361532,-3.885295769798649e-11,-0.1229855582677619,-0.04113154590849585,-1.8121746563400796e-14,-0.4209712162621893,-0.014917529395914527,-0.05656403577195787,-0.01265006029181882,-0.30092600183648216,-0.04985180744919563,-0.010106356777231533,-0.07163753941724547,-0.15396604550789839,-0.10585138113350602,-0.1871473762217561,-0.045576556570045834,-0.2875040829318276,-0.0027868987598626683,4.107358648320766e-15,-1.072655714087886e-15,1.1568550462211042e-15,-4.933147085160323e-16,7.669839692996945e-16,-1.232987666034134e-15,5.990266084103783e-15,-3.297748855155723e-15,2.4123015782411435e-16,-1.4790400336421777e-14,1.9308969215820206e-14,-4.626386491308757e-15,-0.017406337299225284,-0.08769430014043222,-0.040111536527011236,-0.0104096898838777,-0.013028371436632744,-0.0059017374404763635,-0.040763863551183464,-0.028139754335240488,-0.020363306661083897,-0.09116622486835971,-0.027118244948907164,-0.0004490730020197838,0.0004318333230086474,2.1261600933098746e-14,0.00014442323472465602,3.527871225566811e-15,1.4727912323451693e-15,-2.208717230393622e-15,-5.675037744072955e-16,1.3859943625655096e-15,2.9181740590332374e-16,-3.188245446053292e-15,-2.7172740394702008e-15,-4.354421890146367e-15,1.2260470512603082e-14,8.631526382843277e-15,4.080325242567103e-15,0.0,0.0,0.0,0.0,0.0,0.0,0.0,0.0,0.0,0.0,0.0,0.0,0.0,0.0
0.052403733889685854,0.27449096608377865,7.310534362144207e-15,1.3229009764183815e-15,7.763592450036402e-16,-1.145104997460162,-0.08171225697489728,0.11596455382729788,-1.2424045946967532,-3.8771429409338905e-11,-0.12298709368927489,-0.04113205941805372,2.066643045243113e-14,-0.42085893420458875,-0.014917875364823838,-0.05656083261688378,-0.012648217483935551,-0.30090820700425225,-0.04984761030816216,-0.010102736089409816,-0.07163239418464486,-0.15395452476702556,-0.10585786685238063,-0.18713300693712034,-0.04557171940109945,-0.28749268483647117,-0.0027911202280567955,-4.863954504657967e-15,-4.565375363292369e-15,-2.767557741409956e-15,-1.7482354830011497e-15,8.53541931630296e-16,-2.4105368291340237e-15,8.082834470940988e-15,-1.3860977762309737e-14,-1.896217301127342e-15,2.0621538051438617e-15,3.396227603252113e-15,6.338293643352146e-15,-0.017409232880706473,-0.08769328918657786,-0.04012686758194933,-0.010411877068097874,-0.013030798996944823,-0.0059035581958773835,-0.04076810357720715,-0.028143129822462323,-0.020367190653227025,-0.09117440049373918,-0.027121161726652982,-0.0004491489686425112,0.00043939420977806093,3.16667291564062e-14,0.00014695191342294696,-1.910049286170519e-15,6.3286467125238806e-15,4.634447529500056e-15,3.4689366831748623e-15,7.507296507301626e-15,-8.628866707555728e-16,6.1459460462792385e-15,-2.9591257067011048e-15,1.600674650093647e-15,2.0586326986435836e-14,1.2640386229804831e-14,1.8454737619918983e-14,0.0,0.0,0.0,0.0,0.0,0.0,0.0,0.0,0.0,0.0,0.0,0.0,0.0,0.0
0.05240519175767916,0.27447615931944447,9.914708410012627e-15,1.5708545260285183e-14,-1.892024766267252e-15,-1.1450454373071994,-0.08169740033931257,0.11593736860916812,-1.2423375876970768,-3.877841112635639e-11,-0.12298819410987745,-0.041132427445018854,3.9831061546446955e-15,-0.42083141875532376,-0.01491594025894085,-0.05655903090581278,-0.012646137406107615,-0.30090618799894825,-0.04984335273610526,-0.010091437603383201,-0.07164197889976257,-0.15392491648536547,-0.1058784371194648,-0.18708731750951127,-0.04557008302843477,-0.2875018729175244,-0.0027861600433167896,-6.42272217692063e-15,8.91482258721871e-16,1.992034150800321e-15,6.920858951970698e-15,6.023397679044622e-15,-6.0935536505783896e-15,-6.678276888363509e-15,7.685850388233768e-15,1.577046582962949e-15,1.8394958015757574e-14,1.9558179755947257e-15,1.6166657750087106e-14,-0.01741137339333389,-0.08769990460482499,-0.040138690019411255,-0.010413455726012514,-0.013033031218671567,-0.005902844073605942,-0.04077467554876211,-0.028146976801410987,-0.020370603495183208,-0.0911850583591959,-0.02712222335979221,-0.00044925676805235217,0.00043813831006612645,3.623429002593725e-14,0.00014653188770103004,-3.177222762742137e-16,1.2531448535664147e-14,1.0474037725961258e-14,7.547602006756367e-15,4.082660575510884e-15,1.4585820043708364e-16,2.0562719276749652e-14,6.964904131508819e-15,-8.746169299517337e-16,1.055098707779002e-14,1.3576650658778355e-15,1.2285210269377963e-14,0.0,0.0,0.0,0.0,0.0,0.0,0.0,0.0,0.0,0.0,0.0,0.0,0.0,0.0
0.05240347719739283,0.2744838670349979,1.5504709884102624e-14,5.129805961057334e-14,-1.805040162351054e-14,-1.1450790742261343,-0.08170919419710838,0.11596515785718983,-1.2423741852982533,-3.877190775108143e-11,-0.12298963036268995,-0.04113290778843549,6.345461297093588e-14,-0.42086577916119117,-0.014916805251968087,-0.056559769660912224,-0.012646539822084364,-0.30089978217160596,-0.04984767343937465,-0.010102048638251362,-0.0716300006975371,-0.15393895019450132,-0.10587301895165341,-0.18711044700882112,-0.045568923464195776,-0.28748179387524253,-0.0028144004363617548,1.3164982719288861e-15,-1.4416021846218786e-14,7.280679097383472e-15,-6.870198072801602e-15,2.2610578960131236e-14,3.151294476154511e-15,-1.7578954435851852e-14,7.402479302761608e-15,1.4434536709927132e-14,3.159115004115679e-14,-4.315398544275061e-14,-2.1121200643433874e-15,-0.017407381331171163,-0.08768560128222344,-0.04011767122569952,-0.010409814747544462,-0.013029495176567292,-0.005903926806340783,-0.040769210089907144,-0.028136778252679948,-0.020364545487498505,-0.09117381656786833,-0.027113951459486068,-0.00044902791022595094,0.0004265395278684784,-5.2288994585990886e-14,0.00014265276686772818,2.3497230233959037e-14,-9.948544493176285e-15,1.647063355625925e-14,-1.1508145490361424e-15,9.753650928346614e-16,2.0623882739444787e-14,1.2525562090018832e-14,1.6055110088737177e-14,-9.262088440091039e-15,-2.913505082175103e-14,-3.9992837105334945e-14,-1.3824059374006155e-14,0.0,0.0,0.0,0.0,0.0,0.0,0.0,0.0,0.0,0.0,0.0,0.0,0.0,0.0
0.05240367688322283,0.274473815746606,4.271748469209817e-15,8.567243231845639e-15,-2.9381268996263612e-15,-1.1450467183996338,-0.08170048313454557,0.11595054637550552,-1.2423351022726106,-3.881970885101868e-11,-0.12299030862205529,-0.041133134626875234,-4.4940664511175015e-14,-0.42081838104095515,-0.014916816245316517,-0.056559193953501175,-0.012645876130852194,-0.30089721476820763,-0.04984380892908212,-0.010097394702582545,-0.07163486238786419,-0.15393176389360014,-0.10586966230790619,-0.18710107719000305,-0.045567585974338756,-0.2874798616598822,-0.0028090596609760903,-5.539764139649471e-15,-1.584270041497765e-15,3.5367570562917136e-15,-8.263756734163819e-17,3.3375454749722747e-15,-3.536208669116543e-15,-1.4031041842748782e-15,1.5096926180057267e-15,8.43939547459143e-16,4.8687494890685566e-15,2.788079470897787e-15,5.826864859382157e-15,-0.017409773201394026,-0.08769797455007261,-0.040132724471897384,-0.010412066397497966,-0.013031216983690357,-0.005903153754237548,-0.04077111321491724,-0.02814373467125847,-0.020367902411906495,-0.09117619419342475,-0.027120505041557334,-0.0004490407990473528,0.00042248420086397377,2.5955426154182817e-14,0.00014129649486341027,1.3388173926683492e-15,7.519785005396263e-15,6.139279313909235e-15,4.818918471511309e-15,5.3759392208524026e-15,3.6374787026344003e-16,1.0351944075080498e-14,3.5906655660390336e-15,1.197590591329508e-16,5.079153001480688e-15,9.841785550536532e-16,6.598608772976639e-15,0.0,0.0,0.0,0.0,0.0,0.0,0.0,0.0,0.0,0.0,0.0,0.0,0.0,0.0
0.052405965242421644,0.2739236597169516,6.9197957465114915e-15,1.681440976046545e-14,-5.769553621792826e-15,-1.142892261328279,-0.08158256779638538,0.11592551641453991,-1.2395554909877258,-3.860777606460679e-11,-0.12311382296668091,-0.041174443021192345,-1.6972047330649994e-14,-0.41330596861081853,-0.014880046808476986,-0.05647611364203149,-0.012558008375027246,-0.3003647011484449,-0.049743618786393766,-0.010065370878881553,-0.07154104062146789,-0.1536138361966121,-0.10567540836764049,-0.18676776596055855,-0.04535426977188701,-0.2870827974337979,-0.002779892079008411,-6.092440674985989e-15,-8.930846073929852e-16,1.9427042657249555e-15,3.0569084924768332e-15,4.590663531120868e-15,-4.644576237511492e-15,-1.2544919836973175e-15,3.2365766356157786e-15,-5.922865325754597e-16,7.923710654060853e-15,1.862344915362118e-15,1.0239585245106637e-14,-0.01743793273949355,-0.0877082850708454,-0.04024731587518689,-0.010419688771513889,-0.013032573065963397,-0.0059173572273997785,-0.04078692142496022,-0.028153110787977036,-0.020376087311630733,-0.09119231899815895,-0.02712677265426223,-0.0004492641474948125,0.00043136543783756944,3.364272246666913e-14,0.00014426675423151065,-3.3436314203760705e-15,5.096573437599316e-15,6.761808407780973e-15,4.789510792648337e-15,5.402806940251504e-15,-1.2095356186998116e-15,1.515058724105281e-14,4.433982635015806e-15,1.8239604251520025e-15,9.784415901530323e-15,1.6785114767462133e-15,8.814777230301704e-15,0.0,0.0,0.0,0.0,0.0,0.0,0.0,0.0,0.0,0.0,0.0,0.0,0.0,0.0
0.05240636841385351,0.2743285502940556,1.0375033420242283e-14,2.0543313399220993e-14,-1.015693374235114e-14,-1.1444344853433315,-0.08165954253992509,0.11593335538545346,-1.2416217483427712,-3.87483883931933e-11,-0.12301674372939009,-0.04114197563915419,-2.1261801797482647e-14,-0.4205642806417692,-0.014908013645166491,-0.05653326139841415,-0.01262602095796133,-0.30074068108673013,-0.04981339381321809,-0.010084650868116598,-0.07161559421405056,-0.15384594761014217,-0.10580844538517951,-0.18700638358251293,-0.045519533850236445,-0.28739384331127044,-0.002762391768403962,-6.64557419888383e-15,-2.1920169382945287e-16,1.2039839187400564e-15,1.0312871997001918e-14,4.715210331838496e-15,-6.6125471903369945e-15,-7.00083231097547e-15,1.1831470314247116e-14,1.0682641995510709e-15,1.987834047879303e-14,-4.96796074142687e-16,2.2973674272489827e-14,-0.017417986283357896,-0.0876980062720029,-0.04016773443229342,-0.010415782791369095,-0.013034190882504541,-0.005906212883712124,-0.04077819487287953,-0.02814964086460962,-0.020373283370109473,-0.09118787577780621,-0.027123314206833896,-0.00044943301283567697,0.0004842397512629436,4.5169438221243183e-14,0.0001619501495897721,-5.6077511369779254e-15,1.142211372835948e-14,1.1634423869934654e-14,7.82113260414485e-15,4.346944551833932e-15,-9.886818518248088e-16,2.611324924998371e-14,8.081192820225696e-15,8.756657944950748e-17,1.7541031283827273e-14,6.0166746412253415e-15,1.708269150364201e-14,0.0,0.0,0.0,0.0,0.0,0.0,0.0,0.0,0.0,0.0,0.0,0.0,0.0,0.0
0.05242833525701698,0.2704283601480423,5.660380814918647e-14,-6.606558559160982e-16,-8.977740295300096e-14,-1.1290724150737126,-0.0813945490471038,0.11606445923582447,-1.2198139165839514,-3.850902460653064e-11,-0.12417365636085641,-0.04152889590587385,3.8103848205809875e-13,-0.44310702811966746,-0.014617237688828345,-0.05596720864360738,-0.011830219625595016,-0.29727020102184054,-0.049283922378533386,-0.010193404636808361,-0.0709563796585324,-0.15181211741130693,-0.10385428712089158,-0.18521202555696661,-0.043712135062901364,-0.28458979615813224,-0.0018434120805852806,1.5989013481357717e-13,1.6121955013468442e-13,-2.6301516587930157e-14,1.9679972610070812e-13,3.789885121489572e-14,-8.79287656637807e-14,-1.4048510251683036e-13,1.6627171588946262e-14,4.9238900446643625e-14,-1.290937831326135e-13,1.3152752950396386e-13,4.863691656158921e-16,-0.01761909066731077,-0.08771567600387203,-0.0409162742587434,-0.01044760919145676,-0.013011198986329235,-0.006014305702033963,-0.040813888127403795,-0.02825107907770498,-0.020398146987335785,-0.09135920428578177,-0.027142677470151363,-0.00045714196595678065,0.0010519376329072045,2.627445916920842e-13,0.00035181220994120625,-6.260097401559887e-14,-1.7933790223941576e-14,-5.715917569468878e-14,-3.4225437423730276e-15,-4.979393274405816e-14,-2.1620133191156517e-14,4.753357595334765e-16,-4.066615196823897e-14,4.525257202266237e-14,8.140866190004735e-14,4.111384169504904e-14,1.8429115912495744e-14,-0.0,-0.0,-0.0,-0.0,-0.0,-0.0,-0.0,-0.0,-0.0,-0.0,-0.0,-0.0,-0.0,-0.0
0.05239927287476732,0.27739397386515086,1.8970880576785786e-14,2.5147413862448906e-14,-3.3863416755220147e-15,-1.1560937986834892,-0.08205228532868501,0.11596707814079425,-1.257929778644089,-3.84940021907739e-11,-0.12224474999718908,-0.040883788449655734,-1.7699471758037712e-14,-0.4252973089796434,-0.01514022036732528,-0.05693589507975689,-0.013174149856293435,-0.3033480626778788,-0.050389592677059135,-0.010349294280995232,-0.07209340075492354,-0.15560096786956926,-0.10682961912375963,-0.18881427075674162,-0.046832006213557244,-0.2896715248793729,-0.002762296186845115,-1.8316139216435884e-14,1.0779952727830483e-15,7.294162257818162e-15,1.666595380633946e-14,4.750190293967897e-15,-1.180361961816082e-14,-1.1339696099083323e-14,1.358061281923698e-14,9.986072254735411e-16,3.669815903508715e-14,7.35793489915197e-15,3.635659149496561e-14,-0.017260934455887438,-0.08764112456317986,-0.03952450695798426,-0.010376126574351397,-0.013032921891115977,-0.005822020456095264,-0.04069943999511998,-0.028108400447124468,-0.020335591842335576,-0.09111691908697775,-0.027090691758039322,-0.00044932324129634267,0.0005525771599329654,8.111586128070955e-14,0.00018480505467703898,-9.918702260510936e-15,2.9441129808404894e-14,1.9164872770437782e-14,1.6638692927641794e-14,4.088441534981257e-15,-4.2878175790671846e-15,4.061199727467107e-14,1.046863967460314e-14,-3.688364429969365e-15,3.479706050098268e-14,1.289263162727249e-14,3.1320511401321256e-14,-0.0,-0.0,-0.0,-0.0,-0.0,-0.0,-0.0,-0.0,-0.0,-0.0,-0.0,-0.0,-0.0,-0.0
0.05242169034756143,0.2708787209597959,2.047056196835282e-14,4.0454941974594495e-14,-1.4163299661425398e-14,-1.1312951891932657,-0.08125849903177719,0.11582776912198066,-1.2229370849922592,-3.888150043318983e-11,-0.12394371151481774,-0.04145199267334401,-1.3058663335170411e-14,-0.41499259164320695,-0.014636334623104699,-0.056081670340830364,-0.011960306416551375,-0.29794959435535684,-0.049156115891077046,-0.009759596811081248,-0.07114073979096223,-0.15187900808852414,-0.10457829055856807,-0.18498399272562938,-0.044014923702086386,-0.2849027981839953,-0.00264284480800112,-2.4437114041901048e-14,-2.8765991979380316e-15,1.2018909420057935e-14,2.4918923775919107e-14,1.0834675334809805e-14,-2.1743173942387068e-14,-2.617457632633412e-14,3.3020358639579934e-14,1.9687337325448034e-15,6.128617566402604e-14,1.6223597279960672e-16,5.675159373941419e-14,-0.01760906497231073,-0.08776388295439341,-0.0409459740652111,-0.010472836078190561,-0.013050494600285054,-0.006001659544771238,-0.04089068759661389,-0.028220593200820123,-0.02043624018231118,-0.09130571573468622,-0.027171056017983704,-0.0004507009364430831,0.0006707485722105983,1.3533152654087977e-13,0.00022432654757388826,-1.3488074425428506e-14,3.9501134836709926e-14,3.18400710024642e-14,2.397755011226866e-14,1.031661184560987e-14,-3.741707429124908e-15,6.634790817368876e-14,2.0012653332364082e-14,-6.340973775953785e-16,3.89379082256776e-14,3.5522126272570593e-15,4.292409422467096e-14,-0.0,-0.0,-0.0,-0.0,-0.0,-0.0,-0.0,-0.0,-0.0,-0.0,-0.0,-0.0,-0.0,-0.0
0.009739335982112254,0.022893502526004538,5.4214597469144266e-14,5.3755878278778654e-14,-5.461000534224991e-14,-0.0977368252112102,-0.06607144293486601,0.02930763518783968,-0.10315689897535398,-3.075743331966873e-11,-0.028772196571556215,-0.009622633265580523,2.621823395690586e-13,-0.12916132622878462,0.010522384557662337,0.03336623250308067,0.003838974255419796,0.039846526160166165,-0.01502313245895049,-0.002901679910727307,-0.034083572464017754,-0.027309487633294546,-0.03376434728249268,-0.0848716159718408,0.1437695282485819,-0.12620319495508336,0.0003496099232292517,-6.823099998747313e-15,6.3217688788666195e-15,-2.1508560259572714e-14,-1.1059083095887859e-14,1.2194180694367402e-14,-4.712945308631908e-16,7.241802683425005e-15,3.3805720566839085e-15,-1.9296502302186794e-14,6.859940821131236e-14,-4.852589375788003e-14,4.559912028344673e-14,-0.4692701703197807,-0.01690020398876925,-0.022307887245656847,-0.0016491988611095363,-0.002378727842850115,0.0006463889098322439,-0.0077595842655991815,-0.005015547842180405,-0.003163076735304156,-0.021158640071933497,-0.0046417459757562155,-8.939602669889324e-5,-3.12155900912625e-5,-3.3514600220898275e-14,-1.0439806856434336e-5,-4.052356260640673e-14,2.328652036734117e-14,9.620223118161325e-15,2.1580830406672217e-14,9.173202750861068e-16,9.504879974218398e-15,5.3216803173752636e-14,1.1413776312506488e-14,2.5221576201896525e-14,-4.7960261961444614e-14,-2.5482612754057475e-14,2.551360710119707e-15,-0.0,-0.0,-0.0,-0.0,-0.0,-0.0,-0.0,-0.0,-0.0,-0.0,-0.0,-0.0,-0.0,-0.0
0.008503889090798836,0.0049045354669786925,-1.77729040198476e-14,4.39988916471189e-16,-2.8491658165828387e-14,-0.025612679892988707,-0.06612874799120341,0.02668061939167285,-0.017249548991533522,-3.437139328373199e-11,-0.02752894755418057,-0.009206838478344788,4.376033843870016e-14,-0.12798549903161124,0.01202587675604652,-0.02550960966400833,0.1300969882781318,-0.05745915432619899,0.05650799820150339,-0.0022203364566650446,-0.02590278824866943,-0.018708316496822582,-0.03465408939555228,-0.08097665167775438,0.15389702416972872,-0.11921778310782923,-0.0009764865938254646,2.2869566840246388e-15,2.1205746467609612e-14,1.581104368939479e-14,-3.139287746581975e-15,5.0133852563995655e-15,3.0460925829961932e-15,-3.1773974195616525e-15,2.2701710741246314e-14,-8.966134515449925e-16,5.0813835385982485e-15,1.7003410426393353e-14,-4.4749446405995154e-15,0.00019455945840326564,-0.48729482702649657,-0.00611871921528865,-0.0051684953637681184,-0.002055405993838665,0.0001551001694342315,-0.006914780926418387,-0.004266340443268982,-0.0026680961570385224,-0.019212112650240972,-0.003997852523705726,-7.185081743643843e-5,-2.860336130058433e-5,-1.713742859619737e-14,-9.5661676273839e-6,-3.0274388945255202e-15,1.2993982158816533e-14,-3.082196299225236e-15,1.3120269373833112e-14,-5.032643565875849e-15,4.131452133674221e-15,1.814720652578873e-14,-1.040710861657511e-15,-1.2571958851646606e-14,-2.825911549292725e-14,-6.530137342452916e-15,-1.3354446957352962e-14,0.0,0.0,0.0,0.0,0.0,0.0,0.0,0.0,0.0,0.0,0.0,0.0,0.0,0.0
0.006342654582275659,0.05156594909664132,-9.078776677849174e-15,-2.030669786204513e-14,1.4336739759046765e-14,-0.20970761810788702,-0.06251955565274678,0.022355463633080584,-0.24002376942095985,-6.238073436377189e-12,-0.012406472660925781,-0.004149246521313427,-5.057354749058145e-14,-0.06412138749063707,0.027801580004160036,0.0421245173308521,0.04277153075196905,-0.004547129588954983,-0.007596369193258722,-0.004394433123596647,-0.033245682609912994,-0.039196888751539254,-0.042322793582129536,-0.08432890890813964,0.02475478725642848,-0.12310491817680898,-0.0008850689699270516,6.411771069255693e-16,-1.0203457249161803e-15,6.258105441702325e-15,1.2144141126736626e-15,-5.014079920827733e-15,1.4696680701743586e-15,4.4380666933197844e-15,2.006378430408811e-15,-6.343961630758638e-16,-1.6247477535351186e-14,2.4615153819645557e-14,-8.231550847887757e-15,-0.011959508526047316,-0.014285503881294709,-0.4352977412942776,-0.0012301493606028762,-0.001522865141431967,0.001561671128910198,-0.004364763325535367,-0.0027133237624043655,-0.0016103972409588175,-0.011897895246052597,-0.0026725803781309666,-5.199856018618233e-5,6.9522651415100765e-6,9.307543687611406e-15,2.325130015233062e-6,-9.105673547015915e-16,1.9437029184603868e-15,-5.305587816533916e-15,-6.755450839414916e-16,-1.5564685360831493e-15,-2.613793116775182e-15,-4.7357663068891845e-15,-5.0698338169843866e-15,-4.324776434440478e-15,1.431126178081361e-14,1.0733626860412688e-14,3.118725368674958e-15,-0.0,-0.0,-0.0,-0.0,-0.0,-0.0,-0.0,-0.0,-0.0,-0.0,-0.0,-0.0,-0.0,-0.0
0.007293333975798254,0.06569603064152929,1.2064659352208616e-14,-1.2074479162132416e-14,1.256931068809761e-14,-0.2689280293741557,-0.06257477735692542,0.02407852560034084,-0.30160723196391515,5.685588380864742e-12,-0.012590530364996166,-0.0042108031626713885,2.986224573213964e-14,-0.04411902698566411,0.011496888640943408,-0.027082834419272454,0.10389018517145611,-0.13803042802636312,0.06299961548773653,-0.004875613693567249,-0.03725151258658373,-0.054647765353898925,-0.023394490099983168,-0.08948214852203533,0.037677870221593406,-0.12783499037186014,-0.0012842654717572153,-1.5835738157010292e-14,-1.0338381848014366e-14,-1.653689608749571e-15,1.6326962741902626e-15,-4.584309235994403e-15,-5.282956055012951e-16,7.191428571184679e-15,-1.8181653706106866e-14,-3.576129830111386e-15,5.8773850494712004e-15,2.4867089960204877e-15,1.3944341073682967e-14,0.0018134849669114133,-0.020597330294904476,0.00887326067440186,-0.42110033449409023,-0.001746166013603885,0.0017560867367288028,-0.004632978914391949,-0.0036538300133299355,-0.0019184656004204842,-0.01367951451768039,-0.003114948650162235,-5.7595403482196574e-5,-2.672758779537373e-5,2.7054663803410995e-14,-8.938830045837949e-6,-1.111166716468704e-14,1.1521748951401869e-14,5.4937054027205706e-15,9.317840042474864e-15,8.159989495899134e-15,-4.739094602620724e-15,1.6558443389071106e-14,-5.8136698576719836e-15,5.329322172949374e-15,2.957654047681821e-14,1.7069111718937653e-14,3.153733523452458e-14,-0.0,-0.0,-0.0,-0.0,-0.0,-0.0,-0.0,-0.0,-0.0,-0.0,-0.0,-0.0,-0.0,-0.0
0.015282372667032027,0.055440166577874615,1.460323805870424e-14,2.6519566001742196e-14,7.035321937141426e-15,-0.23373527445618236,-0.066730671692318,0.040215378585769804,-0.24953218009775005,-2.8681905374307217e-11,-0.04010625281163209,-0.013413218608538132,-3.269516462678822e-14,-0.15514863021688127,0.0007883207985579526,-0.026636840074370415,0.005390431764935517,0.02748469545620765,-0.023064577192260117,0.10587638479617972,-0.03622439034265984,-0.06116658776695467,-0.04181074433941044,-0.09638136077805032,0.03862805745819354,-0.144955464865917,-0.0009501928444173972,-1.5371908717823812e-14,9.41972716097307e-16,-5.812504584392976e-16,1.1251736910980356e-14,5.4308479708153255e-15,-6.654803685683236e-15,-2.106466828256314e-14,2.25125546068214e-14,4.665059377557222e-15,2.5073990764235475e-14,-9.799513124538124e-16,3.2475961338198667e-14,-0.0034910202705587764,-0.02636854286132396,-0.029139228503237115,-0.0026141081565266597,-0.45552704683807177,-0.0004474578600508867,-0.011510394654653297,-0.00802778300123663,-0.005416490691066017,-0.028128776267566883,-0.007558243493423045,-0.00013147372803912303,6.706706888964206e-5,6.079918030133992e-14,2.243005000920639e-5,-6.741088918886081e-15,3.124883880254924e-14,2.0366493805258e-14,1.784027133619237e-14,6.0459986200597265e-15,-2.1685194804785345e-15,4.2255724747420497e-14,1.23003749156961e-14,5.729614505528005e-16,1.3358339800588918e-14,4.59061968702095e-15,2.841300396838875e-14,-0.0,-0.0,-0.0,-0.0,-0.0,-0.0,-0.0,-0.0,-0.0,-0.0,-0.0,-0.0,-0.0,-0.0
0.018827728476806162,0.06574880396930527,2.064745699244377e-14,7.28694234752618e-14,-3.723384190594834e-14,-0.2796659813063712,-0.069637692245059,0.04757507968547029,-0.2922380293140071,-3.3148672918400493e-11,-0.05031617405231193,-0.01682784590426283,1.2027396784098787e-13,-0.18867848600723064,-0.00023992224892163057,-0.02821897920010486,-0.0010057678407845588,-0.10361227596612137,-0.02005459467717639,-0.002079020527510859,-0.02530601883673401,0.014266292753130518,-0.0340085829297056,-0.0586147878637372,0.10083346309501504,-0.15700070624568258,-0.0007918402418033278,-5.016216298425112e-17,-2.2818271635805276e-14,2.034884051580455e-14,-3.94256634932868e-15,3.346472186397853e-14,1.1745174593940359e-14,-3.7575984181080326e-14,2.000891552864939e-14,2.5589615102948542e-14,6.053220083982443e-14,-7.067827060470061e-14,3.082803862655503e-16,-0.00488418687439677,-0.031705464335498465,-0.015594604615228599,-0.0036071900270981576,-0.004683821250015844,-0.46058446909662165,-0.01676407452638817,-0.010277505987416374,-0.007480003887616561,-0.03593104689285694,-0.009439693575550362,-0.000163458283585105,5.4622935612506225e-5,-1.345257778373648e-13,1.826820820646396e-5,2.7876680366772732e-14,-1.4522504275413056e-14,2.349900225860061e-14,4.767381881045001e-15,-3.408611945226853e-15,3.345356044201435e-14,3.112991891133601e-14,2.636770407136142e-14,-1.1723565481211359e-14,-5.55775819668007e-14,-6.963803797204712e-14,-2.7938953534004573e-14,-0.0,-0.0,-0.0,-0.0,-0.0,-0.0,-0.0,-0.0,-0.0,-0.0,-0.0,-0.0,-0.0,-0.0
0.014911297043719336,0.06668296097368871,-1.846344776978194e-15,5.170459986407382e-15,-5.25690950221007e-15,-0.2798301643845192,-0.06745716544659608,0.03961249452265416,-0.29979083238075555,-2.8504003781554327e-11,-0.03732725493214732,-0.012483804777608814,-1.0401856807985907e-13,-0.16723084619461195,0.03043758201249548,-0.03091159855636084,-0.0029043284877253803,-0.10410950340600147,-0.022352560176705522,-0.0036955371984545723,-0.032430195052035746,0.09103250084882591,-0.04214208046361699,-0.08563315283081589,0.06796195099777247,-0.14499914878728065,-0.0010037589236020804,-1.4729084124850982e-14,-1.6901520870904765e-15,9.519307288806297e-15,2.860222308297169e-15,2.607313366946245e-15,-2.5591003166271227e-15,-1.0595490186644995e-14,9.419023471215153e-15,2.9205465826642826e-15,4.5580522757947675e-15,7.304697488837543e-15,1.4835112177075298e-14,-0.0020088075218734273,-0.024959831769530615,-0.008878946053518947,-0.002515187358148449,-0.0036717077729510506,-0.0006388502533181449,-0.4582104305276178,-0.007754101752221063,-0.005367186984933777,-0.028062499978789075,-0.007309281769755684,-0.00012725717142911288,3.578756001110186e-5,3.029820755600077e-14,1.1968866003987877e-5,-5.4712708836934224e-15,1.7602502228180875e-14,8.733382308050286e-15,1.395469850531877e-14,4.803894529707581e-15,-2.555130477287613e-15,2.5388987320449665e-14,5.919464011269737e-15,3.1820006462601106e-15,3.3712450305872393e-15,-4.010177325080154e-15,1.241859080614329e-14,-0.0,-0.0,-0.0,-0.0,-0.0,-0.0,-0.0,-0.0,-0.0,-0.0,-0.0,-0.0,-0.0,-0.0
0.018208188395600622,0.060126268077912694,1.0034996843180344e-14,1.5959845527864812e-14,-2.4493506458060235e-15,-0.2586431730657414,-0.0713159185323892,0.04638666746093546,-0.2624931002262472,-3.140727412897304e-11,-0.04940352821027109,-0.016522618730551105,-4.830521044633185e-14,-0.1760210686818485,-0.0058511323738385836,-0.03498692925396582,-0.0027285767652562394,-0.19271896586682333,-0.02918891058791799,-0.00281343160068782,-0.04499509386274466,-0.05309668886204235,0.195256001854217,-0.0844973602570463,0.10481158902058865,-0.15589999056473428,-0.0014137929137357371,-1.6603998162732336e-14,-1.9713887888832456e-16,5.681463821401444e-15,6.635550902599957e-15,4.440615664666252e-15,-1.5999768404474579e-15,-1.0822899836140175e-14,1.5167109723816654e-14,1.396347110727741e-15,1.0656308596736616e-14,4.091896306318295e-15,2.4425589400183942e-14,-0.0029498057573907432,-0.030364197439999317,-0.0013656488809128677,-0.0029263903962001695,-0.004493703822957326,-0.00035068614023375246,-0.014182829540565507,-0.4780184617242097,-0.0068434535687702525,-0.03485594528069772,-0.009092699535950736,-0.00015470889936365314,4.870832308041133e-5,5.322182829237626e-14,1.629011288781101e-5,-1.545070747191159e-14,1.8211801820369306e-14,1.0716073129133967e-14,1.83653316193548e-14,6.477644049153387e-15,-4.051574693912306e-15,4.046714221382652e-14,7.890260927239522e-15,7.397384593323857e-15,9.187430619229083e-15,-2.9435359071090197e-15,2.2429693070006184e-14,0.0,0.0,0.0,0.0,0.0,0.0,0.0,0.0,0.0,0.0,0.0,0.0,0.0,0.0
0.006565811170448678,-0.055735761701034815,7.458204205087293e-15,3.0368302059988925e-14,-5.486282042449668e-15,0.21375241283521645,-0.06837322807132973,0.022304563325123053,0.27398622467065703,-5.172683941258487e-11,-0.029722894640794934,-0.009940586705228032,-1.0527845884431503e-13,-0.14544888465430103,-0.0010503101813456523,-0.026292974470537186,0.00513978292451887,-0.15531268334521212,-0.00146065516300597,0.5079840365415901,-0.03487835363986231,-0.051540198201087545,0.045672301652695424,-0.018410510840715714,0.06133841189027612,-0.10171049644859131,-0.0008161464696497897,-1.9306645157790296e-14,9.493075939664158e-16,-1.9110227407667566e-15,2.0263998185868245e-14,3.0815960932110174e-15,-6.161838570233469e-15,-2.744302525669539e-14,3.23339907131668e-14,2.761979004472357e-15,3.1361570408457687e-14,-5.045997366066037e-15,5.08627013628576e-14,0.0014048468300645474,-0.011083935129234614,0.010466652258666855,-0.0014901104110305494,-0.00980529660032841,0.0012809658263403171,-0.0042237866086633075,-0.005039282558714557,-0.4950804007795809,-0.013374154507789357,-0.003070562439846989,-5.563323071747564e-5,2.8450563913102527e-5,8.673949330293044e-14,9.515065788556971e-6,-1.88910624907077e-14,3.1287675485210395e-14,2.5303303862908166e-14,2.1149857357278724e-14,7.073469463400057e-15,-6.0962825618922715e-15,6.070079910225479e-14,1.771662236279618e-14,2.562323418714428e-15,2.743199822511181e-14,1.0514818489915323e-14,4.1977727372076445e-14,0.0,0.0,0.0,0.0,0.0,0.0,0.0,0.0,0.0,0.0,0.0,0.0,0.0,0.0
0.02750917774872086,0.10966727135636674,1.1108637528827942e-13,-8.352361183752086e-15,-1.7593045264789644e-13,-0.46411885928870167,-0.0732068533645408,0.0654374403780607,-0.48220567980596424,-3.4187808589501025e-11,-0.07205323539752394,-0.024097633911989002,7.499790542671139e-13,-0.29996663510258426,-0.004917255271439308,-0.038505964054148356,-0.0029014653708479307,-0.1841286303783871,-0.031476040412939596,-0.004628400497825812,-0.04645831638800912,-0.05641470311327119,-0.042586486832580456,-0.0975760949029818,0.1653338501205797,-0.18602080451746156,0.00015703989963709072,3.2447222580316385e-13,3.3291487279935694e-13,-5.4849734330496556e-14,4.105854753835602e-13,7.027178191538127e-14,-1.7797261069337334e-13,-2.933010272502026e-13,4.119198390967853e-14,1.0240564802566893e-13,-2.5996240963437314e-13,2.5979646843205113e-13,-2.1945094077683436e-15,-0.007597724119870714,-0.04602883816076064,-0.01798235767106046,-0.00514887363144728,-0.0067782830346174135,-0.0024884096340299674,-0.02207032841173756,-0.015231102079559931,-0.010725227084865776,-0.5088273781895927,-0.01402352908866524,-0.00025120474561993265,0.0015893271448649115,5.143608080067365e-13,0.0005315378760944963,-1.3149128796766342e-13,-4.412878666174851e-14,-1.191138284268839e-13,-1.0348536896799765e-14,-1.0868507563743825e-13,-4.787016154888921e-14,-4.800914939611026e-15,-8.525480775521759e-14,9.587833407321735e-14,1.6422187425956173e-13,8.460151852173009e-14,3.366676034603993e-14,-0.0,-0.0,-0.0,-0.0,-0.0,-0.0,-0.0,-0.0,-0.0,-0.0,-0.0,-0.0,-0.0,-0.0
0.035651582779628516,0.18011854349753392,1.9199225972968293e-14,4.8224972005966353e-14,2.0185912360205663e-14,-0.7512106421023407,-0.07635626030750874,0.08193081070066671,-0.8184469253503759,-3.278829383809774e-11,-0.08439803992876686,-0.028226256015831768,-9.193145054700727e-14,-0.30891601754085257,-0.008802760595298999,-0.04396317886823129,-0.007833453795327117,-0.1817832664430476,-0.03506304192253766,-0.006965428310532082,-0.05739481457389382,-0.11123585851031774,-0.08101634226283647,-0.1310639115250444,0.008039824243436768,-0.19110302034206597,-0.0018994399431861674,-3.5587568750673246e-14,3.466981067479074e-15,2.9527064484389106e-15,2.968177931278251e-14,1.0802333649086375e-15,-1.9919123909223354e-14,-3.9810625528980125e-14,3.763348562831084e-14,3.990451638965411e-15,4.9718728026105695e-14,2.042822186588205e-15,7.3417606948912e-14,-0.010746705430289452,-0.059728908349292974,-0.03036663417758496,-0.007011716791047617,-0.00886772169236952,-0.0032056280247181657,-0.027537640893055545,-0.018944111527839574,-0.013808857117413458,-0.06307855862790665,-0.4643196382728685,-0.00030599254105489164,0.0001316230623674896,1.4421440869733316e-13,4.402029073520578e-5,-2.212611162147551e-14,6.413379757353783e-14,3.9556856025456935e-14,3.544807256087735e-14,6.93392108054916e-15,-1.241589236650853e-14,8.154024778512813e-14,2.3349346385417424e-14,-2.946176901498229e-15,5.140349667440081e-14,2.654604516013361e-14,7.142843135336647e-14,-0.0,-0.0,-0.0,-0.0,-0.0,-0.0,-0.0,-0.0,-0.0,-0.0,-0.0,-0.0,-0.0,-0.0
0.037589195277470726,0.17194884526991439,2.4379496840967997e-14,1.0674521445669332e-13,-3.0521210723285204e-14,-0.7228037415190148,-0.07168340813968628,0.08491665973022712,-0.7695053637130096,-2.3132299815130166e-11,-0.0931745297421693,-0.03116148352349352,-2.4100646557538467e-14,-0.2934324075900322,-0.00793974187111922,-0.04293658587976978,-0.005231882347373471,-0.20475317452855904,-0.013099886058278484,-0.006071386846837029,-0.05301878113378975,-0.08954231513137714,-0.06828513232053356,-0.13199047594839974,0.02461599653746839,-0.21722920525381675,-0.0020382295155559355,-6.043140775612032e-14,-7.398008699718409e-15,-1.5149011482543037e-14,2.7668466897811973e-14,4.10365210661259e-15,-1.2683975358583843e-14,-8.778397321183816e-14,9.784078362654213e-14,7.409838760362728e-15,1.601152593067574e-13,-1.5715042481104122e-14,1.538172211441823e-13,-0.012335463358155285,-0.06319870720779894,-0.03144686402347619,-0.00870726847173038,-0.009369056807784442,-0.004261818184730312,-0.029993360555967664,-0.020479571324070307,-0.01472928969855874,-0.06712829965297071,-0.019465945761273567,-0.4417916468908375,0.00022225974493422757,1.2695653982771794e-13,7.43330113021902e-5,-1.5303147671534803e-14,8.228254312427234e-14,4.4362943783521055e-14,4.014002844784991e-14,-7.875521509352925e-16,-5.562798805499941e-15,1.615354630279157e-13,5.472299834296208e-14,1.3099015246080519e-14,3.204177772924229e-14,-7.993999959914212e-15,8.924401337815505e-14,-0.0,-0.0,-0.0,-0.0,-0.0,-0.0,-0.0,-0.0,-0.0,-0.0,-0.0,-0.0,-0.0,-0.0
0.0,0.0,0.0,0.0,0.0,0.0,0.0,0.0,0.0,0.0,0.0,0.0,0.0,-1.8197173048587724e-17,-2.3462801292368246e-18,0.0,0.0,0.0,0.0,0.0,0.0,0.0,0.0,0.0,0.0,0.0,0.0,0.0,0.0,0.0,0.0,0.0,0.0,0.0,0.0,0.0,0.0,0.0,0.0,0.44642273267816057,1.2676938283987504e-17,3.526389636220604e-17,1.2106082939194617e-18,2.8497799547018983e-18,1.3016916699513975e-18,7.043768183499089e-18,4.5189648656982726e-18,3.817959192181939e-18,2.9720471778100055e-18,5.8953535489754446e-18,2.051833922219584e-18,0.0,0.0,0.0,0.0,0.0,0.0,0.0,0.0,0.0,0.0,0.0,0.0,0.0,0.0,0.0,0.0,0.0,0.0,0.0,0.0,0.0,0.0,0.0,0.0,0.0,0.0,0.0,0.0,0.0
0.0,0.0,0.0,0.0,0.0,0.0,0.0,0.0,0.0,0.0,0.0,0.0,0.0,-1.1070702118798394e-17,-3.512123508466173e-18,0.0,0.0,0.0,0.0,0.0,0.0,0.0,0.0,0.0,0.0,0.0,0.0,0.0,0.0,0.0,0.0,0.0,0.0,0.0,0.0,0.0,0.0,0.0,0.0,0.0,0.44642273267815963,-1.0703427575482161e-17,-1.4849840247511132e-18,-2.050198547600701e-18,7.355873223431343e-19,-2.2709975293108185e-18,-1.6033039300567167e-18,-5.369881108445696e-19,-2.8786191674470464e-19,-1.236495989967514e-18,-4.05694712481189e-18,0.0,0.0,0.0,0.0,0.0,0.0,0.0,0.0,0.0,0.0,0.0,0.0,0.0,0.0,0.0,0.0,0.0,0.0,0.0,0.0,0.0,0.0,0.0,0.0,0.0,0.0,0.0,0.0,0.0
0.0,0.0,0.0,0.0,0.0,0.0,0.0,0.0,0.0,0.0,0.0,0.0,0.0,2.283203993258278e-17,1.1804695290358407e-18,0.0,0.0,0.0,0.0,0.0,0.0,0.0,0.0,0.0,0.0,0.0,0.0,0.0,0.0,0.0,0.0,0.0,0.0,0.0,0.0,0.0,0.0,0.0,0.0,0.0,0.0,0.4464227326781595,-1.5497608692237033e-17,-4.442915652127954e-18,-1.274557328368487e-17,-1.4461306542818713e-17,-6.058817689515596e-18,-1.7472732236690024e-17,-1.5179367794535034e-17,-5.284242862116735e-18,1.1167300241563762e-17,0.0,0.0,0.0,0.0,0.0,0.0,0.0,0.0,0.0,0.0,0.0,0.0,0.0,0.0,0.0,0.0,0.0,0.0,0.0,0.0,0.0,0.0,0.0,0.0,0.0,0.0,0.0,0.0,0.0
0.0,0.0,0.0,0.0,0.0,0.0,0.0,0.0,0.0,0.0,0.0,0.0,0.0,-1.513472869864342e-18,6.307948171781083e-19,0.0,0.0,0.0,0.0,0.0,0.0,0.0,0.0,0.0,0.0,0.0,0.0,0.0,0.0,0.0,0.0,0.0,0.0,0.0,0.0,0.0,0.0,0.0,0.0,0.0,0.0,0.0,0.4464227326781599,7.876642473617471e-19,-1.2701196637288189e-18,1.1471441397266852e-18,1.6466467353021103e-18,8.09683700435358e-19,1.1665440583242608e-18,1.122456287856897e-18,2.1220182204178693e-18,0.0,0.0,0.0,0.0,0.0,0.0,0.0,0.0,0.0,0.0,0.0,0.0,0.0,0.0,0.0,0.0,0.0,0.0,0.0,0.0,0.0,0.0,0.0,0.0,0.0,0.0,0.0,0.0,0.0
0.0,0.0,0.0,0.0,0.0,0.0,0.0,0.0,0.0,0.0,0.0,0.0,0.0,-7.266783737720772e-18,-1.0838288271829986e-18,0.0,0.0,0.0,0.0,0.0,0.0,0.0,0.0,0.0,0.0,0.0,0.0,0.0,0.0,0.0,0.0,0.0,0.0,0.0,0.0,0.0,0.0,0.0,0.0,0.0,0.0,0.0,0.0,0.4464227326781597,1.351533602335203e-18,-3.034945724292848e-18,-2.5253372506984842e-18,6.336245509663093e-18,3.357106377528102e-20,1.6411053721063738e-18,-4.031919017076419e-18,0.0,0.0,0.0,0.0,0.0,0.0,0.0,0.0,0.0,0.0,0.0,0.0,0.0,0.0,0.0,0.0,0.0,0.0,0.0,0.0,0.0,0.0,0.0,0.0,0.0,0.0,0.0,0.0,0.0
0.0,0.0,0.0,0.0,0.0,0.0,0.0,0.0,0.0,0.0,0.0,0.0,0.0,1.6156268702486317e-18,1.493687322140516e-20,0.0,0.0,0.0,0.0,0.0,0.0,0.0,0.0,0.0,0.0,0.0,0.0,0.0,0.0,0.0,0.0,0.0,0.0,0.0,0.0,0.0,0.0,0.0,0.0,0.0,0.0,0.0,0.0,0.0,0.44642273267816,1.5991342896242368e-18,7.463002647918176e-19,-3.258312087421422e-20,-2.4512875001481095e-19,1.6712120895532265e-18,1.6611511377358325e-18,0.0,0.0,0.0,0.0,0.0,0.0,0.0,0.0,0.0,0.0,0.0,0.0,0.0,0.0,0.0,0.0,0.0,0.0,0.0,0.0,0.0,0.0,0.0,0.0,0.0,0.0,0.0,0.0,0.0
0.0,0.0,0.0,0.0,0.0,0.0,0.0,0.0,0.0,0.0,0.0,0.0,0.0,-5.679968253308934e-18,3.4514112010999222e-19,0.0,0.0,0.0,0.0,0.0,0.0,0.0,0.0,0.0,0.0,0.0,0.0,0.0,0.0,0.0,0.0,0.0,0.0,0.0,0.0,0.0,0.0,0.0,0.0,0.0,0.0,0.0,0.0,0.0,0.0,0.4464227326781601,4.5645588747480955e-18,-3.00623580584103e-18,-7.191111332888601e-19,-7.4004120769310625e-19,5.111731819975035e-18,0.0,0.0,0.0,0.0,0.0,0.0,0.0,0.0,0.0,0.0,0.0,0.0,0.0,0.0,0.0,0.0,0.0,0.0,0.0,0.0,0.0,0.0,0.0,0.0,0.0,0.0,0.0,0.0,0.0
0.0,0.0,0.0,0.0,0.0,0.0,0.0,0.0,0.0,0.0,0.0,0.0,0.0,-4.842634962304077e-19,-1.5668262359350945e-18,0.0,0.0,0.0,0.0,0.0,0.0,0.0,0.0,0.0,0.0,0.0,0.0,0.0,0.0,0.0,0.0,0.0,0.0,0.0,0.0,0.0,0.0,0.0,0.0,0.0,0.0,0.0,0.0,0.0,0.0,0.0,0.44642273267815985,3.319327617587873e-18,1.4512211524011486e-18,1.3505253368646361e-18,-6.910198717338559e-19,0.0,0.0,0.0,0.0,0.0,0.0,0.0,0.0,0.0,0.0,0.0,0.0,0.0,0.0,0.0,0.0,0.0,0.0,0.0,0.0,0.0,0.0,0.0,0.0,0.0,0.0,0.0,0.0,0.0
0.0,0.0,0.0,0.0,0.0,0.0,0.0,0.0,0.0,0.0,0.0,0.0,0.0,-1.3919360949050012e-17,9.522319238551148e-19,0.0,0.0,0.0,0.0,0.0,0.0,0.0,0.0,0.0,0.0,0.0,0.0,0.0,0.0,0.0,0.0,0.0,0.0,0.0,0.0,0.0,0.0,0.0,0.0,0.0,0.0,0.0,0.0,0.0,0.0,0.0,0.0,0.44642273267816,-3.998888103002056e-18,7.007574858880287e-21,-1.6141378472997087e-18,0.0,0.0,0.0,0.0,0.0,0.0,0.0,0.0,0.0,0.0,0.0,0.0,0.0,0.0,0.0,0.0,0.0,0.0,0.0,0.0,0.0,0.0,0.0,0.0,0.0,0.0,0.0,0.0,0.0
0.0,0.0,0.0,0.0,0.0,0.0,0.0,0.0,0.0,0.0,0.0,0.0,0.0,-8.463554235001329e-18,-1.997795870284865e-18,0.0,0.0,0.0,0.0,0.0,0.0,0.0,0.0,0.0,0.0,0.0,0.0,0.0,0.0,0.0,0.0,0.0,0.0,0.0,0.0,0.0,0.0,0.0,0.0,0.0,0.0,0.0,0.0,0.0,0.0,0.0,0.0,0.0,0.44642273267815985,-1.482280700780021e-18,7.366487281270831e-19,0.0,0.0,0.0,0.0,0.0,0.0,0.0,0.0,0.0,0.0,0.0,0.0,0.0,0.0,0.0,0.0,0.0,0.0,0.0,0.0,0.0,0.0,0.0,0.0,0.0,0.0,0.0,0.0,0.0
0.0,0.0,0.0,0.0,0.0,0.0,0.0,0.0,0.0,0.0,0.0,0.0,0.0,-7.340319827485573e-18,6.651783105664638e-19,0.0,0.0,0.0,0.0,0.0,0.0,0.0,0.0,0.0,0.0,0.0,0.0,0.0,0.0,0.0,0.0,0.0,0.0,0.0,0.0,0.0,0.0,0.0,0.0,0.0,0.0,0.0,0.0,0.0,0.0,0.0,0.0,0.0,0.0,0.44642273267816013,-1.835756080826078e-18,0.0,0.0,0.0,0.0,0.0,0.0,0.0,0.0,0.0,0.0,0.0,0.0,0.0,0.0,0.0,0.0,0.0,0.0,0.0,0.0,0.0,0.0,0.0,0.0,0.0,0.0,0.0,0.0,0.0
0.0,0.0,0.0,0.0,0.0,0.0,0.0,0.0,0.0,0.0,0.0,0.0,0.0,-2.263633992832347e-19,-5.654677409769577e-20,0.0,0.0,0.0,0.0,0.0,0.0,0.0,0.0,0.0,0.0,0.0,0.0,0.0,0.0,0.0,0.0,0.0,0.0,0.0,0.0,0.0,0.0,0.0,0.0,0.0,0.0,0.0,0.0,0.0,0.0,0.0,0.0,0.0,0.0,0.0,0.44642273267816046,0.0,0.0,0.0,0.0,0.0,0.0,0.0,0.0,0.0,0.0,0.0,0.0,0.0,0.0,0.0,0.0,0.0,0.0,0.0,0.0,0.0,0.0,0.0,0.0,0.0,0.0,0.0,0.0,0.0
0.0007132620052436292,0.005219552112032874,2.141204364811506e-15,2.2006690823256957e-15,-2.2311137759159348e-15,-0.022340756485615176,0.008706636910599147,0.002578117727994798,-0.022902129089293524,-3.59553477725476e-12,-0.00366594933437656,-0.0012260477203103412,9.113581318606904e-15,-0.01818835587834064,-0.0029341795648188972,-0.012898948241109204,0.0021413872959150193,-0.008883541973131024,-0.0005067121444513124,-0.00025726678953821305,-0.0007042165447150635,-0.0010032773680920565,-0.0006568278879488656,-0.0021616319884812996,0.0027258591744845203,-0.0030655567922632542,1.1113265311796016e-5,-4.645528912181975e-16,4.9061675324232984e-17,-7.331562058613006e-16,-7.882929811771485e-16,5.816678390223834e-16,-8.107309472556077e-17,2.1375215794744728e-16,3.6770831511902944e-17,-1.0424228191661235e-15,2.630873597892261e-15,-1.9879559412207406e-15,1.834537775270131e-15,-0.01705444312094062,-0.003324430689527439,-0.013148879707514244,-0.0003961335834532055,-0.0006151004289747962,-0.00033362541241402133,-0.001311957565644865,-0.0005181683507780503,-0.0007366752070181729,-0.0018292342397169907,-0.0005940592715217902,-8.165556261654449e-6,1.1035852042869761e-5,-1.7586708730108107e-16,3.690853311088485e-6,-1.654940110151958e-15,9.987402208914537e-16,5.801522517188487e-16,8.275655133731834e-16,5.880221004841996e-17,3.8285537146727657e-16,1.9934022622704825e-15,4.985333567234927e-16,1.053329359088895e-15,-1.8270892184383674e-15,-1.1323205855904948e-15,7.969407969595275e-17,-0.0,-0.0,-0.0,-0.0,-0.0,-0.0,-0.0,-0.0,-0.0,-0.0,-0.0,-0.0,-0.0,-0.0
0.0011688232410043365,0.005506113171744494,-1.5827163624058345e-15,-1.142743499096126e-16,-3.008928158187836e-15,-0.02332480683539867,0.0031987273620532946,0.003242787272536435,-0.02471281725707768,-1.0827720439102442e-11,-0.0038651158921836574,-0.0012926573981570458,4.3882680488742365e-15,-0.04028119958498222,-0.01040632257098552,0.0006157464838567225,-0.04122897433991942,0.006889524145583985,0.003374148872336759,-0.00022416120607129876,-0.00015481464596474176,0.002672298767145552,-0.00040698889680194493,-0.002613712418111664,0.011017250780464002,-0.004152578090412427,-2.1322233321770823e-5,8.068304681137645e-17,1.156739829565784e-15,1.5752377191342926e-15,-6.714406102262534e-16,5.241555197070645e-16,4.0899082283147774e-16,5.18328330235487e-16,1.5657009094949095e-15,-1.5854603684464235e-16,2.266449861574194e-16,1.350287246526248e-15,-6.143316370789886e-16,-0.0015329640793034617,-0.048841031799933265,-0.010938055079349758,-0.0026614380793027618,-0.0006170633719056479,-0.00040253127018223517,-0.0016099626637486944,-0.0007773782176857504,-0.0008737529108409437,-0.0027100269051294214,-0.000771747509824896,-1.2330683454805172e-5,8.506066897166444e-6,-7.288701662210177e-16,2.8447867060230792e-6,-1.6148668662099694e-16,1.0258095425828015e-15,-4.9252569153998484e-17,1.1733729829380429e-15,-3.6409234340262824e-16,4.958498671809153e-16,1.464991334938384e-15,-8.416425955505793e-17,-1.1436858505513572e-15,-2.255577384005219e-15,-8.911207468006184e-16,-1.1243607527981993e-15,-0.0,-0.0,-0.0,-0.0,-0.0,-0.0,-0.0,-0.0,-0.0,-0.0,-0.0,-0.0,-0.0,-0.0
0.007231797007437169,0.06425123835332312,-3.659426343554121e-15,-2.588899280327742e-15,2.6872730530242314e-15,-0.2727066289042461,0.09366424043689418,0.03790261546410015,-0.2851391780147406,-3.329137724940331e-11,-0.039836746393362814,-0.01332308432146403,-1.2057183613419283e-14,-0.18501044097019906,-0.03571043817059437,0.002876687050657185,0.014939160449235907,-0.20633744395051531,-0.0033006730047194176,-0.004670885495355476,-0.009620503644547482,-0.019509412106983894,-0.011663650225456342,-0.031094783763271898,-0.006537361400373117,-0.039380233560865105,-0.00028266149200360064,-1.9099191437117048e-15,-4.798788482284502e-15,2.4836603008607464e-16,-5.1014998329645115e-15,-2.7222520132011013e-16,2.5808141806926903e-15,6.851708240107334e-15,-2.2699040917629193e-15,-1.3175604374806991e-15,-1.7429484068318555e-15,5.968825949208798e-16,-3.296067672602475e-15,-0.025706386619134016,-0.0524232105793111,-0.24909015959437278,-0.0062861611646849395,-0.010592966663382011,-0.004682482624648631,-0.020732880501210128,-0.00656160290339213,-0.011952717401562205,-0.023127615980597496,-0.008001909137371473,-9.815830500064527e-5,0.00011902786818188719,-1.7505124246973976e-15,3.980792780175102e-5,3.805225746966203e-15,-7.921215043522424e-17,7.725036909743916e-16,-2.4112755571221063e-16,1.2429819923537369e-15,4.991856863802492e-16,-3.6209951219746825e-15,-5.640747158777198e-16,-1.2187384798589273e-15,4.525839204294948e-16,2.6709033762116637e-17,4.1998051248953297e-17,-0.0,-0.0,-0.0,-0.0,-0.0,-0.0,-0.0,-0.0,-0.0,-0.0,-0.0,-0.0,-0.0,-0.0
0.001460991096188834,0.015348300400205728,4.04293031233796e-16,-4.588885147823497e-16,4.71511961491891e-16,-0.0640644081659892,0.014482226220342816,0.0062958208690912666,-0.06940402302624411,-5.37643151767556e-12,-0.006354751713899684,-0.002125296380637782,1.985768582562072e-15,-0.03401597247010336,-0.002170488843776559,-0.0024347332264718063,-0.012325116263305928,-0.012866559156495237,-0.019639858835062647,-0.0007766976196830979,-0.0021149117558844003,-0.00450273165241168,-0.001509931404732857,-0.006928750843817055,-0.0016302004979143448,-0.008141777081280667,-0.00010291310685796778,-1.0387277950584702e-15,-7.877321900239262e-16,-1.2735086498046808e-16,-2.955873968530846e-16,-1.6670373224722197e-16,-1.4259459300734094e-17,1.1095555805856293e-15,-1.7128447482428206e-15,-3.307175543709357e-16,6.871899052109163e-16,7.994110057678407e-18,7.203366693185429e-16,-0.0021417804823992267,-0.020854935917433932,-0.01218746237377442,-0.03575605069845724,-0.0009469588002424805,-0.0006416679219713423,-0.0028614242956581876,-0.0012460252699177995,-0.002168699609277592,-0.0038492468982245813,-0.0012367521895904913,-2.9884606006107604e-5,2.194862089264976e-5,2.6236592188771427e-15,7.340542422903415e-6,-5.613977756181521e-16,8.166651255109728e-16,6.679604685591459e-16,5.664912080667938e-16,8.467326937101627e-16,-2.8155560295212166e-16,8.064498091479742e-16,-4.509187090479678e-16,3.554041684496416e-16,2.3433567676948657e-15,1.4167012629327404e-15,2.331899188141235e-15,0.0,0.0,0.0,0.0,0.0,0.0,0.0,0.0,0.0,0.0,0.0,0.0,0.0,0.0
0.0004845277626113055,0.0033266255143086683,2.271613822427668e-16,3.237761026070936e-16,7.018079600819015e-17,-0.013997517948247228,0.00010927018012082059,0.007825736209319038,-0.01505882000549259,-1.7790545699618842e-12,-0.0026413756396998786,-0.0008833871628194822,7.683926498439211e-17,-0.009322485575894556,-0.0004231603209270723,-0.0002160193450176177,0.00031362332776677814,0.001992219514055706,-8.626990607451481e-5,-0.0004278786833882682,-0.00048347612738032573,-0.0007776967482035584,-0.0008633506895992672,-0.01190172612219112,-3.812328638051206e-5,-0.00196600865511476,-8.553206813732778e-6,-2.420213386762456e-16,3.5494832313153965e-17,9.339065806434339e-17,2.1735095134196272e-16,1.059731388462926e-16,-1.2793582037131806e-16,-2.001436090691802e-16,2.7012932651744143e-16,3.0933073190908755e-17,5.767229051496957e-16,9.651714373816459e-18,4.1837523993803446e-16,-0.0004272468088037538,-0.0014199874184433459,-0.0016842767108471639,-0.00018755180687549073,-0.007418343418356747,-0.00031915803529250004,-0.0008639970519866726,-0.0006027880373288244,-0.0069045322126863404,-0.0017360819935875098,-0.0004297199296436018,-5.831122614903045e-6,7.699443901046734e-6,7.626159524309661e-16,2.5750180322215822e-6,-7.30555101128508e-17,3.4493957496811885e-16,2.9339243436294584e-16,2.1418102900571158e-16,8.176760141670232e-17,-2.6806935141318803e-17,5.743549970898889e-16,1.9020298327066432e-16,4.8595601287051775e-18,2.543685280581191e-16,3.1190294141991625e-17,3.0638115748027503e-16,0.0,0.0,0.0,0.0,0.0,0.0,0.0,0.0,0.0,0.0,0.0,0.0,0.0,0.0
0.00023088504625987325,0.0011313770638456755,2.29367185311036e-16,7.644880674287691e-16,-3.544720885952295e-16,-0.0050241586073411495,0.00013832983510950756,0.004544645633315589,-0.004806303133379418,-1.2485633953107232e-12,-0.0014720979329559867,-0.0004923314945599759,1.2368843152074536e-15,-0.00582013854572716,-0.000462952155722563,-9.293217851210546e-5,-0.0003173985872245642,0.0003822609434097367,2.9058775545854918e-5,-1.4915976330031474e-5,-0.005959821969754412,0.0002740616876149682,2.106287243335937e-5,7.640732041395749e-6,0.0007573665920127832,-0.0005862064227129462,1.8724199896973913e-6,-6.15596161080036e-18,-2.4262542730278294e-16,2.0244502331917515e-16,-8.832930275707376e-17,3.830595320245486e-16,1.0026470737649625e-16,-3.411762989156606e-16,1.7815735785587076e-16,2.6592855363533333e-16,5.870291149375963e-16,-7.356845635155311e-16,-1.873825551089458e-17,-0.0002588228367937098,-0.0011742106712247218,-0.0009589793934068813,-9.462930756622042e-5,-0.00012251657401175756,-0.003883765964995843,-0.0005507523111098648,-0.00016532295500746403,-0.00017098341812268384,-0.0006566236193661798,-0.00015473786863520574,-2.773680643504627e-6,4.171251984053237e-6,-1.0680687303833884e-15,1.395042189543322e-6,3.213633525361144e-16,-1.430073606709179e-16,2.6530745778880004e-16,4.087128443323516e-17,-2.589822220411045e-17,3.425298196572387e-16,2.8984205379439667e-16,2.6319836499841884e-16,-1.3276645917796592e-16,-5.721711908621284e-16,-7.75172291983037e-16,-2.291227503534321e-16,-0.0,-0.0,-0.0,-0.0,-0.0,-0.0,-0.0,-0.0,-0.0,-0.0,-0.0,-0.0,-0.0,-0.0
0.0023325823161346724,0.017595720298787972,3.4910860500282395e-18,5.476048511473225e-16,-1.126763389366689e-16,-0.0739829701219841,0.003879872365719912,0.023777734263884995,-0.07919911674699112,-3.934640982367482e-12,-0.009923327637968944,-0.0033187783350760677,-7.81123173648005e-15,-0.03285328329256879,-0.01402026636409806,-0.003725173564297207,-0.005033377929197244,-0.010824482306485117,-0.002246126786126799,-0.0007444066603874975,-0.00329409620798319,-0.03434633298664744,-0.004675791337519378,-0.006632516046447547,-0.0016089375167698378,-0.010045323829821715,-8.928126456501562e-5,-1.1897688469646256e-15,-4.1703850571435146e-16,6.877205982439108e-16,-1.2291100731568341e-16,1.4066279167318378e-16,-1.4329284986821873e-16,-1.1254085473794104e-16,3.7250530494223203e-16,7.506145677742015e-18,1.0537734060944614e-15,-2.0101325683250063e-16,5.992942927814323e-16,-0.0035814326290632254,-0.012722407852817467,-0.013535248809352637,-0.0017435937187079914,-0.0013617847786102392,-0.0018101670544397076,-0.04303661941204511,-0.0029625546460773384,-0.0021589639573414165,-0.008638296949114275,-0.001780597271667512,-3.199709677581881e-5,2.8472722398221444e-5,1.8829200964143497e-15,9.522476498993377e-6,-2.7079171719713522e-17,9.175960171597192e-16,8.886848203350387e-16,6.714552096808647e-16,6.050420026604113e-16,-1.1776198311070552e-16,1.2321565868423562e-15,4.3925945312514605e-16,1.5666988287987245e-16,2.144809959942176e-16,-1.5459419418756997e-16,6.938067836181852e-16,-0.0,-0.0,-0.0,-0.0,-0.0,-0.0,-0.0,-0.0,-0.0,-0.0,-0.0,-0.0,-0.0,-0.0
0.000865250081103329,0.005839047131407097,1.6529670645995705e-16,5.582626858084823e-16,-1.8811880766396225e-16,-0.024662853881676158,0.0006868391712173286,0.010237322451084363,-0.026195992401364967,-2.909406601985648e-12,-0.003946418428022221,-0.001319848387344514,-6.8298117390464e-16,-0.01618239683925491,-0.00016224860644947916,-0.0009605093713143328,-0.0009049512588765232,-0.003202198514821629,-0.0008668583986288854,-0.00037126501291252637,-0.0009997084880335023,-0.001893256014634584,-0.01063995159630824,-0.003988990171634813,-8.766521049874222e-6,-0.0033292288171686904,-3.1188908244272393e-5,-3.7046616519848015e-16,-3.6644753726391023e-17,1.666123547081034e-16,1.7761616351530813e-16,1.1304394897972442e-16,-1.2317305094113932e-16,-9.091115594566118e-17,2.2572519966762065e-16,-4.219520338097574e-17,4.491476826605054e-16,2.6117304363934246e-17,4.3511261542623526e-16,-0.0010164008724187009,-0.0034003194976266055,-0.002970489182407969,-0.0008021780063745583,-0.0004549043843022827,-0.0004518624902562071,-0.0016243129621330281,-0.014826451478243215,-0.0019013022909892079,-0.003249086935601284,-0.0006086047294262143,-1.1233171505702102e-5,1.1751594459180982e-5,1.0500130806129093e-15,3.9302276931709385e-6,-2.856922951099073e-16,2.2058006493837068e-16,2.9508520089036813e-16,2.55902563149013e-16,1.7431713368597313e-16,-1.1348306908078687e-16,7.086806469248854e-16,1.7549790638688228e-16,1.2977814058825801e-16,3.3260065642507895e-16,5.4149223564147884e-18,3.4170778256089364e-16,-0.0,-0.0,-0.0,-0.0,-0.0,-0.0,-0.0,-0.0,-0.0,-0.0,-0.0,-0.0,-0.0,-0.0
5.259235178989565e-5,0.00019041089647683113,4.955722843352137e-17,1.019164222183812e-16,-5.664716274315228e-17,-0.0008812916571911287,5.268624620780319e-5,0.00162015188310766,-0.0007891475888894213,-4.687711678472596e-13,-0.0004977890901125018,-0.0001664816186640349,-1.8500533344215152e-16,-0.0019337227489451211,-9.814088520060221e-5,-1.7060161687904455e-5,8.263235752530694e-5,6.797733016701327e-5,7.440527357913294e-5,0.0013551723647969866,-6.654112960565954e-5,-5.434949610292366e-5,0.0001350954704690267,-0.002300822572999995,0.00010260395655943853,-0.0001492456737166861,4.784275723710586e-7,-5.389508126446937e-17,5.08778670634992e-18,1.8239110621501767e-17,7.196661524745353e-17,1.688064109107021e-17,-2.862611354202162e-17,-5.1005802890432937e-17,8.80393091870001e-17,5.5278887615540345e-18,1.3448383378155633e-16,-1.0760387266979538e-17,1.4026104006453062e-16,-7.07292942266934e-5,-0.00022141245423102163,-0.0002354676221470266,-3.2579730146317445e-5,-4.602827058624788e-5,-6.239613314716977e-5,-0.00014769890661942884,-0.00010959491406339065,-0.0015127566481459758,-0.00029158305131994,-6.710290596900898e-5,-8.236151155299794e-7,1.696587118560985e-6,2.415728119234136e-16,5.674101246916187e-7,-5.792342644564976e-17,7.04284225910197e-17,7.155308764877781e-17,5.5126263046738567e-17,1.7669512158714056e-17,-1.5154445969198555e-17,1.6803883439381325e-16,4.5017012855241727e-17,9.470930124229155e-18,9.925502281264232e-17,2.977660599387144e-17,9.862670097850577e-17,-0.0,-0.0,-0.0,-0.0,-0.0,-0.0,-0.0,-0.0,-0.0,-0.0,-0.0,-0.0,-0.0,-0.0
0.0020120560707184163,0.01376414008560821,3.944336921349894e-15,3.5909519666988736e-17,-6.088778333047912e-15,-0.057548049261715445,0.002756010723359693,0.009989660693715634,-0.06191836740964708,-4.353972475933399e-12,-0.0063050087245926,-0.0021086602318305925,2.7952855911487825e-14,-0.03066488876424119,-0.0012080221643012536,-0.003746893211109787,-0.008669257643150283,-0.012611861920316748,-0.002673692966960973,-0.0007199535760334842,-0.0027072153306350534,-0.006562233988936424,-0.004748674276160269,-0.006681881177770194,-0.006032790561777636,-0.009171045953144894,-3.6396141603400204e-5,1.1895823406095037e-14,1.2106146184281698e-14,-2.1456177945049633e-15,1.4771811706162918e-14,2.6810752090096536e-15,-6.6143343039992956e-15,-1.0635445145796729e-14,1.2553490627102763e-15,3.637078381002572e-15,-9.621800343618245e-15,9.357179670566395e-15,-2.297949754245968e-16,-0.003452934507920159,-0.011927361095475415,-0.008946176371988244,-0.0015655041367655092,-0.0011567615213257134,-0.001054552814183413,-0.004328517035551219,-0.0029901338134977187,-0.002241608356017575,-0.02611303906659635,-0.0015908855627664727,-2.6885135709372496e-5,6.741768417236608e-5,1.9237726537922195e-14,2.2547310520900154e-5,-4.6244631608978614e-15,-1.679288680352573e-15,-4.187547436350784e-15,-5.644973415209743e-16,-3.757128149686403e-15,-1.746554883154828e-15,-4.57269727883842e-16,-3.0819598404674373e-15,3.430103786445734e-15,6.041046766148685e-15,3.195520842727413e-15,1.2716994116167973e-15,-0.0,-0.0,-0.0,-0.0,-0.0,-0.0,-0.0,-0.0,-0.0,-0.0,-0.0,-0.0,-0.0,-0.0
0.00033241615949942786,0.0019027186747337197,2.933162342254342e-16,3.314527523742104e-16,-7.896213868038771e-17,-0.008092223436937433,-0.00018303648284924374,0.00573717483169681,-0.008555295277315071,-1.2703059676932026e-12,-0.001881851797000358,-0.0006293704291098555,-1.7829184261088056e-16,-0.006673725232511104,-0.00035160002590418644,-7.122380529540427e-6,0.0005997219599901166,0.000935189569764155,0.00010576236508772011,-1.2138990913823328e-5,-7.990762784565954e-5,1.7437808080891504e-5,-0.00015695280080929,-0.00021866184235310235,0.0006834342127835314,-0.010974659004392949,-8.092279636979947e-8,-3.5539672427200417e-16,3.9606222570977557e-17,1.8682729895079235e-16,3.3005606058546934e-16,5.825007811394918e-17,-1.657275868048797e-16,-2.189507404215153e-16,2.853847612025315e-16,1.7318295188593386e-17,6.65767868598345e-16,1.439843457019227e-16,6.504048501477883e-16,-0.00016770890956854006,-0.0005796726831322591,-0.0005135479346567422,-6.318636398508386e-5,-7.376284887319956e-5,-6.535296787164947e-5,-0.00029350147693344873,-0.00018583964875633642,-0.00012921857639770204,-0.0005913196697162346,-0.004217930708701654,-2.9144593685646027e-6,7.722596849617276e-6,1.2861562458651695e-15,2.5827613527463686e-6,-2.6623785286865024e-16,5.455630245803259e-16,3.1696994323872033e-16,3.407424079362592e-16,3.3677948598715145e-17,-1.0045274790847609e-16,7.688147378159103e-16,1.6137454588165766e-16,-3.6956584607512443e-17,5.761240550266374e-16,1.769983402750989e-16,5.556310105735414e-16,-0.0,-0.0,-0.0,-0.0,-0.0,-0.0,-0.0,-0.0,-0.0,-0.0,-0.0,-0.0,-0.0,-0.0
8.156032852185388e-6,2.3987840158264014e-5,2.498699971201933e-18,1.2446810004606743e-17,1.6501917102915936e-17,-0.00010682694148767918,1.8007792824785416e-5,8.098031821594277e-5,-0.00010204729949734474,-3.6603482372671455e-14,-4.024014649592758e-5,-1.3457998290801871e-5,3.6140869625091905e-17,-0.0001356974206569191,-3.928744853300369e-6,-1.1980214700732787e-5,9.341950642798423e-6,-4.933249782408017e-6,6.553058122983308e-6,-2.2099427671699306e-7,-1.837468497526806e-6,4.400305369661051e-7,2.2032728492084436e-6,-7.83940613620064e-7,1.1836026150346077e-5,-1.137677621360461e-5,-0.00012128465041331274,-9.247660095633378e-18,1.5742462598649233e-18,9.944928397344572e-19,7.405937479908227e-18,-1.6942826859641597e-19,4.2671740445279366e-19,-1.1167036006759945e-17,1.5413290671903876e-17,2.1010364239259495e-18,2.1888570659575686e-17,3.0675735209350033e-18,9.665129882557174e-18,-1.8006501091149074e-5,-1.9569048017336345e-5,-3.8835591047097966e-5,-2.7484116843109744e-6,-4.525245223627809e-6,-4.371548096352518e-6,-1.4423723914598975e-5,-5.300732602748972e-6,-6.032612979787498e-6,-1.6572009062016535e-5,-6.640562223322259e-6,-7.523991079286489e-5,1.436987766592978e-7,5.122017465917852e-17,4.805891774482138e-8,-3.898802562051402e-18,1.2820241550694916e-17,1.0862778261885096e-17,7.92663527677142e-18,1.0113792973255218e-18,8.613795694937279e-19,2.390704048110486e-17,9.274635543903314e-18,-2.052770730161011e-18,7.620149195537314e-18,7.850301793406867e-19,8.15024809834812e-18,-0.0,-0.0,-0.0,-0.0,-0.0,-0.0,-0.0,-0.0,-0.0,-0.0,-0.0,-0.0,-0.0,-0.0
-0.00014055623203834645,0.008339193061623874,3.5788748292588356e-16,6.209695893063596e-16,-1.2359202141413277e-16,-0.03509882568181987,0.024666491387104503,-0.0008346843660826591,-0.03710759799402876,6.493207322634042e-13,-0.0034124979171961762,-0.0011412829011874922,-1.842670915203096e-15,-0.007395243338483843,-0.0011128759662461705,-0.03292573102660531,0.0020912621040463397,-0.0017676657830619142,-7.66116928892413e-5,-0.00019205687261391862,0.00011034823031920866,-0.0009161208971039756,-0.0005138037131412801,-0.0005477142785555166,-0.0032595241885962443,-0.0008691542612636992,-3.8458490910811035e-5,-6.503740628790273e-16,-3.5599208378629003e-16,1.3427758081519639e-16,-7.541134543856755e-16,2.1998379280000504e-16,-2.243207845822109e-16,-6.9429213599952315e-16,3.792137261172965e-17,-7.373794939180322e-16,7.47208362431942e-16,-1.2281052041066517e-15,4.8015645042304e-16,0.006919228856304105,0.00035720792925687735,0.0017930942835002995,0.00018681494558794848,0.00010326235771386816,0.00011650705949372982,0.0004005891873262513,0.00020735058137640955,0.00017819623752212535,0.0005804280318394552,0.000162310368257765,2.512708348854881e-6,1.8908393909588415e-5,1.828000361094713e-15,6.323762585851015e-6,-3.2760405987680946e-16,1.7712648531813619e-16,5.712412832577218e-16,-9.869559765210296e-17,5.547479669565354e-18,2.8514273363516496e-17,1.532398052512355e-17,3.3668127384785213e-16,3.9198353449239223e-16,-4.477607606794882e-16,-6.585404393278203e-16,-2.455759727599332e-16,-0.0,-0.0,-0.0,-0.0,-0.0,-0.0,-0.0,-0.0,-0.0,-0.0,-0.0,-0.0,-0.0,-0.0
-4.686919925512058e-8,-0.0010866049165578773,1.0604877646762946e-16,8.65844141987631e-17,2.9713416134148264e-17,0.004197309623515071,0.0028507270918783096,-8.572511812810917e-5,0.005226602992951727,-1.2095661672266345e-12,-0.0007997671725210689,-0.0002674757966381919,-4.0246752047043687e-16,-0.0035063802503907315,-6.5834683425249574e-6,0.0001625409590415814,0.00048732820696959455,0.0011085072106293706,0.00021178436750570422,7.323656446711475e-5,0.0001632494173275253,0.0005887802661962408,0.00031287298018240807,0.0005132270133948076,0.0005125988764084972,0.000567230621099103,9.339819494979692e-6,-8.754072177031922e-17,-1.2418341071729197e-16,6.296246598966758e-17,-6.669977592518668e-17,-1.2166011680238172e-16,-9.982358733232728e-17,-1.6909829434015267e-16,5.305137463412163e-17,-1.0471576337834846e-16,2.3369193281197773e-16,-3.5139319378473546e-16,1.9235393959060046e-16,-2.598412990187594e-5,-7.367048427622627e-6,-7.891499304122142e-5,4.751569327923443e-6,6.643923804166518e-6,-1.3723370187152712e-5,3.2388430981703816e-6,-1.080528158400002e-6,1.0976789961640747e-6,-5.48161063036844e-6,-8.956054417708564e-7,-6.976113918835002e-9,1.979512017750913e-6,2.582102018188195e-16,6.620321171860625e-7,-7.571900532298653e-17,1.9352877358551874e-17,4.2870178676161824e-17,7.400048269521921e-18,-1.3325436828414448e-16,6.28046859758082e-17,3.2968330694563025e-17,9.158519522936887e-17,2.270869569524165e-17,-1.0241210950076318e-16,-2.460410689200213e-16,-1.1039054472675539e-17,-0.0,-0.0,-0.0,-0.0,-0.0,-0.0,-0.0,-0.0,-0.0,-0.0,-0.0,-0.0,-0.0,-0.0
-6.241061571549869e-7,0.00014022779715555813,8.813599252117456e-16,1.1394539549231447e-15,-7.411504238806001e-16,-0.0005579659247618634,-4.2093087948470025e-5,6.749054860953216e-6,-0.0006536072121559634,8.320961381097132e-14,2.58836138219165e-5,8.656569641072729e-6,4.808824002299941e-16,8.947508636195606e-5,-6.6985077664000875e-6,-2.322537159351846e-5,-1.8660951058304902e-5,-0.00015532368683240566,-2.8743183515423427e-5,-1.0127032852988703e-5,-2.7160373760531674e-5,-8.321989315924522e-5,-4.304434669061162e-5,-8.79551855897932e-5,-4.730744562658731e-5,-0.00010519165370267237,3.4633559306955324e-6,-6.93759369272606e-16,-2.420791911525787e-16,-7.895341281299146e-17,-8.497112945604924e-16,3.5097016050700394e-16,-2.4119616826705803e-16,-6.359911772195765e-16,7.383713438493568e-17,-9.26284949076333e-16,1.4428860934234518e-15,-1.7355987243117876e-15,9.36930484934249e-16,6.553592674767206e-6,3.549789167128299e-6,2.5555250418481563e-5,1.9729441046408585e-6,1.5950184447916795e-7,3.0872314745375215e-6,3.873921204149463e-6,1.9979331535696486e-6,1.692265251433992e-6,3.0848975999923687e-6,1.6209336681585065e-6,-2.5652605999067346e-8,7.480959793086836e-6,1.547467344171053e-15,2.5019477518858934e-6,-7.780834062197067e-16,3.9799602862237526e-16,6.554806048368603e-16,1.2144849273893668e-16,-6.866117295270439e-18,1.1556792963408468e-16,5.423363977593589e-16,4.193299970859616e-16,6.795253015620748e-16,-9.253684279152646e-16,-9.413563185349891e-16,-2.470379111825957e-16,-0.0,-0.0,-0.0,-0.0,-0.0,-0.0,-0.0,-0.0,-0.0,-0.0,-0.0,-0.0,-0.0,-0.0
-9.699257026973406e-8,2.848273001009103e-5,1.123345212813456e-16,9.699926189285862e-17,4.5357022027452096e-17,-0.00011349241123204832,-8.587326360123494e-6,8.901756544773413e-7,-0.0001347607894130972,1.0378986613380335e-14,5.499932991307894e-6,1.839409029040305e-6,-2.8168333341529304e-16,6.017089496743482e-7,-1.522432654991083e-6,-4.500397936226404e-6,-4.005434682485788e-6,-3.1381680287911307e-5,-5.78654293943033e-6,-1.6200850034133526e-6,-5.612180873494727e-6,-1.5923582489686117e-5,-1.0112632036630568e-5,-1.6394427556367107e-5,-9.89687069789851e-6,-2.121666215844963e-5,-1.075396447768609e-6,-9.066840352602365e-17,-1.325852031138102e-16,5.88907485602302e-17,-6.948484045704603e-17,-1.2544585548300645e-16,-1.0410031180390815e-16,-1.7025346736803414e-16,5.001607210610635e-17,-1.0817439959590075e-16,2.404512459931731e-16,-3.6476920688264865e-16,1.952825296009515e-16,1.1941341542772857e-6,5.154989032639367e-7,5.161079583271771e-6,3.280267557591969e-7,3.867480596427584e-9,6.419132741236196e-7,5.690992397113191e-7,3.717083835316474e-7,2.7324604973205103e-7,4.755974377321841e-7,2.4124569218362886e-7,6.792477308661593e-9,-2.1701714083435167e-7,2.624162510153615e-16,-7.25796632327293e-8,-6.960243210708441e-17,1.664311319726787e-17,4.8669705044069586e-17,2.345077278809157e-18,-1.3305681633231985e-16,6.455737842046206e-17,2.897864320032486e-17,9.616985923475906e-17,1.878468248322918e-17,-1.0344258792615808e-16,-2.453193202063964e-16,-7.948045606932017e-18,-0.0,-0.0,-0.0,-0.0,-0.0,-0.0,-0.0,-0.0,-0.0,-0.0,-0.0,-0.0,-0.0,-0.0
-0.00011458204843966201,0.006219001960924982,9.483011049821383e-18,1.3737927979351357e-16,1.3396070467793564e-16,-0.026373336045935378,0.02156603869611667,-0.0007264930983318474,-0.027467601379833406,-9.57415308303797e-14,-0.0031912538771068236,-0.0010672895842469385,-1.6876155221558614e-15,-0.007793127293944475,-0.0009093655508592463,-0.026804065195874555,0.0019555009108248797,-0.000834445813669581,5.344867612632329e-5,-0.00011685846871645554,0.0001817116913265695,-0.0004247151557503392,-0.0002473760209343921,-0.00015918278631793628,-0.0023906129361161627,-0.00038742999950101793,-2.7470039973305956e-5,-3.0907411943105494e-16,-2.1455281880483753e-16,1.4074691944932123e-16,-3.4153146509562866e-16,6.07896974065013e-17,-1.0875346478536346e-16,-3.6995098111452117e-16,1.1851749484304031e-17,-3.0551388784869634e-16,1.5192295136336126e-16,-4.523078865420488e-16,9.740939609942317e-17,0.005636143510380814,0.00028676007610310895,0.001415179286605899,0.00015413624449312196,8.755548953599942e-5,8.712592094578998e-5,0.0003272755863100637,0.00016801548881244816,0.00014541605570160464,0.0004701777346464492,0.00013149866693264626,2.054230174035515e-6,1.4078513653006627e-5,1.0032091568212378e-15,4.7084473877076864e-6,-2.224909890765645e-17,1.8023931771778717e-17,2.5328624224746906e-16,-1.1713230031622584e-16,-7.229420249404663e-19,-1.1647148276032043e-17,-1.5930472713691275e-16,1.4187888003137954e-16,1.0265572577718221e-16,-7.034544292554123e-17,-2.4586640706660164e-16,-1.2219359245633116e-16,-0.0,-0.0,-0.0,-0.0,-0.0,-0.0,-0.0,-0.0,-0.0,-0.0,-0.0,-0.0,-0.0,-0.0
-3.122692868912988e-7,7.052835421582846e-5,4.3963781415156055e-16,5.657418509023775e-16,-3.6205188580061216e-16,-0.0002806408155409111,-2.1173003669410874e-5,3.3681861576714014e-6,-0.00032884487389092134,4.1494025828130745e-14,1.303157169375251e-5,4.358305941218229e-6,2.1040353768106313e-16,4.404094871981178e-5,-3.377903561400787e-6,-1.1669457917073173e-5,-9.397391902043385e-6,-7.811176702921353e-5,-1.4453717097274848e-5,-5.0695535868793605e-6,-1.3665681030262322e-5,-4.1802321782396746e-5,-2.1724297948641048e-5,-4.415711155077412e-5,-2.3809289542207886e-5,-5.289854763414693e-5,1.6446261314001914e-6,-3.4618212515421703e-16,-1.2631712228540757e-16,-3.5612188312347946e-17,-4.217280380016203e-16,1.6576280014018916e-16,-1.2432494004788096e-16,-3.2212161621509843e-16,3.905199725616477e-17,-4.615065245840189e-16,7.228295441849754e-16,-8.73598420383352e-16,4.715065379548265e-16,3.2886725204713935e-6,1.774145873533541e-6,1.2851534919439384e-5,9.883265161326532e-7,7.866199875639608e-8,1.553552065103176e-6,1.936500661141886e-6,1.0030062979406526e-6,8.472794850545929e-7,1.5433081581176421e-6,8.104451344434442e-7,-1.2245665710684459e-8,3.6676177040196737e-6,7.754687947766199e-16,1.2266056927765968e-6,-3.865045169889432e-16,1.9666332869070832e-16,3.2505787966347345e-16,5.986231511925546e-17,-1.0654102665936377e-17,6.037243813829884e-17,2.6833133032594157e-16,2.1150577984394241e-16,3.3524974340767837e-16,-4.607969485130387e-16,-4.764199377351061e-16,-1.2193950922317934e-16,0.0,0.0,0.0,0.0,0.0,0.0,0.0,0.0,0.0,0.0,0.0,0.0,0.0,0.0
-5.753494121305924e-7,0.0001538472534129486,5.778782016219356e-17,-4.0816843734498037e-16,-7.695693593002245e-16,-0.000613528955881504,-4.8000787971151986e-5,1.0574863491259932e-5,-0.0007123274584101651,-1.0385465240744009e-14,2.9336460474984615e-5,9.811346858469884e-6,1.3883429355073427e-15,0.00013916737935903555,-7.975742179669507e-6,-2.8864982794342886e-5,-1.9516858368694327e-5,-0.0001760514307423999,-2.798786367668697e-5,-8.594928133926693e-6,-3.309798413118209e-5,-9.522683292666667e-5,-3.9713902048284454e-5,-0.00010251406627713641,-5.1810087760589486e-5,-0.00012169774685577526,1.6719787297155234e-5,5.340625106847849e-16,-3.070867235406998e-16,5.429137871964599e-16,4.5512972774459975e-17,3.5139687872899546e-16,-6.129381267485311e-17,4.718573845184642e-16,-4.4263196135413156e-16,1.290322486246794e-16,-8.355429764671409e-16,2.5541166155576755e-16,-3.386096046188838e-16,7.997405759369099e-6,3.8595077358976735e-6,3.053906003671179e-5,1.8076129258997655e-6,2.704925794032956e-7,3.890436407772954e-6,4.274452895093108e-6,1.736477649146557e-6,2.112391115552313e-6,4.450529104706423e-6,1.731170577186279e-6,-1.0104632957364314e-7,1.2138375374422351e-5,2.1876355484487324e-15,4.059583507119933e-6,-3.156911065044422e-16,-2.9264516342033125e-16,3.3997763411273263e-16,-2.2144688604033643e-18,-1.6693420647933433e-16,1.705438347802738e-16,3.0803166472306303e-16,-2.1004324716813895e-16,-2.2997031799121625e-16,4.929720416333136e-19,-5.42042135144155e-16,-2.4894222413913207e-16,0.0,0.0,0.0,0.0,0.0,0.0,0.0,0.0,0.0,0.0,0.0,0.0,0.0,0.0
-5.7519499216397586e-8,1.958290416782962e-5,5.62745844879879e-17,2.4547149405448032e-17,9.105678844600062e-17,-7.807980721368422e-5,-5.916720132906275e-6,4.6723872554259594e-7,-9.32613085603209e-5,5.07767138363608e-15,3.85609401972083e-6,1.289640104436723e-6,-4.2128686929340773e-16,-4.927869719826409e-6,-1.0965751199886718e-6,-3.030059132899804e-6,-2.8189546417260035e-6,-2.1528584027535505e-5,-3.960368446467694e-6,-9.787748452226144e-7,-3.889864647055678e-6,-1.0651248974079922e-5,-7.366325732398759e-6,-1.0826339117626847e-5,-6.892344376729805e-6,-1.4545585524928148e-5,-1.2744352954078998e-6,-4.6150486759353984e-17,-1.1666599026895464e-16,6.37860566618021e-17,-1.564332184833685e-17,-1.4636985661903586e-16,-8.827628920173172e-17,-1.288459535475359e-16,4.474680358824412e-17,-4.9203189328640736e-17,1.4767855784246454e-16,-2.5313389022650536e-16,1.3489983725809325e-16,7.7967620201804e-7,2.916156641989601e-7,3.540992191417266e-6,2.0308660798461926e-7,-5.994750111222948e-9,4.4619828855420333e-7,3.2476869089899866e-7,2.4484912443951033e-7,1.665004791373974e-7,2.815516907684747e-7,1.389535370302171e-7,8.28965907108798e-9,-6.77150705539652e-7,1.648823477445295e-16,-2.2646768958821144e-7,-2.0489043322895684e-17,-8.640237967039722e-18,7.412546500359279e-18,-5.294733377937358e-18,-1.3180545118640272e-16,5.696427394638013e-17,-5.0609361755188435e-18,6.904611976528635e-17,-2.4141634844388692e-17,-4.4645058422757e-17,-1.848793580602944e-16,7.450300991344722e-18,-0.0,-0.0,-0.0,-0.0,-0.0,-0.0,-0.0,-0.0,-0.0,-0.0,-0.0,-0.0,-0.0,-0.0
-5.753305777391248e-7,0.00015384460380572353,5.778778230979777e-17,-4.081684472636603e-16,-7.695694069091097e-16,-0.0006135179281990395,-4.80075379074246e-5,1.0575038924587559e-5,-0.0007123154205117402,-1.0385670880869724e-14,2.93374407116521e-5,9.811674690786033e-6,1.6667864406059358e-15,0.00013916948290689153,-7.975463006993853e-6,-2.8865040788955074e-5,-1.9506348493587987e-5,-0.00017605165739145376,-2.7987655991895205e-5,-8.594859302582421e-6,-3.30979889168969e-5,-9.5226618266164e-5,-3.9713755474925535e-5,-0.00010251383520572974,-5.1809532474486797e-5,-0.00012169735744241356,1.6719791204342976e-5,5.340625203437936e-16,-3.0708668406550534e-16,5.429138087037689e-16,4.5512971561094305e-17,3.5139688600186895e-16,-6.129381188293953e-17,4.718573773677908e-16,-4.426319343767618e-16,1.2903225111295057e-16,-8.355429762990812e-16,2.5541167813031765e-16,-3.3860961847639884e-16,7.997347832923393e-6,3.858576812526305e-6,3.0538737803622516e-5,1.8075526017953088e-6,2.7047013603442763e-7,3.8904059825963535e-6,4.2743649554233896e-6,1.736434680575466e-6,2.11235122146395e-6,4.4504229025799246e-6,1.7311381962978031e-6,-1.010467638605096e-7,1.2138372511244925e-5,2.187635544924984e-15,4.059582549552917e-6,-3.1569111457081633e-16,-2.9264515664829446e-16,3.399776265225293e-16,-2.2144567445369834e-18,-1.6693421753737903e-16,1.7054383623228576e-16,3.080316740816206e-16,-2.100432591350769e-16,-2.2997032749334463e-16,4.929430183919214e-19,-5.420421475084965e-16,-2.489422507235876e-16,-0.0,-0.0,-0.0,-0.0,-0.0,-0.0,-0.0,-0.0,-0.0,-0.0,-0.0,-0.0,-0.0,-0.0
-5.751949938785358e-8,1.9582907692798183e-5,5.627458450763514e-17,2.4547149438173844e-17,9.105678849562858e-17,-7.807982084072736e-5,-5.9167291729593495e-6,4.6723899934917484e-7,-9.326132550824318e-5,5.077675240503732e-15,3.856096565733344e-6,1.2896409559255623e-6,-3.8002276740939297e-16,-4.9278586321406495e-6,-1.0965751040426777e-6,-3.0300596724238577e-6,-2.818956180655687e-6,-2.1528587632906993e-5,-3.960369134000056e-6,-9.787750825053006e-7,-3.8898651808379664e-6,-1.065125088581589e-5,-7.36632675367924e-6,-1.0826340791878705e-5,-6.8923460290797076e-6,-1.4545587384861113e-5,-1.2744353283496038e-6,-4.615048676921246e-17,-1.1666599029550632e-16,6.378605664903055e-17,-1.564332185711705e-17,-1.4636985663103515e-16,-8.827628921524056e-17,-1.2884595355121142e-16,4.474680357865984e-17,-4.9203189339509883e-17,1.4767855786359374e-16,-2.5313389026859193e-16,1.3489983726717957e-16,7.796762902234878e-7,2.9161568795804613e-7,3.540992457242398e-6,2.0308659396726285e-7,-5.994771107263359e-9,4.461983339543134e-7,3.247686824453881e-7,2.4484912902493987e-7,1.665004765211329e-7,2.815517096325017e-7,1.3895354062675683e-7,8.289659110665962e-9,-6.771507124850854e-7,1.648823477579225e-16,-2.2646769191107767e-7,-2.0489043303420582e-17,-8.640237975668599e-18,7.412546518662294e-18,-5.2947333939757915e-18,-1.318054511857848e-16,5.69642739518925e-17,-5.060936188288758e-18,6.90461197797306e-17,-2.414163485690628e-17,-4.4645058425895836e-17,-1.8487935805792732e-16,7.450301001085435e-18,-0.0,-0.0,-0.0,-0.0,-0.0,-0.0,-0.0,-0.0,-0.0,-0.0,-0.0,-0.0,-0.0,-0.0
-2.877170966197445e-7,7.693648462260681e-5,2.892974972917341e-17,-2.0406562472750743e-16,-3.8472079242175685e-16,-0.0003068159726644338,-2.400053244319613e-5,5.2875732691618006e-6,-0.0003562248157886093,-5.189294523928464e-15,1.4670025309680175e-5,4.906273776944631e-6,6.332439850464467e-16,6.957852038006188e-5,-3.988660229432721e-6,-1.4434215056618771e-5,-9.765302850719533e-6,-8.803825230085789e-5,-1.3996391413475805e-5,-4.298069062046336e-6,-1.6551266416800958e-5,-4.761972492449402e-5,-1.9861491954255987e-5,-5.126341269697865e-5,-2.590939864222435e-5,-6.0857593503472934e-5,8.358956869036248e-6,2.669978974473034e-16,-1.5361636285881351e-16,2.7149422025738054e-16,2.274610828691935e-17,1.7560183455398847e-16,-3.070329876823307e-17,2.3584254845662765e-16,-2.2128416952501517e-16,6.448357535394029e-17,-4.176707338095157e-16,1.2754116859003122e-16,-1.6921566336105594e-16,3.999178530614757e-6,1.9303751852185496e-6,1.5271759100502526e-5,9.039546194223755e-7,1.3525168552816503e-7,1.945493762764336e-6,2.137449687240747e-6,8.684057562673285e-7,1.0563079813081015e-6,2.2254677840854078e-6,8.65678874551262e-7,-5.051692278621364e-8,6.068670303919625e-6,1.0939089267121881e-15,2.02961871881636e-6,-1.5785657623233725e-16,-1.4632614418415518e-16,1.6999126612641946e-16,-1.110632752788306e-18,-8.355078104791807e-17,8.530741034478266e-17,1.5401046409347137e-16,-1.0497574576200264e-16,-1.1499911815980122e-16,2.1776514715510406e-19,-2.711363357098149e-16,-1.2446460169869034e-16,-0.0,-0.0,-0.0,-0.0,-0.0,-0.0,-0.0,-0.0,-0.0,-0.0,-0.0,-0.0,-0.0,-0.0
-2.8769837153958813e-7,7.693385257059915e-5,2.8929712109617007e-17,-2.0406563457086864e-16,-3.847208397257029e-16,-0.00030680501743910566,-2.4007248410945543e-5,5.287747836860687e-6,-0.0003562128581553297,-5.18949661592038e-15,1.4671001353487178e-5,4.906600206989094e-6,9.174387943644572e-16,6.958061829503647e-5,-3.988382673116658e-6,-1.4434273017125969e-5,-9.754855016157635e-6,-8.803847965464729e-5,-1.3996185330494582e-5,-4.298000773348583e-6,-1.6551271469894654e-5,-4.761951261639599e-5,-1.986134682111921e-5,-5.126318393017934e-5,-2.590884756221025e-5,-6.085720741703787e-5,8.358961077999079e-6,2.6699790704415143e-16,-1.5361632362921414e-16,2.714942416334278e-16,2.2746107076118465e-17,1.7560184177745964e-16,-3.0703297988343015e-17,2.3584254134513785e-16,-2.2128414270950828e-16,6.448357782148904e-17,-4.176707336293417e-16,1.2754118504539816e-16,-1.6921567713119417e-16,3.999120992504088e-6,1.9294496902527882e-6,1.52714388948601e-5,9.038946378228802e-7,1.352293602720198e-7,1.9454635410160704e-6,2.137362254074184e-6,8.683630403561248e-7,1.0562683177202869e-6,2.2253622108184234e-6,8.656466840910798e-7,-5.0517355964763624e-8,6.068667453278167e-6,1.0939089232160706e-15,2.0296177654418014e-6,-1.5785658424177916e-16,-1.4632613745473818e-16,1.6999125859076862e-16,-1.1106207149860447e-18,-8.355079204187172e-17,8.530741179181786e-17,1.5401047339304542e-16,-1.0497575765063512e-16,-1.1499912761387178e-16,2.177362905758036e-19,-2.7113634800173035e-16,-1.2446462812202186e-16,-0.0,-0.0,-0.0,-0.0,-0.0,-0.0,-0.0,-0.0,-0.0,-0.0,-0.0,-0.0,-0.0,-0.0
-0.0006393492603771443,0.05553208136183898,-1.65581111651439e-15,3.1674059853900375e-16,2.8459534128238887e-15,-0.2352671826464001,0.17132890124721367,-0.00498588483149896,-0.2456035969802765,2.712194972217999e-12,-0.02681797000846143,-0.008969057669146092,-7.570948724585356e-15,-0.06064693285980986,-0.010073646937586604,-0.005181985190395024,0.010542184888577628,-0.26124440049241365,-0.0011404003248124172,-0.0011050976566807332,0.0008999208608872234,-0.0037759271062160725,-0.0020542006634979423,-0.0034020790383397217,-0.004924111956961624,-0.006223562965356233,-0.00011640357513179567,-7.686132776888479e-16,-3.481354649399738e-15,-1.4515644160295282e-15,-3.789012026743217e-15,-4.459301985727397e-16,1.4648733030140145e-15,4.060700388078776e-15,-3.5412234550566794e-15,-1.636437224282227e-16,-2.28386385281859e-15,-1.5450181377836605e-15,-2.04349534116803e-15,0.0034440522467007076,0.0023052427755604087,0.04705400681402997,0.0012820356669507574,0.0006230118605271394,0.0006926726351610459,0.0023578485875938907,0.001151062172211122,0.0010587082293685827,0.0026941830920719284,0.000891075768064041,1.2848494096929877e-5,9.171602172673624e-5,-2.736887360635325e-15,3.067369706774365e-5,3.730791255228907e-15,-2.009308698684429e-15,7.545100508737597e-16,-1.652966954071098e-15,1.4635743283767653e-15,3.6800871477320813e-16,-3.899005439160237e-15,-9.213490880541678e-17,-1.4557262511879689e-15,-1.6913185908406138e-16,7.023300298900894e-16,-2.1945002441949609e-16,-0.0,-0.0,-0.0,-0.0,-0.0,-0.0,-0.0,-0.0,-0.0,-0.0,-0.0,-0.0,-0.0,-0.0
5.420101148308443e-6,-0.10274581854468509,-1.9862277115952305e-15,-1.627249651730854e-15,7.886858618125908e-16,0.39720949720293425,0.2633610051549359,-0.00798051612334889,0.49396271548886017,-1.1238330862099576e-10,-0.07417455134935064,-0.02480709123119602,-1.0280390275078299e-14,-0.3225602045254115,-0.0004655257813024746,0.015699463576307422,0.04525212025826861,0.10482011753036603,0.02004001386001361,0.006898782412798395,0.015557624737671,0.05570139879440371,0.029740373379417186,0.048782748965980345,0.048154782061426094,0.054200928793932686,0.0009444086517933477,-1.7573053988182728e-16,-1.4218980477867545e-15,-9.747952182434975e-17,-1.9917390824515143e-15,-3.7501345390554816e-16,1.1359934649600147e-15,2.4408490930292156e-15,-1.6887085772456687e-15,1.319728631975154e-16,-2.3329497136278978e-15,6.665178397714975e-16,-1.615317168456889e-15,-0.002566893921914024,-0.000726791229767616,-0.007722577646842049,0.0004069620844506283,0.0006108924293254362,-0.0013241077718314685,0.00024409177621560928,-0.00013400833551052019,7.485336184066623e-5,-0.000550535051381091,-0.00010580116203421345,-1.1600251078813268e-6,0.00020899130877660328,-1.176734628630621e-15,6.989548799473736e-5,1.50301311746241e-15,-9.839714994058124e-16,-3.0706241910975495e-16,-5.801525109817961e-16,4.80244310001289e-16,2.978345381786935e-17,-2.2677279268239248e-15,-6.701140662395473e-16,-6.276169666987902e-16,4.90899107315656e-16,3.1330370638671946e-16,-4.1213900091306637e-16,0.0,0.0,0.0,0.0,0.0,0.0,0.0,0.0,0.0,0.0,0.0,0.0,0.0,0.0
7.997644421019585e-8,5.527862650704394e-6,-2.5352940407910558e-15,-1.2027395769033222e-15,3.44633742406856e-15,-2.385296202746529e-5,1.757599444927509e-5,-7.677989959622032e-6,-7.764748403210002e-5,3.592450936536012e-14,1.0403754581815899e-5,3.479453322659177e-6,-1.363980254667799e-14,0.0009553326942688983,-2.4172604800422865e-7,1.8967347537355987e-6,-6.496847254232168e-6,1.3255109996859053e-5,-1.461156731772069e-7,3.488764202175402e-6,9.877545773263543e-6,-6.419264577218725e-6,-1.68336629203648e-5,-7.586951540490207e-7,-7.437069251334948e-6,5.752758641708272e-6,-2.2049451001251585e-5,-6.275875745802364e-16,-3.3021058222101874e-15,-9.844341649226957e-16,-3.70285648320835e-15,-7.503772103528251e-16,1.5162338031941306e-15,4.30253227540381e-15,-3.42823440136455e-15,-1.5383579780815127e-16,-3.3332819908007802e-15,-1.3922973541899336e-16,-2.678955500429403e-15,-4.0018853194000233e-7,1.0908911905552464e-6,-1.046496523777922e-6,-3.587945853893832e-7,-7.01119706873265e-7,-1.1652609094200054e-6,-8.118379312088324e-7,7.550014555869815e-7,-8.829520672418046e-7,2.2971010852148474e-6,-7.281145938160122e-7,1.7991561938395522e-7,1.3244973590117672e-5,-1.8255532212246794e-15,4.429676514791238e-6,3.5209974412053324e-15,-2.036674163658811e-15,3.5509087288001723e-16,-1.7332362364807314e-15,1.2458714113123466e-15,1.390432182839832e-16,-4.39237565387978e-15,-6.328583384857074e-16,-1.5808840966779381e-15,8.102149084748738e-16,1.2190520919330159e-15,-2.3648190723315074e-16,-0.0,-0.0,-0.0,-0.0,-0.0,-0.0,-0.0,-0.0,-0.0,-0.0,-0.0,-0.0,-0.0,-0.0
-5.964243645277568e-8,3.9977363959171314e-5,-1.4127641212850021e-15,-6.737279435904948e-16,2.236596572062861e-15,-0.00016048096936851122,-5.486712282406302e-7,-3.7325508191376615e-6,-0.00022115314903771403,3.108661416589848e-14,1.3452841025552507e-5,4.499196134451643e-6,-8.959368514342405e-15,0.0005627848653832454,-2.1987522142228206e-6,-4.531092423588499e-6,-9.172817654745897e-6,-3.236127003886411e-5,-7.506564883970658e-6,2.5819302097823587e-7,-1.363657350994082e-6,-2.37739556786677e-5,-2.3897602338913785e-5,-2.070400554890816e-5,-1.7362481930031276e-5,-2.3779741815789975e-5,-1.562599137318034e-5,-4.63416155529888e-16,-2.1970882471213766e-15,-4.702798001415006e-16,-2.2474433628625004e-15,-7.253479368621026e-16,7.421437672014383e-16,2.3340914186758605e-15,-1.9687055483468805e-15,-1.8489876689335986e-16,-1.7176426498573136e-15,-5.60085873459987e-16,-1.3503656373132852e-15,1.2178501585254593e-6,1.1975268915143989e-6,5.999869967818178e-6,1.650813013862775e-7,-4.31569791995962e-7,1.3700395786316096e-7,1.1970959816206276e-7,9.109067781767197e-7,-2.1810348228454246e-7,1.9003661329849107e-6,-1.767356430819298e-7,1.234899241010886e-7,6.644393223208811e-6,-7.858424725160749e-16,2.2221646901636697e-6,2.0708433969563483e-15,-1.2358374209090226e-15,2.262294253773461e-16,-1.0481407868662135e-15,4.984112928634865e-16,1.9027936135767594e-16,-2.6408580038606265e-15,-2.488762201428157e-16,-9.920756199526328e-16,4.0128582935228073e-16,3.829225376092739e-16,-1.2732472969319745e-16,-0.0,-0.0,-0.0,-0.0,-0.0,-0.0,-0.0,-0.0,-0.0,-0.0,-0.0,-0.0,-0.0,-0.0
-0.0003935266676844293,-0.006722777495305082,-8.517077782885982e-16,5.369360424657309e-18,7.548778582053696e-16,0.013253446003688564,0.2113229491047257,-0.006274447491539721,0.045566954413897055,-4.325932160103663e-11,-0.046257626042703434,-0.015470496666374017,-3.3962576237062024e-15,-0.16682867431550205,-0.006420183950459437,0.003071395282471779,0.024619370742367076,-0.11978833089926749,0.007309711449718102,0.00207369353723953,0.006777318195169045,0.019944588290004495,0.010631498344368868,0.017409131205617816,0.016211792485085023,0.017830125728977117,0.00031416955652466234,-3.0409965911921975e-16,-1.456363380859329e-15,-5.633643658580689e-16,-1.7253518357437213e-15,-1.3450580119974143e-16,7.829892133356141e-16,1.8546367411353064e-15,-1.561056922643709e-15,9.110566977873595e-18,-1.0784196409898194e-15,-6.16383327578765e-16,-8.983404889209549e-16,0.0011048069588020359,0.001135610613807206,0.02603511232771912,0.0009560809196053981,0.000630056027183824,-0.00010068091472286396,0.0015568031408302303,0.0006583230232011549,0.0006853015882248541,0.0014462074622659234,0.0005093155378354951,7.417700136927565e-6,0.00013527571711749564,-1.4484495956700645e-15,4.524189219644608e-5,1.566173865634738e-15,-8.563492844026582e-16,2.0499475390650434e-16,-5.934256526476387e-16,6.35919141647484e-16,1.8297846695043006e-16,-1.6419700966909467e-15,-8.448731941971632e-17,-5.452454995448451e-16,-2.1681677675109192e-16,1.107022439083115e-16,-2.0859800510218302e-16,-0.0,-0.0,-0.0,-0.0,-0.0,-0.0,-0.0,-0.0,-0.0,-0.0,-0.0,-0.0,-0.0,-0.0
-2.0463113822115597e-9,1.6807589839853104e-5,-1.2047618842983454e-15,-5.728880434366765e-16,1.759198559073583e-15,-6.790459882367171e-5,4.376997161749079e-6,-3.438734462639618e-6,-0.00010526497288573794,2.132502569025634e-14,7.886077431965657e-6,2.6374361395088134e-6,-7.018419518111251e-15,0.00046566814290332044,-9.081524956685675e-7,-1.246346080854946e-6,-5.2212982595092625e-6,-8.977539977599383e-6,-2.9231666990025515e-6,1.0099060310333422e-6,2.054240861851883e-6,-1.0812756615065145e-5,-1.3578753441165595e-5,-8.155290160259498e-6,-8.61428903716087e-6,-7.637711524826583e-6,-1.176117396532106e-5,-3.419259350480249e-16,-1.7063653350870238e-15,-4.377116968767574e-16,-1.830326636112944e-15,-4.746469885492101e-16,6.810140958253259e-16,2.0201620577183158e-15,-1.6515135631165755e-15,-1.1121866211841775e-16,-1.5302361517282932e-15,-2.5160309374326123e-16,-1.2182800601449494e-15,3.635994910929908e-7,7.450058087454811e-7,2.0327849094069405e-6,-3.021000600423425e-8,-3.488804302230649e-7,-2.5151335620245136e-7,-1.6590599733313093e-7,5.471705784381383e-7,-3.1430191361229995e-7,1.3299881644631487e-6,-2.579855599688736e-7,9.442480068465369e-8,6.011006035929641e-6,-7.785507738796558e-16,2.0103333610642824e-6,1.714982562618498e-15,-1.0066080073688603e-15,1.7963713412433639e-16,-8.552633170195318e-16,5.167666645306982e-16,1.0942529211659907e-16,-2.161514661581805e-15,-2.6084683210205465e-16,-7.939470324520612e-16,3.657184532885967e-16,4.653797813948283e-16,-1.1066417028168326e-16,0.0,0.0,0.0,0.0,0.0,0.0,0.0,0.0,0.0,0.0,0.0,0.0,0.0,0.0
-5.051820054327417e-5,0.00841058606257363,-2.6653752230307127e-16,4.467460240529865e-16,4.903655369765395e-16,-0.035139475896710515,0.021987741492052355,-0.0005431234258176013,-0.03804448521154907,6.720024450575386e-13,-0.0034354114332052106,-0.0011489461451387646,-1.8627533189433835e-15,-0.0077277666349358344,-0.0008894600890097418,0.00021107062251470238,0.0011313684455484766,0.0013989916393781117,-0.04152232000450538,-0.0002045398317565257,9.862056002790743e-5,-0.000334037776997369,-0.0006174020008054473,-0.000729417111236838,-0.0005113874186769855,-0.0013071214119766375,-1.627718685913326e-5,1.242907716368878e-16,-2.909429210179161e-16,-4.166167730081198e-16,-4.047880138425269e-16,-4.778167129810997e-17,1.5749115259019026e-17,3.4876300313382407e-16,-5.33486316102973e-16,-2.6164560177497437e-17,1.7710166228006063e-16,-7.382276218505298e-16,-3.569064065149643e-16,0.00017392964368815372,0.0002562611734917466,0.0009054417597271443,0.002346588182112483,7.047001883416845e-5,8.40296343554704e-5,0.00026209115998667,0.00013703184217143,0.0001241757647308069,0.00027180340248918254,9.762133637638242e-5,1.2969035602747172e-6,1.773388444487676e-5,-2.9139089229886357e-16,5.930957198208082e-6,5.120149466576806e-16,-4.896969064235652e-16,1.363485097725292e-16,-5.919085971076856e-16,2.4496190257903188e-16,-9.016795302398017e-18,-1.0715963373120572e-15,8.438519887786016e-17,1.3459023594458453e-16,1.7434203273310519e-16,1.7583646705871354e-16,-1.7277807224148365e-16,-0.0,-0.0,-0.0,-0.0,-0.0,-0.0,-0.0,-0.0,-0.0,-0.0,-0.0,-0.0,-0.0,-0.0
-5.7147292174862186e-8,1.9483029841507232e-5,5.623715123647213e-17,2.4811149439130696e-17,9.155449958188642e-17,-7.768156011287877e-5,-5.884771555617265e-6,4.603710679200628e-7,-9.279881691335017e-5,5.084007222244355e-15,3.836863672300367e-6,1.2832086670459897e-6,-4.303343328194127e-16,-5.018975961118531e-6,-1.0914170432233977e-6,-3.0113327981527286e-6,-2.806182012581628e-6,-2.1414335985430164e-5,-3.942195874500088e-6,-9.731913316764598e-7,-3.868400091273126e-6,-1.058945660730418e-5,-7.340531256117005e-6,-1.0759856439490502e-5,-6.85866401801625e-6,-1.4466673017989692e-5,-1.2852460007302648e-6,-4.649589440793082e-17,-1.1646726278781553e-16,6.34348226936768e-17,-1.567275508406095e-17,-1.4659702951532327e-16,-8.82365674211555e-17,-1.2915105105564422e-16,4.503306394680796e-17,-4.9286610056939563e-17,1.4821889230084807e-16,-2.5329889853908186e-16,1.3511874097102962e-16,7.744939621311804e-7,2.891171383187564e-7,3.5212097476081868e-6,2.019187301079967e-7,-6.167629283757636e-9,4.436770146446382e-7,3.220044691764385e-7,2.4372529622219777e-7,1.651342634943658e-7,2.7867092813664216e-7,1.378333168154014e-7,8.355008824456077e-9,-6.850007939101549e-7,1.634671736740509e-16,-2.2909308947057003e-7,-2.028481999317085e-17,-8.45094711380187e-18,7.19263302701852e-18,-5.293306263685859e-18,-1.316973580310377e-16,5.685391207802431e-17,-5.260196177816258e-18,6.918192417048e-17,-2.3992858037441425e-17,-4.464533410569518e-17,-1.845285899384769e-16,7.611315691683214e-18,-0.0,-0.0,-0.0,-0.0,-0.0,-0.0,-0.0,-0.0,-0.0,-0.0,-0.0,-0.0,-0.0,-0.0
-6.35718041871356e-8,5.142271968778048e-5,-2.793141633114079e-16,3.733449718738658e-16,4.994264897200849e-16,-0.0002040286191203848,-1.2989572991533932e-5,-5.054068423161065e-7,-0.00024471601251628013,1.2484407788087141e-13,1.1315121497171682e-5,3.784252768085582e-6,-2.222625650732402e-15,9.445365786826118e-5,-2.2683768881434185e-6,-7.639032352147344e-6,-7.630454471525009e-6,-5.3454055894741845e-5,-1.0730407266339128e-5,-2.7969593806668467e-6,-7.194573573537411e-6,-2.941225534390302e-5,-2.1704510955128693e-5,-2.9420883839876408e-5,-1.778931320581032e-5,-3.531810390677631e-5,-6.04866194020473e-6,8.333249269296286e-17,-2.927321620031918e-16,-4.155683059717553e-16,-4.020171921425157e-16,-6.242202951198778e-17,8.107242374130708e-18,3.706667156741512e-16,-6.016670147896542e-16,-2.995796211467258e-17,1.8536582152552854e-16,-7.544177971362764e-16,-3.3571959873541557e-16,1.8582001073161145e-6,1.3590422015820195e-6,8.073140128259018e-6,4.859534004957161e-7,-2.087493014075508e-7,6.875539554081531e-7,7.724112320607702e-7,5.577396711481033e-7,1.3882975883295463e-7,6.120804439417712e-7,3.382728190754533e-7,3.600879830852187e-8,7.651783631792858e-6,-1.525163586945368e-16,2.559078432232627e-6,4.643025677927225e-16,-4.803261088468783e-16,1.469361566829959e-16,-5.741493633659433e-16,2.602512462819347e-16,-3.591665420548708e-17,-1.0588095875985554e-15,3.222504149845507e-17,1.6985929960499826e-16,2.905924047559006e-16,2.1807798787798751e-16,-9.804355180691928e-17,-0.0,-0.0,-0.0,-0.0,-0.0,-0.0,-0.0,-0.0,-0.0,-0.0,-0.0,-0.0,-0.0,-0.0
-5.714731059178534e-8,1.948338079895824e-5,5.623715319740756e-17,2.481115269784319e-17,9.155450452706875e-17,-7.768291686279994e-5,-5.885671694425811e-6,4.6039832705097427e-7,-9.280050432451831e-5,5.0843912419317645e-15,3.837117184864065e-6,1.2832934522921447e-6,-3.938928909596315e-16,-5.01787193768177e-6,-1.0914154513715676e-6,-3.0113864700020836e-6,-2.8063366549301954e-6,-2.1414694926500207e-5,-3.942262737982932e-6,-9.732148925686684e-7,-3.868453247883262e-6,-1.0589646978559692e-5,-7.340632921369025e-6,-1.0760023134550028e-5,-6.858828580342238e-6,-1.4466858227975168e-5,-1.28524928035178e-6,-4.6495895392652647e-17,-1.1646726543641794e-16,6.34348214188701e-17,-1.567275595757976e-17,-1.4659703071191393e-16,-8.82365687672006e-17,-1.2915105142033348e-16,4.5033062987433873e-17,-4.928661113964172e-17,1.4821889440603566e-16,-2.5329890273384154e-16,1.3511874187867818e-16,7.74502737619616e-7,2.891196212561137e-7,3.521236236667614e-6,2.0191725166414334e-7,-6.169718932202494e-9,4.4368153713168533e-7,3.2200363149913263e-7,2.4372575471778004e-7,1.6513400441365539e-7,2.786728116729049e-7,1.3783367652349702e-7,8.355013191367386e-9,-6.85001485379331e-7,1.6346717501274192e-16,-2.290933207268337e-7,-2.0284818054721437e-17,-8.450947973811955e-18,7.192634850329754e-18,-5.293307861589586e-18,-1.316973579678055e-16,5.685391262583458e-17,-5.260197450706629e-18,6.918192560892568e-17,-2.3992859280744307e-17,-4.464533440985615e-17,-1.845285897002863e-16,7.611316667640997e-18,-0.0,-0.0,-0.0,-0.0,-0.0,-0.0,-0.0,-0.0,-0.0,-0.0,-0.0,-0.0,-0.0,-0.0
-5.048465167414611e-5,0.0083843851429642,-1.2617146421299203e-16,2.604266798380289e-16,2.396426719778573e-16,-0.03503549857940588,0.021994374077153326,-0.0005428906011452617,-0.03791982228488296,6.095061388904329e-13,-0.003441159167716185,-0.001150868429423457,-7.462154957913295e-16,-0.00777511240647205,-0.0008882997011213375,0.0002149724489867288,0.0011352483070828688,0.0014262593790948638,-0.04151683775944718,-0.00020311355621716946,0.00010231533322268062,-0.0003190558972295258,-0.0006063795411115433,-0.0007144183087093986,-0.0005023264518091169,-0.0012890976266340978,-1.3241642551854828e-5,8.281440847749975e-17,-1.436198743369069e-16,-2.0856184844935453e-16,-2.0272915448405205e-16,-1.6352263226360558e-17,1.1252473328995291e-17,1.6233408979792955e-16,-2.3174544848725513e-16,-1.119022853967653e-17,8.532127884823786e-17,-3.60737021208171e-16,-1.8843814110460468e-16,0.00017297848184279143,0.00025557361342622376,0.0009013132409219704,0.0023463386052274943,7.057384120251958e-5,8.367459411899615e-5,0.0002616942780157837,0.00013674659544620624,0.00012410105896729846,0.00027148619432793144,9.7447752912034e-5,1.2787944972118296e-6,1.3904451842192188e-5,-2.141890699825026e-16,4.650233793993943e-6,2.788957283374618e-16,-2.489231011234887e-16,6.27174622323587e-17,-3.043646560833584e-16,1.1467992036756415e-16,8.86611025970482e-18,-5.409753176990548e-16,6.846036041253956e-17,5.0139393334655986e-17,2.881899755436706e-17,6.666630173391995e-17,-1.2365597875302302e-16,0.0,0.0,0.0,0.0,0.0,0.0,0.0,0.0,0.0,0.0,0.0,0.0,0.0,0.0
-3.178590320913576e-8,2.5711360224318265e-5,-1.3965708055307385e-16,1.8667248642336447e-16,2.497132466550431e-16,-0.0001020143110774917,-6.494786611934884e-6,-2.5270341200031724e-7,-0.00012235800806933753,6.24220390399206e-14,5.657560823465884e-6,1.8921264090858803e-6,-1.1127481483442487e-15,4.722682883368885e-5,-1.1341884655075098e-6,-3.819516235401272e-6,-3.815227290724256e-6,-2.6727028368489104e-5,-5.365203710724372e-6,-1.398479709418993e-6,-3.5972868629904062e-6,-1.4706127880235704e-5,-1.0852255621926137e-5,-1.4710442131747324e-5,-8.894656737626793e-6,-1.7659052238226004e-5,-3.024330995302817e-6,4.1666245434929745e-17,-1.4636608328501468e-16,-2.0778415174214092e-16,-2.010085963784451e-16,-3.121101763022225e-17,4.053619457023252e-18,1.8533335530480783e-16,-3.0083350651185765e-16,-1.497898202364723e-17,9.268291366873511e-17,-3.7720890353434197e-16,-1.6785979671850786e-16,9.291000689195576e-7,6.795211064158716e-7,4.036570133492641e-6,2.429767042284179e-7,-1.0437465082392981e-7,3.437769864458234e-7,3.8620562236127677e-7,2.788698403537776e-7,6.941488266288561e-8,3.0604022715158103e-7,1.6913641224029268e-7,1.800439931722685e-8,3.8258918024699066e-6,-7.625817614214329e-17,1.2795392116259193e-6,2.321512834986045e-16,-2.401630545891297e-16,7.34680784824854e-17,-2.870746817867385e-16,1.3012562055881744e-16,-1.7958325988052077e-17,-5.29404793902382e-16,1.611252210561263e-17,8.492964933209661e-17,1.452962015026353e-16,1.09038990321055e-16,-4.902177575422724e-17,-0.0,-0.0,-0.0,-0.0,-0.0,-0.0,-0.0,-0.0,-0.0,-0.0,-0.0,-0.0,-0.0,-0.0
-6.4673557486892e-7,0.00012627588847173292,-5.81837292295848e-16,-1.3113540794966383e-15,5.17498079134395e-16,-0.0005044977387291507,-3.921087260561666e-5,5.422117795251865e-6,-0.0005914852138096834,1.1934365350791459e-14,2.4434749388221613e-5,8.172008407628659e-6,3.135123559192208e-15,0.0007875437253191388,-6.479504239742006e-6,-2.2268954117029725e-5,-1.567915194971167e-5,-0.00014166494346490752,-2.506058484857378e-5,-6.619552011799184e-6,-2.423865847325125e-5,-7.073724570426594e-5,-4.522328831339431e-5,-7.351508046633434e-5,-4.2714164514932606e-5,-9.443950551296984e-5,-4.773135428827225e-6,6.33045771779374e-16,5.898137481308061e-17,8.24890637047681e-18,-6.494910045190431e-16,-1.260115551458739e-16,2.209663634526137e-16,8.395527948473554e-16,-1.1743356367051986e-15,-1.5201028404917286e-16,-1.08992668533603e-15,1.7480816061929475e-16,-1.7886214750250073e-15,5.987724339144906e-6,2.0761800544382646e-6,2.4759066571872138e-5,1.6470700367825022e-6,4.005323351529209e-7,2.8159328543637235e-6,3.0478523773777708e-6,1.906981789136175e-6,1.7019036757588622e-6,3.3453150870031274e-6,1.4318118220441686e-6,4.382402689377018e-8,2.0493564823071147e-7,-2.991604868001097e-15,6.853910394549343e-8,7.230531543307851e-16,-1.178033050884064e-15,-8.546867980615945e-16,-8.102310648268559e-16,-2.2240607730025634e-16,1.6459558573454382e-16,-2.1240733486927597e-15,-5.1957098564660335e-16,-1.0462322700981198e-16,-9.338093914569667e-16,-3.814671967156637e-16,-1.4279270965611325e-15,-0.0,-0.0,-0.0,-0.0,-0.0,-0.0,-0.0,-0.0,-0.0,-0.0,-0.0,-0.0,-0.0,-0.0
-5.714730933049694e-8,1.9483379790136843e-5,5.623715867380666e-17,2.4811145377813643e-17,9.155449473500426e-17,-7.768291286194309e-5,-5.885671439252789e-6,4.603983376070313e-7,-9.280049951986715e-5,5.084388796458399e-15,3.837116962649261e-6,1.2832933779709834e-6,-4.1027844304921706e-16,-5.017873791163192e-6,-1.0914154070574914e-6,-3.0113863201005267e-6,-2.80633650520186e-6,-2.1414693877282504e-5,-3.942262527632713e-6,-9.73214837814423e-7,-3.868453106710312e-6,-1.0589646402202104e-5,-7.340632496141261e-6,-1.0760022557994857e-5,-6.858828231780991e-6,-1.4466857548283154e-5,-1.2852491617956014e-6,-4.6495897026536035e-17,-1.1646725969697819e-16,6.343482956676126e-17,-1.5672748075411093e-17,-1.465970294880321e-16,-8.823656892614001e-17,-1.2915105868778845e-16,4.5033074784018965e-17,-4.928661055226521e-17,1.4821889077173545e-16,-2.5329888794230326e-16,1.3511874846101221e-16,7.745027013129556e-7,2.8911959463593677e-7,3.5212360789344095e-6,2.0191724218152144e-7,-6.1697148345507494e-9,4.436815237184606e-7,3.2200361641341263e-7,2.4372574382062647e-7,1.6513400171867988e-7,2.786727997236552e-7,1.3783366957394606e-7,8.355012486930679e-9,-6.85001635396545e-7,1.6346717800308023e-16,-2.2909337089938069e-7,-2.028482715811063e-17,-8.450938556244899e-18,7.192631969428268e-18,-5.2932966044815904e-18,-1.3169736307042772e-16,5.685391333003143e-17,-5.260176691086285e-18,6.91819249771082e-17,-2.3992862611078902e-17,-4.464534010731139e-17,-1.8452859397604784e-16,7.61131858995802e-18,0.0,0.0,0.0,0.0,0.0,0.0,0.0,0.0,0.0,0.0,0.0,0.0,0.0,0.0
-6.467241268344098e-7,0.00012627287565974358,-5.818373077757869e-16,-1.3113540814783198e-15,5.174980705480418e-16,-0.0005044853411372187,-3.921783064947766e-5,5.422273606903789e-6,-0.0005914713327485364,1.193412456654952e-14,2.443578055932042e-5,8.172353274671092e-6,3.0602624828435565e-15,0.0007875458940907656,-6.479260907022789e-6,-2.226901503581454e-5,-1.5679740621672115e-5,-0.00014166531621607356,-2.506060657462243e-5,-6.605739027348018e-6,-2.4238683817712433e-5,-7.073714294834908e-5,-4.522313467164217e-5,-7.351479265077804e-5,-4.271409882894661e-5,-9.443900410134776e-5,-4.773129990181662e-6,6.330457710264705e-16,5.898138585612145e-17,8.248907429238407e-18,-6.494910039724568e-16,-1.2601155306021706e-16,2.209663601147972e-16,8.395527890754312e-16,-1.1743356325266393e-15,-1.5201027995356822e-16,-1.0899266822199303e-15,1.7480815034161477e-16,-1.7886214758115343e-15,5.987670325828753e-6,2.076141032396799e-6,2.475877557844915e-5,1.6470290743548628e-6,4.002892621773604e-7,2.815906309329922e-6,3.0477760279600553e-6,1.9069436042008566e-6,1.7018661100997621e-6,3.345243943075842e-6,1.431783373006807e-6,4.3823666531596444e-8,2.0493279838621508e-7,-2.991604836642744e-15,6.853815083763888e-8,7.230531507838229e-16,-1.1780330531093238e-15,-8.546867945185226e-16,-8.102310657370768e-16,-2.224060787942775e-16,1.64595581401702e-16,-2.1240733535088245e-15,-5.195709927636941e-16,-1.0462322130798038e-16,-9.338093828904207e-16,-3.8146720033275743e-16,-1.427927100523203e-15,0.0,0.0,0.0,0.0,0.0,0.0,0.0,0.0,0.0,0.0,0.0,0.0,0.0,0.0
-5.714730932878743e-8,1.9483379789881303e-5,5.623715867380453e-17,2.4811145377816333e-17,9.155449473500896e-17,-7.768291286094164e-5,-5.8856714394043546e-6,4.6039833764577503e-7,-9.280049951864457e-5,5.084388796293749e-15,3.83711696251636e-6,1.2832933779610682e-6,-3.9068003388477996e-16,-5.017873791566606e-6,-1.0914154070620879e-6,-3.0113863202499743e-6,-2.806336505183018e-6,-2.1414693878022875e-5,-3.942262527699526e-6,-9.732148377857412e-7,-3.868453106804087e-6,-1.0589646402344645e-5,-7.34063249618603e-6,-1.0760022558166456e-5,-6.8588282314333555e-6,-1.4466857545521201e-5,-1.2852491617563281e-6,-4.6495897026533514e-17,-1.1646725969697476e-16,6.343482956675697e-17,-1.567274807541172e-17,-1.4659702948803023e-16,-8.823656892614243e-17,-1.2915105868779042e-16,4.503307478401513e-17,-4.928661055226561e-17,1.4821889077173173e-16,-2.5329888794230735e-16,1.351187484610099e-16,7.745027013276902e-7,2.8911959461867916e-7,3.5212360789508983e-6,2.0191724218380588e-7,-6.1697148358427865e-9,4.4368152372450156e-7,3.2200361641576224e-7,2.437257438240651e-7,1.651340017176007e-7,2.786727996854495e-7,1.3783366955954637e-7,8.355012485817714e-9,-6.850016353980522e-7,1.6346717800309287e-16,-2.290933708997382e-7,-2.0284827158109058e-17,-8.450938556248846e-18,7.192631969430555e-18,-5.293296604486223e-18,-1.3169736307042636e-16,5.685391333003006e-17,-5.2601766910924376e-18,6.918192497710561e-17,-2.3992862611078806e-17,-4.464534010731016e-17,-1.8452859397604375e-16,7.611318589956855e-18,-0.0,-0.0,-0.0,-0.0,-0.0,-0.0,-0.0,-0.0,-0.0,-0.0,-0.0,-0.0,-0.0,-0.0
-3.2337351146808697e-7,6.313945064092846e-5,-2.909186356282177e-16,-6.556770424789731e-16,2.5874904481600893e-16,-0.00025225506815591315,-1.9601957281956288e-5,2.710980991874189e-6,-0.0002957495474335773,5.967303065863026e-15,1.2216859108718999e-5,4.085831770367137e-6,1.5717136025262533e-15,0.000393770778273619,-3.2398737861574872e-6,-1.1134446599310188e-5,-7.839281638924292e-6,-7.083228535853943e-5,-1.2530281561429147e-5,-3.3166824979235982e-6,-1.2119316564686476e-5,-3.536867423046627e-5,-2.261172097775235e-5,-3.675768414242693e-5,-2.135711510051083e-5,-4.722000346246283e-5,-2.3865704923930837e-6,3.1652288626615877e-16,2.9490681885021824e-17,4.124452655826307e-18,-3.247455025328423e-16,-6.300577861576475e-17,1.1048318339520105e-16,4.197764003096665e-16,-5.8716782044192415e-16,-7.60051440723971e-17,-5.449633442261177e-16,8.740408544843543e-17,-8.943107371192932e-16,2.993889176230491e-6,1.0381095382554367e-6,1.2379678782544955e-5,8.235554995976933e-7,2.0038770400822786e-7,1.4079796996906299e-6,1.5239643633975333e-6,9.535099870293153e-7,8.509706206389436e-7,1.6726931154747495e-6,7.159201355446691e-7,2.1912193893611603e-8,1.0246924903565546e-7,-1.4958024496797932e-15,3.42700285260683e-8,3.615265789389142e-16,-5.890165243294682e-16,-4.2734340080234016e-16,-4.0511553195837503e-16,-1.1120303790310542e-16,8.229779503368764e-17,-1.0620366719384577e-15,-2.597854892647767e-16,-5.231161635582491e-17,-4.669047000117621e-16,-1.907335965492646e-16,-7.139635462995625e-16,-0.0,-0.0,-0.0,-0.0,-0.0,-0.0,-0.0,-0.0,-0.0,-0.0,-0.0,-0.0,-0.0,-0.0
-3.2336206339516133e-7,6.31364378344343e-5,-2.9091865388783806e-16,-6.55677040739209e-16,2.5874903527399894e-16,-0.0002522426705867915,-1.9608915322142634e-5,2.711136803270859e-6,-0.00029573566639589505,5.967062285498328e-15,1.2217890280232543e-5,4.086176637511396e-6,1.5507649330963073e-15,0.0003937729470494782,-3.2396304535217157e-6,-1.1134507517061572e-5,-7.839870311094634e-6,-7.083265810246391e-5,-1.2530303286555626e-5,-3.3028695139472382e-6,-1.2119341907740612e-5,-3.536857147251963e-5,-2.2611567334799746e-5,-3.675739632400251e-5,-2.135704941435749e-5,-4.7219502048146006e-5,-2.3865650190635618e-6,3.165228855132352e-16,2.94906929280448e-17,4.124453714664546e-18,-3.247455019861999e-16,-6.300577653011025e-17,1.1048318005741047e-16,4.197763945377104e-16,-5.871678162633036e-16,-7.600513997678305e-17,-5.449633411099537e-16,8.74040751708789e-17,-8.943107379057293e-16,2.9938351627508633e-6,1.0380705161513585e-6,1.237938778845385e-5,8.235145371301049e-7,2.0014463102234543e-7,1.4079531545694757e-6,1.523888013907589e-6,9.534718020633262e-7,8.509330549348596e-7,1.6726219714877155e-6,7.15891686473755e-7,2.1911833351161395e-8,1.0246639919229655e-7,-1.4958024183213962e-15,3.426907541853334e-8,3.61526575391863e-16,-5.890165265546036e-16,-4.27343397259272e-16,-4.051155328684789e-16,-1.1120303939715716e-16,8.229779070086213e-17,-1.0620366767543192e-15,-2.59785496381838e-16,-5.2311610653989775e-17,-4.669046914452177e-16,-1.9073360016640352e-16,-7.139635502615744e-16,0.0,0.0,0.0,0.0,0.0,0.0,0.0,0.0,0.0,0.0,0.0,0.0,0.0,0.0
-1.1387622410536767e-7,3.053334463249263e-5,8.065016318844752e-17,4.211223780153763e-16,2.198272375179748e-16,-0.00011990710375772128,-8.015671423880372e-6,1.206897482946164e-6,-0.00014754734214831837,-8.329976456451444e-15,6.318277100936413e-6,2.1130977348310352e-6,-1.9053607923860834e-16,-0.00013325082125054049,-1.7675824199120009e-6,-4.809591566475726e-6,-4.426206451320207e-6,-3.210884383729627e-5,-5.308349017758691e-6,-9.848868874607009e-7,-5.56466809566337e-6,-1.7694434815488523e-5,-1.0565228122273966e-5,-1.8069980499334352e-5,-1.1149556457753222e-5,-2.228716919854805e-5,-1.5932325252333298e-6,-3.0087282213740884e-16,-5.143868296767232e-16,6.890881464300822e-17,-5.601293421394739e-16,2.0607321024675757e-16,1.6057623402169257e-16,1.9455326475701098e-16,-8.940817329574732e-17,7.317824267736168e-17,4.172711481385728e-16,-7.74485091802725e-16,-1.0301192616878938e-16,1.4362764105044931e-6,8.948592571889699e-7,5.9625215961389855e-6,3.5031708626848736e-7,-1.953456104619671e-8,6.948543205375753e-7,6.626289956249166e-7,6.002142346597104e-7,3.4432424106454527e-7,9.615019928115061e-7,3.8508635508392066e-7,1.3127174239650468e-8,1.4524675544955821e-6,-2.731214456451757e-16,4.857662699881789e-7,4.522684501638587e-16,-1.258782684772567e-16,2.882432240598336e-16,-8.460763572453417e-17,1.0054048893881486e-16,2.1129276107252387e-16,-8.085678045506987e-17,1.8688294883345357e-16,-1.706127924789414e-16,-4.2301861411910735e-16,-6.589711588185594e-16,-3.57404931059861e-18,-0.0,-0.0,-0.0,-0.0,-0.0,-0.0,-0.0,-0.0,-0.0,-0.0,-0.0,-0.0,-0.0,-0.0
-5.73914567089852e-8,1.9548879981605806e-5,5.641021267532669e-17,2.5712335432912248e-17,9.202562863789467e-17,-7.794014838382498e-5,-5.9028736345810855e-6,4.629845796822965e-7,-9.311700618290873e-5,5.066613225010533e-15,3.8506691860170746e-6,1.2878258117743686e-6,-3.9053058034970737e-16,-5.303001223830263e-6,-1.095206898948483e-6,-3.0217033452704123e-6,-2.8158314492560837e-6,-2.1483582195257042e-5,-3.953655020229487e-6,-9.753307322949393e-7,-3.8803933120522565e-6,-1.0627598207160365e-5,-7.363302452958672e-6,-1.0798779358900921e-5,-6.882743973135724e-6,-1.4514670240690316e-5,-1.2886693928048899e-6,-4.714001620186609e-17,-1.1756881110162697e-16,6.35828286545993e-17,-1.68712526521873e-17,-1.4615747202832e-16,-8.78938225116479e-17,-1.287359899202231e-16,4.484219802529824e-17,-4.9130495164111406e-17,1.4911295573460552e-16,-2.549581395420495e-16,1.3489958077230073e-16,7.775825221688878e-7,2.9103670297326367e-7,3.5340243324945344e-6,2.0266854785580114e-7,-6.211563568883687e-9,4.451721292399394e-7,3.2342417902893246e-7,2.4501206694811794e-7,1.6587215390657708e-7,2.8073239186155754e-7,1.3865878332152564e-7,8.383172721347957e-9,-6.819003540136113e-7,1.628843272138133e-16,-2.2805617190321092e-7,-1.931740917472457e-17,-8.720323856101649e-18,7.80937596717726e-18,-5.47435735312891e-18,-1.3148345197768074e-16,5.730647488437175e-17,-5.4332124113085985e-18,6.958237452875671e-17,-2.435809508035049e-17,-4.555076615007167e-17,-1.8594008945963465e-16,7.603740857203763e-18,-0.0,-0.0,-0.0,-0.0,-0.0,-0.0,-0.0,-0.0,-0.0,-0.0,-0.0,-0.0,-0.0,-0.0
-0.00017233450859372812,0.011724251854924126,-9.894979019057197e-18,8.372433894395176e-17,6.158136947620104e-16,-0.049021236235787156,-0.001169310775591456,0.03246180394399691,-0.0527137078896479,9.381951240950133e-13,-0.004207697957535715,-0.0014072312566381809,-1.0153049113559808e-15,-0.00911265792760147,-0.001101296881081692,0.00028322906996974107,0.0027592020522381666,0.001303823988040662,3.355041596503889e-5,-0.000371376722452018,-0.050478274066769656,-0.0017151773385189405,-0.000775406100338106,-0.00162486058848889,-0.0019308050574218336,-0.0012973480740610113,-2.780488879269525e-5,-3.3520744271813004e-16,-4.115108278594394e-16,-1.4815719814612245e-16,-5.70124903460304e-16,-2.9546512792872876e-17,5.547687983398853e-17,4.666658552506794e-16,-2.3770513939161855e-16,-1.355979787142327e-16,4.265362861173832e-17,-3.8224539412669655e-16,-1.14668853031862e-16,0.00032641383046292554,0.0004292776520447201,0.0016077419395983266,0.00022687019785564775,0.0001336001514344054,0.004747480633324554,0.0005336788859375599,0.00026838326290020613,0.0002452979978027714,0.0006643428717006042,0.00020832038896006363,3.072713649900452e-6,1.4975233985579017e-5,5.834045737379579e-16,5.008348401352714e-6,3.4666251464297224e-16,-5.990583149824926e-17,1.8159123758645485e-16,-1.8870337067289776e-16,1.6948443610014733e-16,-4.559717882653309e-18,-3.5099771398903176e-16,6.302092249447039e-17,-1.3435628764467537e-16,-5.224598743328728e-17,-1.0960944214593509e-16,2.119322150472277e-16,-0.0,-0.0,-0.0,-0.0,-0.0,-0.0,-0.0,-0.0,-0.0,-0.0,-0.0,-0.0,-0.0,-0.0
-5.508060024115707e-8,-3.5730075612981776e-5,5.601146668830981e-17,2.5690472859141647e-17,9.160565163868643e-17,0.0001357525843708072,-5.496334283666604e-6,0.0001377036036314756,0.0001726747483157936,-5.548011983486421e-14,-3.611484935054154e-5,-1.2078325333116724e-5,-3.9179254858973274e-16,-0.0001792910079818627,-1.3490798977134982e-6,5.431076865792585e-6,2.1568562157507062e-5,3.5041646903837266e-5,6.83196562388706e-6,2.7355076163641822e-6,4.277250727128226e-6,1.935078675507984e-5,8.639202765910175e-6,1.5450036119460263e-5,1.904121063748614e-5,1.4643998025828544e-5,-7.779192923197405e-7,-4.702021289032881e-17,-1.171472274515789e-16,6.34986207003174e-17,-1.6860477187535103e-17,-1.459733305937869e-16,-8.782975035580544e-17,-1.2866912091399817e-16,4.492673532768257e-17,-4.9032350649083554e-17,1.48859543933251e-16,-2.5479865632480523e-16,1.3456131910433188e-16,-6.031674400591746e-7,-9.91524496460086e-8,-6.297790818042536e-7,4.231258128884039e-7,3.2341850334437304e-7,-2.4730851603554375e-7,4.5741691013396487e-7,1.738157118326137e-7,2.0737500158471967e-7,-1.456542245303114e-8,8.290903982401565e-8,7.737614783339344e-9,-5.694885358668129e-7,1.6268976249046702e-16,-1.9046092963444137e-7,-1.9338538426496412e-17,-8.903486752126683e-18,7.689263358186458e-18,-5.600562286664586e-18,-1.3138808835621548e-16,5.72119814939394e-17,-5.716048766834708e-18,6.940039745424832e-17,-2.4232452195815926e-17,-4.5445770666776096e-17,-1.8577430906764695e-16,7.35287001312756e-18,-0.0,-0.0,-0.0,-0.0,-0.0,-0.0,-0.0,-0.0,-0.0,-0.0,-0.0,-0.0,-0.0,-0.0
-5.7053307210804627e-8,1.530633897535217e-5,4.0439930654624677e-17,2.1059358936519649e-16,1.1009639875394375e-16,-6.01117951861561e-5,-4.019875731280418e-6,6.043630761049106e-7,-7.396250550323658e-5,-4.153864491598169e-15,3.1669361742675572e-6,1.0591567209384948e-6,-1.0985448595696834e-16,-6.662968490211654e-5,-8.860105383398173e-7,-2.410922454498325e-6,-2.2188153712128693e-6,-1.6098089350875356e-5,-2.6622418669431057e-6,-4.944504366567063e-7,-2.790233508217223e-6,-8.868725038388069e-6,-5.29760350207691e-6,-9.056839609588283e-6,-5.5887232837516005e-6,-1.1173056227062077e-5,-7.992528781115162e-7,-1.505202685504123e-16,-2.5741480706835893e-16,3.458500119089315e-17,-2.800712005791198e-16,1.0271749298969705e-16,8.009431224352373e-17,9.699488037595976e-17,-4.4604821714076937e-17,3.648164974449169e-17,2.0892857015956448e-16,-3.877403529502136e-16,-5.121595602657742e-17,7.197044886715752e-7,4.4799731978078116e-7,2.9884087128741214e-6,1.7556802546535735e-7,-9.779374084634592e-9,3.483304834225068e-7,3.3196258511027455e-7,3.0059298144730665e-7,1.7249426738194574e-7,4.812934849189162e-7,1.928157840267057e-7,6.580595683299212e-9,7.247194685293725e-7,-1.3620283432585784e-16,2.4237668643832634e-7,2.2606998865080927e-16,-6.295100228248864e-17,1.4412313081166016e-16,-4.231097839083105e-17,4.998757428361244e-17,1.0575634029161862e-16,-4.043565860902581e-17,9.357860527325582e-17,-8.534894078737283e-17,-2.1158347138998294e-16,-3.2984374224982126e-16,-1.770793997446048e-18,-0.0,-0.0,-0.0,-0.0,-0.0,-0.0,-0.0,-0.0,-0.0,-0.0,-0.0,-0.0,-0.0,-0.0
-0.000169495210372242,0.011489032354332808,-5.1865392449406674e-17,-8.18754832602557e-17,5.147085999455147e-16,-0.04805144068100444,-0.0011467792604149694,0.032017475962985285,-0.05164127140960912,8.919019385621725e-13,-0.004165995291110498,-0.00139328413014009,-8.515100474857851e-16,-0.008999078097619207,-0.0010828670395773192,0.00028570667981070555,0.0027309012711994583,0.0013298465758632713,4.155250021745611e-5,-0.0003628305233517266,-0.04965507938771408,-0.001662103536546891,-0.0007490754715691734,-0.0015752632632026055,-0.001879460907971422,-0.0012495839034789666,-2.646514256581807e-5,-1.823640475485647e-16,-1.5404983841195312e-16,-1.890740176343088e-16,-2.9139351113645727e-16,-1.288401682527415e-16,-2.882973697620465e-17,3.6264178943659346e-16,-1.9286568121513326e-16,-1.6990275079465929e-16,-1.6303186406016314e-16,-1.389101009286072e-17,-6.889089379978363e-17,0.00031968976452777654,0.0004217017995869254,0.0015766793400671028,0.00022318162099096614,0.00013164202231388236,0.0046700207712534695,0.0005248353177051235,0.00026372954863200103,0.00024119760246656455,0.0006529694161113086,0.00020474716852798047,3.0173361981239668e-6,1.4191255822615092e-5,7.137271073734138e-16,4.746153113876303e-6,1.3065715748572887e-16,-7.692275190569702e-18,4.3399301717297765e-17,-1.5606942407580655e-16,1.2065806478666522e-16,-1.0729975455711294e-16,-3.2129523783789495e-16,-2.7647277304679793e-17,-5.1292106473848625e-17,1.5630108010475935e-16,2.1817614665660418e-16,2.0877255817306645e-16,-0.0,-0.0,-0.0,-0.0,-0.0,-0.0,-0.0,-0.0,-0.0,-0.0,-0.0,-0.0,-0.0,-0.0
1.4414685482451638e-7,-3.6615009122616265e-5,-8.558029723937404e-16,-4.599586060172849e-16,2.835890980438535e-15,0.0001570577102240517,3.190705900060065e-5,-1.2733290032206229e-5,0.00010628614688900123,3.541850449311249e-14,3.340094179344128e-6,1.1170680435217351e-6,-7.651132437352885e-15,0.0002577269296592754,1.452510613548515e-6,9.831344642494686e-6,3.4831027291110865e-8,6.253009607482599e-5,1.2090849999975981e-5,1.0048671059495132e-5,1.6035643741921963e-5,2.5092517003403284e-5,-7.5805846232554996e-6,3.613476257559462e-5,3.620945356756441e-6,3.5070687139400604e-5,-2.6082941996824445e-5,-2.437992184219048e-15,-3.036212058891343e-15,1.0599363073211144e-18,-3.681107455832788e-15,-1.116887458465852e-15,1.4965811483725594e-15,3.4207371776290728e-15,-1.1764264940723222e-15,-1.1222275875003125e-15,2.5372530749050766e-15,-3.2327275783063433e-15,-1.1722768902676802e-15,-2.111635026473242e-6,-9.595908468302582e-7,-9.239041979136609e-6,-7.804055443396521e-7,-8.870976004560359e-7,-1.5090899693892138e-6,-2.3431077064608773e-6,3.2369362227046023e-7,-1.3450185510131177e-6,-1.5578957709898956e-7,-7.02243608394189e-7,1.8817014328663117e-7,-1.3469521648621369e-7,-5.424449242648596e-15,-4.5047750283876125e-8,1.807701288863274e-15,-9.018871501537187e-16,8.636335335040709e-16,-1.1080414942382192e-15,1.1156828594969117e-15,2.8724018437637146e-16,-2.086138829546489e-15,4.085625888949364e-16,-8.760028300850064e-16,-1.0114093333133368e-15,9.22857934612974e-17,-8.731780481524069e-16,-0.0,-0.0,-0.0,-0.0,-0.0,-0.0,-0.0,-0.0,-0.0,-0.0,-0.0,-0.0,-0.0,-0.0
-4.983152398727587e-8,1.764952351732738e-5,1.1410541672516725e-17,6.920600047867331e-19,2.414646863845438e-16,-6.978772642216763e-5,-4.233034845173809e-6,-2.0841795711588722e-7,-8.765550367382654e-5,6.9760633661844346e-15,4.032028935386076e-6,1.3484801435035138e-6,-8.264335467400542e-16,8.540398499552224e-6,-1.020233808830868e-6,-2.5080623064176876e-6,-2.818308459214032e-6,-1.822453931087961e-5,-3.3244360583437065e-6,-4.4840893901339206e-7,-3.042361343873067e-6,-9.319300405142754e-6,-7.77626857588928e-6,-8.908556284643102e-6,-6.701740444068052e-6,-1.2689709407398402e-5,-2.6662199449806057e-6,-1.7521396536376698e-16,-2.770575316153212e-16,6.380280140568684e-17,-2.097549627501354e-16,-2.0618153914015162e-16,-9.796515176430848e-18,5.0496325074139234e-17,-1.6746463179386524e-17,-1.0867377684430454e-16,2.8266879198418834e-16,-4.2491933582520997e-16,7.400114349335115e-17,6.670240594390619e-7,2.399688748734788e-7,3.0516366906801908e-6,1.6178106028420747e-7,-5.295270242195097e-8,3.663310679622599e-7,2.0009931687131625e-7,2.6198451396084456e-7,9.506008741105727e-8,2.7183335184253393e-7,1.0150154769213479e-7,1.8313236089748523e-8,-6.954707903071674e-7,-1.2161283605065076e-16,-2.3259469694021558e-7,7.48864997263779e-17,-5.60246025628298e-17,5.274402769687289e-17,-6.371635984113279e-17,-7.35455948350177e-17,7.227203991556837e-17,-1.1523166002147139e-16,9.105475212883791e-17,-7.027881633388684e-17,-9.81692252685566e-17,-1.8057277535797912e-16,-3.8370262960800806e-17,-0.0,-0.0,-0.0,-0.0,-0.0,-0.0,-0.0,-0.0,-0.0,-0.0,-0.0,-0.0,-0.0,-0.0
-0.00011759021380019896,0.021702066973410622,-7.411973701089987e-16,-2.1699607151042926e-16,3.0789304766893405e-15,-0.08981624220094955,-0.0018875145842811576,0.05327308166242102,-0.09938159576080484,1.781362954167583e-12,-0.007673420917538933,-0.0025663148518459767,-6.7744203676335365e-15,-0.01572102355631156,-0.002303191352401067,0.0005047292366083785,0.004547130858033271,0.003198934741211924,0.00015670925321068725,-0.0006118815940888723,0.00015365044848330737,-0.10201437213686108,-0.0011523061103208667,-0.002167674388610745,-0.001142766610000911,-0.0034381042439356638,-6.771677563203612e-5,-2.423181041749877e-15,-3.1114225394945164e-15,-1.588225863487996e-16,-3.729813193520916e-15,-1.1336311817358754e-15,1.4631503651613201e-15,3.470998054902572e-15,-1.2241335553525948e-15,-1.1839807257797032e-15,2.583401673478388e-15,-3.389470492818469e-15,-1.2353131005049037e-15,0.00041322762575654186,0.00035239026503103223,0.0021562010055165407,0.0003192374017579405,0.00016597826230785274,0.0002150544611858882,0.0035916791701081944,0.0003126758463506593,0.0003011800643590313,0.0006386045510696142,0.00023470268701950584,3.291836191696749e-6,2.279810293659803e-5,-5.651587661257544e-15,7.624644962364191e-6,1.956531242478044e-15,-1.0152293729421854e-15,9.123780282858382e-16,-1.2687585478665912e-15,1.1633475552792354e-15,3.2257880672605687e-16,-2.2550641804486394e-15,4.814438391324377e-16,-9.594313923066836e-16,-1.0402054010008716e-15,2.242212056216401e-16,-8.7343123302651185e-16,-0.0,-0.0,-0.0,-0.0,-0.0,-0.0,-0.0,-0.0,-0.0,-0.0,-0.0,-0.0,-0.0,-0.0
4.904015253029203e-8,-0.0019716640279646767,-2.9164468879189965e-18,-2.5407990812785604e-20,2.263111855018154e-16,0.007620369266818174,1.0404658305009247e-5,0.004938792120394497,0.009477233129367747,-2.172057899878456e-12,-0.001434344597659715,-0.0004797051905785555,-1.1086353364729036e-15,-0.0062532445178296175,-1.0193765745110963e-5,0.0003017030095424061,0.0008747455254364692,0.0020161626017706404,0.0003848511589443119,0.00013310391869242934,0.00029820666357887574,0.0010608393733976358,0.0005681602030623506,0.0009358212654469779,0.0009264772441650498,0.0010366018705962926,1.5715694282612116e-5,-1.7089572314369374e-16,-2.619071087299476e-16,6.079057143342677e-17,-2.0937000547841565e-16,-1.9952015814854918e-16,-7.47784501957025e-18,5.286602479868825e-17,-1.3685849831876015e-17,-1.051154668340402e-16,2.7360933874872135e-16,-4.1925338203303427e-16,6.182324369656829e-17,-4.903801701667702e-5,-1.3836456509121992e-5,-0.00014685302774430296,8.089839208714436e-6,1.1804736697368418e-5,-2.525579989532976e-5,5.2588229827063595e-6,-2.3133443390230003e-6,1.5783069537813573e-6,-1.0399924900515394e-5,-1.9156342807011664e-6,-5.109712218847753e-9,3.35014929871715e-6,-1.2876464236174604e-16,1.1204309001969713e-6,7.4155552665609e-17,-6.263692643774695e-17,4.8441875565389435e-17,-6.825727988385938e-17,-7.01196347424208e-17,6.890707161450059e-17,-1.253853762757555e-16,8.453072374137247e-17,-6.576992109605803e-17,-9.444909011429579e-17,-1.7467771914350988e-16,-4.743170160368012e-17,-0.0,-0.0,-0.0,-0.0,-0.0,-0.0,-0.0,-0.0,-0.0,-0.0,-0.0,-0.0,-0.0,-0.0
6.882537712971464e-8,-1.725253595008695e-5,-4.217194296115714e-16,-2.269073065668636e-16,1.4103237037402636e-15,7.42762613983693e-5,1.5547659146409877e-5,-6.292083703893449e-6,4.840304396322899e-5,1.779647838579676e-14,1.833691040911036e-6,6.132634451917875e-7,-3.790103863449395e-15,0.0001275533876864026,6.696615764343448e-7,4.7351669654333305e-6,-1.1262963779784002e-7,3.001230639999707e-5,5.81238209991309e-6,4.937264043124348e-6,7.771698386969153e-6,1.1951149229205993e-5,-4.098373052504931e-6,1.741820715022491e-5,1.4778490243829356e-6,1.6719037686299313e-5,-1.2991884037290652e-5,-1.2109526435670543e-15,-1.5107996633478124e-15,3.4618020365312993e-18,-1.825884850244632e-15,-5.605585945389052e-16,7.379476065543083e-16,1.6900849825252165e-15,-5.812089614267067e-16,-5.587020295152929e-16,1.2648765274661575e-15,-1.614569249978784e-15,-5.749816343589962e-16,-1.011136565375837e-6,-4.6239968310136573e-7,-4.41789274814026e-6,-3.7759279797015164e-7,-4.401245545363424e-7,-7.276968965754794e-7,-1.1468501329458537e-6,1.7177468790144242e-7,-6.592407178978947e-7,-6.434409364271497e-8,-3.4180499754289547e-7,9.368488307960873e-8,-9.849161796039775e-8,-2.681973099083938e-15,-3.293974248410222e-8,8.953519220053307e-16,-4.475630728236955e-16,4.2853799615607164e-16,-5.496319497768725e-16,5.470796631928529e-16,1.4505050758446395e-16,-1.0345886958699293e-15,2.0577497940909899e-16,-4.35448564018303e-16,-5.035415079426073e-16,3.7215513524266347e-17,-4.3258509433502723e-16,-0.0,-0.0,-0.0,-0.0,-0.0,-0.0,-0.0,-0.0,-0.0,-0.0,-0.0,-0.0,-0.0,-0.0
-9.762298208670525e-5,0.017006767156250158,-3.3985578807123334e-16,1.4449867934856218e-18,1.6245212141989437e-15,-0.07066530406360082,-0.0015711968898641199,0.04677523233007497,-0.07762541514555145,3.449422644989402e-13,-0.007111959829605335,-0.002378538637796859,-3.231416896412856e-15,-0.016356997657812334,-0.001917409156413899,0.000571932999886915,0.004226651366113088,0.0036792276583118492,0.0003252736817921418,-0.00044273772700858117,0.0002768500067091792,-0.08414660302907301,-0.0006588678101549684,-0.001326690126873237,-0.00047014914943684186,-0.0023277888535832895,-3.840755140566913e-5,-1.1930185484373585e-15,-1.5619452852594934e-15,-1.4925249571285162e-16,-1.8688721934476183e-15,-5.707642247034095e-16,7.011963536749983e-16,1.7291796454731898e-15,-6.236607394693515e-16,-6.100456857994294e-16,1.2925669032123398e-15,-1.7640489415954196e-15,-6.446086870114197e-16,0.00031827276152429304,0.0002856637400944011,0.0017164353663802739,0.00026940606865626825,0.00014419199200512697,0.0001658889975826034,0.002985101288715674,0.0002581751462893612,0.00025125998186728126,0.0005247121845289804,0.00019406498974639896,2.6599809393347592e-6,2.1200878379640582e-5,-2.8607349877641664e-15,7.090465860409694e-6,1.0341169508959384e-15,-5.625597071228629e-16,4.746276100253874e-16,-7.060657743352104e-16,5.935252754468198e-16,1.71484523001204e-16,-1.207422742782821e-15,2.642749624559519e-16,-5.054805560335724e-16,-5.199501419449209e-16,1.6342897041362387e-16,-4.399112218716915e-16,-0.0,-0.0,-0.0,-0.0,-0.0,-0.0,-0.0,-0.0,-0.0,-0.0,-0.0,-0.0,-0.0,-0.0
-2.0624249888586746e-7,4.6947293101331024e-5,-1.0132058195195134e-15,-1.6601269362760522e-16,8.485447768848772e-16,-0.00017798582638355506,-7.196168744826659e-7,-4.488668130048014e-6,-0.00026095537018041876,7.170856617926782e-15,1.5038978942301919e-5,5.029667396628478e-6,-2.302328807134784e-15,-0.00018613243417540913,-2.964094513357244e-6,-4.450281535418085e-6,-1.0498831045776235e-5,-3.58741758063747e-5,-8.176456373298037e-6,-1.3414647663000988e-6,-4.646891346132117e-6,-2.4873909637144997e-5,-2.5406115914398502e-5,-2.099930001367153e-5,-2.1356058152871855e-5,-3.07049393575649e-5,-1.1123385706232487e-5,-9.894269922805666e-16,-1.5233787948564117e-15,1.1706679710092804e-16,-1.9662799381068436e-15,-5.015081597685731e-16,6.847413512487304e-16,1.8809708797286817e-15,-8.636534137895812e-16,-6.153465403458053e-16,9.911188896544833e-16,-1.3727092964861557e-15,-1.0356530386342994e-15,1.8278775861904148e-6,9.466536325437303e-7,8.08714261071766e-6,5.170478325293553e-7,-2.5708536319107374e-7,8.567273555985108e-7,4.238641393665142e-7,1.0500384291791698e-6,1.7328422310129743e-7,1.6487734151553446e-6,3.3658660180674523e-7,8.911262868421443e-8,2.4952456989079323e-6,-4.130352146037086e-15,8.345151602202911e-7,1.1765888779832833e-15,-8.38743759999035e-16,2.1850065984743196e-16,-8.655862148616907e-16,3.5200234291488347e-16,2.0333770053188482e-16,-1.7094796948117046e-15,1.0351930571804227e-16,-6.450948160891741e-16,-7.520240190001363e-16,-1.4770438097866877e-16,-1.1817177965711861e-15,-0.0,-0.0,-0.0,-0.0,-0.0,-0.0,-0.0,-0.0,-0.0,-0.0,-0.0,-0.0,-0.0,-0.0
-5.7147309332171664e-8,1.948337978982938e-5,5.623715867382573e-17,2.4811145377888566e-17,9.155449473486977e-17,-7.76829128608898e-5,-5.885671439277449e-6,4.603983375903897e-7,-9.280049951816588e-5,5.084388796525286e-15,3.837116962549362e-6,1.2832933779577237e-6,-4.388748590239823e-16,-5.017873791399994e-6,-1.0914154070709584e-6,-3.0113863202303705e-6,-2.8063365049704033e-6,-2.1414693877588723e-5,-3.942262527675162e-6,-9.732148382253517e-7,-3.868453106739401e-6,-1.0589646402691667e-5,-7.3406324960975365e-6,-1.076002255799385e-5,-6.858828232263094e-6,-1.4466857545632817e-5,-1.285249161370326e-6,-4.649589702655783e-17,-1.1646725969698117e-16,6.343482956675635e-17,-1.5672748075407907e-17,-1.4659702948803935e-16,-8.823656892616288e-17,-1.2915105868779777e-16,4.503307478405711e-17,-4.92866105522769e-17,1.482188907717853e-16,-2.5329888794235503e-16,1.3511874846103415e-16,7.745027013543969e-7,2.8911959463644996e-7,3.52123607900277e-6,2.019172421906696e-7,-6.1697148289349136e-9,4.436815237153203e-7,3.2200361644831827e-7,2.4372574379654734e-7,1.6513400172570988e-7,2.786727997195912e-7,1.3783366956809428e-7,8.355012503929179e-9,-6.850016354002843e-7,1.634671780030938e-16,-2.2909337089998528e-7,-2.0284827158107335e-17,-8.45093855624141e-18,7.192631969415785e-18,-5.2932966044717774e-18,-1.3169736307044e-16,5.685391333004502e-17,-5.260176691101594e-18,6.918192497714381e-17,-2.3992862611060622e-17,-4.464534010730921e-17,-1.845285939760904e-16,7.611318589953829e-18,-0.0,-0.0,-0.0,-0.0,-0.0,-0.0,-0.0,-0.0,-0.0,-0.0,-0.0,-0.0,-0.0,-0.0
-6.694695555345063e-5,0.013970675115476727,-9.63389850236815e-16,-3.353012287072215e-17,9.921829948895726e-16,-0.05751543359366158,-0.0011144718903342418,0.03290230028510916,-0.06431620353997622,1.131839645659633e-12,-0.004609453464880076,-0.0015415952041388725,-2.01129256954625e-15,-0.00998798709170755,-0.001045320313120577,0.00032348280604748754,0.002745046538270658,0.0023848693961733467,0.0001232274564013872,-0.00042159804908618935,0.00014625985307168237,-0.0005813047184383198,-0.06259702100642682,-0.0014674532605414249,-0.0008590987765021808,-0.00225098109831361,-3.433436394740045e-5,-9.882869501743458e-16,-1.5766870012882342e-15,3.379584266826053e-17,-2.001569467605931e-15,-5.144043879533994e-16,6.608739386844036e-16,1.9050517268862683e-15,-8.96814914531917e-16,-6.492097398904709e-16,1.0130321205496233e-15,-1.4566918617246912e-15,-1.0802131236207298e-15,0.00024339064150395915,0.00020254853853713572,0.0012051525992591238,0.00018958876361944228,0.00010035623490252596,0.00012335429624748864,0.00037133133855516684,0.0016305621818037605,0.00018416566946344892,0.000385518763492649,0.00014167035988137678,1.908808967913503e-6,1.6074210159966302e-5,-4.294276316647724e-15,5.375892277685536e-6,1.282849121908934e-15,-8.950684057720996e-16,2.5150088167822036e-16,-9.616736694471732e-16,3.811575798113806e-16,2.27006898139771e-16,-1.8209325348624697e-15,1.5023938108480164e-16,-7.034078465826971e-16,-7.786970742485858e-16,-7.162616878392364e-17,-1.1900387767268626e-15,-0.0,-0.0,-0.0,-0.0,-0.0,-0.0,-0.0,-0.0,-0.0,-0.0,-0.0,-0.0,-0.0,-0.0
-5.714730932650959e-8,1.9483379789960646e-5,5.623715867380433e-17,2.4811145377820382e-17,9.155449473500366e-17,-7.768291286126891e-5,-5.8856714393564066e-6,4.6039833766327335e-7,-9.280049951902961e-5,5.084388796298638e-15,3.837116962531956e-6,1.2832933779374352e-6,-4.185058286618451e-16,-5.0178737916256365e-6,-1.0914154070647459e-6,-3.0113863202266148e-6,-2.8063365051294354e-6,-2.1414693878114724e-5,-3.942262527617836e-6,-9.732148373470906e-7,-3.86845310684752e-6,-1.0589646402985119e-5,-7.340632496116766e-6,-1.0760022558094438e-5,-6.858828231736522e-6,-1.4466857544327549e-5,-1.2852491613958017e-6,-4.649589702653383e-17,-1.164672596969764e-16,6.343482956675577e-17,-1.567274807541241e-17,-1.4659702948803053e-16,-8.823656892614312e-17,-1.2915105868778742e-16,4.5033074784015014e-17,-4.928661055226565e-17,1.482188907717311e-16,-2.5329888794230765e-16,1.351187484610093e-16,7.745027013299936e-7,2.8911959458546504e-7,3.5212360789708574e-6,2.0191724217969055e-7,-6.169714852055631e-9,4.436815237209763e-7,3.220036164240856e-7,2.437257438104769e-7,1.6513400170679646e-7,2.7867279967960644e-7,1.3783366955989752e-7,8.355012485302549e-9,-6.850016353983703e-7,1.634671780030961e-16,-2.2909337090009518e-7,-2.028482715810632e-17,-8.450938556249475e-18,7.192631969430334e-18,-5.2932966044864815e-18,-1.3169736307042594e-16,5.685391333003098e-17,-5.260176691095047e-18,6.918192497710728e-17,-2.399286261107946e-17,-4.4645340107307914e-17,-1.8452859397604434e-16,7.611318589957934e-18,0.0,0.0,0.0,0.0,0.0,0.0,0.0,0.0,0.0,0.0,0.0,0.0,0.0,0.0
-1.0312124943990907e-7,2.347364655077684e-5,-5.066029097597662e-16,-8.300634681383579e-17,4.24272388442502e-16,-8.899291319201786e-5,-3.598084372439275e-7,-2.244334064990283e-6,-0.00013047768509084594,3.585428308910873e-15,7.519489471120973e-6,2.5148336982960623e-6,-1.2715974893669147e-15,-9.306621708764812e-5,-1.4820472566765177e-6,-2.2251407677228717e-6,-5.249415522951705e-6,-1.7937087903281528e-5,-4.088228186673431e-6,-6.7073238311325e-7,-2.3234456730761017e-6,-1.2436954818485757e-5,-1.2703057956996417e-5,-1.0499650006580425e-5,-1.0678029076399607e-5,-1.535246967901347e-5,-5.561692852201464e-6,-4.947134961402723e-16,-7.616893974282034e-16,5.853339855046588e-17,-9.831399690534238e-16,-2.507540798842826e-16,3.423706756243762e-16,9.404854398643444e-16,-4.3182670689480865e-16,-3.0767327017289734e-16,4.955594448272195e-16,-6.863546482430555e-16,-5.1782651931716e-16,9.139387930649838e-7,4.733268162568546e-7,4.043571305314953e-6,2.5852391626267427e-7,-1.2854268159854116e-7,4.2836367779874027e-7,2.11932069678123e-7,5.250192145890283e-7,8.664211154656161e-8,8.24386707555545e-7,1.6829330091210407e-7,4.455631432933789e-8,1.2476228494505018e-6,-2.065176073018547e-15,4.172575801090081e-7,5.882944389916406e-16,-4.1937187999951964e-16,1.0925032992372216e-16,-4.3279310743085093e-16,1.7600117145744765e-16,1.0166885026593575e-16,-8.547398474058465e-16,5.1759652859004185e-17,-3.225474080445949e-16,-3.760120095000687e-16,-7.38521904893147e-17,-5.90858898285592e-16,-0.0,-0.0,-0.0,-0.0,-0.0,-0.0,-0.0,-0.0,-0.0,-0.0,-0.0,-0.0,-0.0,-0.0
-6.684666327136255e-5,0.01394891763826809,-4.601390452061043e-16,6.485080070610771e-17,5.794254024990924e-16,-0.0574332661363998,-0.0011146082834913383,0.03290454367280091,-0.0641937288415455,1.1288340177729333e-12,-0.004616640355053629,-0.0015439988026363222,-8.737868189790795e-16,-0.009890254367064819,-0.0010439165514204663,0.00032544441015260533,0.002750062336718306,0.0024009849584331827,0.00012691938661917493,-0.00042105345180413545,0.00014832420916595907,-0.0005697847969650842,-0.06258509232504522,-0.001457867845474644,-0.0008489870062377863,-0.0022368442535324563,-2.895973444506427e-5,-4.916294004159545e-16,-8.130147365815593e-16,-3.522394139643489e-17,-1.0199922928941108e-15,-2.635010221158105e-16,3.127028434916152e-16,9.623728094182671e-16,-4.675052307485185e-16,-3.426239763374436e-16,5.140848753845141e-16,-7.83007792980434e-16,-5.686554076376173e-16,0.0002425395439395168,0.0002021020634069809,0.0012013802213697129,0.00018934862682691073,0.00010048215499619668,0.00012295060685315552,0.00037114430065541957,0.0016300543114681752,0.00018408575271299362,0.0003846986311948494,0.00014151570167673347,1.8653023873032846e-6,1.4926768500428007e-5,-2.2214277266007115e-15,4.9921395030753655e-6,7.034223461427358e-16,-4.856498480970507e-16,1.467102359128958e-16,-5.406405371735045e-16,2.080621029139891e-16,1.2467353844779936e-16,-9.817599455095829e-16,9.925294355087228e-17,-3.8262231586428495e-16,-3.995111084479375e-16,9.989269647519296e-18,-6.005717425577314e-16,-0.0,-0.0,-0.0,-0.0,-0.0,-0.0,-0.0,-0.0,-0.0,-0.0,-0.0,-0.0,-0.0,-0.0
3.9043770843890266e-7,-0.0001342915764241631,-1.7726785585027556e-16,-5.502861982325485e-17,2.581957860887958e-16,0.0005458059513483241,4.939450849406487e-5,-1.1328348992784525e-5,0.0005996343915624174,-4.6259449301037956e-14,-2.1808560401395816e-5,-7.2937003017983255e-6,-1.7374743283035682e-15,1.1714395421590879e-5,6.615896034342885e-6,2.4677138133889755e-5,1.7193049911888702e-5,0.00015714222580592805,3.062688815273543e-5,1.2902877772951439e-5,2.888134715606552e-5,7.822414381266492e-5,4.0234530302562525e-5,8.653919179114149e-5,4.0979067509131527e-5,0.00010042746259882823,-4.579025138317067e-6,-1.4094629036175435e-15,-1.5424769818237785e-15,5.940452606605199e-16,-1.832538147395572e-15,-3.4416764634915494e-16,7.067771248586448e-16,2.081981392566581e-15,-4.541451134973013e-16,-5.836584113052364e-16,1.7571919910776127e-15,-1.1774446842729718e-15,-3.632275548202251e-16,-6.019186148322706e-6,-2.1690455455524716e-6,-2.5119564429279483e-5,-1.723594340625243e-6,-5.441007947400332e-7,-3.085619499839978e-6,-3.5128221589054826e-6,-1.2987798782905516e-6,-1.7684826786705027e-6,-1.356629709848168e-6,-1.3591504411916312e-6,4.353547145063611e-8,2.6169710285275643e-6,-3.0483982020221837e-15,8.752252322660953e-7,6.545799484376219e-16,-3.7107606434891225e-16,3.3921599266407094e-16,-2.347003205560712e-16,4.018806376182376e-16,2.425059299025618e-16,-5.620379007238662e-16,1.6206186970412238e-16,-4.083732739964466e-16,-5.16554014183264e-16,-3.5142921884527104e-16,-7.885452678195516e-16,-0.0,-0.0,-0.0,-0.0,-0.0,-0.0,-0.0,-0.0,-0.0,-0.0,-0.0,-0.0,-0.0,-0.0
-5.7147309328150495e-8,1.9483379789903204e-5,5.623715867386395e-17,2.4811145378021825e-17,9.155449473465126e-17,-7.768291286103044e-5,-5.88567143946701e-6,4.6039833762953646e-7,-9.280049951873437e-5,5.084388796321083e-15,3.837116962488836e-6,1.2832933779326225e-6,-4.462214224108754e-16,-5.017873791574154e-6,-1.0914154070685088e-6,-3.011386320138717e-6,-2.8063365052223346e-6,-2.1414693877903674e-5,-3.942262527680379e-6,-9.732148381363557e-7,-3.86845310678842e-6,-1.0589646402578656e-5,-7.340632496070731e-6,-1.076002255819646e-5,-6.858828231619019e-6,-1.4466857545320765e-5,-1.2852491616912366e-6,-4.6495897026573623e-17,-1.1646725969696887e-16,6.343482956673635e-17,-1.56727480753828e-17,-1.465970294880467e-16,-8.823656892621372e-17,-1.291510586878254e-16,4.503307478411658e-17,-4.92866105522908e-17,1.4821889077184882e-16,-2.532988879424299e-16,1.3511874846106497e-16,7.74502701317075e-7,2.891195946110379e-7,3.5212360789978167e-6,2.0191724218554206e-7,-6.169714833409863e-9,4.436815237187863e-7,3.2200361643462715e-7,2.437257438256587e-7,1.6513400172666483e-7,2.786727996836817e-7,1.378336695358299e-7,8.355012534377712e-9,-6.850016353967137e-7,1.6346717800314763e-16,-2.2909337089942923e-7,-2.028482715810135e-17,-8.450938556244364e-18,7.192631969392622e-18,-5.293296604464001e-18,-1.316973630704612e-16,5.685391333006466e-17,-5.2601766911359235e-18,6.918192497719878e-17,-2.399286261102812e-17,-4.464534010729417e-17,-1.8452859397614534e-16,7.611318589951125e-18,-0.0,-0.0,-0.0,-0.0,-0.0,-0.0,-0.0,-0.0,-0.0,-0.0,-0.0,-0.0,-0.0,-0.0
-6.637000476124063e-5,0.026744428000818363,-5.552730143068099e-17,1.8441217187282745e-16,5.175569999425432e-16,-0.10921238604865642,-0.0019222774590067682,0.059664740646860094,-0.12410995238440022,2.118741825584178e-12,-0.008794210575479508,-0.002941154076212246,-9.145022783449215e-16,-0.017994195162145878,-0.0019912224211412655,0.0006079726717154008,0.005009044983831098,0.004627288911495843,0.0001411333116130402,-0.004939312527347273,0.0002849265539246147,-0.0007623944321173846,-0.0019266110508599796,-0.10977459568936275,-0.0005982646970508544,-0.004524101840454183,-5.455647060463049e-5,-1.422175373226715e-15,-1.6374855415559162e-15,4.66515018060004e-16,-1.8987899574093227e-15,-3.5672612874141713e-16,6.660947349327645e-16,2.131017789585186e-15,-5.188293896823597e-16,-6.438180810480765e-16,1.7719029501655509e-15,-1.294467807146147e-15,-4.487448115392727e-16,0.00040267516426444684,0.00024936979691614916,0.002067887174943497,0.00034003711035693817,0.0002761813231614498,0.0002066682228378125,0.0006032896498439999,0.0003221497831396108,0.001776382776666331,0.0005267098486264836,0.00021952023770498264,2.7292462454084643e-6,2.789964993155343e-5,-3.317145353566143e-15,9.33081695045898e-6,8.233493101945153e-16,-4.640867388051875e-16,3.86270020643583e-16,-3.8093539787347404e-16,4.611337804872208e-16,2.829680396657625e-16,-7.275477578422961e-16,2.4288062720309184e-16,-4.922436307616363e-16,-5.81753701383705e-16,-2.409555759228163e-16,-7.985860976154607e-16,-0.0,-0.0,-0.0,-0.0,-0.0,-0.0,-0.0,-0.0,-0.0,-0.0,-0.0,-0.0,-0.0,-0.0
-5.714730932693455e-8,1.9483379790052404e-5,5.623715867380186e-17,2.4811145377793795e-17,9.155449473504314e-17,-7.768291286160328e-5,-5.88567143933698e-6,4.603983376331284e-7,-9.280049951949745e-5,5.084388796380738e-15,3.837116962515982e-6,1.283293377962723e-6,-4.053606893352673e-16,-5.017873791363153e-6,-1.0914154070627875e-6,-3.0113863201583854e-6,-2.8063365050186117e-6,-2.1414693877693586e-5,-3.942262527677554e-6,-9.732148378059717e-7,-3.868453106749747e-6,-1.0589646402285915e-5,-7.340632496085611e-6,-1.0760022558172229e-5,-6.858828231698236e-6,-1.4466857545248999e-5,-1.2852491617144633e-6,-4.649589702652984e-17,-1.1646725969697614e-16,6.343482956676117e-17,-1.567274807541266e-17,-1.4659702948802875e-16,-8.823656892613427e-17,-1.2915105868778722e-16,4.5033074784007206e-17,-4.9286610552262725e-17,1.4821889077172214e-16,-2.5329888794229177e-16,1.3511874846100686e-16,7.745027013159816e-7,2.891195946154241e-7,3.5212360789693132e-6,2.0191724218880886e-7,-6.169714835067733e-9,4.4368152372363653e-7,3.220036164176567e-7,2.437257438182452e-7,1.651340017252735e-7,2.7867279968666503e-7,1.3783366954622262e-7,8.355012480450225e-9,-6.850016354022984e-7,1.634671780030823e-16,-2.2909337090119432e-7,-2.0284827158112075e-17,-8.450938556246287e-18,7.192631969433017e-18,-5.29329660448501e-18,-1.3169736307042385e-16,5.685391333002753e-17,-5.260176691082428e-18,6.91819249770973e-17,-2.3992862611083684e-17,-4.464534010731276e-17,-1.8452859397603576e-16,7.611318589958467e-18,-0.0,-0.0,-0.0,-0.0,-0.0,-0.0,-0.0,-0.0,-0.0,-0.0,-0.0,-0.0,-0.0,-0.0
1.9521885420767363e-7,-6.714578821212267e-5,-8.863392792514095e-17,-2.7514309911649658e-17,1.2909789304437203e-16,0.000272902975674318,2.4697254247034075e-5,-5.664174496515171e-6,0.0002998171957814823,-2.3129724650491216e-14,-1.0904280200652271e-5,-3.646850150888183e-6,-8.798110963336926e-16,5.857197710917708e-6,3.307948017170606e-6,1.2338569066982382e-5,8.596524955928576e-6,7.857111290310674e-5,1.5313444076403648e-5,6.451438886497451e-6,1.4440673578059613e-5,3.9112071906223943e-5,2.011726515130601e-5,4.326959589564843e-5,2.0489533754729183e-5,5.0213731299397885e-5,-2.2895125689355057e-6,-7.047314518087544e-16,-7.712384909118891e-16,2.970226303302594e-16,-9.162690736977953e-16,-1.720838231745767e-16,3.5338856242932134e-16,1.0409906962833081e-15,-2.270725567486753e-16,-2.918292056526208e-16,8.785959955387685e-16,-5.88722342136487e-16,-1.816137774101293e-16,-3.009593074143173e-6,-1.0845227727590728e-6,-1.2559782214605901e-5,-8.617971703119803e-7,-2.7205039736290477e-7,-1.5428097499170626e-6,-1.7564110794320532e-6,-6.493899391407019e-7,-8.842413393301979e-7,-6.783148549054103e-7,-6.795752205865427e-7,2.1767735846520805e-8,1.3084855142624032e-6,-1.5241991010111711e-15,4.37612616132574e-7,3.2728997421881554e-16,-1.8553803217447636e-16,1.696079963320173e-16,-1.1735016027804718e-16,2.0094031880911636e-16,1.2125296495127964e-16,-2.810189503619702e-16,8.103093485204524e-17,-2.041866369982199e-16,-2.582770070916432e-16,-1.7571460942263653e-16,-3.942726339097891e-16,-0.0,-0.0,-0.0,-0.0,-0.0,-0.0,-0.0,-0.0,-0.0,-0.0,-0.0,-0.0,-0.0,-0.0
-6.657391579206732e-5,0.02681684816236225,2.2808360211667516e-17,2.5919055575415815e-16,4.238522591707473e-16,-0.1095062659593848,-0.0019484997322720612,0.0596704018649161,-0.12443436535556496,2.143653534716176e-12,-0.00878228411941165,-0.0029371653674383214,-2.5351631726486314e-16,-0.017985705474458998,-0.001994770957528172,0.0005948241727218422,0.004999730497613315,0.004543119627699565,0.00012460188562844743,-0.004946151616712051,0.0002696896530374417,-0.0008043248151340472,-0.0019491083534212224,-0.10982067496355533,-0.0006204945161936827,-0.004578051582746351,-5.284195981997114e-5,-7.114702480850865e-16,-8.601509271866654e-16,1.372594256856604e-16,-9.873232232157201e-16,-1.8418201984866177e-16,2.9487486613188224e-16,1.0832846748617585e-15,-2.9949110238822774e-16,-3.5533148305833073e-16,8.828975302366179e-16,-7.446942303665084e-16,-2.86396730755966e-16,0.0004058778810869378,0.00025053684195917576,0.0020812803937711242,0.0003409554152675261,0.00027644530947696717,0.00020828685536403594,0.0006051225598957953,0.00032285187328955425,0.001777287678470566,0.0005274012196236787,0.00022024171639912113,2.7107051414946847e-6,2.6899132522574272e-5,-1.7693503707260226e-15,8.99620182793165e-6,5.233152417360965e-16,-3.0914259878374407e-16,2.3037236943525763e-16,-2.9973179863042196e-16,2.691260944673998e-16,1.596724855194184e-16,-4.9437528173531425e-16,1.6422701808816434e-16,-2.93471203805126e-16,-3.1371754989150643e-16,-4.1377257726753415e-17,-4.0858883756476855e-16,-0.0,-0.0,-0.0,-0.0,-0.0,-0.0,-0.0,-0.0,-0.0,-0.0,-0.0,-0.0,-0.0,-0.0
-1.5038000817838804e-6,0.00036933209441759656,-5.160693970933493e-15,-2.1120650316584507e-16,1.0370428311139851e-14,-0.0014602181367770097,-3.562328145981493e-5,-1.481186513627624e-5,-0.0020050916009466783,5.401440402157662e-14,0.00010565486758798876,3.533543366810172e-5,-3.047227283789057e-14,0.0017721066499849678,-2.3841750293821797e-5,-5.100964145780304e-5,-7.342141313151632e-5,-0.00033004243004308833,-5.958809630089361e-5,1.1098673220238097e-6,-5.081249064000618e-5,-0.00019647683914561726,-0.00019185684018092222,-0.00017631402299846417,-0.00016086870367522965,-0.00025078422525980467,-9.779869983981307e-5,-1.0541136210592643e-14,-1.2136294906991375e-14,4.934368167946902e-16,-1.4972612922997382e-14,-2.919126898226122e-15,5.8650041910153355e-15,1.0443828311801663e-14,-3.3415427821388943e-15,-3.579059529397379e-15,6.570866432416571e-15,-9.677645464365577e-15,-1.9010592214785816e-15,1.6147228673623063e-5,2.5350308817281133e-6,6.424892129888806e-5,3.1892592740166814e-6,-1.9471500630679617e-6,7.779417920850314e-6,3.4984129122327893e-6,8.324970344733809e-6,1.746736485434474e-6,1.2773069721055163e-5,1.522009558190048e-6,7.602758103223041e-7,-4.311618923639689e-5,-1.8220930622522698e-14,-1.4419868011848913e-5,6.440783006741418e-15,-3.766881014062566e-16,3.841766066885734e-15,-1.930931772006891e-15,4.482856781856493e-15,1.2510132060374434e-15,-3.994046218688788e-15,2.5805525769380238e-15,-3.5690833871684905e-15,-4.552542934393103e-15,-1.582684009825366e-15,-1.5097302154534567e-15,-0.0,-0.0,-0.0,-0.0,-0.0,-0.0,-0.0,-0.0,-0.0,-0.0,-0.0,-0.0,-0.0,-0.0
-6.111934473904457e-8,2.0458983264457007e-5,4.260951510789131e-17,2.4253729488235837e-17,1.1894208806323908e-16,-8.15401384147996e-5,-5.979826547816221e-6,4.212893253558828e-7,-9.809684014440324e-5,5.227100378799641e-15,4.116184112028902e-6,1.3766251758688149e-6,-4.945993942679342e-16,-3.381446407974759e-7,-1.1543919312209468e-6,-3.1461344469082493e-6,-3.000267061499961e-6,-2.2286567296662804e-5,-4.099677503174073e-6,-9.70297243780677e-7,-4.002692357084137e-6,-1.1108649841526575e-5,-7.847390807048149e-6,-1.1225782156996597e-5,-7.283746117628484e-6,-1.5129329712247605e-5,-1.5435346415171967e-6,-7.433367924855792e-17,-1.485185141122964e-16,6.473877324997914e-17,-5.521279795698287e-17,-1.5430790246036674e-16,-7.27494145957547e-17,-1.0157265858362374e-16,3.620931119431765e-17,-5.873890522490574e-17,1.655733384439412e-16,-2.788591925947226e-16,1.3010026535466458e-16,8.171551023671001e-7,2.9581809865880893e-7,3.6909536329011844e-6,2.1034224278332524e-7,-1.131185400697381e-8,4.642315816126839e-7,3.31246681161836e-7,2.65713758337892e-7,1.6974906807799162e-7,3.12407881204353e-7,1.4185490001675932e-7,1.0362871556237917e-8,-7.988727248551099e-7,1.1535139465426057e-16,-2.6717665491474177e-7,-3.276217536228261e-18,-9.445816456092076e-18,1.733810719696864e-17,-1.039259432107107e-17,-1.1986079466737058e-16,6.015838245733821e-17,-1.580776843774416e-17,7.599762493459272e-17,-3.3418465077729616e-17,-5.666835637579869e-17,-1.8871069494385323e-16,3.624511494486501e-18,-0.0,-0.0,-0.0,-0.0,-0.0,-0.0,-0.0,-0.0,-0.0,-0.0,-0.0,-0.0,-0.0,-0.0
-3.681066430644173e-5,0.00556949129742407,-5.2254854377566654e-15,-1.418021884576281e-16,1.0567472019697895e-14,-0.022950458466878692,-0.0004593252557317737,0.012640983691483318,-0.025832239829518468,4.83386147586525e-13,-0.0015831676153717702,-0.0005294778701667016,-3.09613499561072e-14,-0.0016293666864313093,-0.00042664296917913546,7.30563257721152e-5,0.0009653827953592297,0.0005320768996120048,-1.2133603724555595e-5,-0.00015155266216745675,3.0342609067755452e-6,-0.0004255953043903884,-0.00048610795629575634,-0.0007118563743253306,-0.023989005690706208,-0.0010250897565179478,-0.0001128130375089617,-1.0817570839654213e-14,-1.2428473608627446e-14,5.102144018173287e-16,-1.531666210298053e-14,-2.9782884113298645e-15,5.999730192798948e-15,1.0684629478502958e-14,-3.377123655680694e-15,-3.674635032025271e-15,6.799175137670612e-15,-9.919799170985002e-15,-1.8988973573302626e-15,0.00011589798276872652,0.00010069379832740058,0.0005514145257254084,7.799035458963793e-5,3.935655606983801e-5,5.843125383749098e-5,0.00015638353582884517,8.862371377804499e-5,7.730426928526831e-5,0.0007772684617077112,6.243940795539062e-5,1.6321840966021463e-6,-4.518608811196862e-5,-1.866397630588732e-14,-1.5112129297172436e-5,6.577874028353955e-15,-3.496168259531291e-16,3.95957431324483e-15,-1.9464361842605033e-15,4.587420154642054e-15,1.2961206367439422e-15,-4.004321408799729e-15,2.673570441082176e-15,-3.6642607517924655e-15,-4.68995780047045e-15,-1.6247893556639596e-15,-1.5243975926978241e-15,-0.0,-0.0,-0.0,-0.0,-0.0,-0.0,-0.0,-0.0,-0.0,-0.0,-0.0,-0.0,-0.0,-0.0
-5.985546841334553e-8,-5.880744277345161e-6,4.241934217192746e-17,2.4244278438722723e-17,1.1874215173779376e-16,2.0281990271724526e-5,-5.785954447709982e-6,6.582377918542827e-5,2.8548340797354003e-5,-2.3626138114264022e-14,-1.492968942123228e-5,-4.993116382690963e-6,-4.984596545850941e-16,-8.325178958030098e-5,-1.2752556786142211e-6,8.821054953504445e-7,8.619959498443216e-6,4.652334703845812e-6,1.040381446842243e-6,7.980562857923258e-7,-1.362028657241395e-8,3.1797780384950588e-6,-2.213811966355748e-7,1.283548996963907e-6,4.950738031005565e-6,-1.2352094327991787e-6,-1.3001614967153447e-6,-7.427795241459638e-17,-1.4831933067056148e-16,6.469917891370153e-17,-5.5209423275274626e-17,-1.5421998373367398e-16,-7.271796524669975e-17,-1.0154008802226444e-16,3.624971369348251e-17,-5.869220936464375e-17,1.654545133585744e-16,-2.78785217039164e-16,1.299391087534504e-16,1.5902295734982718e-7,1.0952232215664386e-7,1.7060015341502443e-6,3.1533420794402777e-7,1.4571933011984499e-7,1.249684445998051e-7,3.948235011045102e-7,2.31663800129688e-7,1.894272024283809e-7,1.743129393122993e-7,1.1518570744040179e-7,1.0053607619119824e-8,-7.453408146561558e-7,1.1525465196671943e-16,-2.4927333152575745e-7,-3.2853752531338297e-18,-9.53308298687477e-18,1.7281686417677025e-17,-1.0452594695789278e-17,-1.1981494923863148e-16,6.011401914430444e-17,-1.5942046773739073e-17,7.591163315090177e-17,-3.335915360777236e-17,-5.661978030043621e-17,-1.8863302187586875e-16,3.5044522247227125e-18,-0.0,-0.0,-0.0,-0.0,-0.0,-0.0,-0.0,-0.0,-0.0,-0.0,-0.0,-0.0,-0.0,-0.0
-7.519475681009852e-7,0.00018469187327893735,-2.5798545011748445e-15,-1.0552461875030431e-16,5.184755939826611e-15,-0.0007302128700624063,-1.7824540019087445e-5,-7.403742329882947e-6,-0.001002652304009973,2.701678524162562e-14,5.2830310636196034e-5,1.7668678971136748e-5,-1.5248458302243004e-14,0.000885921345119264,-1.1922110263379746e-5,-2.550922020709746e-5,-3.671306906696939e-5,-0.00016505469556007675,-2.980029015601854e-5,5.523308614866752e-7,-2.54128845963019e-5,-9.825274276397776e-5,-9.593461279545385e-5,-8.817313063938051e-5,-8.044137279617675e-5,-0.0001254128632718611,-4.8896124596741745e-5,-5.269981374334624e-15,-6.067635433223008e-15,2.4685008558233105e-16,-7.485342214190507e-15,-1.4597483599771917e-15,2.9318792068864614e-15,5.220877644764691e-15,-1.6704301153793445e-15,-1.7894175790377883e-15,3.2853772353405476e-15,-4.838831210259724e-15,-9.500509877786059e-16,8.074542606012709e-6,1.268096390291356e-6,3.212929603940016e-5,1.5949401323967914e-6,-9.73460366853675e-7,3.890339440909768e-6,1.7498081722850672e-6,4.162559572172846e-6,8.736800015685316e-7,6.386401492063076e-6,7.612606983777457e-7,3.8010858077098857e-7,-2.155698021393397e-5,-9.108817650676462e-15,-7.2095613022420295e-6,3.2199064995722805e-15,-1.883407219671429e-16,1.920643859359873e-15,-9.653500330587253e-16,2.240785365821658e-15,6.255703350979154e-16,-1.9967686938947938e-15,1.2902828085426738e-15,-1.784364467145177e-15,-2.2760818837144385e-15,-7.917151600035089e-16,-7.547440011033358e-16,-0.0,-0.0,-0.0,-0.0,-0.0,-0.0,-0.0,-0.0,-0.0,-0.0,-0.0,-0.0,-0.0,-0.0
-3.5376144378196927e-5,0.005269025452855891,-2.6439877079013707e-15,-3.5265889461247505e-17,5.37952548066026e-15,-0.02174590949351421,-0.00043329464453431186,0.012442485322401477,-0.024295584967175314,4.311120247096053e-13,-0.001614569374303814,-0.0005399799397359745,-1.5738841024571864e-14,-0.002498176734392866,-0.00040702164886371165,9.850335550952461e-5,0.0009888535219320042,0.0006960724540138913,1.971980954427019e-5,-0.0001481322919703053,2.9714978233621447e-5,-0.00031462559807181523,-0.0003801006287392973,-0.0006060996735298217,-0.023440932394023214,-0.0008767126626609439,-6.35032026574478e-5,-5.540765837440162e-15,-6.353769694869614e-15,2.617787373184101e-16,-7.822968823145787e-15,-1.5176940377027586e-15,3.0631914951880125e-15,5.45673343039872e-15,-1.705660737257191e-15,-1.883275175844458e-15,3.5087204013075467e-15,-5.078078505999813e-15,-9.48924057716424e-16,0.00010551738744535557,9.742357246248884e-5,0.0005087452380694516,7.501517913305743e-5,3.962450834277464e-5,5.336621941255343e-5,0.00015172149775496147,8.289180666485727e-5,7.498361948987083e-5,0.0007560264320974088,6.048757763152193e-5,1.2351343963719687e-6,-2.354089475893366e-5,-9.542264890490956e-15,-7.873065809209049e-6,3.355614262692902e-15,-1.6326914651019672e-16,2.0367818443175588e-15,-9.82274437290672e-16,2.343772597799536e-15,6.696850343556086e-16,-2.0091544061522918e-15,1.3815637864746897e-15,-1.8779207009374127e-15,-2.4103593125351324e-15,-8.318498508870643e-16,-7.693983155834158e-16,-0.0,-0.0,-0.0,-0.0,-0.0,-0.0,-0.0,-0.0,-0.0,-0.0,-0.0,-0.0,-0.0,-0.0
-4.824367801778739e-7,0.00010077385720670425,7.036795239808172e-16,-6.719689732213147e-16,-1.5709420686272813e-15,-0.0003983304171440393,-3.672817876861353e-5,3.734141376114595e-6,-0.00045537378116928206,4.436544380155219e-14,1.7013241536302567e-5,5.689943885776057e-6,3.820507800772041e-15,-0.000194234133769095,-5.02259737263403e-6,-1.651868516984849e-5,-1.034084066960601e-5,-0.0001232615214539617,-1.8384132861651574e-5,-4.0125293914236085e-6,-2.7155951705943972e-5,-5.7333848759552477e-5,-2.565631518013681e-5,-6.0617827005331206e-5,-3.321976183444132e-5,-8.167524670809737e-5,1.023807431820604e-5,-1.7140120146070005e-16,4.0920166517393367e-17,9.617498428769378e-16,3.496596430601164e-16,2.7144991643238175e-16,7.435550588872613e-17,8.862224095350872e-16,-4.0362719283367734e-16,-1.2189398324530885e-16,1.2734875405123482e-15,7.137944425430762e-16,-1.4028619587844358e-16,4.736331036314009e-6,2.880258999672487e-6,2.1156439781330434e-5,1.1432995428953458e-6,9.247117282651954e-8,3.1128416158761344e-6,2.4703632538518196e-6,1.0070583897624228e-6,1.2291187892430325e-6,4.044624943195966e-6,1.0643648400779932e-6,-5.216508339002016e-8,2.0993775441483713e-5,-9.578913645567572e-17,7.021201924223922e-6,-3.625985590832012e-16,-2.9891332854621904e-16,-2.715570653472081e-16,6.043045547068342e-17,-1.9216825721824738e-16,7.346170224227706e-17,6.465613562274932e-17,-3.335560920594996e-16,-7.466247557057816e-17,6.679586375226873e-16,-4.014627856769318e-16,-6.093372708255656e-16,-0.0,-0.0,-0.0,-0.0,-0.0,-0.0,-0.0,-0.0,-0.0,-0.0,-0.0,-0.0,-0.0,-0.0
-5.715302637196413e-8,1.948457399436186e-5,5.624549750141238e-17,2.480318235241249e-17,9.153587862955809e-17,-7.768763321253392e-5,-5.886106681398091e-6,4.604425884780638e-7,-9.280589585271494e-5,5.08491454172064e-15,3.837318575349256e-6,1.283360805760015e-6,-4.240168372881895e-16,-5.0201755264684365e-6,-1.091474926677886e-6,-3.0115820725586003e-6,-2.8064590479818627e-6,-2.1416154570790296e-5,-3.94248038642141e-6,-9.732623876225926e-7,-3.8687749142337036e-6,-1.0590325828983091e-5,-7.3409365334572425e-6,-1.0760740901836283e-5,-6.859221897879545e-6,-1.4467825426136027e-5,-1.2851278265419386e-6,-4.6497928194847483e-17,-1.1646677481352574e-16,6.344622660649704e-17,-1.566860450896552e-17,-1.4659381276688408e-16,-8.823568781603768e-17,-1.2914055672469164e-16,4.502829169427277e-17,-4.928805504609122e-17,1.4823398201978383e-16,-2.532904293368181e-16,1.3511708606576715e-16,7.745588285595071e-7,2.8915372664876e-7,3.5214867904749197e-6,2.0193079070733478e-7,-6.168619023560648e-9,4.4371841199102824e-7,3.220328910932531e-7,2.4373767784329565e-7,1.6514856721068918e-7,2.787207298032419e-7,1.3784628266074313e-7,8.354394276312047e-9,-6.847528531021786e-7,1.634660429191836e-16,-2.290101676312197e-7,-2.028912406466459e-17,-8.45448077054825e-18,7.189413939382942e-18,-5.292580487087168e-18,-1.3169964035846083e-16,5.68547838890339e-17,-5.259410498126926e-18,6.917797225754681e-17,-2.399374739037326e-17,-4.4637424611166705e-17,-1.8453335148138304e-16,7.604097764043134e-18,-0.0,-0.0,-0.0,-0.0,-0.0,-0.0,-0.0,-0.0,-0.0,-0.0,-0.0,-0.0,-0.0,-0.0
-0.00012277522759619608,0.03448963522264754,8.548910767387122e-16,-3.5738119212057697e-16,-1.2782219805306404e-15,-0.14114636869542713,-0.0025694095284586843,0.07797163099118799,-0.15953267090178064,2.8402473207116814e-12,-0.011068413309436191,-0.0037017431687398137,4.821284146558325e-15,-0.02292086225442393,-0.0025279119084138184,0.0007540196398501352,0.006451053957131496,0.005608958478920639,0.0002902844671537597,-0.001033191243816234,0.00033314700912962056,-0.0009515900818997457,-0.0015724349544840321,-0.0033811932460530323,-0.0002082641874324626,-0.16543205357917662,-4.959915648208835e-5,-1.7751015979401256e-16,-7.99179225728009e-17,7.867486940373635e-16,2.7626774951546764e-16,2.621496696961216e-16,3.174677440271536e-17,9.358800347331874e-16,-4.637206104615033e-16,-1.9734589393713279e-16,1.2925326484129549e-15,5.500073996104051e-16,-2.3495684516953637e-16,0.0005543597728003058,0.00040425699379749056,0.0027952190221851763,0.0004380680082193202,0.00022632979176263543,0.0002824334209677327,0.0008182172257915259,0.0004101971681331143,0.0004130927634776345,0.0007483902910338379,0.0014123329363047148,3.8379905097865875e-6,5.4621890348186695e-5,-4.331822326643125e-16,1.826785861737132e-5,-1.5908061027800945e-16,-4.376518210452215e-16,-2.0808347054571712e-16,-1.2979179971780323e-16,-1.1051122518219929e-16,1.2888246421786437e-16,-1.219362161054963e-16,-2.2139878104663864e-16,-1.7137867504623004e-16,5.775443714385262e-16,-2.709231421936972e-16,-6.23987905078709e-16,-0.0,-0.0,-0.0,-0.0,-0.0,-0.0,-0.0,-0.0,-0.0,-0.0,-0.0,-0.0,-0.0,-0.0
-5.711543129450553e-8,1.8747421823094414e-5,5.624018740609604e-17,2.4802917012621336e-17,9.153026238965867e-17,-7.483798991611024e-5,-5.880679098335238e-6,2.290982375334489e-6,-8.926158459168907e-5,4.277355524857721e-15,3.3042325699934e-6,1.1050744133320493e-6,-4.066868163164672e-16,-7.340861026540472e-6,-1.094859130739861e-6,-2.8988368466345993e-6,-2.481222165774979e-6,-2.0662160528810933e-5,-3.7986167041239874e-6,-9.23770834689382e-7,-3.7571254829267518e-6,-1.0190400146887507e-5,-7.1274889246428624e-6,-1.0410622794283584e-5,-6.5133446540521005e-6,-1.4082753914410688e-5,-1.2783154874640852e-6,-4.649632831388078e-17,-1.1646116020749032e-16,6.344511061411126e-17,-1.5668462092612646e-17,-1.4659134366559892e-16,-8.823482881080009e-17,-1.2913967911174568e-16,4.5029425947486665e-17,-4.9286736149114814e-17,1.4823062322087737e-16,-2.532883291073123e-16,1.3511257222410228e-16,7.561371689589718e-7,2.839348424212962e-7,3.465925799615707e-6,2.048688840022972e-7,-1.774156581324869e-9,4.3422217362260815e-7,3.238094867223871e-7,2.427827215161961e-7,1.6569813701185708e-7,2.7476243505540977e-7,1.3712445948434048e-7,8.345704598934117e-9,-6.832534587437549e-7,1.6346339235953168e-16,-2.285087070632981e-7,-2.0289394398771017e-17,-8.456931614296866e-18,7.187819740462935e-18,-5.2942634452525244e-18,-1.316983700944765e-16,5.685353691570642e-17,-5.2631735110641776e-18,6.917555472493952e-17,-2.3992076039703736e-17,-4.463604688113335e-17,-1.8453116741504883e-16,7.600739085189505e-18,-0.0,-0.0,-0.0,-0.0,-0.0,-0.0,-0.0,-0.0,-0.0,-0.0,-0.0,-0.0,-0.0,-0.0
-2.4121906431156697e-7,5.0387158848385404e-5,3.5184042410101775e-16,-3.359841886132363e-16,-7.854699401273896e-16,-0.00019916612661135052,-1.836415890034193e-5,1.8670761206430395e-6,-0.00022768798740283773,2.2182781877505408e-14,8.506666130287738e-6,2.844987113901191e-6,1.919789847472758e-15,-9.711712517518711e-5,-2.5113115878378907e-6,-8.259378166229985e-6,-5.170453523697728e-6,-6.16310137197407e-5,-9.192113030505838e-6,-2.0062762027994615e-6,-1.357802152550096e-5,-2.8667049507398034e-5,-1.2828244411564951e-5,-3.030904062927026e-5,-1.6609961988278143e-5,-4.0837794274469e-5,5.119021869570423e-6,-8.570115060906642e-17,2.0458703055528296e-17,4.808756672852231e-16,1.7482963373841786e-16,1.3572321964124983e-16,3.71767070313735e-17,4.4310966921960335e-16,-2.0181306042733346e-16,-6.094757486344204e-17,6.367455187972884e-16,3.5689421579489677e-16,-7.014149614963265e-17,2.3681746664563333e-6,1.4401329082368591e-6,1.0578261485196271e-5,5.716521570140167e-7,4.6235512759576214e-8,1.5564260462389769e-6,1.2351854273881154e-6,5.03532076630081e-7,6.145613438485957e-7,2.0223157493081836e-6,5.321840467882282e-7,-2.6082442387228742e-8,1.0496879478822149e-5,-4.789263081939664e-17,3.5105982056672054e-6,-1.8129951771454938e-16,-1.4945676261397628e-16,-1.357784458259871e-16,3.0215164656083525e-17,-9.608568786994364e-17,3.6731524312826764e-17,3.2328005099236417e-17,-1.6677722433300903e-16,-3.733152161681705e-17,3.339787857831794e-16,-2.0073357681507458e-16,-3.0466854158190326e-16,-0.0,-0.0,-0.0,-0.0,-0.0,-0.0,-0.0,-0.0,-0.0,-0.0,-0.0,-0.0,-0.0,-0.0
-0.00012252970992489688,0.03444293802320731,4.835805007506e-16,6.78325109300738e-17,-4.259649400052225e-16,-0.1409612550118045,-0.0025534955482078123,0.07795768275637922,-0.1593223417468175,2.820461235808509e-12,-0.011073439463142938,-0.0037034241260396404,2.5383413847946933e-15,-0.022794225670721997,-0.0025254301363126985,0.0007606872377799702,0.006453973789840117,0.005659502865643444,0.0002972111736686409,-0.0010317127784952003,0.0003452276996296659,-0.0009278516322486166,-0.0015637106859213937,-0.0033554164582918376,-0.0001947003682518038,-0.16537003685638837,-5.5789958580627355e-5,-8.050597497954831e-17,-8.881701571722244e-17,2.4501503796039987e-16,9.240781321046156e-17,1.2730440396541816e-16,-3.911983607751575e-17,4.800065808055693e-16,-2.76507136316098e-16,-1.4269467005617306e-16,6.361149807300038e-16,1.1958059296292328e-16,-2.0119298397997263e-16,0.0005522521851852694,0.0004029016509863341,0.002785711995711688,0.00043753097276901204,0.0002262327248277428,0.00028096718199755697,0.0008169896011066919,0.00040972335003651477,0.0004124478688010267,0.0007462642296643386,0.0014116405066274818,3.869503389328285e-6,4.470231931646341e-5,-3.4061264973824263e-16,1.4950336649366284e-5,7.36615442586649e-17,-3.4597096094730826e-16,-4.642357168142843e-17,-2.2826021271044353e-16,2.425553664241627e-18,8.828105937238143e-17,-2.446184282212761e-16,-5.015634715863217e-17,-1.4425445137449178e-16,2.6203480031488824e-16,-2.5132416409414273e-17,-3.2739426459523754e-16,-0.0,-0.0,-0.0,-0.0,-0.0,-0.0,-0.0,-0.0,-0.0,-0.0,-0.0,-0.0,-0.0,-0.0
4.870552382114955e-7,-0.00013261691007974134,-1.8068245144213963e-17,-4.0783415000578237e-17,1.231463892965718e-16,0.0005316596754191842,4.1604863557586066e-5,-6.268054832453934e-6,0.0006205226658934743,-8.657736022798309e-14,-2.4573764615587496e-5,-8.21850094973614e-6,1.8949350601728888e-16,-4.161641058900459e-5,7.041105125139641e-6,2.2889968450236706e-5,1.7469921110906006e-5,0.000149230623451291,2.6794173101800548e-5,7.904248500038281e-6,2.7437046884912445e-5,7.501487654905719e-5,4.5303360331235e-5,7.889704190438047e-5,4.489352111355745e-5,0.00010007930109333314,1.3950438176663657e-6,8.82328208818408e-18,1.551071472776076e-17,1.9395954876575174e-17,1.6211076041713046e-17,-8.217553859889332e-18,1.4027142433398702e-17,1.9751549149744576e-17,-8.083535958019794e-18,7.441275347052325e-18,-4.0202601135131645e-17,3.513085324414689e-17,-9.555211264259337e-17,-6.088424732618672e-6,-2.062803161266102e-6,-2.521038422757868e-5,-1.5422825911934404e-6,-2.0210301804952383e-7,-3.163271574999818e-6,-2.9625228390897795e-6,-1.6720809185472168e-6,-1.5068324141057177e-6,-2.8468481381259135e-6,-1.245333148300632e-6,-1.4814472750117348e-8,2.597466063341478e-7,1.4998250756815782e-16,8.687019532514335e-8,-3.525819760504355e-19,-1.285288644934482e-17,1.2879571835564297e-17,3.3258222829804333e-19,5.017883414520611e-18,7.556281920511189e-18,-3.1273383375699825e-17,-3.3437201423857592e-18,-2.534019362406359e-17,1.6046450460212727e-17,1.564848830730685e-17,-3.9892619483908056e-17,-0.0,-0.0,-0.0,-0.0,-0.0,-0.0,-0.0,-0.0,-0.0,-0.0,-0.0,-0.0,-0.0,-0.0
-5.7147309328734114e-8,1.948337978716802e-5,5.623715867378653e-17,2.4811145377850042e-17,9.155449473499473e-17,-7.768291285092386e-5,-5.885671440600034e-6,4.603983378276436e-7,-9.280049950443889e-5,5.084388795870232e-15,3.837116962077565e-6,1.2832933777962432e-6,-3.744589776952045e-16,-5.017873794309839e-6,-1.0914154071091912e-6,-3.0113863206361192e-6,-2.8063365050499554e-6,-2.141469388068704e-5,-3.942262528123585e-6,-9.732148377998682e-7,-3.86845310736236e-6,-1.0589646403384857e-5,-7.340632496719659e-6,-1.0760022560646002e-5,-6.858828231951236e-6,-1.4466857546828356e-5,-1.2852491243438745e-6,-4.649589702655158e-17,-1.164672596969675e-16,6.34348295667474e-17,-1.5672748075413996e-17,-1.4659702948802964e-16,-8.823656892614369e-17,-1.2915105868780154e-16,4.5033074784038545e-17,-4.928661055226261e-17,1.4821889077176994e-16,-2.5329888794232994e-16,1.3511874846102116e-16,7.745027014407257e-7,2.8911959463221787e-7,3.5212360795729292e-6,2.0191724222395096e-7,-6.169714836020629e-9,4.436815237883312e-7,3.2200361646240406e-7,2.43725743834756e-7,1.6513400176703728e-7,2.786727997065432e-7,1.378336695776122e-7,8.35501229984438e-9,-6.85001635398217e-7,1.634671780031466e-16,-2.2909337089981262e-7,-2.0284827158101052e-17,-8.450938556245458e-18,7.192631969441771e-18,-5.293296604487426e-18,-1.3169736307042197e-16,5.685391333002814e-17,-5.260176691084992e-18,6.918192497711812e-17,-2.3992862611074643e-17,-4.464534010730105e-17,-1.8452859397604784e-16,7.611318589957499e-18,-0.0,-0.0,-0.0,-0.0,-0.0,-0.0,-0.0,-0.0,-0.0,-0.0,-0.0,-0.0,-0.0,-0.0
-5.050176139237974e-7,0.00019486946642431767,-1.6588356038759337e-17,-3.819498072980369e-17,1.264635086094751e-16,-0.0008042397748092745,1.850330628304229e-5,0.0007216441930757629,-0.0008982672662239797,-6.017506178226544e-14,-0.00012836544906525636,-4.293080777659691e-5,1.863780767368066e-16,-0.0002555459635553201,-1.6678497053389477e-5,3.0190621584714514e-5,7.743607671929733e-5,0.00020488367455701473,2.907538046698918e-5,-2.052371808725669e-6,3.078269154309164e-5,6.558509859842993e-5,2.986375647150065e-5,4.7585166573487926e-5,4.26653338310933e-5,4.5415272029006456e-5,-0.0015256855529733986,8.844015800569309e-18,1.4480366799426064e-17,1.795446984527314e-17,1.5679359766459372e-17,-8.33374146931441e-18,1.3478070598226378e-17,2.0496212021899414e-17,-9.047456377943519e-18,6.716234578531129e-18,-4.0846455317515995e-17,3.380060709044516e-17,-9.686248219909574e-17,-1.1080325819632435e-6,1.3499148353094628e-6,-1.221562038409758e-7,2.5375589124887656e-6,1.8621661622079392e-6,-5.953403631750888e-7,4.519694912561967e-6,2.061130217387617e-6,2.251585812246615e-6,3.73967173808242e-6,1.5572662024160532e-6,7.11892268095185e-6,5.611968268171469e-7,1.475934802991917e-16,1.8768783405598135e-7,1.3796714785219533e-18,-1.4022967725854612e-17,1.3596925708756592e-17,-1.3203054302378293e-18,5.879591844657869e-18,7.962226655824718e-18,-3.338833698246522e-17,-2.479842937201842e-18,-2.6414810957624618e-17,1.5600754496270342e-17,1.7307227776337172e-17,-3.987275614887282e-17,-0.0,-0.0,-0.0,-0.0,-0.0,-0.0,-0.0,-0.0,-0.0,-0.0,-0.0,-0.0,-0.0,-0.0
-5.7147309327421424e-8,1.9483379789927514e-5,5.623715867380392e-17,2.481114537781136e-17,9.155449473501577e-17,-7.768291286112474e-5,-5.885671439413297e-6,4.6039833765596346e-7,-9.280049951885044e-5,5.084388796323928e-15,3.8371169625678725e-6,1.2832933779433297e-6,-4.673949411050453e-16,-5.017873791523553e-6,-1.0914154070608317e-6,-3.011386320199973e-6,-2.806336505202307e-6,-2.141469387792121e-5,-3.942262527698581e-6,-9.73214837812165e-7,-3.86845310680281e-6,-1.0589646402335895e-5,-7.340632496109589e-6,-1.0760022558218235e-5,-6.858828231705967e-6,-1.4466857544390384e-5,-1.285249161577032e-6,-4.649589702653326e-17,-1.164672596969761e-16,6.343482956675804e-17,-1.5672748075412942e-17,-1.465970294880299e-16,-8.823656892613984e-17,-1.2915105868778833e-16,4.5033074784013554e-17,-4.928661055226483e-17,1.4821889077173067e-16,-2.532988879423044e-16,1.351187484610092e-16,7.745027013197045e-7,2.8911959461675735e-7,3.5212360789965216e-6,2.019172421854598e-7,-6.169714825590491e-9,4.4368152369918735e-7,3.2200361641396124e-7,2.4372574381664335e-7,1.6513400172817194e-7,2.7867279968672946e-7,1.378336695559434e-7,8.355012484577302e-9,-6.850016353963245e-7,1.6346717800308782e-16,-2.2909337089885973e-7,-2.028482715810913e-17,-8.450938556247943e-18,7.19263196943119e-18,-5.2932966044855594e-18,-1.316973630704254e-16,5.685391333002984e-17,-5.260176691089677e-18,6.918192497710445e-17,-2.3992862611080138e-17,-4.464534010731163e-17,-1.84528593976043e-16,7.611318589957263e-18,0.0,0.0,0.0,0.0,0.0,0.0,0.0,0.0,0.0,0.0,0.0,0.0,0.0,0.0
2.435276191059842e-7,-6.63084550397357e-5,-9.034122572108303e-18,-2.0391707500292517e-17,6.157319464829424e-17,0.0002658298377090656,2.0802431778857597e-5,-3.1340274162399135e-6,0.00031026133294607733,-4.3288680113937417e-14,-1.2286882307757583e-5,-4.109250474858642e-6,8.406567906434196e-17,-2.0808205294354604e-5,3.5205525625712863e-6,1.14449842251513e-5,8.73496055542916e-6,7.461531172579363e-5,1.3397086550931406e-5,3.952124250007777e-6,1.3718523442492343e-5,3.750743827459215e-5,2.265168016566067e-5,3.94485209523042e-5,2.244676055638513e-5,5.003965054686851e-5,6.9752190887374e-7,4.4116410440858974e-18,7.755357363873031e-18,9.69797743829002e-18,8.10553802084859e-18,-4.108776929945822e-18,7.013571216704213e-18,9.875774574878303e-18,-4.0417679790116235e-18,3.720637673524486e-18,-2.01013005675612e-17,1.7565426622071354e-17,-4.777605632129583e-17,-3.0442123663169434e-6,-1.0314015806374986e-6,-1.2605192113808174e-5,-7.711412955986729e-7,-1.0105150902488254e-7,-1.5816357875033332e-6,-1.481261419546187e-6,-8.360404592763351e-7,-7.534162070534126e-7,-1.4234240690504583e-6,-6.226665741496567e-7,-7.4072363760385826e-9,1.298733031660864e-7,7.499125378406738e-17,4.3435097662241466e-8,-1.762909880240054e-19,-6.4264432246698836e-18,6.439785917785142e-18,1.6629111415052678e-19,2.5089417072625397e-18,3.778140960256412e-18,-1.5636691687846107e-17,-1.6718600711920684e-18,-1.2670096812034457e-17,8.023225230102467e-18,7.824244153652417e-18,-1.9946309741953603e-17,-0.0,-0.0,-0.0,-0.0,-0.0,-0.0,-0.0,-0.0,-0.0,-0.0,-0.0,-0.0,-0.0,-0.0
-7.485466770531461e-7,0.0002611787977854043,-7.555944336844519e-18,-1.7795420286693786e-17,6.489619439299421e-17,-0.001070073097781739,-2.299378881532628e-6,0.0007247782200059552,-0.0012085326856499153,-1.688608565160179e-14,-0.00011607839692956374,-3.882150050412719e-5,9.309732163761264e-17,-0.00023473537459389672,-2.0199089588264366e-5,1.87455027906154e-5,6.870099687725665e-5,0.00013026743270552692,1.567809154733203e-5,-6.00456047177153e-6,1.7064035809377203e-5,2.807719206761201e-5,7.211680874657185e-6,8.136178793844989e-6,2.0218284137031556e-5,-4.624999243162581e-6,-0.0015263831704114689,4.433368980862515e-18,6.726024173076111e-18,8.251136211823984e-18,7.573026050163849e-18,-4.224887662091946e-18,6.461535881114056e-18,1.0619314729170829e-17,-5.006972916214451e-18,2.9950422384898307e-18,-2.0746886432731035e-17,1.6228710581869324e-17,-4.908962656851255e-17,1.9362118709716724e-6,2.3813301268755765e-6,1.2483174381981073e-5,3.308709596858827e-6,1.963216331762928e-6,9.86308021762286e-7,6.000969042669923e-6,2.897179432129408e-6,3.0050054521546126e-6,5.163097974232907e-6,2.1799397387985585e-6,7.12633045336073e-6,4.313746898043288e-7,7.26061508204263e-17,1.4426984850844806e-7,1.5604902549491531e-18,-7.601607253180255e-18,7.159417377806403e-18,-1.4926020185154512e-18,3.372133821316602e-18,4.183746039115692e-18,-1.7759594361279413e-17,-8.075880713923225e-19,-1.3745613262508219e-17,7.579151388491105e-18,9.486949021961999e-18,-1.99271558707034e-17,-0.0,-0.0,-0.0,-0.0,-0.0,-0.0,-0.0,-0.0,-0.0,-0.0,-0.0,-0.0,-0.0,-0.0
-0.0005957831743829646,0.16236649175610435,1.3112600984539276e-15,2.4774104669525125e-15,1.4737295086333628e-15,-0.6505956210591113,-0.051158343836025626,0.007580751147957225,-0.7594652271812017,7.403134123992701e-11,0.0297270016598877,0.009941960265232658,3.864915052548926e-15,0.1254937665055426,0.061846895076803014,-0.02785481567744655,-0.02116139631971563,-0.1828747757844764,-0.03275862327323221,-0.009621070768506155,-0.033660169580003535,-0.09183870956479034,-0.055358620356611654,-0.09659717132172875,-0.054946187316686976,-0.12270473196423308,-0.0015714416724087927,1.2575241399161563e-16,-2.114541368350868e-16,-1.2211960768699174e-15,7.691530578615591e-17,-1.839775306162265e-16,-9.476316598408584e-16,-4.370726591642479e-16,-4.58653028381316e-16,-4.232970342747093e-16,3.012817172705146e-16,-1.2493093738234744e-15,4.24045062734902e-16,0.007426817383062972,0.0025300357942151606,0.03091908464269776,0.0018894813659224138,0.0002457765303942982,0.0038822921885793573,0.0036331115487722825,0.0020404764010552865,0.0018463303449341114,0.0035129088536379168,0.0015331719320290462,1.744612048793922e-5,-7.121783233837844e-5,1.3659133130979e-15,-2.3818239976196895e-5,5.95430536968504e-16,-5.189595453024905e-16,6.577290984615783e-16,-9.153455896156944e-16,2.895756788587606e-16,1.3993812884374067e-16,-5.261593352923697e-16,6.047262119369383e-16,-4.812329966003833e-16,-3.090177328480259e-17,8.868769406446236e-16,5.284105232028629e-16,-0.0,-0.0,-0.0,-0.0,-0.0,-0.0,-0.0,-0.0,-0.0,-0.0,-0.0,-0.0,-0.0,-0.0
0.00011656117518019187,0.0008728794978245546,4.0721030823212145e-16,3.867965671195006e-16,-2.7366258648232187e-16,-0.0037303898301967045,0.0014176629306108324,0.00042197735931870644,-0.0038373326530163018,-2.9111902205628697e-13,-0.0005955394364323155,-0.00019917344780125308,1.0761941879403207e-15,-0.002069189446012072,-0.0013901843829640765,-0.002111987346689714,0.0003473069466698077,-0.0014738606156714418,-8.678672587603629e-5,-4.3031792629414816e-5,-0.00011900319532470258,-0.00017462204006343844,-0.00011474450633182564,-0.00036417806601142706,0.00043881444036952724,-0.0005156808590016689,5.162044985523077e-7,-1.2395573899068824e-16,-1.1040390278375454e-16,-5.761489517455391e-17,-1.4691223571798616e-16,-5.123936537770939e-17,-1.0048964061751785e-16,-9.248331258556341e-17,5.0352885456575453e-17,-2.20545378408999e-16,5.823345811957157e-16,-5.837539906058835e-16,4.357143538149491e-16,-0.002787627074075239,-0.0005432554768153644,-0.0021463220801377233,-6.45661063653308e-5,-0.00010057557755743309,-5.410448565320574e-5,-0.00021418434789403709,-8.447643453535766e-5,-0.00012028177586603691,-0.00029880142764663074,-9.699099426568608e-5,-1.3266053997215225e-6,1.1144525653955579e-6,1.2919945859367605e-16,3.7271983476333905e-7,-2.9001094621655243e-16,1.5450321984124022e-16,1.0304659129423256e-16,1.2984931389292324e-16,-1.214417034089089e-16,1.2003198335826103e-16,3.2039865165043993e-16,1.5160016939333348e-16,1.4905851341913001e-16,-3.462758938365837e-16,-3.717324251017763e-16,1.9802439630697107e-17,-0.0,-0.0,-0.0,-0.0,-0.0,-0.0,-0.0,-0.0,-0.0,-0.0,-0.0,-0.0,-0.0,-0.0
0.0005965865482124732,0.004385630888619439,1.856817485208177e-15,1.871489979299164e-15,-1.7858015815822227e-15,-0.018765721532756678,0.0072771537937301725,0.0021570728449156113,-0.019250227361475608,-3.2943718921324434e-12,-0.0030627607130109245,-0.001024316063190076,7.22719309028241e-15,-0.01613050601116025,-0.001546179291265211,-0.010792991461118702,0.0017884832268426317,-0.007452555317696101,-0.0004278154810710895,-0.00021619492116393854,-0.0005929705240533794,-0.0008498451738085895,-0.0005567053796970777,-0.0018190063913454462,0.00227334659506506,-0.0025788242746577323,8.093055245765662e-6,-4.2876510824559884e-16,-6.555001410578608e-17,-5.514824529988507e-16,-6.665524891487687e-16,3.423212413768772e-16,-1.6108151726758099e-16,4.311306349238161e-17,7.726219923497907e-17,-9.206146833917853e-16,2.3470012811783596e-15,-1.9073089348410138e-15,1.6766923038842807e-15,-0.01426526575908631,-0.0027805957257616577,-0.010995514077814045,-0.00033116364900168295,-0.0005145362781638111,-0.0002786320576289008,-0.0010971264011368654,-0.0004332081111008491,-0.0006160621929578328,-0.0015298722996866894,-0.0004967926408939447,-6.822725840613651e-6,8.56678698511602e-6,3.199189743630907e-17,2.8650940584831338e-6,-1.4152236669763116e-15,8.307643978168877e-16,4.90929880758349e-16,6.905848079496637e-16,-8.437401852754495e-17,3.7682661022025935e-16,1.6727450537843444e-15,4.852490837303932e-16,8.590982152558647e-16,-1.5711557868921729e-15,-1.128629390767605e-15,7.789930497101631e-17,-0.0,-0.0,-0.0,-0.0,-0.0,-0.0,-0.0,-0.0,-0.0,-0.0,-0.0,-0.0,-0.0,-0.0
-0.000595843950809749,0.16235306749548362,6.368427316925418e-16,2.168517182746855e-15,3.7337060309613393e-16,-0.650545110917016,-0.05115987679368697,0.007583415029410638,-0.75938997216202,6.67156043561782e-11,0.02972141653969884,0.009940092366019398,4.934599705622135e-15,0.10265929452656572,0.08464586626700135,-0.02785417039841477,-0.021157934893126885,-0.18286674453687354,-0.03275621316891638,-0.009621628665143645,-0.03366148584536578,-0.09183218169275023,-0.055346467980666565,-0.09659312040602928,-0.05494012831003935,-0.12269778922081573,-0.001563201153667926,7.353838352717993e-16,1.173636433946296e-15,-4.4151949663112017e-16,7.039925652091041e-16,6.5972949856783e-18,-1.1791605353788261e-15,-1.1610434568839028e-15,4.1262191470122637e-16,-1.5028377710582843e-16,-5.76880588113204e-16,6.990114847548951e-16,1.971225896097188e-16,0.007426754573498481,0.0025297116485141747,0.030918227546423357,0.0018894631316105654,0.0002460705448984473,0.00388251564215581,0.003633560478698207,0.00204029569051511,0.0018466572946535065,0.0035138223060069127,0.0015332156511819195,1.7396485367941135e-5,-7.297339827764338e-5,2.3257381283138088e-15,-2.4405375099507933e-5,2.4312429917355e-16,-5.691316055254117e-17,3.059867154288311e-16,-4.41794111652716e-16,-3.852471077839687e-17,1.3916829011803042e-16,2.226437054133857e-16,3.5472465168793325e-16,-1.1415946375631994e-15,-2.8692911193414157e-16,1.2000983586189298e-15,2.7864698304928947e-16,-0.0,-0.0,-0.0,-0.0,-0.0,-0.0,-0.0,-0.0,-0.0,-0.0,-0.0,-0.0,-0.0,-0.0
0.00025287566227076796,0.0012108958206712096,-2.888705405256141e-16,4.552376762232316e-18,-5.698357729074009e-16,-0.005124741729887141,0.0006863496525171248,0.0007022041462915352,-0.005440155644235607,-1.463709962551106e-12,-0.0008325993239674396,-0.00027845624965692735,5.610428959479037e-16,-0.005995253026974319,-0.004979058564842864,0.00013024800843405916,-0.008924739770262792,0.001469585372955527,0.0007262525197874581,-4.947166718115465e-5,-3.7366045714296566e-5,0.0005677595602967848,-9.535498170093556e-5,-0.0005763065717341762,0.0023773080883249136,-0.0009130142039878933,-5.882673190812662e-6,-2.893272843668858e-17,1.3876521203648252e-16,4.068379317235239e-16,-1.6344249581632344e-16,-3.081548347094881e-17,1.6078871081076504e-18,-1.732685525997357e-17,3.8866856543165377e-16,-8.40247452419275e-17,2.028739985797904e-16,3.7271713317326833e-17,2.4215124760401475e-18,-0.0003309598358937177,-0.010568913350228819,-0.0023634855508161217,-0.0005757340150177259,-0.0001335378708101931,-8.666360085694068e-5,-0.00034807441969457334,-0.00016798121098842873,-0.0001889140000748146,-0.0005861647432391354,-0.00016686841310443703,-2.660059813514291e-6,1.1258350220898665e-6,-4.156407150984562e-18,3.7652660744568457e-7,-5.5333183597625794e-17,2.1617630567902116e-16,-3.1077609308938926e-18,2.5192122718174096e-16,-2.1108251454945073e-16,1.660095935551327e-16,3.169685137355323e-16,5.1856609308040463e-17,-2.741543803502344e-16,-5.441041056668915e-16,-3.814612142395106e-16,-2.40400950803172e-16,-0.0,-0.0,-0.0,-0.0,-0.0,-0.0,-0.0,-0.0,-0.0,-0.0,-0.0,-0.0,-0.0,-0.0
0.0009158310315916001,0.004333663533124372,-1.1822593894027537e-15,-6.058297510730907e-17,-2.3233858698149893e-15,-0.01835351568532861,0.002500451150925398,0.002541624799276145,-0.019455102096012106,-9.354248916845637e-12,-0.0030251016407448336,-0.0010117212847339475,3.1717286211542473e-15,-0.03430002349084022,-0.00542943340348346,0.0004794840620969834,-0.03230968621412819,0.005377320346089875,0.002640091966301606,-0.00017668309579886097,-0.0001252761519962339,0.0020835827454032435,-0.00032573934092826177,-0.00205884000621455,0.008626490852133614,-0.0032682675124296643,-1.7566625697882223e-5,4.888222085310365e-17,8.528111544085453e-16,1.3168841341196918e-15,-5.041702918611375e-16,2.7503139992575586e-16,2.1409449815749365e-16,2.410377694188152e-16,1.300713618451254e-15,-1.6405145857075695e-16,2.9574783711705666e-16,8.819273100938952e-16,-3.3708886898134044e-16,-0.0012004547946947235,-0.03827154964269986,-0.00856755797519702,-0.002085301095337428,-0.0004835252621702037,-0.0003149689453759099,-0.0012612223337676984,-0.0006089242134355281,-0.0006844947297551066,-0.00212326385291811,-0.000604601996900789,-9.656762571840303e-6,5.9750127080208035e-6,-3.442017662078281e-16,1.99829567922864e-6,-1.8109008992184093e-16,8.174158303451213e-16,-4.521658063448675e-17,9.362016618827065e-16,-4.308138677855813e-16,4.447319942304716e-16,1.188431250267473e-15,-6.2419405397667064e-18,-9.350002224559709e-16,-1.8154099218616613e-15,-8.666672125614241e-16,-8.725303267579545e-16,-0.0,-0.0,-0.0,-0.0,-0.0,-0.0,-0.0,-0.0,-0.0,-0.0,-0.0,-0.0,-0.0,-0.0
-0.0005960226741606717,0.16241494019633296,6.456415350506611e-16,-2.1001592463455588e-15,2.9637216692433736e-15,-0.6507965194807039,-0.05119878821060092,0.007592662759841823,-0.7596232133391031,7.052882906886194e-11,0.0297244362491646,0.009941102283937122,-3.875976414896648e-15,0.11386338687591346,0.07283556512973165,-0.027866943158642795,-0.02116072875581003,-0.1829526824333675,-0.032773171726132456,-0.009631980668473468,-0.03367888217549606,-0.09187279562856525,-0.055349810370112294,-0.09664278666633128,-0.054953547692856576,-0.12274918425416324,-0.0015413511558102627,3.1134391665624176e-15,3.0928355918243998e-15,4.315198906979481e-16,4.208006452986281e-15,-9.129645487193012e-16,-2.633392385747974e-15,-2.5338761435791897e-15,1.8318620013176698e-16,6.404009447484635e-16,-7.313568122238829e-15,9.698167289618505e-15,-7.737183002388707e-16,0.00742937441180037,0.0025310748083898953,0.03093124435731348,0.0018903943648625767,0.00024678843818789337,0.003884294130114786,0.0036369614588897194,0.0020403920903650824,0.0018479380327462622,0.0035152319118105166,0.001533889447761484,1.7244597600394218e-5,-6.041437540485309e-5,1.1311337209695688e-14,-2.020510936798125e-5,-1.857471602589566e-15,5.5117731225979917e-17,-1.514892213628314e-15,-8.601779282597177e-16,-7.924309815258388e-16,-1.0180584073963682e-15,-1.4210234738940136e-16,-1.3998764432040807e-15,-1.783518164837703e-15,6.233773173593833e-15,5.6708579337085554e-15,2.4452649644012326e-15,-0.0,-0.0,-0.0,-0.0,-0.0,-0.0,-0.0,-0.0,-0.0,-0.0,-0.0,-0.0,-0.0,-0.0
0.0013667444659131004,0.012164541336228634,-6.456587867183717e-16,-5.858213245660105e-16,6.425456606242581e-16,-0.0516257095981933,0.017695509209802843,0.007164375297122282,-0.05398970591247168,-2.6248388406711824e-12,-0.007525311942624059,-0.0025167809782176186,-2.850773951835976e-15,-0.02357389260608353,-0.018165925372368497,0.0005403132698189738,0.0028206709587675492,-0.039021565279237884,-0.0006282061357542666,-0.0008840680826342402,-0.0018226944307226864,-0.0036989370557021354,-0.0022116448210911105,-0.0058890502058115786,-0.0012427214664683872,-0.007458724129612841,-5.392703856239903e-5,-3.2938378641625308e-16,-9.408737191803899e-16,1.4909286142335137e-16,-8.754070063434443e-16,-2.1855530112353973e-16,3.5745836524034456e-16,1.1196003473302216e-15,-3.719789356896023e-16,-2.7421617839514566e-16,-3.78527270680332e-16,1.4682799839061566e-16,-5.185584794552147e-16,-0.004857650692283295,-0.00990766605857801,-0.04707414099963124,-0.0011878550896142182,-0.0020020501344909783,-0.0008844854878276061,-0.003918083367858212,-0.0012398972496127565,-0.0022588525960347146,-0.004370768788747851,-0.001512201333255575,-1.854874761091079e-5,2.2100568043484014e-5,8.60545400599582e-17,7.391359944416215e-6,6.29880904862095e-16,-9.073003040677174e-18,9.517284205737127e-17,-5.119263770219176e-17,7.619349741908259e-17,1.209048655172473e-16,-6.804828675541819e-16,-9.11422118422884e-17,-2.8609461414911504e-16,2.0793223941199131e-16,-5.0028151160792407e-17,6.729280707352077e-17,-0.0,-0.0,-0.0,-0.0,-0.0,-0.0,-0.0,-0.0,-0.0,-0.0,-0.0,-0.0,-0.0,-0.0
0.005864896966170818,0.05213394250871625,-2.9020776832499926e-15,-2.6531230161582378e-15,2.3599741846154118e-15,-0.22127086880080696,0.07594946850380793,0.03074133517040744,-0.23136059840377513,-3.065386028655208e-11,-0.03230446269275884,-0.010803971694006282,-1.0833402358345479e-14,-0.1615708691256772,-0.017546911906224316,0.0023281749882592714,0.012113153660089158,-0.16737262738774042,-0.0026829193995415368,-0.0037907862130389766,-0.007808990163448637,-0.01583765204705358,-0.009464546753063362,-0.025235470026482278,-0.0053094273920633464,-0.0319582741919173,-0.00022541550729976618,-1.107991777714221e-15,-3.4379364396981107e-15,4.787579892984838e-16,-3.4814259969696174e-15,-4.4398251242775297e-16,1.7139548855381608e-15,5.062706563725923e-15,-1.6899402158456792e-15,-9.61602024950483e-16,-2.3536125669962235e-15,1.8618406734124282e-15,-2.6300244619715564e-15,-0.0208467313863391,-0.042514773555192856,-0.20200686623496963,-0.005097744918832934,-0.008590745110393889,-0.0037967483290988094,-0.016813460017816924,-0.0053212716076406425,-0.009693247253898076,-0.018755854645853033,-0.006489308767471892,-7.963271335231668e-5,9.758110264111237e-5,3.074388186398667e-16,3.263522692800803e-5,2.607075786293517e-15,4.869483236239091e-17,3.1226514506137716e-16,-1.5380886508884515e-16,7.044712495303272e-16,2.963002140372626e-16,-2.7737726722130104e-15,-6.796028710403675e-16,-1.1733868447920112e-15,1.2204605667635311e-15,5.410976889826851e-16,3.4966689889431045e-16,-0.0,-0.0,-0.0,-0.0,-0.0,-0.0,-0.0,-0.0,-0.0,-0.0,-0.0,-0.0,-0.0,-0.0
-0.0005956670849112457,0.16235380275485697,1.282860625975323e-15,2.0674317428437235e-15,1.8435764663779035e-15,-0.6505444955559927,-0.05115610319848869,0.0075805672176141835,-0.7593998492259766,8.460436194376203e-11,0.029723989924017254,0.009940953014024402,2.96103794488098e-15,0.1583611537091817,0.028921434081365254,-0.027852637638906417,-0.021159288896835365,-0.18286141927680424,-0.03275672073955063,-0.009621142160678471,-0.03365740932305922,-0.09183216524179369,-0.055352991671703926,-0.09659083826821951,-0.05494106680095084,-0.12269528830366459,-0.0015693291870293594,2.106294650807191e-16,-9.22174066442322e-17,-1.1416039515182756e-15,4.929404137120404e-16,-2.66448337126989e-16,-1.1483433766464979e-15,-6.721356594582444e-16,-7.303148504175938e-16,-2.5574165381462027e-16,-3.7848273346180573e-16,-5.51333838412561e-16,3.762699152649649e-16,0.007426097070219576,0.002529949930886133,0.03091646332323129,0.001889321774936241,0.00024577266247385226,0.0038819150243987544,0.003632954253672173,0.002040184156582624,0.0018461507773579603,0.0035123386928710976,0.0015329984925516321,1.7427936831814426e-5,-6.902094448253115e-5,2.636460064835501e-15,-2.3083508232397288e-5,5.440524882800403e-16,-5.481508829807469e-16,6.104707555784957e-16,-9.50785839852756e-16,3.372503645133006e-16,-2.7689031858924147e-17,-5.717008425086441e-16,3.9728563190365763e-16,-5.80149915460687e-16,9.009275314823214e-16,1.4590008805131673e-15,1.0149432417459682e-15,-0.0,-0.0,-0.0,-0.0,-0.0,-0.0,-0.0,-0.0,-0.0,-0.0,-0.0,-0.0,-0.0,-0.0
0.00012719545847007945,0.0013562872330402992,9.227696717556309e-17,-1.4000334142433055e-17,1.3313308137920873e-16,-0.005657555256204871,0.0012555356161888364,0.0005488205648651606,-0.006137758229483621,-1.4045680988676624e-13,-0.0005496632112484567,-0.00018383050763108306,-2.38082203676991e-16,-0.0019615297382549577,-0.0011962951011309443,-0.00021506897450125466,-0.001076322162352452,-0.0011420444655215827,-0.0017145660881617499,-6.861915486454842e-5,-0.00018806548064784917,-0.00040275733326761414,-0.0001388539508153506,-0.0006142291167986285,-0.00014884096824599715,-0.0007235868936366051,-1.0259359237498692e-5,-1.3827832650159334e-16,-1.867591572549619e-16,5.1351101063395955e-17,-4.274067587963057e-17,-1.6106932715696807e-16,-8.897559370509264e-17,-3.136682181975113e-17,-1.0555224835604029e-16,-7.849764384381532e-17,2.1035755639257248e-16,-2.5631707906306515e-16,1.9839555963447022e-16,-0.00018577654766694065,-0.0018161761995443787,-0.0010580149449194842,-0.003114150691968465,-8.248678556904972e-5,-5.544697698105614e-5,-0.0002489097621864025,-0.00010828545250862676,-0.00018872958181864041,-0.0003349924965792465,-0.00010758386453005048,-2.5945311395188817e-6,1.2273658740253006e-6,3.8964730679046534e-16,4.104827965387684e-7,-6.844550998687187e-17,6.22613653024131e-17,6.626403873071047e-17,4.379082658487606e-17,-5.717463926000567e-17,3.249100650268829e-17,6.459905868605352e-17,3.02970258605236e-17,7.553426683728927e-18,1.5890239243004018e-16,-6.176887281432579e-17,2.111134932392741e-16,0.0,0.0,0.0,0.0,0.0,0.0,0.0,0.0,0.0,0.0,0.0,0.0,0.0,0.0
0.001333684794475893,0.01403059043310465,4.442092375607593e-16,-3.9301092315135336e-16,5.090032367982697e-16,-0.05856070208800263,0.013214869285049769,0.005747945580016278,-0.06344955678799392,-5.225707342723403e-12,-0.005797561274741579,-0.0019389484512483458,1.4604275204800842e-15,-0.032069207014217914,-0.0009763508853112903,-0.002225641471162553,-0.011254308836196335,-0.011767058515932892,-0.01793313607242625,-0.0007100598476249871,-0.001934549191457707,-0.004120987055621355,-0.0013854570540982982,-0.00633593251119631,-0.0014948813011746648,-0.007446881824866315,-9.500756919353193e-5,-9.793296944743937e-16,-8.118773478131298e-16,-5.4080274415393526e-17,-2.566523409106336e-16,-2.9610401085363303e-16,-1.1707546479761485e-16,8.638791338871209e-16,-1.522850631406774e-15,-3.453396173279456e-16,7.532979473723907e-16,-2.0877621408145347e-16,8.059364666613486e-16,-0.00195447328058273,-0.019038181218222452,-0.011122478106171242,-0.03264150067682057,-0.0008644820535551045,-0.0005853410895399281,-0.00261186793865134,-0.0011372689080517914,-0.001979642470763621,-0.003513706897944593,-0.0011288976687490306,-2.7275020932869125e-5,1.945293859697233e-5,2.6251399674305174e-15,6.505881245902395e-6,-5.561393962889457e-16,7.441286403320072e-16,6.124667274033843e-16,5.184243254978471e-16,6.386898256374644e-16,-2.052648841486903e-16,7.515857803167083e-16,-3.5000753669354345e-16,3.0191889137131323e-16,2.1234233622917607e-15,1.1305213298286393e-15,2.156969744544234e-15,-0.0,-0.0,-0.0,-0.0,-0.0,-0.0,-0.0,-0.0,-0.0,-0.0,-0.0,-0.0,-0.0,-0.0
-0.000595746220916718,0.16236115155468422,7.144777237880773e-16,2.0964130568912403e-15,2.1869171674374644e-15,-0.6505726005932352,-0.051153151038645615,0.007579490182609342,-0.759448742079163,9.08741900868593e-11,0.029727628816527008,0.009942170012803593,1.1101392918687861e-15,0.17806798532701995,0.00935469829179458,-0.02785322996574055,-0.02116165820299878,-0.18286499377858242,-0.032757149628057564,-0.009619917756680012,-0.03365740002190595,-0.09183479234959159,-0.05536058732125401,-0.09659162603341638,-0.05494544627951527,-0.12269915541894641,-0.0015758351377770411,-1.9274046028190188e-16,-7.279100773981506e-16,-1.0979680293322108e-15,-3.19643420299223e-16,-3.250663758793776e-16,-7.049030069624874e-16,-1.552461175779747e-16,-5.213750114062572e-16,-4.049795256100334e-16,2.4700743597895944e-16,-1.5980807041254822e-15,-1.0824981786780179e-17,0.00742643381925297,0.0025298870144131744,0.030917750524126795,0.0018894035278267732,0.0002456862225783599,0.003882013057624867,0.003632767465205206,0.0020406086680871674,0.0018461654761744452,0.0035125056310597257,0.001533102930733021,1.747690976565132e-5,-7.176575964452682e-5,7.530866537099068e-16,-2.4001489924468717e-5,1.2335921844463403e-15,-7.404103837547349e-16,7.422404605178184e-16,-1.1435367602082311e-15,3.917835023103474e-16,1.2789008700634687e-16,-1.161671299912585e-15,6.402747947121346e-16,-6.420498374226944e-16,1.2490749316603812e-17,8.035320688870471e-16,3.7000871295190746e-16,-0.0,-0.0,-0.0,-0.0,-0.0,-0.0,-0.0,-0.0,-0.0,-0.0,-0.0,-0.0,-0.0,-0.0
2.014766804029079e-5,0.00015820227610432316,6.564895784014814e-17,3.8431990586549997e-17,9.4615545308585e-17,-0.0006613730407915849,-1.3264946767243907e-6,0.00032679276620397663,-0.0007207525533984506,-3.6269486290806515e-14,-0.00010630748623937024,-3.555369681002803e-5,-4.0770341234933203e-16,-0.0002913582580393886,-0.00012109760641527345,-1.2018795912100863e-5,1.0271343555137586e-5,6.166458036751553e-5,-7.53906032934654e-6,-1.8815023854430196e-5,-2.402826304091285e-5,-4.3018290362615374e-5,-4.3344073358142345e-5,-0.0005070597641313089,-8.44884805119193e-6,-9.644759084082628e-5,-1.6445361753497574e-6,-5.681504413249932e-17,-1.153075356741194e-16,6.724394733085049e-17,-6.938754719039259e-18,-1.4218786489444771e-16,-9.341284278991286e-17,-1.3725826774602316e-16,5.621390687098611e-17,-4.807299136811548e-17,1.726446542084225e-16,-2.535158288636728e-16,1.5252095298809993e-16,-1.704179671986482e-5,-5.8924410184568366e-5,-6.67135792348466e-5,-7.619030349118339e-6,-0.0003093511605631084,-1.2865318235315473e-5,-3.5706885435892304e-5,-2.489246676011304e-5,-0.0002877539505861446,-7.21160759679588e-5,-1.778151796346821e-5,-2.3478455424190858e-7,-3.645528326814852e-7,1.9457464201661557e-16,-1.2192180682254177e-7,-2.3088911013461658e-17,5.844761893765477e-18,1.9546207462583132e-17,3.565347681512275e-18,-1.2819929069326131e-16,5.579018673047287e-17,1.850713164543289e-17,7.721142128766999e-17,-2.3748324174294773e-17,-3.431250738026626e-17,-1.8345194992419138e-16,2.0265729802053332e-17,-0.0,-0.0,-0.0,-0.0,-0.0,-0.0,-0.0,-0.0,-0.0,-0.0,-0.0,-0.0,-0.0,-0.0
0.0004642660304935589,0.0032073547370746933,2.74703251615848e-16,3.354840143480976e-16,1.5800303452704732e-16,-0.013491371400603617,9.883001803658954e-5,0.007499863714075336,-0.014523483728555393,-1.7326337087463955e-12,-0.002527403361724648,-0.000845270037118935,-3.292263484060747e-16,-0.009041346359707464,-0.00030424339502726274,-0.00021001804954476368,0.0002977458323590515,0.0018877594878668092,-8.661007585640074e-5,-0.0004110107504831846,-0.00046717885484268417,-0.0007558403118611839,-0.0008346691211176518,-0.011416170769421932,-4.33774617261679e-5,-0.0018984696459455825,-9.470594899700684e-6,-2.7744556327710014e-16,-8.103486728776616e-17,1.529126332044926e-16,1.9411952027810976e-16,-4.480802096026059e-17,-2.116737516484168e-16,-3.222297060554043e-16,3.041896884960452e-16,-1.924843752489729e-17,6.997256182935572e-16,-2.421014797985621e-16,5.366526642424256e-16,-0.00040865767702441135,-0.0013604850413478531,-0.0016105276041444897,-0.000179529344810968,-0.007109004563831783,-0.00030540620688486035,-0.000827646522046443,-0.0005774090675090443,-0.006616448369621876,-0.0016634094672283218,-0.00041166312110552875,-5.579696160611332e-6,6.6992132863243555e-6,8.976931759161002e-16,2.2404988258372407e-6,-9.132925490417412e-17,3.225068463066141e-16,2.8814340012962085e-16,2.0025416216427713e-16,-5.3580311078898164e-17,3.097005905207991e-17,5.461693962471238e-16,2.5123399115546997e-16,-1.9377566243526605e-17,2.0017952407739578e-16,-1.537519179566648e-16,3.019135717038173e-16,-0.0,-0.0,-0.0,-0.0,-0.0,-0.0,-0.0,-0.0,-0.0,-0.0,-0.0,-0.0,-0.0,-0.0
-0.0005957642544452813,0.16236352509355018,6.868842271971879e-16,2.0644135014069446e-15,2.1697553833452672e-15,-0.6505821734404605,-0.051153968247055655,0.007579710539830726,-0.7594599334557515,8.567892180226675e-11,0.02972804259616802,0.009942308398127347,1.139294944916707e-15,0.16187003635549163,0.02555917872629923,-0.027853663922343827,-0.021161970532549968,-0.18286779432755088,-0.032757571426150885,-0.009619993812700865,-0.03365801421022809,-0.09183608726692406,-0.05536133983590484,-0.09659299226802641,-0.054946274221876895,-0.1227010542271102,-0.001575795220482485,-1.8290973496464263e-16,-7.435769545352946e-16,-1.0640148293880378e-15,-3.3336844453321845e-16,-3.218528130293397e-16,-6.844657035875778e-16,-1.4420729277336343e-16,-5.250314621683607e-16,-3.9954506609242386e-16,2.4424195139729443e-16,-1.5984311673396567e-15,-5.538757079857137e-17,0.007426560621777076,0.002529926170752555,0.030918294453772803,0.0018894379506924409,0.00024570214693725537,0.0038820915388758253,0.0036328358097565032,0.002040658982641054,0.0018462135826678508,0.0035126044233754054,0.001533139319385437,1.747730438289538e-5,-7.196064947183206e-5,5.994721453532325e-16,-2.4066669283643768e-5,1.2517290543276563e-15,-7.74412867682843e-16,7.226925798445708e-16,-1.1530227294132577e-15,3.7794473409329207e-16,1.4513918527127588e-16,-1.188108924608582e-15,6.349244186730633e-16,-6.547044724727698e-16,-2.130735762606655e-17,7.663116550105139e-16,3.218933992051801e-16,-0.0,-0.0,-0.0,-0.0,-0.0,-0.0,-0.0,-0.0,-0.0,-0.0,-0.0,-0.0,-0.0,-0.0
1.8252040884856072e-5,0.0001092005687342457,7.434028799589214e-17,8.557617720920468e-17,6.36098012925296e-17,-0.000476093627917,5.086933324203252e-6,0.00036084981259179084,-0.0004739429128201704,-5.3981739956355806e-14,-0.00011289915565302854,-3.775822843899963e-5,-3.2441658102730026e-16,-0.0003419620308734708,-0.00016233496488199031,-1.038028817897049e-5,-2.7976665097861108e-5,8.902431218463717e-6,-1.6372017010204375e-6,-2.1551486101439434e-6,-0.0004764810787085704,1.1144698412647348e-5,-5.67275722130151e-6,-1.0151707701964248e-5,5.319972966180567e-5,-6.095130850595716e-5,-1.1400692201654038e-6,-4.7268244652776713e-17,-1.3611810282973489e-16,7.939139662479524e-17,-2.3098861298371626e-17,-1.1623195560526017e-16,-8.007826821483648e-17,-1.559005127909302e-16,5.905399419399875e-17,-2.829337525868679e-17,1.9524608314355234e-16,-3.1242314056269264e-16,1.335630484177446e-16,-1.975024457830213e-5,-9.282584326846164e-5,-7.252626245765818e-5,-7.302223206630024e-6,-9.721818059355442e-6,-0.000307539073764833,-4.3352901637232325e-5,-1.286628186386504e-5,-1.3393951592949011e-5,-5.179171336539096e-5,-1.213290659922456e-5,-2.1157463375368444e-7,-3.550650895013904e-7,7.784279749421324e-17,-1.1874870623873723e-7,5.511837926456342e-18,-1.9913880739905116e-17,2.837620645981469e-17,-2.1472453492748187e-18,-1.3364354233992404e-16,8.40904759430449e-17,1.748389785664075e-17,9.017601213449547e-17,-3.447216379018744e-17,-9.037650795304249e-17,-2.462950739372971e-16,-1.0727301070243014e-17,0.0,0.0,0.0,0.0,0.0,0.0,0.0,0.0,0.0,0.0,0.0,0.0,0.0,0.0
0.000212518791666783,0.0010611292209076906,2.678122837708166e-16,7.288134761925196e-16,-2.353859482192147e-16,-0.004703375561840443,0.00012147295803291742,0.004184716631855082,-0.004517886871115232,-1.1844142924781947e-12,-0.001351528469643581,-0.0004520079924735333,7.422151822669295e-16,-0.0054882738013914655,-0.0003027991617528178,-8.857263343361728e-5,-0.00029503191789552496,0.00033054208620216283,2.2813582108888852e-5,-1.4707522775592838e-5,-0.005491075726312886,0.00024174454905615623,1.2062312423851356e-5,-3.721608757210858e-6,0.0006904551160155006,-0.000554179119956221,4.459936715806756e-7,-5.150131041817396e-17,-3.390026086508991e-16,2.4993786900154207e-16,-9.608482075867446e-17,2.0624790003765069e-16,3.616603335198694e-18,-4.440513896562371e-16,2.092358328905167e-16,1.9582631756476747e-16,6.879400398690977e-16,-9.293986022319154e-16,1.1809105852618978e-16,-0.00023752422092263633,-0.0010808066420921972,-0.0008794132474957175,-8.692339464780232e-5,-0.00011280705504386766,-0.00357533983193148,-0.000506755496626673,-0.00015196958627173372,-0.00015725930559397014,-0.0006042748233457419,-0.00014232941086945045,-2.545426574021839e-6,3.158494674022223e-6,-8.182811750014506e-16,1.0563335291041469e-6,2.7499814563538237e-16,-1.3998441305299665e-16,2.5125742260740305e-16,3.249283363311337e-17,-1.55746359485984e-16,3.7215936772700965e-16,2.6215692631807506e-16,3.1134876923079716e-16,-1.4630367900612226e-16,-5.708861335228376e-16,-8.977978785699162e-16,-2.0307129372442794e-16,-0.0,-0.0,-0.0,-0.0,-0.0,-0.0,-0.0,-0.0,-0.0,-0.0,-0.0,-0.0,-0.0,-0.0
-0.0005956815028158452,0.162353751782794,1.173321617356677e-15,2.195584616723046e-15,1.3216073403845512e-15,-0.6505464353255058,-0.05115925316344086,0.0075818786589240275,-0.7593918704393376,4.502138377977228e-11,0.029722156021850736,0.009940339679969205,8.561070057807962e-16,0.03495480999298192,0.15230919261906492,-0.02785341520777824,-0.021158406543884914,-0.18286493864718012,-0.03275727847552418,-0.009622258406895534,-0.03365916732344359,-0.09183300335890238,-0.055349116203312385,-0.09659327398054769,-0.05494001519034439,-0.12269663753974404,-0.0015650120204047065,4.496527826465721e-16,4.664901177190217e-16,-8.325213359091315e-16,9.857984207622594e-16,-1.2491500323307055e-16,-1.40749974377883e-15,-1.342673875205025e-15,-1.8152315075446947e-16,-3.170661979723456e-17,-9.167810956248886e-16,4.38731825406028e-16,6.0849480174473e-16,0.007426263554841456,0.0025298687274579335,0.03091687342735074,0.0018893544136076004,0.00024587871514969456,0.003882106435227674,0.0036332196096260363,0.002040061019896144,0.0018462918573821866,0.003512564358725864,0.001533025181196057,1.7398558481088376e-5,-6.942211960919452e-5,3.850392810388839e-15,-2.3217678075984137e-5,2.2007503606957494e-16,-1.9168258265488852e-16,5.419961716187884e-16,-6.648580385600337e-16,1.925471515072885e-16,-8.672888313107172e-17,2.74966283565935e-17,4.667430015825844e-16,-6.394442735847333e-16,9.377994149234733e-16,1.4435714098483196e-15,1.0357913236715188e-15,-0.0,-0.0,-0.0,-0.0,-0.0,-0.0,-0.0,-0.0,-0.0,-0.0,-0.0,-0.0,-0.0,-0.0
0.0008709301692301987,0.006589578502938759,5.995144088407743e-17,2.358482950212277e-16,4.5837109815548086e-17,-0.027702338026940932,0.001442908709100978,0.008879055429526468,-0.029665074506789253,-4.856200254347145e-13,-0.003701560561764262,-0.0012379576132657997,-3.329598888306998e-15,-0.00922153760291973,-0.008286811905651486,-0.0013939660731743316,-0.0018822517339019199,-0.0040631061896975445,-0.0008426175021674179,-0.000278927735615401,-0.0012338517732811574,-0.01283543044687595,-0.0017532297989582358,-0.002487258138428708,-0.0006075874517020506,-0.003765279032736553,-3.4619948890213184e-5,-4.938386621192123e-16,-2.733008495382792e-16,3.1934169340384554e-16,-6.184093243188381e-17,-9.226448521030857e-17,-1.4244790323868958e-16,-1.7370424654190086e-16,1.8415707837175865e-16,-4.574436331917374e-17,5.457078355447864e-16,-3.335807022123402e-16,3.638838865922216e-16,-0.0013365392637590813,-0.004750260660057072,-0.005050572294108684,-0.0006508582296817988,-0.0005084976358683105,-0.0006754766411445879,-0.016069556239158535,-0.0011059772364533477,-0.0008059947421840744,-0.003225266653141675,-0.0006647394590456233,-1.1939414370636328e-5,9.94501971645826e-6,8.699237028009735e-16,3.3260330792876476e-6,-3.0800196476712934e-17,3.3635438932915124e-16,3.4219439455683115e-16,2.4752164651718766e-16,9.60021336271263e-17,1.2923995264503361e-17,4.599060699369849e-16,2.3570926009841885e-16,3.6446599583596864e-17,3.3390748034318676e-17,-2.452331035459324e-16,2.6865357540181684e-16,-0.0,-0.0,-0.0,-0.0,-0.0,-0.0,-0.0,-0.0,-0.0,-0.0,-0.0,-0.0,-0.0,-0.0
0.001461540900628844,0.01104470871015619,6.970981374872914e-17,3.711456620678547e-16,1.8668131043377306e-18,-0.04643447346967295,0.0024251335879005745,0.014899634984426289,-0.04971727664611254,-3.43889439723023e-12,-0.006214257683257403,-0.002078309264813821,-5.308795290445355e-15,-0.023645227989645686,-0.005735614362383136,-0.0023371930935406726,-0.00315663623012782,-0.006803933679144544,-0.0014113523141312259,-0.00046746743574357095,-0.002067966759312387,-0.02153191430480787,-0.002936905881997982,-0.004166681231650679,-0.001014866493130991,-0.0063087414732480975,-5.6986472551021174e-5,-7.765680565937718e-16,-3.504237703035084e-16,4.99331000727408e-16,-6.293394967042918e-17,-5.388162931171017e-17,-1.9412585248233047e-16,-2.2644194596177974e-16,2.8585801331234765e-16,-3.6192705764391095e-17,7.825686936824833e-16,-3.3415940023498687e-16,5.243898895069622e-16,-0.0022433596117299747,-0.007971572712676341,-0.008477703821912987,-0.0010923360544632548,-0.0008532965179233351,-0.0011338076981673116,-0.02696641565067631,-0.0018561067819358851,-0.0013526402318388222,-0.00541247963023289,-0.001115587042817726,-2.0042798540966508e-5,1.721986250078003e-5,1.413371398006646e-15,5.759046630964902e-6,-5.991099671661627e-17,5.782551616441784e-16,5.595570345710101e-16,4.2550559775993005e-16,2.428436003444121e-16,-2.1652361684939626e-17,7.927634041951148e-16,3.4040198971416173e-16,7.408735799113725e-17,1.1082846291099588e-16,-2.663123480065057e-16,4.572918326078229e-16,-0.0,-0.0,-0.0,-0.0,-0.0,-0.0,-0.0,-0.0,-0.0,-0.0,-0.0,-0.0,-0.0,-0.0
-0.000595753856649205,0.16236294415143754,7.755802692161837e-16,2.1383853950685793e-15,2.13037619868536e-15,-0.6505804378073412,-0.0511544930426566,0.007579826436931117,-0.759454974541634,9.604518551001488e-11,0.029727615314140313,0.00994216549703731,1.2022663910890848e-15,0.19419626218038893,-0.0067637888751348706,-0.027853707234883743,-0.0211616845590093,-0.1828680288513497,-0.03275755430244076,-0.009620030485704147,-0.033658101294319384,-0.09183592659616602,-0.05536070559895873,-0.09659303522054595,-0.05494577290236019,-0.12270077770786463,-0.0015753051086093161,-1.8151530103849904e-16,-6.796141756966666e-16,-1.096992330301097e-15,-2.6608624441540707e-16,-3.0353652097402395e-16,-7.27913358068757e-16,-2.0815903005109163e-16,-5.084324770327119e-16,-3.8973919899167064e-16,2.1658591049972083e-16,-1.5478056966275833e-15,5.072077870697556e-17,0.007426524954514247,0.00252991142256177,0.030918110930686433,0.001889420083277463,0.0002456982050033175,0.0038820735398630694,0.0036328299013261584,0.002040607459508816,0.0018461963964590358,0.0035125639650249833,0.0015331181095711314,1.747318299212197e-5,-7.180512297933044e-5,9.286055194437465e-16,-2.4014654680000045e-5,1.1618848128950765e-15,-7.204568898644726e-16,7.418123967479311e-16,-1.1029239855797e-15,3.9592548486903206e-16,1.1817295123771886e-16,-1.0588446291639451e-15,6.451749247925028e-16,-6.15401649520146e-16,3.7435407513816805e-17,8.042063004160161e-16,4.21096620129536e-16,0.0,0.0,0.0,0.0,0.0,0.0,0.0,0.0,0.0,0.0,0.0,0.0,0.0,0.0
3.6634289910756123e-6,4.4591126495639796e-5,5.694038135511594e-17,2.7233131614281804e-17,9.076550527610833e-17,-0.00018373245247412033,-2.931886450257012e-6,4.4480761094115975e-5,-0.0002054433998221487,-1.786088756730563e-15,-1.3132357022725813e-5,-4.392012797008324e-6,-4.551354731123159e-16,-5.7010771068786184e-5,-1.9372345475808545e-5,-7.141497457790507e-6,-6.697696229463005e-6,-3.518365675821106e-5,-7.669661557813594e-6,-2.569537980673962e-6,-8.167039111938812e-6,-1.873047709176349e-5,-5.309271308832175e-5,-2.791236808478603e-5,-6.896583744732812e-6,-2.87823057795328e-5,-1.4197726196189556e-6,-4.8125946920891035e-17,-1.1667582529165198e-16,6.413720490746549e-17,-1.4961285705424705e-17,-1.4611169757248694e-16,-8.874092700208891e-17,-1.295046683956931e-16,4.5990408712908404e-17,-4.9480038144124846e-17,1.5021121089448976e-16,-2.5328692911847356e-16,1.3698497311576712e-16,-3.596035087325568e-6,-1.433226224374875e-5,-9.25193141062738e-6,-3.2474536643489707e-6,-1.962269699224866e-6,-1.499342840266441e-6,-6.662574608930002e-6,-6.351000431213723e-5,-8.01047967994343e-6,-1.3692420065176823e-5,-2.4791710985103898e-6,-3.994476110964747e-8,-6.345735647476929e-7,1.6787475275225954e-16,-2.1222810206536523e-7,-2.1476178719108975e-17,-7.51622160335363e-18,8.481172897884304e-18,-4.203271411999147e-18,-1.3093302093793297e-16,5.637448582762643e-17,-2.238939954257567e-18,6.995297395044209e-17,-2.3426798411049438e-17,-4.325948977920092e-17,-1.8454231368441234e-16,9.06263805279855e-18,-0.0,-0.0,-0.0,-0.0,-0.0,-0.0,-0.0,-0.0,-0.0,-0.0,-0.0,-0.0,-0.0,-0.0
0.0008614726573011286,0.0058333831895604,2.226977671396112e-16,5.817349299371391e-16,-9.763407031224885e-17,-0.024634339388895914,0.0006779908163219891,0.010193766063630939,-0.026175902781775937,-2.8974719690738165e-12,-0.003925628836833414,-0.0013128954732263597,-1.0837974821676277e-15,-0.01613570350335794,-0.0001450561877448148,-0.0009593873077162566,-0.0009038550042829081,-0.0032098222079662516,-0.0008670692840079936,-0.0003706451788961473,-0.0009992769004239508,-0.0018956885546961013,-0.010601507447268824,-0.003982588591258983,-1.5565911436004453e-5,-0.003329356559394415,-3.231637138199503e-5,-4.1363105108581087e-16,-1.5013454225916353e-16,2.293092505350578e-16,1.6419467456310633e-16,-3.34435017599011e-17,-2.1249142482445692e-16,-2.22307334561778e-16,2.7039635066403785e-16,-9.049774822154272e-17,5.932028316471113e-16,-2.235715203130909e-16,5.699520425407194e-16,-0.0010112575847302534,-0.0033854091355064024,-0.0029542021983227796,-0.0007985271755323086,-0.00045295417873512977,-0.0004494764641983805,-0.0016170060714944796,-0.014762455716910185,-0.001892961737204894,-0.0032348379108260395,-0.0006058503281135512,-1.1176693097023518e-5,1.1025412413859763e-5,1.2163129660895245e-15,3.6873618603260596e-6,-3.0715371825171866e-16,2.1203994028035828e-16,3.006597387877879e-16,2.5039027790330574e-16,4.1508303376549086e-17,-5.655783002121895e-17,7.030565662940929e-16,2.436061089130859e-16,1.0541074045957656e-16,2.885334452712711e-16,-1.7765292428632065e-16,3.4949589712799327e-16,0.0,0.0,0.0,0.0,0.0,0.0,0.0,0.0,0.0,0.0,0.0,0.0,0.0,0.0
-0.0005957757394946094,0.16236593948099598,6.205896958761961e-16,2.031465333797015e-15,2.2688505786039348e-15,-0.6505915524943583,-0.051153860730918876,0.0075795865020742625,-0.7594736359861283,9.043441331765148e-11,0.02972887150036804,0.00994258561857208,8.45966254392183e-16,0.17671325010285757,0.010733523721980338,-0.027853940919575944,-0.021162525905523873,-0.18286966955534067,-0.03275788516173174,-0.009619851351076743,-0.03365822921344753,-0.09183718158825145,-0.05536306826198292,-0.09659380067784362,-0.054947408327086195,-0.12270259949654026,-0.0015769139483575003,-2.9172981343976836e-16,-8.665774913097736e-16,-1.0832794430530503e-15,-4.631365593084872e-16,-3.544876147087733e-16,-6.192941652941754e-16,-2.781221939623091e-17,-5.405729236503254e-16,-4.458580629496222e-16,3.5158163692480413e-16,-1.7640857798560615e-15,-7.161768141935721e-17,0.00742665704258704,0.002529924277518173,0.030918690203166944,0.0018894574537544335,0.00024568177580982543,0.003882130471348485,0.0036328190777880115,0.0020407319411756782,0.0018462158594224275,0.0035126204404153007,0.0015331532755015827,1.7485477853989413e-5,-7.245408774182967e-5,4.26302287139852e-16,-2.4231695805015295e-5,1.3278993904377494e-15,-7.759419653607036e-16,7.568502092021807e-16,-1.1680051897455246e-15,4.115937464040438e-16,1.4361349639520185e-16,-1.2555227655419735e-15,6.587588063955619e-16,-6.419659382803342e-16,-7.920661337861024e-17,7.22696779318135e-16,3.0580805783202587e-16,-0.0,-0.0,-0.0,-0.0,-0.0,-0.0,-0.0,-0.0,-0.0,-0.0,-0.0,-0.0,-0.0,-0.0
2.3042493655166403e-6,2.8032781030532534e-5,5.844218688099828e-17,2.9411867258338596e-17,8.904802286725568e-17,-0.00011725250850174028,-3.5194774214191213e-6,7.320502481433241e-5,-0.00012823452335088584,-8.14581041910978e-15,-1.8513357809628694e-5,-6.191645892289316e-6,-4.1470399198063507e-16,-6.745735183543306e-5,-2.986999373057417e-5,-3.777287030413915e-6,9.037063763815689e-7,-1.836189978215048e-5,-6.01352271386321e-7,5.9874203166015305e-5,-6.855925484913755e-6,-1.3029767181852151e-5,-1.275402980618595e-6,-0.00011406655025837534,-2.2520933536504467e-6,-2.1167755602259752e-5,-1.2644571436222717e-6,-4.897584303890649e-17,-1.163235739290427e-16,6.423426387029688e-17,-1.252866997193702e-17,-1.4584319946719155e-16,-8.947891143336092e-17,-1.313766300046865e-16,4.89649405540339e-17,-4.905905426698337e-17,1.5435333226905042e-16,-2.539398359834748e-16,1.4140234787019611e-16,-2.4012550726112133e-6,-9.65231039726396e-6,-7.051318345493522e-6,-1.260918346112857e-6,-2.0728561226419247e-6,-2.3579241066480834e-6,-6.3097248774864835e-6,-4.677062197695456e-6,-6.77576583327489e-5,-1.2813430376304875e-5,-2.8750911299248546e-6,-2.862043982455272e-8,-6.090132702486116e-7,1.7412874379202589e-16,-2.036796640095378e-7,-2.2822112750626252e-17,-5.3118960635301255e-18,1.0434686012757105e-17,-2.8369451462097708e-18,-1.308817191819953e-16,5.618733946082079e-17,2.2354212525061314e-18,7.122770290859608e-17,-2.3557604303385137e-17,-4.0259756994871273e-17,-1.832499216374463e-16,1.2006786334360486e-17,0.0,0.0,0.0,0.0,0.0,0.0,0.0,0.0,0.0,0.0,0.0,0.0,0.0,0.0
5.017381999525335e-5,0.00020134336697454804,1.0362291052598025e-16,1.2215778017525324e-16,3.7375814941391405e-17,-0.000919399042347073,4.443452750179309e-5,0.0015478676509501125,-0.0008465060311294588,-4.5045702227823725e-13,-0.0004716019340910991,-0.00015772353173670417,-6.10613491496464e-16,-0.0018763086935230126,-7.045362970858951e-5,-1.9305408376943077e-5,7.611626859680772e-5,4.351124796310146e-5,6.712231340115327e-5,0.0012933516863031637,-6.74218753064752e-5,-6.249829287622212e-5,0.00012169045477628107,-0.00220827543869573,9.113903696912279e-5,-0.0001570105846604447,-8.271867631057292e-7,-9.787919343856381e-17,-1.1146906868260523e-16,8.086942128943176e-17,5.3214607253364175e-17,-1.3045943031605977e-16,-1.1565447522012005e-16,-1.7798947397869226e-16,1.2915973890886733e-16,-4.397106139267669e-17,2.7653808780383683e-16,-2.6335441481832126e-16,2.6913926730336e-16,-6.677911066129059e-5,-0.0002111819166818321,-0.00022137413664041235,-3.0914995930112044e-5,-4.3967753622371127e-5,-5.9150881705542705e-5,-0.0001407451904243602,-0.00010443044632487336,-0.0014446687400320882,-0.00027821232420648426,-6.395216496770814e-5,-7.782880922901926e-7,9.358327043828581e-7,3.94536095595456e-16,3.129818368974716e-7,-7.571765680966461e-17,5.885943288241431e-17,7.550556810933226e-17,4.739282756912567e-17,-1.1484951847932944e-16,4.2356636155981666e-17,1.55342207910346e-16,1.1215242660177967e-16,-1.4956275072045233e-17,5.02728138610439e-17,-1.559946218884288e-16,1.0188299087509052e-16,-0.0,-0.0,-0.0,-0.0,-0.0,-0.0,-0.0,-0.0,-0.0,-0.0,-0.0,-0.0,-0.0,-0.0
-0.0005952793144865062,0.16228827467493803,1.9004754910000608e-15,2.0633629171493875e-15,4.0558988230010065e-16,-0.6502852164097889,-0.0511507672028666,0.007582030919230474,-0.7590324585043066,8.790150276046077e-11,0.02970479322863841,0.009934532831294503,8.385793773850221e-15,0.16828800899476806,0.018669315040432868,-0.027842795877640793,-0.021145992410501947,-0.1828024058541774,-0.03274800081484466,-0.009622619274501313,-0.03364579113530136,-0.09179653177598421,-0.0553231294094165,-0.0965582221436512,-0.05491059224092265,-0.12264797771000789,-0.0015556632132041708,3.00982558166528e-15,2.620152595289056e-15,-1.6246291901362592e-15,3.765168240638206e-15,3.289192941326953e-16,-2.4996637424635083e-15,-3.0704683314623196e-15,-1.1602482647223923e-16,6.18514992642798e-16,-2.390972007219624e-15,1.1452031615805339e-15,2.5114623658963704e-17,0.007422597309480488,0.0025296469560499076,0.030903525153307087,0.0018887784704996278,0.00024608852049165227,0.0038799828596847575,0.0036320686076910295,0.002038497954790002,0.0018455991243600863,0.003508814885307199,0.0015327455372153688,1.730679529226258e-5,-5.7673023477433635e-5,5.9496985950780766e-15,-1.928828592808838e-5,-1.6395168690439054e-16,-1.1891993299771382e-15,-4.479938297293503e-16,-1.2472398347692493e-15,-6.957943420415398e-16,-3.463909629442109e-16,-1.1078401760071e-15,-2.1068426481743047e-16,2.258335166456654e-16,1.72252917284808e-15,1.7739678537216774e-15,7.355431903151584e-16,-0.0,-0.0,-0.0,-0.0,-0.0,-0.0,-0.0,-0.0,-0.0,-0.0,-0.0,-0.0,-0.0,-0.0
0.00012730650448724835,0.0008906742222432153,3.0686322628086653e-16,2.7537130816713407e-17,-2.951156029646665e-16,-0.003720158353929527,0.00016858284630463064,0.0006328050959996984,-0.004011809882605211,-1.3978544024845397e-13,-0.00039528988924772656,-0.00013220157273530558,1.3696142618505139e-15,-0.0015388423665211243,-0.00048510111763957103,-0.00024017676071705205,-0.0005515562110311888,-0.0008196672131371415,-0.00017317511385928487,-4.6546021522746995e-5,-0.00017521880159004636,-0.00042593509418981123,-0.0003079008929157616,-0.0004336802633476001,-0.0003887004195117255,-0.0005949349555529601,-3.5794254978352728e-6,7.088188093143536e-16,6.519266933454205e-16,-7.326180844654518e-17,9.221644233252082e-16,2.3734873145811442e-17,-5.080895978969403e-16,-8.043451711343636e-16,1.2456552195586706e-16,1.8166296532991979e-16,-4.619709703700486e-16,3.392569842310552e-16,1.2042960866223478e-16,-0.00021780056264742584,-0.0007547133018100012,-0.0005627880302783844,-9.889527734918262e-5,-7.322905424058826e-5,-6.631200798676885e-5,-0.0002736746937422267,-0.00018903359587356164,-0.0001417296186633257,-0.0016526809541445467,-0.00010056570776785447,-1.6935714937925118e-6,3.594247730334487e-6,1.3836361645629567e-15,1.2020676876566795e-6,-3.1343714449042203e-16,-1.1556257694499768e-16,-2.585955437589989e-16,-4.142681987954548e-17,-3.7026160570839826e-16,-5.3961362284314243e-17,-3.4897622509368093e-17,-1.263659028352728e-16,1.9417952735715286e-16,3.3836183565161405e-16,1.7815191735255286e-17,8.798326341183762e-17,-0.0,-0.0,-0.0,-0.0,-0.0,-0.0,-0.0,-0.0,-0.0,-0.0,-0.0,-0.0,-0.0,-0.0
0.0018846433339048283,0.012911175839505148,3.770654137830838e-15,5.899836338823768e-17,-5.6405288577425416e-15,-0.05397829865778107,0.0025757106301914174,0.00935781432991704,-0.05808503379566841,-4.2038527562560454e-12,-0.005902432459683966,-0.001974021788463944,2.586260781100607e-14,-0.029144005859230174,-0.0007250091637799499,-0.0035125581192599563,-0.008123047751637408,-0.011833931481524623,-0.0025082416258050033,-0.0006753977422986268,-0.002539531113131966,-0.0061568203434005046,-0.004454810530976639,-0.006269143962248847,-0.0056572139482380995,-0.008604159925717987,-3.504680883142406e-5,1.1146734076703e-14,1.1277095286232524e-14,-1.9542816197314863e-15,1.3886053645724354e-14,2.3751523067694816e-15,-6.312889061716181e-15,-1.0138283240919685e-14,1.2277391422747012e-15,3.373890835382256e-15,-8.906990935668277e-15,8.557663261232529e-15,-7.800665835862187e-17,-0.0032336506639550435,-0.011172074176177845,-0.008376591650860509,-0.0014662161041734292,-0.0010835384048026738,-0.0009873882181012082,-0.004054210739255228,-0.0028006488171524904,-0.002099558619293345,-0.024459862165228646,-0.0014900509201387733,-2.5177719501458622e-5,6.269098755669936e-5,1.8270025209604043e-14,2.096650427422792e-5,-4.375613041264229e-15,-1.5870902416349023e-15,-3.9336075203947256e-15,-5.348261466811765e-16,-3.667878407389061e-15,-1.5867402216829491e-15,-4.3009162010110215e-16,-2.8309779999869243e-15,3.2018415669904488e-15,5.642339007718898e-15,2.8255397362193717e-15,1.2061015519314501e-15,-0.0,-0.0,-0.0,-0.0,-0.0,-0.0,-0.0,-0.0,-0.0,-0.0,-0.0,-0.0,-0.0,-0.0
-0.0005957742532266585,0.1623683580174376,6.538317959040594e-16,2.072151866221611e-15,2.2569851011977304e-15,-0.6506009059232409,-0.05115441476999684,0.007579711854019186,-0.7594858335764799,9.123794539042373e-11,0.02972935970383166,0.009942748894353879,9.34092817790916e-16,0.17920213627799364,0.008233694020600282,-0.02785433495306354,-0.02116292160687308,-0.18287181945677075,-0.0327584555119204,-0.009620242601414747,-0.033658563163714614,-0.09183872874139117,-0.05536359384497998,-0.09659555012572198,-0.0549483369751759,-0.12270440248371099,-0.0015765847926191429,-2.448257294449629e-16,-7.996794995836641e-16,-1.102059580263545e-15,-3.964973591829633e-16,-3.4645862622466826e-16,-6.643740566466985e-16,-1.0291310085048956e-16,-5.27526908573793e-16,-4.2559047602885216e-16,2.8472585134420355e-16,-1.6955179815592792e-15,-3.414282606461537e-17,0.007426785279390726,0.002529967590181738,0.030919169992811624,0.001889491221834633,0.0002456910933232933,0.0038821863982870805,0.0036329091382583663,0.002040741953381857,0.0018462506974464283,0.003512646742504038,0.0015331780046452693,1.7482670916002916e-5,-7.25022087797335e-5,5.930835132759881e-16,-2.4247789505019002e-5,1.2845030731424356e-15,-7.489955969371878e-16,7.54514830665739e-16,-1.1535693759349099e-15,4.0271910313028056e-16,1.3204970347323533e-16,-1.2085861008266991e-15,6.551528003952229e-16,-6.410640493906931e-16,-3.876939393252012e-17,7.696154111288708e-16,3.539407588412155e-16,-0.0,-0.0,-0.0,-0.0,-0.0,-0.0,-0.0,-0.0,-0.0,-0.0,-0.0,-0.0,-0.0,-0.0
1.2940324935899559e-5,9.387991231490242e-5,6.766158766970451e-17,3.7837054892741666e-17,8.855563693415425e-17,-0.00039408922524700846,-1.30410584810176e-5,0.00022478348110610024,-0.0004273174736827654,-2.5386794097461584e-14,-6.974259441483883e-5,-2.3324858335786103e-5,-4.183251793105819e-16,-0.00020608150335294726,-7.468877953460874e-5,-3.289682918919946e-6,2.0642368885473217e-5,1.515240132220745e-5,1.9324048877591217e-7,-1.4474694431076203e-6,-6.99234203551711e-6,-9.907632864785784e-6,-1.3478922784391075e-5,-1.9308962863547122e-5,1.986286916062137e-5,-0.00044357571721962753,-1.2900483459043708e-6,-6.053172007655267e-17,-1.1511586450297137e-16,7.06894619389788e-17,-2.970823353932542e-18,-1.443283248285599e-16,-9.461814929587365e-17,-1.3756523372485635e-16,5.614200436821914e-17,-4.8656929695786715e-17,1.7447536037149582e-16,-2.480443728459142e-16,1.605205260848592e-16,-5.7829275504838146e-6,-2.237610240986578e-5,-1.655856085925289e-5,-2.268678633795042e-6,-2.890337396399591e-6,-2.1116584288019323e-6,-1.1154007267985688e-5,-7.0225452275970235e-6,-4.887353268412642e-6,-2.2841981484562406e-5,-0.0001647832640147456,-1.0558887655570328e-7,-3.83514900644204e-7,2.1332830299051045e-16,-1.282635202610116e-7,-3.0546062904462093e-17,1.2827857745147795e-17,1.9657385953267007e-17,7.985886524856854e-18,-1.3032744890634166e-16,5.2958371689523263e-17,2.4686817427803037e-17,7.555098370256589e-17,-2.5413293165735142e-17,-2.228626630081468e-17,-1.777434729969584e-16,2.926321383180738e-17,-0.0,-0.0,-0.0,-0.0,-0.0,-0.0,-0.0,-0.0,-0.0,-0.0,-0.0,-0.0,-0.0,-0.0
0.00031936157978211316,0.001847810226998801,3.3835406370606057e-16,3.4346625362370305e-16,1.5426209105393495e-17,-0.007853518033116827,-0.00018176862172689714,0.005513312672453487,-0.008313600741951525,-1.2347452129159751e-12,-0.0018044344896542054,-0.0006034788238183206,-5.837844534014305e-16,-0.006477745330696589,-0.00027909448342031373,-9.85629105569629e-6,0.0005734663314272854,0.0008772035663959817,9.768304793000955e-5,-1.2639593816629185e-5,-8.065284865479108e-5,6.162419801979079e-6,-0.0001581544879177819,-0.00022087777057704872,0.0006498521386560933,-0.010560020797861823,-1.358691132162409e-6,-3.8757088028529e-16,-7.778050235846346e-17,2.42931135517588e-16,3.021435490781214e-16,-9.055399905040363e-17,-2.4786174901342756e-16,-3.401537724706504e-16,3.194193269831325e-16,-3.247234615183645e-17,7.873615907587764e-16,-1.140755642885547e-16,7.603871670800463e-16,-0.0001603767147821019,-0.0005567182112922036,-0.0004899459662510458,-6.0513776381691346e-5,-7.088480923641854e-5,-6.235383308654775e-5,-0.0002817031563909535,-0.0001783297535857538,-0.000124000870603799,-0.000567920374040086,-0.0040528717335633815,-2.7921823920111573e-6,6.736666373081901e-6,1.4008935334550989e-15,2.2530247143099306e-6,-2.765775690707576e-16,5.160008759885563e-16,3.1168343910934433e-16,3.2227613816074293e-16,-9.944756479777133e-17,-3.977781137448402e-17,7.339665555412489e-16,2.2416272266365766e-16,-5.95268968557454e-17,5.094333799941512e-16,-1.401822738849867e-17,5.418948393299869e-16,-0.0,-0.0,-0.0,-0.0,-0.0,-0.0,-0.0,-0.0,-0.0,-0.0,-0.0,-0.0,-0.0,-0.0
-0.0005957846917212938,0.16236704578051284,5.962862774713573e-16,2.008777755229273e-15,2.2963269299485203e-15,-0.6505959040869533,-0.05115397145780381,0.007579589476947575,-0.7594795182391412,9.046240186823576e-11,0.029729190159253946,0.009942692191512665,8.131507617670262e-16,0.17680489441735192,0.010647261337695267,-0.027854116714950777,-0.02116273814047834,-0.18287070338963374,-0.03275804194273655,-0.009619818979762745,-0.033658401706640556,-0.09183771760903739,-0.05536368612134822,-0.09659426454478637,-0.054947878961708496,-0.12270336893236063,-0.001577223271386061,-3.14374003347524e-16,-9.056929932736225e-16,-1.0796799562946904e-15,-5.103755741842107e-16,-3.623004396247131e-16,-5.945382172011166e-16,1.474796184948843e-17,-5.55120992842855e-16,-4.569059617868164e-16,3.729797760919258e-16,-1.810436711837904e-15,-1.0365820512947162e-16,0.007426713493166977,0.0025299335671766367,0.03091891400240306,0.001889471179012316,0.0002456816734673073,0.00388215657717951,0.003632831065708136,0.002040765464409137,0.0018462293048695138,0.0035126565729039394,0.0015331661643345471,1.748797452110841e-5,-7.262153034968723e-5,3.106604912026872e-16,-2.4287695659070923e-5,1.3620560066506483e-15,-7.917923609529624e-16,7.55053423397555e-16,-1.180192315130507e-15,4.158433533286819e-16,1.505362123601056e-16,-1.2994648702160334e-15,6.5899441333554e-16,-6.42631720352793e-16,-1.149775333520143e-16,6.964179368475264e-16,2.7576459382447866e-16,-0.0,-0.0,-0.0,-0.0,-0.0,-0.0,-0.0,-0.0,-0.0,-0.0,-0.0,-0.0,-0.0,-0.0
3.07427335065807e-7,2.055563718065013e-5,5.634769899619263e-17,2.5368765671386054e-17,9.229419565292234e-17,-8.245806954493641e-5,-5.080692345410533e-6,4.0802082445629315e-6,-9.73621018109114e-5,3.866433244935171e-15,2.0383970822077844e-6,6.817257599618921e-7,-4.087504095327059e-16,-9.779026121200672e-6,-2.5708605986842445e-6,-3.546897095683284e-6,-2.3887600049077886e-6,-2.163518068540109e-5,-3.649335256923144e-6,-9.830836149163804e-7,-3.9505764958198465e-6,-1.0569969556905673e-5,-7.242177953759793e-6,-1.0795044466563345e-5,-6.329769128946578e-6,-1.4975389432903625e-5,-6.706710886702769e-6,-4.69125513294138e-17,-1.1640154799193957e-16,6.347825172967008e-17,-1.5346517451785232e-17,-1.466048475410564e-16,-8.82151179778123e-17,-1.2964663581223104e-16,4.572087429835149e-17,-4.919383347355046e-17,1.4920251855286956e-16,-2.531703545978647e-16,1.3554992301105318e-16,-3.03883852822735e-8,-5.8561739982377e-7,1.785282755578887e-6,7.906297824082082e-8,-2.0844908904041945e-7,2.482723767753272e-7,-3.227393498102661e-7,6.784370239049632e-9,-1.0452476317851598e-7,-4.6209718380006866e-7,-1.5899965214139118e-7,-3.35486873176696e-6,-6.78588906878307e-7,1.657464558674409e-16,-2.269486846359182e-7,-2.045560038901947e-17,-7.879164486142755e-18,7.679760691079312e-18,-4.940021083947699e-18,-1.316509491463668e-16,5.689318027276068e-17,-4.1943104325696986e-18,6.959781308423095e-17,-2.4084087989351588e-17,-4.4308628464191854e-17,-1.8449670442096398e-16,7.973781399743978e-18,0.0,0.0,0.0,0.0,0.0,0.0,0.0,0.0,0.0,0.0,0.0,0.0,0.0,0.0
7.734310919225227e-6,4.2398959910733375e-5,5.862540446781563e-17,3.670038385842272e-17,1.073166068914638e-16,-0.00017973468729662716,1.131714218694836e-5,7.782090668985554e-5,-0.00019028618145331628,-3.0301137673683096e-14,-3.4604310554531895e-5,-1.1573137596348085e-5,-4.015575584830886e-16,-0.00013595416484412122,-3.5407148823101943e-6,-1.4456089886106447e-5,6.118038246790203e-6,-2.6127454709386872e-5,2.317868613280326e-6,-1.1843405419930352e-6,-5.623797862585005e-6,-1.0169291563625515e-5,-5.23581234515465e-6,-1.15089404197918e-5,4.448140098790533e-6,-2.5335100096895843e-5,-0.00011714843665479514,-5.532678114741668e-17,-1.1495856852892379e-16,6.438588691615211e-17,-8.592883027023611e-18,-1.4675861247768637e-16,-8.783139364951561e-17,-1.3982264506163234e-16,5.975857338797947e-17,-4.727831105843977e-17,1.6912370298411124e-16,-2.5035965764627656e-16,1.4435275221277238e-16,-1.6427107433609447e-5,-1.8405191414277675e-5,-3.3578402164007373e-5,-2.4236402046213225e-6,-4.329135552677075e-6,-3.7324574903962026e-6,-1.3456977325952207e-5,-4.820065585290038e-6,-5.597820235079196e-6,-1.5552566338582845e-5,-6.205895256486119e-6,-7.186833204539819e-5,-5.477147433605858e-7,2.124084009483223e-16,-1.8317885718371474e-7,-2.401296137654692e-17,3.7975397765887936e-18,1.7568249101068774e-17,2.280075647371835e-18,-1.3073242589780776e-16,5.767600754499553e-17,1.758107512332451e-17,7.804064355896055e-17,-2.5954408433211548e-17,-3.736180131825476e-17,-1.8377536395518558e-16,1.539915666441539e-17,-0.0,-0.0,-0.0,-0.0,-0.0,-0.0,-0.0,-0.0,-0.0,-0.0,-0.0,-0.0,-0.0,-0.0
-0.012915776381069817,0.00048020960127717583,1.586207354069069e-14,5.723259330588167e-14,-9.648386841852569e-14,-0.0015153042310669916,-0.08186925036429363,-0.026224571033486202,-0.0024472418620830856,1.4440887243835725e-13,0.0005441924358194156,0.00018200085008956315,1.0731968731150903e-13,-0.2274805387301181,-0.021897198024845493,0.0001968207406994569,-0.000400560258595931,-0.0003330660766950449,-0.00016133046982159355,-8.906801462766806e-5,-7.565632281259389e-6,-0.00016732511306924647,3.9667738521103035e-6,-8.159720064891625e-5,-0.00036599195474678134,-0.00012857193471536523,-0.00018030003188547277,-1.1550877020621586e-14,1.2071646014807227e-15,-5.831457499591357e-15,7.550424738604784e-15,-4.5829954686174185e-15,-1.9873853898044438e-14,-9.639638789709673e-15,2.7907014374468068e-14,-7.08248210600157e-15,3.2161821090768234e-14,-3.456426014652093e-14,1.5020939081609844e-14,0.035635786625326876,0.012188305194571451,0.15927229669485815,0.020255683773548444,0.027096735112396707,0.01858176321079184,0.05709468420282297,0.0395136286431329,0.0402913905741954,0.06905739937063349,0.036185138995109736,0.0004971959450654898,-0.07521626619132234,1.494760308001811e-14,-0.025155484509708417,2.7013815603667488e-15,9.001286668128252e-16,-1.010972241013576e-14,5.736946222893335e-15,-9.473476554359228e-15,9.427824079422067e-15,-1.275162886643643e-14,2.5819044733725093e-14,1.3851382457232385e-14,4.9550451417809056e-15,-2.7926658957610417e-14,-1.6444826142060965e-15,-0.0,-0.0,-0.0,-0.0,-0.0,-0.0,-0.0,-0.0,-0.0,-0.0,-0.0,-0.0,-0.0,-0.0
-0.0009132191296893343,0.0002903975831260945,6.725115283327455e-15,2.45180820320775e-14,-4.078305517547137e-14,-0.0008942863185141438,0.2573379011946074,-0.008047592172802688,-0.0015212985793674502,1.7524394683354835e-13,0.00040843439915533915,0.0001365976499565485,4.584668371817712e-14,-0.19310754241025505,-0.012953813294952243,8.4624119175644e-5,-0.0002748363596118795,-0.00014599536173890042,-7.763603316535982e-5,-5.851389584273922e-5,7.735474395321387e-6,-0.00010598812337403698,-1.172640668512657e-5,-4.878647440785181e-5,-0.00024073678163921713,-5.4650075287607624e-5,-7.860656086749382e-5,-4.9530456047881746e-15,4.971856683911489e-16,-2.4890909175975192e-15,3.2405355194602582e-15,-1.9354229295217595e-15,-8.53826721284921e-15,-4.1064464748554856e-15,1.1947153517322007e-14,-3.025074234280746e-15,1.3761709056244329e-14,-1.4805848751132602e-14,6.444033467228057e-15,0.03342133833161988,0.007043433849143933,0.13009893077577964,0.017598943153228352,-0.009588127539414269,-0.006263842080439699,-0.004962341166973241,-0.009360898759501858,-0.014257606804450153,0.009289804253186087,-0.01646171292464921,-7.116179477223765e-5,-0.05663437042869878,6.106701843305206e-15,-0.018940916641763436,1.175662121744608e-15,3.80231513518001e-16,-4.321744348085648e-15,2.4555073500189216e-15,-4.063695045746072e-15,4.0412929952944905e-15,-5.4543763762591466e-15,1.1068290314178206e-14,5.934494911827346e-15,2.180156330319376e-15,-1.199418772960555e-14,-7.08732012105676e-16,-0.0,-0.0,-0.0,-0.0,-0.0,-0.0,-0.0,-0.0,-0.0,-0.0,-0.0,-0.0,-0.0,-0.0
-0.014238139618678846,0.00017870033459232412,8.386258163193665e-15,3.000877605368498e-14,-5.1203377152321685e-14,-0.0006062968018092858,-0.002293833488243911,0.23351253578706982,-0.0008559288198994034,-6.149843942962939e-14,9.439395268606944e-5,3.156930985432982e-5,5.6704293423251414e-14,-0.007317844922967854,-0.008442474048667105,9.925908958318366e-5,-9.805063571867528e-5,-0.00019461627303593552,-7.935965509151407e-5,-2.532626460826656e-5,-2.0519186863308326e-5,-6.148738977877205e-5,9.831909504153422e-6,-3.9904811488749565e-5,-0.00010573041212841052,-8.376241496172213e-5,-9.323005420758405e-5,-6.049024946611502e-15,6.530994262700539e-16,-3.0647267315105544e-15,3.9563329786962744e-15,-2.423452887112619e-15,-1.0399126264107882e-14,-5.077736179907425e-15,1.4645563324776016e-14,-3.7195700468379266e-15,1.6887347420414564e-14,-1.81195172590803e-14,7.864245853249327e-15,-0.0032420867084386215,0.004925540457001109,0.012020383946684369,7.844189426812021e-5,0.04570386347093311,0.030913378061111878,0.07532595089717603,0.060287939110141894,0.06796024071081418,0.07006207508601832,0.06606678435104509,0.000694337467177908,-0.012313088293953472,8.142404371094685e-15,-0.004118014859435241,1.399903548558262e-15,4.817560123974974e-16,-5.310326941653632e-15,3.012051076596169e-15,-4.964540579797297e-15,4.944880507471352e-15,-6.684658684154116e-15,1.3525855831617574e-14,7.259452523232715e-15,2.559118750398211e-15,-1.4606380517359445e-14,-8.634378447767807e-16,-0.0,-0.0,-0.0,-0.0,-0.0,-0.0,-0.0,-0.0,-0.0,-0.0,-0.0,-0.0,-0.0,-0.0
0.00014315369579349796,0.0004091136361629808,-2.6353452345028163e-15,-7.515722483954646e-15,1.2165917941291802e-14,-0.0016476177568765992,-0.00010600513063971533,0.0055084287460940165,-0.0019250305150576854,-1.8093286312961531e-13,9.142341613877139e-5,3.057583745129676e-5,-8.331775493123956e-16,-0.0066568897124611595,0.00010583532086311125,-9.830535807218853e-5,-5.333546205796856e-5,-0.0004443514929263216,-7.039053749324218e-5,-2.3599642122738244e-5,-8.29729385032633e-5,-0.00023885414688546317,-0.000153255239332551,-0.0002528625005758408,-0.0001384463004711001,-0.0003090952719296757,1.8168808976984278e-5,1.7029226808281255e-15,-1.7957428010721598e-16,9.16564165966739e-16,-8.948484368416293e-16,6.182165699188857e-16,2.318040896519938e-15,1.4831706842812715e-15,-3.616252418695941e-15,1.0161110342954092e-15,-3.796704429218424e-15,4.616518161295556e-15,-1.84105779471302e-15,-0.0004105457582716338,-0.0005397523324837039,-0.0017783486909928382,-0.00023559529795770146,-0.00026505093248453405,-0.00017933514308942288,-0.0006388963518180189,-0.0004157239894153038,-0.0003927146716134488,-0.0009455331148659245,-0.0003262808527969441,-5.176526280223217e-6,-0.0017707128249076067,-8.546133338106352e-16,-0.0005922008801135735,-3.3266051161176774e-16,-1.521197985964492e-16,1.2860690921484648e-15,-5.907633554471483e-16,1.2483491069159357e-15,-1.0533912847239962e-15,1.826700308334743e-15,-3.4602736545552393e-15,-1.6648773760915118e-15,1.2112840520151467e-16,3.4636049932180504e-15,2.361008805455202e-17,-0.0,-0.0,-0.0,-0.0,-0.0,-0.0,-0.0,-0.0,-0.0,-0.0,-0.0,-0.0,-0.0,-0.0
0.007254652103006856,0.0007169899133581408,6.369027770765094e-15,2.502057452213614e-14,-4.1321158195980685e-14,-0.0024859976169709338,0.2651148251247368,0.00795946193452096,-0.0036124940034536444,1.6264941677674362e-13,0.0006842258301746612,0.0002288339097732771,5.70141253006252e-14,-0.3399056271201169,0.006435932320193384,3.243328493515407e-5,-0.000445202132607207,-0.0005131728837492118,-0.0001539927847420874,-0.00010285494450062408,-4.511433132247597e-5,-0.000330286230605906,-0.0001365795202650146,-0.00025688778524850594,-0.00045400662469201444,-0.00029700162506535014,-8.501939577398243e-5,-4.851479430094174e-15,4.696696825812375e-16,-2.3734067784849404e-15,3.3767051738437185e-15,-1.947081764292064e-15,-8.94111088168412e-15,-3.967819444330462e-15,1.2134147216890858e-14,-2.989034984810374e-15,1.4309465848589745e-14,-1.4947242520759114e-14,6.679756835479899e-15,-0.021744730176050133,-0.02710424002444972,-0.09255596139114518,-0.011978792921715794,-0.013300461898324562,-0.009460357120772542,-0.032781774083180774,-0.021097149500157657,-0.019906892160996708,-0.04783505842064681,-0.016475836056266843,-0.00025466785880660036,-0.08684454076793317,6.954112392040198e-15,-0.02904446884507543,1.200013135330729e-15,3.5102224392776174e-16,-4.415967847282465e-15,2.6301895171533496e-15,-4.122900699496867e-15,4.2479037331857e-15,-5.395977311253079e-15,1.1166723569829757e-14,6.16134515169646e-15,2.884991513612075e-15,-1.2387521108854086e-14,-8.659358847185471e-16,-0.0,-0.0,-0.0,-0.0,-0.0,-0.0,-0.0,-0.0,-0.0,-0.0,-0.0,-0.0,-0.0,-0.0
-0.014783460897620202,-6.413066063830183e-5,-8.733136840438239e-16,-3.197142928813891e-15,3.864424293007677e-15,5.1448960756497714e-5,-0.04438893675550173,-0.022743850430941355,0.0004605009851633668,-2.951220373681212e-13,-0.0003480449778652395,-0.00011640088630519774,-2.255745407071713e-15,0.2390245924673848,-0.01883770492607835,-3.2470230699063916e-5,0.00020630114847071444,-0.00011866447726077138,-4.5326031066412215e-7,3.697629232213041e-5,-4.725712882128559e-5,4.173165155792233e-6,-1.7032690281639397e-5,-4.4055627071535184e-5,0.00014042918525494484,-8.977020994484905e-5,1.0838628967883163e-5,6.361156810800785e-16,-2.5714528292288692e-17,3.0073172813380496e-16,-3.9653627448671075e-16,2.0619668698803779e-16,1.0635493111733393e-15,5.056581327807582e-16,-1.434335019338328e-15,3.723139535313593e-16,-1.5964619936845513e-15,1.838681381118396e-15,-8.152753878541287e-16,0.042674370354946416,0.035588845664318414,0.18582495832325405,0.023827876484541637,0.02895146309132735,0.020226599585107127,0.06610624687629381,0.044044227897252854,0.04319227160510148,0.08870598611040838,0.03728807256177832,0.0005425724239121533,0.0516730161094013,-6.313343006491221e-17,0.017281630983918744,-1.5288287183295177e-16,-3.829633738798491e-17,5.136154029299082e-16,-2.741431664131651e-16,5.109461575512187e-16,-4.611145624624543e-16,6.870240116795371e-16,-1.3881479253999843e-15,-7.194394250156123e-16,-2.2043489427090248e-16,1.5319404930637272e-15,4.262950350531048e-17,0.0,0.0,0.0,0.0,0.0,0.0,0.0,0.0,0.0,0.0,0.0,0.0,0.0,0.0
-0.014454835408328981,-0.00011344884651591043,3.73645301625732e-15,1.2828948430562143e-14,-2.3169323989562167e-14,0.0002860274205926935,-0.10432887133914831,-0.013092143898635463,0.0006979169446679996,-2.7077248984468726e-13,-0.0003601047906868353,-0.00012043419519661924,2.4425343316172515e-14,0.21038395995394704,0.005446512369228989,4.108066719974218e-5,0.0001938177517409241,-8.006587290880604e-5,-1.5228144798093934e-5,3.552381143894778e-5,-3.4707926163173265e-5,5.000513209133912e-5,3.3599365619979484e-5,1.2261425109968852e-5,0.00014557334514982246,-3.9764368620619164e-5,-3.678125004847553e-5,-2.567085386290602e-15,3.2634831400491954e-16,-1.3253474476731871e-15,1.682754127667166e-15,-1.1151170684702094e-15,-4.400424891473849e-15,-2.2244093058594023e-15,6.2762346186256684e-15,-1.6119198073293666e-15,7.267532324945623e-15,-7.748349012490362e-15,3.3518236317815365e-15,-0.04127396707497888,-0.0025920405992843065,-0.13383905724889272,-0.019787786884553793,0.06053780948930993,0.040697214899259815,0.08753247570502007,0.07614326560573488,0.09001806901590667,0.06571257194692177,0.09044887950334138,0.0008356984007610246,0.05060129702459268,4.181549767303682e-15,0.016923203024074948,5.445823672306762e-16,2.2205704997297786e-16,-2.29468631365481e-15,1.2969396627332103e-15,-2.115745628389039e-15,2.111327801750186e-15,-2.872022300652303e-15,5.7644709379867885e-15,3.1075021004422036e-15,9.558723265070662e-16,-6.181921325670574e-15,-3.5688386181027997e-16,0.0,0.0,0.0,0.0,0.0,0.0,0.0,0.0,0.0,0.0,0.0,0.0,0.0,0.0
0.013922272523015948,0.00013892413064585642,2.1573427812511293e-16,1.2108795408755563e-15,-9.740231482726812e-16,-0.0003663938687113664,-0.07341307396137292,0.03884200570902746,-0.000802233993620956,2.5372305574934666e-13,0.000343273767767627,0.00011480519287719696,1.0934626304083674e-15,-0.20213182390436807,-0.005244551054149557,1.0664030058515462e-5,-0.0002030745722321996,2.5488507170831567e-5,-1.2873571834439934e-5,-3.909584667977334e-5,2.8173462991021772e-5,-5.017681314514474e-5,-1.4020574488797242e-5,-7.861459077843736e-6,-0.00015795096543201742,2.4213375424805267e-5,-6.092697121393386e-6,-2.5710099263025045e-16,-1.005668419710747e-17,-1.0891131718883113e-16,1.6183286914359427e-16,-6.149671335443402e-17,-4.578205115004903e-16,-1.6531728688221291e-16,5.627881146093553e-16,-1.4076280270227546e-16,6.310771118182998e-16,-7.435368483529924e-16,3.441477243136576e-16,0.039742784016283624,0.00250445997633019,0.1289137483819247,0.019060174308718564,-0.05830661137549294,-0.039196641399054065,-0.08430680812246763,-0.0733376740196979,-0.08670072013192848,-0.06329103219309945,-0.08711359393425601,-0.0008046644558128024,-0.04867141878014313,-2.1677944861917584e-16,-0.016277770530005464,8.219263133724233e-17,-1.1538680389912547e-18,-1.9829274349275841e-16,1.127958778436337e-16,-2.04800265487113e-16,1.9182272085910015e-16,-2.775081986867013e-16,5.662015932300954e-16,2.990551101474261e-16,1.5835915432223993e-16,-6.645186787404721e-16,-2.4620680387510156e-17,-0.0,-0.0,-0.0,-0.0,-0.0,-0.0,-0.0,-0.0,-0.0,-0.0,-0.0,-0.0,-0.0,-0.0
0.027621778609955093,0.162038503465789,-3.6414226327469266e-14,-1.319391042059084e-13,2.2258506862374716e-13,0.0008623108583109035,0.05393630089390143,0.021789017248718227,0.001205389190876023,-1.9147053250606648e-13,-5.0060205575242876e-5,-1.6742239208809722e-5,-2.5132802090919385e-13,0.045165009335851464,0.004406750899952418,-0.00017540470314660674,7.032579993081645e-5,0.00034278527784411704,9.153354896052551e-5,2.5709787492793642e-5,4.1814334610808825e-5,0.00011447749524130065,4.554759942161573e-5,0.00011243846194075228,0.0001233801513018522,0.0001602752458340126,2.9048008951599828e-5,2.6559896321705078e-14,-2.810745037761952e-15,1.3390905802840924e-14,-1.7479720387084285e-14,1.0563983153193619e-14,4.592601812609177e-14,2.2211292628667175e-14,-6.438247904380188e-14,1.6294703513859568e-14,-7.429162934392374e-14,7.965211116217842e-14,-3.4688066133932334e-14,-0.048219534362741116,-0.031296167972506395,-0.21192959476996664,-0.027085820344469984,-0.034177935102894845,-0.023702300565056452,-0.07561403530049117,-0.051130052161821454,-0.050922871151806486,-0.0976207039475398,-0.04467966969149507,-0.0006341842126395023,0.0011328136397974534,-3.4733550678823946e-14,0.00037886055002819743,-6.20497333029224e-15,-2.0895788534336478e-15,2.3335805539517847e-14,-1.3289107849549377e-14,2.188278045863437e-14,-2.1799404124395053e-14,2.9308196888454765e-14,-5.948193481235019e-14,-3.1973379260519887e-14,-1.1651434285493249e-14,6.443849100834725e-14,3.849964876781528e-15,0.0,0.0,0.0,0.0,0.0,0.0,0.0,0.0,0.0,0.0,0.0,0.0,0.0,0.0
-0.03375375363696668,-0.00037988900285146327,-1.692218494772014e-15,-5.804436486054074e-15,8.706537218383485e-15,0.0013131948342018885,0.08831184968802021,0.12236041774517774,0.0019338253723158202,1.260962928226647e-13,-0.0004002560802960729,-0.00013386247599619672,-2.2457877561951304e-14,0.06994481201754081,0.005045136660448959,1.027734079572139e-5,0.00024782795408693613,0.000243099996803651,6.800185920954519e-5,5.599817852898755e-5,1.8665786617164084e-5,0.00017998777656870468,8.517509417476695e-5,0.00014015685546037642,0.00024756353564426214,0.00014870323292029013,2.2602952517800726e-5,1.242162892046548e-15,-1.68136491505973e-16,6.509841729180214e-16,-7.844826719241874e-16,3.325526548250294e-16,1.9904494306739885e-15,9.89634573981888e-16,-2.928250292253363e-15,7.273720722633469e-16,-3.317908857412076e-15,3.5190625368503407e-15,-1.4233599273128813e-15,-0.005583463260848561,-0.014098176582403182,-0.013247739231513388,0.00024438680993409226,-0.0022976234945154043,-0.0021117981662263697,-0.00965769285121109,-0.0066722821282341254,-0.0041644308288057074,-0.03671057276931927,0.0005263360872228735,-7.817197574000188e-5,0.05107452911078323,-1.6704599460654568e-15,0.01708147174729288,-4.0445648427895477e-16,-1.123892816694442e-16,1.0046793630354185e-15,-5.630069448003418e-16,9.061708521355567e-16,-9.778628208947246e-16,1.303252335557471e-15,-2.697150241528805e-15,-1.3784521037847702e-15,-6.642714492590723e-16,2.7095584947471816e-15,2.80068633276955e-16,-0.0,-0.0,-0.0,-0.0,-0.0,-0.0,-0.0,-0.0,-0.0,-0.0,-0.0,-0.0,-0.0,-0.0
-2.0453051224445308e-18,-1.10456134134675e-17,2.6841525271765442e-30,9.617449307763916e-30,-1.674777074042707e-29,3.447358968431733e-17,-5.941468956231608e-18,-4.793080532883716e-18,3.366622400108568e-17,-1.672400452982096e-27,-1.4541516185776054e-17,-6.458028325662716e-18,-1.4119995115172262e-17,6.445945864197174e-18,-8.71738655312019e-19,2.788123018337255e-18,-5.57508008739994e-18,2.6460349375401032e-17,8.895142785198462e-18,3.5219734560024405e-17,2.7592111351860375e-18,1.7376975515367976e-17,-4.859784232638084e-18,-3.4371572923174408e-18,5.910318213359098e-18,1.6762760960017578e-17,2.108377375964493e-17,-2.0846902491111514e-30,1.467745008380138e-31,-8.637847433837452e-31,1.2806926943507635e-30,-8.706897563009385e-31,-3.348030626057004e-30,-1.7220074791404096e-30,4.881440068291268e-30,-1.1997561697055579e-30,5.695471823230489e-30,-5.973052466801009e-30,2.676058787065301e-30,3.443877764515113e-18,1.1445087547907212e-17,1.1498225712221715e-17,2.4855187722367822e-18,-1.5347954321672517e-18,2.4737572325638613e-18,6.694356238614669e-18,5.5141371520379306e-18,2.2382322166762118e-18,1.1959494570451462e-17,6.932889455317219e-18,2.180893035353001e-18,-3.762716698290471e-18,2.5189679950067932e-30,-1.2584107987774969e-18,3.5266247766716988e-31,2.2283556101932334e-31,-1.731123258919443e-30,1.0430070477412074e-30,-1.658274878651069e-30,1.6123955764186007e-30,-2.026966599213046e-30,4.432858794839722e-30,2.381253711701576e-30,8.003295970240477e-31,-4.876083694530672e-30,-3.059806011038005e-31,0.0,0.0,0.0,0.0,0.0,0.0,0.0,0.0,0.0,0.0,0.0,0.0,0.0,0.0
0.022493137435302384,0.0005042018864586731,2.2359227553802556e-14,8.057336480087052e-14,-1.3651712810447358e-13,-0.0015512117128884673,-0.05986327949367169,0.053559704002767265,-0.002554598387960183,3.8592692787312946e-13,0.0005537666049382408,0.00018520285511174723,1.4324652575226082e-13,-0.30189886006903865,-0.030373077035805024,0.00028961825239195733,-0.00043717378332120554,-0.0003794216978484869,-0.00020208115555210744,-9.781525249200843e-5,-7.2827393953513175e-6,-0.00015389295498666015,4.681315255006171e-5,-5.41532091855295e-5,-0.0003945206799754637,-0.00012407076704416473,-0.00025132802914701444,-1.6171810309115292e-14,1.7094229343713322e-15,-8.148931427545799e-15,1.0593498723550114e-14,-6.663656617743774e-15,-2.7981866366971914e-14,-1.3609508275826505e-14,3.9159186291322996e-14,-1.0002642647836504e-14,4.5253988858932376e-14,-4.86837612035209e-14,2.1280175656262524e-14,0.05146060552188528,0.008175395848159675,0.2390320067950139,0.031889532826873575,0.04063097762802709,0.027449562897477423,0.08189041406395392,0.05668296131913147,0.05983853385080176,0.07970055396026315,0.057037305782897035,0.0007176230403361252,-0.07825616593188636,2.1788126858268697e-14,-0.026172154901751534,3.629311640301459e-15,1.2300958873481009e-15,-1.4280711466892478e-14,8.084101772641517e-15,-1.3342605517685825e-14,1.3216896460189542e-14,-1.8031321030082127e-14,3.62965499755439e-14,1.9553686781440288e-14,6.637761140866089e-15,-3.9453215561335277e-14,-2.1537703511288464e-15,-0.0,-0.0,-0.0,-0.0,-0.0,-0.0,-0.0,-0.0,-0.0,-0.0,-0.0,-0.0,-0.0,-0.0
-0.0835554238646899,0.00011852437652018036,5.689688099835107e-14,2.0844301804916663e-13,-3.598792608338946e-13,-0.00020395926503201728,0.49124677798469046,0.38706624995036615,-0.00029546793650686093,1.0874025484908937e-13,-0.00038453793492165345,-0.00012860566687119626,3.473633903279468e-13,-0.39808782905980483,-0.12064450441643135,0.000804896768818504,-5.3715205219005075e-5,-0.0005673644125558477,-0.00036935185190883793,-2.8942013913741387e-5,-5.827968720035022e-5,0.0001356694187273383,0.0003720950680499961,0.0001987196035744189,-6.616572362051294e-5,-6.963672327000612e-5,-0.0006335358161514039,-4.140012007602442e-14,3.893370966332479e-15,-2.0820882876702273e-14,2.7480683044548828e-14,-1.74523477382145e-14,-7.288318760473374e-14,-3.4466552517632615e-14,1.0097204879136707e-13,-2.569531466202586e-14,1.1726481705132572e-13,-1.2537150530503593e-13,5.489102508637281e-14,0.24451559704586914,0.3304417767570008,0.9866503203556002,0.16606663204638317,0.13033061571488144,0.059271190181739576,0.3794505679369298,0.2164657913829061,0.1204816239472327,0.7847882960720852,0.03693059678964196,0.002040223760230309,0.04201940072320381,5.327750244547878e-14,0.014053055775050984,9.175937962758242e-15,3.454584057112325e-15,-3.6910021216885694e-14,2.1104761524038568e-14,-3.494681133161855e-14,3.458553149521596e-14,-4.596510979395622e-14,9.349997129216969e-14,5.060706485612933e-14,1.798646983121049e-14,-1.0196503577964747e-13,-5.990931479666943e-15,-0.0,-0.0,-0.0,-0.0,-0.0,-0.0,-0.0,-0.0,-0.0,-0.0,-0.0,-0.0,-0.0,-0.0
-0.015674330027542416,0.0004727799693911321,1.470237094404641e-14,5.298548004182022e-14,-8.918080360149345e-14,-0.0015232399934588785,0.2572529634666855,0.22492290279855726,-0.002391810620783249,1.0638644130925548e-13,0.0004969036727147631,0.00016618549780165966,9.971870696550348e-14,-0.19545608910859788,-0.021038276417867437,0.00017586190541610535,-0.0003674193322340139,-0.0003469868225762301,-0.00015554787275804375,-8.29431731866571e-5,-1.5025820558444534e-5,-0.0001719960321435043,-7.327361559860242e-6,-9.524880804868917e-5,-0.0003441242691387003,-0.00014529975496903273,-0.00016686812317178885,-1.0670026805302663e-14,1.115090626104554e-15,-5.384603949736695e-15,6.982790828993907e-15,-4.2203783872175e-15,-1.837212680628073e-14,-8.904731169550399e-15,2.5795298288402106e-14,-6.538963526583051e-15,2.9730222415226664e-14,-3.193385812360326e-14,1.3878508500233771e-14,0.03326280883525705,0.014161926417006967,0.13687204775655482,0.028115366975817197,0.03480214667730652,0.025494450643873824,0.06403786252537723,0.052959320324762575,0.05176387134624099,0.0820641072057224,0.055477281578746054,0.0006862481103888916,-0.06778112307939517,1.380224431489487e-14,-0.022668859782768613,2.5016255295493332e-15,8.373827093353271e-16,-9.34221785022696e-15,5.304380561798933e-15,-8.759196887527118e-15,8.719732129735672e-15,-1.1767607080467441e-14,2.3851703744638265e-14,1.279508160247943e-14,4.614789863557624e-15,-2.5802081392022968e-14,-1.5288605436796214e-15,-0.0,-0.0,-0.0,-0.0,-0.0,-0.0,-0.0,-0.0,-0.0,-0.0,-0.0,-0.0,-0.0,-0.0
-0.014420686597960083,0.0001781390296896094,8.137249780921862e-15,2.912247661150937e-14,-4.9695463544567e-14,-0.0006078358839111625,-0.002310626548597899,0.23369506460473602,-0.0008522633399724046,-6.330061672973814e-14,9.154093666157409e-5,3.061514124146655e-5,5.5119244806246926e-14,-0.005728457138125868,-0.007805320222314257,9.543679399302335e-5,-9.52343795809477e-5,-0.00019471808722055023,-7.801906818379214e-5,-2.476918736444089e-5,-2.1057225671908012e-5,-6.241539913234274e-5,7.84361211926805e-6,-4.1741404492298216e-5,-0.00010388297305065709,-8.522665589590225e-5,-9.052385329122107e-5,-5.870668729796827e-15,6.343140994477962e-16,-2.9738905364405722e-15,3.840340807350009e-15,-2.348380573424266e-15,-1.0093101809394681e-14,-4.927762964239786e-15,1.4214713708845324e-14,-3.609059541027245e-15,1.6388929610332112e-14,-1.7585521668811594e-14,7.632208552261448e-15,-0.003364900836518239,0.004939820253933514,0.010994633399447324,-5.7075470963952256e-5,0.04436097558284698,0.031750719649483373,0.06824386730528545,0.06156391048240241,0.06597234904362119,0.07000565151076552,0.0721047961801342,0.0007546226623285013,-0.011807662825902756,7.894087381730258e-15,-0.003948979314649403,1.3599308159714414e-15,4.683154239072843e-16,-5.15350781942593e-15,2.9232275040113285e-15,-4.8189180495869715e-15,4.799591652541082e-15,-6.485445314631054e-15,1.3126101284605234e-14,7.043825580151628e-15,2.4878004413101136e-15,-1.4175551247291906e-14,-8.388822335505285e-16,-0.0,-0.0,-0.0,-0.0,-0.0,-0.0,-0.0,-0.0,-0.0,-0.0,-0.0,-0.0,-0.0,-0.0
-0.0012536434295822828,0.0002946409397020613,6.565121163124229e-15,2.3863003430309697e-14,-3.948534005692445e-14,-0.0009154041095495469,0.2595635900152837,-0.008772161806178546,-0.0015395472808136372,1.6968705803911013e-13,0.0004053627360532749,0.00013557035656021227,4.463630241521825e-14,-0.18972763197047246,-0.013232956195553256,8.042511142320659e-5,-0.00027218495265303103,-0.00015226873535570374,-7.752880457363046e-5,-5.817398582180458e-5,6.031405111735838e-6,-0.00010958063301029082,-1.5170973677448873e-5,-5.350740355588405e-5,-0.0002402412960878152,-6.007309907667146e-5,-7.634426988035161e-5,-4.799358075505594e-15,4.807765266567479e-16,-2.4107134132960126e-15,3.1424500216437534e-15,-1.87199781379314e-15,-8.279024996885655e-15,-3.976968205310412e-15,1.158058457955622e-14,-2.9299039855556726e-15,1.3341292804893887e-14,-1.4348336454790962e-14,6.2462999479720174e-15,0.03662770967177545,0.009222106163073385,0.12587741435710806,0.028172442446781208,-0.009558828905540686,-0.00625626900560927,-0.0042060047799081166,-0.008604590157639858,-0.01420847769738061,0.012058455694955637,-0.01662751460138787,-6.837455193990687e-5,-0.05597346025349267,5.9081569331643206e-15,-0.018719880468119288,1.1416947135778273e-15,3.6906728542802868e-16,-4.188710030800829e-15,2.381153057787491e-15,-3.940278837939956e-15,3.9201404771943986e-15,-5.282161765836131e-15,1.0725602460032506e-14,5.751256022327525e-15,2.126989422247418e-15,-1.1626530144730488e-14,-6.899783101290582e-16,-0.0,-0.0,-0.0,-0.0,-0.0,-0.0,-0.0,-0.0,-0.0,-0.0,-0.0,-0.0,-0.0,-0.0
-0.03570640681542142,9.537434321382812e-5,2.5000652248381287e-14,9.164215927532558e-14,-1.5782823466339658e-13,-0.00022492137659557013,0.2216259147524713,0.19310209348763574,-0.0003634320083108093,2.6888658940950977e-13,-9.62927893107714e-5,-3.22043607849508e-5,1.5179842272661752e-13,-0.18855885744168369,-0.05854278515649853,0.0003522355634951853,-6.66085870026217e-5,-0.00026074764315186545,-0.00016755659480184083,-2.1498856421259434e-5,-2.303007676519166e-5,4.0649067672095605e-5,0.00015499047082316117,7.639034008229962e-5,-6.612726691603742e-5,-3.720122333166212e-5,-0.00027902258523362363,-1.8246350120894756e-14,1.7475358089525215e-15,-9.173740318766186e-15,1.2060651929602853e-14,-7.629956820906975e-15,-3.1973730652760026e-14,-1.5168904604331593e-14,4.440609115433245e-14,-1.1278088633099506e-14,5.1447804134667047e-14,-5.516127714806772e-14,2.4154269918946402e-14,0.11178185215431032,0.24480449842926733,0.48808753059385324,0.06828488006353796,0.04426789457756974,0.03596441047540133,0.15430681113515848,0.08304344240229444,0.06614290950874588,0.23847555990395558,0.05617137521289499,0.0010035307489599035,0.008570046866822719,2.3155973862478044e-14,0.0028661842991311403,4.077351349043805e-15,1.459020407674953e-15,-1.6199196474567518e-14,9.2713470942426e-15,-1.532859685468242e-14,1.5165205123459277e-14,-2.0250784504389594e-14,4.1105798943924864e-14,2.222599637805247e-14,7.887017418198659e-15,-4.486087297580391e-14,-2.5816087545357727e-15,0.0,0.0,0.0,0.0,0.0,0.0,0.0,0.0,0.0,0.0,0.0,0.0,0.0,0.0
-0.0070266662336400144,-0.0005766888249312059,1.6680420574093547e-14,5.612176859174554e-14,-9.38504702265852e-14,0.002583597208170963,-0.2767305614113271,-0.05165171206715084,0.0026045743443823587,4.4756913425339136e-13,0.00012542934535911878,4.194885111883631e-5,7.493408760229441e-14,-0.2970666630447041,-0.028097548766711958,0.00034988233107890635,-0.00013080640512492796,0.0007297240262959296,4.2587848406329576e-5,-4.261283703081661e-6,0.00017102399020407538,0.0004094570564925483,0.00033912517717435615,0.0004928624306641818,7.090316068402584e-5,0.0005781851514700445,-0.00016413026085323028,-1.1792090730286347e-14,1.0256640724971996e-15,-6.1345268865741424e-15,6.907215379773317e-15,-4.473449270144433e-15,-1.871128337904091e-14,-9.554215416623198e-15,2.7049029511213828e-14,-7.162360102492407e-15,3.0355492616663544e-14,-3.4066879734953193e-14,1.4179929809187348e-14,0.01594025909518508,-0.11545266913075455,0.09823188878311874,0.011378355914016347,0.03198291911523392,0.01978669449095822,0.03812250971881235,0.03614613102061134,0.04673095678870447,-0.004277167956376563,0.05052111203689943,0.0005144651334047669,-0.04066973481311542,1.2526849501098354e-14,-0.013601670701191192,2.8355620391990493e-15,8.015975353407157e-16,-9.799761024791762e-15,5.149442804576565e-15,-9.158100783088394e-15,8.858452210396959e-15,-1.317991299974814e-14,2.5453274219656835e-14,1.3147408432634506e-14,3.1596773154017272e-15,-2.6867437208872174e-14,-1.226472270088125e-15,-0.0,-0.0,-0.0,-0.0,-0.0,-0.0,-0.0,-0.0,-0.0,-0.0,-0.0,-0.0,-0.0,-0.0
0.005889110011967468,-0.0010568605770618974,8.184086181610866e-16,-1.1107220660001126e-15,2.6331513047740797e-15,0.0040987500335969655,-0.1948613233520371,-0.025427139693629284,0.00505163925305494,3.031247552748572e-13,-0.000418756246384957,-0.00014004971002387346,-3.2233035016671485e-14,-0.06958620283529125,-0.006200352727123175,0.00015305559042884062,0.00026974880731660093,0.00106274731210816,0.00020391048624670064,8.480445896564228e-5,0.00017858178320045314,0.0005767608997916344,0.00033514575203500455,0.0005744373156354172,0.00043688223819645554,0.0007067285599026597,1.616902822986955e-5,-2.412404725152758e-16,-1.8149733055439057e-16,-3.0308610452089575e-16,-6.43191958361975e-16,1.095408245357031e-16,1.1625221361993845e-15,8.539598204661681e-17,-8.579243034305532e-16,-7.988925483846716e-17,-1.8062676850400265e-15,4.973008033217432e-16,-8.4097123125795e-16,-0.019695525901405796,-0.12764097366739055,-0.061040400690930044,-0.008877327407758222,0.004886184058533174,0.0012049321835637511,-0.018972173649513986,-0.003367497158948855,0.006439566636274866,-0.07333456652105315,0.01433597340925274,1.726919448118754e-5,0.034546531940272615,-2.4207447922143443e-15,0.011553813996495636,1.3420281012847936e-16,-9.849521169978409e-17,3.0988290005872186e-16,-5.874951465570767e-16,3.152568646158304e-16,-5.69288267106637e-16,-4.282515701740533e-16,-3.6582546180685474e-16,-7.040415409931362e-16,-1.7953448242675557e-15,1.0591843964145658e-15,4.180081946962481e-16,-0.0,-0.0,-0.0,-0.0,-0.0,-0.0,-0.0,-0.0,-0.0,-0.0,-0.0,-0.0,-0.0,-0.0
-0.04782729375084689,2.1914424135992506e-5,3.187397243219262e-14,1.1671780085882895e-13,-2.0190446602418965e-13,2.605133455143805e-5,0.2696337141172891,0.1940162857558765,7.343878689002928e-5,-1.5956462036059082e-13,-0.00028788953926101523,-9.628237635892171e-5,1.9538663939990166e-13,-0.2098246331831783,-0.06216708492414992,0.00045257985420344153,1.2828196997115848e-5,-0.0003048091967341501,-0.0002013845729235323,-7.401291172946308e-6,-3.490527358941909e-5,9.567354493377108e-5,0.00021740054604625064,0.00012305211173474444,2.453254599768802e-7,-3.1340727967111845e-5,-0.000354248495513202,-2.3137555101967553e-14,2.143998360149494e-15,-1.1639007667325511e-14,1.540877733330099e-14,-9.815081866112378e-15,-4.0880035487657736e-14,-1.928376195291608e-14,5.652527236112346e-14,-1.440704359805559e-14,6.576910966105103e-14,-7.016017201141875e-14,3.0714479076144695e-14,0.1326634908383702,0.08539229958742205,0.49944454725714593,0.09807416400559457,0.08595132773399461,0.023273983897409877,0.22516837709411147,0.13326593001126635,0.054155410631685746,0.5458523311331169,-0.019241261367556352,0.0010367952874796573,0.033368489488952234,3.009584192433257e-14,0.011159827028684772,5.095113832093707e-15,1.994168518767884e-15,-2.0695924722546788e-14,1.182462958532434e-14,-1.9604261452549328e-14,1.9406245269445395e-14,-2.56961866513968e-14,5.235683814004151e-14,2.8360466092680074e-14,1.0091457726463397e-14,-5.706322028558852e-14,-3.4067477951701983e-15,-0.0,-0.0,-0.0,-0.0,-0.0,-0.0,-0.0,-0.0,-0.0,-0.0,-0.0,-0.0,-0.0,-0.0
-4.52610512918653e-5,4.56094211482236e-5,-2.5140806369697917e-18,-7.184264869619388e-17,-5.942483444132188e-17,-0.0001835830760342675,0.000555048084903188,4.542048246416294e-5,-0.00021266756920947048,-2.5405751770579547e-14,6.945222050102726e-6,2.322774508023365e-6,1.379009418272865e-16,-7.671510502525848e-5,-9.495427961066189e-6,-7.955234800828734e-6,-5.134399476536225e-6,-5.2178224460943357e-5,-9.277159980863254e-6,-2.5670726812535194e-6,-9.705832966133424e-6,-2.5917159401093612e-5,-1.5686879826028522e-5,-2.7454880681071616e-5,-1.4949231006456823e-5,-3.503391320155809e-5,-4.3894694583900464e-7,3.441378918752683e-17,-2.7349817630211072e-17,9.94253275539232e-18,9.90417515280453e-18,3.71216928632448e-18,-2.7769687150070387e-17,9.024921602133932e-18,-2.6277512914480237e-17,9.491494425202557e-18,1.4077136010245853e-17,2.2281855502474978e-17,-1.8250013842731343e-17,0.0001430391129858603,0.0004779794018953186,0.0005426021592145827,7.24270395972138e-5,3.674288824252665e-5,3.380787022412612e-5,0.00018216455183275908,9.126530826694047e-5,5.795598243619915e-5,0.0003988716091917347,2.162762869042886e-5,9.321319548506423e-7,0.0018514043458468152,-9.7731791100516e-17,0.0006191875202175006,-1.9135803409990965e-17,5.3774196058306084e-17,-3.139337277302281e-17,1.976153585725047e-17,-1.4864612399855887e-16,8.833506422759504e-17,9.538920568483573e-17,-1.456695660206069e-16,-1.1484297610795673e-16,-3.769847269239421e-18,5.272882129020604e-17,-2.0901115555397438e-17,0.0,0.0,0.0,0.0,0.0,0.0,0.0,0.0,0.0,0.0,0.0,0.0,0.0,0.0
-0.030866749878449968,-0.0007690597776916063,3.630320992110635e-14,1.305662291528592e-13,-2.268149855136695e-13,0.0029332199390691774,-0.09291712269544483,-0.04800527954076347,0.004018666153660803,-4.4714299279250326e-13,-0.0009335662128548286,-0.00031222382604470674,2.2242964342261827e-13,-0.39806492622658496,-0.03927685047391407,0.00059760168773575,0.0003872924383473797,0.00028441855385952404,-8.964978950727403e-5,8.352360867877888e-5,4.1980731599717495e-5,0.0005162798190295062,0.0004675403108933434,0.0005029737960147423,0.00043048774947831644,0.0003764769812058203,-0.00038625867570273617,-2.5790293318975576e-14,3.1030774443634287e-15,-1.3073559686371211e-14,1.7108640761579682e-14,-1.1309343402524208e-14,-4.477757069419014e-14,-2.2242214062129228e-14,6.318330434741751e-14,-1.6223189929879302e-14,7.383437474422714e-14,-7.855403600184795e-14,3.4227376466990354e-14,0.08897399195630731,0.07438553306520457,0.3879562057913248,0.0497659674774553,0.06045714941460176,0.04222266465085299,0.13802297723204776,0.0919571322549475,0.09018281839914648,0.1852196690587634,0.07787563873983462,0.0011352909963457235,0.10856181116908614,-2.0882940330082183,0.03630763792826345,5.677774323226598e-15,2.303126235719756e-15,-2.3083911929054833e-14,1.3211154315270295e-14,-2.17274701721559e-14,2.117889070813771e-14,-2.8585043762491416e-14,5.905374994898581e-14,3.151120884657529e-14,1.0607866737089423e-14,-6.353656059150822e-14,-3.5028711402959994e-15,0.0,0.0,0.0,0.0,0.0,0.0,0.0,0.0,0.0,0.0,0.0,0.0,0.0,0.0
-0.014783398625948399,-6.233988628257768e-5,-2.4750004807233327e-17,-1.9587748258439259e-16,-1.2833043490913677e-15,5.045594606482493e-5,-0.04439873108057447,-0.022754308568421495,0.00045401682480590436,-2.9938200182375294e-13,-0.00034969759630040743,-0.00011695359145346909,3.1869612100640806e-15,-0.19183130539012166,-0.018837181724839985,-2.0539616486006552e-5,0.00020329125244242222,-0.0001247010617424602,-5.579045985873456e-6,3.618217601166928e-5,-4.742344443821877e-5,6.4108351032865644e-6,-1.1340627041025495e-5,-4.035922746621112e-5,0.00013811436004317575,-8.92798776239898e-5,1.7074443451139871e-6,2.7740011323321934e-17,4.0975675715900403e-17,-9.942419980151928e-18,-7.776796193277876e-18,-4.3555323976786907e-17,3.2947209163653823e-17,-2.326422716082578e-18,2.7169869408936677e-17,-3.0599839967372247e-18,8.516522458960459e-17,2.0832843606164757e-17,-3.061708804248013e-17,0.04267195482159019,0.03559053436093591,0.18582573977176717,0.023828199450719217,0.02895144246171103,0.020226614497291198,0.06610602186749831,0.044043982483973156,0.04319211347461566,0.08870578827481661,0.037288378890568075,0.0005426233152139867,0.05168739815614935,7.901011753512527e-16,0.017286440945543175,-1.3102088451919385e-17,4.440633998672993e-18,-1.7901532048998748e-17,2.4499077641082174e-17,1.946942616259575e-17,2.9507448547732096e-17,5.0837260871302946e-18,-3.265726822103403e-17,7.657050459782592e-18,1.460205392646369e-17,7.020852897268099e-17,-3.82513602841337e-17,0.0,0.0,0.0,0.0,0.0,0.0,0.0,0.0,0.0,0.0,0.0,0.0,0.0,0.0
-0.013627935010814026,0.0023022550759272233,-2.9100534724993537e-15,-1.4153575137827492e-15,5.331551906565887e-16,-0.00896636271353523,0.40291510669770364,0.051070653681062506,-0.010982863173313944,-7.259143508464949e-13,0.0008640296171637665,0.000288967862285403,6.447012419109347e-14,0.12811572883576886,0.011248285012240362,-0.00035346444123187336,-0.0005548705093657467,-0.0023391578616903897,-0.0004408813393870378,-0.00017895624959098975,-0.0003982357465125919,-0.0012650399691559442,-0.0007427823300477695,-0.001269179088841498,-0.000932037780548005,-0.0015623259729084455,-2.349050916203014e-5,1.3058125099959671e-15,2.9641816872075853e-16,1.0514644497653317e-15,8.7405383514670345e-16,8.058095126960155e-17,-1.2133633781194424e-15,5.199922228876632e-16,-1.9162725726291392e-18,6.531690021900169e-16,1.81405052783954e-15,1.2280893157694543e-15,8.10019789682563e-16,0.04497463161472525,0.26975170756950906,0.14419799088784696,0.02068185369880866,-0.007600370270065497,-0.0006950902922225808,0.04556616249259529,0.010994253051252524,-0.009562616525484374,0.16112289490006268,-0.02658423743557146,1.2677659083555394e-5,2.9649968828850155,4.515129821776213e-15,0.9916197244997835,-4.3732250314588506e-16,1.269226655734929e-16,-1.928810170261311e-18,9.038986462069187e-16,-2.9067027628867975e-17,6.327383991557177e-16,1.7566948339974622e-15,-9.337884784913804e-16,6.192613584710737e-16,3.674512498598443e-15,-4.545163350980337e-16,-8.31434716415826e-16,0.0,0.0,0.0,0.0,0.0,0.0,0.0,0.0,0.0,0.0,0.0,0.0,0.0,0.0
0.005659184409507418,-3.822807405278402e-5,1.0895944801507465e-14,3.855851766927105e-14,-6.565004606949278e-14,0.00030878975969408765,-0.06996030637826771,0.021699547570913254,0.00014183531835115768,1.5091467563348003e-13,9.677768109940365e-5,3.2366528938721295e-5,6.407378373317413e-14,-0.10259099022487503,0.019438779886810587,0.00017553916705713833,-0.0001052640207601141,6.576890744691676e-5,-4.6613287629107356e-5,-1.9080407601886925e-5,3.342207461333196e-5,7.484296653383336e-5,0.00010619623532259158,0.00011397539947299363,-5.3669838942841735e-5,0.00010475733373586074,-0.00011727605269821104,-7.802490400314385e-15,8.466928980133889e-16,-3.949898609844962e-15,5.087919748596645e-15,-3.2170370490765954e-15,-1.3349654494477436e-14,-6.650268268595733e-15,1.879474608665725e-14,-4.825778875982354e-15,2.1615828989614274e-14,-2.336112754891152e-14,1.0183432763956648e-14,-0.03241864276215386,-0.3843077689975206,-0.10726544029483949,-0.027501313959137925,0.034940669667672446,0.018539039328745514,-0.011157014627559922,0.02696644408066664,0.05170211520413435,-0.10203091776688035,0.06269515623880495,0.0005089206709744734,-0.019598730944234942,1.0121871062387697e-14,-0.006554640341036592,1.6942313073348653e-15,6.357553644557851e-16,-6.846838485969232e-15,3.8408633173610655e-15,-6.428738381749098e-15,6.284894289074895e-15,-8.643261125548802e-15,1.742386089252678e-14,9.333521661656018e-15,2.920654607150779e-15,-1.8836004410793294e-14,-9.77635454066895e-16,-0.0,-0.0,-0.0,-0.0,-0.0,-0.0,-0.0,-0.0,-0.0,-0.0,-0.0,-0.0,-0.0,-0.0
-0.01486818635268674,-0.0001362326474571018,-3.244816429782086e-15,-1.0799419021797187e-14,1.6914954659408873e-14,0.00032396577688676315,-0.0014047293217366546,-0.02938020701341778,0.0007899490141675595,-2.750879967790579e-13,-0.0003571369558161775,-0.00011944162631819305,-1.8189705484026196e-14,-0.10527330032235241,-0.02501922718507916,-5.1210431453986415e-5,0.00022337273929436317,-2.695219391916643e-5,2.6594351293689874e-5,4.3573637213005646e-5,-3.2212365067904105e-5,3.4582622381238454e-5,-7.4429053543622236e-6,-1.5652441341743315e-5,0.00016929228727588727,-4.060795103304906e-5,3.564074365210981e-5,2.134498367556674e-15,-5.53257100944446e-16,9.852565854002114e-16,-1.8374723300032768e-15,9.37109575012661e-16,3.916822919887639e-15,2.4894506881699308e-15,-5.5791543282170276e-15,1.3184227656741303e-15,-6.371493156881703e-15,6.5670663131673155e-15,-3.263635053864192e-15,0.05090464468993676,0.2201343651815725,0.20484712836481273,0.03310536250692384,0.006231621693297301,0.007271180696268355,0.05944877522378442,0.022501929220254735,0.009506992836042663,0.12306751738784834,-0.000772082677384496,0.00018951469897450125,0.051937655049048216,-2.4577694714463633e-15,0.017370137381332994,-1.4224621816258174e-16,-3.92375533637986e-16,1.959957309431398e-15,-1.2166734928615303e-15,1.9923298716149637e-15,-1.693933061753548e-15,1.960190299044352e-15,-4.914494055024691e-15,-2.7273595627556496e-15,-7.64516342817619e-16,5.4012709106963766e-15,1.5220715740732315e-16,-0.0,-0.0,-0.0,-0.0,-0.0,-0.0,-0.0,-0.0,-0.0,-0.0,-0.0,-0.0,-0.0,-0.0
0.01075737640742208,0.0013871805745681203,2.1100971074218774e-14,8.080188205408917e-14,-1.3618870447487673e-13,-0.004802152726129847,0.4053849153652924,0.09896843386625706,-0.0069198780184182435,3.576227055220641e-10,0.0012009114782297948,0.0004016353325513204,1.644338338198931e-13,-0.6856683671196211,-0.07463536604756958,0.00018560357002697287,-0.000832845677732521,-0.0010945011117996018,-0.00035480736144080443,-0.00019664411553297899,-0.00010309612341734477,-0.0006126113707688561,-0.00020571721435421668,-0.00046883603628977374,-0.0008617468593780885,-0.0005954917116679825,-0.000262550721625452,-1.5760846675457688e-14,1.5009713034899336e-15,-7.803182592188442e-15,1.0805182887250163e-14,-6.582481897211935e-15,-2.8672906256824346e-14,-1.2967357246617959e-14,3.9098801196144603e-14,-9.786275187071663e-15,4.5922771054398006e-14,-4.8381732190567687e-14,2.146935370895944e-14,-0.03859955574410015,-0.09118891019563252,-0.19190126430179585,-0.03360854740640299,-0.017820789298231516,-0.012645769075300583,-0.05194401507483358,-0.025922556299964126,-0.025168131939464822,-0.04070216818395275,-0.025322811033183238,-0.0002971207450278803,-0.15236027340265318,2.1731708378911288e-14,-0.0509556867356762,3.6923357288837835e-15,1.2350442636766271e-15,-1.4281428404837877e-14,8.386289557597824e-15,-1.3425415904357495e-14,1.3606770488588997e-14,-1.7575494751677918e-14,3.61320890927066e-14,1.980922039473984e-14,8.299767769461332e-15,-3.981973908913818e-14,-2.620087083220432e-15,-0.0,-0.0,-0.0,-0.0,-0.0,-0.0,-0.0,-0.0,-0.0,-0.0,-0.0,-0.0,-0.0,-0.0
0.003359569056812155,0.00026092934959901436,1.7367287859565907e-14,6.3297033830743e-14,-1.0703346093672806e-13,-0.0006685377496516005,0.1403761150243913,0.08550049313232082,-0.001382196820069223,4.0105929326339894e-13,0.00042526224394615194,0.00014222558934997784,1.0826657354385937e-13,-0.339107529571187,-0.0811770808240244,0.0002514756350488284,-0.00033430809127680405,-0.00013697678823502388,-0.0001304240492380408,-7.018953259289358e-5,2.4991136814796703e-5,-4.347102224997386e-5,8.411752779377718e-5,4.091421927997594e-5,-0.00026929395339129797,1.0605147088101741e-5,-0.00019570013534736443,-1.2612290054787765e-14,1.2108759650786214e-15,-6.346342280018973e-15,8.323325259553376e-15,-5.253616780262895e-15,-2.204983734807961e-14,-1.048270852613473e-14,3.058090574687805e-14,-7.813351708593506e-15,3.541000937714767e-14,-3.8051011035616515e-14,1.6630653162308355e-14,-0.016444308082220117,-0.06354485453111773,-0.09756702386530129,-0.02139416967008153,-0.004255278785905844,-0.0030060892096309246,-0.018523430781827926,-0.004409677833831363,-0.004868549432340005,0.008078418772688131,-0.008520695402800687,-3.727637201110704e-5,-0.06374501980982741,1.5632210968326356e-14,-0.021319017010492273,2.8249854623893116e-15,1.0361393176929653e-15,-1.1151528681166553e-14,6.346860518185711e-15,-1.05508630637199e-14,1.0412257722274488e-14,-1.4006221685320569e-14,2.842563964341179e-14,1.5312752293992098e-14,5.293648511943666e-15,-3.089582137147434e-14,-1.7777617190468312e-15,-0.0,-0.0,-0.0,-0.0,-0.0,-0.0,-0.0,-0.0,-0.0,-0.0,-0.0,-0.0,-0.0,-0.0
-0.047278974075352566,-0.000533235850229772,3.394510118175187e-14,1.2471253103433634e-13,-2.1587801541667524e-13,0.0022580532788916497,0.40678410335459897,0.040163909109148306,0.0026820519985430043,-4.4958400895786896e-13,-0.0004101159045816709,-0.00013716001620320457,2.213097513865739e-13,-0.3113120724564593,-0.08536017379888469,0.0005795875767426043,8.657053207079275e-5,0.00030081502329808407,-0.0001030142985914925,2.5160625654668037e-5,7.816147367003315e-5,0.00041677670275034863,0.0004223617813430522,0.0004622493754822106,0.00018877829810291346,0.00038688473210392966,-0.0003732277021289019,-2.4696047570686004e-14,2.357742872527054e-15,-1.2466603262963535e-14,1.646981673231319e-14,-1.059267479706828e-14,-4.3693285356486113e-14,-2.0431691263534964e-14,6.040198567876212e-14,-1.5401319812670995e-14,7.03398833030967e-14,-7.49374000279129e-14,3.273553556605929e-14,0.21163061479200224,0.31015140919990875,0.7767381483201874,0.129494000824483,0.04703572758199628,0.014907105026963909,0.173007000653382,0.08243691282819123,0.022818389184746244,0.47221414349885793,-0.027942822370698013,0.0008667924203007505,0.03577438404853067,3.220653762970788e-14,0.011964459409273908,5.492113583792303e-15,2.2084414073654955e-15,-2.211663633776746e-14,1.2655796270510181e-14,-2.097364530702672e-14,2.085438466132414e-14,-2.7412244662370448e-14,5.596850383866193e-14,3.025229530514453e-14,1.0890400454097338e-14,-6.083062754916882e-14,-3.784713425222657e-15,-0.0,-0.0,-0.0,-0.0,-0.0,-0.0,-0.0,-0.0,-0.0,-0.0,-0.0,-0.0,-0.0,-0.0
-0.036276449789337334,0.0006517602267492623,2.2951779816599158e-14,8.37304870148302e-14,-1.4400124541721926e-13,-0.002462012543920831,0.08446267463009124,0.34690234084121785,-0.0029775199350469575,5.58324263806746e-13,2.5577969659953832e-5,8.554349331992437e-6,1.260645223471355e-13,-0.08677575660334613,-0.03528433061754662,0.00022530919207579007,-0.00014028573728985344,-0.0008681794358542747,-0.00026633755331711013,-5.410263956532627e-5,-0.0001364411608701871,-0.0002811072840237882,-5.0266713295649274e-5,-0.00026352977190686376,-0.000254944021722618,-0.0004565214553737093,-0.00026030811402240746,-1.6704072505338392e-14,1.5356280938054325e-15,-8.354279613738732e-15,1.1010866312235626e-14,-6.859672941146214e-15,-2.918990224824758e-14,-1.4034861254097639e-14,4.05700631126049e-14,-1.0293994849354852e-14,4.692493374822895e-14,-5.0434105277122985e-14,2.215548952031349e-14,0.03288498225386697,0.020290367557092005,0.2099121720354129,0.03657263122190012,0.08329488813288514,0.04436408515477566,0.20644356728354776,0.13402887855471493,0.09766323476248645,0.3125741525732272,0.06487341916033998,0.0011734313399295372,0.006245016674673115,2.107096481577089e-14,0.002088596365777072,3.683824378965935e-15,1.2461426497468235e-15,-1.4793384879118226e-14,8.448965253528368e-15,-1.3973166024591816e-14,1.3731146833891789e-14,-1.8552865131585772e-14,3.75314674535077e-14,2.035476955098477e-14,7.096069377113148e-15,-4.113440823047859e-14,-2.2062180544442855e-15,-0.0,-0.0,-0.0,-0.0,-0.0,-0.0,-0.0,-0.0,-0.0,-0.0,-0.0,-0.0,-0.0,-0.0
-0.014783404786138174,-6.19487214073256e-5,-8.300749366515585e-17,-4.020599027589509e-16,-9.294776577287498e-16,4.846268333171625e-5,-0.04439822210159497,-0.022753564704888353,0.0004520623362508599,-2.9921500862171867e-13,-0.00034949108689727774,-0.00011688452601905638,2.816521531230522e-15,-0.19183966059550264,0.41213654770540703,-2.1448502861678972e-5,0.00020343191936601164,-0.0001248671479990439,-5.330980522237278e-6,3.6205769292716514e-5,-4.751990084105984e-5,5.9686267564186935e-6,-1.1909126196669663e-5,-4.091684434646068e-5,0.0001381002586532514,-8.970253921192964e-5,2.329236952066532e-6,6.996264843668805e-17,3.65995435762377e-17,1.1719656862676858e-17,-3.3743951608998024e-17,-2.6704403345497458e-17,1.0289151706900172e-16,3.206755043793264e-17,-7.318430536285392e-17,2.27155440345957e-17,-2.967132118143616e-17,1.4607327491571522e-16,-8.402033496676245e-17,0.042672144311864064,0.03559042564105813,0.1858257837512342,0.023828183226020816,0.028951444719331452,0.020226625882458334,0.06610604867484034,0.04404400575390437,0.04319213019556925,0.0887058122493969,0.03728836265229819,0.0005426198716750087,0.05168640263264892,7.298085676721166e-16,0.01728610800059331,-2.342522451526405e-17,2.1464239571514363e-18,1.849019838809059e-17,4.2702849129219494e-18,5.2649575586931045e-17,-4.0216507717920026e-18,5.3032120643535004e-17,-1.2596979793719827e-16,-4.223097981928519e-17,-1.6972018188829859e-18,1.7077162267913386e-16,-3.293019271818893e-17,0.0,0.0,0.0,0.0,0.0,0.0,0.0,0.0,0.0,0.0,0.0,0.0,0.0,0.0
0.0006078124634751972,0.00038025805198814395,-4.818710933433605e-16,1.8071336973589878e-16,-7.263682683136662e-16,-0.0014794576830243543,0.024900781238211257,0.014589495232018716,-0.0018152863177304697,-1.4179973764393105e-13,0.00014348627176841044,4.798784717138867e-5,1.1938956247848848e-14,-0.038234699661379684,-0.03757475472756483,-5.6401967374997664e-5,-9.265583285499946e-5,-0.0003861156119593328,-7.335339200977916e-5,-2.9622196380003346e-5,-6.531967416795519e-5,-0.0002089732070723937,-0.00012130087275541574,-0.00020932054148095633,-0.000154630134040374,-0.00025742827250021204,-4.971383495526126e-6,1.4214688290599096e-16,-4.3367566818840706e-17,1.2069945661679882e-16,8.573632376435232e-17,-4.454301740671615e-18,-3.158207576303624e-16,2.2022491338870963e-16,8.465730383284698e-17,5.972469799871952e-17,4.443813276188729e-16,-1.632858182467699e-17,1.4406926992463526e-16,-0.002944073416865203,-0.012064292739627296,-0.018839807084615655,-0.0018716866528771937,-0.0006617534596995533,-0.0005508928940048227,-0.007102894060044334,0.00019566686304685067,-0.0008997796464026818,0.002951095301405536,-0.0016930963938548093,-5.3105380919766294e-6,-0.011264558688875206,9.604070388608112e-16,-0.0037673424374086426,3.726692753039665e-17,-4.8083557676889144e-17,-5.713192399215629e-17,1.603626360350029e-16,-1.0538508099820681e-17,1.914598517070163e-16,8.066961706710274e-17,2.9255718285094056e-18,1.8385738626792057e-16,7.132024678030379e-16,-2.7163381479873806e-16,-1.883581523287096e-16,-0.0,-0.0,-0.0,-0.0,-0.0,-0.0,-0.0,-0.0,-0.0,-0.0,-0.0,-0.0,-0.0,-0.0
0.002749064065591185,0.00047912480177638946,1.071035299749496e-14,4.096322425124735e-14,-6.966519846169921e-14,-0.0016317793512433004,0.11535450427040442,0.07101413968864174,-0.002382670202068741,1.520239467341841e-13,0.0004064051255495604,0.00013591897546275005,8.075739521291099e-14,-0.30059458188529137,-0.04363843032877514,0.00011761658509401129,-0.00029994545250147604,-0.00039544251129522743,-0.00014331909472462218,-7.089620508811204e-5,-3.458353635107321e-5,-0.0001976701560325135,-4.3352821591082196e-5,-0.00014139031726923118,-0.0003052509558676242,-0.00019761460437268288,-0.00013038023922414566,-7.990754744252587e-15,7.402717529758193e-16,-3.96831458994629e-15,5.446304616013841e-15,-3.3826950900613395e-15,-1.4513733731798415e-14,-6.542905646867793e-15,1.9792905284367854e-14,-4.97378560023313e-15,2.3248227403098607e-14,-2.453831534406477e-14,1.0863973440287817e-14,-0.01345492742052253,-0.051482946493352055,-0.07861639576268571,-0.019517694952583868,-0.003592496854877053,-0.0024407552296045365,-0.011405170934281915,-0.00459585461651814,-0.003960699137374017,0.005142413775269084,-0.006824005033854031,-3.226767186381166e-5,-0.052581242500987335,1.101280608637776e-14,-0.017585380107415557,1.8576385785706694e-15,6.144165226394434e-16,-7.240274927712236e-15,4.247358802311404e-15,-6.803103620213787e-15,6.890299500390366e-15,-8.949062186190465e-15,1.8321526620225915e-14,1.005050168470832e-14,4.120495147142298e-15,-2.0186538102244696e-14,-1.3198301695942547e-15,-0.0,-0.0,-0.0,-0.0,-0.0,-0.0,-0.0,-0.0,-0.0,-0.0,-0.0,-0.0,-0.0,-0.0
0.006302520084975362,-0.0002640253300528055,8.426425198160836e-15,2.9821224540810693e-14,-5.0666311499071156e-14,0.0012043253973297839,-0.08675880947448283,0.025554616150235927,0.0011853004177312405,6.988771524166426e-14,7.593582913582194e-5,2.5396136622617986e-5,5.0021428486812343e-14,-0.10629081537128941,0.013072159448923452,0.0001802085121793809,-7.629443563791162e-5,0.0003402557609221085,1.3553908829340705e-5,-5.1065396719858885e-6,8.230879400359342e-5,0.0001943056952543602,0.00016639507192819485,0.00023778498522653555,2.2583286103332916e-5,0.0002759868088525719,-8.868796298726804e-5,-6.048746040971038e-15,6.600781773645914e-16,-3.0649174157219866e-15,3.941239710737324e-15,-2.499687384510603e-15,-1.0322633188572769e-14,-5.151419306550935e-15,1.4559967267535218e-14,-3.738895513853912e-15,1.6718324017572302e-14,-1.8094923522699727e-14,7.873037912744554e-15,-0.627923913536449,-0.005815498626875492,-0.02943713672911649,0.01536901599194497,0.04454170565639713,0.029065417866470624,0.021830119799246917,0.039487253854433295,0.0659242903507408,-0.11833986606362273,0.07770854118211615,-0.00021781495943651232,-0.02188714981247815,7.6513134777603e-15,-0.0073199839070735824,1.3160763945266363e-15,5.182684223707995e-16,-5.290740115843255e-15,2.955054330285725e-15,-4.974360066266742e-15,4.857537490806733e-15,-6.698779655971427e-15,1.352892155011368e-14,7.22257974458735e-15,2.2287641863536143e-15,-1.456966158094004e-14,-7.519280271111624e-16,0.0,0.0,0.0,0.0,0.0,0.0,0.0,0.0,0.0,0.0,0.0,0.0,0.0,0.0
0.006757255891956523,-3.2214238732624266e-5,7.102573363542267e-15,2.529676828258031e-14,-4.2871864953159405e-14,0.000272297555813364,-0.06821921610681773,0.023678162051068603,9.274419122835721e-5,1.290119931154009e-13,0.00013189536899557006,4.411136152756979e-5,4.209038896031886e-14,-0.11437199458558117,0.014538934298722458,0.00012296767463143205,-0.00010837915847787994,9.135597741263239e-5,-2.5425184201854868e-5,-1.87710325082641e-5,3.589403712099936e-5,5.8993235346901116e-5,7.895100561497754e-5,9.48976359686438e-5,-5.694583130721799e-5,0.00010222896153784504,-7.71388274326316e-5,-5.1318013994954746e-15,5.416551819592369e-16,-2.5942408194974932e-15,3.3203381026845617e-15,-2.088837317872636e-15,-8.752183786116506e-15,-4.337307964735384e-15,1.2331847374725733e-14,-3.1612308432460326e-15,1.416980259675547e-14,-1.5343265462886628e-14,6.679441826229034e-15,-0.0818671459140452,-0.021942578513656386,-0.16544708183387355,0.0005656681403824459,0.0300618562252701,0.018887447544306553,-0.02073228323752498,0.014434622046943133,0.04444921958034005,-0.1903622847396103,0.06097218412026656,-0.0006405883195668193,-0.023501746304747585,6.6331681397960795e-15,-0.007859972916191511,1.1423086818300223e-15,3.89776942886589e-16,-4.48810737951205e-15,2.514752101191806e-15,-4.198146151648685e-15,4.12182688060288e-15,-5.7047367949609745e-15,1.144334411098978e-14,6.1307296874588615e-15,1.9620994713508345e-15,-1.2390849868874313e-14,-6.38070498157155e-16,0.0,0.0,0.0,0.0,0.0,0.0,0.0,0.0,0.0,0.0,0.0,0.0,0.0,0.0
0.00713614826103805,-0.0002230180721313527,7.478351221840422e-15,2.647776034346405e-14,-4.481360972414386e-14,0.0010443222380061774,-0.07066997697173187,0.024797947661921595,0.0009821112965216813,9.35409978899546e-14,0.00010477357610457276,3.5040692701033574e-5,4.403812465680577e-14,-0.11919975615788232,0.013486349777557796,0.00016121259787685763,-8.954191432714148e-5,0.00030960207464631026,1.1661190026091615e-5,-8.58875042450379e-6,7.700483012603476e-5,0.0001690461624177714,0.00014720285157174333,0.0002123684837068926,4.010755466920673e-6,0.000250621488019747,-7.890041172093708e-5,-5.36909297921639e-15,5.811232705147318e-16,-2.7182182095135514e-15,3.4962818049498905e-15,-2.212547709929138e-15,-9.160304465283533e-15,-4.568323337237565e-15,1.291332564867742e-14,-3.3164854064733378e-15,1.4822267458512914e-14,-1.6054675131751095e-14,6.9869006358370594e-15,-0.5519457216713384,-0.00902512266897189,-0.04631568309803588,0.010743696669497338,0.035596323598229646,0.02307977123166688,0.01167299939747036,0.029513395158073667,0.05264652492270362,-0.11299025406682174,0.06357237832720035,-0.00025014278604790696,-0.024818578675157625,6.712736688073519e-15,-0.00830037707307262,1.1700032542584227e-15,4.579545058792857e-16,-4.691580409971807e-15,2.6191246696296647e-15,-4.413864904452831e-15,4.3064020645297485e-15,-5.944375674156411e-15,1.2004870914435689e-14,6.406743033559228e-15,1.9773178289394226e-15,-1.2932571918800669e-14,-6.6368178333230835e-16,-0.0,-0.0,-0.0,-0.0,-0.0,-0.0,-0.0,-0.0,-0.0,-0.0,-0.0,-0.0,-0.0,-0.0
-0.000799065911066169,-6.918265083396496e-5,6.107111512928725e-16,2.2493026029053274e-15,-3.83214521929147e-15,0.0002910706001194815,0.022215543179540744,-0.002126005238959502,0.00031754624465653005,-4.1524858208135704e-14,1.4781796526872025e-6,4.943654764334745e-7,4.830353239858791e-15,-0.005819077756904034,-0.00144244093565995,2.2544393540190442e-5,-2.0932976030819685e-6,8.388090256932291e-5,1.1199910230888437e-5,2.0730909141172602e-6,1.7279256980447015e-5,4.2929617527602237e-5,2.983246612689568e-5,4.834059208367041e-5,1.6718908190782207e-5,5.997197746652665e-5,-6.2564189944059854e-6,-4.405541720608792e-16,5.3161431357614283e-17,-2.2417455565503057e-16,3.0976103173173654e-16,-2.0327819524003164e-16,-7.895387401795674e-16,-3.737505029047994e-16,1.1028654687960767e-15,-2.758350753122456e-16,1.2839272137428898e-15,-1.349617707883754e-15,5.894866952205487e-16,0.025876323052344396,0.0007482719129275431,0.00796728285591328,0.00027341577031569345,-0.000562971631463786,-0.00033098559585796665,0.0016047429808222747,0.0001654599695172248,-0.0008261691833456863,0.007554566834772464,-0.001459272757125716,2.9818823830254667e-5,-0.0023790397422519334,5.323865183576838e-16,-0.0007956509996390176,9.60438567959335e-17,6.071344919709456e-17,-3.9354014960614626e-16,2.273591497966611e-16,-3.799157030686548e-16,3.7896466268404016e-16,-4.827649174139646e-16,1.0302172481097048e-15,5.50747679339194e-16,1.9942646277213804e-16,-1.0850270223869219e-15,-7.5051708712667e-17,0.0,0.0,0.0,0.0,0.0,0.0,0.0,0.0,0.0,0.0,0.0,0.0,0.0,0.0
3.90077956030263e-7,-0.00010080245949197526,2.3274152553789593e-16,8.625664955442356e-16,-1.5063887712598549e-15,0.00040570307041053996,2.904562538019856e-5,-7.773573849791075e-6,0.0004721081520348198,-4.5054414159219774e-14,-1.904421668804264e-5,-6.369187440232171e-6,1.9865665838347354e-15,-0.00016724395740765408,5.5289791929724055e-6,2.0860280140930842e-5,1.2336390340250853e-5,0.00011234028680279104,1.8942073315363792e-5,5.76618615599003e-6,2.094512936874122e-5,5.7985006272247425e-5,3.619278361000628e-5,6.137755503720473e-5,3.362248463866718e-5,7.671097732541472e-5,-1.6853091279217471e-6,-1.621658354072885e-16,2.500708221824516e-17,-8.408877770112526e-17,1.2689196019778024e-16,-9.60859594553048e-17,-3.064084546838824e-16,-1.4507604671130981e-16,4.2742889243851093e-16,-1.0608822418521109e-16,5.025941296769999e-16,-5.155208682852792e-16,2.2703663115487965e-16,-5.3406977975390305e-6,-1.092153511690891e-6,-1.906962173883041e-5,-1.0850328908405202e-6,-1.5890794538191947e-7,-2.4174519575156726e-6,-2.3342395984192316e-6,-1.345751521068154e-6,-1.198387018258264e-6,-2.256119785392622e-6,-8.677109588872371e-7,3.9068437381051516e-9,4.183513569879959e-6,1.6318862755585305e-16,1.3991429786817556e-6,2.7457128075299202e-17,4.061043196469942e-17,-1.493319773523585e-16,8.685335211038923e-17,-1.516515767112161e-16,1.4825340675833124e-16,-1.7617936214157535e-16,4.076685164698606e-16,2.1519195381180177e-16,6.580485312863494e-17,-4.0900438236383407e-16,-3.1156115502798396e-17,-0.0,-0.0,-0.0,-0.0,-0.0,-0.0,-0.0,-0.0,-0.0,-0.0,-0.0,-0.0,-0.0,-0.0
-0.0010248091004091279,-0.00016940425957300974,9.01765250575814e-16,3.3121935577002725e-15,-5.680264252860963e-15,0.000694757300936511,0.025508071171719618,-0.002660481226050568,0.0007871516528571969,-8.721300615831059e-14,-1.7761938233271204e-5,-5.9403395679855234e-6,7.180410076827406e-15,-0.005062038714591778,-0.0018031470931355786,4.410175364533074e-5,1.0081180708614602e-5,0.00019520067786607935,2.9698476750864345e-5,7.77475783872498e-6,3.8085662246008254e-5,0.0001007914557651279,6.622726435153288e-5,0.00010965416451986915,5.00906854437359e-5,0.00013629860357297649,-8.554433058994185e-6,-6.439259140850829e-16,8.271146675622399e-17,-3.2952563146370306e-16,4.628975203732141e-16,-3.1568932416302206e-16,-1.1642460108997987e-15,-5.53491345071096e-16,1.6282705318890058e-15,-4.070920844687792e-16,1.8979242804952937e-15,-1.9863172333817236e-15,8.680761819800439e-16,0.03181475849163488,0.0010903926117948285,0.010337695882406335,0.000411275189776687,-0.0006034370437163645,-0.0003460235565381406,0.0021745181036461254,0.0003377586651052887,-0.0008838133260988673,0.009555833263296619,-0.001680790217131688,3.815380611070834e-5,-0.0023481304632615827,7.435066675876918e-16,-0.0007853136360856194,1.3294060278159173e-16,1.0519112031960233e-16,-5.780726485909035e-16,3.3369557560813907e-16,-5.650164022246189e-16,5.598674634638984e-16,-7.037562356382671e-16,1.5287207132141635e-15,8.136262808465809e-16,2.7958977989374375e-16,-1.5899844950976228e-15,-1.1172492212251344e-16,0.0,0.0,0.0,0.0,0.0,0.0,0.0,0.0,0.0,0.0,0.0,0.0,0.0,0.0
7.777991669894448e-5,1.3650186259735318e-5,-1.4648851058048513e-16,-3.857652793416529e-16,6.312079127496502e-16,-5.1857093496800087e-5,0.002847585553822147,8.777213307729433e-5,-6.711689204380674e-5,-1.713166888219344e-14,8.880387538601705e-6,2.969975279177719e-6,2.1913525634337945e-16,-0.003660954118996742,6.863547084021515e-5,-3.2449329977880212e-6,-4.976863799865555e-6,-1.1348317792296732e-5,-1.8405684891799675e-6,-1.3061564684422473e-6,-1.7414382990467368e-6,-7.640590948112821e-6,-4.808928382625042e-6,-7.348113133489202e-6,-6.538527030276722e-6,-8.081207730555867e-6,9.748757763024892e-7,9.081391468900733e-17,-9.479549740176612e-18,4.938936356360638e-17,-4.440779419765541e-17,3.1459441169955633e-17,1.1528188845101065e-16,8.192464349055717e-17,-1.846721469648068e-16,5.415484383412101e-17,-1.8817483288319158e-16,2.3912861277356045e-16,-9.397889105361813e-17,-0.00022963220522292244,-0.0002913042058473821,-0.000993603387074134,-0.0001286107609840694,-0.00014280395260327057,-0.00010143381087578757,-0.0003516157003615815,-0.00022631537691627889,-0.0002136482604128405,-0.0005126289117755919,-0.00017696868156888936,-2.74054303135354e-6,-0.0009353496517403621,-3.3745444642805046e-17,-0.000312820282989974,-1.543738140936607e-17,-7.441471154015177e-18,6.674522479975856e-17,-2.8183410863648295e-17,6.563497635984803e-17,-5.1081291939922665e-17,9.603637070609132e-17,-1.76363149053458e-16,-8.211298087804522e-17,2.1262769076619704e-17,1.7563430891295876e-16,-3.4207893401787285e-18,-0.0,-0.0,-0.0,-0.0,-0.0,-0.0,-0.0,-0.0,-0.0,-0.0,-0.0,-0.0,-0.0,-0.0
7.991185489716721e-7,-0.00020608944288388767,5.004591987189376e-16,1.8362679588302732e-15,-3.198076602850625e-15,0.0008296007244699083,5.916297204499517e-5,-1.6136354352705364e-5,0.000965274774979652,-8.927900863528093e-14,-3.898510043696849e-5,-1.3038258077377358e-5,4.089142337761954e-15,-0.0003388869245279776,1.1317934269526963e-5,4.293222884713665e-5,2.515778090923797e-5,0.00022958283295767786,3.861490665553858e-5,1.1772218419638452e-5,4.2824376325303854e-5,0.00011863051982808336,7.414047003750153e-5,0.0001256020443058016,6.870223919333817e-5,0.00015687835529279846,-3.6606203175700105e-6,-3.477921517542497e-16,5.26883552631157e-17,-1.80465833896633e-16,2.681331871347576e-16,-2.0198109714727022e-16,-6.495124105429655e-16,-3.1071305775551404e-16,9.087536806775958e-16,-2.265953382093248e-16,1.0648357952460423e-15,-1.098559854280127e-15,4.824321633265908e-16,-1.0977075853371822e-5,-2.195027606199869e-6,-3.897739742612371e-5,-2.211274475241217e-6,-3.2524709079137876e-7,-4.942829424972122e-6,-4.7787668208969725e-6,-2.757782890430642e-6,-2.4541702322069477e-6,-4.619869128497979e-6,-1.7673738277720543e-6,9.177574695138113e-9,8.877377513230864e-6,3.4505439710116233e-16,2.9689685976318258e-6,5.940862962860802e-17,8.400761798555774e-17,-3.1798401282040336e-16,1.8364446838773002e-16,-3.2217355054067956e-16,3.135610250419426e-16,-3.776788192728979e-16,8.662851101291332e-16,4.561843834697927e-16,1.3479450204414343e-16,-8.704116681735021e-16,-6.404857069446347e-17,-0.0,-0.0,-0.0,-0.0,-0.0,-0.0,-0.0,-0.0,-0.0,-0.0,-0.0,-0.0,-0.0,-0.0
-5.423177929548175e-8,1.0275649336259096e-5,-2.451543366425728e-16,-7.422804917820944e-16,1.2172943795394229e-15,-4.266587739431159e-5,-9.781638960101065e-7,2.981132441746963e-6,-4.86225058977255e-5,-2.0895788377243047e-14,2.3858119099061927e-6,7.97915897811382e-7,-3.348312051353384e-16,-1.030307278259132e-5,-6.895322397690066e-7,-4.67721330889938e-6,-6.835717829486912e-7,-1.0592390306511906e-5,-9.242346277002318e-7,-4.377778018927497e-7,-2.1558499061864397e-6,-6.6380599724611706e-6,-4.9911963689204945e-6,-7.303134922503671e-6,-3.080870882824685e-6,-8.212481643195037e-6,2.1055616531927965e-6,1.6263418927701344e-16,-1.6593558632345894e-17,8.543942634983196e-17,-9.121239866173856e-17,5.956744982039534e-17,2.386528335734949e-16,1.4165367737031472e-16,-3.572565408408091e-16,9.804121096035181e-17,-3.8657138581602773e-16,4.534987958495077e-16,-1.873451847828386e-16,1.0667645559664927e-6,-2.2921584352045872e-7,1.8520184878180969e-6,4.7092200217555595e-8,1.9451355711293655e-8,2.4982476764702446e-7,2.958776275495156e-7,1.9482773461308466e-7,1.5887251219477057e-7,2.9526475601800777e-7,2.863930432245935e-8,-1.1100847026784094e-8,-3.342348177889746e-6,-1.1931182164415697e-16,-1.1178218756034351e-6,-3.2232299179431195e-17,-1.2953687000201267e-17,1.292250715186675e-16,-6.347656806926459e-17,1.2448959638886144e-16,-1.0916948737159126e-16,1.7517986633082316e-16,-3.366378818286566e-16,-1.678683275575122e-16,-9.02157552136146e-18,3.493231023733875e-16,6.3259484468190436e-18,0.0,0.0,0.0,0.0,0.0,0.0,0.0,0.0,0.0,0.0,0.0,0.0,0.0,0.0
-0.001738161125382093,-0.00011422951872303045,-1.4475333266887837e-17,-1.5373249889860844e-17,-8.126258398916208e-17,0.0004458071701697098,0.011054321643504604,-0.002087034840692505,0.0005440149400517743,-6.063546388430289e-14,-4.111633039901103e-5,-1.3751031057766447e-5,4.06992942748575e-16,0.004023900086893285,0.00045311224864215155,1.7732188437735036e-5,2.6544058078941977e-5,0.00011701359876995084,2.1961715018902266e-5,8.707673263571509e-6,2.007615855082704e-5,6.288696368632519e-5,3.7002913342467645e-5,6.333081811997768e-5,4.5645695440311126e-5,7.817930273110594e-5,1.1762387193960453e-6,1.4148558980232587e-17,3.737238629031967e-20,2.6099414950546946e-18,7.087041914455465e-18,-2.4424473350438623e-17,-1.8051754312461763e-18,1.4859859025277432e-17,-3.559046021726584e-18,2.3005794626501874e-18,5.961300248236865e-18,1.732613025352781e-17,-1.3825603652084479e-17,-0.0073337657815361135,-0.0011975804604563596,-0.0023276396360024034,0.00033817427716784933,-0.0002675671370518278,-0.00014320053354889084,0.0006800558323003186,0.000119326453596613,-0.0003048567058808183,0.002480443342326642,-0.0007918353858725088,-2.242447824248935e-6,0.003086759518033161,-1.037336141255998e-16,0.0010323422734565611,-8.077494781268911e-18,2.992734494997126e-17,6.847276300439917e-18,-3.526689966590914e-18,-8.71912958077126e-18,8.753406732763404e-18,1.9101125182253964e-17,1.154662158237562e-17,-2.3652482863585046e-18,-5.570791475808832e-18,2.81619089194137e-17,-1.3021458716700832e-17,0.0,0.0,0.0,0.0,0.0,0.0,0.0,0.0,0.0,0.0,0.0,0.0,0.0,0.0
-0.005565947127629529,-0.0004484630187931884,3.915165384886034e-15,1.4416316647974677e-14,-2.5031783879435642e-14,0.00181594188736261,0.061826995462783085,-0.003531691864533957,0.0021156118010610936,-2.5488626939748426e-13,-0.00011009228511922561,-3.681949282681992e-5,2.8602021975511234e-14,-0.027631534529573735,-0.0080552901656522,0.00013439639492298275,5.566488111637759e-5,0.0004750388889073592,6.64640798164802e-5,2.5015797941432984e-5,9.068267270225556e-5,0.0002677584827067608,0.00018161162388802147,0.00028554709636796237,0.0001498775177128784,0.00034037148950528484,-3.960510871679197e-5,-2.8202375085537213e-15,3.029536419014284e-16,-1.4429193235073504e-15,1.9426484755211842e-15,-1.3287240940851348e-15,-5.054626522085623e-15,-2.3468105583745567e-15,7.0178264620129085e-15,-1.7809429049242642e-15,8.188191014208589e-15,-8.653524149803709e-15,3.755678093324514e-15,0.09219958052979914,-0.002644373253529592,0.05727014568198203,0.007569377662738667,0.0009914823096242062,0.001089822445402737,0.021851615751799884,0.008507143882808797,0.0019082723771846354,0.05843840486748784,-0.0038835249342685724,0.00022250810428215028,0.0028862157510997854,3.4432874299888684e-15,0.0009652719989085601,6.129141353020783e-16,3.7476724977534294e-16,-2.5331754942162098e-15,1.4439395004042337e-15,-2.4443612898080724e-15,2.435447871541728e-15,-3.134535736077464e-15,6.577791956567356e-15,3.509685737752213e-15,1.2088685514633874e-15,-6.9528422970280746e-15,-4.686001974884933e-16,0.0,0.0,0.0,0.0,0.0,0.0,0.0,0.0,0.0,0.0,0.0,0.0,0.0,0.0
-0.0037602339105913115,-0.00033058071370061095,2.6980637231064767e-15,9.908836650265606e-15,-1.719397772245774e-14,0.001337998909257208,0.04199036269102556,-0.0023621514174222554,0.0015583726626453743,-1.7843024798003486e-13,-7.918112153337943e-5,-2.6481498981837033e-5,1.9614516799415712e-14,-0.018848447468800433,-0.005704516096996442,9.624350604843386e-5,4.084121808635311e-5,0.0003519990067888259,5.02223608948376e-5,1.845836428840395e-5,6.705456021602437e-5,0.00019673973414233392,0.00013248157426336835,0.00020970350400476348,0.00011037975806036731,0.0002510634207173067,-2.7004986832981546e-5,-1.938563816635502e-15,2.1032203289354613e-16,-9.92180598938695e-16,1.3381483125779966e-15,-9.162111151101332e-16,-3.4740446526786903e-15,-1.6181809888346803e-15,4.824487770336221e-15,-1.2252558036963522e-15,5.626349342436563e-15,-5.947582021619369e-15,2.5814795218904065e-15,-0.006381485616483286,0.00023233595777340347,0.05738663192483741,0.006639893808614765,0.001326499160362208,0.001256104787419205,0.019736927195093287,0.007924737212047445,0.0022637504450569233,0.05214760156925897,-0.002585833992050016,0.00021225379089313698,0.001893999435010684,2.3366295422755035e-15,0.0006334331104202096,4.175204648406541e-16,2.6381280248760776e-16,-1.740585367754302e-15,9.90738420087229e-16,-1.6829033221194184e-15,1.672417855031354e-15,-2.1509500330984993e-15,4.5242775388800785e-15,2.4107695115345987e-15,8.196455928188761e-16,-4.774559239974931e-15,-3.2069940773659183e-16,-0.0,-0.0,-0.0,-0.0,-0.0,-0.0,-0.0,-0.0,-0.0,-0.0,-0.0,-0.0,-0.0,-0.0
0.00019877282974171994,-7.039997781951594e-5,8.684336524709404e-16,3.164244972655691e-15,-5.3663004117026e-15,0.00030087185473008274,0.009335283412421173,0.0015063882051488176,0.0003213068568537852,-1.9111050197903126e-14,5.835547623977791e-6,1.951652683321424e-6,5.791820900558325e-15,-0.017102028741508256,-0.0035526517286426583,2.691343686646967e-5,-5.7623698729976744e-6,8.703595068423858e-5,1.0291231305101099e-5,1.4440958644239469e-6,1.8520955871053627e-5,4.502872241808388e-5,3.265786082440044e-5,5.167572536579149e-5,1.4821841597793496e-5,6.353833613121554e-5,-9.001568444963635e-6,-6.255086909594587e-16,6.501066239445729e-17,-3.1773843887328535e-16,4.223355182021558e-16,-2.7963133854878527e-16,-1.1026103846185084e-15,-5.224160104633471e-16,1.53454672791948e-15,-3.9108014511402936e-16,1.7787057985892008e-15,-1.9001202663757503e-15,8.263140260451152e-16,-0.0064662755274216025,-0.002609884987449498,-0.002984698248041437,0.00019302644951965872,-0.0002586372242354699,-0.00017950047764903415,7.356386620674691e-5,-0.00014867421267165883,-0.0003366795206945447,0.0002675227070052896,-0.0005279617548406345,-4.1904741871123805e-6,-0.0031655546882773003,7.304216462610405e-16,-0.0010586946940853391,1.3683303103196214e-16,7.253481546934256e-17,-5.546705992255788e-16,3.1347136928329595e-16,-5.324708476577843e-16,5.250826047221543e-16,-6.934154194570685e-16,1.4375175851399713e-15,7.659917840313833e-16,2.553916066845532e-16,-1.5308525148785883e-15,-9.334983896429916e-17,0.0,0.0,0.0,0.0,0.0,0.0,0.0,0.0,0.0,0.0,0.0,0.0,0.0,0.0
0.006422533681619951,-0.0002007589332145541,6.731573678080353e-15,2.3833879721793254e-14,-4.033900276444694e-14,0.0009400690495825225,-0.06360297788447361,0.0223181371052447,0.0008841021914160012,8.414058164034691e-14,9.428582615096765e-5,3.153314779407069e-5,3.964255939478896e-14,-0.10727980149591605,0.012137717874543865,0.00014511466764219742,-8.058579254988176e-5,0.0002786846627754489,1.049744965684437e-5,-7.728247328776482e-6,6.931346555242577e-5,0.00015216991679236833,0.0001325053589936275,0.00019116322998558442,3.6218826653344752e-6,0.00022559398723935464,-7.102186313966366e-5,-4.8329493291134086e-15,5.23099860606442e-16,-2.4467849754827933e-15,3.1471774259472118e-15,-1.991642435330303e-15,-8.24563823777011e-15,-4.1121372537745514e-15,1.1623897582378853e-14,-2.985317050820024e-15,1.334226455956578e-14,-1.4451555792393896e-14,6.2892398121804254e-15,-0.4967511547235857,-0.008122608894493458,-0.041684122339927174,0.009669326900887251,0.032036691142395476,0.0207717930508852,0.010505698156730513,0.026562054756057742,0.04738187171107164,-0.1016912298864355,0.057215140470556106,-0.00022512844581764946,-0.022336701956241673,6.0425478653105035e-15,-0.007470333061063877,1.0531708849002e-15,4.122390503635864e-16,-4.223111994296363e-15,2.3576104412234613e-15,-3.97312886615448e-15,3.876416160543218e-15,-5.350795432155088e-15,1.0806153931467e-14,5.767026924664132e-15,1.779929715344296e-15,-1.1641215270787784e-14,-5.974335404847913e-16,-0.0,-0.0,-0.0,-0.0,-0.0,-0.0,-0.0,-0.0,-0.0,-0.0,-0.0,-0.0,-0.0,-0.0
0.022493050301472264,0.0005277854444075983,2.235240132991332e-14,8.054971827193998e-14,-1.3647359251590638e-13,-0.0016457639474103116,-0.05987063194716822,0.053560896500884685,-0.002664923089853888,3.974475048957995e-13,0.000558098995736688,0.00018665178890139167,1.4298997849929213e-13,-0.30187814500465077,-0.030374334260590625,0.00028546385984335224,-0.00044022328104482256,-0.0004059497970678215,-0.0002067984004225397,-9.920681515113058e-5,-1.2175501950402183e-5,-0.00016725709972165934,3.87159707638855e-5,-6.82209676532887e-5,-0.0004024863179170923,-0.00014190871955546,-0.00025147978999317974,-1.6167520287314417e-14,1.7075196605784593e-15,-8.14563773971515e-15,1.0590062373727559e-14,-6.6585272484033355e-15,-2.7975034102461668e-14,-1.3607315478984033e-14,3.9146522053689505e-14,-9.999391755923406e-15,4.5239523965443003e-14,-4.8669352854672534e-14,2.127633603733042e-14,0.05146170620767481,0.008175748296919852,0.23903649366176938,0.03188980465783475,0.040631013583660475,0.027450127242528568,0.0818909438491939,0.05668325997702815,0.05983880355973577,0.0797010654047112,0.05703752595702069,0.0007176251447690771,-0.07825630906193795,2.1785356265986143e-14,-0.026172202770463653,3.627696589363157e-15,1.2267665354564815e-15,-1.427792651484153e-14,8.082559785323852e-15,-1.33401886320569e-14,1.3212794737394892e-14,-1.8025285312477924e-14,3.628103412293993e-14,1.9546745361978534e-14,6.637446775037529e-15,-3.9444801806089786e-14,-2.150957785996157e-15,-0.0,-0.0,-0.0,-0.0,-0.0,-0.0,-0.0,-0.0,-0.0,-0.0,-0.0,-0.0,-0.0,-0.0
-0.01478343905709501,-6.744038375619143e-5,-7.509834323431705e-16,-2.7732429368739497e-15,3.140993543544209e-15,6.55815928668088e-5,-0.044389197393162765,-0.022745486832445358,0.0004762577340083985,-2.95418907078017e-13,-0.00034893215028224166,-0.0001166975940937963,-1.5583701736882303e-15,0.16857219156648132,0.051626772566321394,-3.0181003520825312e-5,0.000206342637015382,-0.00011550451592112807,-4.5689521977763463e-7,3.707491621300568e-5,-4.654416575681574e-5,6.506813511531147e-6,-1.5019148702219217e-5,-4.1412204858584255e-5,0.00014130987257314275,-8.700925265976096e-5,9.586074947180656e-6,5.495417443606764e-16,-1.6070618436009553e-17,2.562991043250727e-16,-3.4162793690827314e-16,1.7063234126353325e-16,9.18942350133278e-16,4.327145432980481e-16,-1.228002537680742e-15,3.1892047356515143e-16,-1.3605925234049053e-15,1.5817812484055433e-15,-7.04932211248567e-16,0.04267386746488029,0.03558902707419389,0.1858243899409184,0.023827880502896068,0.028951454935448172,0.020226516729580698,0.0661061352861346,0.04404414846043193,0.04319220889828986,0.08870587983437982,0.03728808197013283,0.0005425792080384342,0.0516750326552721,4.965587852391484e-17,0.01728230540171352,-1.335501891525243e-16,-3.1493894462943936e-17,4.3877470336983355e-16,-2.3267813559227145e-16,4.4118679735516466e-16,-3.9256288478722995e-16,5.906513034119936e-16,-1.196179068137227e-15,-6.174566921852717e-16,-1.9083167992755077e-16,1.3266808159868003e-15,3.191617473622795e-17,0.0,0.0,0.0,0.0,0.0,0.0,0.0,0.0,0.0,0.0,0.0,0.0,0.0,0.0
3.239526586565928e-5,1.1613697688758804e-5,-1.3454794023793207e-16,-3.409701961104415e-16,5.423854287711478e-16,-4.519747011269171e-5,0.0015216572441844097,0.00025028788026212,-5.6268350549348024e-5,-1.8261969800289715e-14,5.771357563539632e-6,1.9301848277197615e-6,3.189536556957647e-16,-0.001876037288287632,-0.0014916078999164162,-2.960645048875166e-6,-3.1924887788238574e-6,-1.0672908591221009e-5,-1.64631420857026e-6,-9.352355935360723e-7,-1.7977907949041094e-6,-6.673337406623086e-6,-4.2776452919892544e-6,-6.687120369578296e-6,-4.93960054149813e-6,-7.605417096267101e-6,8.67153775634862e-7,8.22654193125365e-17,-9.28805085925811e-18,4.4835769046656964e-17,-3.912844399189877e-17,2.6605966704951567e-17,9.953187677597272e-17,7.576082073864892e-17,-1.6381059455389079e-16,4.838351367217086e-17,-1.6324064782513646e-16,2.1223054724817812e-16,-8.277869328442938e-17,-0.001055483469768242,-0.00042680958131542586,-0.0004837163954227953,3.1744602258311784e-5,-4.224743253640238e-5,-2.8790314109846603e-5,1.262163495141502e-5,-2.3941329471622734e-5,-5.47351175687222e-5,4.432327654508167e-5,-8.618309652384081e-5,-6.96844456620114e-7,-0.000521473031794123,-2.242622009653321e-17,-0.00017440252538055394,-1.3641382336124366e-17,-6.360951519745504e-18,5.865117618792137e-17,-2.390408508518567e-17,5.776125934857007e-17,-4.3215534951365147e-17,8.564285983494451e-17,-1.5632137670872313e-16,-7.153791383656668e-17,2.3861241000881953e-17,1.5413296199200455e-16,-4.797690546084368e-18,-0.0,-0.0,-0.0,-0.0,-0.0,-0.0,-0.0,-0.0,-0.0,-0.0,-0.0,-0.0,-0.0,-0.0
0.00016616974858337067,-3.579434773994714e-5,4.531715133292309e-16,1.8000182802561486e-15,-3.088738163784227e-15,0.0001574284914208551,0.0078042768531299996,0.0012640456485356463,0.00016011347712092507,-3.113711307588798e-14,9.68582212058029e-6,3.2393464949352556e-6,4.260150159153013e-15,-0.015204011301602892,-0.002063830990221218,1.5203667833066263e-5,-7.077370316179564e-6,4.791944968977786e-5,5.2673430975066565e-6,3.572133598355574e-8,1.0673552221198398e-5,2.3659751418300854e-5,1.7734924931176503e-5,2.812600616109298e-5,5.038768317816726e-6,3.518472020867845e-5,-5.22537096870563e-6,-3.410288787259281e-16,3.472143725338747e-17,-1.701925418251461e-16,2.4658857245499577e-16,-1.6254265328989987e-16,-6.464495085552109e-16,-2.7777710184285774e-16,8.745150402379517e-16,-2.1624962777201409e-16,1.040229426176944e-15,-1.0734871836381748e-15,4.763208412882164e-16,-0.0054072977361154665,-0.002183256308978373,-0.002492422135670297,0.0001616522182351991,-0.00021631041546927456,-0.00014959492950507758,6.21284583473052e-5,-0.000124000459711343,-0.00028132144275995014,0.00022436451637043793,-0.00044150052811877674,-3.5168434636296442e-6,-0.0026518366333330413,4.723187404296464e-16,-0.0008868857592903043,7.897451999237936e-17,4.262762083940499e-17,-3.1666810109299954e-16,1.8819494201553594e-16,-3.024719297563673e-16,3.1202979141058373e-16,-3.8362552248740485e-16,8.163048610516199e-16,4.467416194316877e-16,1.9659890244190745e-16,-8.816953745339055e-16,-6.792395895174539e-17,-0.0,-0.0,-0.0,-0.0,-0.0,-0.0,-0.0,-0.0,-0.0,-0.0,-0.0,-0.0,-0.0,-0.0
0.007838988910678772,1.7430865382732874e-5,1.2654360939655332e-14,4.486023713591289e-14,-7.626343396074268e-14,0.0001281182826819398,-0.07206822393698424,0.026337858164573267,-0.0001385392340456969,1.9908565522803964e-13,0.0001527079041691478,5.1071949070063125e-5,7.502798536165876e-14,-0.12901878992627397,0.013672363857575929,0.000196252997300698,-0.00014712128213522838,2.3406000465218548e-5,-6.514900789858906e-5,-2.8607382512154474e-5,3.1221121142593066e-5,5.4408877325596636e-5,0.00010524828722685376,0.00010224405275983836,-9.334807562843272e-5,8.667010815558931e-5,-0.00013707384660151763,-9.075136923352892e-15,9.764211023917728e-16,-4.593439991378641e-15,5.902892763975944e-15,-3.731152523242404e-15,-1.5521571579691184e-14,-7.707424431648261e-15,2.1848205674862784e-14,-5.609751810049121e-15,2.5131422379709755e-14,-2.717014803597894e-14,1.1835737755109445e-14,0.02975527033883336,-0.6482850595242108,0.05565936336182311,-0.05178139370817214,0.0360499229103504,0.016498782482251537,0.004033267900773748,0.02971070576226661,0.053307704993728076,-0.13703969944780806,0.06504823353733118,0.0006803665194178061,-0.027189925429298236,1.1820784915885418e-14,-0.00909345521378647,1.9887795767274113e-15,7.217129714648015e-16,-7.958956570349106e-15,4.465426106378048e-15,-7.460824401906174e-15,7.310135036137434e-15,-1.0071448192511895e-14,2.0263582941859656e-14,1.0857508221958247e-14,3.4259237190277163e-15,-2.1916163247855255e-14,-1.1409427648906923e-15,-0.0,-0.0,-0.0,-0.0,-0.0,-0.0,-0.0,-0.0,-0.0,-0.0,-0.0,-0.0,-0.0,-0.0
0.00768400199183785,1.716061574188059e-5,9.673432524393105e-15,3.4373589461502455e-14,-5.83233151457202e-14,0.00010558658528324934,-0.06868103466567141,0.025559008596295528,-0.00014251850806675838,1.7638150608310532e-13,0.0001561210742231233,5.221345676722542e-5,5.755790774962425e-14,-0.12301450807100497,0.009749993153513744,0.00015334532907292146,-0.00013540368702978487,3.5791551698236374e-5,-4.8635813642630326e-5,-2.5822170952384475e-5,3.0018486085728874e-5,4.275770639962429e-5,8.312251524691879e-5,8.4821038587064e-5,-8.612173722092894e-5,7.902381639412936e-5,-0.00010520957201261298,-6.9629626240741914e-15,7.393801140026923e-16,-3.5229569618815347e-15,4.509852678364378e-15,-2.843882899978062e-15,-1.1886494876640038e-14,-5.890377553380255e-15,1.673960128620015e-14,-4.296729696955792e-15,1.9244855292482476e-14,-2.083105397660394e-14,9.065880076242767e-15,0.01767078963819306,-0.17427027507354123,-0.019364025816349124,-0.07685851220027613,0.030653567044068703,0.010702489226530196,-0.026018257678766168,0.016175325053163322,0.04530985196448567,-0.20731187141152116,0.06184169475656225,0.0005901957764355163,-0.026698628403358998,9.060551874187023e-15,-0.00892914481455498,1.5434063301005802e-15,5.325356031639207e-16,-6.094758434585567e-15,3.4183994411303657e-15,-5.701001603285332e-15,5.59573735505244e-15,-7.743155343034057e-15,1.5535681006536183e-14,8.325601578978166e-15,2.645678761497904e-15,-1.6813131557467915e-14,-8.71550190753681e-16,-0.0,-0.0,-0.0,-0.0,-0.0,-0.0,-0.0,-0.0,-0.0,-0.0,-0.0,-0.0,-0.0,-0.0
0.007818384830107777,1.742528332476274e-5,1.259150692306084e-14,4.4637547297274974e-14,-7.588283428782625e-14,0.00012740431847735513,-0.07164672551295757,0.026233973366022092,-0.00013843153481975159,1.9845897856703503e-13,0.0001523838241463145,5.096356307325485e-5,7.466534777296069e-14,-0.12867415311981742,0.013627485695736985,0.00019530257241374011,-0.0001466430028368659,2.3440401921446343e-5,-6.481904322840565e-5,-2.8510342586223367e-5,3.112409952125727e-5,5.412842472103535e-5,0.00010473809493791308,0.00010178383163353464,-9.305687719429398e-5,8.634746707848661e-5,-0.00013639477757917924,-9.030073490124949e-15,9.715175972356451e-16,-4.570603497593085e-15,5.873559234498619e-15,-3.712553914535908e-15,-1.5444466339554482e-14,-7.669107980984147e-15,2.1739591403420367e-14,-5.581869169189954e-15,2.5006417455816803e-14,-2.703514746488279e-14,1.1776947841451122e-14,0.029549905268934844,-0.645053258050742,0.055138777012788444,-0.05155026639524187,0.03583039655679752,0.01638933320655134,0.003927788390146353,0.029503802802986666,0.05298259655941995,-0.13646102918186567,0.0646713666987203,0.0006762283450006761,-0.02711896864863482,1.176110248929631e-14,-0.009069724280475953,1.978921459076612e-15,7.181134177079689e-16,-7.919378662193941e-15,4.443202603746955e-15,-7.423761521538649e-15,7.273769873000145e-15,-1.0021413121136704e-14,2.0162920778793305e-14,1.080354070051574e-14,3.408886617013435e-15,-2.180733102747364e-14,-1.1352292408274315e-15,0.0,0.0,0.0,0.0,0.0,0.0,0.0,0.0,0.0,0.0,0.0,0.0,0.0,0.0
4.3201058902115076e-7,-8.727740374889228e-5,1.3565233371329424e-15,4.872576815820475e-15,-8.364793010429942e-15,0.0003596739055225596,1.2380146120939375e-5,-2.112203850263343e-5,0.00041165602747381206,-9.353171264124609e-15,-1.9294245862902877e-5,-6.452807719488331e-6,7.803216398384257e-15,4.0976175641581454e-5,5.6229698578351055e-6,3.4765679363322064e-5,6.9208875382894544e-6,9.165481257043614e-5,9.843887504972859e-6,4.0215561809939945e-6,1.8327288284881992e-5,5.4814975624316375e-5,3.986312479175782e-5,5.98220891390333e-5,2.681730068621036e-5,6.893256478582345e-5,-1.4005760723426411e-5,-9.594625606114176e-16,1.1440692216828932e-16,-4.759183742849537e-16,6.847226037666894e-16,-4.167938029211354e-16,-1.7276329290022425e-15,-8.719016197015381e-16,2.3914041749210585e-15,-5.984630317950766e-16,2.7887885611533217e-15,-2.9226673280417344e-15,1.3228048472077673e-15,-8.044624285256112e-6,1.2985055707538862e-6,-1.5920283298457064e-5,-5.249394261161526e-7,-1.6596864113805688e-7,-2.1230002207326244e-6,-2.3933430602422615e-6,-1.5356543243109181e-6,-1.282039656838331e-6,-2.3182366278350086e-6,-3.5716025550971576e-7,7.28418538190129e-8,2.289635277698036e-5,1.2859830951471725e-15,7.657503839759196e-6,1.757324521902623e-16,9.765741899273412e-17,-8.746896784162063e-16,5.130197544742223e-16,-8.385879819575344e-16,8.059989355779406e-16,-1.0269454939646805e-15,2.1785818414147357e-15,1.1987867031496062e-15,4.2089298032005416e-16,-2.3922034698825795e-15,-1.3518193143769206e-16,-0.0,-0.0,-0.0,-0.0,-0.0,-0.0,-0.0,-0.0,-0.0,-0.0,-0.0,-0.0,-0.0,-0.0
4.322976089579105e-7,-8.727741016305253e-5,1.356523301274923e-15,4.872576674716576e-15,-8.364792780812306e-15,0.00035967392856767135,1.237322908462765e-5,-2.112130418901756e-5,0.0004116560593252653,-9.353170316448562e-15,-1.929425096166889e-5,-6.452809424730732e-6,7.764855582379337e-15,4.097734844187939e-5,5.623462029091001e-6,3.4765679511098224e-5,6.920890822324647e-6,9.165481767089592e-5,9.843888808698743e-6,4.021556978627012e-6,1.8327288886517205e-5,5.481497876019632e-5,3.986312629269104e-5,5.98220918149881e-5,2.6817304328233645e-5,6.893256792765126e-5,-1.4005760217323653e-5,-9.594625325423501e-16,1.1440691959686356e-16,-4.759183602940707e-16,6.847225848674448e-16,-4.167937934913364e-16,-1.7276328790897666e-15,-8.719015981093862e-16,2.391404105744131e-15,-5.984630151745755e-16,2.7887884805683273e-15,-2.9226672439850065e-15,1.3228048109841707e-15,-8.044669397681167e-6,1.2889203099579963e-6,-1.592160890891588e-5,-5.259634574455328e-7,-1.6580784459966035e-7,-2.1230094637359704e-6,-2.3940496013363992e-6,-1.5357520650426526e-6,-1.2818048724660596e-6,-2.3211537824541267e-6,-3.5669981283614494e-7,7.284507833380137e-8,2.2896965498357973e-5,1.285983059283292e-15,7.657708759560185e-6,1.7573244379019446e-16,9.765741694522004e-17,-8.746896539507362e-16,5.13019739820452e-16,-8.385879590505737e-16,8.059989111305488e-16,-1.0269454637213652e-15,2.1785817781691427e-15,1.1987866689618698e-15,4.2089296148855236e-16,-2.3922034013933235e-15,-1.3518192523773485e-16,-0.0,-0.0,-0.0,-0.0,-0.0,-0.0,-0.0,-0.0,-0.0,-0.0,-0.0,-0.0,-0.0,-0.0
8.644513484840862e-7,-0.0001745868379353748,2.7134352622461547e-15,9.746375758544268e-15,-1.6731614928251584e-14,0.0007194786232449855,2.475975763112017e-5,-4.2249003630664225e-5,0.0008234627846548972,-1.8687085707364753e-14,-3.859519115757933e-5,-1.290785601088112e-5,1.557629023395857e-14,8.194037053791274e-5,1.1248368943998697e-5,6.954169832340129e-5,1.3844862111965204e-5,0.00018334406936737886,1.9692329835866983e-5,8.04472698333542e-6,3.6661262883841974e-5,0.00010964943008501003,7.973964380624008e-5,0.00011966519852411449,5.3644781569728794e-5,0.00013789007312624315,-2.8014867712232632e-5,-1.919185709784064e-15,2.2884224637250884e-16,-9.519727446337144e-16,1.3696010236544658e-15,-8.336907569902095e-16,-3.4556676967541798e-15,-1.7440317732177373e-15,4.7833997582276225e-15,-1.1970850387549799e-15,5.578228805885853e-15,-5.846078043749213e-15,2.645922070291365e-15,-1.6091749877793827e-5,2.5876312688006388e-6,-3.184780739047996e-5,-1.0511489824084406e-6,-3.3183255330628904e-7,-4.2467825790667066e-6,-4.788213580169919e-6,-3.071916641592001e-6,-2.564279744214935e-6,-4.640182602571569e-6,-7.140509674511267e-7,1.457037198976493e-7,4.579889385560035e-5,2.5721795657599673e-15,1.531707730798635e-5,3.5151540778038856e-16,1.95340687865578e-16,-1.7495926610321158e-15,1.0261486422867504e-15,-1.677382627919222e-15,1.6121834191323864e-15,-2.0541717576366367e-15,4.3577198449604475e-15,2.3978555832389456e-15,8.418191747807771e-16,-4.784985131910294e-15,-2.7038058907649184e-16,0.0,0.0,0.0,0.0,0.0,0.0,0.0,0.0,0.0,0.0,0.0,0.0,0.0,0.0
-1.0344585016108091e-7,2.3025037137537593e-5,-2.730970222103268e-16,-8.460395842049449e-16,1.3986867594964782e-15,-9.39678958257288e-5,-4.668341758674476e-6,3.94570902199083e-6,-0.00010833050063862419,-1.515898843815272e-14,4.79087506306626e-6,1.602270221183906e-6,-5.519670232041532e-16,1.1090095562951228e-5,-1.3877494835825017e-6,-7.293989287281742e-6,-2.2487299194549896e-6,-2.4808330806162875e-5,-3.3284901259298207e-6,-1.1683350030647433e-6,-4.8047186098815885e-6,-1.3965977928485587e-5,-9.557790587279097e-6,-1.505746122914793e-5,-7.336374572540671e-6,-1.7911551843689124e-5,2.3024864818201574e-6,1.8208515486745754e-16,-1.963643215262934e-17,9.555338667774062e-17,-1.0651787774379148e-16,7.128872739557664e-17,2.755152508291182e-16,1.5903727834657586e-16,-4.0870234093433937e-16,1.1080374573910381e-16,-4.470941090474664e-16,5.154977619729816e-16,-2.1460355231394965e-16,1.737824482782958e-6,-8.819156097373009e-8,4.264683256442846e-6,1.84860519654882e-7,3.95129027489509e-8,5.555424948800897e-7,5.906261070488592e-7,3.645568453211183e-7,3.1012662087081605e-7,5.80139017766223e-7,1.3889637326915285e-7,-1.1505126841558874e-8,-3.846542054579412e-6,-1.3847088091621175e-16,-1.2864455243103896e-6,-3.5508460468911904e-17,-1.8009201480860385e-17,1.471481182899052e-16,-7.389528806858518e-17,1.427553259160965e-16,-1.270437735297333e-16,1.9633164302210138e-16,-3.858376012881048e-16,-1.9377576564412607e-16,-1.687371000370208e-17,3.984169186492681e-16,1.0126556456054904e-17,-0.0,-0.0,-0.0,-0.0,-0.0,-0.0,-0.0,-0.0,-0.0,-0.0,-0.0,-0.0,-0.0,-0.0
8.647401936991078e-7,-0.0001745868443809577,2.713435226363666e-15,9.746375617284465e-15,-1.6731614698391372e-14,0.0007194786464085713,2.4752805480152523e-5,-4.224826486196835e-5,0.0008234628166590189,-1.868708474721258e-14,-3.859519627402974e-5,-1.2907857722022417e-5,1.5520837480144753e-14,8.194154334204393e-5,1.124886412471023e-5,6.954169847464381e-5,1.3844865407026163e-5,0.00018334407449640316,1.9692331145500947e-5,8.044727783975596e-6,3.6661263489726084e-5,0.00010964943323717725,7.973964531644162e-5,0.00011966520121569741,5.364478522681789e-5,0.00013789007628670763,-2.801486720460672e-5,-1.9191856816856714e-15,2.2884224379940274e-16,-9.519727306286922e-16,1.3696010047325641e-15,-8.336907475580334e-16,-3.4556676467814144e-15,-1.7440317516114463e-15,4.783399688970126e-15,-1.1970850221196683e-15,5.578228725202029e-15,-5.846077959603354e-15,2.6459220340312017e-15,-1.609179569373224e-5,2.5779893937398008e-6,-3.184914262674238e-5,-1.0521792453923074e-6,-3.3167108437819213e-7,-4.246792067077982e-6,-4.78892491556751e-6,-3.072015379603696e-6,-2.564043987956863e-6,-4.643117785948369e-6,-7.135881636266813e-7,1.4570695815979798e-7,4.579950841083491e-5,2.572179529846989e-15,1.531728284110223e-5,3.5151539936272373e-16,1.9534068581643363e-16,-1.7495926365408611e-15,1.0261486276135322e-15,-1.6773826049887863e-15,1.6121833946510684e-15,-2.0541717273650398e-15,4.3577197816458685e-15,2.3978555490122648e-15,8.418191558959922e-16,-4.784985063346569e-15,-2.703805828585695e-16,-0.0,-0.0,-0.0,-0.0,-0.0,-0.0,-0.0,-0.0,-0.0,-0.0,-0.0,-0.0,-0.0,-0.0
-1.0344609620973734e-7,2.302503712740178e-5,-2.7309702252216456e-16,-8.46039585331783e-16,1.398686761348907e-15,-9.396789579866058e-5,-4.6683507647200125e-6,3.945708753976014e-6,-0.00010833050058282949,-1.515898844982094e-14,4.790875042649153e-6,1.6022702143550278e-6,-6.924330759271243e-16,1.109010710509292e-5,-1.3877497027366814e-6,-7.293989291716703e-6,-2.2487299084599535e-6,-2.4808330802488094e-5,-3.3284901232161076e-6,-1.1683350002440622e-6,-4.804718611035509e-6,-1.3965977925611555e-5,-9.55779058773762e-6,-1.5057461228635742e-5,-7.336374561792645e-6,-1.7911551843747217e-5,2.3024864852741845e-6,1.820851550944592e-16,-1.9636432175122447e-17,9.555338679168102e-17,-1.0651787789172178e-16,7.128872748441382e-17,2.7551525121905506e-16,1.5903727853535865e-16,-4.0870234147983047e-16,1.1080374587781547e-16,-4.470941096745363e-16,5.154977626505402e-16,-2.1460355260904434e-16,1.7378252225587948e-6,-8.819065274724507e-8,4.264686405189796e-6,1.8486092517793258e-7,3.9513354330380885e-8,5.555428162445707e-7,5.906272194762755e-7,3.645575614448885e-7,3.101272968927439e-7,5.801406387405944e-7,1.3889693293956788e-7,-1.150511820666436e-8,-3.846539108052524e-6,-1.3847088118664572e-16,-1.286444538860179e-6,-3.5508460522000604e-17,-1.800920149828236e-17,1.4714811848738439e-16,-7.389528818013508e-17,1.427553261021172e-16,-1.2704377371333256e-16,1.963316432722528e-16,-3.8583760179468253e-16,-1.9377576591516825e-16,-1.6873710099414718e-17,3.984169191982465e-16,1.0126556486870315e-17,0.0,0.0,0.0,0.0,0.0,0.0,0.0,0.0,0.0,0.0,0.0,0.0,0.0,0.0
-0.003968754872624291,-0.00016229439547167155,-1.0913734080359932e-17,-5.510356119521972e-18,-3.268239640007177e-16,0.0006016727039745972,0.003957801396191525,-0.0068472444888729046,0.0007987593264761602,-6.860840824076054e-14,-0.00011226755575968009,-3.7546994857011546e-5,-1.1912033070187835e-15,0.009704176931725659,0.001858829447901991,2.0198282765771093e-5,6.876507185784763e-5,0.00013524153367424152,2.831526396020289e-5,1.7545559887796843e-5,1.891133648386763e-5,8.47637274108878e-5,4.7395682088874744e-5,7.766549593936956e-5,8.347150045698626e-5,8.938051330704024e-5,1.8389074109498097e-6,1.4211022272367245e-17,-2.3589094461853957e-17,3.174325586736126e-18,2.552518409988498e-18,-1.433372200640499e-17,-1.7019464784212626e-17,1.4290808343401096e-17,-1.083933084343818e-17,1.8975647337071454e-18,1.8471939734484056e-17,2.8631100776306457e-17,-1.0462504277539647e-17,-0.0015522883928613459,-0.01386328401660489,-0.009943822912597546,-0.0014103944199210564,-0.00010880599777123655,-8.642476733592296e-5,-0.0007587292560972159,0.0001483238924410882,-0.00011459398775092686,0.0026379273159728915,-0.0005731728709624978,7.573773072104132e-7,0.012610934076768176,-1.5195765984978044e-17,0.004217627022501913,-1.3717654392677169e-17,5.577999152499702e-18,-6.591018700032191e-18,9.569196951213413e-18,-1.5210794140675404e-17,1.3349706906038833e-17,2.0232746838073236e-17,-2.1193020274291396e-17,3.3662543791618634e-18,1.5339537963908557e-17,1.505068470292481e-17,-1.9297341134891477e-17,0.0,0.0,0.0,0.0,0.0,0.0,0.0,0.0,0.0,0.0,0.0,0.0,0.0,0.0
-0.014384914006972406,-0.0006230011237931915,6.859398470817728e-15,2.535792277765968e-14,-4.486434549082435e-14,0.002385345977002311,0.025698573735642757,-0.022224403684971143,0.003062585908202758,-2.689921743707673e-13,-0.00040795050923049444,-0.00013643581682854953,4.052445526959638e-14,-0.06701871362143254,-0.0163063381661729,0.0001848798271511016,0.000217493936354185,0.0005080911096941621,7.051452468962073e-5,5.775943238506134e-5,8.15134346462298e-5,0.00035605156710593683,0.00023930674106976407,0.00034730446973019034,0.00029214840560215315,0.000374713911279539,-7.01542933709895e-5,-4.9779406936834555e-15,3.681535469769928e-16,-2.5261145514770603e-15,3.3249802002542094e-15,-2.172472841755718e-15,-8.935873852301897e-15,-4.097347416642883e-15,1.2231146191104733e-14,-3.1211325994264408e-15,1.4378786213898756e-14,-1.5138600222273644e-14,6.626383236186586e-15,0.007731898431915352,0.2850725238522355,0.06541743900506591,0.041685083706741,0.00600784728492805,0.008422841407192164,0.047540467217753464,0.021909594849321656,0.009013690385121665,0.1472125853673432,-0.0023761911809232392,9.822248613611439e-5,0.04247058464195607,6.934978216712095e-15,0.014203950663492917,1.0997845938447468e-15,3.8994549565233016e-16,-4.5305979440412455e-15,2.612025250156115e-15,-4.26698706471668e-15,4.272100136459176e-15,-5.574309971941862e-15,1.1283818445840705e-14,6.188045396598293e-15,2.3223299376326837e-15,-1.2362958864356402e-14,-8.259142106370559e-16,-0.0,-0.0,-0.0,-0.0,-0.0,-0.0,-0.0,-0.0,-0.0,-0.0,-0.0,-0.0,-0.0,-0.0
-0.010320213675038303,-0.0004364560711836389,5.864178530370849e-15,2.1524107020207993e-14,-3.789762051598557e-14,0.0016759042239503936,0.018277229383093275,-0.015990159759553667,0.0021504057462476346,-1.8624245027629458e-13,-0.00029326342950714013,-9.807963134274734e-5,3.4694564520844877e-14,-0.04789277297158213,-0.010209232546942087,0.00014436063746111396,0.00015176777049815519,0.0003480345063547594,4.3161774546313415e-5,4.007041610138336e-5,5.645027210033277e-5,0.0002531350640372615,0.0001750292896388342,0.0002481866093565629,0.00020426145270293345,0.00026281952259606106,-6.0556940775836656e-5,-4.239780091134415e-15,3.404488174403978e-16,-2.150315245920651e-15,2.830466845222785e-15,-1.841955314175502e-15,-7.56885993064292e-15,-3.5173171524737e-15,1.0399330938079296e-14,-2.655298767414905e-15,1.2191393813214082e-14,-1.2873625760092715e-14,5.636820201540241e-15,0.010009662887637865,0.015429826493855724,0.0770677158033695,0.0412464580344603,0.005845627913452091,0.008115001372105133,0.04641813507209322,0.020716532307939454,0.008743977049619172,0.13706194542132416,-0.001610526216190348,9.460270187789527e-5,0.03052878600409537,5.862802426161483e-15,0.010210110688939254,9.285081441503624e-16,3.409952069467337e-16,-3.843466830462036e-15,2.208747245866432e-15,-3.622097831218917e-15,3.611626798334349e-15,-4.734965926083322e-15,9.595982200931328e-15,5.2453231822259415e-15,1.9199638766631537e-15,-1.0492524064675842e-14,-6.789216331338148e-16,-0.0,-0.0,-0.0,-0.0,-0.0,-0.0,-0.0,-0.0,-0.0,-0.0,-0.0,-0.0,-0.0,-0.0
0.0005736366872280561,-7.355326791162702e-5,1.9792747347088238e-15,7.178843081906797e-15,-1.2239075891754356e-14,0.0003213803328073422,0.0037445210912968496,0.001972262115198871,0.0003388246402911741,1.64560593243539e-14,2.0184767301166063e-6,6.75063552352739e-7,1.1391440959923336e-14,-0.03815819456301221,-0.010884802002361589,4.3668141230396745e-5,-8.709761190627115e-6,8.490565316981583e-5,4.558157591053772e-6,7.771851449338218e-7,1.9338749780492857e-5,5.1080430549397836e-5,4.207803376819702e-5,5.974855855919788e-5,1.381587963416429e-5,6.814068814603432e-5,-2.109716503825727e-5,-1.4297103882373552e-15,1.2525273249175408e-16,-7.215768085380487e-16,9.399276296004807e-16,-5.977400149141539e-16,-2.501219434301463e-15,-1.1914174529744032e-15,3.464130137400896e-15,-8.870788938917244e-16,4.0209621237694805e-15,-4.305251444953704e-15,1.8820089008053988e-15,-0.0022240927019094832,-0.015781425521621168,-0.011057015970010669,-0.0014213519803333153,-0.00018079056839395246,-0.0002200932426115455,-0.001838827365982677,-0.00047209791540174626,-0.0002994122236663963,-0.0020781638822417927,-0.00017614624759352648,-4.983829879298651e-6,-0.00305525349980414,1.827979102253208e-15,-0.0010218053351984298,3.166930223116669e-16,1.1095076580544029e-16,-1.2710779274939024e-15,7.212243579560625e-16,-1.1977918564026487e-15,1.181573811822542e-15,-1.591484540375215e-15,3.2120841357424127e-15,1.7378261890200854e-15,6.001777769312739e-16,-3.5007386398244465e-15,-2.0268058171113445e-16,-0.0,-0.0,-0.0,-0.0,-0.0,-0.0,-0.0,-0.0,-0.0,-0.0,-0.0,-0.0,-0.0,-0.0
0.007036547223746403,1.5509551727990033e-5,1.1335077077509593e-14,4.0184184582351556e-14,-6.831263671455907e-14,0.00011537925226277718,-0.06448203080054689,0.023610531160469364,-0.0001237711929518934,1.7850814642228717e-13,0.0001371066764584705,4.5854242027321956e-5,6.72192407582636e-14,-0.11580652351277469,0.0122647484649038,0.00017584467712583777,-0.00013196573873969854,2.1277160237037766e-5,-5.83188911777055e-5,-2.5651506780594105e-5,2.804815560975221e-5,4.882515118304838e-5,9.434514058605656e-5,9.17253580739904e-5,-8.36984615745933e-5,7.784999075643499e-5,-0.0001227855295514536,-8.12905078465389e-15,8.74607284050974e-16,-4.114505777155683e-15,5.287708161002257e-15,-3.342184409871884e-15,-1.3903798380157459e-14,-6.904016239745915e-15,1.9570764575806154e-14,-5.02492506357172e-15,2.2511883312495587e-14,-2.4337834621770657e-14,1.0602135819729238e-14,0.026594898090335738,-0.5805479292254392,0.04962486782857651,-0.046395240717750905,0.03224735656072988,0.014750395659960981,0.0035350047318696803,0.02655341940621229,0.04768433430792646,-0.1228149308912053,0.058204229403046544,0.0006086056686466709,-0.024407022245333174,1.0588166998642799e-14,-0.008162735284690073,1.7813945606769353e-15,6.46487396834041e-16,-7.129325527821009e-15,4.000044656242365e-15,-6.683174103438418e-15,6.548166436931542e-15,-9.021398735612087e-15,1.8151241197783043e-14,9.725813224716446e-15,3.0691635136140827e-15,-1.963178397483527e-14,-1.0220539751502981e-15,0.0,0.0,0.0,0.0,0.0,0.0,0.0,0.0,0.0,0.0,0.0,0.0,0.0,0.0
0.022492894568451223,0.0005568040474764553,2.1756286084506093e-14,7.840705581724893e-14,-1.327963914577963e-13,-0.001766414467726483,-0.05987312486776521,0.05356974531773066,-0.0028021602386165247,3.990918117433616e-13,0.0005648693161663038,0.00018891606894879225,1.3955839709540435e-13,-0.30193148332978426,-0.030376310156541478,0.0002717839680096483,-0.00044204792112758707,-0.00043570968942768996,-0.00020923901673533667,-0.00010042028473445054,-1.8293336332059882e-5,-0.00018606772774150423,2.438185340642686e-5,-8.895866010270021e-5,-0.0004111119576605438,-0.00016514585733637047,-0.0002452308398093379,-1.574519951609261e-14,1.657072073114458e-15,-7.937169242755025e-15,1.0288585549569274e-14,-6.480239142886491e-15,-2.721304765682977e-14,-1.3222353782706355e-14,3.809445308842218e-14,-9.736473675127778e-15,4.4010824178220816e-14,-4.738411546000982e-14,2.0692118481836154e-14,0.051464815368085955,0.008175036698829852,0.2390417128414126,0.03188992707894849,0.04063107231275269,0.02745083692809841,0.08189178725077076,0.056683817561872483,0.05983926076088071,0.0797018836907567,0.05703759447323541,0.0007175921131590963,-0.078266364664134,2.1193477048954418e-14,-0.026175565786974497,3.5497944800266702e-15,1.1880924679091558e-15,-1.3891641167056977e-14,7.8549015777298e-15,-1.2972464653608843e-14,1.2858200977249192e-14,-1.7574255589238263e-14,3.5327541661172024e-14,1.9019018379146545e-14,6.445593862471319e-15,-3.838922203678539e-14,-2.0906753028480757e-15,-0.0,-0.0,-0.0,-0.0,-0.0,-0.0,-0.0,-0.0,-0.0,-0.0,-0.0,-0.0,-0.0,-0.0
-0.014783415741057956,-7.064884610173312e-5,-6.035587802235795e-16,-2.2674321951783144e-15,2.281188987547544e-15,7.947158731984716e-5,-0.04438974399245936,-0.022747395347361046,0.0004916103451805508,-2.927300021013483e-13,-0.00034985911977164735,-0.00011700761169812062,-8.20429464488566e-16,0.14578321955200582,0.07442555896276629,-2.7587021185717838e-5,0.00020629936338195204,-0.00011257079314015939,-6.093979152640402e-7,3.714770445208786e-5,-4.585171509237579e-5,8.878980033158268e-6,-1.287803464737397e-5,-3.869289079718472e-5,0.00014211353695315704,-8.427582675639336e-5,8.086263724484362e-6,4.464422117433623e-16,-4.56459648624188e-18,2.0377556303386316e-16,-2.7480996854844513e-16,1.280525089058108e-16,7.454387771362913e-16,3.4322255001704533e-16,-9.818390682565452e-16,2.5519200346857766e-16,-1.0794212763071018e-15,1.2759061227356848e-15,-5.719834278820566e-16,0.04267330288532237,0.03558925213601103,0.18582385195642354,0.023827893728750008,0.02895144657226764,0.02022643604231901,0.06610601835636289,0.04404406291374335,0.04319214265191456,0.08870576659526436,0.03728809989402125,0.0005425873558757257,0.051677408232477635,1.744164144166117e-16,0.017283099894694585,-1.1237592794699542e-16,-2.2358062760679224e-17,3.4913853872541166e-16,-1.8300763240543983e-16,3.561775677727467e-16,-3.1119953761298637e-16,4.778561566372466e-16,-9.681161621850606e-16,-4.962384344759899e-16,-1.576959619154875e-16,1.0817920799100144e-15,2.016684231762108e-17,-0.0,-0.0,-0.0,-0.0,-0.0,-0.0,-0.0,-0.0,-0.0,-0.0,-0.0,-0.0,-0.0,-0.0
0.0001240308853352304,7.150790778634346e-6,1.4926117484839148e-16,6.861010089854806e-16,-1.2131110365566215e-15,-2.4636188074275777e-5,0.0008056984425846069,0.0004308203544429151,-3.522216446435756e-5,-1.1533449517084173e-14,5.249663221730931e-6,1.755708286449732e-6,1.85090457738899e-15,-0.005521067924854446,-0.005082905683175756,2.0612699717667733e-6,-4.119329338345995e-6,-6.45406209940313e-6,-2.3167265535864164e-6,-9.9775134683458e-7,-6.300570584457788e-7,-2.9595931949074295e-6,-5.11495403444729e-7,-2.187311898430685e-6,-4.348915644627087e-6,-3.2112787104571667e-6,-2.1983496951927662e-6,-1.2302395035767947e-16,6.987971642913468e-18,-5.842985181225472e-17,9.405073732696083e-17,-5.62737988381821e-17,-2.583269168930029e-16,-9.514581860850006e-17,3.3050694576749434e-16,-7.850933117854686e-17,4.109605950009782e-16,-4.0325751690506144e-16,1.8701299470445332e-16,-0.00047953607610065076,-0.0034151998136432438,-0.0023884685656698143,-0.00030739736404290227,-3.908333618650635e-5,-4.7071420796862026e-5,-0.00039732876237548085,-0.00010179498315707708,-6.448091910831674e-5,-0.00044913188916970067,-3.798081060350996e-5,-1.0903626134409486e-6,-0.0006651056216144437,2.509569586960715e-16,-0.00022243930746715807,3.2078548025173546e-17,5.676403768465396e-18,-1.2411254613827227e-16,8.000225118999329e-17,-1.12911855208559e-16,1.251265202560424e-16,-1.4330784548688175e-16,2.996411179684892e-16,1.7707417611837432e-16,1.1120102057613665e-16,-3.486943177998203e-16,-3.313003404688383e-17,-0.0,-0.0,-0.0,-0.0,-0.0,-0.0,-0.0,-0.0,-0.0,-0.0,-0.0,-0.0,-0.0,-0.0
0.0004493990226723338,-3.468891893928242e-5,1.2839926011345314e-15,4.800173442445806e-15,-8.227309197673615e-15,0.00015821952200402835,0.0029294987740760368,0.0015493340096770882,0.00015754925248744056,-2.182001904372634e-15,6.344487228957984e-6,2.1218635025576678e-6,8.348897739111557e-15,-0.032615140052445146,-0.005804670119145114,2.7022125131434572e-5,-9.082704381448699e-6,4.1783283339277574e-5,2.2598345541706966e-7,-5.595250123348303e-7,1.0366495841422067e-5,2.6127283810374716e-5,2.348442575555622e-5,3.184086961134005e-5,3.5042887369535358e-6,3.5554913683707115e-5,-1.4291583811533347e-5,-9.425387618013266e-16,7.898180871653693e-17,-4.720925116834989e-16,6.326816211973169e-16,-3.988452794258956e-16,-1.6915035612394026e-15,-7.781774154269652e-16,2.3159226326667087e-15,-5.869604924524238e-16,2.7152369433078197e-15,-2.8707660121224786e-15,1.2655386810958734e-15,-0.0017410820105535976,-0.012366403015808233,-0.008660024768957034,-0.0011135853663920188,-0.00014162824438358483,-0.00017191155590009756,-0.0014403180791922473,-0.0003695742045891982,-0.00023431140218180063,-0.0016278724910105118,-0.00013788804231261524,-3.9164919933785295e-6,-0.00239784442256498,1.2992133977697165e-15,-0.0008019400760384741,2.1360885512629776e-16,6.927135172626747e-17,-8.525445824640679e-16,4.932562974411691e-16,-7.992733438416603e-16,8.021767281761029e-16,-1.0555410125566209e-15,2.140610531803347e-15,1.172958082120274e-15,4.547149336414141e-16,-2.354824825621e-15,-1.491756414776055e-16,-0.0,-0.0,-0.0,-0.0,-0.0,-0.0,-0.0,-0.0,-0.0,-0.0,-0.0,-0.0,-0.0,-0.0
-0.018018575803848344,-0.00010115861473271735,3.5285458800064664e-15,1.2351928093696537e-14,-2.3265207909288666e-14,0.0001883908661138679,-0.10924250140579252,-0.019451674021154886,0.000679450520607254,-3.4577728460629635e-13,-0.00043928541382823923,-0.00014691552749016468,2.505275529077781e-14,0.2646249031151159,0.00428691752980408,3.078495593178039e-5,0.0002394096778806886,-0.00014067174113275262,-2.1824843357625465e-5,4.266605826497418e-5,-5.1808075860495304e-5,3.591142486039263e-5,2.1215386557833018e-5,-1.3989009114066453e-5,0.00016971106466218738,-8.203156226388087e-5,-3.6136594681268483e-5,-2.523800915527434e-15,3.329673618750575e-16,-1.3076534685704444e-15,1.6606908496507502e-15,-1.1094476675287005e-15,-4.3399738739788064e-15,-2.193137965618999e-15,6.2027737587939655e-15,-1.5894423808622116e-15,7.20185743798915e-15,-7.641294988372105e-15,3.3046115077071793e-15,0.011458883253696508,0.008197704192434173,-0.17243049646543882,0.029630491256338768,0.06425122601883898,0.04318355108899404,0.09896800070486357,0.0854294780038643,0.09558827834652407,0.09387017884464166,0.0942857839184282,0.0009523830896756314,0.06306012350425844,4.35268176096279e-15,0.021089958865428898,5.346185214770513e-16,2.1938018542010222e-16,-2.2724932698152967e-15,1.2894847545106354e-15,-2.0875949932320814e-15,2.0982502843030525e-15,-2.8275102053116383e-15,5.673425120817743e-15,3.0675160446041706e-15,9.642238466236639e-16,-6.088492640666799e-15,-3.6486567227374946e-16,-0.0,-0.0,-0.0,-0.0,-0.0,-0.0,-0.0,-0.0,-0.0,-0.0,-0.0,-0.0,-0.0,-0.0
0.004841003749145194,-4.6077528277067097e-5,6.882496888463103e-15,2.4377246710195718e-14,-4.144061322454833e-14,0.0003001158658491914,-0.06844841026033427,0.01989710004841051,0.0001781808767062773,1.0367536185874532e-13,8.609085172910732e-5,2.879240350322961e-5,4.083096039716732e-14,-0.09142847428851979,0.02013496017844554,0.00011753341219650536,-8.04084130214595e-5,8.29114515663637e-5,-2.3529065995933803e-5,-1.3536380004227425e-5,3.08602214795894e-5,6.214707512101287e-5,7.74868604305893e-5,9.169442821179822e-5,-3.654617983701829e-5,9.446011419911322e-5,-7.408475585174728e-5,-4.951217765628953e-15,5.321248792005879e-16,-2.5080479809250926e-15,3.2030696700871532e-15,-2.020880215271265e-15,-8.43207029053246e-15,-4.196551213198536e-15,1.1890032468074969e-14,-3.0565080964093667e-15,1.3654801521140176e-14,-1.4797375633110748e-14,6.4330776602736034e-15,-0.12079511500720096,-0.0958829305547364,-0.18920926830087495,-0.021480849427251113,0.03021430353633094,0.017891300580977966,-0.02450077062595572,0.02235134476099574,0.04470971699934395,-0.10447233141566119,0.06104915811517777,7.042832390763561e-5,-0.016806457075614442,6.4011813173761076e-15,-0.0056207864606621655,1.0928651715867624e-15,3.8823987477006967e-16,-4.327696229972152e-15,2.419739544402965e-15,-4.0503488146003105e-15,3.9681213183681245e-15,-5.499725002968369e-15,1.1038245596137271e-14,5.903153896710273e-15,1.842044507359345e-15,-1.1925042502680881e-14,-6.140700338858743e-16,-0.0,-0.0,-0.0,-0.0,-0.0,-0.0,-0.0,-0.0,-0.0,-0.0,-0.0,-0.0,-0.0,-0.0
8.894144723472106e-6,-2.853075524882792e-5,6.055431969207837e-15,2.1422507072518372e-14,-3.68699149293914e-14,0.00015865775007260695,-0.06656141430109583,0.009992639327834682,0.0001473327887299587,1.4636490676855656e-14,-1.9335307768706808e-5,-6.4665405568745285e-6,3.6854235980261914e-14,-0.03232269308790544,0.032913068710688415,9.245589683454959e-5,-1.621632792359359e-5,3.3424426609878718e-6,-2.8383017331654523e-5,-3.2889616283894555e-6,7.306023981885758e-6,3.963024644800345e-5,5.4744083916985404e-5,5.131432735502999e-5,-2.5838191467577272e-6,3.483142665939559e-5,-6.50539276990117e-5,-4.34774250944696e-15,4.805744393816978e-16,-2.207159610534053e-15,2.8245598615116353e-15,-1.7939999609391625e-15,-7.427074144489656e-15,-3.699024785436658e-15,1.0478766446105972e-14,-2.692550820829352e-15,1.2057864178554967e-14,-1.3023200913640993e-14,5.662845118719281e-15,-0.04899715135879877,-0.04250007058022356,-0.4818174340038299,0.000696270396232037,0.034957685693666356,0.022364145802901747,0.02217328553311051,0.0383086595998271,0.05183012162793643,-0.017257652828114256,0.05895078059650717,0.0003511892816364646,7.345952770636232e-5,5.856962186614096e-15,2.456795721090727e-5,9.52375394430495e-16,3.4873228815889753e-16,-3.8194215643429875e-15,2.140775524317057e-15,-3.5693618887116116e-15,3.507287921978521e-15,-4.831568489112575e-15,9.707151960462085e-15,5.199850775620308e-15,1.6300267644586367e-15,-1.0483759050784874e-14,-5.524921687875358e-16,0.0,0.0,0.0,0.0,0.0,0.0,0.0,0.0,0.0,0.0,0.0,0.0,0.0,0.0
0.00012719379284156427,0.0003210024797217709,6.296429471389724e-15,2.2982781723406937e-14,-3.817004196463425e-14,-0.001044679749624544,0.21459124570451005,-0.004956031180867046,-0.0016455059971477927,1.788024091966714e-13,0.0003736384771207011,0.00012496042941899333,4.285014953637961e-14,-0.1746468326905354,-0.010377425745821392,6.895056865851463e-5,-0.00025341346928883665,-0.00020220746911465813,-8.347972793160237e-5,-5.59839984606112e-5,-6.13091200774308e-6,-0.00012855132264624102,-2.956302645722192e-5,-7.901259714288938e-5,-0.00023582874243687922,-9.548644748090299e-5,-7.386936846817464e-5,-4.5960567603290565e-15,4.655065559658996e-16,-2.3017164249334206e-15,3.048433813193819e-15,-1.830024387779345e-15,-8.012530604805896e-15,-3.837380777491058e-15,1.1152811868235219e-14,-2.820613655005875e-15,1.2890301159693479e-14,-1.381055537291386e-14,6.044676792077974e-15,0.011279080363897095,0.002559683166482534,0.11840589525428684,-0.0006156265956390681,-0.008307311459905257,-0.005428078082900493,-0.006433433860515134,-0.00960113611683523,-0.012367086273838325,7.125860465935277e-5,-0.013671705253665144,-8.350154835306491e-5,-0.050310019757857365,5.725441710956347e-15,-0.016825787649194804,1.0678075797578194e-15,3.756330218103817e-16,-4.0445935827064554e-15,2.3072200325077798e-15,-3.817945844896054e-15,3.788253457371828e-15,-5.05579631783446e-15,1.0322554358752487e-14,5.549048101274919e-15,2.055481716970795e-15,-1.1211877252615738e-14,-6.626701179021662e-16,0.0,0.0,0.0,0.0,0.0,0.0,0.0,0.0,0.0,0.0,0.0,0.0,0.0,0.0
-2.5707795706423863e-7,8.416929218229627e-5,5.764105360780276e-16,2.2251097551157204e-15,-3.88772435816701e-15,-0.00033266841727843993,-3.344429171637332e-5,-3.9710810274481176e-6,-0.0003922498297568523,1.355066954984078e-14,1.3915523642956393e-5,4.653936669361513e-6,4.522635300570071e-15,-1.840011560109084e-6,-4.004593026337948e-6,-5.280677624449864e-6,-1.3039730635494646e-5,-9.784091120694246e-5,-2.055715771625352e-5,-5.509642222463772e-6,-1.7310776171247454e-5,-4.514931800792649e-5,-2.4003753191238766e-5,-4.648540080970656e-5,-2.9755230129614728e-5,-6.223956323902086e-5,-7.646391963371387e-6,-4.191406458621565e-16,4.8637328528328915e-17,-2.0341827492368781e-16,3.175399153622127e-16,-1.997877088828553e-16,-8.168277337191123e-16,-3.7451330846944087e-16,1.0860198390980982e-15,-2.701709721284624e-16,1.2997926551568162e-15,-1.3305285460026128e-15,6.130123569486051e-16,1.977242317669709e-6,2.546125471711148e-6,1.6351042854322914e-5,1.2054153831276834e-6,1.0967136627945566e-7,1.992542134207471e-6,1.6824496076535857e-6,8.567581423261382e-7,8.224200007309615e-7,1.6396426125094881e-6,1.0117223345043864e-6,4.6945604603276514e-8,1.0657127721525091e-5,6.302067881979603e-16,3.5641919585541624e-6,7.733433612452998e-17,5.4842859659565965e-17,-4.040523730022712e-16,2.404143339368924e-16,-3.9313005699969236e-16,3.8675501445788414e-16,-4.564582393594327e-16,9.899869394764842e-16,5.476558613141189e-16,2.2762318034233064e-16,-1.1010736076754885e-15,-6.944416007119321e-17,-0.0,-0.0,-0.0,-0.0,-0.0,-0.0,-0.0,-0.0,-0.0,-0.0,-0.0,-0.0,-0.0,-0.0
-0.004429884362041557,0.00031955517074941007,4.74222907716965e-15,1.7377640754388968e-14,-2.925141586730643e-14,-0.0011448871343912397,0.1772474356307694,-0.013066585103021286,-0.0015650587510917008,9.383282611567811e-14,0.0002165182553873447,7.241281566604352e-5,3.316941521084932e-14,-0.06496856144803574,-0.020890522352212105,3.170898350859176e-5,-0.00015548652933816933,-0.00028563496243821153,-8.29939093733699e-5,-3.922150908101812e-5,-3.4868589913279337e-5,-0.0001473795690781317,-5.622488393426787e-5,-0.00012364766233638285,-0.00017664644755850317,-0.00016250943378748754,-5.6482031562416294e-5,-3.4505332440608093e-15,3.6185522089284633e-16,-1.7255083601792377e-15,2.3361888452987227e-15,-1.412669991544511e-15,-6.104772727757359e-15,-2.914655755984765e-15,8.456418729550082e-15,-2.1321831709935392e-15,9.820425682060066e-15,-1.0438926829702973e-14,4.59493504905884e-15,0.03212874808705916,0.021451488215294738,0.250458237137982,0.006660177657068698,-0.00492372952559206,-0.002719579500066863,0.010554056827270009,-0.002030139452075895,-0.007259367469374308,0.030678737911327067,-0.011559827103360749,2.7754495928940616e-5,-0.025816161703162085,4.423871758035405e-15,-0.008634010815851084,7.778133189855816e-16,3.1749184804801597e-16,-3.0754683498074767e-15,1.7653229680379654e-15,-2.923141146588007e-15,2.895557381322372e-15,-3.7772392625450364e-15,7.79918263877061e-15,4.2031414111798595e-15,1.582977806302033e-15,-8.477599828569376e-15,-5.150998671176289e-16,-0.0,-0.0,-0.0,-0.0,-0.0,-0.0,-0.0,-0.0,-0.0,-0.0,-0.0,-0.0,-0.0,-0.0
0.007178059701265849,0.00043649742119961934,9.5181457031284e-15,3.47066989096155e-14,-5.732695894344119e-14,-0.001346144814477753,0.26232288307687573,0.007827675431589805,-0.00229028460210384,3.4823065404240423e-13,0.0006201647502000734,0.0002074091889394345,6.307400590155257e-14,-0.3363815051358017,0.006383280750249563,0.0001182132674233386,-0.00041371523343918394,-0.00021364478167314361,-0.00011279197016278508,-8.789189633624766e-5,1.2290197372578323e-5,-0.0001613517946978056,-2.2022044700908756e-5,-7.584502512469909e-5,-0.00036217304626269455,-8.164405167023621e-5,-0.00011117188401661852,-6.944582642206047e-15,6.94934765684069e-16,-3.473173451578666e-15,4.591907911303228e-15,-2.761399496211454e-15,-1.2084427278794217e-14,-5.799376412598788e-15,1.6812668192449067e-14,-4.261124796684964e-15,1.9412467973725287e-14,-2.085308644423061e-14,9.133029021036008e-15,-0.021534829212072892,-0.026812180641349118,-0.09161185361852933,-0.011852374080924443,-0.013158112992987527,-0.009365358476234873,-0.03243695820873019,-0.02087501416398027,-0.01969680911005602,-0.047329104115161745,-0.016300523889897948,-0.00025180232031962014,-0.08586690524392457,8.511272955229816e-15,-0.028717506387023077,1.6058603197930666e-15,5.565943281866461e-16,-6.1006779272015135e-15,3.4701356857966533e-15,-5.757821809961155e-15,5.6951534009261965e-15,-7.65044135705268e-15,1.5584655631350222e-14,8.37311016012206e-15,3.0501319212336887e-15,-1.694307574882632e-14,-9.723060757674466e-16,-0.0,-0.0,-0.0,-0.0,-0.0,-0.0,-0.0,-0.0,-0.0,-0.0,-0.0,-0.0,-0.0,-0.0
-3.701902206648264e-7,0.0001372728704236261,1.5780630328513047e-15,5.784544376276898e-15,-9.989425038634866e-15,-0.0005381608652515688,-6.118427388829588e-5,-1.3933571360818101e-5,-0.0006382025851271352,4.9886470517476636e-14,2.1236652383612208e-5,7.1024301910821435e-6,1.0054145883150362e-14,-1.999634877511363e-5,-6.098017346544736e-6,5.598766159370647e-8,-2.3220380543935723e-5,-0.00016246970394169182,-3.69279712167264e-5,-9.48790505806823e-6,-2.8129709423605315e-5,-7.124139064973334e-5,-3.471506403605807e-5,-7.234460219829963e-5,-4.9718744857610426e-5,-0.00010019517127898256,-1.8982288029966908e-5,-1.1231545995696502e-15,1.2813936246740648e-16,-5.556881112217701e-16,8.045431112218586e-16,-5.12458290046587e-16,-2.071739413238354e-15,-9.982064606636473e-16,2.8170896321267318e-15,-7.142618758480942e-16,3.3095434164407656e-15,-3.473081980243887e-15,1.566383769057055e-15,1.4509567147711317e-6,5.315363982429222e-6,2.6975723655064527e-5,2.180636638784721e-6,1.647600543654943e-7,3.2341399816040465e-6,2.5507218226560517e-6,1.2043835936128075e-6,1.215107891750772e-6,2.4791600935020465e-6,1.8543408694997927e-6,1.126441003926439e-7,2.7401492928308354e-5,1.4892201914940033e-15,9.164212281185313e-6,2.100431958179525e-16,1.3834395581024027e-16,-1.040838166381443e-15,5.9918161853541e-16,-1.0120673991867398e-15,9.758946343482888e-16,-1.2202253913356689e-15,2.5875280194802693e-15,1.4024373534855092e-15,4.890107022869271e-16,-2.8325916312733547e-15,-1.5653261452644707e-16,0.0,0.0,0.0,0.0,0.0,0.0,0.0,0.0,0.0,0.0,0.0,0.0,0.0,0.0
-4.174679975710187e-7,0.0001257680174863667,4.279822352698654e-16,1.860798030567019e-15,-3.3309074837995245e-15,-0.0005000654965741578,-4.546395745214818e-5,-8.690218444869178e-7,-0.0005871447024960222,1.3758379085267043e-15,2.1783439223047887e-5,7.285298720898076e-6,4.795752342420144e-15,8.793515741222361e-6,-6.277941667998677e-6,-1.3777849148674555e-5,-1.8157406959713398e-5,-0.00014422717768917647,-2.8407166549876308e-5,-7.891604962232015e-6,-2.5935962217946727e-5,-6.908877043689966e-5,-3.887783666528943e-5,-7.18158560521168e-5,-4.365248696669737e-5,-9.389124214756778e-5,-7.002863106555233e-6,-3.2774401188869383e-16,3.95204739837156e-17,-1.518647579406129e-16,2.797819830927091e-16,-1.7177905061572443e-16,-7.182316053434969e-16,-2.964897512024928e-16,9.124195865764046e-16,-2.1784937439998726e-16,1.1341731548826393e-15,-1.1030734729728087e-15,5.311489931682963e-16,4.15914165010124e-6,3.0147068928620353e-6,2.422258702232203e-5,1.6553394645336757e-6,1.7345335026137082e-7,2.9878540139389773e-6,2.645184201173066e-6,1.4112145097924526e-6,1.314586221597019e-6,2.5824074996379054e-6,1.3729809193408123e-6,4.564278746093126e-8,9.118385958325228e-6,6.282949713878418e-16,3.049571963161392e-6,5.856020771528275e-17,4.8735958159557314e-17,-3.4439314673549344e-16,2.1858523223879318e-16,-3.355147449683823e-16,3.434951820255418e-16,-3.5891265171369655e-16,8.184639370541542e-16,4.724461398086054e-16,2.601293666362849e-16,-9.410594736130779e-16,-7.43738495749514e-17,-0.0,-0.0,-0.0,-0.0,-0.0,-0.0,-0.0,-0.0,-0.0,-0.0,-0.0,-0.0,-0.0,-0.0
-0.005642188146341843,2.8694227698858075e-6,-2.2563225893469814e-17,-1.2840287286499934e-17,-2.6230328396251843e-16,-5.001439435455075e-5,0.03267808185243818,-0.0035530054885902452,1.7958361617826513e-5,-3.3062414126535234e-14,-6.484923667258961e-5,-2.1688313594706873e-5,-2.52121351206239e-16,0.01608282203024326,0.0021856962914200673,-6.538258024984377e-6,3.7335725171647734e-5,-4.089115301574308e-5,-4.086444614773274e-6,6.109492061912442e-6,-1.2259552283623445e-5,-7.194834076710726e-6,-7.272835327897857e-6,-1.6667274706322016e-5,2.1639404060892764e-5,-2.8519211944492697e-5,1.8173898972822538e-7,1.6894153241532946e-17,-1.2564786270351552e-17,6.65929374605351e-18,6.381749326380197e-18,-1.584901338528127e-17,-2.128961511575625e-17,2.3363768344106965e-17,-1.2410791130051481e-17,1.3310310737533776e-18,7.447666784170129e-18,2.058703540479739e-17,-1.148765063666108e-17,-0.0013752111749237934,-0.00532538150252509,-0.024083327608813987,0.00030626525087569805,-0.0008008103111734683,-0.00041509634900075733,0.0013380784443442876,0.001037909216860158,-0.0007394950025423823,0.010926955521219804,-0.00227375481337606,5.017772580677967e-6,0.009987659146683269,-1.359964000166832e-16,0.0033402934986545515,-1.1807510423907534e-17,2.9930989507469733e-17,-2.4279314730355294e-18,1.1592080934793539e-18,-2.955508680033437e-17,2.2001812587206968e-17,3.365161009352774e-17,-1.4101192993391005e-17,-1.6056819088469787e-17,4.3740624030711155e-18,2.5918864809813464e-17,-1.6425691497383226e-17,0.0,0.0,0.0,0.0,0.0,0.0,0.0,0.0,0.0,0.0,0.0,0.0,0.0,0.0
-0.021235010480721146,0.0004936495218933274,1.7211176354161905e-14,6.32140485932121e-14,-1.087367160474472e-13,-0.0018158754130723157,0.2791786485915705,0.02225269366764657,-0.002295926117902942,5.812773386895174e-14,0.00010287678194372316,3.4406324898306456e-5,1.1374753969820563e-13,-0.18505998022022654,-0.05344604087679391,0.00017845397001748546,-0.00015422135947791194,-0.0006094744803556923,-0.000197138782339794,-4.891186722932698e-5,-8.825065240798196e-5,-0.00020631537668674846,-2.9996949686157255e-5,-0.00018112217703779158,-0.00022192320133273755,-0.0003123645135868799,-0.00019708396133760237,-1.2527502818393525e-14,1.200480956136694e-15,-6.313396432033318e-15,8.339811939663207e-15,-5.311903057749993e-15,-2.2155872109264006e-14,-1.0360860609074923e-14,3.059952894724348e-14,-7.804060481025284e-15,3.5596193757097527e-14,-3.801047168713458e-14,1.6600936190842213e-14,0.10286980689393715,0.011123924235188841,0.606564897304801,0.03951118380234423,0.0029037909185078013,0.004398240078302764,0.08379256101740623,0.03377598310219928,0.007622273761960044,0.2056752280379486,-0.01649420627776967,0.0005053413379587112,-0.007968853987556665,1.6127414782611598e-14,-0.0026651201023389216,2.819672766999544e-15,1.1368255824987001e-15,-1.120663930508956e-14,6.377236412115552e-15,-1.065150642245736e-14,1.0574375486543367e-14,-1.390191864536078e-14,2.8356913267073282e-14,1.526042635975959e-14,5.4960534753688556e-15,-3.0825371826611005e-14,-1.878628458460477e-15,0.0,0.0,0.0,0.0,0.0,0.0,0.0,0.0,0.0,0.0,0.0,0.0,0.0,0.0
-0.014260681367965902,0.0002818093383459889,9.273274643387129e-15,3.4084083610859884e-14,-5.893089114802695e-14,-0.0010789696646674811,0.15081205857613966,0.006568623955208888,-0.0012807098338516038,-2.1809083327849685e-14,-4.921136907892803e-6,-1.6458352801177578e-6,6.21118659783447e-14,-0.06693081135026727,-0.02093371537684304,8.782728833749139e-5,-4.873938299012108e-5,-0.00038271783089901894,-0.00011289529498565409,-2.123484224524406e-5,-6.210569609046434e-5,-0.0001254453571795901,-2.7537161737132135e-5,-0.00012138809944883267,-0.00010309469613894896,-0.00020572060980531348,-0.00010630627957239798,-6.745829957991407e-15,6.54726589082435e-16,-3.401626318371561e-15,4.505951008002917e-15,-2.878912509952276e-15,-1.1962300536734169e-14,-5.588523490106728e-15,1.6516414361982843e-14,-4.209074700791631e-15,1.923772760752512e-14,-2.050056485529461e-14,8.95911910954844e-15,0.09580893609484756,0.03573918209464333,0.15081700681721816,0.03410367233002686,0.005001424357160168,0.005398735559727613,0.07254115706461484,0.02820249115607747,0.009260714658654709,0.1609275600355168,-0.008927573623873218,0.00044152167887573146,0.005365000231795207,8.851514225656496e-15,0.0017942818363079526,1.5126315861839905e-15,6.196949037895264e-16,-6.052746690745478e-15,3.4512853359946e-15,-5.75134864888688e-15,5.7185301582943875e-15,-7.487090473391043e-15,1.529019713625764e-14,8.238557849803041e-15,2.985005982717339e-15,-1.6623940502537103e-14,-1.0250606277214749e-15,-0.0,-0.0,-0.0,-0.0,-0.0,-0.0,-0.0,-0.0,-0.0,-0.0,-0.0,-0.0,-0.0,-0.0
0.0013795293790888848,0.000222741666910069,8.868559333789626e-15,3.23841530071277e-14,-5.4777903964435796e-14,-0.0006939859567323994,0.10030819581580676,0.025588916427908576,-0.0011292721456435456,1.8609717917630357e-13,0.00024343893705480385,8.141622442863702e-5,5.644881841430576e-14,-0.17381451441892223,-0.044059540142007365,0.00011435426579780294,-0.00018818934212330176,-0.00016512617020603062,-8.4253409402427e-5,-4.2108637944297964e-5,-3.987144524729519e-6,-7.193702606328812e-5,1.3601637758953648e-5,-3.0002281314044852e-5,-0.00017129581329326394,-5.817382129197039e-5,-0.00010107486248741767,-6.449435263633658e-15,6.196554431697366e-16,-3.2424096668487742e-15,4.256365938125812e-15,-2.678876997788832e-15,-1.1296559221629273e-14,-5.348975568669338e-15,1.5651640623893675e-14,-3.997558068884516e-15,1.8134280855786003e-14,-1.9474349637524956e-14,8.507799797106286e-15,-0.008296651193913797,-0.03416058833460439,-0.08446772741427498,-6.316479521662246e-5,-0.0028230674334700587,-0.0019316933548340497,-0.0014700373676655456,0.0003561014591235084,-0.0031653845549452714,0.012883484241758543,-0.005405293562177644,-1.097209905254259e-5,-0.03406532436776266,8.060539719957625e-15,-0.011392877935104169,1.4569390642929622e-15,5.478079444280206e-16,-5.718892761289683e-15,3.2393493878286124e-15,-5.417514500970844e-15,5.354169598644451e-15,-7.158728110096512e-15,1.4533816603549602e-14,7.808513596831631e-15,2.742938759403363e-15,-1.580387404896683e-14,-9.116597365949298e-16,0.0,0.0,0.0,0.0,0.0,0.0,0.0,0.0,0.0,0.0,0.0,0.0,0.0,0.0
8.003634148413825e-6,-2.5180721705731702e-5,5.458610327025519e-15,1.9311846053893823e-14,-3.3237358172417915e-14,0.00014086569668626228,-0.059905527039964906,0.008993287494373224,0.00013029557296509423,1.3323196977898177e-14,-1.7331871172093815e-5,-5.796507053449427e-6,3.322561582758792e-14,-0.029089990984648196,0.029621741964942078,8.325397476063608e-5,-1.468864588730973e-5,2.405829995507489e-6,-2.5695293020863267e-5,-2.9968343736706823e-6,6.47436787880829e-6,3.5420745718707674e-5,4.916644816609684e-5,4.593779114789941e-5,-2.511529242935576e-6,3.099211177545123e-5,-5.8649567012031396e-5,-3.919208994541859e-15,4.332093159618049e-16,-1.989572577535676e-15,2.5463658898932347e-15,-1.6173327166629824e-15,-6.6954860186692344e-15,-3.3345138544323987e-15,9.44626952284176e-15,-2.427212314308419e-15,1.0869997165436336e-14,-1.1739917058011051e-14,5.1049918981283106e-15,-0.04409743983239116,-0.03825003835714246,-0.43363559137236135,0.0006266523237481429,0.03146191763534262,0.020127742826934348,0.01995596527997621,0.03447779705164241,0.04664711323036905,-0.015531879378602505,0.05305571027881473,0.00031607094124868864,6.626410736287651e-5,5.279751757810199e-15,2.2161505867811863e-5,8.584242206637302e-16,3.1448079580078887e-16,-3.4431241841776364e-15,1.9299186210774363e-15,-3.217803938710927e-15,3.1618233101962216e-15,-4.355295668997767e-15,8.750624379785992e-15,4.687528016380383e-15,1.4696325313694212e-15,-9.450828881071062e-15,-4.980947035579144e-16,0.0,0.0,0.0,0.0,0.0,0.0,0.0,0.0,0.0,0.0,0.0,0.0,0.0,0.0
0.02249330022366294,0.0004377168938693906,2.1356604760215708e-14,7.703440733919534e-14,-1.3045951694287858e-13,-0.00129205950391394,-0.05983140471336593,0.05356896104598294,-0.002246018708620967,3.4295912728188923e-13,0.0005439737289902656,0.00018192770531293883,1.3777454900292556e-13,-0.30190727928428124,-0.0303702691692225,0.0002866698277934058,-0.000425267452474783,-0.00029976247925398217,-0.00018305049117729394,-9.305192367374335e-5,6.305413837707097e-6,-0.00012019572976848651,6.212850515215841e-5,-2.028525878796245e-5,-0.00037003867565393097,-7.599004120665656e-5,-0.0002399375691965888,-1.5467315942746163e-14,1.6310053340481465e-15,-7.79521412238624e-15,1.0115171440905053e-14,-6.3562572975522626e-15,-2.674048651797997e-14,-1.2991215930637014e-14,3.7440566985590965e-14,-9.559285597774589e-15,4.326484834749747e-14,-4.6550176576240085e-14,2.0336898569699725e-14,0.05146049983655677,0.008172428025797228,0.23901883599172027,0.03188840420955203,0.04063090229070783,0.027448001675592006,0.08188924355406477,0.05668244316778966,0.05983798752677386,0.0796994203895355,0.057036339003211874,0.0007175562916391712,-0.0782728220981293,2.0926961170365692e-14,-0.026177725424629275,3.492534131142577e-15,1.150860751582722e-15,-1.36482102184236e-14,7.731035992271632e-15,-1.2730873927973879e-14,1.263360899516646e-14,-1.7263477743663662e-14,3.470783409817893e-14,1.870765145594763e-14,6.386243774106816e-15,-3.773392217605372e-14,-2.0696365561028694e-15,-0.0,-0.0,-0.0,-0.0,-0.0,-0.0,-0.0,-0.0,-0.0,-0.0,-0.0,-0.0,-0.0,-0.0
-0.014783394795202812,-7.869607359555293e-5,-6.874168714084844e-16,-2.631268937483329e-15,2.9348074440953636e-15,0.00011094457611244875,-0.04438608555851223,-0.022746432833811326,0.000529090141531458,-2.8008822265529784e-13,-0.00035110510582759023,-0.00011742432186603607,-1.995212297082442e-15,0.15754373684786818,0.06261722388396698,-2.7752530153846812e-5,0.00020770416311407627,-0.00010301925387164464,1.6056465704238594e-6,3.7705573919273975e-5,-4.422643612186228e-5,1.3057457300594014e-5,-1.0942774953265641e-5,-3.44672314832592e-5,0.00014506090946048,-7.842365378473436e-5,9.292234468135759e-6,5.155289522037529e-16,-1.1814607289051558e-17,2.380975959148022e-16,-3.217882040390632e-16,1.568503494624074e-16,8.760063108917809e-16,3.9462383960597684e-16,-1.1610773476817039e-15,2.9769981020124445e-16,-1.2969596748349478e-15,1.495385116670185e-15,-6.692946186880267e-16,0.0426732485708394,0.035588911675506235,0.18582226308148053,0.02382776222790594,0.028951438453817764,0.02022624892019249,0.06610586962551772,0.044043994301422085,0.0431920739318544,0.08870561060560982,0.03728798697202992,0.0005425801626525049,0.05167552708701674,5.9284636033551905e-18,0.017282470760494432,-1.3369921677067122e-16,-2.1478771586654353e-17,4.1440394043821363e-16,-2.248008150208702e-16,4.1079343485721764e-16,-3.7611361723761653e-16,5.614941163677077e-16,-1.131123182328774e-15,-5.917135629625672e-16,-2.1523552535726262e-16,1.2672948587461467e-15,3.737767011968429e-17,-0.0,-0.0,-0.0,-0.0,-0.0,-0.0,-0.0,-0.0,-0.0,-0.0,-0.0,-0.0,-0.0,-0.0
0.0002606273736057751,6.468914333158257e-5,1.3815654296329248e-15,5.195454540216227e-15,-8.817305968716185e-15,-0.00022355585110406,0.018953961037779837,0.004840511168820767,-0.0003197797161674645,2.0650170107174397e-14,5.077307998869289e-5,1.6980654473314786e-5,1.0052277851656514e-14,-0.02142884636581853,-0.019744147307942935,1.4068098122960503e-5,-3.768593509375102e-5,-5.5422184512388745e-5,-1.903856518342847e-5,-9.083085716647326e-6,-5.474432177074413e-6,-2.74014637542735e-5,-7.007089661751298e-6,-2.059463512061491e-5,-3.951863752462489e-5,-2.8627206067474918e-5,-1.655512808666184e-5,-1.021064422794635e-15,9.574920686207138e-17,-5.092527216737153e-16,6.876417829365125e-16,-4.284848244194992e-16,-1.832049067637992e-15,-8.389498470883728e-16,2.51083281785025e-15,-6.349793666275074e-16,2.935286812126957e-15,-3.1173040288119893e-15,1.3725439311156034e-15,-0.0015662827774630469,-0.0064564905003183974,-0.01596023018447084,-1.1766354978635855e-5,-0.000533520221704238,-0.0003645440665505294,-0.00027724918598394984,6.766934606525635e-5,-0.0005979477329453603,0.0024355550793645456,-0.001021473394793224,-2.086622996634331e-6,-0.006442577667480033,1.3596651389329283e-15,-0.0021546690752327923,2.3602406973316893e-16,8.462855012796445e-17,-9.19660276369741e-16,5.301964700208527e-16,-8.683728674267842e-16,8.716988400391069e-16,-1.138732772233856e-15,2.3254064661201863e-15,1.2625360431604686e-15,4.940229313193512e-16,-2.5496074564179085e-15,-1.5970595672619381e-16,0.0,0.0,0.0,0.0,0.0,0.0,0.0,0.0,0.0,0.0,0.0,0.0,0.0,0.0
0.0011187035851227833,0.0002017401441186272,6.94360250631253e-15,2.5490510293542653e-14,-4.314565467674082e-14,-0.0006489176981687748,0.08134566203458471,0.02075622234087978,-0.0010150902210386084,1.3788486287394574e-13,0.00020181594688257936,6.749574502591168e-5,4.5196845320074834e-14,-0.15237180424316607,-0.02431804549082467,8.606351454924876e-5,-0.00015468261197385837,-0.00015665160110923945,-7.138219107328572e-5,-3.522143660374585e-5,-7.637261022336739e-6,-7.113271527677875e-5,2.2750487660683533e-6,-3.8122920448391265e-5,-0.00014564285149466704,-6.35895157000147e-5,-7.986783003016308e-5,-5.0640654326168144e-15,4.847041536852762e-16,-2.5422031309579674e-15,3.3549847777357537e-15,-2.1076570439105308e-15,-8.91004279676009e-15,-4.1934150305198044e-15,1.231998064047018e-14,-3.1408985507670904e-15,1.429817411128749e-14,-1.5322530619225967e-14,6.703969512606363e-15,-0.006726993100102367,-0.027704317746221854,-0.06849941937822539,-5.1057120252727334e-5,-0.002289471413552163,-0.0015660941659742542,-0.001191659451257571,0.00028913209000809386,-0.002566842791762739,0.010449036237793552,-0.004383565715654961,-8.90888712947976e-6,-0.027630502317606907,6.406641973233985e-15,-0.009240802664658519,1.1485303040772612e-15,4.284936295915456e-16,-4.503646496640049e-15,2.5594685471655995e-15,-4.2638001384800334e-15,4.226057663855791e-15,-5.625660909788208e-15,1.143429043316964e-14,6.15527826651084e-15,2.207833796543295e-15,-1.2452519388143497e-14,-7.297906344656635e-16,-0.0,-0.0,-0.0,-0.0,-0.0,-0.0,-0.0,-0.0,-0.0,-0.0,-0.0,-0.0,-0.0,-0.0
0.0002442620030089817,-8.022219621144788e-5,4.769986497620596e-15,1.659812122189026e-14,-2.8417031862882745e-14,0.00035893838996472625,-0.06498304215387149,0.010242536758115714,0.000383456228379728,1.0270535589984746e-13,-2.0177627655802834e-5,-6.748247769322679e-6,2.773407196359327e-14,-0.010882308214366379,0.008378743389821072,8.188872904409691e-5,-8.067745440583715e-6,7.124783287604365e-5,-9.894393765229492e-6,3.836439545209246e-7,1.8664650740276246e-5,6.40133400975385e-5,6.263873293065826e-5,7.552437660124326e-5,1.5826655729579204e-5,7.307555817507978e-5,-4.971409887941053e-5,-3.3961689441159113e-15,3.614936591064366e-16,-1.7396690929704038e-15,2.156791110756878e-15,-1.395411182066028e-15,-5.705902867819999e-15,-2.8730075049679196e-15,8.086457292453271e-15,-2.109842421865445e-15,9.268208014475527e-15,-1.0091447018197433e-14,4.340639367195837e-15,0.03931000954732596,-0.10069838491873412,0.14059777241848045,-0.5171240444834755,0.03522270731568003,0.024630322804405767,0.03540929579017434,0.01701542750574931,0.052218588760991905,-0.026057350126635438,0.05783550675081279,0.0006838780647415093,-0.0007725195003644632,4.4635555976631095e-15,-0.0002583630285090627,7.470739090256691e-16,2.435102685899769e-16,-2.9275371677084434e-15,1.6377136799693002e-15,-2.7002775528003626e-15,2.6466275604370568e-15,-3.817818738778778e-15,7.576006212715911e-15,4.050234833325471e-15,1.1215508942917436e-15,-8.079672513331427e-15,-4.114810960432681e-16,0.0,0.0,0.0,0.0,0.0,0.0,0.0,0.0,0.0,0.0,0.0,0.0,0.0,0.0
0.006847535864961334,1.1432781733947584e-5,9.00010557130042e-15,3.1956977237343267e-14,-5.425033338201439e-14,0.00011229580011388622,-0.06873324677787646,0.023909387634655128,-0.00010808097551470689,1.7712657744067772e-13,0.00013753741712353138,4.599829983531883e-5,5.3883086120081846e-14,-0.10968405160661168,0.00888126819880911,0.00014272910790781142,-0.00012138476533689084,3.445667795605805e-5,-4.467312962655998e-5,-2.308936421785795e-5,2.763692558754227e-5,4.173562824090136e-5,7.817047791160706e-5,8.000111602269503e-5,-7.619206286053986e-5,7.415266870950025e-5,-9.7754939662668e-5,-6.474345889465931e-15,6.890111736569951e-16,-3.278090748457298e-15,4.191604462659451e-15,-2.6473020839714972e-15,-1.1051509812949037e-14,-5.475379118472638e-15,1.5560885037321587e-14,-3.999182982479875e-15,1.7890524758294634e-14,-1.9371206392138197e-14,8.425298245898854e-15,0.022575015800518246,-0.23109376438129994,0.034085092213637626,-0.13864397960973862,0.03026274436036199,0.021480401865737634,-0.015444226421263274,-0.023784255170988002,0.04474552524316862,-0.15509455021542357,0.061882658186612,0.0006274370704129003,-0.023785769811179504,8.434262071892931e-15,-0.007954962328439903,1.4348987166518656e-15,4.938872907398598e-16,-5.662605068345983e-15,3.178032040204033e-15,-5.291007314817123e-15,5.194730015412829e-15,-7.20871866486471e-15,1.4455472379461492e-14,7.74649509396758e-15,2.441268644202433e-15,-1.5627724078837833e-14,-8.118715144420627e-16,0.0,0.0,0.0,0.0,0.0,0.0,0.0,0.0,0.0,0.0,0.0,0.0,0.0,0.0
0.00024426637882160926,-8.029552858573497e-5,4.814753951661744e-15,1.675648526828926e-14,-2.86886200799081e-14,0.0003595581600897827,-0.06498347638267529,0.010241973797448145,0.0003839004148721703,1.0249824572388137e-13,-2.0295856206393787e-5,-6.787788371766476e-6,2.8021710361384263e-14,-0.010876243928103933,0.00837877692676402,8.25468004388794e-5,-8.204469594180388e-6,7.11178842864498e-5,-1.013109773553748e-5,3.515539810302167e-7,1.8690329555294907e-5,6.422695402906493e-5,6.299576692398607e-5,7.5819848950092e-5,1.576152599586182e-5,7.322816446865016e-5,-5.01944423712255e-5,-3.428160871832549e-15,3.650699074623102e-16,-1.7559778333898022e-15,2.1775010952808315e-15,-1.4086720427285574e-15,-5.7604977638410995e-15,-2.8999524805736372e-15,8.163611451752472e-15,-2.129646247109872e-15,9.357148410823918e-15,-1.0187257937701962e-14,4.3821730104232186e-15,0.03930985550791997,-0.10069825587754286,0.14059771272641086,-0.5171238037260397,0.03522268941891775,0.024630308021549162,0.035409262011551854,0.017015403248818423,0.05221855393408752,-0.026057356446410954,0.05783549451231338,0.0006838804105848198,-0.0007717640557643844,4.5082558517020396e-15,-0.0002581103760459516,7.542638449368177e-16,2.45923611180973e-16,-2.955612849121928e-15,1.6535553274804408e-15,-2.7263411000630073e-15,2.6725531776853443e-15,-3.8535186167166345e-15,7.6474943229281e-15,4.0886384032796226e-15,1.13396769003738e-15,-8.1567628898905e-15,-4.1580467652276357e-16,0.0,0.0,0.0,0.0,0.0,0.0,0.0,0.0,0.0,0.0,0.0,0.0,0.0,0.0
-0.0005816294007115419,2.7122128574961993e-5,6.071209598546625e-16,2.2340377056484546e-15,-3.757065667624057e-15,-9.145246879072368e-5,0.02275051927607464,-0.0017036199254641918,-0.0001357690501064541,1.739896158696169e-14,2.4948225062205525e-5,8.343736279273855e-6,4.3132096258584406e-15,-0.00930934817208106,-0.0014115088157437654,6.43125631222295e-6,-1.797517136823344e-5,-2.1182230331350084e-5,-7.864701337187237e-6,-4.1797628687605845e-6,-1.6438020889692126e-6,-1.1094250297611663e-5,-2.498646085278362e-6,-7.684183890838191e-6,-1.7870179575509895e-5,-1.0479682456597892e-5,-7.112102145790854e-6,-4.4384913920663116e-16,4.416648622916619e-17,-2.2339982218281656e-16,2.9696821649504406e-16,-1.832640221308212e-16,-7.793913242951613e-16,-3.709775177983244e-16,1.0844802104486423e-15,-2.7371094867641357e-16,1.2608028565309883e-15,-1.3382779969356312e-15,5.863343013273325e-16,-0.0005314400161435617,0.005915891533477574,-0.0004982344418168015,0.02851483487956182,-0.0006886062175775135,-0.0004976123739809093,0.0006220089024007098,0.0008305628637688373,-0.0010156175074233183,0.004431988519625015,-0.0014963335496577092,-1.4632245913913539e-5,-0.0032671196899545325,5.903032860598815e-16,-0.0010926623044932749,1.0210667140130531e-16,3.167158931270071e-17,-3.904901887144712e-16,2.2956072569175074e-16,-3.637069737983559e-16,3.647807922651677e-16,-4.938324179990045e-16,1.0078171665257272e-15,5.506158035111434e-16,2.0521972156218592e-16,-1.0895806390026597e-15,-6.818800877667361e-17,-0.0,-0.0,-0.0,-0.0,-0.0,-0.0,-0.0,-0.0,-0.0,-0.0,-0.0,-0.0,-0.0,-0.0
8.32147834542042e-9,9.341995211786697e-7,1.3998873822523487e-16,5.154437247097503e-16,-8.798019958816147e-16,-2.6922122187261756e-6,-1.8691232507487967e-6,-1.7513922486160936e-6,-4.039914653290374e-6,1.6493198727838475e-14,-1.6915139028621128e-7,-5.657134303738716e-8,8.698046894571681e-16,0.0001214548475227412,5.5494052507496744e-8,1.921508438157152e-6,-5.936531063239787e-7,-1.7394506064920605e-6,-1.0006347289753294e-6,-1.7323047081061191e-7,-1.61216894325267e-7,2.8983331557373476e-8,7.527355728062017e-7,2.590558054035771e-7,-6.059806977266461e-7,-3.924743199841701e-7,-1.5619229777460544e-6,-9.979578994980527e-17,8.413563371528592e-18,-5.107047582728695e-17,6.828134570034206e-17,-4.8695233905989216e-17,-1.7919996212489542e-16,-8.555146853164393e-17,2.4612490536063693e-16,-6.399666654268189e-17,2.9135241525547295e-16,-3.040660346608399e-16,1.3414921218217814e-16,-3.8248382151266474e-7,2.9643302881854166e-7,2.5224596694994695e-7,6.229306058721998e-8,-2.525390666475983e-9,1.7787116150065148e-8,-2.4508843033217563e-8,-3.4029169368898946e-8,-1.9845437431326376e-8,-2.1107420665725455e-8,5.8092274985576756e-8,8.727161570517833e-9,2.439199728536479e-6,1.4657953758403959e-16,8.157710299527372e-7,1.9471994177364256e-17,3.497505237671214e-18,-8.652978255673345e-17,5.571930247116567e-17,-7.65082770003171e-17,7.685024067636766e-17,-1.1759459070558006e-16,2.3733147581461878e-16,1.363080802500451e-16,3.9710567679413796e-17,-2.4987744767358134e-16,-1.5331290166653087e-17,-0.0,-0.0,-0.0,-0.0,-0.0,-0.0,-0.0,-0.0,-0.0,-0.0,-0.0,-0.0,-0.0,-0.0
-0.0005816215736645674,2.8060253908632335e-5,7.447208564647261e-16,2.741030978120215e-15,-4.622375433065652e-15,-9.41777980687475e-5,0.022748684904595758,-0.0017053422758805468,-0.00013983273096783989,3.39032108439786e-14,2.4785394054764094e-5,8.28927873822459e-6,5.17312467224232e-15,-0.009188220798426511,-0.0014114559373534657,8.317648126728622e-6,-1.856153575252739e-5,-2.291475575795311e-5,-8.852707393239281e-6,-4.351282631810689e-6,-1.806390212163832e-6,-1.1076672018905522e-5,-1.764965623028091e-6,-7.440900221855753e-6,-1.8472692404339673e-5,-1.088030587595534e-5,-8.648393703279951e-6,-5.4193780825186e-16,5.2389216686656475e-17,-2.736000460486158e-16,3.641444601426165e-16,-2.3125164001345956e-16,-9.55678055338995e-16,-4.55091173788903e-16,1.3264880987193464e-15,-3.366508618258099e-16,1.5474093319299058e-15,-1.637231468649631e-15,7.182672404902207e-16,-0.0005318154862908434,0.005916186166710087,-0.0004979827112902476,0.028514909628047286,-0.0006886089620546431,-0.0004975946261113066,0.0006219855916676023,0.0008305300715660726,-0.0010156372327393356,0.004431970336929899,-0.0014962768924485306,-1.4623667287284317e-5,-0.003264722216700912,7.344975600914239e-16,-0.0010918604885523482,1.2119500600135517e-16,3.5040317658633965e-17,-4.755218268453622e-16,2.8443470415946497e-16,-4.3882447859489987e-16,4.402476221698181e-16,-6.0952202357285e-16,1.2413339663058431e-15,6.848746315435754e-16,2.4426773351273484e-16,-1.3353444735990372e-15,-8.328859180817842e-17,-0.0,-0.0,-0.0,-0.0,-0.0,-0.0,-0.0,-0.0,-0.0,-0.0,-0.0,-0.0,-0.0,-0.0
-1.0398083903285431e-7,2.3137947398127884e-5,-2.74851895090367e-16,-8.523430152557299e-16,1.4095079201346456e-15,-9.443320230854296e-5,-4.6834610986875225e-6,3.973059637575899e-6,-0.00010886305839568219,-1.5146886594813532e-14,4.815837696462417e-6,1.610618776218378e-6,-5.846839245090893e-16,1.1035950824779929e-5,-1.3950028424203606e-6,-7.3389644824184115e-6,-2.2576847099101745e-6,-2.4926903253009048e-5,-3.341225307653689e-6,-1.1735378945366848e-6,-4.8284281618332214e-6,-1.4036891365327963e-5,-9.609360688539302e-6,-1.5134851967453921e-5,-7.3710687251313295e-6,-1.8000728607005825e-5,2.3206050614244638e-6,1.83326367513333e-16,-1.978443572261685e-17,9.61690602251285e-17,-1.0740367343007341e-16,7.182791515214991e-17,2.7775021207269933e-16,1.6016521935709409e-16,-4.1179599278181113e-16,1.1157795009213928e-16,-4.507018398968968e-16,5.192786838269778e-16,-2.1631480608687858e-16,1.7481587608312116e-6,-8.994952495521008e-8,4.284970186621003e-6,1.8550196117503277e-7,3.9682890125660815e-8,5.582572977238874e-7,5.936135307564484e-7,3.664730522855368e-7,3.1171822805108013e-7,5.829818682832456e-7,1.3930267051807127e-7,-1.160021718085448e-8,-3.876453831121341e-6,-1.4013450101355635e-16,-1.2964492810667338e-6,-3.5735796285145375e-17,-1.8135537220796158e-17,1.4827966526097846e-16,-7.455895903845763e-17,1.4384017031454885e-16,-1.2808645830476274e-16,1.9766015410838332e-16,-3.886559330057239e-16,-1.9532658172669635e-16,-1.7418200452061206e-17,4.0151160403938346e-16,1.0301435175056462e-17,0.0,0.0,0.0,0.0,0.0,0.0,0.0,0.0,0.0,0.0,0.0,0.0,0.0,0.0
1.6642960764127625e-8,1.8683981348941203e-6,2.7997748722826347e-16,1.0308874828425513e-15,-1.7596040470344828e-15,-5.384420733808474e-6,-3.738246317876211e-6,-3.5027846530060307e-6,-8.079825036975553e-6,3.298639804957791e-14,-3.3830296944888985e-7,-1.1314274923800907e-7,1.7049030248379585e-15,0.00024290969461254722,1.1098815975194206e-7,3.843017164041662e-6,-1.1873061244921522e-6,-3.478900233535705e-6,-2.0012693275374606e-6,-3.46460895165591e-7,-3.2243359938066766e-7,5.7967213871369994e-8,1.505471522302855e-6,5.181122042676301e-7,-1.211961106610807e-6,-7.849479340076301e-7,-3.12384604640669e-6,-1.99591587088413e-16,1.6827127518865368e-17,-1.0214095542566266e-16,1.3656269561232064e-16,-9.739047062858088e-17,-3.583999351412562e-16,-1.7110294334386406e-16,4.922498268690922e-16,-1.2799333746068685e-16,5.827048481843885e-16,-6.081320896842268e-16,2.682984328467396e-16,-7.649677115639017e-7,5.928660610769956e-7,5.04491765759454e-7,1.245861139210273e-7,-5.050782920389265e-9,3.557421040624366e-8,-4.9017709346975426e-8,-6.805835311244223e-8,-3.969088709592131e-8,-4.221486419304409e-8,1.1618454450269932e-7,1.7454323621393894e-8,4.878399609032718e-6,2.931590806632228e-16,1.6315421107083076e-6,3.8943989756041407e-17,6.995011186490634e-18,-1.7305957092798008e-16,1.1143860786602436e-16,-1.5301655964105823e-16,1.5370048637540867e-16,-2.3518918916204156e-16,4.746629668696596e-16,2.726161681594654e-16,7.942113604186788e-17,-4.997549110916973e-16,-3.066258073726084e-17,-0.0,-0.0,-0.0,-0.0,-0.0,-0.0,-0.0,-0.0,-0.0,-0.0,-0.0,-0.0,-0.0,-0.0
-1.0400535130726615e-7,2.3137946335834215e-5,-2.7485192615454647e-16,-8.523431275021701e-16,1.409508104660264e-15,-9.443319941546752e-5,-4.6843578560515885e-6,3.973032926206876e-6,-0.00010886305257350576,-1.5146887779728814e-14,4.815835651692836e-6,1.6106180923677415e-6,-5.873006101121784e-16,1.1037100228832107e-5,-1.3950246694407561e-6,-7.33896493349063e-6,-2.2576833581112366e-6,-2.4926903015605937e-5,-3.3412250190758875e-6,-1.1735376198890276e-6,-4.828428292418293e-6,-1.4036891049835158e-5,-9.609360747749346e-6,-1.51348519533844e-5,-7.3710676359618305e-6,-1.800072864856635e-5,2.3206054173611278e-6,1.8332639012543204e-16,-1.9784437962442718e-17,9.616907157519706e-17,-1.0740368816626864e-16,7.182792400182139e-17,2.7775025091529843e-16,1.6016523816242498e-16,-4.117960471189426e-16,1.115779639094386e-16,-4.50701902360865e-16,5.19278751320031e-16,-2.1631483548274972e-16,1.7482324476825126e-6,-8.985809346516609e-8,4.285283906356676e-6,1.8554135683557725e-7,3.9727856743871664e-8,5.582893150525353e-7,5.93724356220025e-7,3.6654433414937166e-7,3.1178554334870556e-7,5.831434716976342e-7,1.393583911205631e-7,-1.1599356199642479e-8,-3.8761603933666205e-6,-1.4013452795332155e-16,-1.2963511431460847e-6,-3.573580157284924e-17,-1.813553895640116e-17,1.4827968493239972e-16,-7.455897015029188e-17,1.4384018884469425e-16,-1.2808647659356477e-16,1.97660179026024e-16,-3.886559834671112e-16,-1.953266087261505e-16,-1.7418209987010533e-17,4.015116587242246e-16,1.0301438243739655e-17,0.0,0.0,0.0,0.0,0.0,0.0,0.0,0.0,0.0,0.0,0.0,0.0,0.0,0.0
-0.0010499913072014437,-1.656389649110105e-5,-3.5827728204510594e-18,2.7383969547362925e-18,-5.577096521112248e-17,5.8197810463338373e-5,0.005304821425804891,-0.0009727010917603512,8.413665169039632e-5,2.2292562364438822e-15,-1.690614646336977e-5,-5.654126786815656e-6,-1.736092501870997e-16,0.004015204070729071,0.00024949166621334,1.556988807246586e-6,1.0160347575455423e-5,1.0665036177195876e-5,2.5976575681008477e-6,2.314076397235583e-6,9.578638431146402e-7,8.186948432271183e-6,4.313021347295732e-6,6.680302246394144e-6,1.0403201472431806e-5,6.926768525196852e-6,2.0494451297096447e-7,3.6459165687366936e-18,-5.935652098187954e-18,4.577740428320699e-19,6.113144798116859e-19,-6.523456998810736e-18,-3.3112726760481413e-18,3.9636245188736634e-18,-3.3963408791028668e-18,-2.4762376772958764e-19,5.450996118575268e-18,8.207220345288316e-18,-3.866897766009947e-18,0.0005078004749656329,-0.0006282486029409264,0.0009703804950924618,-0.007444585683853763,0.00019737903348243175,6.565305498586877e-5,0.0008117176881213859,0.0001388171180736409,-3.821471690483025e-5,0.00326271668007309,-0.0004017569277805782,1.8647800316801262e-6,0.002119337418051007,-9.101517407237533e-19,0.0007087956141677075,-3.4095955330788346e-18,-2.5550008565873136e-18,3.248324174798438e-18,4.396121715531757e-18,5.419098270680498e-18,-3.921037389957273e-18,-4.1776177042101393e-19,4.0475155396634544e-18,1.0395242018346407e-17,1.1130025064013899e-18,3.8581724274143924e-18,-4.705820185606448e-18,0.0,0.0,0.0,0.0,0.0,0.0,0.0,0.0,0.0,0.0,0.0,0.0,0.0,0.0
-0.003565975093251087,-1.687111161453575e-5,3.042540250702018e-15,1.1174088799779055e-14,-1.924553567330148e-14,8.470241920793649e-5,0.03775304152948616,0.0007045221771970096,9.06622219752213e-5,6.45993709089795e-14,-2.0393022644554867e-5,-6.820284914835319e-6,1.8911977019897343e-14,-0.022015607903301655,-0.004857339665314555,4.74562480054487e-5,-2.402965004660758e-6,-1.6689422782633604e-6,-1.4843662879786223e-5,-6.025355016486869e-7,2.478915745770261e-6,2.0777978019218656e-5,2.823995955168496e-5,2.5467645089895705e-5,2.7851621313720385e-6,1.560082086752905e-5,-3.3688810997443016e-5,-2.2022069132107807e-15,1.9335904998257446e-16,-1.1145309950384844e-15,1.4756191014774573e-15,-9.646577049117933e-16,-3.907618434676784e-15,-1.8449887753645147e-15,5.394505199378136e-15,-1.378239572930711e-15,6.313308956936435e-15,-6.671743166819389e-15,2.926569790058899e-15,0.006024362906778381,0.013486822836418706,0.02507023940611995,0.03774898487870453,0.0026339156868488583,0.0011649124043685696,0.014062696991299231,0.007977203576629378,0.0015014675440638147,0.0410580608689222,-0.002468546669648076,2.4950321004708468e-5,0.0015703933499152296,3.014063578829671e-15,0.000525205618241266,4.782227717770703e-16,1.5427405538005625e-16,-1.956865039071644e-15,1.1549865497280758e-15,-1.8176567258472337e-15,1.8152471593876706e-15,-2.481327647859674e-15,5.03677155672109e-15,2.7765923239364163e-15,9.68493591490764e-16,-5.443193994491022e-15,-3.367949159899871e-16,-0.0,-0.0,-0.0,-0.0,-0.0,-0.0,-0.0,-0.0,-0.0,-0.0,-0.0,-0.0,-0.0,-0.0
-0.002110392976010525,-1.4619255802708532e-5,1.1344686643285507e-15,4.174086249110049e-15,-7.232287496551852e-15,5.816138588160382e-5,0.017360870411458115,-0.0005952260120113578,7.830762057158397e-5,2.494020785084664e-14,-2.068556632384835e-5,-6.918123827942244e-6,7.050603452975194e-15,-0.00319933583778384,-0.002235007461756328,1.808147712342998e-5,6.847814037708143e-6,2.0954836880459784e-6,-4.4837395068495375e-6,1.377593992089067e-6,5.910452965491535e-7,1.14777076230707e-5,1.2271962674975582e-5,1.1814167673034756e-5,7.848861690247217e-6,7.457882536383128e-6,-1.2461337594069932e-5,-8.196597808891467e-16,6.83801593861621e-17,-4.162764695574666e-16,5.50677585990355e-16,-3.653591728155519e-16,-1.4610419502776461e-15,-6.853417100855542e-16,2.011445423117719e-15,-5.154983249276065e-16,2.3618321522791244e-15,-2.4855466781454516e-15,1.088964816667568e-15,0.004148177147337196,0.014979089573812705,0.019766182359021382,-0.011855907205057482,0.0017318623107336274,0.0008764618246954899,0.010252194215190401,0.006647938131914278,0.0014681797656194541,0.0279443414689881,-0.0011514179732046545,1.8730187932194304e-5,0.002350772418572638,1.1382797410761487e-15,0.000786197217105826,1.7662572599314268e-16,5.5097474777274445e-17,-7.279969121991434e-16,4.344001469922427e-16,-6.72656343811365e-16,6.742256542381848e-16,-9.288088662920197e-16,1.884951645972299e-15,1.045200795376721e-15,3.61077200215338e-16,-2.0286922256143142e-15,-1.2973915547710642e-16,0.0,0.0,0.0,0.0,0.0,0.0,0.0,0.0,0.0,0.0,0.0,0.0,0.0,0.0
5.8566142408028954e-5,-5.059065507057457e-6,1.6727263621698463e-15,6.08363276703841e-15,-1.0299402338269245e-14,5.1020463011215546e-5,0.015787502364760557,0.00332475306443386,1.2588819855112734e-5,6.35589483001135e-14,2.6093409527434566e-5,8.726734151852852e-6,9.966917124694499e-15,-0.030565360650378494,-0.003364887960279609,2.842069310689329e-5,-2.2846190534508382e-5,1.5455453283695972e-5,-6.932566603984094e-6,-4.069819466660941e-6,6.9880039459232185e-6,1.2078826603814038e-5,1.7433964928777303e-5,1.9736155727945732e-5,-1.2469099264884993e-5,2.0054983993619646e-5,-1.8451753166998414e-5,-1.2077233711910449e-15,1.072672745577729e-16,-6.103419335816873e-16,7.985736054056847e-16,-5.154681975753476e-16,-2.1157422723221173e-15,-1.0108445293431842e-15,2.9309267782198264e-15,-7.521736084912333e-16,3.4090873015351123e-15,-3.637374375191325e-15,1.5909736594716902e-15,0.0007799843376188337,-0.004909088131772881,0.0008381192744675999,-0.02193094364322432,0.000508070306312554,7.677291378909859e-5,0.0014370285538925854,-6.595598933725718e-5,-0.00027022670905388476,0.00612312968078262,-0.000926623903731061,1.024007633870552e-6,-0.004712045896387145,1.5602276548041108e-15,-0.00157590643032348,2.6451310326654626e-16,8.433490571479924e-17,-1.0622100592046797e-15,6.180636709454947e-16,-9.888179645364233e-16,9.793796104761951e-16,-1.3571890425885972e-15,2.742959653515769e-15,1.499179729005191e-15,5.014621500861002e-16,-2.9609730743775733e-15,-1.721354466794116e-16,-0.0,-0.0,-0.0,-0.0,-0.0,-0.0,-0.0,-0.0,-0.0,-0.0,-0.0,-0.0,-0.0,-0.0
0.0002198397118276844,-7.224438158873954e-5,4.333865246505535e-15,1.5083009911576365e-14,-2.5823518474616802e-14,0.0003235203022317153,-0.058485142254464,0.009217769746975893,0.0003454107252149745,9.225082175381623e-14,-1.8263755969676267e-5,-6.1081685411595145e-6,2.522367175423683e-14,-0.009788518139165179,0.007540898538640688,7.429731892011025e-5,-7.38885756211612e-6,6.397884652773508e-5,-9.125811150256015e-6,3.1461849081180386e-7,1.6816969337968267e-5,5.7794405166413355e-5,5.669341297407481e-5,6.822847695551265e-5,1.417682124448062e-5,6.589036666441332e-5,-4.518183490221496e-5,-3.0857728158433415e-15,3.286090368718115e-16,-1.5805947934101162e-15,1.9600419141519973e-15,-1.2679912726790238e-15,-5.185211276673802e-15,-2.610320837316433e-15,7.348310032899818e-15,-1.916948149371552e-15,8.42267338679145e-15,-9.169840149470356e-15,3.944535180689466e-15,0.03537886912741498,-0.0906284287453911,0.12653794588452955,-0.46541142288243426,0.031700420492223026,0.02216727771519457,0.0318683361006953,0.015313863000648947,0.046996698655882095,-0.023451620503602052,0.052051945475905595,0.000615492408702312,-0.0006945771914289652,4.0580680135498895e-15,-0.00023229584059225204,6.789309200470576e-16,2.2136303832856453e-16,-2.6604379568421238e-15,1.488426811651002e-15,-2.4540671223482206e-15,2.405659352813825e-15,-3.4686459678013003e-15,6.8837219524211705e-15,3.680312344700879e-15,1.0207725795833017e-15,-7.342156297048385e-15,-3.7428828185417913e-16,-0.0,-0.0,-0.0,-0.0,-0.0,-0.0,-0.0,-0.0,-0.0,-0.0,-0.0,-0.0,-0.0,-0.0
0.022493138931940944,0.0005036261151950075,2.234946652895681e-14,8.054470641112669e-14,-1.364715990989796e-13,-0.0015489625500031189,-0.05986301609393086,0.05355977233712341,-0.002551919348486626,3.8313567124086377e-13,0.0005536781170753821,0.0001851732610468579,1.4328608171425436e-13,-0.30191739817982854,-0.030373052138277443,0.00028960612642043286,-0.0004370730125703641,-0.00037873895822927126,-0.0002019224947590501,-9.777540253812483e-5,-7.166394214867339e-6,-0.0001535947240542183,4.69508800913789e-5,-5.3851853772262046e-5,-0.0003943098055067644,-0.00012365283697706437,-0.00025124090926827684,-1.6165260407105807e-14,1.7092743910012894e-15,-8.145019559262234e-15,1.0591246720717876e-14,-6.6608208842313196e-15,-2.7974066889898412e-14,-1.3605375957027983e-14,3.914652864070732e-14,-9.998528548669815e-15,4.524051261001124e-14,-4.866658381647885e-14,2.127455207535478e-14,0.05146060161149098,0.008175371249735072,0.2390318928688752,0.03188952338972277,0.04063097698729923,0.027449549475612078,0.08189040342913508,0.05668295647836674,0.05983852888876136,0.07970054326954883,0.05703729773242993,0.0007176225191139185,-0.07825630137350849,2.1781356907268118e-14,-0.0261722001991293,3.627295498017408e-15,1.2307727696368246e-15,-1.4276766690621746e-14,8.081946642291758e-15,-1.3340097163811501e-14,1.3214116939766857e-14,-1.8022210770922014e-14,3.6282104735391034e-14,1.9546177349294072e-14,6.6391395401209664e-15,-3.944072742431725e-14,-2.1534416500106325e-15,0.0,0.0,0.0,0.0,0.0,0.0,0.0,0.0,0.0,0.0,0.0,0.0,0.0,0.0
-0.014783443720774093,-6.781830649772845e-5,-8.225795347528968e-16,-3.0351723732074445e-15,3.594516436162627e-15,6.655403436936491e-5,-0.04438826881753248,-0.022744577194537024,0.00047786238110193225,-2.9295644555884787e-13,-0.0003488281350409062,-0.0001166628070200151,-2.065392915503915e-15,0.20149672853275222,0.018700340394949756,-3.1191896188507844e-5,0.00020663597927336852,-0.00011472559736883129,3.787434372056241e-8,3.715769218511196e-5,-4.648429491696333e-5,6.436148431419066e-6,-1.5444337701696186e-5,-4.1604461064006415e-5,0.0001415881970941294,-8.688519055344757e-5,1.0389867550431957e-5,6.016843867068815e-16,-2.209315435723675e-17,2.8257800115018017e-16,-3.764811863618154e-16,1.9261863567632306e-16,1.0105036752454798e-15,4.766023104282473e-16,-1.3562995104357406e-15,3.5118690964604946e-16,-1.5097574667732695e-15,1.7403048733242449e-15,-7.745354356922905e-16,0.04267406971553878,0.03558887516595871,0.18582427938838111,0.023827849568489923,0.028951456479758133,0.020226510212017632,0.06610615007910672,0.04404416720095449,0.043192220329812965,0.08870589191330282,0.037288052930939695,0.000542574716410918,0.0516737669937849,-2.7788604080492786e-17,0.017281882111253564,-1.454266213653918e-16,-3.5836448745248073e-17,4.857060477858331e-16,-2.594775774452545e-16,4.850924467149099e-16,-4.3680646363863753e-16,6.4859632542379215e-16,-1.3138908326051473e-15,-6.811819325866819e-16,-2.1492592828642785e-16,1.4553679916894803e-15,3.970567359855212e-17,0.0,0.0,0.0,0.0,0.0,0.0,0.0,0.0,0.0,0.0,0.0,0.0,0.0,0.0
4.9970060824084406e-6,2.26822910774265e-5,-1.310488142147188e-16,-3.291925386800374e-16,5.239996572182838e-16,-8.994305096453002e-5,0.0013704325522749786,0.00029358200916714287,-0.00010770058631746049,-9.594898657992081e-15,7.090267031890398e-6,2.3712836535591997e-6,2.652259880385527e-16,-0.0016453047918275551,-0.0013006330619551424,-4.888439960872357e-6,-4.23939261130353e-6,-2.3554797414253974e-5,-3.9313214601907555e-6,-1.5255844845228714e-6,-4.2171247297217475e-6,-1.2983629634604689e-5,-8.099903225136331e-6,-1.341759127989731e-5,-8.448206259729837e-6,-1.6246734564774113e-5,7.340716765795911e-7,7.949348998370244e-17,-1.059155677931732e-17,4.3700972271891585e-17,-3.872443080649315e-17,2.7491532908965078e-17,9.579019307665369e-17,7.325751647818979e-17,-1.5979371626830187e-16,4.690366321225843e-17,-1.575555164447034e-16,2.065404723022312e-16,-7.950692767680192e-17,6.968979221116817e-5,-0.0004276753994986053,7.728162551163014e-5,-0.0019100005032513727,4.4292681612264625e-5,7.244914294910406e-6,0.00012575917072798942,-5.377809458272055e-6,-2.3224730309165034e-5,0.0005339079423975794,-8.057037569380881e-5,7.747623029886864e-8,-0.00041432767188644625,-6.1761503527137886e-18,-0.00013856860835817614,-1.3008711999789696e-17,-1.0887104518762808e-17,5.695602924705416e-17,-2.1400123673965607e-17,5.882005734057182e-17,-4.388930020812115e-17,8.097208749405775e-17,-1.527821434866788e-16,-6.638208448491394e-17,2.571384004630591e-17,1.4689608348830653e-16,-4.505802819898148e-18,0.0,0.0,0.0,0.0,0.0,0.0,0.0,0.0,0.0,0.0,0.0,0.0,0.0,0.0
5.33614864572208e-5,1.8420682519399582e-5,1.2535398317692561e-15,4.705746629770195e-15,-8.000050808454428e-15,-4.7451745433857785e-5,0.014407744454274821,0.0030391206254991514,-9.690536759061201e-5,4.293412154067285e-14,2.86155176369482e-5,9.570233234467878e-6,8.495394045274126e-15,-0.028897969555936844,-0.002067039430214778,1.8640549935827238e-5,-2.310499593981792e-5,-1.071204274288218e-5,-9.656800762748977e-6,-4.88401360190945e-6,1.5716353923255924e-6,-2.9494737202848075e-6,6.3486796719604985e-6,2.9479851348654666e-6,-1.8723042423694918e-5,3.8479570337993767e-7,-1.4536028493602132e-5,-9.201271606408619e-16,7.823692319110022e-17,-4.614986662406596e-16,6.221517058640042e-16,-3.991069348657507e-16,-1.655132686447005e-15,-7.634135354263897e-16,2.2659386463135537e-15,-5.756476055807347e-16,2.6637778935546243e-15,-2.8039171669402655e-15,1.2371769980345673e-15,0.0007137878759999514,-0.004481595622845142,0.0007693861715315573,-0.020020573631997385,0.0004638569332744859,7.064188677504546e-5,0.0013124544966743531,-5.984630522123964e-5,-0.0002463795515231545,0.005590385704219562,-0.0008457761295080825,9.232786601051742e-7,-0.0043054827327551805,1.2851446675965648e-15,-0.0014399346002536455,2.0593806539337235e-16,5.891973066748364e-17,-8.221599511644685e-16,4.900644462103668e-16,-7.595447053680085e-16,7.666407159272419e-16,-1.042347700902434e-15,2.1173822463030674e-15,1.1743000062589313e-15,4.405142464264699e-16,-2.30361308417972e-15,-1.469193801460463e-16,0.0,0.0,0.0,0.0,0.0,0.0,0.0,0.0,0.0,0.0,0.0,0.0,0.0,0.0
0.007924373616721707,-7.348428715037384e-5,-7.547967623019761e-15,-2.654145888911018e-14,4.6163734387278664e-14,0.0003468722724419757,-0.06941402518136079,0.026392964968266316,0.0002394354666288496,9.536368716996581e-14,0.00018557168969095803,6.206298188949198e-5,-4.066662375107883e-14,-0.11917936487226664,0.0014457995853809997,-7.834865315078383e-5,-7.061883744686813e-5,0.0002228381555255506,6.661070607003478e-5,-6.956807309887759e-6,4.5963486224484964e-5,2.8064532487377397e-5,-1.2886144415646722e-5,4.292817714794822e-5,-2.287177203960849e-5,0.00011237645632150894,8.059831822290826e-5,5.253199752956529e-15,-4.708033009808348e-16,2.6691825253892157e-15,-3.4955384843876446e-15,2.2925963909150547e-15,9.222536056655905e-15,4.5731132917480835e-15,-1.286257779125721e-14,3.300882862775191e-15,-1.5017686300814018e-14,1.5872731440242584e-14,-6.953635492664721e-15,0.01329222808732439,-0.012932081178134184,-0.05294764591606173,0.015227222698227783,-0.5422088696701228,0.02202751347918312,0.038557295868967625,0.03487298221181558,0.055903409997858346,-0.01783107017626448,0.0629490658630143,0.0003577216626389153,-0.027832813632772898,-7.754906574609081e-15,-0.009308464081633017,-1.0953892666502992e-15,-4.477244251818965e-16,4.716703328428904e-15,-2.66329323322594e-15,4.385949487456437e-15,-4.322194385645109e-15,5.914063055469361e-15,-1.1917511321826361e-14,-6.489677184925525e-15,-2.0782654124863304e-15,1.2852410203331529e-14,6.897418182425923e-16,-0.0,-0.0,-0.0,-0.0,-0.0,-0.0,-0.0,-0.0,-0.0,-0.0,-0.0,-0.0,-0.0,-0.0
0.004755319207016498,-2.017906274476435e-5,3.4641380957887164e-15,1.2382584250529326e-14,-2.0916315971678024e-14,0.00017057094116760133,-0.0678494684970188,0.01968404241472828,5.0131121003873674e-5,8.876084262514577e-14,9.687495272859779e-5,3.239906067758529e-5,2.188739936658751e-14,-0.08784984917523973,0.017706625813591614,6.420012832553072e-5,-7.162489960846313e-5,6.872057524808913e-5,-9.84180948989673e-6,-1.2117950100114952e-5,2.4411450415900067e-5,3.422268683739272e-5,4.34299112258586e-5,5.670298949977607e-5,-3.786671246768313e-5,6.674920284743646e-5,-3.793987926534577e-5,-2.540526039823266e-15,2.9321390008551935e-16,-1.2837397394696229e-15,1.6260788238782067e-15,-1.0061470531841133e-15,-4.282738525846456e-15,-2.1236588982635934e-15,6.0638542942199934e-15,-1.5555795733386398e-15,6.923246061157954e-15,-7.571389338217519e-15,3.285023610366343e-15,-0.015650335786985232,-0.03304411360713946,-0.2484503381418657,0.0019217271417084885,-0.09349944351388728,0.015656827611941242,0.0028325114399938827,0.015167424913391894,0.046655037343633354,-0.08975368071275716,0.0605409560727159,6.651318122277331e-5,-0.01656513047631051,3.1656881624658734e-15,-0.005540076690833899,5.784447526339863e-16,1.8550703484443278e-16,-2.2017951318993354e-15,1.2304931304176074e-15,-2.0627502356960524e-15,2.0244375342555633e-15,-2.8097379431920698e-15,5.624829451261314e-15,2.991758044288036e-15,9.512470313456852e-16,-6.09869982486068e-15,-3.1278614219736777e-16,-0.0,-0.0,-0.0,-0.0,-0.0,-0.0,-0.0,-0.0,-0.0,-0.0,-0.0,-0.0,-0.0,-0.0
0.007924373616723178,-7.348428717359982e-5,-7.54796760892778e-15,-2.654145883926013e-14,4.6163734301787756e-14,0.0003468722726376448,-0.06941402518150902,0.026392964968091008,0.00023943546676936437,9.536368710454774e-14,0.0001855716896537286,6.206298187704636e-5,-4.0620840000026116e-14,-0.11917936487035963,0.0014457995853925352,-7.834865294361372e-5,-7.061883748992406e-5,0.00022283815548505522,6.661070599557835e-5,-6.956807319992452e-6,4.5963486232576846e-5,2.8064532554623384e-5,-1.2886144303241399e-5,4.2928177240906643e-5,-2.2871772060058912e-5,0.00011237645636958849,8.059831807164834e-5,5.253199742885834e-15,-4.708032998545882e-16,2.669182520255399e-15,-3.4955384778684855e-15,2.2925963867409053e-15,9.22253603947061e-15,4.573113283266356e-15,-1.2862577766970242e-14,3.3008828565412863e-15,-1.501768627281747e-14,1.587273141008258e-14,-6.9536354795905725e-15,0.01329222808728223,-0.012932081178107423,-0.05294764591606039,0.015227222698232963,-0.542208869670139,0.022027513479182758,0.03855729586896384,0.034872982211811926,0.05590340999785667,-0.017831070176269483,0.06294906586302064,0.00035772166263975847,-0.027832813632535428,-7.754906560539023e-15,-0.00930846408155359,-1.0953892643868854e-15,-4.477244244221317e-16,4.716703319591128e-15,-2.6632932282392776e-15,4.385949479251867e-15,-4.322194377483946e-15,5.914063044231826e-15,-1.1917511299323296e-14,-6.489677172837147e-15,-2.0782654085777834e-15,1.285241017906478e-14,6.897418168815197e-16,0.0,0.0,0.0,0.0,0.0,0.0,0.0,0.0,0.0,0.0,0.0,0.0,0.0,0.0
3.051463963059177e-8,-6.6876107775135965e-6,6.898206023213574e-17,2.6283281583296987e-16,-4.453332798007167e-16,2.7347687835916816e-5,1.2841690421301253e-6,-1.2527254909150493e-6,3.146216277509279e-5,2.7075324618687996e-15,-1.3911243717358905e-6,-4.6525052845867207e-7,2.0100421471285883e-15,0.00013743196423388984,4.103643932195237e-7,2.260335480941986e-6,6.276651342038485e-7,7.163841697820438e-6,9.205164849073502e-7,3.3154766232475e-7,1.4098469752585863e-6,4.071283945951966e-6,2.8365640060042324e-6,4.399393501388078e-6,2.1124173617223726e-6,5.2117834016356525e-6,-7.471078884520739e-7,-6.296981004278194e-17,3.512414234258343e-17,-3.288203709977265e-17,3.8488342973268213e-17,-2.0320474742391984e-17,-8.233270725751464e-17,-3.925445185123503e-17,1.4013276378295574e-16,-3.3916287161267054e-17,1.3593377310671315e-16,-1.843231592933387e-16,7.668073469323369e-17,-5.330702152453374e-7,4.410271390216158e-8,-1.2317392494826129e-6,-5.0833367985544616e-8,-3.4675965864016814e-9,-1.6327126168303488e-7,-1.7348193013003057e-7,-1.0807791014134124e-7,-9.246252784301014e-8,-1.65350571367354e-7,-3.788953370511737e-8,3.784073879974675e-9,1.2944617963099581e-6,2.861068993322009e-17,4.3292249521894916e-7,1.7637027636974816e-17,5.2798086754198676e-18,-4.6301165884874086e-17,3.1500514843599075e-17,-5.073397256463548e-17,5.208763215762436e-17,-5.222261627131587e-17,1.1974377215080154e-16,5.3620966902502836e-17,1.9449206751472673e-17,-1.3563568203758934e-16,-1.4624995059609182e-17,0.0,0.0,0.0,0.0,0.0,0.0,0.0,0.0,0.0,0.0,0.0,0.0,0.0,0.0
3.081678849845544e-8,-6.687618812689579e-6,6.89817156620239e-17,2.628315832181042e-16,-4.453311787350927e-16,2.73477151254122e-5,1.277020508501715e-6,-1.2519517907245059e-6,3.146220150818524e-5,2.7075319329379153e-15,-1.391129055069063e-6,-4.652520947574806e-7,2.0406126707941736e-15,0.00013743326383199787,4.1069033089764355e-7,2.2603314670726925e-6,6.276696426663469e-7,7.163850086489879e-6,9.205198489912849e-7,3.31548779676273e-7,1.4098478430057586e-6,4.07128680798512e-6,2.836563776499914e-6,4.39939539990328e-6,2.1124221751252003e-6,5.21178709573238e-6,-7.47104052813111e-7,-6.296956298357009e-17,3.512411769182598e-17,-3.288191211379013e-17,3.8488180389003883e-17,-2.0320373285089408e-17,-8.233227903703966e-17,-3.925424261473344e-17,1.4013216398632076e-16,-3.3916134364279175e-17,1.3593307867588488e-16,-1.8432241734358396e-16,7.668041128500555e-17,-5.333574791822972e-7,4.373280135609222e-8,-1.2347694463275954e-6,-5.08774316057152e-8,-1.2269828987375705e-8,-1.6318644163510425e-7,-1.7367393914340992e-7,-1.0808353057462468e-7,-9.215208413790167e-8,-1.665847219040487e-7,-3.741268768506559e-8,3.782742615496427e-9,1.2950714839634442e-6,2.861035466876569e-17,4.331264004242066e-7,1.7636972037055787e-17,5.279788753163465e-18,-4.6300947665205473e-17,3.150039118763534e-17,-5.0733768583471586e-17,5.2087429839069645e-17,-5.222234171928559e-17,1.19743216990817e-16,5.3620667511992097e-17,1.9449103490262378e-17,-1.3563508208875468e-16,-1.4624960781366882e-17,-0.0,-0.0,-0.0,-0.0,-0.0,-0.0,-0.0,-0.0,-0.0,-0.0,-0.0,-0.0,-0.0,-0.0
6.133142813562566e-8,-1.3375229592318442e-5,1.3796377589402978e-16,5.256643990507143e-16,-8.906644585351367e-16,5.469540296973973e-5,2.5611895493386766e-6,-2.504677281602362e-6,6.292436429343175e-5,5.415064393771874e-15,-2.7822534271120783e-6,-9.305026233161228e-7,4.0787698292050955e-15,0.000274865228063736,8.210547241288592e-7,4.5206669475810284e-6,1.2553347768182891e-6,1.4327691781866897e-5,1.8410363331906512e-6,6.630964605732957e-7,2.8196948177145155e-6,8.142570753035843e-6,5.673127781352334e-6,8.798788900077677e-6,4.2248395368344384e-6,1.0423570495904481e-5,-1.4942119411458545e-6,-1.259393730262706e-16,7.024826003440902e-17,-6.576394921354754e-17,7.697652336220777e-17,-4.064084802744761e-17,-1.646649862944276e-16,-7.850869446589984e-17,2.8026492776908094e-16,-6.783242152549742e-17,2.718668517823661e-16,-3.686455766367238e-16,1.5336114597811564e-16,-1.066427694361298e-6,8.783551528419419e-8,-2.4665086954951114e-6,-1.0171079951022556e-7,-1.573742586943766e-8,-3.2645770327158164e-7,-3.471558692499929e-7,-2.1616144071056652e-7,-1.846146119223086e-7,-3.3193529331901576e-7,-7.530222137061024e-8,7.566816406674125e-9,2.5895332802809138e-6,5.722104460189596e-17,8.660488956442752e-7,3.5273999674037484e-17,1.0559597428550792e-17,-9.260211355000689e-17,6.300090603116818e-17,-1.0146774114803334e-16,1.0417506199662682e-16,-1.0444495799056343e-16,2.3948698914144074e-16,1.0724163441440133e-16,3.889831024170651e-17,-2.7127076412614444e-16,-2.924995584098006e-17,0.0,0.0,0.0,0.0,0.0,0.0,0.0,0.0,0.0,0.0,0.0,0.0,0.0,0.0
-1.0400535163248198e-7,2.3137946299114656e-5,-2.748519316439058e-16,-8.523431477141897e-16,1.4095081391598137e-15,-9.443319930953064e-5,-4.6843577828141875e-6,3.973032994845917e-6,-0.00010886305241467302,-1.5146888426515567e-14,4.815835658374832e-6,1.61061809459642e-6,-5.199119219210754e-16,1.103709546614883e-5,-1.3950246716132095e-6,-7.3389650088413854e-6,-2.257683334697688e-6,-2.4926902947340458e-5,-3.3412249787156705e-6,-1.17353761436805e-6,-4.828428286087327e-6,-1.4036891050876661e-5,-9.609360777467562e-6,-1.513485196367174e-5,-7.371067612712252e-6,-1.8000728633561243e-5,2.3206054784823082e-6,1.8332639403869952e-16,-1.9784438292371124e-17,9.616907357781752e-17,-1.0740369084378458e-16,7.18279259112984e-17,2.7775025794224467e-16,1.6016524151714924e-16,-4.117960567702041e-16,1.1157796641892751e-16,-4.507019137856172e-16,5.192787632433196e-16,-2.1631484074312162e-16,1.7482324627065323e-6,-8.985810500888803e-8,4.2852838964591676e-6,1.8554135436757997e-7,3.972785684705567e-8,5.582893143343674e-7,5.937243571895928e-7,3.6654433547601806e-7,3.1178554412433146e-7,5.831434725581874e-7,1.3935838884610513e-7,-1.159935653435847e-8,-3.876160489094147e-6,-1.4013453370113324e-16,-1.2963511751372672e-6,-3.5735802336399616e-17,-1.8135539093546215e-17,1.4827968832548197e-16,-7.455897233520363e-17,1.4384019184480455e-16,-1.2808647960708078e-16,1.9766018363724467e-16,-3.8865599277355425e-16,-1.95326614071181e-16,-1.7418211544176123e-17,4.015116685226306e-16,1.0301438844925357e-17,-0.0,-0.0,-0.0,-0.0,-0.0,-0.0,-0.0,-0.0,-0.0,-0.0,-0.0,-0.0,-0.0,-0.0
6.163357701306937e-8,-1.337523762737705e-5,1.3796343132406196e-16,5.256631664363745e-16,-8.906623574704096e-16,5.4695430258717764e-5,2.5540410157167862e-6,-2.5039035814693202e-6,6.292440302545141e-5,5.415063864590769e-15,-2.78225811041317e-6,-9.305041896108221e-7,4.156142565736843e-15,0.00027486652766194644,8.213806618167061e-7,4.520662933694971e-6,1.2553392854748075e-6,1.4327700169921484e-5,1.8410396960665906e-6,6.630975734359719e-7,2.8196956854482255e-6,8.142573615111318e-6,5.673127552725786e-6,8.798790798834617e-6,4.224844350207192e-6,1.0423574190424911e-5,-1.4942081053348737e-6,-1.2593912596715598e-16,7.024823538366472e-17,-6.576382422762344e-17,7.697636077800934e-17,-4.064074657018831e-17,-1.6466455807413532e-16,-7.85084852294857e-17,2.8026432797269463e-16,-6.783226872857553e-17,2.718661573518202e-16,-3.686448346872862e-16,1.5336082257001512e-16,-1.066714958327793e-6,8.74656027799246e-8,-2.4695388923250623e-6,-1.0175486312088075e-7,-2.4539658141794398e-8,-3.2637288323098536e-7,-3.4734787826736074e-7,-2.1616706116469927e-7,-1.8430416818964468e-7,-3.331694438880461e-7,-7.482537541991318e-8,7.565485268118162e-9,2.5901429678907463e-6,5.722070933758007e-17,8.662528008495058e-7,3.52739440741483e-17,1.0559577506290683e-17,-9.260189533043531e-17,6.300078237524705e-17,-1.0146753716695662e-16,1.0417485967815911e-16,-1.0444468343866636e-16,2.3948643398168975e-16,1.0724133502401556e-16,3.889820698053488e-17,-2.712701641775626e-16,-2.924992156276019e-17,0.0,0.0,0.0,0.0,0.0,0.0,0.0,0.0,0.0,0.0,0.0,0.0,0.0,0.0
-1.0400535163216746e-7,2.3137946299223018e-5,-2.7485193164391544e-16,-8.523431477142272e-16,1.4095081391598815e-15,-9.443319930994052e-5,-4.684357782983266e-6,3.973032994900247e-6,-0.00010886305241521403,-1.5146888426492697e-14,4.815835658335713e-6,1.610618094588657e-6,-5.713063084608477e-16,1.1037095466210747e-5,-1.3950246716122397e-6,-7.338965008813272e-6,-2.2576833347004157e-6,-2.4926902947335013e-5,-3.341224979451667e-6,-1.1735376141423874e-6,-4.828428286077687e-6,-1.4036891051012996e-5,-9.609360777453855e-6,-1.5134851963272528e-5,-7.371067612477763e-6,-1.800072863303318e-5,2.320605478585118e-6,1.8332639403871175e-16,-1.97844382923686e-17,9.616907357782074e-17,-1.0740369084378462e-16,7.182792591130322e-17,2.777502579422559e-16,1.6016524151715094e-16,-4.117960567702215e-16,1.1157796641893484e-16,-4.507019137856427e-16,5.192787632433475e-16,-2.1631484074313133e-16,1.7482324626824285e-6,-8.985810507161715e-8,4.285283896349572e-6,1.855413543770261e-7,3.972785687212076e-8,5.582893143509992e-7,5.93724357202751e-7,3.665443355064043e-7,3.117855441613362e-7,5.831434725450578e-7,1.3935838887760366e-7,-1.1599356546383375e-8,-3.876160489097621e-6,-1.4013453370113598e-16,-1.2963511751366872e-6,-3.5735802336400935e-17,-1.8135539093547183e-17,1.4827968832548863e-16,-7.455897233520801e-17,1.438401918448101e-16,-1.280864796070874e-16,1.9766018363725394e-16,-3.8865599277357156e-16,-1.9532661407119054e-16,-1.7418211544177562e-17,4.015116685226503e-16,1.0301438844926756e-17,-0.0,-0.0,-0.0,-0.0,-0.0,-0.0,-0.0,-0.0,-0.0,-0.0,-0.0,-0.0,-0.0,-0.0
-0.0011865744502713885,8.957219837512463e-7,-7.796635660322252e-18,6.821869038001009e-20,-5.249292006701857e-18,-6.141542214006245e-6,0.0006413770972801332,0.011518394435197555,-2.1090204695876626e-6,-2.2922732001163458e-14,-4.163973854657131e-6,-1.3926080767429253e-6,3.9957245865593746e-16,0.0030283533811822356,0.00015099016416689315,-5.497014299108117e-7,2.382679365352297e-6,-3.5055617134928845e-6,-4.1345414957805997e-7,3.622644339679625e-7,-9.568320855907724e-7,-8.769951642486862e-7,-7.243363919691327e-7,-1.5260679678889423e-6,1.1952895967989488e-6,-2.4245610229558427e-6,6.570631647483641e-9,-1.6638063652061743e-17,2.2445265015817766e-17,-1.2241801964520717e-18,-2.7224576818510633e-19,1.9185740579816845e-17,7.328981741334915e-18,2.4481372449592593e-18,1.0149549646275534e-17,-1.9548418135335313e-18,-2.0852808796102894e-17,-2.9977556380855783e-17,1.2885060106615492e-17,-0.00035883109537306377,0.00032559205771651254,-0.0019118549576972103,0.00031641280109356276,-0.005205916739963909,-0.0002872804831906498,0.0002521276326344675,0.002199816455831735,0.0004842687542589414,0.002927457750999446,-0.0008386716113514402,-7.304393234136177e-6,0.000661696006365695,-6.284276277635689e-17,0.00022129898865070233,4.485241165912489e-18,-3.577526445569316e-18,-5.296844532372984e-18,2.630842323545701e-18,-1.3527893307732076e-17,8.529542730486636e-18,1.1069712137448614e-17,-1.0321632670673389e-17,-1.36370888594883e-17,1.0134720830878802e-17,-2.6959941136164197e-17,1.5370246329040243e-18,0.0,0.0,0.0,0.0,0.0,0.0,0.0,0.0,0.0,0.0,0.0,0.0,0.0,0.0
-0.002527127366778407,6.14498820778101e-5,2.9168207211842236e-15,1.0550154215710986e-14,-1.799963432566684e-14,-0.00021206159160909105,0.00232684403511651,0.042962788813809834,-0.0002908818147928434,-4.8432669967525027e-14,2.544313046887569e-5,8.509253468690807e-6,1.9521593094720613e-14,-0.009586236181924827,-0.0026951649249511212,3.440113664549453e-5,-2.996396091697669e-5,-7.117155266952007e-5,-2.801045787801235e-5,-8.100201941758383e-6,-8.262897016354224e-6,-2.1495948394673233e-5,3.2004065193003697e-6,-1.4947658667351294e-5,-3.410958601083188e-5,-3.1436975961855604e-5,-3.2695527706092634e-5,-2.1681596368445573e-15,2.927956775293658e-16,-1.0696419609073374e-15,1.3867570153971516e-15,-8.149170985656577e-16,-3.639294438157863e-15,-1.7816839040781153e-15,5.158978879022935e-15,-1.3169442543643137e-15,5.863403360955496e-15,-6.4630608018816735e-15,2.8259682556471116e-15,0.0028049660295722052,0.003112511529595266,0.022415426922218342,0.002979370773954584,0.034498691382087325,-0.0001687113083023155,0.005759659675123227,0.010266987417232119,0.0027726851164160673,0.01982986435715612,-0.0027203533080884384,1.5770170919104973e-5,-0.003183955706883748,2.686793621565687e-15,-0.0010648487690299107,4.815193158688731e-16,1.526290240590678e-16,-1.889358555348831e-15,1.0676085581062217e-15,-1.793133804197403e-15,1.7572140073922279e-15,-2.3201526611307066e-15,4.713208612459575e-15,2.517545487098061e-15,8.946548981416578e-16,-5.246260566682406e-15,-2.7477564264664865e-16,-0.0,-0.0,-0.0,-0.0,-0.0,-0.0,-0.0,-0.0,-0.0,-0.0,-0.0,-0.0,-0.0,-0.0
-0.0013000618546119712,3.2845249334028645e-5,1.1151860411954396e-15,4.080167604177579e-15,-6.927223588996377e-15,-0.00011393541263547601,0.0013628622278366329,0.025063665596994918,-0.00015862510941938438,-2.7613987286149026e-14,1.9082730698860008e-5,6.382068143632038e-6,8.035732535016666e-15,-0.006999027514298382,-0.0024153679210275297,1.245609987588459e-5,-1.714145316005837e-5,-3.338676773067463e-5,-1.2257685974325057e-5,-4.396896842438773e-6,-3.7200749160850474e-6,-1.281523032518266e-5,-1.123701602769087e-6,-9.462020139053192e-6,-1.8886247623054052e-5,-1.5969637316021167e-5,-1.2752944042338008e-5,-8.489514450718555e-16,1.2942668801696e-16,-4.1327490294196555e-16,5.360896373246398e-16,-3.002479489985448e-16,-1.4035035271456938e-15,-6.827256197120265e-16,2.000632135482406e-15,-5.094095280886133e-16,2.251887184516321e-15,-2.519938962336926e-15,1.1025451302692704e-15,0.0031274148750391243,0.0028770621762385633,0.023339993382758488,0.002397353685453638,-0.003051962032630216,0.00020654177866217955,0.005150069996048088,0.0069042814716989915,0.002001794526545163,0.015256645994872906,-0.0015351957748399084,2.3954050458485045e-5,-0.0023880990294523007,9.875603160777396e-16,-0.000798680806495232,1.9139522680638023e-16,5.549422948381375e-17,-7.33373180299368e-16,4.152311523941275e-16,-7.020865220558879e-16,6.86614258194824e-16,-8.887632250405757e-16,1.814834019106933e-15,9.637385886147319e-16,3.5996135852006533e-16,-2.0496191786866213e-15,-1.0685848823910505e-16,-0.0,-0.0,-0.0,-0.0,-0.0,-0.0,-0.0,-0.0,-0.0,-0.0,-0.0,-0.0,-0.0,-0.0
4.840747805770703e-5,9.178110308221209e-6,3.376145070786244e-16,1.2317153116221886e-15,-2.0572062513469252e-15,-2.6969774981712446e-5,0.0003726991990778605,0.006925478150277471,-4.808612931539009e-5,4.488876964521941e-16,1.3225609763735262e-5,4.423200437119388e-6,2.3097228427485053e-15,-0.007477619832653533,-0.00034734936011672257,4.574444778088951e-6,-9.459110376496871e-6,-4.866070698582017e-6,-3.138614256643067e-6,-2.012652923593162e-6,3.847182172966751e-7,-2.8066021825628886e-6,6.372420404301485e-7,-6.828002999584461e-7,-8.078218379250724e-6,-1.202058261384771e-6,-3.857840431494031e-6,-2.5523441353452255e-16,3.6240110651738924e-17,-1.2465560672426216e-16,1.6133033744401835e-16,-9.121627398300538e-17,-4.2323711592076207e-16,-2.0613425060700648e-16,6.010929698127703e-16,-1.5334365194887286e-16,6.774339185723953e-16,-7.569572399489726e-16,3.3106111879890237e-16,-0.00031946467715787355,-0.0004614888548069845,-0.0013468512570837083,0.00012200314656866166,-0.0025796937895275073,-0.00016489793448417204,-6.519681693227545e-5,0.0009886802566283453,0.00020658440647199476,0.0007515062767421346,-0.000363166015437262,-4.49618634382972e-6,-0.0018818905286792159,2.8548249657204265e-16,-0.0006293833826146528,5.782907904157853e-17,1.6844236568891876e-17,-2.198200380293987e-16,1.2391089872968066e-16,-2.102609737255393e-16,2.0492683833769091e-16,-2.695481663375001e-16,5.486536884329388e-16,2.910449278343579e-16,1.0562928963260294e-16,-6.156929895391046e-16,-3.1261630596019534e-17,-0.0,-0.0,-0.0,-0.0,-0.0,-0.0,-0.0,-0.0,-0.0,-0.0,-0.0,-0.0,-0.0,-0.0
0.007131936305833668,-6.612841556330485e-5,-6.7922196526259545e-15,-2.3883916131349866e-14,4.1541529849151444e-14,0.00031216221557096765,-0.06247263548221423,0.023753656883520855,0.00021545929261477013,8.583104997357149e-14,0.00016701363186530043,5.585638642950862e-5,-3.6552140463975274e-14,-0.1072612901640475,0.0013012199310946946,-7.050120246983984e-5,-6.356106166865354e-5,0.000200541385908884,5.9942731590502097e-5,-6.262352010582206e-6,4.1365817307935605e-5,2.5257570890392057e-5,-1.1592944648718517e-5,3.863634368075993e-5,-2.0589042394107358e-5,0.00010113526956161542,7.252808442002847e-5,4.7271938447646365e-15,-4.23636574649007e-16,2.401916445735794e-15,-3.145535184151648e-15,2.0630515222513534e-15,8.299108120244782e-15,4.115225039534974e-15,-1.1574660977732098e-14,2.9703709304767473e-15,-1.351401029151529e-14,1.4283395367014978e-14,-6.257372679609105e-15,0.011963002788320245,-0.011638871068479965,-0.04765287941076881,0.013704500857154722,-0.4879879827179306,0.01982476227833317,0.03470156614686355,0.0313856837801337,0.050313068880369315,-0.01604796327143269,0.05665415967459109,0.0003219495545846863,-0.025049516031856133,-6.9784912861715966e-15,-0.008377612242919788,-9.856985981158271e-16,-4.028970857949935e-16,4.2444297309329206e-15,-2.3966199787495465e-15,3.9467875765389825e-15,-3.889413698131864e-15,5.321900374173214e-15,-1.072422919765655e-14,-5.839888616018871e-15,-1.8701682374143124e-15,1.1565507944343406e-14,6.206735610440004e-16,0.0,0.0,0.0,0.0,0.0,0.0,0.0,0.0,0.0,0.0,0.0,0.0,0.0,0.0
0.02249312670933199,0.0005067477112174522,2.2342069142333257e-14,8.051347987106637e-14,-1.3641553071837814e-13,-0.001561537377436555,-0.0598638976222058,0.053560034674304174,-0.0025665415791746326,3.8680871087972813e-13,0.000554270466791478,0.00018537136771797013,1.4299499037655444e-13,-0.30191491660956254,-0.030373224717293996,0.0002889336977640215,-0.00043744968414580687,-0.00038220901702689357,-0.00020249935510687452,-9.795240322477779e-5,-7.816113716203488e-6,-0.0001553960388116136,4.581789663672656e-5,-5.576096859813813e-5,-0.00039534750047339986,-0.00012603132630173924,-0.00025117075246390704,-1.6158305887734008e-14,1.7057633923613018e-15,-8.141747444670172e-15,1.0586126814993061e-14,-6.6592724822508586e-15,-2.796297132031585e-14,-1.3600153744812945e-14,3.91290798123028e-14,-9.994943622700266e-15,4.522208503835465e-14,-4.8645113983244805e-14,2.126461077300101e-14,0.05146077240913767,0.008175401738046338,0.2390324825800938,0.03188955638757849,0.040630981992734384,0.027449624488689404,0.08189047624179592,0.056682998645082736,0.05983856638429672,0.079700613290192,0.057037324005406634,0.0007176222984968711,-0.07825646132458013,2.1771581408042867e-14,-0.02617225369349836,3.625254116740881e-15,1.2299441803538113e-15,-1.4270354399421135e-14,8.077976700502662e-15,-1.3333213926064435e-14,1.3206792261510291e-14,-1.801699952140741e-14,3.6269054864729375e-14,1.9539867056539295e-14,6.633391928819665e-15,-3.9423592884526024e-14,-2.1514403780950485e-15,0.0,0.0,0.0,0.0,0.0,0.0,0.0,0.0,0.0,0.0,0.0,0.0,0.0,0.0
-0.014783457621914901,-6.475036483565561e-5,-8.601160866761632e-16,-3.153109679658035e-15,3.790033688564981e-15,5.402239275171241e-5,-0.04438887635723335,-0.022744032382314573,0.00046342835603454434,-2.950868865726584e-13,-0.0003481874588566594,-0.00011644853794434222,-2.1544895338165293e-15,0.22105589396750172,-0.0008660559206299261,-3.218587125911594e-5,0.0002063416109600036,-0.00011802509120994774,-3.9762297001424515e-7,3.70029422101448e-5,-4.712582344128614e-5,4.571388648664752e-6,-1.6729868757838436e-5,-4.3617248774976564e-5,0.00014061416005229927,-8.927498100338271e-5,1.0711819934191792e-5,6.267949815035328e-16,-2.4526021526126483e-17,2.9585403017618033e-16,-3.910353658565155e-16,2.025985208980908e-16,1.0489940143291107e-15,4.980485657996224e-16,-1.4128790414583837e-15,3.666704340731216e-16,-1.572522443178411e-15,1.8117078729707026e-15,-8.040256181541927e-16,0.042674305670126506,0.03558886012128062,0.18582484675233638,0.023827873671754075,0.02895146183573874,0.020226584380413082,0.06610622913512115,0.04404421619416213,0.04319226197554596,0.08870596907941006,0.0372880709069045,0.0005425730958859465,0.051673224868920994,-5.210249482112589e-17,0.01728170080188667,-1.5066768821325863e-16,-3.768952626226375e-17,5.05907778512151e-16,-2.699988149527567e-16,5.037995026554742e-16,-4.541142666546348e-16,6.767022936793701e-16,-1.3681022366703448e-15,-7.090712132207688e-16,-2.179890972719304e-16,1.5107949342145842e-15,4.1596505983232887e-17,-0.0,-0.0,-0.0,-0.0,-0.0,-0.0,-0.0,-0.0,-0.0,-0.0,-0.0,-0.0,-0.0,-0.0
1.9145733883060723e-6,2.3519979126467868e-5,-2.6096600899599154e-16,-8.016624525073188e-16,1.3248923446631691e-15,-9.555646098199542e-5,1.0859515112520881e-5,0.0002927678343976963,-0.00011086542699946402,-1.5127146676176082e-14,5.367666682863971e-6,1.795173610171205e-6,-4.673782735456321e-16,-0.00019844564951837287,-0.0001182400265756736,-7.150871861555106e-6,-2.651407084906193e-6,-2.5128122327669442e-5,-3.470882488158186e-6,-1.2572676656882009e-6,-4.812287866442554e-6,-1.4154272660207689e-5,-9.583982580278138e-6,-1.516399401695008e-5,-7.707306261589966e-6,-1.8050748494692996e-5,2.161811111793468e-6,1.7282112697351784e-16,-1.8288375329559567e-17,9.104135599463356e-17,-1.0076476857927032e-16,6.808103881577698e-17,2.603357567602456e-16,1.5168493422247543e-16,-3.870625162571829e-16,1.0526878355184108e-16,-4.2283530695620893e-16,4.88126465154382e-16,-2.026880416300218e-16,-1.1572908893564278e-5,-1.9334331356448185e-5,-5.1878645754217196e-5,5.27299584506333e-6,-0.00010753349892426186,-6.317964839705975e-6,-2.1249381828337256e-6,4.1594563193409045e-5,8.926387954985984e-6,3.192099408219343e-5,-1.5004736762470711e-5,-1.9910192020973754e-7,-8.235426157479572e-5,-1.2842370615826945e-16,-2.7542730531291664e-5,-3.335586611899045e-17,-1.74430075603768e-17,1.392339966356727e-16,-6.945986401901069e-17,1.3518412438848494e-16,-1.1965258354739053e-16,1.8657459848897572e-16,-3.6608498998932594e-16,-1.8335531344198928e-16,-1.3067076980684916e-17,3.7616938862272313e-16,9.01629990125952e-18,0.0,0.0,0.0,0.0,0.0,0.0,0.0,0.0,0.0,0.0,0.0,0.0,0.0,0.0
4.6284899528412124e-5,3.1929799773985433e-5,4.875921971229858e-17,3.282604344809742e-16,-5.623363161970972e-16,-0.00012026367724294948,0.0003524736287025144,0.006640657708069967,-0.00015492731678543855,-1.4716519139499337e-14,1.7489125969597083e-5,5.8490996652597075e-6,1.563616764762276e-15,-0.007257109853376406,-0.00023189924814043166,-2.953654959071798e-6,-1.132211834693473e-5,-2.9586416763406806e-5,-6.348642129683328e-6,-3.102111121781315e-6,-4.459004945710393e-6,-1.672418977125256e-5,-8.996966957197272e-6,-1.578668263064486e-5,-1.511137072877255e-5,-1.914984040142232e-5,-1.3770852699930247e-6,-6.131783212512966e-17,1.4951229093234738e-17,-2.3316176127387442e-17,4.723050291549136e-17,-1.5605123430541553e-17,-1.2792077248208125e-16,-3.7416552458450016e-17,1.643535424739123e-16,-3.540339889524178e-17,1.9861936227686779e-16,-2.06266992130425e-16,1.0100510443166255e-16,-0.0003043951360813211,-0.0004423345453245469,-0.0012864029112383344,0.00011710114069040671,-0.002472080837798387,-0.00015746348790280132,-6.18844863569661e-5,0.0009478187676054255,0.00019828156741942952,0.0007207515114715474,-0.0003478826436303185,-4.3202909024732816e-6,-0.0018072906650960655,1.3350617138376517e-16,-0.0006044340490743285,1.9694421074664744e-17,-1.9902509907407118e-18,-6.241775424026238e-17,4.420844679562791e-17,-5.769360429858207e-17,6.833478098035988e-17,-6.070661331309662e-17,1.3723301057589293e-16,8.364079423513574e-17,8.382026717508439e-17,-1.886273615793807e-16,-1.9662465373197163e-17,-0.0,-0.0,-0.0,-0.0,-0.0,-0.0,-0.0,-0.0,-0.0,-0.0,-0.0,-0.0,-0.0,-0.0
0.012665447877717124,5.21709930544859e-5,-2.6670645640685016e-15,-9.235156516165457e-15,1.6940288930465073e-14,-5.72867737558584e-5,-0.07150747237010772,0.036090589035162386,-0.0003891096543792658,2.72944048783573e-13,0.00030549832616131694,0.00010217149562141355,-2.0518757005496468e-14,-0.18478108084070402,-0.004179835842142869,-1.990054327426274e-5,-0.00016546907254156418,0.00012066364558661769,1.972430502084257e-5,-2.8793538684466195e-5,4.027875152212899e-5,-1.4854734668574066e-5,-9.243731917657754e-6,2.059775988833914e-5,-0.00011266008603340125,7.175676601564437e-5,2.6650532881977365e-5,1.831100376245262e-15,-2.4590122798735663e-16,9.608107794755031e-16,-1.2166089908281297e-15,8.472381713874847e-16,3.16669985498926e-15,1.5667494939237663e-15,-4.530726535582095e-15,1.15632997752087e-15,-5.30187105828285e-15,5.545648747305835e-15,-2.3912569474294028e-15,0.031116961326515112,0.0008561721521655432,0.09790015518672182,0.016264346731500956,0.014728514859430724,-0.5048247505219969,-0.02398868297334499,0.018844473995746323,0.02161044926493418,-0.07117600199897518,0.06506374159677558,0.000309975710519646,-0.044327298052972954,-3.3151251981643573e-15,-0.01482491375852828,-3.968174773300616e-16,-1.5397917345306187e-16,1.6504609731902334e-15,-9.619920394029012e-16,1.507117367411747e-15,-1.5534361893569882e-15,2.0568955254836577e-15,-4.14758047212297e-15,-2.267490172983151e-15,-7.614644833499131e-16,4.414434694991977e-15,3.1116104099897896e-16,-0.0,-0.0,-0.0,-0.0,-0.0,-0.0,-0.0,-0.0,-0.0,-0.0,-0.0,-0.0,-0.0,-0.0
0.009159636683205212,5.059744905949696e-5,5.806186549008408e-15,2.0823482918508025e-14,-3.499660901533286e-14,-3.633479530321668e-5,-0.06912087068016089,0.028621227843001765,-0.00032400103343724427,1.7729842181037296e-13,0.00020504501531611136,6.857568139143287e-5,3.4723303520901126e-14,-0.14585328375073747,0.010226037156089465,9.562666298516812e-5,-0.00014677294718477762,3.5803018229174615e-5,-3.206387950427531e-5,-2.7919204318462975e-5,2.827524963394911e-5,1.1912275163580964e-5,4.666254765871972e-5,5.103404233046945e-5,-0.00010146561763519873,5.9063801540505586e-5,-6.449898395132111e-5,-4.227211615417645e-15,4.4047166257956967e-16,-2.129231430288571e-15,2.7291933885391663e-15,-1.6964047279276376e-15,-7.211989752294366e-15,-3.5512639223905287e-15,1.0139260668028932e-14,-2.5969333655763398e-15,1.1639008204768705e-14,-1.2640779960930198e-14,5.508215219706133e-15,0.007920844386001146,-0.011648286241629247,-0.03723407962064822,0.000536267810541028,-0.008932215043215216,-0.0037052389788919133,-0.1083554676888954,-0.016067126773813036,-0.013409432979916019,-0.18973761875670772,0.061533376634173804,-8.06144844612596e-5,-0.03192378031108699,5.330536534683739e-15,-0.01067665548651245,9.54054535801615e-16,3.069234056502117e-16,-3.6894402214212964e-15,2.0684989947223026e-15,-3.453942923367161e-15,3.3901733140617243e-15,-4.700840851374263e-15,9.416689577858862e-15,5.0427015349544e-15,1.6395743212988993e-15,-1.0229665855461623e-14,-5.223729943138712e-16,-0.0,-0.0,-0.0,-0.0,-0.0,-0.0,-0.0,-0.0,-0.0,-0.0,-0.0,-0.0,-0.0,-0.0
0.01255466558516222,5.162699440568462e-5,-2.5630963714753786e-15,-8.86964418976731e-15,1.6305206807921218e-14,-5.585010324560156e-5,-0.0703429973514547,0.035692291132676385,-0.0003851146352340371,2.701656968550825e-13,0.00030262205433993403,0.00010120954929084485,-1.9735636158295792e-14,-0.18325462647625004,-0.004043119941571567,-1.8553891797015314e-5,-0.00016427252688243758,0.00011932568435729443,1.9118451576806075e-5,-2.8601820752904415e-5,3.9963378849068446e-5,-1.436656193931834e-5,-8.537616234523767e-6,2.0921310441876055e-5,-0.00011180623430375375,7.136955804537862e-5,2.5555638830037692e-5,1.75777478740138e-15,-2.3733226968347103e-16,9.231563723939448e-16,-1.1687787504649494e-15,8.158803352349079e-16,3.0410882554315525e-15,1.5047835132015755e-15,-4.3527415970318686e-15,1.1107178680322551e-15,-5.095857100462073e-15,5.325484803715657e-15,-2.2959146029367913e-15,0.030511161413294297,0.0006943756888190638,0.09577717220080857,0.015941400006282653,0.014404919959701088,-0.4980072284249692,-0.02393970688892671,0.018400875421709494,0.021132631940119277,-0.07057717986199749,0.06401670606826022,0.00030345087642242197,-0.04393819395666492,-3.20581316870343e-15,-0.01469478097524995,-3.8049736045246907e-16,-1.48271300358621e-16,1.5857048114806048e-15,-9.25099954241542e-16,1.4472001062557071e-15,-1.4932926969109656e-15,1.974982420447536e-15,-3.983106115281556e-15,-2.178707058112668e-15,-7.324230831720225e-16,4.2377190928720106e-15,3.005633217335995e-16,-0.0,-0.0,-0.0,-0.0,-0.0,-0.0,-0.0,-0.0,-0.0,-0.0,-0.0,-0.0,-0.0,-0.0
-1.7411568966466393e-7,4.939554798299733e-5,7.936139901874624e-17,3.0783517515819345e-16,-5.333715748782488e-16,-0.00019728874612004398,-1.6513705097504386e-5,1.2206813231091484e-6,-0.00023085094306699415,6.829403840218919e-14,8.84132509319203e-6,2.9569111533591874e-6,8.186515309142095e-16,0.00017049889798601936,-2.5578351718128595e-6,-7.21148200068013e-6,-6.723173144433768e-6,-5.6048832360361526e-5,-1.0456799351676208e-5,-2.9980624157026124e-6,-1.0218016395573012e-5,-2.760415165602215e-5,-1.6195149502384058e-5,-2.8896003752178136e-5,-1.6891647792077075e-5,-3.7140634220004334e-5,-1.416935695718037e-6,-5.782734461896911e-17,7.752186072209298e-18,-2.978209176198812e-17,4.2380721872053084e-17,-3.208754048835864e-17,-1.0948650255899165e-16,-4.778926714887669e-17,1.4673302922354018e-16,-3.9030867717683776e-17,1.7305880385281378e-16,-1.8598961163486116e-16,8.00410942327198e-17,2.001582088104329e-6,9.405134211131319e-7,9.451058303302117e-6,6.058818727517208e-7,7.229061156602026e-8,1.1780277694632891e-6,1.077760720039566e-6,5.931540436652702e-7,5.431817464469874e-7,1.0438211631500655e-6,4.962024606935022e-7,1.0525972698159342e-8,1.4594343271917253e-6,5.550796859500131e-17,4.880962515364682e-7,9.919450333630792e-18,9.89235466161177e-18,-5.0308737026339844e-17,2.979692465923049e-17,-5.140754420155288e-17,4.959218760754179e-17,-6.686379563118744e-17,1.4631890351553045e-16,7.797841385762078e-17,1.7610059269504842e-17,-1.4772468660469701e-16,-1.066435797067573e-17,0.0,0.0,0.0,0.0,0.0,0.0,0.0,0.0,0.0,0.0,0.0,0.0,0.0,0.0
-0.0016949052101568442,7.71624695950135e-5,1.3119831487458868e-15,4.726751948759388e-15,-8.081500633220936e-15,-0.00029270551595603347,-0.00029732442768559453,0.028920389782242723,-0.00036343319101820747,5.892314549102198e-14,2.2463085870392846e-5,7.5126011577950215e-6,9.299335003581782e-15,-0.001560544242336199,-0.001107658806260094,7.117887745964439e-6,-2.103905614141621e-5,-8.665808519871102e-5,-2.2468015475271833e-5,-6.760694148478312e-6,-1.3634318093735336e-5,-3.7531064680724884e-5,-1.52863002064679e-5,-3.576492987672241e-5,-3.2766455266065736e-5,-5.079240963961077e-5,-1.5161193402763295e-5,-9.473442257063924e-16,1.045759113996091e-16,-4.813020132590842e-16,6.250489853056971e-16,-3.93506319669518e-16,-1.6410479829245542e-15,-7.931327365886018e-16,2.3030873658938005e-15,-5.869293500951966e-16,2.6636368965464504e-15,-2.8528862314747695e-15,1.237888061657413e-15,0.000124443508614792,0.000717486594621767,0.003395293457179852,0.00016833988314490987,0.0007088962992769978,0.03597898976439045,0.005287116777980082,0.0012157298776647608,0.0010745198412210836,0.009300631594910075,-0.0021818241203994766,1.0281180264444284e-5,-0.0017281204575571663,1.2736971250552744e-15,-0.0005779562002017699,2.1544255986763901e-16,7.984517665955211e-17,-8.323214718437743e-16,4.751622316478675e-16,-7.813295338204877e-16,7.794110840971129e-16,-1.0517088299120624e-15,2.138395138242555e-15,1.149676722980499e-15,3.9634934213507447e-16,-2.2980578685998272e-15,-1.40255281964533e-16,0.0,0.0,0.0,0.0,0.0,0.0,0.0,0.0,0.0,0.0,0.0,0.0,0.0,0.0
-3.478254030157725e-7,9.870279972462317e-5,1.5989792934921255e-16,6.193262507395758e-16,-1.0727934701239644e-15,-0.0003942163106289401,-3.3010769035419944e-5,2.424824783741108e-6,-0.00046128616167893737,1.3666495460031684e-13,1.7663999664115345e-5,5.9075847872663546e-6,1.6257381517388244e-15,0.0003409835317652432,-5.110267143296267e-6,-1.4393354964575998e-5,-1.343809161147428e-5,-0.00011200307894144875,-2.0901478414431445e-5,-5.9917399295315395e-6,-2.0417590092723892e-5,-5.5154289626217073e-5,-3.235281014809101e-5,-5.773360446835469e-5,-3.3755386082830925e-5,-7.421233209905079e-5,-2.8439347389994265e-6,-1.1643943008291148e-16,1.558934728123522e-17,-5.997573684267549e-17,8.52228040853806e-17,-6.448433292041957e-17,-2.201660803058027e-16,-9.626361434040756e-17,2.9523197094275703e-16,-7.854007941850552e-17,3.4805272339441455e-16,-3.7420623738198227e-16,1.6101037696826198e-16,3.996164719820629e-6,1.8815844023345442e-6,1.8885821006702235e-5,1.2110954728038502e-6,1.4442724481256348e-7,2.3539224419482284e-6,2.153219772612927e-6,1.184873429646883e-6,1.0851504864482672e-6,2.0853788845489896e-6,9.91910784777469e-7,2.110289897629893e-8,2.935505699773948e-6,1.1161793540751825e-16,9.817566311312244e-7,1.9991613699252992e-17,1.9863130537953348e-17,-1.0125286550359145e-16,5.991419416015841e-17,-1.0343195005279182e-16,9.97343999224398e-17,-1.3457454475753547e-16,2.943059721112063e-16,1.5679603870471266e-16,3.5296975095138626e-17,-2.9717206564213606e-16,-2.1374217558680763e-17,0.0,0.0,0.0,0.0,0.0,0.0,0.0,0.0,0.0,0.0,0.0,0.0,0.0,0.0
-1.047504423460134e-7,2.3349323942324428e-5,-2.745123215742142e-16,-8.510258331685587e-16,1.4072256900100372e-15,-9.527745414402779e-5,-4.755024638606625e-6,3.9782566385578814e-6,-0.00010985092946575641,-1.4854638750694498e-14,4.853670210997252e-6,1.6232715610692831e-6,-5.902527239624974e-16,1.1766708896957756e-5,-1.4059703781189483e-6,-7.369824997915236e-6,-2.286453711022154e-6,-2.5166751893041646e-5,-3.3859726072129755e-6,-1.1863671777068937e-6,-4.872154093676372e-6,-1.4155017092027916e-5,-9.678664443134425e-6,-1.525850620821273e-5,-7.443351793056893e-6,-1.8159664004178857e-5,2.3145420063849093e-6,1.830789343318542e-16,-1.975126447632344e-17,9.604162750977876e-17,-1.072223316428819e-16,7.169061417037603e-17,2.7728173395924927e-16,1.599607376078473e-16,-4.111681442724822e-16,1.114109421997286e-16,-4.499613457870214e-16,5.184828606288214e-16,-2.159723220636812e-16,1.7567978035730367e-6,-8.583337987679998e-8,4.325727671578258e-6,1.8813409576605613e-7,4.003720895286455e-8,5.633304312720744e-7,5.983364028095512e-7,3.690826108767311e-7,3.1410997377656315e-7,5.876102811150921e-7,1.414817807341954e-7,-1.1554312882040262e-8,-3.869915153204595e-6,-1.3989699926604715e-16,-1.2942624720114056e-6,-3.569335417821521e-17,-1.809320688547877e-17,1.4806440288572412e-16,-7.443146279296976e-17,1.43620204295634e-16,-1.2787426048673062e-16,1.9737405437824574e-16,-3.8802985243789583e-16,-1.9499292218958662e-16,-1.734285307608103e-17,4.0087951244003687e-16,1.0255803014427596e-17,-0.0,-0.0,-0.0,-0.0,-0.0,-0.0,-0.0,-0.0,-0.0,-0.0,-0.0,-0.0,-0.0,-0.0
-0.001725239939042885,0.00012683342725253532,1.4052896975101286e-15,5.0841607342319824e-15,-8.699931258577248e-15,-0.0004909921194722723,-0.0003183252910895861,0.029309379359809862,-0.0005955436266486151,1.2704823149223219e-13,3.132829563674486e-5,1.04775003509081e-5,1.0157326166390497e-14,-0.0013104297810106777,-0.0011304386363066223,6.193807368210945e-8,-2.7847554584468344e-5,-0.00014308014140765248,-3.305884418951324e-5,-9.787112570387898e-6,-2.390507455112857e-5,-6.523642534036054e-5,-3.1470863594537775e-5,-6.474434164442866e-5,-4.978164014620969e-5,-8.810819674259364e-5,-1.673161066599693e-5,-1.0151852341589914e-15,1.1342938624176655e-16,-5.161854072772285e-16,6.739703166789518e-16,-4.296602802121642e-16,-1.767679197861182e-15,-8.493401237662235e-16,2.474047900080544e-15,-6.321240387794893e-16,2.8646214899865812e-15,-3.0688134564457265e-15,1.3308864572080533e-15,0.00013543127510084693,0.0007388602770978739,0.00349002050875124,0.0001755311896545132,0.0007248634719664478,0.036574210805637504,0.005385514447407086,0.0012430301688608788,0.0010990689750738456,0.009469744190560382,-0.00221191444168768,1.0541596145543615e-5,-0.0017273893465026917,1.3427411566781917e-15,-0.0005777116859004913,2.27661070298483e-16,9.055732816746341e-17,-8.914050308623657e-16,5.099393743390077e-16,-8.409501618326664e-16,8.371851637832818e-16,-1.129619703485256e-15,2.3070855691994594e-15,1.2396526199920886e-15,4.1809953655837974e-16,-2.4698400504630845e-15,-1.523666151192181e-16,-0.0,-0.0,-0.0,-0.0,-0.0,-0.0,-0.0,-0.0,-0.0,-0.0,-0.0,-0.0,-0.0,-0.0
3.757657520463183e-6,2.3515545147738106e-5,-2.6958733527350857e-16,-8.332406406931989e-16,1.3779868611755835e-15,-9.572834269742651e-5,-4.859792861424141e-6,0.00014972401705428168,-0.00011076290927341846,-1.4666934155166216e-14,5.175788332777858e-6,1.731001415691506e-6,-5.459565012787898e-16,-0.00016945392993475072,2.0406515980426496e-6,-7.29815422463137e-6,-2.4994963745376797e-6,-2.5202923576281554e-5,-3.431333731778016e-6,-1.2294182819362085e-6,-4.8513053638073415e-6,-1.4203958288089756e-5,-9.66899307516462e-6,-1.5259830212144038e-5,-7.614609339143433e-6,-1.8152110058632843e-5,2.25816656447399e-6,1.7949432066887908e-16,-1.9396543669483268e-17,9.424237523704297e-17,-1.0488938797993356e-16,7.029067469626903e-17,2.7112972026024214e-16,1.569803384353818e-16,-4.0255922119322895e-16,1.0922112288781833e-16,-4.4006844462350223e-16,5.077863124509623e-16,-2.113150327088575e-16,-9.861337805893315e-6,-1.4539829481989796e-5,-4.5136549004192736e-5,-6.2009611929692575e-6,-7.044774999740231e-6,-4.329413044997359e-6,-1.6862227454555454e-5,-1.0873387622046606e-5,-1.0291949559286885e-5,-2.4888002688223304e-5,-8.646820153495815e-6,-1.4721931253012434e-7,-5.013751396896038e-5,-1.3562932395500177e-16,-1.6768094453364386e-5,-3.485444040855524e-17,-1.7820105493431632e-17,1.4494777805763414e-16,-7.2672173902729e-17,1.4068558612301093e-16,-1.2497861695219523e-16,1.9342261401192676e-16,-3.8003408997445825e-16,-1.9071567768564398e-16,-1.583640986685248e-17,3.922133463254983e-16,9.771644303647415e-18,-0.0,-0.0,-0.0,-0.0,-0.0,-0.0,-0.0,-0.0,-0.0,-0.0,-0.0,-0.0,-0.0,-0.0
-0.0012041380082889915,8.63423460951065e-5,-1.4423792535391545e-17,-3.1417569035703316e-18,-2.632963114595415e-17,-0.0003493809820164543,0.0007732002754779549,0.01064619641427449,-0.0004010898568574143,1.1497352048877916e-13,1.0023771134946275e-5,3.3523708671268624e-6,5.4660909302043115e-16,0.0031581673513546254,0.0001423440250930471,-1.5341676467087554e-5,-7.912841501587137e-6,-0.00010058277203103302,-1.7730877991306423e-5,-4.5602517807408415e-6,-1.8929443728064747e-5,-4.9331734487378327e-5,-3.000102000934126e-5,-5.2693545848938266e-5,-2.7216920152509663e-5,-6.758625599830449e-5,-8.186913147754824e-7,7.498876893693289e-18,6.482692610354767e-19,2.1298278379503634e-18,3.81587579414039e-18,-9.38761882170067e-18,-4.78992723353913e-18,1.1042325044331658e-17,-5.5798728053854986e-18,-2.4130970111429035e-19,-3.037944256216137e-19,3.875243155579925e-18,-6.138196097113543e-18,-0.00023999353902202084,0.0002558097789648155,-0.0013107553745123426,6.678438107842949e-5,-0.00041174103673078907,-0.00036863394296767534,-0.00017920299814483604,-0.00022787521899598643,-0.0005821991457721215,0.0016374791854260854,-0.0009298519633451548,-5.565472861968964e-6,0.0008844704983570393,-7.022465554710626e-17,0.0002958041531077762,-5.017818935216445e-18,1.0737582845186329e-17,9.081632872839887e-18,-1.7739871692010065e-18,-1.4544525079590593e-18,1.5108992389745312e-19,7.461373698897547e-18,1.2186331426701626e-17,4.355055861232962e-18,-7.116043283570183e-18,1.014402497820727e-17,-8.782259971218361e-18,0.0,0.0,0.0,0.0,0.0,0.0,0.0,0.0,0.0,0.0,0.0,0.0,0.0,0.0
-0.002366574623974285,0.00028069731028058264,2.0667693580939164e-15,7.55737272895661e-15,-1.2987392056932848e-14,-0.0011051836728386646,0.0022286148683550214,0.03175861713280002,-0.0013114287143356094,3.340728964589413e-13,5.3167646038780483e-5,1.778149812248595e-5,1.5265680702101117e-14,-0.003543409617959396,-0.0019132180617211967,-1.6655890967115473e-5,-4.748210408432236e-5,-0.00032240577548290657,-6.828939246421934e-5,-1.902112801316234e-5,-5.646822727842976e-5,-0.00014998356668521247,-7.918387649699887e-5,-0.00015342699513553953,-0.00010163671444952846,-0.00020476242426636026,-2.5732480467045043e-5,-1.4959451073788723e-15,1.6591438818191843e-16,-7.611409309087003e-16,1.0056828175938665e-15,-6.580410989926779e-16,-2.6381802829611493e-15,-1.247666093925124e-15,3.664717205145685e-15,-9.406371797846413e-16,4.257173798193341e-15,-4.558212056968051e-15,1.9777659088598287e-15,0.0014921724275713632,0.00136737292225144,0.00978585454547909,0.0017475721940958017,0.0012735268743692765,0.038217936699068894,0.008311794416883995,0.002872125373725598,0.0019493227089848368,0.01666298235902825,-0.0024411960791053807,2.363752623598511e-5,-0.0009973985936861374,1.9090969532171806e-15,-0.0003335720602014346,3.2532543952542467e-16,1.4648994327845546e-16,-1.3166872269038083e-15,7.568111905643147e-16,-1.2554946734188231e-15,1.244416692868633e-15,-1.6714983249708044e-15,3.4414088173959964e-15,1.8502584519658182e-15,6.036835257575645e-16,-3.668738271496811e-15,-2.314574473992023e-16,-0.0,-0.0,-0.0,-0.0,-0.0,-0.0,-0.0,-0.0,-0.0,-0.0,-0.0,-0.0,-0.0,-0.0
-0.0011450166482045224,0.00015088532808514953,7.743680832173176e-16,2.867976036239911e-15,-4.918470029384472e-15,-0.0005948332806118611,0.0012136735952056128,0.017317979021146422,-0.0007070953191999474,1.8303966164503195e-13,3.226529256427651e-5,1.079087155335271e-5,6.020026944885226e-15,-0.0032551318559335845,-0.0016054650938192587,-1.356037002210629e-5,-2.6088234387352048e-5,-0.00017003241127387723,-3.465340066144887e-5,-1.022733007492525e-5,-2.9916417667110817e-5,-8.167513570368812e-5,-4.4792959924764006e-5,-8.371239878780383e-5,-5.4955310016442264e-5,-0.00010963461475106092,-1.0208603649836525e-5,-5.633470699415969e-16,6.19435647711668e-17,-2.863587485973604e-16,3.838118508652957e-16,-2.5272641347100053e-16,-1.0056901704985516e-15,-4.673014046327203e-16,1.387005484131959e-15,-3.564868577191886e-16,1.6153302463189665e-15,-1.7274751228027257e-15,7.491925277534182e-16,0.0016933605700227337,0.0012368566327093163,0.010586603925326519,0.00155156210124806,0.0016214507583209364,0.000864478509294893,0.007927358364955806,0.0029300652786993443,0.0024347058769455653,0.013873645525472723,-0.0012706145126019051,2.806167039263856e-5,-0.0009840127049686729,6.833784293681167e-16,-0.0003290952557313443,1.2115901394693882e-16,6.045075494991774e-17,-4.9559645571932e-16,2.8643113546759385e-16,-4.777348904991176e-16,4.725196841705269e-16,-6.299201857046975e-16,1.3108442584040151e-15,7.04120034589773e-16,2.291169355552956e-16,-1.3900774770178018e-15,-9.134998935769095e-17,0.0,0.0,0.0,0.0,0.0,0.0,0.0,0.0,0.0,0.0,0.0,0.0,0.0,0.0
4.366574482843742e-5,3.2806445121082026e-5,2.2193245403591316e-16,8.158808931785219e-16,-1.3707218671753656e-15,-0.00012516386291146686,0.0002804366487474453,0.004173241960850499,-0.00015669850119181018,4.379651579584155e-14,1.3300943645011852e-5,4.4483952572767304e-6,1.5756557504830527e-15,-0.0047573455262268196,-0.00046061871670958484,-1.583131170785004e-6,-9.546503143374808e-6,-3.352994010702286e-5,-7.491765978119617e-6,-2.883024153558449e-6,-5.348346536752637e-6,-1.700539965175272e-5,-8.723308037815413e-6,-1.6431786683629544e-5,-1.4274332902726979e-5,-2.113596315674634e-5,-2.8169115196014002e-6,-1.6151143360735524e-16,1.694068665711641e-17,-8.161835107013543e-17,1.0827745862302869e-16,-6.968815551062597e-17,-2.845647996872508e-16,-1.3403728168099813e-16,3.9359692453594e-16,-1.0113485436451861e-16,4.559568822273802e-16,-4.910480415787253e-16,2.1343394068997907e-16,-0.0001702991570639282,-0.0003338518399284298,-0.0006808718323252334,-1.6387809161685497e-6,-0.00013853693486913138,-0.00013123816315789937,-0.00018240887252311382,-0.00013512150803255728,-0.0002041176110397264,5.368171089499367e-5,-0.0002584690817200924,-2.34381546346718e-6,-0.0011926419867341897,1.8773719958928147e-16,-0.00039886966665692405,3.533607939275634e-17,1.569352700174614e-17,-1.412053180152424e-16,8.076639074138156e-17,-1.3548479111193703e-16,1.3317535562006296e-16,-1.8004627929288167e-16,3.7106085864526516e-16,1.9882488868555039e-16,6.451450985055522e-17,-3.9635993029707216e-16,-2.3995003811486526e-17,-0.0,-0.0,-0.0,-0.0,-0.0,-0.0,-0.0,-0.0,-0.0,-0.0,-0.0,-0.0,-0.0,-0.0
0.011299198959971482,4.649630928939323e-5,-2.3061719948013698e-15,-7.980470296372709e-15,1.4670886179450294e-14,-5.038882041320992e-5,-0.06330871451086664,0.0321230557435365,-0.0003467515137150229,2.431824741750405e-13,0.00027236424835476995,9.109006572257615e-5,-1.7757914601480122e-14,-0.16492900396020474,-0.003638809190973767,-1.6694974119866188e-5,-0.000147851491246849,0.00010735408940745933,1.7196633678808522e-5,-2.5744044291603726e-5,3.5960552466695264e-5,-1.294561203634513e-5,-7.690130040551223e-6,1.881364874792227e-5,-0.00010063770259978732,6.420976522992457e-5,2.29930449542127e-5,1.581555598738205e-15,-2.1354945899517394e-16,8.306162949032466e-16,-1.0516093894327164e-15,7.341032788572009e-16,2.7362125699632405e-15,1.3539328832814738e-15,-3.916392462732265e-15,9.993705935819237e-16,-4.5850263348786576e-15,4.791600813873131e-15,-2.0657417341282156e-15,0.02746004489474147,0.0006249398412154074,0.08619946140052245,0.01434726060085243,0.012964427994988108,-0.44820650483740565,-0.021545735679625092,0.016560788084258395,0.01901936897840737,-0.0635194613590204,0.05761503597705384,0.00027310582958383543,-0.039544363988715324,-2.8846206757160524e-15,-0.013225299341908633,-3.423505510377137e-16,-1.334074570558881e-16,1.426744164889188e-15,-8.323677527308439e-16,1.3021145993506242e-15,-1.3436002854707927e-15,1.7769900619516716e-15,-3.583795634374279e-15,-1.9602974543841927e-15,-6.59004340580425e-16,3.8128700316068505e-15,2.70444829878153e-16,0.0,0.0,0.0,0.0,0.0,0.0,0.0,0.0,0.0,0.0,0.0,0.0,0.0,0.0
0.022493145512501027,0.0005013628416739228,2.233088472865767e-14,8.047163193662712e-14,-1.3634232501211105e-13,-0.0015400459774877744,-0.05986207217228499,0.05355992968179068,-0.0025413815943422413,3.8073340375836067e-13,0.0005533132693421796,0.0001850512406121445,1.4301083734915896e-13,-0.301919340176176,-0.03037294742575812,0.00028968887517839907,-0.0004367093554114483,-0.00037608790912020576,-0.00020134664547828606,-9.762373836003019e-5,-6.701763002403722e-6,-0.00015239665969438588,4.756683739837651e-5,-5.262498442539101e-5,-0.00039350167949357223,-0.00012198770964963403,-0.00025099135676462565,-1.6151378022036606e-14,1.7068989744973567e-15,-8.138354389163891e-15,1.0580327740649304e-14,-6.654794772335925e-15,-2.7946922147350472e-14,-1.3592869917760625e-14,3.9109827719748186e-14,-9.989787222043291e-15,4.519702356332487e-14,-4.862201390894426e-14,2.125392429877498e-14,0.05146056059649507,0.008175295023648917,0.23903145116810223,0.03188948952944198,0.040630974148230976,0.027449496029836245,0.08189035950484269,0.05668293471734177,0.0598385076388295,0.07970050036299685,0.057037269139149444,0.000717621013909257,-0.07825665545078032,2.1759772369368613e-14,-0.02617231861746847,3.62456527152929e-15,1.2283843384860728e-15,-1.4263129542808748e-14,8.07412656586485e-15,-1.332632337225659e-14,1.3200397007030328e-14,-1.8007994744246686e-14,3.624973916147326e-14,1.9528749779242284e-14,6.630308941140993e-15,-3.940408307582609e-14,-2.1506275119368626e-15,-0.0,-0.0,-0.0,-0.0,-0.0,-0.0,-0.0,-0.0,-0.0,-0.0,-0.0,-0.0,-0.0,-0.0
-0.014783455725458347,-6.435718348643066e-5,-8.192101164193531e-16,-3.0076138760097057e-15,3.5401210767008668e-15,5.274656331796226e-5,-0.04438944801176725,-0.02274452527791529,0.0004616813618078666,-2.952305928579006e-13,-0.00034821171939040246,-0.00011645665168777167,-1.9383155989588593e-15,0.2048554630931912,0.015338567792589512,-3.16600195200563e-5,0.0002061557671550031,-0.00011866304857446052,-7.08056634288452e-7,3.6946241404959745e-5,-4.719757252157776e-5,4.506895273986579e-6,-1.6558423007527314e-5,-4.361996299592823e-5,0.00014039829592324586,-8.948272442448152e-5,1.0265923782753845e-5,5.975311454515931e-16,-2.147732975029213e-17,2.809808825057194e-16,-3.720439674636523e-16,1.904272823523105e-16,9.986986484581742e-16,4.733663925724982e-16,-1.3420892460458444e-15,3.485276124902274e-16,-1.4906624649596827e-15,1.7238266600327094e-15,-7.658416904087135e-16,0.042674202551059484,0.03558894671975659,0.18582494294457333,0.023827892898089446,0.02895146130118687,0.020226592444317328,0.06610622506026845,0.044044208137459434,0.04319225778636628,0.0887059660616297,0.03728808865592162,0.0005425755967403317,0.05167392148021288,-1.0558077098266773e-17,0.01728193377801585,-1.440861130586404e-16,-3.552641001679901e-17,4.8009289084385e-16,-2.5543672152763852e-16,4.798787612970867e-16,-4.302957716000907e-16,6.438713614209041e-16,-1.302484884042758e-15,-6.736857608917331e-16,-2.063133328548272e-16,1.4398462473045327e-15,3.7678179477070994e-17,0.0,0.0,0.0,0.0,0.0,0.0,0.0,0.0,0.0,0.0,0.0,0.0,0.0,0.0
3.3586722264222404e-6,2.573874152269299e-5,-2.574837387653289e-16,-7.884615231128956e-16,1.30221263939542e-15,-0.00010435734918095615,1.755702213384304e-5,0.00033491395743515253,-0.00012128622471311651,-1.1672574249912493e-14,5.8710020076647315e-6,1.963510123090145e-6,-4.657024516819205e-16,-0.00024172112469156791,-0.0001624536495015318,-7.467712105434846e-6,-3.0138661782125955e-6,-2.758388009634648e-5,-3.933871158466602e-6,-1.4019290388262726e-6,-5.25245100650525e-6,-1.5385877994988856e-5,-1.0302578245984738e-5,-1.6438740997522748e-5,-8.502300992933815e-6,-1.9676741524394482e-5,2.0997152544508067e-6,1.706841100923571e-16,-1.845926875701593e-17,8.978124360847857e-17,-9.892346086338212e-17,6.636980005161622e-17,2.5546541052661443e-16,1.4967458284515444e-16,-3.8098205532429293e-16,1.0366022572362957e-16,-4.150030522623643e-16,4.808338175873315e-16,-1.9960351288980786e-16,-1.1755844732118044e-5,-2.6564773157867683e-5,-4.970811628651561e-5,5.5494910974663196e-8,-1.0946245874208705e-5,-9.848907519177905e-6,-1.3871243876911812e-5,-1.0348527735162443e-5,-1.5874700968059196e-5,4.8401514190110494e-6,-2.0357325782820126e-5,-1.9747781807775507e-7,-9.845658713726189e-5,-1.2547933134190993e-16,-3.2928025784143315e-5,-3.297151960056001e-17,-1.6902865690338757e-17,1.3722697655726198e-16,-6.823570431216189e-17,1.3323033003685392e-16,-1.1765945629491276e-16,1.8356794339520832e-16,-3.596001056084509e-16,-1.7975797693486503e-16,-1.2366427888442168e-17,3.704786139736756e-16,8.420794860074253e-18,0.0,0.0,0.0,0.0,0.0,0.0,0.0,0.0,0.0,0.0,0.0,0.0,0.0,0.0
4.009906475826329e-5,5.334201491638942e-5,-7.032157845068235e-17,-1.004710027622458e-16,1.4630281889700792e-16,-0.00020966683967971615,0.0002535118018009489,0.003846274447340384,-0.0002531310613965556,2.5176168111512518e-14,1.706140689873253e-5,5.706052409782827e-6,8.278609795971577e-16,-0.004493556519510923,-0.00030095505922481694,-8.793601627719898e-6,-1.1047678519972072e-5,-5.579791359951692e-5,-1.0239822343940744e-5,-3.8280474514737446e-6,-9.752433931075999e-6,-2.9692546452196023e-5,-1.7639182351588614e-5,-3.0262010489715927e-5,-2.05135584707515e-5,-3.745956237186626e-5,-2.750117827240616e-7,3.448222265521987e-17,-4.171708568806675e-18,2.0951089549557346e-17,-7.623389538546786e-18,7.60858052281766e-18,1.5515143806446976e-17,3.663945152146364e-17,-4.907524288981646e-17,1.837643325572683e-17,-3.051689963892167e-17,6.675232334133155e-17,-1.9626084876219426e-17,-0.000155046812890353,-0.000307466878901073,-0.000622593468162004,-1.3232244273683017e-6,-0.00012751123460011976,-0.0001202727135249087,-0.00016735020406842077,-0.00012403990011089434,-0.00018761934929289458,5.000782163971304e-5,-0.00023783306650692636,-2.169538692593627e-6,-0.0011019383386820533,3.290668020937885e-17,-0.0003685345499440435,-3.1698203801614674e-18,-3.676415712338527e-18,1.8149802586137745e-17,-1.2919377259326131e-19,1.8986141184693496e-17,-5.3596320735020896e-18,3.1734334519576315e-17,-4.6708120939558185e-17,-1.2101821702589535e-17,4.2031753868397515e-17,3.624750737450643e-17,-1.1808802815523444e-17,-0.0,-0.0,-0.0,-0.0,-0.0,-0.0,-0.0,-0.0,-0.0,-0.0,-0.0,-0.0,-0.0,-0.0
0.007986648581120193,0.00026204040856122473,9.590954079476037e-15,3.429416596905581e-14,-5.82900649621696e-14,-0.0008716001730241038,-0.0826997543286375,0.028282925985506455,-0.0012914945866039057,9.974715944012971e-14,0.00020799079020496244,6.956087246564226e-5,6.086957574624974e-14,-0.15432062689678241,0.036843961570570356,0.00011194714891898629,-0.00017132275208452984,-0.00023595118268238626,-9.762161073869793e-5,-4.0983522807081295e-5,-1.9452648498672154e-5,-9.527887419731148e-5,2.8559031587887507e-7,-5.940929442098315e-5,-0.0001714071681543331,-0.00010326571939963754,-0.00010749803605993904,-6.926523743421953e-15,7.438374413641404e-16,-3.505304883925082e-15,4.5103014865063185e-15,-2.839809077537672e-15,-1.1903579964317798e-14,-5.835424760134471e-15,1.6701029952842704e-14,-4.285324022533482e-15,1.925338321729158e-14,-2.079715770791793e-14,9.059301444540634e-15,0.04447721297476187,0.009888399552903411,0.13199483686113778,0.023034555710853354,0.03586938755458074,0.022122891622428923,-0.6473596216749429,0.039886174728199504,0.05304008678366376,-0.03823350264436658,0.07206499213807535,0.0005303437468819847,-0.027759885331741587,9.207781850552841e-15,-0.009284073789024051,1.5496881741241556e-15,5.216719316527135e-16,-6.085270883210052e-15,3.4351726655399687e-15,-5.684999788227215e-15,5.6129628179133034e-15,-7.718970979381814e-15,1.549806288838535e-14,8.329097451732101e-15,2.705091684747267e-15,-1.6802883874857678e-14,-9.179397143699815e-16,0.0,0.0,0.0,0.0,0.0,0.0,0.0,0.0,0.0,0.0,0.0,0.0,0.0,0.0
0.008352411332628845,9.82068338682419e-5,7.278788068495138e-15,2.602958822826539e-14,-4.400919707831748e-14,-0.00022726692036485004,-0.0685092387379662,0.026899215342396424,-0.0005344702200686934,1.481637580567594e-13,0.000191835615079734,6.415790209917897e-5,4.4427393606915946e-14,-0.14134110279463277,0.017937102953932707,0.00010699006277401777,-0.00014713165688996543,-3.546462152857591e-5,-5.093924129999738e-5,-3.0167792658994937e-5,1.5448319879034585e-5,-1.0913648645725638e-5,3.95649984105771e-5,2.67828072585665e-5,-0.00011414368169433781,1.883390368609071e-5,-8.07351340386499e-5,-5.27120982497508e-15,5.557961415231497e-16,-2.6621413735712672e-15,3.4154366760986544e-15,-2.139779026496867e-15,-9.018017456002638e-15,-4.438529114894846e-15,1.2674357955165885e-14,-3.2490392826969862e-15,1.4578145476966696e-14,-1.578612073446605e-14,6.876199707846799e-15,0.015337651180867124,-0.009799149902458875,-0.03623593388615596,0.004062109272305176,0.016008926266383384,0.007186178852808043,-0.21768959027368795,0.004617908090416601,0.023585403027841536,-0.15391186033211252,0.05778238267502402,0.00010642096365697385,-0.029076850409405434,6.8346212584915634e-15,-0.009724522328783817,1.1825963115173258e-15,3.907931528137404e-16,-4.614903238019561e-15,2.594119042200098e-15,-4.3150651440297194e-15,4.2463366040260645e-15,-5.867279673690537e-15,1.176463973502909e-14,6.310689440556031e-15,2.0465317444446776e-15,-1.2762108782739548e-14,-6.707510900503013e-16,0.0,0.0,0.0,0.0,0.0,0.0,0.0,0.0,0.0,0.0,0.0,0.0,0.0,0.0
0.008394656424118857,0.0002360058468558383,8.587406900350132e-15,3.070960916852232e-14,-5.205525908951914e-14,-0.0007692076800296421,-0.06849040121669793,0.026962592952918942,-0.001176509131810415,1.1477353155459598e-13,0.0002149506507281408,7.188854269682297e-5,5.4229227319580017e-14,-0.15784011669557976,0.0341180101984159,0.00010256102929140395,-0.00016998154303180587,-0.00019640203703063724,-8.613391097979622e-5,-3.950653423122667e-5,-1.2627709560021077e-5,-8.368325485022914e-5,2.494566574667839e-6,-4.752695021319797e-5,-0.0001637762637463801,-8.204158412549221e-5,-9.630874219847054e-5,-6.2016505094179185e-15,6.622758420429725e-16,-3.1367086696605984e-15,4.036415990174474e-15,-2.537786115056318e-15,-1.0654374294795838e-14,-5.2218988425432506e-15,1.4943982884384037e-14,-3.834894585010425e-15,1.7222476244563946e-14,-1.8613591671735933e-14,8.109101384817879e-15,0.03507926517477696,0.005362486915899572,0.09858045536527067,0.018006328182788304,0.028800554200053646,0.01754180150257725,-0.5747345576193241,0.03091938283496044,0.042551746619597354,-0.04186104659158464,0.05981218432061378,0.000415142501569385,-0.029203583476401642,8.17511267457493e-15,-0.009766907199311713,1.3885560119263977e-15,4.661882917043172e-16,-5.44415666271964e-15,3.071771795276568e-15,-5.088657602878551e-15,5.020483081483986e-15,-6.909212529409094e-15,1.3872707912072838e-14,7.45307328063652e-15,2.419242649935087e-15,-1.5042434154675737e-14,-8.181404917872979e-16,-0.0,-0.0,-0.0,-0.0,-0.0,-0.0,-0.0,-0.0,-0.0,-0.0,-0.0,-0.0,-0.0,-0.0
-4.133089617454083e-7,0.000117034872957154,1.9235866172511976e-16,6.974435390096399e-16,-1.2023842047757376e-15,-0.000467520752087443,-3.903028797956414e-5,3.016804541800826e-6,-0.0005469655710552632,-2.0711700391632916e-14,2.0966973943908333e-5,7.012238375316183e-6,2.0238465105397605e-15,0.00014649132223647926,-6.068075720177631e-6,-1.7226520407988862e-5,-1.58939518777953e-5,-0.0001327618774054079,-2.4723750318701823e-5,-7.098057403006325e-6,-2.4217253008088332e-5,-6.543059237856038e-5,-3.845314220683196e-5,-6.850937176602083e-5,-3.9999081511858265e-5,-8.802199298489615e-5,-3.2573249355090482e-6,-1.322246247065353e-16,1.7385468897298114e-17,-6.949781569656285e-17,9.800324092341672e-17,-6.692858663338625e-17,-2.5186576370243175e-16,-1.1150574116981615e-16,3.3147074285972975e-16,-8.7591404934021e-17,3.9659884691919163e-16,-4.1972221474647267e-16,1.8578964540245953e-16,4.770197643260055e-6,2.206408216826398e-6,2.2386830967518498e-5,1.4320670965313098e-6,1.7181071674657008e-7,2.791897528814314e-6,2.555883583680015e-6,1.4082867190287768e-6,1.2890606883620585e-6,2.4730194506171117e-6,1.1722160149828272e-6,2.4360947070402813e-8,3.2642983381656296e-6,1.7241281919697506e-16,1.0917187248878216e-6,2.554846847791863e-17,1.2465486472154193e-17,-1.211264319318068e-16,7.744194887931671e-17,-1.188839345343287e-16,1.1833197193638443e-16,-1.4733523177257606e-16,3.115227186201335e-16,1.7499787947029494e-16,4.738102877872005e-17,-3.387052476543688e-16,-3.359470597163238e-17,-0.0,-0.0,-0.0,-0.0,-0.0,-0.0,-0.0,-0.0,-0.0,-0.0,-0.0,-0.0,-0.0,-0.0
-0.0018877631273259093,0.00013961229507842074,8.751071509897314e-16,3.1854317572464284e-15,-5.361073124095889e-15,-0.0005354405009133915,-0.00037161212737377896,0.0430379341692679,-0.0006652339114856337,-1.5734290792599655e-14,5.306368287747944e-5,1.7746728468744158e-5,6.961556731648991e-15,-0.0073503033643921665,-0.005238961202828994,-8.21996316706191e-6,-3.821195333382693e-5,-0.0001444740343881567,-3.163915679172038e-5,-1.1849180031475855e-5,-2.3447437919267334e-5,-7.29837153678302e-5,-3.8084393388281216e-5,-7.122114074976727e-5,-5.9294761555183205e-5,-9.162584672209118e-5,-1.113026474996442e-5,-6.338143500248753e-16,6.821357587447514e-17,-3.219010334616888e-16,4.271915767808705e-16,-2.581941893286335e-16,-1.1160649229775692e-15,-5.258054706290809e-16,1.5461156110452497e-15,-3.9205232469003526e-16,1.795786404592294e-15,-1.9153332413962614e-15,8.341294185657085e-16,-0.0005908370038972432,0.00026314164572880674,0.00318846959085896,-0.00014100772416187097,-0.0006314607305154818,-0.0002144191943144262,0.061743656925323125,0.0001639094926833327,-0.0009121098674213969,0.009703766625184615,-0.002950513918708815,-4.102533073342781e-7,-0.004507244912108468,8.029648484017207e-16,-0.0015074123631659893,1.4848525019759843e-16,5.2924725555828896e-17,-5.583959496818471e-16,3.269289408824945e-16,-5.299194244409487e-16,5.308774530897526e-16,-6.953531640540098e-16,1.4313724788701287e-15,7.74589827429764e-16,2.8405944813065724e-16,-1.547353458759781e-15,-1.1019002891059827e-16,0.0,0.0,0.0,0.0,0.0,0.0,0.0,0.0,0.0,0.0,0.0,0.0,0.0,0.0
-8.238804516099049e-7,0.00023388392917727494,4.136214915218545e-16,1.4862242013952784e-15,-2.556638466696841e-15,-0.0009341121571125858,-7.828166307360755e-5,5.713590491967302e-6,-0.0010929948291255906,-4.035872393246837e-14,4.1838050031365533e-5,1.3992404472012677e-5,4.168057082201175e-15,0.000294423424785014,-1.2108279137087605e-5,-3.405849415015625e-5,-3.184524952932549e-5,-0.0002654362263725736,-4.9552640719589115e-5,-1.420629459238044e-5,-4.839226161724553e-5,-0.00013065449802127446,-7.66578537167001e-5,-0.00013676149084161472,-7.998477044092673e-5,-0.00017584834359484717,-6.78624181206359e-6,-2.8379449422561154e-16,3.6911223289667664e-17,-1.4914601763683803e-16,2.076865535948823e-16,-1.4169181039407084e-16,-5.33910100837048e-16,-2.398449713507559e-16,7.069769887434861e-16,-1.8707694052006536e-16,8.419639665747022e-16,-8.950028779920199e-16,3.9490781752507275e-16,9.457654729340198e-6,4.458425260058139e-6,4.475124624340829e-5,2.8709702550077075e-6,3.4281085327340334e-7,5.578771631753233e-6,5.0994543166692195e-6,2.8061105110537796e-6,2.5707593205669215e-6,4.9333160090328655e-6,2.351196143746285e-6,5.0215717145525935e-8,6.9455277016673275e-6,3.608165705311549e-16,2.3228767289695818e-6,5.486409072853779e-17,2.6834327342382553e-17,-2.5813904884752235e-16,1.6315084656049173e-16,-2.532017686432933e-16,2.5061781811694333e-16,-3.15608764674304e-16,6.6458415686813e-16,3.7118284787065904e-16,9.718743605903403e-17,-7.20607921098291e-16,-6.871783025213595e-17,-0.0,-0.0,-0.0,-0.0,-0.0,-0.0,-0.0,-0.0,-0.0,-0.0,-0.0,-0.0,-0.0,-0.0
-1.4793797893223081e-7,3.5578154308417624e-5,-2.5440519039706165e-16,-7.782084690440096e-16,1.2817008520126543e-15,-0.00014412826247893782,-8.833077637378654e-6,4.293703877651797e-6,-0.00016700269324089527,-1.734843617537443e-14,7.044517679326637e-6,2.3559831451551757e-6,-4.0878095991393477e-16,2.6608373275133937e-5,-2.0400300642478373e-6,-9.17005596261701e-6,-3.947129073787205e-6,-3.903881103817828e-5,-5.969233102377703e-6,-1.928024788826529e-6,-7.4025983365704606e-6,-2.0991828146135533e-5,-1.3696732990496745e-5,-2.2417047549756564e-5,-1.1622765262308088e-5,-2.7357015989246987e-5,1.9743685088938063e-6,1.6927159316000718e-16,-1.7936451927693184e-17,8.87818114601416e-17,-9.698644791570652e-17,6.471375969368287e-17,2.509782163134579e-16,1.4831275191887248e-16,-3.765624132764759e-16,1.0226744836856836e-16,-4.0854548615697775e-16,4.746644399603824e-16,-1.9656635231104824e-16,2.2552800582212557e-6,1.4467179588824048e-7,6.664889452012814e-6,3.3776275740658886e-7,5.799045668593356e-8,8.550537326473386e-7,8.654017009650316e-7,5.162380060668673e-7,4.4880609783718046e-7,8.460127831556646e-7,2.639589518029971e-7,-9.009912537649152e-9,-3.529182282506487e-6,-1.2180793343192037e-16,-1.1803070621209194e-6,-3.302013089463518e-17,-1.6810521680104497e-17,1.3540456853804122e-16,-6.63272895183972e-17,1.3120343805357956e-16,-1.1550839661505763e-16,1.8199920256375324e-16,-3.5554272216220045e-16,-1.7672523512527972e-16,-1.2381850681824568e-17,3.6550903419553313e-16,6.73049353835022e-18,-0.0,-0.0,-0.0,-0.0,-0.0,-0.0,-0.0,-0.0,-0.0,-0.0,-0.0,-0.0,-0.0,-0.0
-0.002360665031620215,0.00025738226228168705,1.1162289016971926e-15,4.051238688793484e-15,-6.85351273403245e-15,-0.0010059885927460564,-0.0004764689354454718,0.04858839719921529,-0.0012151778462952201,-3.8512897005438666e-14,7.332820094188015e-5,2.4524036038579433e-5,9.324123492282264e-15,-0.004687459040425577,-0.006392408823216316,-2.495458641252029e-5,-5.393824103571843e-5,-0.00027870869201959095,-5.6817658462579216e-5,-1.8960339261422315e-5,-4.793665510989928e-5,-0.00013870607784651523,-7.650785657185403e-5,-0.00014006329297656725,-9.938672745459328e-5,-0.00018039215123298244,-1.4905304439762905e-5,-8.009201620752769e-16,8.943117509136897e-17,-4.0942281739513474e-16,5.4757173186992055e-16,-3.379114824731479e-16,-1.4255276769748077e-15,-6.664254902011123e-16,1.9609122192969002e-15,-5.005715682245903e-16,2.286933875896191e-15,-2.4366648878654985e-15,1.0627549448707645e-15,-0.00044829740700239425,0.0006418134004927801,0.00496403517903403,-2.591269040009373e-5,-0.0006020846932401592,-0.00014327931969430682,0.07476467500780223,0.0004498969469246268,-0.0008605264617372112,0.012260604750328623,-0.0033568578481457147,2.5587956033141313e-6,-0.004392484066554194,1.0152544125593763e-15,-0.001469031507285281,1.8263675247083193e-16,6.894170343417549e-17,-7.090979570390108e-16,4.2091011376996947e-16,-6.770656186539001e-16,6.772017818270324e-16,-8.796550829719448e-16,1.819268272240519e-15,9.894846866815493e-16,3.4591539681430977e-16,-1.9660542330667316e-15,-1.4922135150643355e-16,-0.0,-0.0,-0.0,-0.0,-0.0,-0.0,-0.0,-0.0,-0.0,-0.0,-0.0,-0.0,-0.0,-0.0
0.0001389111744137809,4.1558177891431936e-5,-7.72840764286544e-17,-1.3857838886687432e-16,2.3018636737980216e-16,-0.00016034717809768143,-1.2595539608746457e-5,0.005249452550348587,-0.00019981479813456049,-1.0591428764270469e-14,1.8638085133998735e-5,6.233359958195755e-6,7.304235807382491e-16,-0.006495615181659527,0.00012160953066370512,-6.592047261709804e-6,-1.1614187803481694e-5,-4.033707368212064e-5,-7.600555767626091e-6,-3.4772556248066796e-6,-6.651694972429609e-6,-2.2752377747102283e-5,-1.334878459196416e-5,-2.24639256870579e-5,-1.7785517233737506e-5,-2.708344837885208e-5,-5.316775740141515e-8,4.0353672038432847e-17,-5.180414696883276e-18,2.4073771553342494e-17,-1.3084178508241312e-17,1.4368646276185662e-17,2.9726098502470046e-17,4.1126127152575066e-17,-6.695102687093025e-17,2.3513152617812914e-17,-5.2758683332876425e-17,8.99732252865767e-17,-2.9071147186344115e-17,-0.000415935536803418,-0.000520102364163996,-0.0017735479154801638,-0.00022963132320362673,-0.0002550835949369986,-0.00018078668401822292,-0.0006217494291319278,-0.00040424298214028167,-0.00038150015332723996,-0.0009163607409845573,-0.00031598347917162223,-4.8928936005101915e-6,-0.0016688014455552133,3.165481939850878e-17,-0.0005581174264425837,-2.84823297601656e-18,-6.988734139675765e-18,2.3318716855891967e-17,-3.056797425515161e-18,2.5662332987590325e-17,-1.1369718295756112e-17,3.988981959065808e-17,-6.79822831716037e-17,-2.289884128539863e-17,4.1798234800937465e-17,5.3837319302614024e-17,-1.0681394087637708e-17,-0.0,-0.0,-0.0,-0.0,-0.0,-0.0,-0.0,-0.0,-0.0,-0.0,-0.0,-0.0,-0.0,-0.0
-0.0037890263077704806,0.00017588128252179686,-1.3291668428930619e-17,-4.566185291585159e-18,-1.4562946078457188e-16,-0.0007257790088324636,0.006785919890611327,0.017978034701902942,-0.0008055550811457555,-5.702011904457338e-14,-3.480543328219338e-6,-1.16404014996545e-6,1.2501273874998978e-15,0.007989960260254392,0.0017696258851229967,-3.345892232466226e-5,-2.3311262539365726e-6,-0.00021865882123902594,-3.7400781741539396e-5,-6.993964896573649e-6,-4.2823314600851466e-5,-0.00010252767919142271,-6.341519535264754e-5,-0.00011280871943238901,-4.717471686100482e-5,-0.0001473097980938905,-1.5901775995629739e-6,1.6364882380292442e-17,-6.320098288018826e-18,-9.780570413900774e-20,7.915102730989132e-18,-1.7648110307785896e-17,-1.8260289676178305e-17,2.9376929840628466e-17,-1.962573387058426e-17,8.705878808577377e-21,4.4270786592860535e-18,1.3391982881600203e-17,-1.2104083903422239e-17,0.0012631954274386896,-0.00010993430305151614,0.0020132999129101143,0.0011227238808989637,7.766032530160743e-5,-0.00022449114455653276,-0.022526639757080972,0.0014080737441240837,-0.00029821446364924973,0.009126074959560668,-0.001987164321490024,2.7918319941826977e-6,0.005453209466446679,-1.0546522453393518e-16,0.001823782716255609,-6.2602619882296805e-18,8.472139486655698e-18,8.161744533692879e-18,1.239499263904898e-17,-1.0380512408149888e-17,1.3730220840150608e-17,2.1571506902397443e-17,-7.443410605994963e-18,6.134541633405496e-18,-8.71953675412867e-18,1.9219588838218045e-17,-3.909033634478819e-17,0.0,0.0,0.0,0.0,0.0,0.0,0.0,0.0,0.0,0.0,0.0,0.0,0.0,0.0
-0.00811149416801819,0.0007051174199263466,4.992081981793195e-15,1.8221580868453603e-14,-3.140083773434074e-14,-0.002791505017726691,0.024305769837963745,0.07349438224135528,-0.003283786247270352,-9.805664761248873e-14,0.00011091041279438207,3.7093109131899324e-5,3.678642879218123e-14,-0.027928127924832038,-0.014915726885198396,-4.7148985639761896e-5,-0.0001051974548355312,-0.0008221808749764746,-0.00017154678288477755,-4.5370248243308194e-5,-0.00014602224976545107,-0.0003796149963479164,-0.00020275226500666312,-0.0003919846312467436,-0.000246865850264928,-0.0005241869871064825,-6.219024384117471e-5,-3.59135838801008e-15,3.606137853054571e-16,-1.8344539978498095e-15,2.425992465227117e-15,-1.5697889252715892e-15,-6.401322793994046e-15,-2.967427136043598e-15,8.789803590851134e-15,-2.256484707180675e-15,1.0267161918458253e-14,-1.0953916307808759e-14,4.7756397256691525e-15,0.011453089746338737,0.0007919231915506415,0.05960333422323108,0.009450615709715018,0.005465956365339753,0.003312214812696816,0.12748882814003082,0.015068784662783238,0.006556245671588476,0.0727914664615263,-0.005711782916976702,0.0001305387930272593,0.0010319093651207044,4.600065618007428e-15,0.00034511391434860635,7.978242656700776e-16,3.092735472119378e-16,-3.2039872403484568e-15,1.8757844576777945e-15,-3.0561571653707564e-15,3.045148501315509e-15,-3.993729319653541e-15,8.177148655094432e-15,4.446813570120554e-15,1.5095393062223634e-15,-8.862417374981387e-15,-6.235323412636852e-16,-0.0,-0.0,-0.0,-0.0,-0.0,-0.0,-0.0,-0.0,-0.0,-0.0,-0.0,-0.0,-0.0,-0.0
-0.004162716111279613,0.00038543622707314795,2.8055094065916628e-15,1.022433983881259e-14,-1.7616269330812615e-14,-0.0015251392729951942,0.012488749076779467,0.0378043163221407,-0.0017950177206000257,-5.5272618161950666e-14,6.083896078495574e-5,2.034710858068382e-5,2.0658873356302913e-14,-0.01701409679700938,-0.005086049396283726,-2.4657231784784306e-5,-5.797124241837049e-5,-0.0004495602431736308,-9.417241025973637e-5,-2.4899476245610886e-5,-7.97337748583323e-5,-0.00020718486649385913,-0.00011023938658093821,-0.0002137576744672731,-0.00013522728324854205,-0.0002862166058429699,-3.480080771923167e-5,-2.016624414978966e-15,2.0470838971548328e-16,-1.0297677602038006e-15,1.3609518803984243e-15,-8.798870479463421e-16,-3.590446556794081e-15,-1.6692721895189779e-15,4.9345431240196275e-15,-1.267108642162083e-15,5.762480268545509e-15,-6.148841338171921e-15,2.681143666125976e-15,0.009039920276684273,0.00282357900658539,0.05214176760540376,0.0070838996048144635,0.0048531895588441705,0.003355816970872581,0.008576389149759079,0.01194348482698151,0.006399802122078119,0.055272559825383545,-0.002603572329880031,0.00011637552404602767,0.0005060333146110619,2.6087958737186273e-15,0.00016923883424023063,4.476716605275069e-16,1.7291968514742892e-16,-1.7991001820452516e-15,1.0517422631911972e-15,-1.7131498557796502e-15,1.707268952774197e-15,-2.2436185987661985e-15,4.589580100275497e-15,2.4951151734688082e-15,8.448555150822147e-16,-4.973916094905663e-15,-3.469608343985468e-16,-0.0,-0.0,-0.0,-0.0,-0.0,-0.0,-0.0,-0.0,-0.0,-0.0,-0.0,-0.0,-0.0,-0.0
0.00039771356840835733,0.00017191138804694876,1.6906437676451809e-15,6.136848915735963e-15,-1.034663806462762e-14,-0.0006484692602046559,0.005349692562108851,0.01976152240587932,-0.0008228885677270709,1.798355720747059e-14,7.457596421138972e-5,2.4941340580666134e-5,1.1466376748408869e-14,-0.02457158690254869,-0.015963669656851493,-1.7328093282467307e-7,-5.52610637552985e-5,-0.0001746727547411935,-4.1874906234708565e-5,-1.6119040077868947e-5,-2.6812869299945673e-5,-8.658091118005643e-5,-4.1230430734453906e-5,-8.176470398835609e-5,-7.796629931910636e-5,-0.00010715747250005089,-2.0412256975843735e-5,-1.2191630851215289e-15,1.2079041819222723e-16,-6.180145063924085e-16,8.109618991056339e-16,-5.144943559925168e-16,-2.1419192689904233e-15,-1.0114208861965056e-15,2.957209620718233e-15,-7.5928237597252365e-16,3.431918936091632e-15,-3.6898730976106125e-15,1.6102978407747763e-15,0.0002159505164507439,-0.0032478823819451627,-0.0005588583088878503,0.0006643637531234939,-1.3131049021385435e-5,-0.00028614058846315873,-0.01776183946008497,0.0005638237967988278,-0.000385730846444037,0.0032862651408656187,-0.0012264294680818344,-2.482537774605399e-6,-0.007173142423329773,1.4981634812058252e-15,-0.0023990006717042158,2.72760742191707e-16,9.89806515437084e-17,-1.0768581476993549e-15,6.206039784481401e-16,-1.0228464244236877e-15,1.0111295636902588e-15,-1.354443087654477e-15,2.7546793372274223e-15,1.4889240787366229e-15,4.973903275186095e-16,-2.989723544928802e-15,-1.8845860076864466e-16,0.0,0.0,0.0,0.0,0.0,0.0,0.0,0.0,0.0,0.0,0.0,0.0,0.0,0.0
0.007555190305764551,0.00021257757233861724,7.730537078157884e-15,2.764543538668311e-14,-4.686143768327641e-14,-0.0006929633577899197,-0.06164143631643319,0.02426631778863843,-0.0010596598997127482,1.0327724081177419e-13,0.00019348264168145686,6.47087371007909e-5,4.8819500678098715e-14,-0.14205578328994653,0.03070620143595123,9.230311950343014e-5,-0.00015301213660481321,-0.00017696504090377894,-7.756609326208119e-5,-3.556765531313213e-5,-1.1400200481904101e-5,-7.540501014816982e-5,2.2006327447161476e-6,-4.28659593173904e-5,-0.00014746081998696732,-7.396347426552812e-5,-8.670020585670082e-5,-5.582831114305389e-15,5.961977866897684e-16,-2.82371939806126e-15,3.633678100527791e-15,-2.284589789784443e-15,-9.59131202999331e-15,-4.7008461758158365e-15,1.3452883921093653e-14,-3.4522465923121078e-15,1.5504072929300253e-14,-1.675632973193006e-14,7.299990202044726e-15,0.0315713408725571,0.004826244669924979,0.08872244363434253,0.01620569805449639,0.025920498987349914,0.015787625409011727,-0.5172610986046253,0.027827446109385645,0.0382965735111938,-0.03767493874207832,0.05383096817218896,0.0003736283848441644,-0.026283192626709424,7.359515024877898e-15,-0.008790205609326661,1.2499948614491116e-15,4.196778545808578e-16,-4.900946493229462e-15,2.7652923440202174e-15,-4.580924118484177e-15,4.51956364867284e-15,-6.2197933500819234e-15,1.2488488511065834e-14,6.709426194485159e-15,2.1778892063972014e-15,-1.3541513382712183e-14,-7.365299598531538e-16,0.0,0.0,0.0,0.0,0.0,0.0,0.0,0.0,0.0,0.0,0.0,0.0,0.0,0.0
0.022493211418454073,0.00048181784141316803,2.2258094977678966e-14,8.0218483335921e-14,-1.3590935065889328e-13,-0.0014622500117699984,-0.0598551355478472,0.053559902745434734,-0.0024501242088419556,3.9158091968126023e-13,0.0005499012923598633,0.0001839101319336261,1.4239712131486176e-13,-0.30194404377845285,-0.03037196201559139,0.00029201108080007025,-0.000433929380210988,-0.0003537345190403317,-0.00019700193566423457,-9.640715481323092e-5,-2.666857825544536e-6,-0.00014161700145064483,5.370326084030572e-5,-4.13995772389603e-5,-0.0003867444584160447,-0.00010737147718464335,-0.0002500344873395384,-1.6100905373979944e-14,1.7008226423227223e-15,-8.111854847563602e-15,1.0546798758827401e-14,-6.632574714155008e-15,-2.7858862272666153e-14,-1.3551086977439569e-14,3.898827502507203e-14,-9.957742706527266e-15,4.505540512904506e-14,-4.8468801935477964e-14,2.1187875511136517e-14,0.05145987712677233,0.008174851310942553,0.23902769249232297,0.03188923668425842,0.040630946487455036,0.027449031049138706,0.08188994467619684,0.0566827116750079,0.059838300423050286,0.07970009824244856,0.05703706029119159,0.00071761464801375,-0.07825785200261208,2.1691140360543128e-14,-0.02617271879475152,3.613314207985529e-15,1.2249992718358e-15,-1.4218766415352934e-14,8.047714221191277e-15,-1.328468422534476e-14,1.3158638754777911e-14,-1.795139931274995e-14,3.613620701582037e-14,1.9466735660184965e-14,6.613480596067653e-15,-3.9281597575337154e-14,-2.140959913407896e-15,0.0,0.0,0.0,0.0,0.0,0.0,0.0,0.0,0.0,0.0,0.0,0.0,0.0,0.0
-0.014783441083383055,-6.394543387776526e-5,-6.1509349425623e-16,-2.3011743145726558e-15,2.3349389350908474e-15,5.2547824909091105e-5,-0.04439174819444385,-0.022746975327499086,0.00046021182643019547,-2.959578055119799e-13,-0.00034860386608363955,-0.0001165878020438307,-6.852503928980635e-16,0.07813641228561002,0.14208808296303435,-2.8861916918083852e-5,0.00020545223538895275,-0.00012007191917007811,-1.9094762735765735e-6,3.6759643679549235e-5,-4.723739765810374e-5,5.041790532953793e-6,-1.5223674883860542e-5,-4.2742606480301924e-5,0.00013985978334104474,-8.936115875888981e-5,8.12205934170623e-6,4.530774335160501e-16,-5.45339392989393e-18,2.0667480302342342e-16,-2.8093829387826084e-16,1.314990695187918e-16,7.579206872945265e-16,3.5230463405019104e-16,-9.98696787696043e-16,2.5943710328057827e-16,-1.0980515757520496e-15,1.295476442070856e-15,-5.822292806381196e-16,0.042673635702194596,0.03558934159693956,0.18582512453795366,0.02382796855475169,0.028951456648455866,0.020226596012827516,0.0661061718049336,0.04404415030480861,0.04319222069108325,0.0887059175447457,0.03728816030045953,0.0005425875372683147,0.05167728189385076,1.798799076328173e-16,0.01728305764174146,-1.1142267170439072e-16,-2.502086630345447e-17,3.5547584741298565e-16,-1.8619363001609245e-16,3.641140316180989e-16,-3.1614379525727525e-16,4.826404325010742e-16,-9.828897168349064e-16,-5.036392058573395e-16,-1.5723131468903643e-16,1.097709606628709e-15,1.9361935933396443e-17,-0.0,-0.0,-0.0,-0.0,-0.0,-0.0,-0.0,-0.0,-0.0,-0.0,-0.0,-0.0,-0.0,-0.0
0.0001484018310655496,8.730710302633654e-5,3.504238197234233e-16,1.4177031699875419e-15,-2.417050510881845e-15,-0.00033652547386764305,0.001992963976451365,0.0073829999352854414,-0.00041603758408361,-8.39503364789998e-15,3.267252305465188e-5,1.0927066566272657e-5,3.6547659877414336e-15,-0.006114248340602924,-0.009012792151926527,-7.487412653757584e-6,-2.286934233732113e-5,-9.009554096845814e-5,-1.893866444768406e-5,-7.186130417275814e-6,-1.4837162426919447e-5,-4.637667315489374e-5,-2.5042245927602493e-5,-4.568641688668947e-5,-3.6463807565853104e-5,-5.800947251045483e-5,-5.235893507691032e-6,-2.675813019626018e-16,2.4843659019440142e-17,-1.323952608920965e-16,1.9261708764766978e-16,-1.1849714428678546e-16,-5.1464295614213025e-16,-2.1388180613870716e-16,6.819710995824607e-16,-1.6926398239213092e-16,8.187078160909945e-16,-8.455357870950682e-16,3.7934242871337903e-16,8.240100257753992e-5,-0.0012128613852688329,-0.00020439985534847658,0.00024825654176821994,-4.863271092176551e-6,-0.00010628694383577233,-0.006631675739117469,0.00021089998295825373,-0.00014371909024879596,0.0012276757365251984,-0.00045781169083079765,-9.38944222449544e-7,-0.0026824305724485555,4.1306752172403364e-16,-0.0008971176599208883,6.511900854127745e-17,1.851694488272707e-17,-2.5001243506264936e-16,1.5502300553525842e-16,-2.345722504859787e-16,2.459434574446707e-16,-3.0323585800322574e-16,6.302612015568908e-16,3.5542540657251634e-16,1.66550368455442e-16,-7.043800841603146e-16,-5.947829231979811e-17,0.0,0.0,0.0,0.0,0.0,0.0,0.0,0.0,0.0,0.0,0.0,0.0,0.0,0.0
0.0002491036922183432,0.0001308611332697725,7.894003612489431e-16,3.0099906629246317e-15,-5.102688706973849e-15,-0.000500743207318765,0.0033473797070598,0.012386483735936904,-0.0006244905103426829,-3.8942345801378536e-15,5.153454036165655e-5,1.7235318865323773e-5,6.616655691177313e-15,-0.018435369289997214,-0.006953667495078315,-7.3791424411028555e-6,-3.690035816366222e-5,-0.00013440353100662456,-2.9607645742712926e-5,-1.1277834991597031e-5,-2.1628998158802933e-5,-6.827202404416717e-5,-3.5410056376286135e-5,-6.6343725425979e-5,-5.6235544538620385e-5,-8.513784679090544e-5,-1.0521210942830545e-5,-5.840709291996183e-16,5.628691457104912e-17,-2.928617905871058e-16,4.02936349031576e-16,-2.519702305171518e-16,-1.0701699541904875e-15,-4.76498105869991e-16,1.4494495952644871e-15,-3.6632810160611353e-16,1.7091865257726063e-15,-1.8030928938130055e-15,7.971154860628445e-16,0.0001370488997480582,-0.002035203557567655,-0.0003458921816313285,0.0004164776143752204,-8.18830959316827e-6,-0.0001787374711340102,-0.011128976304410072,0.0003536570645413948,-0.00024138812798080232,0.002059755580985241,-0.0007683396831074877,-1.566871032268081e-6,-0.004498486339314038,8.032213455460358e-16,-0.001504483127863254,1.3596201210993972e-16,4.41373914236772e-17,-5.294773732089032e-16,3.1597868132133516e-16,-4.998587764765384e-16,5.082354192415072e-16,-6.549082184173034e-16,1.3451082897704486e-15,7.417239946326587e-16,2.954446758247404e-16,-1.4800805303170212e-15,-1.0822778817205191e-16,0.0,0.0,0.0,0.0,0.0,0.0,0.0,0.0,0.0,0.0,0.0,0.0,0.0,0.0
0.014994710371107377,8.782097523683839e-6,5.481170893024797e-15,1.9851828814482297e-14,-3.282504711159117e-14,0.00020787139392538988,-0.07087610620175794,0.040520293495454385,-0.0001933261141091422,3.875991567895923e-13,0.00033164238565048626,0.00011091516924015969,3.67344080517011e-14,-0.200787646187148,-0.02196324584075539,0.00011119383712844899,-0.00021745797979961476,0.00016118458692760573,-1.488580818302282e-5,-3.8029304020639526e-5,6.076198710078687e-5,4.5772873200642464e-5,7.176600527729533e-5,0.00010479584773197037,-0.0001329653936548748,0.0001438741271778298,-6.148457896600019e-5,-4.004898113924783e-15,4.2115778931598746e-16,-2.006419842214811e-15,2.600894034474075e-15,-1.5784820912255398e-15,-6.908393862566275e-15,-3.3277400975290055e-15,9.61559344075269e-15,-2.4713308078412953e-15,1.1037667797682935e-14,-1.2060218249923927e-14,5.260124143299075e-15,0.051943370582920895,0.011677665972130272,0.2132178731344877,0.027842427863263925,0.025117466591937258,0.028824897797834308,0.030782642049432405,-0.7096843328362479,0.036970321943236836,-0.08844491907678001,0.06468549448423999,0.000771844089179782,-0.05232865987841467,4.833582946638729e-15,-0.017500905849741275,9.29212365895374e-16,2.908415191787682e-16,-3.4851722180905813e-15,1.9624304605544565e-15,-3.2536583878849377e-15,3.2026629446376877e-15,-4.499006027475167e-15,9.000057093888535e-15,4.8025484212982215e-15,1.5575473272102048e-15,-9.776597401876696e-15,-5.04629027481636e-16,-0.0,-0.0,-0.0,-0.0,-0.0,-0.0,-0.0,-0.0,-0.0,-0.0,-0.0,-0.0,-0.0,-0.0
0.014279354235318667,4.765661050503436e-5,7.353277037122185e-15,2.649807425291388e-14,-4.428925023114242e-14,5.612841792488394e-5,-0.07034193155073437,0.03898727062701135,-0.0003630235978514044,3.250376719254979e-13,0.0003179581516501791,0.00010633858555561376,4.6186784500902215e-14,-0.19864065345272663,-0.013181753384117367,0.00013006002257872026,-0.0002192193475360099,9.90458655076418e-5,-3.4162770662054594e-5,-4.028909420522928e-5,5.019844171466713e-5,2.9644011479960296e-5,7.086103699809615e-5,8.852672830292343e-5,-0.0001442285542061326,0.00011198460930911573,-8.20129150976419e-5,-5.3546425486660616e-15,5.582706955640912e-16,-2.6911239243128603e-15,3.471087717790697e-15,-2.1420317436401197e-15,-9.190654745054212e-15,-4.479833556856595e-15,1.2868496409969349e-14,-3.295691568980878e-15,1.4785948820470956e-14,-1.60693536067705e-14,7.008895989547006e-15,0.043891767102199206,0.005784344668748779,0.1594832442381682,0.020487654923206082,0.008868647971683196,0.025946914459173187,-0.01767005929320283,-0.3795508024610186,0.012891215487519656,-0.22398787200598502,0.06318906810444365,0.000706546972675453,-0.04979588785784877,6.714407469154254e-15,-0.016653840307201427,1.2219381255840943e-15,3.8875306339558407e-16,-4.6770702459968015e-15,2.630798330552324e-15,-4.373065964759782e-15,4.303505026979555e-15,-5.980138805535058e-15,1.19789357796722e-14,6.414224558443068e-15,2.1088726240059897e-15,-1.302044938873933e-14,-6.726111402408539e-16,-0.0,-0.0,-0.0,-0.0,-0.0,-0.0,-0.0,-0.0,-0.0,-0.0,-0.0,-0.0,-0.0,-0.0
0.01499471611881911,8.672715772467878e-6,5.5470372460186096e-15,2.0084828847901546e-14,-3.322463392400017e-14,0.00020878921315181306,-0.07087678905553371,0.040519470474693925,-0.00019266561513729932,3.8729527180185664e-13,0.00033146814837856466,0.00011085689696443296,3.7212072853120693e-14,-0.2007787299573561,-0.021963192108817562,0.00011216231042737548,-0.00021765893836118487,0.00016099506034322983,-1.5233770847486082e-5,-3.8076428353554713e-5,6.080007414128324e-5,4.6088003014876655e-5,7.229181399161978e-5,0.0001052314567874492,-0.00013306070968279447,0.00014409977423050853,-6.219129240812426e-5,-4.051967775438773e-15,4.264204701100487e-16,-2.030414848426705e-15,2.6313647250382654e-15,-1.5979922410321243e-15,-6.988719187740257e-15,-3.3673838884915942e-15,9.729110199550708e-15,-2.5004681264619136e-15,1.1168524651018527e-14,-1.2201185635808636e-14,5.321232831934969e-15,0.05194317169473043,0.01167779293161793,0.21321788640436065,0.02784245003897314,0.02511746463796035,0.028824893060598763,0.030782618963379308,-0.7096843550310108,0.036970306845825175,-0.08844494008747804,0.06468551590298614,0.0007718480125012706,-0.05232754596083553,4.899347290823919e-15,-0.017500533308829516,9.397911516881162e-16,2.943927479240969e-16,-3.526479853828103e-15,1.9857380553857464e-15,-3.2920060007811284e-15,3.2408075474388593e-15,-4.551530930415899e-15,9.105237165869555e-15,4.8590504762449486e-15,1.5758153735627357e-15,-9.8900204477534e-15,-5.109904132954956e-16,-0.0,-0.0,-0.0,-0.0,-0.0,-0.0,-0.0,-0.0,-0.0,-0.0,-0.0,-0.0,-0.0,-0.0
7.874773331691822e-8,-1.921356444105122e-5,9.63530690712494e-17,3.5208680223536936e-16,-6.091037227720634e-16,7.771783056128045e-5,4.956403087483041e-6,-2.1421313663016656e-6,9.01090644316098e-5,2.9571954207187756e-14,-3.7479581704950883e-6,-1.2534749262001656e-6,1.4952519802813206e-15,-5.0143283461007336e-5,1.0930171950368652e-6,4.753712764019574e-6,2.1789244229532944e-6,2.1157541462843716e-5,3.3106432721441527e-6,1.0546027572336369e-6,4.008900082674452e-6,1.1253107362114394e-5,7.29186530051173e-6,1.1993057425345849e-5,6.3020539687447385e-6,1.4733619423853263e-5,-8.897407579739022e-7,-6.785742751319906e-17,1.816240310451462e-17,-3.454424520182522e-17,5.0233898819380605e-17,-2.8860184736293087e-17,-1.2593437317753607e-16,-5.443844689429422e-17,1.7048459395143208e-16,-4.42308784905391e-17,1.9169443489400816e-16,-2.233342581543589e-16,9.834223932297092e-17,-1.1767174362830602e-6,-1.0368145974136687e-7,-3.6075257983374693e-6,-1.8791467803627146e-7,-3.1858471373615984e-8,-4.630670968167799e-7,-4.6161553989705267e-7,-2.733781363147156e-7,-2.397414556134076e-7,-4.4488911833877717e-7,-1.4729097706788502e-7,3.901460310609172e-9,1.709123155200729e-6,6.142675442173716e-17,5.716027024615727e-7,1.5613206142323612e-17,7.57223665385255e-18,-5.797758004721133e-17,3.8284624616813887e-17,-5.57327713261948e-17,5.557037794800054e-17,-7.872162447970878e-17,1.641780902339646e-16,8.526391489414463e-17,1.8419482898729563e-17,-1.7667483288181825e-16,-1.318123562531318e-17,0.0,0.0,0.0,0.0,0.0,0.0,0.0,0.0,0.0,0.0,0.0,0.0,0.0,0.0
-0.0018955878582533861,1.2094896354055458e-5,7.769293378609499e-16,2.8005587129834815e-15,-4.786275008913071e-15,-3.8122462821323636e-5,-0.00029254515173506143,0.029109308893514204,-5.851432060258857e-5,1.1807962880751735e-14,8.13215448689722e-6,2.7197346595356327e-6,6.131182455575225e-15,-0.0005966684854796493,0.00013403451478193748,1.009151695329109e-5,-8.646957589824221e-6,-1.2921658129378855e-5,-6.481851364845762e-6,-2.1103145904496133e-6,-9.343594221050517e-7,-3.128241231994456e-6,2.4995998873036942e-6,-9.562740158224507e-7,-8.37306418505082e-6,-4.291263251726563e-6,-8.669231439895077e-6,-5.620676103606908e-16,6.973166622786753e-17,-2.8507643762592965e-16,3.74343369586024e-16,-2.2586041565460645e-16,-9.749792096087868e-16,-4.682514224193948e-16,1.368670875104338e-15,-3.463241085295194e-16,1.5755818912101883e-15,-1.6973923396736127e-15,7.377605579903733e-16,-0.0013618566251669148,-3.5353339304687705e-5,-0.0047467844380307414,-0.0006546944973743215,-1.8988245762099177e-5,-0.0008327908860254151,0.0015234774397541362,0.05268460676860312,-1.7276538782494296e-6,0.010719470293053389,-0.0022251266131117545,-2.2305139629226053e-5,-0.0011734982541232323,7.275754324724202e-16,-0.0003924671969073108,1.3136914679115908e-16,4.7440226965944066e-17,-4.921279059157468e-16,2.855752660732188e-16,-4.632628224866198e-16,4.633471450135847e-16,-6.192368306504154e-16,1.2654831533562756e-15,6.779827436110777e-16,2.405500816925318e-16,-1.3655196511031354e-15,-8.76340329684138e-17,-0.0,-0.0,-0.0,-0.0,-0.0,-0.0,-0.0,-0.0,-0.0,-0.0,-0.0,-0.0,-0.0,-0.0
1.574954666265808e-7,-3.842712888191466e-5,1.927061381425399e-16,7.041736044708595e-16,-1.218207445544361e-15,0.00015543566112179519,9.912806175218053e-6,-4.284262732617439e-6,0.000180218128862469,5.914390841459916e-14,-7.495916341080486e-6,-2.5069498524019803e-6,3.047164634686625e-15,-0.00010028656692185275,2.1860343900503992e-6,9.50742552805436e-6,4.357848845795045e-6,4.2315082925995474e-5,6.621286543573055e-6,2.109205513986329e-6,8.01780016560512e-6,2.250621472395292e-5,1.4583730600702516e-5,2.3986114851011833e-5,1.260410793952207e-5,2.946723884785158e-5,-1.7794815160825302e-6,-1.3571485502640596e-16,3.632480620904931e-17,-6.908849040366218e-17,1.0046779763880175e-16,-5.772036947259512e-17,-2.5186874635512485e-16,-1.0887689378862591e-16,3.4096918790293116e-16,-8.84617569810893e-17,3.83388869788073e-16,-4.466685163087756e-16,1.9668447864597602e-16,-2.3534348725122674e-6,-2.0736291943133708e-7,-7.215051596641187e-6,-3.7582935600429334e-7,-6.371694271813219e-8,-9.261341935765232e-7,-9.232310797565838e-7,-5.46756272619885e-7,-4.794829111947612e-7,-8.897782365913641e-7,-2.945819540714883e-7,7.80292064146863e-9,3.418246310334146e-6,1.2285350884353403e-16,1.1432054048768723e-6,3.1226412284642424e-17,1.514447330770725e-17,-1.159551600944547e-16,7.656924923364328e-17,-1.1146554265242003e-16,1.1114075589601965e-16,-1.5744324895944477e-16,3.2835618046798263e-16,1.7052782978832567e-16,3.68389657974771e-17,-3.5334966576369775e-16,-2.6362471250628578e-17,-0.0,-0.0,-0.0,-0.0,-0.0,-0.0,-0.0,-0.0,-0.0,-0.0,-0.0,-0.0,-0.0,-0.0
-1.0400535163089509e-7,2.3137946299343144e-5,-2.7485193164392323e-16,-8.523431477142611e-16,1.4095081391599255e-15,-9.443319931041395e-5,-4.6843577826860196e-6,3.973032994885239e-6,-0.00010886305241571317,-1.514688842641483e-14,4.8158356583681265e-6,1.6106180945907137e-6,-5.368209630683542e-16,1.1037095466255726e-5,-1.3950246716255809e-6,-7.3389650088447685e-6,-2.2576833347907767e-6,-2.4926902947407343e-5,-3.3412249799112274e-6,-1.1735376142802505e-6,-4.828428286088804e-6,-1.4036891050874101e-5,-9.6093607755026e-6,-1.5134851963488496e-5,-7.371067612567438e-6,-1.80007286341394e-5,2.3206054784610227e-6,1.8332639403871478e-16,-1.9784438292370985e-17,9.616907357782856e-17,-1.0740369084379066e-16,7.182792591130488e-17,2.777502579422682e-16,1.6016524151716063e-16,-4.1179605677023437e-16,1.115779664189366e-16,-4.50701913785656e-16,5.192787632433698e-16,-2.1631484074313867e-16,1.7482324627063089e-6,-8.985810508264827e-8,4.285283896495913e-6,1.8554135440264886e-7,3.972785681249707e-8,5.582893142339802e-7,5.937243571467036e-7,3.665443354196644e-7,3.1178554410262503e-7,5.831434725312044e-7,1.3935838882567753e-7,-1.1599356544962687e-8,-3.876160489079844e-6,-1.4013453370114865e-16,-1.2963511750980007e-6,-3.573580233640467e-17,-1.813553909354451e-17,1.4827968832549193e-16,-7.455897233520752e-17,1.438401918448143e-16,-1.280864796070914e-16,1.9766018363726414e-16,-3.886559927735849e-16,-1.9532661407119848e-16,-1.7418211544180443e-17,4.0151166852266285e-16,1.0301438844926826e-17,-0.0,-0.0,-0.0,-0.0,-0.0,-0.0,-0.0,-0.0,-0.0,-0.0,-0.0,-0.0,-0.0,-0.0
-0.0018955095160791014,-7.110950102273242e-6,8.686348718321273e-16,3.136205014349832e-15,-5.367183854455937e-15,3.9530606343742254e-5,-0.0002875405664308892,0.029107224834558257,3.154813897090176e-5,4.1401359236857406e-14,4.3964905121404e-6,1.4703714297310436e-6,7.66460642362118e-15,-0.0006474408988230277,0.0001351237406471834,1.4776894164345323e-5,-6.4538535140605195e-6,8.249256344247057e-6,-3.146655819072201e-6,-1.0523867370499336e-6,3.071853236108774e-6,8.102630544311513e-6,9.754364082555754e-6,1.100604679946822e-5,-2.064284708982391e-6,1.0426434497694688e-5,-9.509106440943031e-6,-6.266037988179525e-16,8.752273415746114e-17,-3.179275932831335e-16,4.224272540584225e-16,-2.533439626705403e-16,-1.0952458214605103e-15,-5.198926002738269e-16,1.5311457175365146e-15,-3.884990555033387e-16,1.7580430561367577e-15,-1.9107799278806264e-15,8.317909633883431e-16,-0.0013630193090366745,-3.54659790359732e-5,-0.004750392900152442,-0.000654883976772166,-1.9019966360723635e-5,-0.0008332536188624655,0.0015230174531679322,0.05268433495653181,-1.9663300592353274e-6,0.010719026886451757,-0.0022252754153972805,-2.230151499879327e-5,-0.00117186772908089,7.843618495437271e-16,-0.00039192188072119155,1.4623591296749828e-16,5.47618886373937e-17,-5.471908159035913e-16,3.222153049470392e-16,-5.162897832002944e-16,5.162260367574925e-16,-6.942522938057277e-16,1.4222397293551045e-15,7.592598690193129e-16,2.5768056978930026e-16,-1.5341913448568706e-15,-1.0036640870531548e-16,-0.0,-0.0,-0.0,-0.0,-0.0,-0.0,-0.0,-0.0,-0.0,-0.0,-0.0,-0.0,-0.0,-0.0
-1.0400535164090777e-7,2.3137946299880522e-5,-2.748519316438466e-16,-8.523431477140149e-16,1.4095081391594948e-15,-9.44331993126123e-5,-4.684357782307412e-6,3.9730329947117965e-6,-0.00010886305241834586,-1.514688842607455e-14,4.815835658534181e-6,1.61061809462873e-6,-6.365201854586893e-16,1.1037095466929629e-5,-1.3950246716314082e-6,-7.338965008631329e-6,-2.2576833352911047e-6,-2.4926902946417568e-5,-3.3412249809916726e-6,-1.173537616709805e-6,-4.8284282859162044e-6,-1.4036891050644735e-5,-9.609360778025297e-6,-1.5134851963047752e-5,-7.371067612642474e-6,-1.8000728632848454e-5,2.320605478737396e-6,1.8332639403866557e-16,-1.9784438292370187e-17,9.616907357780599e-17,-1.0740369084375571e-16,7.182792591128229e-17,2.7775025794218383e-16,1.601652415171154e-16,-4.117960567701108e-16,1.1157796641890562e-16,-4.50701913785511e-16,5.192787632432188e-16,-2.1631484074306694e-16,1.7482324626490746e-6,-8.985810514962058e-8,4.285283896435346e-6,1.855413543904676e-7,3.972785687835174e-8,5.582893143309917e-7,5.937243571753701e-7,3.665443355005559e-7,3.117855441355546e-7,5.831434725077801e-7,1.3935838888108788e-7,-1.1599356496402396e-8,-3.876160489076618e-6,-1.401345337010979e-16,-1.296351175135865e-6,-3.573580233639843e-17,-1.813553909353599e-17,1.4827968832544578e-16,-7.455897233517727e-17,1.4384019184476839e-16,-1.2808647960704804e-16,1.9766018363721676e-16,-3.886559927734692e-16,-1.9532661407113618e-16,-1.7418211544167553e-17,4.0151166852253303e-16,1.0301438844920561e-17,-0.0,-0.0,-0.0,-0.0,-0.0,-0.0,-0.0,-0.0,-0.0,-0.0,-0.0,-0.0,-0.0,-0.0
-0.0023345395542832322,-5.734290783387958e-5,-1.2278388357094526e-17,-6.6171415760846326e-18,-5.169695028094969e-17,0.00022219328693742389,0.0030171756834781655,0.018147969369916295,0.00027440237990317086,5.805205208960147e-14,-2.334254898356342e-5,-7.806730632928066e-6,1.6931425829949549e-15,0.004659757936208407,-0.00022095169296486037,8.665969168428793e-6,1.4893785342645768e-5,5.717167270580386e-5,1.0877924996572327e-5,4.629473291340638e-6,9.599708821887875e-6,3.1333700628823336e-5,1.8307675343873634e-5,3.1164030102540844e-5,2.3853870555050146e-5,3.814582823465316e-5,6.038897258702592e-7,9.397721685595914e-18,1.446158616403576e-17,5.212780167564786e-18,7.49892777971059e-18,7.102271988496751e-18,-1.0935891983605008e-17,1.9564725757110096e-17,-8.194551401500753e-18,1.2844093530274999e-18,-1.8675901476081758e-17,-1.385514665185678e-17,5.649009862338362e-18,0.00029909310506862064,0.000854485438771247,0.002107997088547037,0.00012624820147099028,0.002355972407807332,-0.0002400004599549214,0.0015560233508650114,-0.015740022029592512,-0.00018450072740211205,0.005580584523444526,-0.001607573814573506,-1.8247842642760753e-6,0.0019640391254518966,-1.2724642897575254e-16,0.0006568573301812013,6.575855669610066e-19,6.167038440129327e-18,1.3143634207758434e-17,5.850366729815041e-18,5.647832985525144e-18,-5.1644301722508186e-18,6.049897637239119e-18,7.721146557805742e-18,-1.4515091849202842e-18,-1.3017902782190437e-17,-5.677357597296161e-18,-1.2558100687411297e-17,0.0,0.0,0.0,0.0,0.0,0.0,0.0,0.0,0.0,0.0,0.0,0.0,0.0,0.0
-0.004965226531242739,-7.519689393565756e-5,3.0927204680742255e-15,1.1239733387841076e-14,-1.9344972978522316e-14,0.00032615578834409466,0.008773954957637449,0.055512884453147004,0.0003575082267998933,1.7557986736638426e-13,-1.83195391700951e-5,-6.126824788929691e-6,2.4592379752514638e-14,-0.010024848739089732,-0.0027192258699892074,5.911406608427627e-5,-2.251967531185005e-6,7.121720453595269e-5,-2.56207664306767e-6,1.5859905544991883e-6,1.6866913925445645e-5,5.498507030491193e-5,4.9528743803040465e-5,6.326098741356701e-5,1.8056446031720694e-5,6.487415864188155e-5,-3.346750590466146e-5,-2.229606330945978e-15,2.797115980702893e-16,-1.123730429497811e-15,1.503083755202674e-15,-9.202513839240914e-16,-3.939305026806185e-15,-1.8495036365187705e-15,5.4531518810444285e-15,-1.3927890974973242e-15,6.287158594351147e-15,-6.831951003707938e-15,2.987165263652343e-15,0.002138224865537796,0.0021328534479941107,0.016285757407436197,0.0018199177679921804,0.010205737483830654,-0.00017769754773668626,0.014437058619441551,0.07349450475982736,0.004540840961188905,0.04383404508384375,-0.004285885806345885,5.335014221166058e-6,-0.0003838977331053307,2.7605935651681014e-15,-0.00012839155635410875,5.036501534011285e-16,1.9128436238662316e-16,-1.9630041382627537e-15,1.1508143637150068e-15,-1.853545548581949e-15,1.8402950737846585e-15,-2.4934193355100975e-15,5.084857507548785e-15,2.730499027672155e-15,9.030128028452597e-16,-5.520898389525562e-15,-3.406934552832432e-16,-0.0,-0.0,-0.0,-0.0,-0.0,-0.0,-0.0,-0.0,-0.0,-0.0,-0.0,-0.0,-0.0,-0.0
-0.002586751269382373,-4.293118568419653e-5,1.4974994459665624e-15,5.454396038239687e-15,-9.386448396787167e-15,0.0001848019368511628,0.004662619600736482,0.02955041214597234,0.00020302242724913014,9.801040235565969e-14,-8.84354561708116e-6,-2.9576537928148916e-6,1.233836990017121e-14,-0.0053484208780677075,-0.00214580455883229,2.9914070663188305e-5,-9.593423980668249e-7,4.251552502679303e-5,1.1979759153184055e-7,1.0334092556977037e-6,9.741089296880817e-6,3.042691777066768e-5,2.6351481727347525e-5,3.480705010734242e-5,1.0517877416010954e-5,3.6840282437203345e-5,-1.6183472866365202e-5,-1.0794988146703203e-15,1.3797070863222085e-16,-5.437421180273889e-16,7.308767671101683e-16,-4.451317905057907e-16,-1.9153375908126144e-15,-8.929816564187642e-16,2.644099842764438e-15,-6.758350797458555e-16,3.048737640157125e-15,-3.317759709846781e-15,1.4509736954976556e-15,0.001756086733919711,0.0016057081234175485,0.01288592968470912,0.0015476069669653491,0.006727074649835748,0.0001204963563239405,0.011604418085453093,0.012481696050059018,0.00435381804049228,0.03441780583744699,-0.0021982601559415007,7.619340964908258e-6,-0.00037298875662498943,1.320913718417128e-15,-0.00012474313556303602,2.4477394045508347e-16,9.402590854366823e-17,-9.501932563482688e-16,5.594368785917977e-16,-8.976555256933751e-16,8.92094568663163e-16,-1.2094608923983097e-15,2.4697280517674113e-15,1.3253028888090186e-15,4.3686067973799054e-16,-2.6807390625576346e-15,-1.6796811656734357e-16,0.0,0.0,0.0,0.0,0.0,0.0,0.0,0.0,0.0,0.0,0.0,0.0,0.0,0.0
0.00014694898670587514,-7.332474943542099e-6,5.406921838588598e-16,1.964544539629941e-15,-3.3000780580157523e-15,4.428636102056728e-5,0.0012129156076376177,0.008751523533529454,2.6681344776650942e-5,4.0204668829211766e-14,1.5815848451771375e-5,5.289485251113844e-6,4.006312872577135e-15,-0.013185419105944196,-0.0002208034886468509,1.0962367902880277e-5,-1.1500258695012394e-5,1.6256448575599437e-5,-6.448106036392463e-7,-1.788736188001535e-6,4.9454207642464794e-6,7.845537089951578e-6,8.391328158486819e-6,1.1696850011211041e-5,-5.0157206686306475e-6,1.4180718853316665e-5,-5.942208238331969e-6,-3.910938287559852e-16,4.562080597708006e-17,-1.9621050974238092e-16,2.6060405597136604e-16,-1.5808415181919281e-16,-6.856526816490406e-16,-3.238147501358551e-16,9.489507810916526e-16,-2.428627692910038e-16,1.0912785987535585e-15,-1.1904656252193998e-15,5.206456423824727e-16,-0.00011740586578791198,-0.0006793720160481354,0.00013532959599303724,-7.4634536452241496e-6,0.0008538586782866497,-0.0001266362102649746,0.0002749635871111882,-0.0060071435301590126,-0.00012006450856515316,0.0009672005971903596,-0.0005174478677861199,-2.1156815916484988e-6,-0.0028096134460350555,4.58137329688324e-16,-0.0009396529646952995,8.91410338323524e-17,3.194048167747723e-17,-3.4200629051819636e-16,1.9798946235800027e-16,-3.2303478915465805e-16,3.186670556288237e-16,-4.3695989447441356e-16,8.8716713275683e-16,4.749682652346955e-16,1.5599766015304794e-16,-9.641962404270353e-16,-5.581330343660431e-17,0.0,0.0,0.0,0.0,0.0,0.0,0.0,0.0,0.0,0.0,0.0,0.0,0.0,0.0
0.013495244567152766,7.818782804774871e-6,4.9936532046873425e-15,1.8081089960406102e-14,-2.991033357756115e-14,0.00018786662006456073,-0.06378912898231448,0.036467507357265116,-0.00017345841563440865,3.485830229107516e-13,0.0002983206331651073,9.977097303291458e-5,3.350002605174517e-14,-0.18070074812866185,-0.019766872627359995,0.00010096317093122066,-0.0001958991730907205,0.00014487414693754348,-1.3720634838149354e-5,-3.427067031638381e-5,5.471761769298925e-5,4.147682125110089e-5,6.506805025934242e-5,9.470793048676931e-5,-0.00011976185270637904,0.00012968262940679613,-5.598672806549858e-5,-3.6477203342128675e-15,3.838912145241341e-16,-1.827853770131027e-15,2.3688571242110615e-15,-1.4385921111300249e-15,-6.291496489331219e-15,-3.0314467384666703e-15,8.75851137938635e-15,-2.2510108117350433e-15,1.0054344048229276e-14,-1.0983942028227854e-14,4.7903672687769724e-15,0.04674885117847282,0.010510016471140466,0.19189610099803323,0.02505820566857934,0.0226057181574645,0.025942404029774546,0.02770435694432884,-0.6387159197849909,0.033273276029848343,-0.07960044616880048,0.058216964896892924,0.0006946632929292728,-0.047094768638611985,4.410722194497993e-15,-0.015750472377369026,8.460221824410738e-16,2.6502900716489827e-16,-3.174672806600463e-15,1.787646729414101e-15,-2.963592841820844e-15,2.9175088603609778e-15,-4.097435544731161e-15,8.196852354924662e-15,4.374298798465318e-15,1.418620133743219e-15,-8.903342061163068e-15,-4.600240938678326e-16,0.0,0.0,0.0,0.0,0.0,0.0,0.0,0.0,0.0,0.0,0.0,0.0,0.0,0.0
0.022493126090091554,0.0005053768355066557,2.227334879235215e-14,8.02678716625799e-14,-1.359924365215973e-13,-0.0015565491800563875,-0.05986270736191492,0.05356083272624756,-0.00256029085192913,3.830095837951005e-13,0.0005541834284589935,0.0001853422584371451,1.4255349066033744e-13,-0.30190591447055853,-0.030373202372765983,0.0002881681173210105,-0.0004370446845756915,-0.0003803336000690633,-0.00020183207559806526,-9.781419702352889e-5,-7.546949582004448e-6,-0.0001548899187354396,4.5771605190655225e-5,-5.5338346373813154e-5,-0.0003947447234315384,-0.00012514581776067852,-0.00025041042619736327,-1.6110590924434848e-14,1.7011932796972316e-15,-8.117724073743262e-15,1.0552968800359536e-14,-6.638023239937717e-15,-2.787576793740325e-14,-1.3558321590937094e-14,3.90105253080457e-14,-9.96433382807798e-15,4.508290793221397e-14,-4.849774757097143e-14,2.1199364536459187e-14,0.05146091420286712,0.00817524524836907,0.2390321858631323,0.03188951571845338,0.04063098176696557,0.02744959384544596,0.08189046748717253,0.05668300344231451,0.05983856542590194,0.07970060393362942,0.05703728740534737,0.0007176180035145416,-0.07825762971168353,2.1705856861845396e-14,-0.026172644451311105,3.615538546857748e-15,1.224931898292095e-15,-1.4227028296704753e-14,8.053185184763081e-15,-1.3292496621634914e-14,1.3166957155702492e-14,-1.79627064320729e-14,3.6157981969296156e-14,1.9479709999572612e-14,6.614903416783912e-15,-3.930407420751039e-14,-2.144834430471907e-15,0.0,0.0,0.0,0.0,0.0,0.0,0.0,0.0,0.0,0.0,0.0,0.0,0.0,0.0
-0.014783457151842542,-6.556430436090044e-5,-8.904298360295088e-16,-3.262485375716674e-15,3.9784272558994576e-15,5.705797017105341e-5,-0.044388283119612904,-0.022743684572419143,0.00046716790504458034,-2.9436283916517823e-13,-0.0003482644877260921,-0.00011647429963958877,-2.3825518862614632e-15,0.23716776187408148,-0.016984455236721388,-3.249393439538666e-5,0.0002065493441140816,-0.00011696161093312117,-5.929981944696563e-8,3.707623992621134e-5,-4.696489929202682e-5,4.913562734804582e-6,-1.6683073134723374e-5,-4.33064554531668e-5,0.00014095226863928046,-8.87271970192268e-5,1.1052663298506171e-5,6.488750075014238e-16,-2.7048400882680692e-17,3.0707824154364925e-16,-4.052950233040122e-16,2.1171934971559312e-16,1.0867367712346653e-15,5.163670286108748e-16,-1.4663169703083457e-15,3.8025439719548624e-16,-1.63427819727547e-15,1.877954414845619e-15,-8.327806133338261e-16,0.042674359779602225,0.03558878660414318,0.18582467564837096,0.023827853154654362,0.028951461481999716,0.020226565974256303,0.06610622058316706,0.04404421573792824,0.043192259258168456,0.08870595988680606,0.03728805262461057,0.0005425711553791959,0.051672697907656884,-8.463508503118369e-17,0.01728152456386557,-1.5580869152471383e-16,-3.9177255604506716e-17,5.253912100573698e-16,-2.810866865706481e-16,5.218203315514028e-16,-4.723102575768723e-16,7.013290226675039e-16,-1.4173399251327178e-15,-7.35674123176069e-16,-2.2749774414773204e-16,1.5643146669761547e-15,4.47591324812303e-17,0.0,0.0,0.0,0.0,0.0,0.0,0.0,0.0,0.0,0.0,0.0,0.0,0.0,0.0
5.278731455113696e-7,2.3106268508291544e-5,-2.7256003946943353e-16,-8.440128124309578e-16,1.395518905434792e-15,-9.424241576565798e-5,5.31586581090899e-7,4.160498902848517e-5,-0.00010874770368142608,-1.4973809532235877e-14,4.8838940667973e-6,1.6333796902556482e-6,-5.87047128631194e-16,-2.8081582044373698e-5,-1.9927758289465142e-5,-7.292279414524179e-6,-2.3070067105217364e-6,-2.4856676288012723e-5,-3.343781658058498e-6,-1.1811935125870565e-6,-4.807140235466091e-6,-1.4003198472764371e-5,-9.573473679417845e-6,-1.508465342279234e-5,-7.392518350114669e-6,-1.793971157729188e-5,2.2954114264548917e-6,1.816684115703728e-16,-1.9590876807946007e-17,9.533747073526352e-17,-1.0629831774767908e-16,7.115793349704907e-17,2.748422645748049e-16,1.5879268231405264e-16,-4.077726521702331e-16,1.1054830670341166e-16,-4.460751647479345e-16,5.142307250682985e-16,-2.14106745012705e-16,1.243478018837609e-6,-3.011224933803459e-6,4.867155754574368e-6,1.5343497901867133e-7,3.7113208603159164e-6,1.375115541585387e-8,1.7760748256758259e-6,-2.546416424008173e-5,-2.0448655435690802e-7,4.742112089907259e-6,-2.085680146050008e-6,-2.0698783530776943e-8,-1.5958059859553145e-5,-1.3819791509853586e-16,-5.337046730148423e-6,-3.535792031752676e-17,-1.7999888264484753e-17,1.4682983159897606e-16,-7.371931017923844e-17,1.42470366572931e-16,-1.2673539944321424e-16,1.9580782012533808e-16,-3.848940881306436e-16,-1.9331266443702682e-16,-1.6756673806692572e-17,3.97422725262853e-16,1.0064624968489897e-17,-0.0,-0.0,-0.0,-0.0,-0.0,-0.0,-0.0,-0.0,-0.0,-0.0,-0.0,-0.0,-0.0,-0.0
0.00014621313625179575,1.5823398415246233e-5,2.6335287573183026e-16,1.1031338734617364e-15,-1.875297909490438e-15,-5.028405069121524e-5,0.001203021914517306,0.008717866589015594,-8.22331808898046e-5,2.4892103689902705e-14,2.056159322603952e-5,6.8766620046465584e-6,3.3817229934405122e-15,-0.01313530253856938,-0.00020366520411433677,3.5760398086084476e-6,-1.3706136007298188e-5,-8.724200101698598e-6,-3.979524953920721e-6,-2.9536339218130005e-6,9.849987747664977e-8,-6.218064789885307e-6,-1.2507981209376893e-6,-3.4811901775432925e-6,-1.2360257604803542e-5,-3.871090639898544e-6,-3.594020481078403e-6,-2.059646692419587e-16,2.562754227669931e-17,-9.913751449610203e-17,1.5199666363293619e-16,-8.552406437208479e-17,-4.0473411178765576e-16,-1.621554979115828e-16,5.327707873955062e-16,-1.3016515308709532e-16,6.355253823409744e-16,-6.656952325571318e-16,3.0192593370883487e-16,-0.0001151528884424455,-0.0006765411348542364,0.0001390302805737097,-7.24604079690829e-6,0.0008502267985573579,-0.0001255337041502963,0.0002743747185714157,-0.005980946384012963,-0.00011923656278336892,0.0009636245292822974,-0.0005150836727319926,-2.118195553333259e-6,-0.0028014112878423482,3.158287952013941e-16,-0.0009369098178484208,5.2994164524096894e-17,1.3659240255557337e-17,-1.9214424488023884e-16,1.225132543868231e-16,-1.7770237225594702e-16,1.8910408159129772e-16,-2.3728505563964e-16,4.944193441354405e-16,2.7744525086955203e-16,1.3784164550776177e-16,-5.58231358045238e-16,-4.5251661213048706e-17,0.0,0.0,0.0,0.0,0.0,0.0,0.0,0.0,0.0,0.0,0.0,0.0,0.0,0.0
0.01189054519213338,-8.1781376145186e-5,-1.1804843308391266e-14,-4.16141153771568e-14,7.239857232999741e-14,0.000402498037829038,-0.0755910969281213,0.03529254471860791,0.00022500410363989387,2.1930908827649097e-13,0.00028478765253933354,9.524497487433418e-5,-7.323362433933942e-14,-0.17106369384151854,-0.006758178886584982,-0.00013021764616501184,-0.0001079462762622171,0.00030479002631637615,9.717079480389159e-5,-1.1696923028277098e-5,6.285710266386567e-5,2.407951853584314e-5,-3.299198345127838e-5,4.4623507919766314e-5,-4.287628929054422e-5,0.00014598301910191737,0.00012629567683807426,8.311438853634758e-15,-8.87322547550232e-16,4.238327405403497e-15,-5.481710893791246e-15,3.573993945803194e-15,1.4409854222723447e-14,7.125217441840892e-15,-2.0253241294248588e-14,5.192609226037397e-15,-2.3514901234533775e-14,2.5047682764739794e-14,-1.0919514162987798e-14,0.029433091407618638,-0.008730886204460504,0.04681464272046498,0.004099946985071115,-0.35498769255208557,0.02656119054888767,0.041664588862642474,-0.043696036181165125,-0.5265515350166663,-0.06653662662159826,0.06915562244406327,0.0005544291977318934,-0.041772980577541176,-1.2182516198541246e-14,-0.01397064250920271,-1.7882359637931505e-15,-6.874257574789412e-16,7.399743747359787e-15,-4.195681905073662e-15,6.8838393393872345e-15,-6.8316802203467105e-15,9.292235839043265e-15,-1.8726196407023313e-14,-1.0134683721067017e-14,-3.2784966597656694e-15,2.0190407824601378e-14,1.1415507237122233e-15,-0.0,-0.0,-0.0,-0.0,-0.0,-0.0,-0.0,-0.0,-0.0,-0.0,-0.0,-0.0,-0.0,-0.0
0.00952714599412061,-4.490500067120518e-5,-3.767064892868383e-15,-1.3099666891530975e-14,2.324514966631241e-14,0.0002815750427696993,-0.06983821317958493,0.029597836115751845,9.677437017898141e-5,1.5781461534408221e-13,0.00021854911075562178,7.309201917448631e-5,-1.9441054930494182e-14,-0.13892165490293548,-0.002585725976459425,-2.521783433455332e-5,-0.0001078943599574178,0.00019375905108135413,4.149829468906486e-5,-1.5260170534308022e-5,4.743737494776033e-5,2.9653787842063942e-5,9.031303050775884e-6,5.5708628487613734e-5,-5.284295241882883e-5,0.00011380885122014517,3.9420187607259445e-5,2.5664321153919106e-15,-2.2017131461886007e-16,1.3120530045781418e-15,-1.7315450731507331e-15,1.167723216476571e-15,4.555844987560307e-15,2.2737319484834836e-15,-6.3455314825254034e-15,1.6293810917531316e-15,-7.464522133463654e-15,7.786072133990557e-15,-3.4173909795184003e-15,0.02226503636613773,-0.01126759415682198,0.00908594403177039,-0.0010252982357300564,-0.3811345569251325,0.023409909685138182,0.030066503067051345,-0.05563966677115055,0.011630593553749428,-0.08425369562353166,0.06348410788682998,0.00046475124413891905,-0.0333717709075394,-4.092632060007034e-15,-0.011160924473268857,-5.115635899912599e-16,-2.3631142591613077e-16,2.3361602941229567e-15,-1.3239878702533074e-15,2.1672400800848476e-15,-2.141251918977553e-15,2.8977184876078534e-15,-5.862006895693902e-15,-3.216591382972595e-15,-1.0218304775021944e-15,6.29787021101986e-15,3.5027946717855367e-16,0.0,0.0,0.0,0.0,0.0,0.0,0.0,0.0,0.0,0.0,0.0,0.0,0.0,0.0
0.0118905555725527,-8.197522328232179e-5,-1.1685719636022542e-14,-4.119272108731996e-14,7.167589684635451e-14,0.0004041420327117897,-0.07559233315593707,0.035291056427659534,0.00022618005236537392,2.187529710645781e-13,0.0002844732605946484,9.513982897824344e-5,-7.243448245100584e-14,-0.1710476006654031,-0.0067580819206910035,-0.0001284667987307351,-0.00010831023947028464,0.0003044427824037019,9.654068488387628e-5,-1.1782384585592268e-5,6.292515962342202e-5,2.4647199086945747e-5,-3.204238476643367e-5,4.540896572512257e-5,-4.3050019112548454e-5,0.00014638811093261857,0.0001250175096844978,8.22631040169174e-15,-8.778092460535706e-16,4.19493206560924e-15,-5.426604273398617e-15,3.5387102190852004e-15,1.4264580776730644e-14,7.053517589819854e-15,-2.004794095628755e-14,5.1399126211419565e-15,-2.32782382730875e-14,2.4792737798131028e-14,-1.0808995851317132e-14,0.029432731890884994,-0.008730656529550735,0.046814667476851514,0.004099987137265971,-0.3549876960799329,0.026561182076597682,0.04166454719934276,-0.043696076271520314,-0.5265515622758941,-0.06653666453435812,0.06915566121854855,0.0005544362936969218,-0.041770966003006095,-1.2063569448498213e-14,-0.013969968750705528,-1.7691045746288913e-15,-6.810042121551453e-16,7.325035051173831e-15,-4.153529882338213e-15,6.814485013980205e-15,-6.7626941811293414e-15,9.197241135564058e-15,-1.853597431030867e-14,-1.0032495867900072e-14,-3.2454557762516722e-15,1.998527410272957e-14,1.1300484175458298e-15,0.0,0.0,0.0,0.0,0.0,0.0,0.0,0.0,0.0,0.0,0.0,0.0,0.0,0.0
-3.55067313516988e-8,1.2623825208259228e-5,1.3841494302122652e-16,4.871062465949776e-16,-8.342317710007558e-16,-4.959821917069489e-5,-5.439057344235447e-6,-1.0889874869162768e-6,-5.8755603331084605e-5,-2.3018082704508237e-14,1.978852222358229e-6,6.618114528730559e-7,-1.53248608279448e-15,-0.0003185022057747886,-5.726428731922068e-7,-2.5180085237447383e-7,-2.0917280665463284e-6,-1.4845476279483698e-5,-3.3002328017891692e-6,-8.532879493458811e-7,-2.593809578919164e-6,-6.6182657587915145e-6,-3.2937543067067653e-6,-6.743732129969866e-6,-4.545241420480469e-6,-9.237731872100665e-6,-1.5731567242188853e-6,-9.655311874632164e-17,-1.6173257185584327e-17,-3.965329628667813e-17,5.634015166927696e-17,-2.7392222568572594e-17,-1.7579032292167604e-16,-9.138866887912686e-17,2.244605082948441e-16,-6.152204424686735e-17,2.7239734751314763e-16,-2.818839420694454e-16,1.3120110351353566e-16,1.869340568678514e-7,4.6071013501458227e-7,2.4739029027614715e-6,1.9492261137945898e-7,1.546402164122363e-8,2.986594480550572e-7,2.4059856941203195e-7,1.1596928118356915e-7,1.1526396495145762e-7,2.3549472390944136e-7,1.6535523989387486e-7,9.435563567945013e-9,2.2642582186015847e-6,1.6423028424006747e-16,7.572632275469306e-7,1.3654489301970015e-17,9.328737511058537e-19,-9.331587214997985e-17,4.252569904430629e-17,-8.12102183430804e-17,7.152345826108676e-17,-1.1179533198949213e-16,2.0662959463020887e-16,1.226415003234867e-16,4.545355282100516e-17,-2.548999787455512e-16,4.851143190918859e-18,-0.0,-0.0,-0.0,-0.0,-0.0,-0.0,-0.0,-0.0,-0.0,-0.0,-0.0,-0.0,-0.0,-0.0
-0.0029405575702928094,8.018558515442005e-5,3.4866568522013037e-15,1.2447107049013459e-14,-2.1273681778512717e-14,-0.0002808664180664391,-0.0005214878856154054,0.053585698143020576,-0.0003792495552477842,-3.196405855065272e-14,3.1635297139971155e-5,1.0580174568512129e-5,2.0365115199853942e-14,-0.006416907094676563,-0.0017542582546469317,3.923884862035289e-5,-3.6487571269938125e-5,-9.248150397307892e-5,-3.4577647669787455e-5,-1.0030422973937861e-5,-1.131878548059345e-5,-2.9671081329902476e-5,1.1674955072707748e-6,-2.2133893057178762e-5,-4.29219501003775e-5,-4.2792964298908254e-5,-3.865908354098385e-5,-2.4997643449152446e-15,2.3741776179241886e-16,-1.2578818682684011e-15,1.632848277604225e-15,-1.0143860403955278e-15,-4.323770172101607e-15,-2.1202876388606656e-15,6.0512203309877734e-15,-1.546954666527556e-15,7.0082392699042715e-15,-7.495439968965947e-15,3.270481514132211e-15,0.0006407112517941565,0.0024765881691389676,0.013039449802983197,0.0018807557506548289,0.045793602322724364,-0.0010119086397909615,0.0016861189298017414,0.009874845180385438,0.06793711240221084,0.016077959831545585,-0.004063820329739825,-8.308658896725459e-6,-0.0037921149106020856,3.449002812509478e-15,-0.0012682427980526341,5.563866620335979e-16,1.9271667744464295e-16,-2.2120640201740116e-15,1.244152931565353e-15,-2.0603040172455648e-15,2.0382873317612226e-15,-2.7796179789020002e-15,5.596218169340623e-15,3.024791112111619e-15,1.039744435373133e-15,-6.077787987189388e-15,-3.313094108358851e-16,-0.0,-0.0,-0.0,-0.0,-0.0,-0.0,-0.0,-0.0,-0.0,-0.0,-0.0,-0.0,-0.0,-0.0
-7.101346270692225e-8,2.5247650416050124e-5,2.768298860424404e-16,9.742124931899475e-16,-1.6684635420014394e-15,-9.9196438339391e-5,-1.0878114688852533e-5,-2.1779749737795218e-6,-0.00011751120666033551,-4.603616540950295e-14,3.957704444679915e-6,1.323622905728123e-6,-3.0818578729420125e-15,-0.0006370044115500531,-1.1452857463688374e-6,-5.036017048979584e-7,-4.183456133096553e-6,-2.969095255978186e-5,-6.600465603752842e-6,-1.7065758935376633e-6,-5.187619157776311e-6,-1.3236531517751377e-5,-6.5875086141860094e-6,-1.348746426146511e-5,-9.0904828410354e-6,-1.847546374468402e-5,-3.146313447657343e-6,-1.9310623749264884e-16,-3.234651437116876e-17,-7.930659257335437e-17,1.1268030333855816e-16,-5.478444513713752e-17,-3.5158064584335085e-16,-1.8277733775826361e-16,4.489210165896842e-16,-1.2304408849372781e-16,5.447946950263041e-16,-5.637678841388851e-16,2.624022070270808e-16,3.7386811374732053e-7,9.214202699884947e-7,4.94780580556982e-6,3.8984522274553436e-7,3.092804317269073e-8,5.973188960414624e-7,4.811971388879372e-7,2.3193856236996204e-7,2.305279299058459e-7,4.709894478028344e-7,3.3071047980652187e-7,1.8871127121095134e-8,4.528516437211655e-6,3.2846056848018266e-16,1.514526455083571e-6,2.7308978603941253e-17,1.8657475022179964e-18,-1.866317442999323e-16,8.505139808860798e-17,-1.624204366861465e-16,1.430469165221625e-16,-2.235906639789601e-16,4.1325918926040896e-16,2.4528300064696235e-16,9.090710564202588e-17,-5.097999574910769e-16,9.702286381855854e-18,-0.0,-0.0,-0.0,-0.0,-0.0,-0.0,-0.0,-0.0,-0.0,-0.0,-0.0,-0.0,-0.0,-0.0
-1.040053516508895e-7,2.313794629913851e-5,-2.7485193164381535e-16,-8.523431477138808e-16,1.409508139159284e-15,-9.443319930973168e-5,-4.684357782793449e-6,3.973032994912574e-6,-0.00010886305241482418,-1.5146888426467276e-14,4.815835658407396e-6,1.6106180945896381e-6,-5.870261624346239e-16,1.1037095466054817e-5,-1.3950246716556749e-6,-7.3389650087903805e-6,-2.2576833350408065e-6,-2.4926902946788918e-5,-3.3412249808859993e-6,-1.1735376116901714e-6,-4.828428286104187e-6,-1.4036891053353086e-5,-9.609360777423607e-6,-1.5134851962734936e-5,-7.371067612293115e-6,-1.8000728632665604e-5,2.3206054784373515e-6,1.833263940386485e-16,-1.978443829235853e-17,9.616907357778236e-17,-1.0740369084373679e-16,7.182792591127508e-17,2.7775025794213517e-16,1.6016524151708988e-16,-4.117960567700506e-16,1.1157796641889197e-16,-4.507019137854504e-16,5.192787632431389e-16,-2.1631484074303812e-16,1.7482324628074215e-6,-8.985810508724615e-8,4.285283896504889e-6,1.855413545462239e-7,3.972785666508819e-8,5.582893143862188e-7,5.937243572537006e-7,3.6654433553284196e-7,3.1178554395712033e-7,5.831434726952011e-7,1.3935838891967105e-7,-1.159935646654707e-8,-3.876160489013843e-6,-1.401345337010419e-16,-1.2963511751382112e-6,-3.573580233638713e-17,-1.8135539093541584e-17,1.4827968832542364e-16,-7.455897233517393e-17,1.4384019184474953e-16,-1.2808647960702975e-16,1.9766018363717567e-16,-3.886559927734155e-16,-1.9532661407110485e-16,-1.741821154415154e-17,4.0151166852247953e-16,1.0301438844914916e-17,-0.0,-0.0,-0.0,-0.0,-0.0,-0.0,-0.0,-0.0,-0.0,-0.0,-0.0,-0.0,-0.0,-0.0
-0.002940594322040597,9.283266018399282e-5,3.610784226507964e-15,1.28836717050728e-14,-2.202123660759623e-14,-0.00033066181625802796,-0.0005267786710894297,0.053584787659591564,-0.00043814620063166947,-5.491544113892764e-14,3.365185720325627e-5,1.1254597110162819e-5,1.8758239594479086e-14,-0.006737339499170717,-0.0017548425275079667,3.877705295701493e-5,-3.8535645969955094e-5,-0.00010728533218278398,-3.7802305746329325e-5,-1.0873460753794927e-5,-1.3920757740218465e-5,-3.6357434095916986e-5,-2.2401526735120826e-6,-2.897183217653073e-5,-4.7446354547760934e-5,-5.207928246257056e-5,-4.0078938231842165e-5,-2.586107246141306e-15,2.2010348917192746e-16,-1.2923303728720106e-15,1.6825789988401493e-15,-1.0375463696723223e-15,-4.482136549801071e-15,-2.2030767024539397e-15,6.251057331398655e-15,-1.6021563350800193e-15,7.252251509263736e-15,-7.746746078297211e-15,3.3884271668960235e-15,0.0006409413059123786,0.0024770213323053606,0.0130419207366308,0.0018809458574539015,0.0457936182098677,-0.0010116089641850471,0.0016863645254237972,0.009874965958060937,0.06793723093561234,0.016078199873484945,-0.0040636596250704276,-8.300074415793721e-6,-0.003790092278346962,3.5989667479138084e-15,-0.0012675663447148217,5.677465525219726e-16,1.9287935776363777e-16,-2.296419409414848e-15,1.2816229610746687e-15,-2.1331959503124934e-15,2.10153667660669e-15,-2.880019745477581e-15,5.780032724576954e-15,3.1351763081684248e-15,1.0812350991712627e-15,-6.308084441810495e-15,-3.250786930695569e-16,0.0,0.0,0.0,0.0,0.0,0.0,0.0,0.0,0.0,0.0,0.0,0.0,0.0,0.0
-1.0400535158660024e-7,2.3137946298946123e-5,-2.7485193164388e-16,-8.523431477140793e-16,1.4095081391596368e-15,-9.443319930886647e-5,-4.684357783225973e-6,3.97303299501232e-6,-0.00010886305241390413,-1.5146888426644013e-14,4.815835658346499e-6,1.610618094595432e-6,-5.961051168427835e-16,1.1037095465213916e-5,-1.395024671684898e-6,-7.3389650088951136e-6,-2.257683334437643e-6,-2.4926902947725485e-5,-3.3412249799017042e-6,-1.1735376134631843e-6,-4.8284282860999005e-6,-1.4036891050058615e-5,-9.60936077775172e-6,-1.5134851963179407e-5,-7.371067612593828e-6,-1.8000728633159563e-5,2.3206054784325747e-6,1.8332639403867982e-16,-1.9784438292366702e-17,9.616907357780416e-17,-1.0740369084377165e-16,7.182792591129041e-17,2.7775025794220646e-16,1.6016524151713065e-16,-4.117960567701526e-16,1.1157796641891474e-16,-4.50701913785561e-16,5.192787632432521e-16,-2.1631484074309642e-16,1.748232462930131e-6,-8.98581050760687e-8,4.285283897248079e-6,1.8554135449519478e-7,3.972785703610557e-8,5.582893144180013e-7,5.937243571976562e-7,3.66544333088986e-7,3.1178554442302503e-7,5.831434722787353e-7,1.3935838906533774e-7,-1.1599356521256253e-8,-3.876160489275939e-6,-1.401345337011034e-16,-1.2963511751965064e-6,-3.5735802336391573e-17,-1.813553909354846e-17,1.48279688325464e-16,-7.455897233519696e-17,1.4384019184478823e-16,-1.280864796070643e-16,1.9766018363721415e-16,-3.886559927735061e-16,-1.9532661407115553e-16,-1.7418211544169143e-17,4.0151166852257923e-16,1.0301438844919247e-17,-0.0,-0.0,-0.0,-0.0,-0.0,-0.0,-0.0,-0.0,-0.0,-0.0,-0.0,-0.0,-0.0,-0.0
-0.0007856361703036567,8.869623668308855e-6,2.5199975923204304e-18,7.457674198174784e-18,-2.101242133857057e-17,-3.702492060252591e-5,0.0004334573370293807,0.007834882910252012,-4.028314164229306e-5,-1.7710308475377132e-14,-9.124722357132502e-7,-3.051691124052623e-7,-1.5740888374362055e-15,0.001656991393861929,7.532747649499642e-5,-1.7721769973951399e-6,2.9590246204791764e-7,-1.1437237906038037e-5,-1.9235391178628058e-6,-2.8038370761723114e-7,-2.2953484933283903e-6,-5.22734352187764e-6,-3.2602327956973573e-6,-5.846513468646372e-6,-2.130222763643064e-6,-7.713311221552692e-6,-8.335700116389745e-8,-1.0021858101325784e-18,-1.8750244284410195e-17,5.5891063479966545e-18,-3.695116406683837e-18,1.044743609069361e-17,-7.710180124511292e-18,-6.186895959909851e-18,-3.78224810872896e-18,-8.99033762620748e-19,3.458509326580211e-18,4.76671756709611e-18,2.2271562352093524e-18,-0.00016727334752240187,0.00020032292325240398,-0.0007553363254935626,-7.919555293428026e-5,0.0001539945183645955,-0.00018836663819369592,-5.208930623499811e-5,-1.3618545366086117e-5,-0.00040846822304988243,0.0007457574000850937,-0.000568332301132925,-3.937708111470181e-6,0.0003856689823100532,8.668878334685431e-18,0.00012898393660848675,-3.7631949150660545e-18,-3.547541399372029e-18,-5.284172566742217e-18,-3.455079934351711e-18,-2.206780334843278e-18,-3.610866062193078e-18,-1.7111726606580688e-18,-5.229200593918436e-18,4.278036859939063e-18,8.771109267174983e-18,-1.3480950811552348e-17,9.904072235460529e-18,0.0,0.0,0.0,0.0,0.0,0.0,0.0,0.0,0.0,0.0,0.0,0.0,0.0,0.0
-0.004128313422437907,0.00015704992243738972,4.943453925322461e-15,1.7688467991861334e-14,-3.026926259663679e-14,-0.0005774569472738672,0.003508831293114384,0.06520056342174246,-0.0007361083771461136,-1.043990964846201e-13,4.336935209481879e-5,1.4504536310999405e-5,1.9082351016694593e-14,-0.012649377045325096,-0.0032926987771385616,4.721762689709224e-5,-5.2014153317576666e-5,-0.00018529374687200538,-5.8259070815000876e-5,-1.587179624536493e-5,-2.6733907030807738e-5,-6.738920824244589e-5,-1.3973565565004412e-5,-5.929893048943564e-5,-7.230624925471352e-5,-9.717423478502355e-5,-5.520711059371327e-5,-3.5415056118491127e-15,2.2988618132368757e-16,-1.7435035134584453e-15,2.290883144484252e-15,-1.3933455195380218e-15,-6.177346422903989e-15,-3.0376370998231614e-15,8.543167605725914e-15,-2.1988925398147672e-15,9.946447110541645e-15,-1.0604376694456745e-14,4.665095785591673e-15,0.003025176402468664,0.003927642333886813,0.025437099852176428,0.0038300209634889873,0.05181501189003422,-0.0005168129654982041,0.00713367207926455,0.014163125875130607,0.0718095033984793,0.026532140450660997,-0.004199727474612822,1.1668119178112953e-5,-0.003946545891936891,4.947181863880457e-15,-0.0013198910166623275,7.544353187737474e-16,2.48225020792932e-16,-3.1687256656154595e-15,1.7448759096750954e-15,-2.936093975816936e-15,2.8650448505279168e-15,-3.95578732317351e-15,7.899146255367301e-15,4.315968796150306e-15,1.5023055967731352e-15,-8.714629698521766e-15,-3.983935246628508e-16,-0.0,-0.0,-0.0,-0.0,-0.0,-0.0,-0.0,-0.0,-0.0,-0.0,-0.0,-0.0,-0.0,-0.0
-0.0033588636833020813,0.0001305856948536746,3.430176858748846e-15,1.2295791756643374e-14,-2.1011053158778282e-14,-0.0004825614866632644,0.0030207626897458344,0.05598109856965121,-0.000615703202651146,-8.401502928551035e-14,4.200261747024978e-5,1.4047442743129852e-5,1.0962503291723327e-14,-0.012942121371781638,-0.0032307885509298938,2.980970355589357e-5,-4.35257138797181e-5,-0.0001483206403370372,-4.4370715334060084e-5,-1.3057453571219925e-5,-2.161442954630676e-5,-5.8290052077322644e-5,-1.626275108286152e-5,-5.2154181283781005e-5,-6.025363710547119e-5,-8.052837030298013e-5,-3.857973016625724e-5,-2.4576967902879215e-15,1.3003420863156897e-16,-1.200327242344262e-15,1.5869307885151163e-15,-9.533169862949389e-16,-4.3044791905022546e-15,-2.1163661368264666e-15,5.924916694151383e-15,-1.5266176097795759e-15,6.9131150817302795e-15,-7.353880516839591e-15,3.2444394412986848e-15,0.0031412912754974404,0.003725363984899168,0.025643799842143735,0.0038239019121724042,0.05049379261912901,-0.000319743800618053,0.007048132640235667,0.013868551039570957,0.0038735377903004946,0.025301596742385433,-0.0035612988480557065,1.5256421405638738e-5,-0.003956854049607944,3.4302912887613102e-15,-0.0013233384983475556,5.178625974917693e-16,1.6777734619821076e-16,-2.2071224794948594e-15,1.2071862578220362e-15,-2.0426368497809635e-15,1.9844177015158148e-15,-2.7476611719837276e-15,5.477674456481674e-15,3.0043010138466567e-15,1.06039473398245e-15,-6.072458503657333e-15,-2.621690310475895e-16,0.0,0.0,0.0,0.0,0.0,0.0,0.0,0.0,0.0,0.0,0.0,0.0,0.0,0.0
1.361584731893889e-5,3.328867342532445e-6,7.587756909720641e-17,2.7344596089656603e-16,-4.574640585725393e-16,-1.1125607152267343e-5,8.257448844200651e-5,0.0015423293995555324,-1.6748285006680934e-5,-2.3006020140674365e-16,3.2353882019078083e-6,1.0820499594924487e-6,2.1705681902673746e-16,-0.0017158254945180622,-8.777599441764346e-5,7.919354632632136e-7,-2.3050498820595196e-6,-2.4947628765000855e-6,-9.517191382311725e-7,-5.287301682257853e-7,-1.720523710740452e-7,-1.3483938150511254e-6,-2.937695258059801e-7,-9.054913208056935e-7,-2.2522756102183044e-6,-1.2161783488036046e-6,-8.666074342511658e-7,-5.4782337965826227e-17,2.5941159137885204e-18,-2.6536610439583084e-17,3.509801761168813e-17,-2.0569783891174396e-17,-9.556668728484745e-17,-4.681191268053033e-17,1.311668147990161e-16,-3.382674116588602e-17,1.5253862378023582e-16,-1.6331896243124522e-16,7.21320875370527e-17,-5.865699020572404e-5,-0.00010564488771235423,-0.0002117586201718787,-2.0320801128485052e-5,2.1772833576676493e-5,-3.559338637631344e-5,-5.044838541714095e-5,-2.338854049364727e-5,-7.308516797666854e-5,-3.294333674511524e-5,-8.065098129255596e-5,-8.347848995525002e-7,-0.00042761606146576755,7.124650838890921e-17,-0.00014301280500866892,1.170587916625566e-17,3.541517189219183e-18,-4.8853334317247486e-17,2.6551713954052365e-17,-4.535834888054953e-17,4.3795254037571905e-17,-6.105987793285489e-17,1.21565475670587e-16,6.648950239246648e-17,2.3645637926440388e-17,-1.3532012246165535e-16,-5.5004759547166526e-18,0.0,0.0,0.0,0.0,0.0,0.0,0.0,0.0,0.0,0.0,0.0,0.0,0.0,0.0
0.010701500044210253,-7.375108400172477e-5,-1.0515594182813517e-14,-3.706792152238551e-14,6.449881718518749e-14,0.000363632538079865,-0.06803312521537555,0.03176193264047105,0.00020344105947204646,1.9685163073284525e-13,0.0002560271365157231,8.562624807328809e-5,-6.518303978508357e-14,-0.15394298145644605,-0.006082274006253249,-0.00011560221277593571,-9.748778970071426e-5,0.0002739611263833879,8.687248217292744e-5,-1.0606989313786811e-5,5.6627481820880054e-5,2.217342913153153e-5,-2.883563693464907e-5,4.086102234112294e-5,-3.8757162447211765e-5,0.00013173258125861897,0.00011249872860557707,7.402568955789564e-15,-7.899306317279667e-16,3.774884404030492e-15,-4.883224640509942e-15,3.1843884387289316e-15,1.2836202112434355e-14,6.347218098061462e-15,-1.8040466650234188e-14,4.625231127438043e-15,-2.0947305379807462e-14,2.231013351093059e-14,-9.726637590371782e-15,0.026489455331411133,-0.007857587413032293,0.04213320660507058,0.0036899892888695553,-0.31948892647414945,0.023905064456242006,0.03749809258617806,-0.03932646880324581,-0.4738964060740098,-0.05988299794593807,0.062240095880303006,0.0004989927604421011,-0.037593843034315746,-1.0855631655537136e-14,-0.012572963056935879,-1.5919550901181006e-15,-6.128237574152e-16,6.5915433212856405e-15,-3.737627217536695e-15,6.132121254760706e-15,-6.0855248204995724e-15,8.276275723779277e-15,-1.6679897627869242e-14,-9.027900132635884e-15,-2.9204610441631408e-15,1.7984032838992024e-14,1.0169102374594464e-15,0.0,0.0,0.0,0.0,0.0,0.0,0.0,0.0,0.0,0.0,0.0,0.0,0.0,0.0
0.02249314583015981,0.0005010717055902531,2.231961246662664e-14,8.043544022059645e-14,-1.362802187947535e-13,-0.0015389497434244585,-0.059861876124980604,0.0535600361559601,-0.002540040687787938,3.9027827509413445e-13,0.0005532867124820939,0.00018504235888064166,1.4347682574317742e-13,-0.30184532613355713,-0.03037293874139644,0.00028960683544335445,-0.0004366389486275899,-0.0003757163613130994,-0.00020123450851385123,-9.759943348230354e-5,-6.64126558922811e-6,-0.00015227082805813452,4.7593106848741446e-5,-5.2508697874424305e-5,-0.000393383595993136,-0.00012179067308420752,-0.00025088407883415615,-1.6145116753094834e-14,1.7129149282014367e-15,-8.136775462777521e-15,1.057694431656093e-14,-6.653918099172761e-15,-2.793233737481845e-14,-1.3584394068735443e-14,3.909499405590785e-14,-9.985327436216048e-15,4.517548187136634e-14,-4.860452922505832e-14,2.124430874273668e-14,0.05146057423589092,0.00817527181004489,0.23903139073198665,0.03188948270590833,0.04063097393111367,0.027449489065128736,0.08189035597987658,0.05668293412795237,0.059838506320968717,0.07970049692876122,0.0570372630785717,0.0007176204008535484,-0.07825681301020532,2.1739983238981843e-14,-0.026172371311970238,3.624750305280267e-15,1.228982118281342e-15,-1.4255153731279817e-14,8.07173268099818e-15,-1.332045445439583e-14,1.319623162436525e-14,-1.7999298272358348e-14,3.623632293055314e-14,1.951872151116992e-14,6.6257098329139774e-15,-3.93843320298012e-14,-2.153201423427387e-15,-0.0,-0.0,-0.0,-0.0,-0.0,-0.0,-0.0,-0.0,-0.0,-0.0,-0.0,-0.0,-0.0,-0.0
-0.014783458191885533,-6.416634616740038e-5,-8.413871169738242e-16,-3.084803919805654e-15,3.671986175026712e-15,5.182319901924962e-5,-0.04438927093673335,-0.022744246211877664,0.00046073919641482385,-2.952393246237809e-13,-0.0003481257190559319,-0.00011642788955700462,-2.053709078410423e-15,0.21967814402054656,0.0005130433685870864,-3.2006518915683675e-5,0.0002062020181580025,-0.0001187747139128426,-6.242808558590661e-7,3.695264197896174e-5,-4.724218344649785e-5,4.3151485582540215e-6,-1.6784941612664353e-5,-4.385607663811952e-5,0.00014037742344994271,-8.967427612842467e-5,1.0498034849807708e-5,6.132970627719237e-16,-2.3213671872840728e-17,2.8906491238800094e-16,-3.8199612343332427e-16,1.968448122543929e-16,1.0250373079829131e-15,4.865703271915347e-16,-1.3796454510770579e-15,3.582382935002766e-16,-1.5336309067101403e-15,1.770629620639344e-15,-7.859391799293373e-16,0.04267427532876493,0.03558890717249108,0.18582496799340067,0.02382788736845389,0.028951462172731576,0.020226597700567474,0.06610623615185118,0.04404421742190656,0.04319226452749822,0.0887059764102911,0.037288083043665654,0.0005425743163336547,0.05167355345759152,-3.1608767623409854e-17,0.01728181069576499,-1.4766831394646845e-16,-3.666916652464527e-17,4.937321299303152e-16,-2.630099685493626e-16,4.925355357686455e-16,-4.428006845263739e-16,6.614811624442252e-16,-1.3373940580294555e-15,-6.922714271590511e-16,-2.118623085156242e-16,1.4772980347951408e-15,3.96490154495962e-17,-0.0,-0.0,-0.0,-0.0,-0.0,-0.0,-0.0,-0.0,-0.0,-0.0,-0.0,-0.0,-0.0,-0.0
5.073430308584521e-7,2.328728113850975e-5,-2.714899321527438e-16,-8.402242682954213e-16,1.3892404538063083e-15,-9.493254009727916e-5,-9.762332565667957e-7,7.322417477923437e-5,-0.00010961453665986681,-1.5156982730707653e-14,4.961185431621238e-6,1.6592291750683202e-6,-5.869990482509473e-16,-4.16376607437623e-5,-2.9708233753660977e-5,-7.3040322424963415e-6,-2.3610160581499705e-6,-2.503855706949362e-5,-3.383678487044022e-6,-1.197233376520106e-6,-4.836136994552917e-6,-1.4097531834674298e-5,-9.622839724210058e-6,-1.5175682554699643e-5,-7.472059957933512e-6,-1.8055333367500694e-5,2.282178476114171e-6,1.8089883768250332e-16,-1.9671504004969827e-17,9.49940012733414e-17,-1.0584840972809915e-16,7.091757887632918e-17,2.7351391357528266e-16,1.5809029756969672e-16,-4.059840218399173e-16,1.1007901191153316e-16,-4.4394197843756356e-16,5.120419311769115e-16,-2.1311767035337544e-16,-8.853402208461056e-7,-4.8334034713214e-6,-5.222726450025894e-6,-7.268801339026494e-7,1.0173291178179084e-6,-1.039855402586214e-6,-1.6713970476668942e-6,-6.8358859995918e-7,-2.969730544319563e-6,-8.960026274430073e-7,-3.4818872266886387e-6,-4.908389583155105e-8,-2.3076882443559062e-5,-1.3698064869750716e-16,-7.717880561764958e-6,-3.521756474663809e-17,-1.7978823227699488e-17,1.461143125037928e-16,-7.338262593808382e-17,1.4182964745596834e-16,-1.261460526360148e-16,1.949546211481916e-16,-3.832694308732531e-16,-1.9237972405476705e-16,-1.6368966195160343e-17,3.9551315394269093e-16,1.005876486113124e-17,-0.0,-0.0,-0.0,-0.0,-0.0,-0.0,-0.0,-0.0,-0.0,-0.0,-0.0,-0.0,-0.0,-0.0
1.2900493830538504e-5,2.6317302552935195e-5,-2.0234105420933508e-16,-5.910334206109583e-16,9.72341842944851e-16,-0.0001050587953535467,7.418211523059205e-5,0.0014770513440281964,-0.00012485903940215716,-1.5366766646560644e-14,7.905853237337554e-6,2.644050000596231e-6,-3.8110161377986004e-16,-0.0016521144914036447,-6.0857804268885415e-5,-6.5820034074435895e-6,-4.459361330858731e-6,-2.730978981203103e-5,-4.250427327466192e-6,-1.6785575855154e-6,-4.992736682080311e-6,-1.5324563156737786e-5,-9.889628015327311e-6,-1.599943539057602e-5,-9.522281241458619e-6,-1.9162179746043635e-5,1.4924797424912102e-6,1.3097504322749834e-16,-1.7303648379628626e-17,7.080926270999519e-17,-7.386326104897932e-17,5.2169946724756445e-17,1.8642600943616976e-16,1.1543114281698997e-16,-2.8644975099499657e-16,7.925231777928165e-17,-3.0493313909159056e-16,3.6320711171800304e-16,-1.473845352779221e-16,-5.427517856730096e-5,-0.00010099121289024865,-0.00019796536205027998,-1.9222842095231535e-5,2.0834960048936404e-5,-3.3436956387266816e-5,-4.758954206210148e-5,-2.197186388363017e-5,-6.94918673046061e-5,-3.088104966994912e-5,-7.689038064182434e-5,-8.089000306026472e-7,-0.0004122915840104159,-7.204728854390249e-17,-0.00013788765489366266,-2.45489494615533e-17,-1.4750986620793382e-17,1.01594825936897e-16,-4.918540818704847e-17,1.0049524483619207e-16,-8.623456633089959e-17,1.3930972326211526e-16,-2.724848829755614e-16,-1.317882725163341e-16,5.176534324824323e-18,2.7219859793339443e-16,5.044180365876483e-18,0.0,0.0,0.0,0.0,0.0,0.0,0.0,0.0,0.0,0.0,0.0,0.0,0.0,0.0
0.017655563353005006,0.00011265510944551236,1.4595820926645166e-14,5.2389976638959274e-14,-8.841743992270522e-14,-0.00010556905437221314,-0.07106080748737718,0.045721511373657736,-0.0006876459076801672,3.380675851695983e-13,0.0003899291037888411,0.00013040870047069684,8.681390128509856e-14,-0.24295647150546676,-0.018428669593713705,0.00023142009796346165,-0.0002961687500043694,3.563539519734514e-5,-8.421531580585016e-5,-5.7503210767532484e-5,5.218303870588556e-5,2.761409097984949e-5,0.0001104064545033099,0.00010872387956975059,-0.0002076448647058138,0.00010990769485700538,-0.0001615056397041069,-1.0579535775766085e-14,1.091256546848039e-15,-5.329792697167931e-15,6.862329314681757e-15,-4.298679146722811e-15,-1.8122771377662374e-14,-8.909227339694687e-15,2.5482554803371257e-14,-6.503289519059741e-15,2.932709645889292e-14,-3.16933318709672e-14,1.3832486941275113e-14,0.048043958009317135,0.006952226941424426,0.18936054788917947,0.027101429903344586,0.026717829381689626,0.025451956951082596,0.031958968307640896,0.02426603031791541,0.03929458884017136,-0.6204714643088204,0.06596264733450385,0.0007585252287762506,-0.061475153261156254,1.3775389886589544e-14,-0.020559878120776625,2.3776089680456983e-15,7.731507852277409e-16,-9.283368529315772e-15,5.223185032421882e-15,-8.687346408968107e-15,8.554060703997018e-15,-1.177014105351193e-14,2.3612376617765294e-14,1.2690075077895638e-14,4.23725625258644e-15,-2.567957332931562e-14,-1.3302057662178685e-15,0.0,0.0,0.0,0.0,0.0,0.0,0.0,0.0,0.0,0.0,0.0,0.0,0.0,0.0
0.012834623582091333,6.732143722690332e-5,9.305221689818736e-15,3.33917464753562e-14,-5.6237649292129124e-14,-2.7967610762500838e-5,-0.06952962364977375,0.03595735183539069,-0.0004346623782175108,2.4975230561324767e-13,0.0002838886951056848,9.494432564340584e-5,5.56136624543381e-14,-0.1874551309047092,-0.002594724854009033,0.00015167881034332473,-0.000209073046038682,4.858737675047696e-5,-5.085519815736457e-5,-3.98663382096285e-5,4.064608581783102e-5,2.3242974691684204e-5,7.54095191394035e-5,8.027607130723216e-5,-0.0001433533968883044,8.803683106825799e-5,-0.00010306010316945568,-6.757387584206357e-15,7.009690150963742e-16,-3.4038626343561672e-15,4.373532636961759e-15,-2.7289966391334767e-15,-1.1554020257434344e-14,-5.682310395143211e-15,1.6247110540040156e-14,-4.151872419325426e-15,1.867548037259218e-14,-2.022942969141769e-14,8.822109440023459e-15,0.029798236607300403,-0.0029551780797659652,0.06647459236396124,0.013133870487681575,-0.00023404214263472042,0.016063391146527224,-0.0505016102761864,-0.02985051045370585,-0.0005794000137137776,-0.3565274545753885,0.06327543989109244,0.0006228903620958892,-0.04471161787570077,8.677555341769636e-15,-0.014953446479451715,1.5234406078215571e-15,4.915187993101158e-16,-5.915276015955497e-15,3.323326200574931e-15,-5.5362643825409026e-15,5.444698576565748e-15,-7.517597906567405e-15,1.5069450271810087e-14,8.085481607835878e-15,2.6728947333127155e-15,-1.6382572703711044e-14,-8.435231246530649e-16,-0.0,-0.0,-0.0,-0.0,-0.0,-0.0,-0.0,-0.0,-0.0,-0.0,-0.0,-0.0,-0.0,-0.0
0.01744543571924489,0.00011111604603609688,1.438769684644795e-14,5.164198929915124e-14,-8.714949052220426e-14,-0.00010377608442191324,-0.06967546126364911,0.045096291438026175,-0.0006786137733198178,3.339929350728515e-13,0.0003853352110124443,0.0001288723094159471,8.559750006843867e-14,-0.24024652037380423,-0.01803124299305737,0.0002281888318571763,-0.0002925020867238317,3.560283537281297e-5,-8.29738603774106e-5,-5.6778308649123205e-5,5.159481101047822e-5,2.7261430008033215e-5,0.00010889681248271214,0.00010734852115666804,-0.00020503514574811527,0.00010867245281381988,-0.00015920056166952382,-1.0428446180101892e-14,1.0756160955767802e-15,-5.2536788736283705e-15,6.764219795353368e-15,-4.23716010700138e-15,-1.7863704072796335e-14,-8.781838265526867e-15,2.5118174536817185e-14,-6.410392305459489e-15,2.8907539680856483e-14,-3.124034570598411e-14,1.3634693462594158e-14,0.04704128028888315,0.0066543447214204845,0.18531728514497448,0.02653714398771581,0.02613314443909221,0.024933183443495426,0.03109601846915575,0.023642757115817273,0.038431489841223174,-0.6108480545237761,0.06469681332917031,0.0007433790944849174,-0.06074411442755662,1.3576351060684887e-14,-0.020315387972756616,2.343705246888968e-15,7.621078909479707e-16,-9.15056003700034e-15,5.148409225136339e-15,-8.563107483944014e-15,8.431653043527877e-15,-1.1601999197725763e-14,2.3275042721413303e-14,1.2508633201589545e-14,4.176346804520966e-15,-2.5312463172723427e-14,-1.3111792376309376e-15,0.0,0.0,0.0,0.0,0.0,0.0,0.0,0.0,0.0,0.0,0.0,0.0,0.0,0.0
1.2054518247950082e-7,-4.044493595021566e-5,-3.4139114822601645e-16,-1.2031472534557422e-15,2.0711745871246293e-15,0.00015957326642827735,1.6452420207428455e-5,2.3606403981731633e-6,0.00018843705315190295,1.647196975825531e-14,-6.630126365556178e-6,-2.217393251305091e-6,-4.375783499768071e-15,-0.00017689503735792791,1.8957806899011984e-6,1.979199091498718e-6,6.387633422187688e-6,4.717592975848153e-5,1.0080083580720612e-5,2.675293331207085e-6,8.287498574777696e-6,2.1583787500572205e-5,1.1254127620892947e-5,2.2164040160829625e-5,1.4377063899844812e-5,2.9831898988301234e-5,4.0544426789918575e-6,2.357996247334665e-16,-3.528124792370609e-17,1.228990770555967e-16,-1.5915648233612028e-16,1.0266724741177057e-16,4.2835557157430607e-16,1.8975319793209123e-16,-5.783298254879245e-16,1.5730045595890917e-16,-6.8512099434872935e-16,7.288681561205883e-16,-3.098955970530956e-16,-8.38298427221509e-7,-1.3013467894478267e-6,-7.87898948018446e-6,-5.922677745327269e-7,-5.127658147942795e-8,-9.540094017734074e-7,-7.9849439990097e-7,-4.007762913984822e-7,-3.876668842003606e-7,-7.833285135516533e-7,-4.985434035055458e-7,-2.473005491924775e-8,-5.817249888531609e-6,-4.0998985549999524e-16,-1.9455331506970904e-6,-5.721081318033662e-17,-2.5269068232363137e-17,2.1071103892013724e-16,-1.2084500307468985e-16,1.8708941794248486e-16,-1.9922535608159894e-16,2.735272628761806e-16,-5.523278773176868e-16,-2.931633114294244e-16,-8.712886407532823e-17,5.736042538319615e-16,5.0439284959774564e-17,0.0,0.0,0.0,0.0,0.0,0.0,0.0,0.0,0.0,0.0,0.0,0.0,0.0,0.0
-0.000787953285815337,-3.1341230792544124e-5,-3.2572829137471603e-16,-1.140032064393772e-15,1.9657873587768562e-15,0.00012402760391617206,-9.972824349868749e-5,0.01090795695917074,0.00014523615098558686,1.1101766921315975e-14,-3.6405578725103776e-6,-1.217555746441436e-6,-3.939488497125347e-15,0.0007169067424267009,-4.451705215925978e-5,8.102636405923038e-7,4.355857317027748e-6,3.7619437528207065e-5,8.213701001487639e-6,1.989974268291932e-6,6.648814132439685e-6,1.661973470470142e-5,8.414769505471336e-6,1.7160936533608394e-5,1.0787968013823591e-5,2.3539960247206815e-5,3.764441161181425e-6,2.2324701347280367e-16,-3.35458613465364e-17,1.1628415989385152e-16,-1.4958599689085363e-16,1.0031746196147882e-16,4.0463398340738746e-16,1.8128300282796127e-16,-5.459636945983591e-16,1.4997450691108642e-16,-6.467684763495767e-16,6.9203443909358355e-16,-2.9540498194846225e-16,-0.0004067696767915202,0.00011271232715945495,-0.0011454249185809007,-0.00022577587610506065,-4.698010885408811e-5,-0.00022326842567455785,0.0005493355223383877,0.00032304411478421033,-5.8610705383798284e-5,0.018241830675142078,-0.0008707426627876524,-8.039258743513291e-6,-0.00021368201600775304,-3.9526463785886914e-16,-7.146425787603162e-5,-5.1830530140188046e-17,-2.2978380896959456e-17,2.0028923589488313e-16,-1.137946130356408e-16,1.770690530922145e-16,-1.869229259711395e-16,2.61931006951041e-16,-5.233146709728616e-16,-2.78172632159072e-16,-7.417194641466371e-17,5.457221533030053e-16,4.416250729710947e-17,0.0,0.0,0.0,0.0,0.0,0.0,0.0,0.0,0.0,0.0,0.0,0.0,0.0,0.0
2.416631947620535e-7,-8.102096785193142e-5,-6.8144570363333925e-16,-2.402188389509932e-15,4.1355808409683164e-15,0.0003196801009137018,3.293360032600916e-5,4.701268888641237e-6,0.0003774904091711109,3.3027072984144075e-14,-1.3287058411217171e-5,-4.4437514500154325e-6,-8.627152469964068e-15,-0.00035389492796235355,3.7993196426574548e-6,3.997066401994173e-6,1.2788713980480878e-5,9.449405913672565e-5,2.0180236432593166e-5,5.357403282935747e-6,1.660231330192496e-5,4.324631299871095e-5,2.2561211992367694e-5,4.441267965642724e-5,2.879629186485054e-5,5.976534872657854e-5,8.097915068243863e-6,4.707099140107351e-16,-7.046916004919895e-17,2.4533141408037734e-16,-3.1779757991271106e-16,2.0498881044711435e-16,8.553828406222093e-16,3.787250525991811e-16,-1.1546750529873117e-15,3.140633372542162e-16,-1.3680838924739591e-15,1.4552336047742098e-15,-6.187503309076506e-16,-1.685906602992567e-6,-2.6025760603820553e-6,-1.5782362982440572e-5,-1.1856587442606058e-6,-1.0277337637132712e-7,-1.911176108961941e-6,-1.6002884841709464e-6,-8.035649373446198e-7,-7.770580498448261e-7,-1.5698976554287038e-6,-9.979448469956157e-7,-4.940647448142117e-8,-1.1615919422386749e-5,-8.19361594034673e-16,-3.88485224897405e-6,-1.142512881024254e-16,-5.045068069924477e-17,4.2070812511437377e-16,-2.413350109777288e-16,3.734816101096586e-16,-3.9783860890340586e-16,5.46100835568899e-16,-1.1027844215244665e-15,-5.853903316203127e-16,-1.7419061033598914e-16,1.145276083376803e-15,1.0083858250022588e-16,0.0,0.0,0.0,0.0,0.0,0.0,0.0,0.0,0.0,0.0,0.0,0.0,0.0,0.0
-1.0336859214581805e-7,2.292430279175129e-5,-2.7665527244563245e-16,-8.586985688900031e-16,1.4204487674096025e-15,-9.359028062174488e-5,-4.597450663982619e-6,3.985502677076615e-6,-0.00010786766567578202,-1.5059878041225755e-14,4.780813141402755e-6,1.5989050911652182e-6,-6.386248441082089e-16,1.0102677455078723e-5,-1.3850105318522516e-6,-7.328510225364581e-6,-2.2239417458469852e-6,-2.4677704102438837e-5,-3.2879786486636712e-6,-1.15940583435074e-6,-4.7846509810358634e-6,-1.3922878355549328e-5,-9.54991275674999e-6,-1.5017774200702003e-5,-7.295123213355912e-6,-1.784314668783454e-5,2.342022382955003e-6,1.845719655379253e-16,-1.9970805496830558e-17,9.681826709472008e-17,-1.0824440795068352e-16,7.237024822171072e-17,2.8001297355127755e-16,1.6116758058150737e-16,-4.1485098592284666e-16,1.124088793814864e-16,-4.543209491638375e-16,5.231288855791337e-16,-2.179518116410171e-16,1.7438042934316013e-6,-9.673224864723841e-8,4.2436644713279475e-6,1.8241280034237836e-7,3.9456997114534706e-8,5.532499214666787e-7,5.895064458303436e-7,3.644273026753194e-7,3.097377599693935e-7,5.790056723361697e-7,1.3672491794819776e-7,-1.1729988839440901e-8,-3.906889124399398e-6,-1.423002355319365e-16,-1.3066281238295408e-6,-3.6038008747572734e-17,-1.8269018657965506e-17,1.4939273362802485e-16,-7.519731555488222e-17,1.448284599434418e-16,-1.2913885373930433e-16,1.991050449820843e-16,-3.915735710478716e-16,-1.968751995099798e-16,-1.7878454981693735e-17,4.045416356449888e-16,1.0567875807495048e-17,0.0,0.0,0.0,0.0,0.0,0.0,0.0,0.0,0.0,0.0,0.0,0.0,0.0,0.0
-0.0008044717733946118,-7.178447762738411e-5,-6.675661350893432e-16,-2.345333937515155e-15,4.0406241201741196e-15,0.0002835540052207872,-8.549941172119822e-5,0.011083337097422668,0.0003336933285694542,2.7500251534919157e-14,-1.0329332548851014e-5,-3.454563460799462e-6,-8.316436395953444e-15,0.000609497448320742,-4.452029488320758e-5,2.7745472712360545e-6,1.0780172650665813e-5,8.476156308858806e-5,1.8293679542939452e-5,4.671431611149412e-6,1.492495095487609e-5,3.819524953197447e-5,1.965771182024146e-5,3.93068758763352e-5,2.5186646574961553e-5,5.334491561084677e-5,7.825658930512009e-6,4.594235980757032e-16,-6.885556651579737e-17,2.393496968263402e-16,-3.090219279564604e-16,2.0319544719698224e-16,8.337868439020582e-16,3.713516898912146e-16,-1.125311199937585e-15,3.0752163201058603e-16,-1.3331627809539845e-15,1.4221960316318886e-15,-6.05940279598451e-16,-0.0004122747771274115,0.00011781046168375936,-0.0011615246198824138,-0.00022897022869799186,-4.591954456979227e-5,-0.00022715568672688813,0.0005643971722230749,0.00033224647926244447,-5.709815381897675e-5,0.01860781460098867,-0.0008858662725050939,-8.182891735428733e-6,-0.0002102949071334824,-8.062482036793611e-16,-7.033146613771458e-5,-1.0911473192716807e-16,-4.822980897052514e-17,4.1140092352692534e-16,-2.3489068197064483e-16,3.6450104623146696e-16,-3.8651771645446933e-16,5.359511717342201e-16,-1.0765777081323559e-15,-5.719138287931212e-16,-1.6159892567519655e-16,1.120500100262423e-15,9.464258265642652e-17,0.0,0.0,0.0,0.0,0.0,0.0,0.0,0.0,0.0,0.0,0.0,0.0,0.0,0.0
1.7365551164413373e-6,2.3003506968364587e-5,-2.743107011571713e-16,-8.502317134598766e-16,1.4065298396412657e-15,-9.380514473243944e-5,-4.647419011398449e-6,7.343927732768077e-5,-0.00010830222746683386,-1.4970436673813956e-14,4.934306545608846e-6,1.6502397445223587e-6,-5.925606075235221e-16,-7.624976681277499e-5,2.594856336713777e-7,-7.294390914907413e-6,-2.3254487648122865e-6,-2.4694929779980507e-5,-3.309580856613041e-6,-1.179917783208188e-6,-4.774717208862065e-6,-1.3946207262375284e-5,-9.545320718959034e-6,-1.5018417557874535e-5,-7.376722582657668e-6,-1.7839552253088542e-5,2.3151831638719555e-6,1.8286546556994888e-16,-1.9801951580848667e-17,9.596171926066077e-17,-1.0713378132145174e-16,7.17038316896651e-17,2.7708422941110166e-16,1.5974874658274563e-16,-4.107526300862002e-16,1.1136639961255718e-16,-4.496113635273036e-16,5.180366895446165e-16,-2.1573466503697488e-16,-3.7952122084613648e-6,-6.985643104277511e-6,-1.9340497177126608e-5,-2.8638421228550435e-6,-3.338503666263048e-6,-1.8529306428900892e-6,-7.739199083305068e-6,-4.993941382513934e-6,-4.747077634805025e-6,-1.148399880448602e-5,-4.051486908313376e-6,-7.644442488755508e-8,-2.5953284303783695e-5,-1.402688813172277e-16,-8.679870382644983e-6,-3.56386150907799e-17,-1.8139002743318934e-17,1.4790904576320355e-16,-7.435979741947132e-17,1.4343140324279844e-16,-1.2776035813764592e-16,1.9722393320187574e-16,-3.8776709960368217e-16,-1.9483898495632793e-16,-1.716126338570899e-17,4.004160120470238e-16,1.0337381090998857e-17,0.0,0.0,0.0,0.0,0.0,0.0,0.0,0.0,0.0,0.0,0.0,0.0,0.0,0.0
-0.007719909781325025,-0.0002732399170480565,-6.780783993353765e-17,1.0557531415747626e-17,-3.553457448337551e-16,0.0010479294341655522,0.02395605130903249,0.022243994172897238,0.001316300331364538,7.21784902900249e-15,-0.00012977638418702333,-4.3402683853441934e-5,-8.802629646554723e-15,0.0009879653967948194,-0.002827073780644883,3.940524533122459e-5,8.154819246001456e-5,0.000261885236498291,5.086007064764381e-5,2.3857044477048403e-5,4.2388700419968554e-5,0.00014778563250614145,8.554068414272524e-5,0.00014436646106795093,0.00012001620035580599,0.00017441829886185786,2.8798317822217242e-6,1.5640837231987682e-18,-6.913385475524089e-17,1.0509082117714558e-17,7.339303390389047e-19,-1.1634747856920595e-17,7.172471640610085e-18,4.559044337228097e-19,7.91648758267426e-18,3.316158147496999e-17,-1.575316406584086e-17,3.46831576521321e-17,6.993082758532095e-18,0.005844656546350625,0.004862355446156887,0.03246694938926093,0.00855124788052193,0.003787459547001815,0.0014071681824945831,0.013071418897192382,0.007142161631365142,0.0010390216122802061,-0.0758084062492664,-0.0025246085278022765,7.757433441929227e-5,0.012172596087186276,-5.084421170131537e-16,0.004071028353553485,-2.0542998288053666e-17,-1.5881321319728792e-18,-6.1414116586959434e-18,8.843471159487948e-18,-6.843107800666409e-17,1.909417300874188e-17,4.631204087251639e-17,-4.30956375882156e-17,1.081563728462996e-18,7.335088470782808e-17,-3.785906811313146e-17,2.853240267734267e-17,0.0,0.0,0.0,0.0,0.0,0.0,0.0,0.0,0.0,0.0,0.0,0.0,0.0,0.0
-0.0112476023474561,-0.0003278170088711869,4.4919370864005065e-15,1.6743488588145834e-14,-2.914425468692292e-14,0.0013056124296391771,0.046041173431314364,0.04942971115141697,0.0015783575652619718,5.70454868241195e-14,-0.00014313433638714573,-4.7870145179208574e-5,1.574221020360731e-14,-0.04273626834641668,-0.012427399927606556,0.00011766278419803034,6.869788919531114e-5,0.0003053943030840744,3.57140699155499e-5,2.251859926067423e-5,5.619235177729131e-5,0.00019745937570495308,0.00014007515604468434,0.00020519028017128822,0.00012627212507090245,0.00022907899059734996,-4.746070775754889e-5,-3.3277443816560718e-15,2.321042843832274e-16,-1.6595378464802728e-15,2.210092264469355e-15,-1.4187335472802494e-15,-5.82345453270733e-15,-2.7982622706407982e-15,8.132474332060592e-15,-2.014802473107112e-15,9.400347457445549e-15,-1.0023290352262376e-14,4.429700784306128e-15,0.016272290624429024,0.01044405053044858,0.09943683090343819,0.0205862535689109,0.015805357341547758,0.00547492075323928,0.051148668932867986,0.03088695777989187,0.014621697263455483,0.14487382212006655,-0.004355794923086924,0.00018336214961580072,0.011071261334777604,3.711709189507933e-15,0.003702695668237657,7.075610863040327e-16,2.643170940447732e-16,-2.9757222174912825e-15,1.706944616938214e-15,-2.892993436737329e-15,2.794609875486413e-15,-3.6371156906994966e-15,7.44866184410455e-15,4.069416928626324e-15,1.5434037609477922e-15,-8.246819739241647e-15,-4.2287585876455644e-16,0.0,0.0,0.0,0.0,0.0,0.0,0.0,0.0,0.0,0.0,0.0,0.0,0.0,0.0
-0.0037611828806258757,-0.0001216355612269485,2.6602343384259616e-15,9.800509523138032e-15,-1.6918647692416402e-14,0.000500617575897696,0.01851062121670408,0.021271350255990876,0.0005807431155270357,3.649479906352112e-14,-4.055525164107248e-5,-1.3563382715846575e-5,1.1429525828970797e-14,-0.025608522279360557,-0.007527128761773981,5.9640624399113846e-5,1.3560192658465933e-5,0.0001171130544188558,8.36132664360294e-6,6.099365650845476e-6,2.3749837843302836e-5,7.843199694549004e-5,6.0938708337730835e-5,8.52517228940961e-5,3.964862251261777e-5,9.322224808577746e-5,-2.8548288788400642e-5,-1.9546925795509565e-15,1.566459885241996e-16,-9.77989825027079e-16,1.2909264690982942e-15,-8.2433790976491815e-16,-3.4031046492808294e-15,-1.6459732880901275e-15,4.761326289831088e-15,-1.1899158097643722e-15,5.500971340643561e-15,-5.881328249625878e-15,2.5904787364059245e-15,0.009332129296791376,0.005776544836735629,0.05939824370264739,0.0104471904591994,0.010690187353135263,0.0036393183294786465,0.03404103425720321,0.021252556014606565,0.012305454410447053,0.016476552679759372,-0.0015897102993795039,9.260451346821164e-5,0.0018437903073982478,2.319697604623345e-15,0.0006166410653501594,4.221307732802524e-16,1.5208230575920326e-16,-1.7405124706050014e-15,9.93497723840884e-16,-1.6721084160388527e-15,1.6261744269714432e-15,-2.1486985277206514e-15,4.374548087900721e-15,2.380118799069601e-15,8.737023455130819e-16,-4.81717319964226e-15,-2.491839982780352e-16,-0.0,-0.0,-0.0,-0.0,-0.0,-0.0,-0.0,-0.0,-0.0,-0.0,-0.0,-0.0,-0.0,-0.0
0.0004943017009544906,-1.8939287051980014e-5,8.999986768003637e-16,3.2857174636431404e-15,-5.532536720390673e-15,9.8211467927299e-5,0.0038906297986827476,0.006822204238905784,7.795389441478855e-5,3.224727596781309e-14,2.080422475251203e-5,6.957808195944937e-6,4.309886095507035e-15,-0.023393598149064606,-0.002092615462072897,1.9022354210297796e-5,-1.5820904113907717e-5,3.218457227355036e-5,4.294667739410039e-8,-2.1671294106495253e-6,8.8581222301539e-6,1.652242593130083e-5,1.5885117712830756e-5,2.2527851029764786e-5,-4.603389012196724e-6,2.6991676842370484e-5,-9.849951656324995e-6,-6.584605877183766e-16,5.66546706904311e-17,-3.2921019549754886e-16,4.305974770202977e-16,-2.7015653451177494e-16,-1.137038522301523e-15,-5.524499674510236e-16,1.5904701349891168e-15,-4.012720872059553e-16,1.831047252616303e-15,-1.973677989532309e-15,8.667179951837783e-16,0.000529507600877991,-0.0009100851771182069,0.0039814369635281155,0.0012435031405034986,0.000553654321991445,0.00015706705565007438,0.0015316564149875228,0.0008584083048049537,7.605970868846028e-5,-0.013686267229687632,-0.0002593767587182675,9.701697924481519e-6,-0.004025231511354358,7.650388665862035e-16,-0.0013462067988634994,1.4526826737230177e-16,4.9415939295522536e-17,-5.800034386763544e-16,3.282703286324205e-16,-5.532586740866916e-16,5.381603775729634e-16,-7.261603362091408e-16,1.46993321948358e-15,7.940290511781486e-16,2.7946415742774207e-16,-1.6118949555104933e-15,-8.1258553904699e-17,0.0,0.0,0.0,0.0,0.0,0.0,0.0,0.0,0.0,0.0,0.0,0.0,0.0,0.0
0.015700891870560823,0.0001001261178374903,1.295091006347951e-14,4.6485145041766515e-14,-7.844727936275461e-14,-9.387084227451262e-5,-0.06270797618501713,0.04058664197589991,-0.0006113169272142096,3.0060673439447045e-13,0.0003468190859828987,0.00011599089645274992,7.704943655293192e-14,-0.21622171870243312,-0.016228123626442815,0.00020537920800599657,-0.0002632745777090228,3.1895594403920194e-5,-7.471276038343251e-5,-5.1109382189810346e-5,4.6410605209224896e-5,2.4474465737983823e-5,9.79811681752286e-5,9.655300557439531e-5,-0.00018457702006213314,9.771778622813158e-5,-0.00014330412841234878,-9.387050782964985e-15,9.682086315023292e-16,-4.7290339720148875e-15,6.088784050200495e-15,-3.814070750750066e-15,-1.6079922224331686e-14,-7.904890106971793e-15,2.2609945668000174e-14,-5.770253262592621e-15,2.602097814558667e-14,-2.8120744802870787e-14,1.227319448676206e-14,0.04233715167375055,0.005988916233624454,0.16678558087906667,0.023883431748785714,0.023519830120280506,0.022439867939644732,0.02798641869129653,0.021278482274045878,0.034588341799327973,-0.5497632470134883,0.05822713385930978,0.0006690413229123714,-0.05466966761526641,1.2220819278939454e-14,-0.018283837346420258,2.1096479705423086e-15,6.860134492108056e-16,-8.236819791250746e-15,4.634332364845458e-15,-7.708037016309746e-15,7.589721822329289e-15,-1.0443410620354297e-14,2.0950832377321316e-14,1.1259573907925654e-14,3.75939539948724e-15,-2.2784846413113894e-14,-1.180268044924353e-15,-0.0,-0.0,-0.0,-0.0,-0.0,-0.0,-0.0,-0.0,-0.0,-0.0,-0.0,-0.0,-0.0,-0.0
0.02249312752991406,0.0005047235707265873,2.2267400253221013e-14,8.022614919370994e-14,-1.3591473335432544e-13,-0.001554019125654324,-0.0598623721744702,0.05356095669309989,-0.002557254510884707,3.830666817978304e-13,0.0005540949555732522,0.0001853126693812459,1.4292007699266977e-13,-0.301889585601881,-0.03037317663540059,0.00028810981160850543,-0.00043691797292415513,-0.0003795425531602738,-0.00020163265010827717,-9.776668529965746e-5,-7.41321116210692e-6,-0.0001545664322422541,4.59007850779068e-5,-5.501831460724264e-5,-0.0003944980220235249,-0.0001246803157719144,-0.00025027284435649,-1.610249605299113e-14,1.703358915212356e-15,-8.11483407351973e-15,1.0547290237611932e-14,-6.634413646691012e-15,-2.7861567260307523e-14,-1.354958726557238e-14,3.898821557548145e-14,-9.961494212167489e-15,4.505666301270766e-14,-4.8474519529289476e-14,2.1186091968680167e-14,0.05146091903618597,0.008175210881054112,0.23903205514750117,0.03188950376009695,0.04063098119442921,0.027449578445578705,0.08189045653292114,0.05668299900866352,0.05983856060123315,0.07970059223245127,0.057037276955554085,0.0007176171996185057,-0.07825783703241239,2.169587253459142e-14,-0.02617271378808682,3.614508945066837e-15,1.2260556534646487e-15,-1.421810328041262e-14,8.04777100071655e-15,-1.3282548425063933e-14,1.3158494691107932e-14,-1.7955511766428683e-14,3.614254018676889e-14,1.9468422836462935e-14,6.602157794634167e-15,-3.9279382780359523e-14,-2.1464431942137534e-15,-0.0,-0.0,-0.0,-0.0,-0.0,-0.0,-0.0,-0.0,-0.0,-0.0,-0.0,-0.0,-0.0,-0.0
-0.014783443165292445,-6.863616532741857e-5,-8.549577129075111e-16,-3.1427716703564394e-15,3.775803717328547e-15,6.961167095685931e-5,-0.04438768202036627,-0.02274424347073708,0.00048161567585721336,-2.941667076116635e-13,-0.000348907024419145,-0.00011668919094770378,-2.278020327359077e-15,0.21174054209540813,0.008443185795792544,-3.148505779935899e-5,0.00020684025013501594,-0.00011366103202473891,3.719944132994399e-7,3.7230925489087386e-5,-4.6321306569140495e-5,6.781746503852416e-6,-1.538728912627449e-5,-4.128834516192612e-5,0.0001419248077646629,-8.633229687547375e-5,1.0721218355918099e-5,6.2365622997234e-16,-2.468012568492974e-17,2.941057577823935e-16,-3.902340349215612e-16,2.0194022539684249e-16,1.0471218731951393e-15,4.949494398470417e-16,-1.407791108492831e-15,3.6527661497013635e-16,-1.5687554941137496e-15,1.80531981282838e-15,-8.018496446136576e-16,0.04267412085946856,0.03558880400044433,0.1858241081085129,0.0238278293544671,0.028951455995813065,0.02022649157874476,0.06610614128626768,0.04404416647998763,0.0431922173222627,0.08870588337181286,0.03728803501503566,0.0005425728324618556,0.05167326235517393,-5.564397307511548e-17,0.017281713338867057,-1.5019006737985194e-16,-3.772520136358253e-17,5.042016247885599e-16,-2.697265915428765e-16,5.019222572032343e-16,-4.533277659923172e-16,6.736595082468821e-16,-1.3633961448901532e-15,-7.071913900291273e-16,-2.197997348935771e-16,1.5062898491070928e-15,4.264002522914432e-17,-0.0,-0.0,-0.0,-0.0,-0.0,-0.0,-0.0,-0.0,-0.0,-0.0,-0.0,-0.0,-0.0,-0.0
3.118525357318095e-5,2.1932338133620522e-5,-2.1866133624192336e-16,-6.471241124895439e-16,1.0640487724017843e-15,-8.819506247355555e-5,0.00024160314919255508,0.0004358279715515166,-0.0001038987353865993,-1.310053935539565e-14,6.133332724391189e-6,2.051244553549065e-6,-3.363761253587094e-16,-0.0010623440602249886,-0.0005414054302336034,-6.14498237181694e-6,-3.2557056916568304e-6,-2.2878306409381578e-5,-3.3327490278740465e-6,-1.3096819616512881e-6,-4.266499110452105e-6,-1.2990200606659838e-5,-8.607344193321091e-6,-1.3709214048656136e-5,-7.65860107099792e-6,-1.628875306722114e-5,1.7055756476001335e-6,1.4220481911234772e-16,-1.626006240835111e-17,7.561515054069935e-17,-8.050676441728779e-17,5.495784501607357e-17,2.067289653964964e-16,1.2566246008690147e-16,-3.124666469226564e-16,8.652327516038165e-17,-3.36350402122479e-16,3.9602003561479433e-16,-1.6217627482866174e-16,3.5268059018027805e-5,-5.769988694081997e-5,0.0002563085520458452,7.889893289791958e-5,3.5086057823035974e-5,1.0500498350900298e-5,9.754766892157764e-5,5.470395229011732e-5,5.126453062718043e-6,-0.0008657575003651954,-1.6279521203598487e-5,6.024706337403885e-7,-0.0002586865808993218,-9.250052552806357e-17,-8.65156781653701e-5,-2.6668296211809942e-17,-1.504776245778439e-17,1.1205581968125223e-16,-5.405607354544451e-17,1.0927248013531539e-16,-9.447452381974116e-17,1.5232078752489917e-16,-2.968584613373529e-16,-1.4573588461787847e-16,5.168463377171511e-20,3.008269876616966e-16,5.234064149020959e-18,-0.0,-0.0,-0.0,-0.0,-0.0,-0.0,-0.0,-0.0,-0.0,-0.0,-0.0,-0.0,-0.0,-0.0
0.00046290866283707775,5.330208029928885e-6,5.684510502060176e-16,2.2262006569704724e-15,-3.77414291655372e-15,-2.1671831511144254e-6,0.0036396873192297125,0.00639432587192562,-3.55282054976485e-5,1.5073406718538617e-14,2.429027480299021e-5,8.12369002607473e-6,3.4413435939901537e-15,-0.022309344856991504,-0.0015539965640272062,1.0493991755058785e-5,-1.7069070536366507e-5,5.295132761430644e-6,-3.288668282269751e-6,-3.199683748333406e-6,3.482955128635642e-6,1.4786351199887606e-6,5.2948097611321006e-6,6.008326736297927e-6,-1.1660718875014167e-5,7.333734317547237e-6,-6.907598244247107e-6,-4.336397711933739e-16,3.3299444764990714e-17,-2.1230110243497599e-16,2.9603111553182305e-16,-1.8129128757908217e-16,-7.875591366806756e-16,-3.574746209970285e-16,1.0783938602379655e-15,-2.6439872901902775e-16,1.2648539573079622e-15,-1.32996380063416e-15,5.957404735757111e-16,0.0004977342749726563,-0.0008525672659315918,0.0037336845862086915,0.00116497422898415,0.000518647625265755,0.00014768138682624338,0.0014352947108582873,0.0008044366859288957,7.15561037370167e-5,-0.012819344905395902,-0.0002428194124162649,9.07598719268699e-6,-0.0037743068384898204,5.765892582150029e-16,-0.0012622870293635628,1.0037721172793145e-16,2.81609034903798e-17,-3.9515016585190385e-16,2.3299782405280987e-16,-3.745320169265401e-16,3.761246736280777e-16,-4.827338566537641e-16,9.886002227050665e-16,5.486233725217098e-16,2.443653534141132e-16,-1.1087335332838561e-15,-6.581329141274764e-17,-0.0,-0.0,-0.0,-0.0,-0.0,-0.0,-0.0,-0.0,-0.0,-0.0,-0.0,-0.0,-0.0,-0.0
0.018376208114488625,0.00041932523462445253,7.459589153693943e-15,2.7356951986513927e-14,-4.561436317900933e-14,-0.0013760832623724377,-0.06805589400883706,0.04680595569398635,-0.0021462193416086303,2.772556823281305e-13,0.00047923816119667254,0.00016027740739909074,4.7969634081539603e-14,-0.25315854585643105,-0.020472588635704503,7.866059632838767e-5,-0.0003226184089531057,-0.00026672095938597466,-0.00010553794969069604,-7.151237225712523e-5,-1.0024776984312819e-5,-0.00017168864516966663,-4.490028972349924e-5,-0.00010977092285966224,-0.00030298646342500707,-0.00013054597317861861,-8.863235245365352e-5,-5.454170698347076e-15,5.102531930960364e-16,-2.7446645127513996e-15,3.6292382774904584e-15,-2.324499936096103e-15,-9.572522033326091e-15,-4.567758301244082e-15,1.3270092492579328e-14,-3.3820095705519644e-15,1.5458735545276575e-14,-1.6427282939878688e-14,7.214947735540679e-15,0.04149684486274414,0.0027307057275753293,0.15581119229113294,0.02420544326426023,0.03214520433637444,0.027534174686619315,0.06505552862586306,0.050380213909434764,0.047332710041977435,0.026983190525858774,-0.4550298256167247,0.0005419639177434279,-0.06411990749889496,7.177503306998543e-15,-0.02144439522892098,1.2155866240161754e-15,4.3169532387850317e-16,-4.841682642135099e-15,2.7733155690946242e-15,-4.553451990321181e-15,4.533791005183369e-15,-6.063265612397915e-15,1.232574651014232e-14,6.696730686778834e-15,2.3999554948511176e-15,-1.3382025875858495e-14,-7.9011760427326e-16,0.0,0.0,0.0,0.0,0.0,0.0,0.0,0.0,0.0,0.0,0.0,0.0,0.0,0.0
0.008277116143384484,6.502945770844384e-5,5.627952573771989e-15,2.021153244358991e-14,-3.406148129535636e-14,-0.00010730198889301765,-0.06838363048844184,0.02675329826832042,-0.0003821990458035405,1.5453394904688816e-13,0.000187890216282262,6.283839472203527e-5,3.390363939351038e-14,-0.1316699310701381,0.009001142955182902,8.884889700705745e-5,-0.0001364512329842024,8.711512836378068e-6,-3.511069768473071e-5,-2.6698151733112993e-5,2.1640119820968268e-5,1.3782923192000795e-6,3.853953845269345e-5,3.687518577682651e-5,-9.90248748968333e-5,3.9646667419220225e-5,-6.275737577617127e-5,-4.094200352201293e-15,4.221887398506375e-16,-2.0652673729675987e-15,2.657040769494259e-15,-1.6689879942253771e-15,-7.011820350099686e-15,-3.4451022985829004e-15,9.847333583999975e-15,-2.5210814595585405e-15,1.1334888851363197e-14,-1.2250871924206685e-14,5.342338045681341e-15,-0.0012205881142107937,-0.020221904284296512,-0.12921725040017948,-0.0052423833221986234,-0.001875769205852009,0.018577598360511358,-0.00471176509043446,0.015540094309655276,-0.0029308071468881827,-0.13531455698857983,-0.018010778865239288,-0.00012692622702205865,-0.028841366574563213,5.254381761944307e-15,-0.009645766625262118,9.171473296650367e-16,3.0625069798407884e-16,-3.585279524802702e-15,2.0166781303165693e-15,-3.3578462039521164e-15,3.304503560663732e-15,-4.550033652903042e-15,9.140855473349437e-15,4.907383477370667e-15,1.6141074913231406e-15,-9.915440774528195e-15,-5.211149925034463e-16,-0.0,-0.0,-0.0,-0.0,-0.0,-0.0,-0.0,-0.0,-0.0,-0.0,-0.0,-0.0,-0.0,-0.0
0.018373728366200125,0.0004190053580706729,7.61425567301326e-15,2.7903941805565663e-14,-4.6552592397684524e-14,-0.0013737094232156766,-0.06804592664674197,0.04679730488337096,-0.0021443461922663757,2.76500395750441e-13,0.0004787605078244932,0.00016011766001154912,4.8981538584355624e-14,-0.2531038952760205,-0.020468847192118715,8.093967046733239e-5,-0.00032304901953330884,-0.0002671276945894333,-0.00010634514000287835,-7.161378325790997e-5,-9.932475744488754e-6,-0.00017091801721878794,-4.364992895691279e-5,-0.00010872381242634122,-0.0003031691236816214,-0.0001299915737322852,-9.029060102414195e-5,-5.564682747328117e-15,5.226227261580652e-16,-2.8010038423133844e-15,3.700761540401434e-15,-2.3702898260484188e-15,-9.761071081455687e-15,-4.6608400502498e-15,1.353658987412786e-14,-3.450416756314977e-15,1.5765911445045112e-14,-1.6758237463900735e-14,7.358402815177652e-15,0.04148894175436865,0.0027297401630297985,0.15578270934768923,0.02420118538418255,0.03213953929094695,0.02752942340191357,0.06504384042036279,0.05037132154975466,0.047324326247954365,0.02697686325441269,-0.4549602441553013,0.0005418764738961409,-0.06410857474134941,7.331949800010029e-15,-0.021440605077916775,1.2404261838668423e-15,4.4002836113865793e-16,-4.938657468559755e-15,2.8280241133044585e-15,-4.643469564242266e-15,4.623327591977733e-15,-6.186588850509657e-15,1.2572667079152449e-14,6.82936118048834e-15,2.4428025768002402e-15,-1.3648292848632038e-14,-8.05038836145688e-16,-0.0,-0.0,-0.0,-0.0,-0.0,-0.0,-0.0,-0.0,-0.0,-0.0,-0.0,-0.0,-0.0,-0.0
3.605304348597577e-8,-5.8003566946609e-6,1.6327852776838767e-16,6.433893611551662e-16,-1.0965678914684419e-15,2.4566115148521738e-5,-1.4622308174698375e-7,-2.5302415557191225e-6,2.7534671742903165e-5,2.4901341558015934e-14,-1.489634597905101e-6,-4.981964935903652e-7,7.006295033223414e-16,0.0002428577252601443,4.402255633237202e-7,3.608300712992585e-6,1.6030674668029426e-7,5.6747955178571414e-6,1.5112759603995083e-7,1.9715572190983437e-7,1.2449023866703689e-6,3.976018454808704e-6,3.3307703481973544e-6,4.470287731514769e-6,1.5966927981952411e-6,4.779140901075894e-6,-1.892177424064295e-6,-1.3004820861501894e-16,2.0512887527332992e-17,-5.421400945687698e-17,8.187490645654388e-17,-2.233496128840375e-17,-2.289275933851404e-16,-1.1358942788208238e-16,3.117734295047223e-16,-7.578941057004221e-17,3.3419049625164144e-16,-4.177418441613144e-16,1.9385052675399777e-16,-7.987121488528777e-7,2.656422461058452e-7,-1.010928953757154e-6,-2.878646460484053e-9,-1.3923559256646016e-8,-1.445501294005372e-7,-1.8645623433603585e-7,-1.304237655462167e-7,-1.0434484130560135e-7,-1.7583811629902652e-7,7.281044181178624e-9,1.0209243819994423e-8,3.084821447142184e-6,1.1112884134599005e-16,1.031694100225984e-6,3.2131678107918534e-17,4.5307570072781386e-18,-1.1659775929770859e-16,5.869915444711001e-17,-1.1035535991097163e-16,9.470300299191666e-17,-1.4876354266023318e-16,2.8371085751135454e-16,1.4181395887320317e-16,4.9018270746523156e-17,-3.5379051527277186e-16,7.735170469490695e-18,0.0,0.0,0.0,0.0,0.0,0.0,0.0,0.0,0.0,0.0,0.0,0.0,0.0,0.0
-0.00516544412749051,-2.9825282730170006e-6,1.395530213101536e-15,5.008566637480259e-15,-8.552833256698406e-15,2.3885033619789165e-5,-0.0007449900453604472,0.06751686310343438,1.5813209274803784e-5,-4.3663381808918144e-16,-1.0758521917867166e-6,-3.598102471606121e-7,9.34680164854713e-15,0.009300288108106148,0.00019525222828680863,2.117388347512905e-5,-5.839685317377454e-6,-1.7609712062386195e-6,-7.200381406911442e-6,-1.2432971752688193e-6,1.4418215219217162e-6,7.374930969171215e-6,1.1770967009066367e-5,1.0381755068005483e-5,-2.7959698618481263e-6,6.450159752075232e-6,-1.5199084036281648e-5,-1.0225218437195813e-15,1.243928652752076e-16,-5.061730792283691e-16,6.538255834220659e-16,-3.490167079833834e-16,-1.73178066962685e-15,-8.564421750094131e-16,2.4517051097596623e-15,-6.168813128315956e-16,2.7715000689511118e-15,-3.07125870766197e-15,1.3342282669271327e-15,-0.001736431689482956,0.0013945019378519769,-0.002614477723678083,-0.0010935969896063821,-0.0014222335838261276,-0.0019274464826556158,-0.002532753677303708,-0.0026818016434050755,-0.0020341510743659788,0.005902071240876552,0.08444788183822106,-1.7779959573597173e-5,-0.0004015981244863816,1.2499647446828858e-15,-0.00013431131205551332,2.50430611852166e-16,7.257902559519169e-17,-8.863650421667955e-16,4.906720495140522e-16,-8.284483460093418e-16,8.082684360446889e-16,-1.1277134451333718e-15,2.2553691655773373e-15,1.1851277091135184e-15,4.18565856784689e-16,-2.47911561917459e-15,-1.156949462623837e-16,0.0,0.0,0.0,0.0,0.0,0.0,0.0,0.0,0.0,0.0,0.0,0.0,0.0,0.0
7.210855239302872e-8,-1.160126183729181e-5,3.265635725936762e-16,1.2867989356340252e-15,-2.1931692102128168e-15,4.913446870529589e-5,-2.9233516888702336e-7,-5.060577319876712e-6,5.507192391449957e-5,4.980304264027427e-14,-2.9793833532118233e-6,-9.964311662228593e-7,1.4413898904436756e-15,0.000485715194781842,8.804841951020682e-7,7.216775420891201e-6,3.206669982682471e-7,1.135018184826296e-5,3.023343659712451e-7,3.943392592926884e-7,2.4899192180062775e-6,7.95236962373297e-6,6.6617684863501996e-6,8.94093422061521e-6,3.1935603064418908e-6,9.55870847152138e-6,-3.78440988519261e-6,-2.6010076461711343e-16,4.102624437638665e-17,-1.0843029912395238e-16,1.637523600114752e-16,-4.467162521293934e-17,-4.578617740810808e-16,-2.2718265390880967e-16,6.235566247779074e-16,-1.515814670103232e-16,6.683916807579956e-16,-8.354960036393367e-16,3.877061841478689e-16,-1.5974657442206171e-6,5.312866280216775e-7,-2.021959478098493e-6,-5.761691117149159e-9,-2.7848059812004626e-8,-2.891134918027294e-7,-3.7292654206046047e-7,-2.6085622006539245e-7,-2.0869707305263485e-7,-3.516900553457907e-7,1.455878613922293e-8,2.041876274488029e-8,6.169734821346275e-6,2.222610061116408e-16,2.0634189447641395e-6,6.426420381425471e-17,9.061943879469122e-18,-2.33199035161034e-16,1.1740007711851868e-16,-2.207141310355853e-16,1.894090435080472e-16,-2.9753177282281737e-16,5.674309317707066e-16,2.8363254978361044e-16,9.803695542526314e-17,-7.075905536119088e-16,1.5470097011775033e-17,0.0,0.0,0.0,0.0,0.0,0.0,0.0,0.0,0.0,0.0,0.0,0.0,0.0,0.0
-1.0400449713260706e-7,2.3137808826147523e-5,-2.748480618455783e-16,-8.523278990031769e-16,1.4094821498477607e-15,-9.443261707401471e-5,-4.684361249257019e-6,3.9729730266613024e-6,-0.00010886239982129999,-1.5146298250230773e-14,4.815800352951896e-6,1.6106062869725806e-6,-6.424012224954577e-16,1.1042851337544794e-5,-1.3950142380522026e-6,-7.338879490373123e-6,-2.2576795353078465e-6,-2.492676845333492e-5,-3.341221398316662e-6,-1.1735329411813754e-6,-4.8283987821693975e-6,-1.403679681402216e-5,-9.609281829852647e-6,-1.5134746017549864e-5,-7.371029769875391e-6,-1.8000615365358656e-5,2.3205606330810743e-6,1.83323311818708e-16,-1.9783952124715366e-17,9.616778867349848e-17,-1.0740175035975169e-16,7.182739655941572e-17,2.777448322219458e-16,1.6016254938007078e-16,-4.117886675542661e-16,1.1157617016476066e-16,-4.506939932718576e-16,5.192688625128312e-16,-2.1631024637020368e-16,1.7482135329224318e-6,-8.985180909419217e-8,4.285259937398379e-6,1.8554128621388277e-7,3.972752653898137e-8,5.582858884989626e-7,5.937199379331329e-7,3.665412441961225e-7,3.1178307072851765e-7,5.831393050590032e-7,1.3935856141970127e-7,-1.1599114575298202e-8,-3.876087376998593e-6,-1.401318998813964e-16,-1.296326723383088e-6,-3.573504079648488e-17,-1.8135431711917818e-17,1.4827692488914823e-16,-7.455758113029816e-17,1.4383757635706115e-16,-1.2808423508951883e-16,1.976566578526659e-16,-3.8864926865728103e-16,-1.95323252995901e-16,-1.7417049781960146e-17,4.015032834767352e-16,1.0301622173071795e-17,-0.0,-0.0,-0.0,-0.0,-0.0,-0.0,-0.0,-0.0,-0.0,-0.0,-0.0,-0.0,-0.0,-0.0
-0.005166317109103849,-8.73987303770114e-6,1.5319855961454855e-15,5.5570635775086966e-15,-9.486668444045808e-15,4.808231301647865e-5,-0.0007449814376418848,0.06752490826297332,4.30870416090383e-5,2.458388943152865e-14,-2.4968304413426017e-6,-8.350451687318708e-7,9.76348925749282e-15,0.009542506554794949,0.00019567509805581328,2.4387837899879745e-5,-5.596167410320712e-6,3.9915729132418435e-6,-6.907340892435199e-6,-1.026664881778145e-6,2.6711685558717683e-6,1.122330799403367e-5,1.4887919709441614e-5,1.4675088802819057e-5,-1.1592382567468445e-6,1.1137747620244868e-5,-1.6803424531121586e-5,-1.1334023318191754e-15,1.427638648088004e-16,-5.506159836297983e-16,7.232911082504423e-16,-3.6340099268284673e-16,-1.9279937115399095e-15,-9.538866075802163e-16,2.7172499405301478e-15,-6.808038907960268e-16,3.052395687896097e-15,-3.431591849813526e-15,1.5031900024784847e-15,-0.0017373473593537514,0.0013950705509757006,-0.0026155300670998483,-0.0010937416440174729,-0.0014224293037790438,-0.0019278740375257455,-0.002533215867331357,-0.002682284683611973,-0.0020345064946758816,0.005903113447331257,0.08446225522628545,-1.7773255419771485e-5,-0.0003986579548540045,1.3342991952298279e-15,-0.00013332799560897531,2.7825691503337337e-16,7.566408105735071e-17,-9.86139037565091e-16,5.39878244300203e-16,-9.231858885557385e-16,8.874364723269113e-16,-1.255085123245018e-15,2.496244922579085e-15,1.3039283071801764e-15,4.60146528229389e-16,-2.7867116739937318e-15,-1.0537030275092184e-16,-0.0,-0.0,-0.0,-0.0,-0.0,-0.0,-0.0,-0.0,-0.0,-0.0,-0.0,-0.0,-0.0,-0.0
-5.251327465781063e-8,2.3140024372496055e-5,-2.7478241337542676e-16,-8.520908283178417e-16,1.4090924155523917e-15,-9.443862561301955e-5,-4.685760275657096e-6,5.91688411176706e-6,-0.00010887455655149767,-1.514379470599016e-14,4.820096006941073e-6,1.6120429344255403e-6,-6.078967169428751e-16,8.626038321047172e-6,-1.3489753942015308e-6,-7.3379239445272e-6,-2.2605204309351045e-6,-2.4927249340127677e-5,-3.341825915357936e-6,-1.174106975323476e-6,-4.8281205006168245e-6,-1.4037448950277593e-5,-9.609152688907817e-6,-1.513476314217925e-5,-7.373313206209738e-6,-1.800051379177392e-5,2.319809162899184e-6,1.8327552974976204e-16,-1.977922391203024e-17,9.6143805250823e-17,-1.073706531864961e-16,7.180873700962528e-17,2.7766282827164085e-16,1.6012282165976718e-16,-4.1167391383291754e-16,1.1154698073534856e-16,-4.50562125839623e-16,5.191262809514037e-16,-2.1624816635973257e-16,1.5932023562884045e-6,-2.8264751086919914e-7,3.6252753650759998e-6,1.0028784289316545e-7,-5.4844082989993564e-8,4.9092713213755e-7,3.604686614844875e-7,2.1645591461285208e-7,1.7020961293069498e-7,2.429538830468275e-7,2.426594435201082e-8,-1.3409626385931005e-8,-4.493116913020213e-6,-1.4007502003582297e-16,-1.502687364792691e-6,-3.572385789554889e-17,-1.813179145701932e-17,1.4823538164193047e-16,-7.453413086283726e-17,1.4379845897175733e-16,-1.280456376505665e-16,1.9760398642934227e-16,-3.8854268790284396e-16,-1.9526623941877328e-16,-1.7396969654716676e-17,4.0138776624852844e-16,1.0295168920532605e-17,0.0,0.0,0.0,0.0,0.0,0.0,0.0,0.0,0.0,0.0,0.0,0.0,0.0,0.0
-0.0042738398634243994,-2.9358125328484433e-5,-5.076036249241059e-17,3.272747824501617e-18,-8.860839816680745e-18,0.00011092624203433738,-0.0004311429226006241,0.04693525712371567,0.0001427881306656855,5.744034693237939e-14,-1.6775734411477573e-5,-5.610511508904018e-6,-1.0551967033623522e-15,0.014419261180779202,0.0012093439354057376,3.9712910293399626e-6,1.0394984998672093e-5,2.6507360854725497e-5,5.312782345155552e-6,2.8353944480586094e-6,4.0489563843181725e-6,1.563763995732063e-5,8.918571624063312e-6,1.4863782452569072e-5,1.3874304974458816e-5,1.7599323819173673e-5,3.182772479072906e-7,-1.1993813108722432e-17,2.627107690551439e-17,3.297913589060838e-17,-7.778929016746179e-18,1.2853995985403014e-16,-1.794987370290223e-17,-1.67377427818905e-17,8.832854626815048e-18,1.6048909850662633e-17,-9.695321397665118e-17,-1.0747892273672377e-16,7.6250127429351e-17,-0.0024719921216035555,0.0005139540147995007,-0.01049044259866885,-0.0016501967434114579,-0.002053871563039043,-0.0016189425097220367,-0.00386033406021656,-0.00288087119591698,-0.002990882196836936,-0.000364041786725603,0.013065275142134637,-3.299503652356473e-5,0.001740456688902548,-2.7280749464183244e-16,0.0005820819550657178,2.5292308365277307e-17,-1.6547306556027387e-17,-6.1961376554352575e-18,-2.213225832064586e-17,-1.280121122904367e-17,-3.5594924739922836e-17,-1.3849689187329313e-17,-1.6601086979661957e-17,-5.650681157786103e-17,6.249139393400952e-18,-1.2983863576143715e-16,7.839596988319662e-17,0.0,0.0,0.0,0.0,0.0,0.0,0.0,0.0,0.0,0.0,0.0,0.0,0.0,0.0
-0.005385700776504231,-2.320987763383903e-5,2.148627890210821e-15,7.95675579691849e-15,-1.357681634294482e-14,0.00011164541869618802,-0.000575148089559377,0.07080596420832572,0.00011175162995499643,1.0398538373959951e-13,-5.647043943054921e-6,-1.888609125652142e-6,1.2677091559090201e-14,0.009925409030120317,3.717188705459265e-6,3.672386467504732e-5,-6.561736005511629e-6,1.7715086520234125e-5,-7.731869841349451e-6,-8.213691966800809e-7,6.024705562436586e-6,2.2095289451256997e-5,2.4971722293206045e-5,2.7337338259209067e-5,1.993819114745774e-6,2.3988763553102786e-5,-2.3937364564857105e-5,-1.6179796157338002e-15,2.1571639393455368e-16,-7.58664616579241e-16,1.0302661676500342e-15,-4.620359577987313e-16,-2.7791302690161936e-15,-1.3741714602563555e-15,3.880793986934952e-15,-9.653966975550365e-16,4.3130620285188036e-15,-4.9742315710184384e-15,2.2129304612594426e-15,-0.0015030754814396854,0.0015909176794375928,-0.0007799599428092116,-0.0009118182748760104,-0.0012576776140724145,-0.001937083207120271,-0.0021584438658327552,-0.0024882594411254413,-0.0018012029571169961,0.00755667224277214,0.08592357763597665,-1.4079708404574749e-5,-0.000554054235422239,1.7777617208782456e-15,-0.000185299050898556,3.971575085511326e-16,9.563771854725927e-17,-1.419312250569002e-15,7.620154694967389e-16,-1.3328153782727033e-15,1.2467649594987129e-15,-1.80671845323046e-15,3.55754861198759e-15,1.8400244935108415e-15,6.465389027546889e-16,-4.085078680160195e-15,-9.079646039524874e-17,0.0,0.0,0.0,0.0,0.0,0.0,0.0,0.0,0.0,0.0,0.0,0.0,0.0,0.0
-0.0010721076509716354,5.833965017879025e-6,6.298363313213988e-16,2.343570871226754e-15,-3.977747556615665e-15,-1.3413694244160046e-5,-0.00012143486410257433,0.019194442904072746,-3.00053238731403e-5,3.1300798310708397e-14,8.248497928720531e-6,2.7586448024374614e-6,3.828649689166179e-15,-0.001449349859614101,-0.0009917613700307604,9.349437812809469e-6,-7.963857187515152e-6,-4.679633065284393e-6,-4.426839341334351e-6,-1.7210475728165524e-6,5.04497500531971e-7,-1.592659066292241e-8,3.769893559332861e-6,2.2470942427211513e-6,-6.327433308404229e-6,5.496407698044122e-7,-7.198057174971332e-6,-4.733899079337956e-16,5.989761966423906e-17,-2.2354014333930876e-16,3.050673949403768e-16,-1.447135373250323e-16,-8.206573107673415e-16,-4.0096252725996777e-16,1.1409345971386332e-15,-2.842192183047408e-16,1.2791950280255144e-15,-1.4549109101992856e-15,6.476221086099072e-16,0.0010423406833356649,0.001192884973969643,0.00940744699210028,0.0007522763882319067,0.0008145428486982839,-0.00021085382237559855,0.0017806995424716069,0.0005154363914985379,0.001218364070663571,0.007466603418375467,0.007803736121280479,1.8825302044503483e-5,-0.0013226792699795784,5.358311251214905e-16,-0.00044235960613587963,1.1490787259120158e-16,2.957913446307431e-17,-4.17413593846036e-16,2.269647542142012e-16,-3.9247622630082153e-16,3.7105281957355103e-16,-5.284205306122566e-16,1.0475757840139273e-15,5.467863812677034e-16,1.972543184199502e-16,-1.1958708537114015e-15,-3.336349804662328e-17,0.0,0.0,0.0,0.0,0.0,0.0,0.0,0.0,0.0,0.0,0.0,0.0,0.0,0.0
3.347811406626383e-6,2.7353570501004513e-6,2.053147758555792e-16,7.575701182546332e-16,-1.2636324207377296e-15,-4.7105083618458465e-6,-4.158975241396058e-6,0.005064337721168545,-1.614477051774219e-5,1.2479089258767961e-14,7.971438227045533e-6,2.6659843803210713e-6,1.2065014918098024e-15,-0.004276434178299456,-0.00013731556423451918,3.3434177450786787e-6,-5.653061867778326e-6,4.993859859198537e-7,-1.3227977710394842e-6,-1.100717377699394e-6,9.051407348876692e-7,-4.850894021809414e-8,1.4202247680507466e-6,1.3965857755726094e-6,-4.112313912859215e-6,1.6100005613850341e-6,-2.3455289166435025e-6,-1.5299111848565857e-16,1.7887335283374123e-17,-7.329192706308869e-17,9.856816217680323e-17,-5.0223991738630763e-17,-2.6404339941837145e-16,-1.289699377740237e-16,3.6729452141169743e-16,-9.222780667989178e-17,4.139885868986294e-16,-4.660682386304198e-16,2.06543760212868e-16,-0.0003145141955215674,-0.00033984067402289587,-0.0012099763674488844,-0.0001718632556667097,-0.0001963114901406282,-0.00016239695626798803,-0.00047048441545664155,-0.0003225734895605235,-0.0002931883299759538,-0.00046316396159236335,0.001224786978465953,-3.57177378462154e-6,-0.001214176635009237,1.6958567167134392e-16,-0.00040607175921652947,3.651338242116013e-17,9.936244944445889e-18,-1.3409314061338006e-16,7.338069921491458e-17,-1.2633768332004876e-16,1.2019147241877439e-16,-1.7032053715267842e-16,3.3894859309252977e-16,1.7793296637773795e-16,6.246403624509114e-17,-3.821408351752872e-16,-1.260009956080451e-17,0.0,0.0,0.0,0.0,0.0,0.0,0.0,0.0,0.0,0.0,0.0,0.0,0.0,0.0
0.016536355664742534,0.00037709756939852254,6.854144621562604e-15,2.5118277823692187e-14,-4.190543774813468e-14,-0.001236299684121129,-0.061241346252142864,0.042117557450876704,-0.0019298746320356899,2.4887557827929843e-13,0.000430879995252235,0.00014410440180012804,4.409112049165687e-14,-0.22779307081210184,-0.018421961115043347,7.286621621474564e-5,-0.0002907475427864491,-0.00024041309933614928,-9.571667190797638e-5,-6.445306187972324e-5,-8.93741271895543e-6,-0.00015381697505671647,-3.9272541537716016e-5,-9.783959677592933e-5,-0.00027285244394492154,-0.00011698403143127763,-8.127583277201162e-5,-5.009169701109106e-15,4.704741704648768e-16,-2.5213758399928824e-15,3.331301771103897e-15,-2.133619795149787e-15,-8.786603852725297e-15,-4.1955660925550175e-15,1.2185233392645885e-14,-3.105960913189773e-15,1.4191945126273793e-14,-1.5085308983855972e-14,6.623833501729925e-15,0.03734004331347313,0.002456768646298898,0.14020443772323637,0.021781067237242012,0.028925585314349547,0.02477648084530553,0.05853945579733976,0.04533418888087258,0.042591893259273844,0.02427917639451793,-0.4094642193524055,0.00048768890557454494,-0.05769769464699793,6.600003587236034e-15,-0.01929653700497282,1.1166011255597834e-15,3.9609184954596017e-16,-4.445633517584979e-15,2.545688335301403e-15,-4.179907207768515e-15,4.161756839320284e-15,-5.568999772974399e-15,1.1317527303935691e-14,6.14755525366007e-15,2.1988917880954667e-15,-1.2285814687725316e-14,-7.246337917475542e-16,-0.0,-0.0,-0.0,-0.0,-0.0,-0.0,-0.0,-0.0,-0.0,-0.0,-0.0,-0.0,-0.0,-0.0
0.022493117168875004,0.000506554232001614,2.2218638303023894e-14,8.006618000915171e-14,-1.3564903185839417e-13,-0.0015616816468696844,-0.059862461389874354,0.05356159441461869,-0.002565922296779159,3.8260155944458116e-13,0.0005545325403734798,0.00018545901615205107,1.4240130379739277e-13,-0.30196019720610295,-0.03037330627051525,0.00028714865567144014,-0.00043701146043917025,-0.00038139207747937094,-0.0002017510142513474,-9.783838812550135e-5,-7.804551792312519e-6,-0.00015577295475750904,4.494646295868433e-5,-5.635744118434762e-5,-0.0003950282805830402,-0.00012615990010686473,-0.0002498117556607318,-1.6068974192469653e-14,1.6967744629341685e-15,-8.098450923376685e-15,1.0527963940259787e-14,-6.626948060452487e-15,-2.780638021787227e-14,-1.3522719403717048e-14,3.8912363429645486e-14,-9.939924487306678e-15,4.497436612902411e-14,-4.837162537616983e-14,2.1143209458750092e-14,0.051461134805840976,0.008175152068958639,0.2390323804996885,0.03188950918272122,0.04063098513580191,0.027449623819875306,0.08189051149585637,0.05668303617772815,0.05983859077018649,0.0797006449546262,0.0570372791105035,0.0007176147338787687,-0.07825859528841807,2.1655628149250584e-14,-0.026172967380802274,3.605260829008967e-15,1.2236678202924945e-15,-1.4190499359407334e-14,8.034529494027402e-15,-1.3258929201398857e-14,1.3135931593943068e-14,-1.7915592067181593e-14,3.6068493137268106e-14,1.9433212664246058e-14,6.598555793372538e-15,-3.9199439192602075e-14,-2.144222639201578e-15,0.0,0.0,0.0,0.0,0.0,0.0,0.0,0.0,0.0,0.0,0.0,0.0,0.0,0.0
-0.014783458832388893,-6.426712788617895e-5,-8.535192740231979e-16,-3.1287157018400008e-15,3.747598918141726e-15,5.21364125741921e-5,-0.04438910395941504,-0.022744096110206693,0.0004611832838259819,-2.9516451515898824e-13,-0.00034811522923061027,-0.00011642438131798123,-2.1382892023828305e-15,0.22217497580972562,-0.001986608370675824,-3.216886045424369e-5,0.00020625592591395824,-0.00011860226540692692,-5.340632224339507e-7,3.696868877029551e-5,-4.7224382993612275e-5,4.3246456749517715e-6,-1.6843134918101754e-5,-4.386578984574132e-5,0.0001404366517309269,-8.962512520249525e-5,1.0632640699558146e-5,6.221088559013324e-16,-2.421592958670294e-17,2.9349657151531696e-16,-3.877352230977483e-16,2.0038723829084035e-16,1.0402834720918422e-15,4.939502242280373e-16,-1.401051408806205e-15,3.63680664561117e-16,-1.5583492680836367e-15,1.7972896210612157e-15,-7.975825332072128e-16,0.04267430737318459,0.03558888120526676,0.18582494234618438,0.023827881763520874,0.028951462371155146,0.020226595710747832,0.0661062377779029,0.04404422008032076,0.04319226600563983,0.08870597762960794,0.03728807784042727,0.0005425735620085888,0.05167334205821259,-4.443502293837713e-17,0.01728173999491707,-1.4971150581450864e-16,-3.726774489952783e-17,5.015426071402572e-16,-2.674397200383697e-16,4.997403407797774e-16,-4.500160057495175e-16,6.713900533838175e-16,-1.3571692393717605e-15,-7.029357856394953e-16,-2.156152351980059e-16,1.49891588520593e-15,4.082806815864428e-17,0.0,0.0,0.0,0.0,0.0,0.0,0.0,0.0,0.0,0.0,0.0,0.0,0.0,0.0
2.6886263528773835e-8,2.3244563700419506e-5,-2.669354796359258e-16,-8.231162172187466e-16,1.3607760509044741e-15,-9.461684925564055e-5,-4.8456559446086045e-6,0.00020199000631073303,-0.0001094929947709487,-1.4658370652067323e-14,5.127717734356209e-6,1.714924584764266e-6,-5.589014263559885e-16,-9.633735192755261e-5,-6.661387566612633e-5,-7.209786700094349e-6,-2.4783099234641835e-6,-2.4906471543312276e-5,-3.3922531138837414e-6,-1.216465405658094e-6,-4.7929945746563494e-6,-1.4039025340155915e-5,-9.55454306014811e-6,-1.5080671646991653e-5,-7.531521414341668e-6,-1.7937766423411797e-5,2.2300953205049125e-6,1.774242384544495e-16,-1.909383264264014e-17,9.334408212870443e-17,-1.0360083514843831e-16,6.989698752084819e-17,2.675616345715275e-16,1.5518926905265795e-16,-3.976267466900575e-16,1.0802113606126113e-16,-4.3473588728401234e-16,5.012941318256232e-16,-2.083421049922777e-16,-1.0548959972759889e-5,-1.3377851664099764e-5,-4.3024913672262536e-5,-6.534355510080658e-6,-7.6360488566124e-6,-5.791436036251039e-6,-1.7802188957784763e-5,-1.2246048131586027e-5,-1.1151858530454664e-5,-1.752654352504533e-5,4.802848808534838e-5,-1.5126240426963658e-7,-5.135235445528738e-5,-1.3361562899444417e-16,-1.717438823243283e-5,-3.432638020095415e-17,-1.7752728121767936e-17,1.431064581176494e-16,-7.172905500735341e-17,1.3896500277668538e-16,-1.2345144893010476e-16,1.910900168188769e-16,-3.7558103790889544e-16,-1.8846492131523208e-16,-1.5006783540228674e-17,3.867619076298945e-16,9.819434626689944e-18,0.0,0.0,0.0,0.0,0.0,0.0,0.0,0.0,0.0,0.0,0.0,0.0,0.0,0.0
3.1129139640573493e-6,2.5765866200085608e-5,-7.74946599708462e-17,-1.2415098897463448e-16,1.9486881888010445e-16,-9.895708518252136e-5,-8.681310948046612e-6,0.004870294276689786,-0.0001243741390962827,-3.1558824254395473e-15,1.2475341139923906e-5,4.172279038724413e-6,5.787412213152762e-16,-0.004158033074874801,-7.34917257972561e-5,-4.1252045246404075e-6,-7.689871099992488e-6,-2.4446821996162908e-5,-4.612588344423472e-6,-2.231243948301619e-6,-3.958562250942161e-6,-1.4082965281175528e-5,-8.24399355556699e-6,-1.3792198451933056e-5,-1.132256353280337e-5,-1.645316379791709e-5,6.605513648649437e-8,3.6267480423623834e-17,-2.591175264679762e-18,2.5717163849479068e-17,-1.2658285226200798e-17,2.354705890485945e-17,2.3948322457414428e-17,3.619644548071144e-17,-5.874453817098932e-17,2.2925604237975696e-17,-5.276491615365912e-17,7.128678215745968e-17,-1.7784102068546028e-17,-0.0003004686817055053,-0.0003266426355433687,-0.001158381064330746,-0.0001649578422664808,-0.0001885959855771504,-0.00015548895972411532,-0.00045149478276975563,-0.00030959434954657664,-0.0002814129006172904,-0.0004444711373427829,0.0011770371847449155,-3.4437127440033392e-6,-0.0011705773314012434,2.2886749101797754e-17,-0.00039149031743333703,-6.388294676995958e-19,-8.584148087614385e-18,1.9386710715365582e-17,-4.023649914659953e-18,2.2402512386163795e-17,-1.2555075157657493e-17,3.3943652557102305e-17,-6.285026306716895e-17,-2.429221091348075e-17,4.2620598805345655e-17,3.419524692447253e-17,-1.8123949579795534e-18,0.0,0.0,0.0,0.0,0.0,0.0,0.0,0.0,0.0,0.0,0.0,0.0,0.0,0.0
0.01859882587646561,-0.009972364725260249,-5.63887170916585e-13,-2.015386478569293e-12,3.4674667822841304e-12,0.036058294261552604,-0.05776622632878161,0.053856766562920086,0.04515056387915562,1.0408960591791821e-12,-6.318485123602015e-5,-2.113167206971063e-5,-3.700188097197964e-12,-0.31706293196784124,-0.022227264346764582,-0.006476398922792444,0.0029180138164836456,0.014188211521686651,0.005240847018587796,0.0010147616082191446,0.0020108255999200836,0.003481529924910374,-0.0007893657065755417,0.0028189673593002605,0.004373448316269117,0.006470141080619765,0.006226858171711857,4.0381133354215825e-13,-4.533455457432719e-14,2.0434921812381346e-13,-2.6624722686893787e-13,1.687914327510979e-13,7.001209513764129e-13,3.4250235094172574e-13,-9.820718699199813e-13,2.510110040204544e-13,-1.1356427375440924e-12,1.2198926158728005e-12,-5.324131609177497e-13,0.0495396359955399,0.0025803400469081124,0.2005725245450181,0.011385302888029863,0.036981178696823894,0.025880469734635706,0.05646856523465306,0.04381311233597845,0.05450234606412895,0.022312254668390066,0.06216553004891989,-0.4898073800864578,-0.07470093076227281,-5.620791875275865e-13,-0.02498313465444027,-8.890469454234771e-14,-3.339539332336931e-14,3.586305136672482e-13,-2.0308970347677726e-13,3.360120375069894e-13,-3.321385646309662e-13,4.495740228184829e-13,-9.081809390135675e-13,-4.88757354944032e-13,-1.6283429509925242e-13,9.85201233361096e-13,5.503507184161426e-14,-0.0,-0.0,-0.0,-0.0,-0.0,-0.0,-0.0,-0.0,-0.0,-0.0,-0.0,-0.0,-0.0,-0.0
0.008422404696017485,4.623574866514716e-5,7.52572285800116e-15,2.689496250315074e-14,-4.5475325861552685e-14,-1.6307712611968967e-5,-0.0683995231848345,0.02701835151563337,-0.00029158263105850496,1.791422751004246e-13,0.0001833408996648462,6.131691180697952e-5,4.531503933076077e-14,-0.1319322998379544,0.007495013896916972,0.0001195469493151204,-0.00014207360260718488,2.2838723274801163e-5,-4.173244205425553e-5,-2.7439005776149882e-5,2.655964587011336e-5,1.9557430969443732e-5,5.924306405262729e-5,5.94396257526331e-5,-9.759562654125325e-5,5.928405193832357e-5,-8.284850002067252e-5,-5.4487887747865975e-15,5.727740548599213e-16,-2.75133470897107e-15,3.5254473706296374e-15,-2.210639793157032e-15,-9.309579945763033e-15,-4.589982804591913e-15,1.3095515365889361e-14,-3.3568812902359873e-15,1.505413428714837e-14,-1.6309706298527397e-14,7.102079309073784e-15,0.015863773687257724,-0.023927213682231815,-0.012712406973931,-0.0665594114607483,0.009411712406506238,0.0109022031999197,-0.06039494137792892,-0.021478000621060932,0.013801974588356405,-0.20625513214368693,0.059259668173300736,0.0005618863526414062,-0.029316708917984366,7.046399512269939e-15,-0.009804741107283046,1.2212069492692517e-15,4.0289408276703857e-16,-4.7660953859448936e-15,2.6770300435664627e-15,-4.454685789836022e-15,4.3795779298231575e-15,-6.067720182780489e-15,1.2159706046671194e-14,6.520233621839425e-15,2.106691772912749e-15,-1.3184350887914966e-14,-6.833417189698359e-16,0.0,0.0,0.0,0.0,0.0,0.0,0.0,0.0,0.0,0.0,0.0,0.0,0.0,0.0
0.018598826003318844,-0.00997236713671438,-5.638857170843983e-13,-2.015381335709653e-12,3.467457962520209e-12,0.03605831450847493,-0.057766241401773596,0.05385674839713846,0.045150578444508385,1.0408893352420036e-12,-6.318869654457502e-5,-2.113295810270143e-5,-3.7001831163264804e-12,-0.31706273505199506,-0.022227263160931775,-0.006476377546952975,0.0029180093804991886,0.014188207335227342,0.0052408393377043,0.0010147605679163131,0.00201082643998413,0.003481536878932235,-0.0007893541017578466,0.0028189769724877977,0.0043734462114644514,0.006470146059021024,0.006226842572931195,4.038102945881171e-13,-4.53344384453363e-14,2.0434868848379536e-13,-2.662465543238097e-13,1.687910020904483e-13,7.001191784368348e-13,3.4250147589290744e-13,-9.820693643362118e-13,2.510103608959845e-13,-1.1356398492093915e-12,1.2198895044484746e-12,-5.324118121252384e-13,0.0495396316057704,0.0025803428492326107,0.20057252483844779,0.011385303377530336,0.03698117865369822,0.025880469630143,0.05646856472515366,0.04381311184612501,0.05450234573092568,0.022312254204694626,0.062165530521703885,-0.4898073799998359,-0.07470090617564135,-5.620777358422354e-13,-0.024983126431636107,-8.890446104109722e-14,-3.33953149689308e-14,3.586296019108884e-13,-2.0308918902257168e-13,3.3601119110527077e-13,-3.3213772269201244e-13,4.4957286345974535e-13,-9.08178617458298e-13,-4.887561077929162e-13,-1.6283389185321627e-13,9.851987298802666e-13,5.50349314429004e-14,0.0,0.0,0.0,0.0,0.0,0.0,0.0,0.0,0.0,0.0,0.0,0.0,0.0,0.0
6.358688374062345e-8,-1.6494350965653497e-5,4.3963338863084856e-17,1.519390154933867e-16,-2.2989463032408085e-16,6.63758675047184e-5,4.775525406374083e-6,-1.2545035210218907e-6,7.72353876875898e-5,1.8366716407888804e-14,-3.120719872921223e-6,-1.043700045249197e-6,-9.194099813592674e-16,1.4658648672622714e-5,9.031847167754779e-7,3.373989285983718e-6,2.0198765400755214e-6,1.8398641818717834e-5,3.111274403042633e-6,9.478298045722482e-7,3.4230949673998008e-6,9.482295307490379e-6,5.917399963768195e-6,1.0037058232056657e-5,5.502819253719107e-6,1.255491826519662e-5,-2.60210724280409e-7,-3.719664483678396e-17,-5.6569160525959005e-18,-2.239624889295295e-17,1.481344926172396e-17,-2.784308982534303e-17,-3.8626022571446454e-17,-3.101258558506873e-17,7.39270765620072e-17,-1.6259434241275653e-17,8.91566041590016e-17,-6.629597670938691e-17,3.320910226279793e-17,-8.654828361279083e-7,-1.8106971565877185e-7,-3.1205071328564562e-6,-1.780613042335471e-7,-2.5927481896173675e-8,-3.948941062574238e-7,-3.8105859729402964e-7,-2.1959842758022045e-7,-1.956151114279615e-7,-3.6771880743308506e-7,-1.42403609550231e-7,5.68200196214942e-10,6.552136157228227e-7,7.481253476009469e-17,2.1913100427329861e-7,8.089123693813598e-18,-1.3658219154826293e-17,-2.240886876825534e-17,1.853791738848966e-17,-1.0388788399911735e-17,2.149738943290027e-17,-3.999063576420318e-17,6.336688245984301e-17,4.7536578901495003e-17,1.9803384067646825e-17,-5.881144297161006e-17,-1.750100464001741e-19,0.0,0.0,0.0,0.0,0.0,0.0,0.0,0.0,0.0,0.0,0.0,0.0,0.0,0.0
-4.879941716485655e-5,5.085806482061747e-7,9.891101606391144e-16,3.5307454566124203e-15,-6.040266309997595e-15,5.2117386665931415e-6,-1.7883592149345987e-5,0.0006164958164213667,-1.376622243089387e-7,1.6877728355314736e-14,-2.238161400681899e-6,-7.485353558182791e-7,5.274928393233292e-15,0.00020773726576071855,5.922004913332015e-6,1.4249755334442708e-5,-3.3271252481025486e-6,-5.2905493742182035e-6,-5.69337011028911e-6,-8.397787377981001e-7,1.2235665996115322e-7,3.546236841924976e-6,7.213591014871791e-6,5.307477487643949e-6,-2.1760809021194594e-6,1.784926513235951e-6,-1.0704540868685986e-5,-7.143111128464192e-16,7.022970466391703e-17,-3.6502889473250376e-16,4.61158898208011e-16,-3.1051370048232786e-16,-1.212367842305691e-15,-6.050974631880724e-16,1.7203976655611015e-15,-4.370158695057858e-16,1.9929290947190992e-15,-2.111345310089294e-15,9.256638293724363e-16,-3.0881098651163225e-5,1.3030094796778282e-5,-0.00010319853047520618,1.0175731659958919e-5,-2.1723790940737657e-5,-1.6124422438969317e-5,-1.1037994513153919e-5,-1.5330074889396144e-5,-3.166376065493493e-5,6.190181083708895e-5,-5.000519657013742e-5,0.000801219023547233,1.5215748196272388e-5,1.0156764035265325e-15,5.08878647019301e-6,1.5739271824719227e-16,4.2254393741437766e-17,-6.235468758393369e-16,3.5897196332423e-16,-5.736121574495391e-16,5.783161606023041e-16,-7.936889723516613e-16,1.5859770198448044e-15,8.66899031955113e-16,2.9326013811521175e-16,-1.7104412660675016e-15,-9.255075089984193e-17,-0.0,-0.0,-0.0,-0.0,-0.0,-0.0,-0.0,-0.0,-0.0,-0.0,-0.0,-0.0,-0.0,-0.0
1.2717376766110588e-7,-3.298870192588806e-5,8.792667772657828e-17,3.0387803098818626e-16,-4.597892606496862e-16,0.00013275173499039043,9.551050813078038e-6,-2.5090070417380677e-6,0.00015447077534588274,3.6733432815147656e-14,-6.241439746104697e-6,-2.087400090586865e-6,-1.8801628953980297e-15,2.931729734676035e-5,1.8063694337991603e-6,6.747978572165458e-6,4.039753080025932e-6,3.679728363962018e-5,6.222548806540731e-6,1.8956596097817625e-6,6.846189982112396e-6,1.8964590615165895e-5,1.1834799926984229e-5,2.007411646245497e-5,1.1005638500059122e-5,2.5109836529804085e-5,-5.204214498335292e-7,-7.439328967375153e-17,-1.1313832105432173e-17,-4.479249778579911e-17,2.962689852346689e-17,-5.568617965045447e-17,-7.725204514302417e-17,-6.202517117057787e-17,1.478541531245483e-16,-3.251886848242864e-17,1.783132083189999e-16,-1.3259195341988224e-16,6.641820452580605e-17,-1.7309656723251806e-6,-3.6213943169472566e-7,-6.2410142667796785e-6,-3.5612260857444454e-7,-5.185496427316543e-8,-7.897882176084608e-7,-7.621171946939828e-7,-4.3919685541144534e-7,-3.912302235613072e-7,-7.354376152364169e-7,-2.8480721922116516e-7,1.1364005802962275e-9,1.3104272314805936e-6,1.4962506951910758e-16,4.382620085576394e-7,1.617824738792718e-17,-2.7316438309757966e-17,-4.4817737536403146e-17,3.7075834777095864e-17,-2.0777576799960664e-17,4.2994778866234124e-17,-7.998127152826497e-17,1.2673376492027417e-16,9.507315780303818e-17,3.960676813482809e-17,-1.176228859442008e-16,-3.500200930571865e-19,0.0,0.0,0.0,0.0,0.0,0.0,0.0,0.0,0.0,0.0,0.0,0.0,0.0,0.0
-1.0400535164662981e-7,2.3137946297580327e-5,-2.748519316441005e-16,-8.523431477147977e-16,1.4095081391608814e-15,-9.443319930346065e-5,-4.684357783557405e-6,3.973032994844854e-6,-0.00010886305240717042,-1.5146888427091732e-14,4.815835658240737e-6,1.6106180945344347e-6,-6.251824399382299e-16,1.1037095464634756e-5,-1.3950246716072381e-6,-7.338965009129382e-6,-2.257683333363816e-6,-2.492690294884325e-5,-3.341224980439679e-6,-1.1735376016423402e-6,-4.828428286488311e-6,-1.4036891052241011e-5,-9.609360777478793e-6,-1.5134851964193515e-5,-7.371067612665076e-6,-1.8000728633843257e-5,2.3206054779643594e-6,1.8332639403882049e-16,-1.97844382923769e-17,9.616907357786933e-17,-1.074036908438778e-16,7.182792591134772e-17,2.777502579424564e-16,1.601652415172602e-16,-4.11796056770505e-16,1.1157796641900115e-16,-4.5070191378597e-16,5.192787632436748e-16,-2.1631484074329815e-16,1.7482324630088995e-6,-8.98581052622517e-8,4.28528389708869e-6,1.8554135442459265e-7,3.9727856906428456e-8,5.582893143346826e-7,5.937243568893782e-7,3.6654433556530714e-7,3.1178554461959703e-7,5.831434725253589e-7,1.393583888784856e-7,-1.1599356694831479e-8,-3.876160489110468e-6,-1.401345337012995e-16,-1.2963511751430446e-6,-3.573580233641647e-17,-1.813553909356747e-17,1.4827968832559443e-16,-7.455897233527985e-17,1.4384019184491213e-16,-1.2808647960718727e-16,1.9766018363735489e-16,-3.886559927738356e-16,-1.9532661407133192e-16,-1.7418211544229793e-17,4.0151166852294023e-16,1.0301438844931425e-17,-0.0,-0.0,-0.0,-0.0,-0.0,-0.0,-0.0,-0.0,-0.0,-0.0,-0.0,-0.0,-0.0,-0.0
-4.873583048807047e-5,-1.5985766375717536e-5,1.0330711258350107e-15,3.682676075375172e-15,-6.270146540320168e-15,7.158757309856415e-5,-1.3108042133153734e-5,0.0006152413425599522,7.709770165742411e-5,3.524445574035428e-14,-5.35887499587019e-6,-1.7922333015147984e-6,4.367050699457047e-15,0.0002223955929301871,6.825187694025023e-6,1.76237097203296e-5,-1.3072414653185559e-6,1.3108099281218338e-5,-2.5820831666925747e-6,1.0805276635562491e-7,3.545450303568712e-6,1.3028520797006916e-5,1.3130972031383899e-5,1.5344520028544024e-5,3.3267417860003274e-6,1.4339836649131202e-5,-1.09647261265343e-5,-7.515060613860979e-16,6.457259900764771e-17,-3.8742427888363635e-16,4.759712494073015e-16,-3.38356087169031e-16,-1.25099097020396e-15,-6.361086200839357e-16,1.794320651264271e-15,-4.532742537194664e-16,2.082080983103368e-15,-2.1776362067862804e-15,9.588707294658096e-16,-3.1746574317951124e-5,1.2849020505431639e-5,-0.00010631903808776284,9.997669556441877e-6,-2.1749718352745907e-5,-1.6519316379800402e-5,-1.1419052278793974e-5,-1.554967251751368e-5,-3.1859375223223614e-5,6.15340927868808e-5,-5.0147600951916566e-5,0.0008012195916060292,1.5870921669539726e-5,1.0904865681231255e-15,5.307904049120264e-6,1.6548146070447869e-16,2.859604665742887e-17,-6.459542559855165e-16,3.775090407649374e-16,-5.839995639319535e-16,5.998121754043375e-16,-8.336777152340681e-16,1.6493401119086522e-15,9.144335746366482e-16,3.1306286380376366e-16,-1.7692486216141737e-15,-9.272553171792697e-17,-0.0,-0.0,-0.0,-0.0,-0.0,-0.0,-0.0,-0.0,-0.0,-0.0,-0.0,-0.0,-0.0,-0.0
-1.0400535165510203e-7,2.3137946299730767e-5,-2.7485193164310015e-16,-8.523431477113417e-16,1.40950813915491e-15,-9.443319931179135e-5,-4.684357782350846e-6,3.973032994778303e-6,-0.00010886305241822378,-1.5146888426441575e-14,4.815835658542377e-6,1.6106180946275778e-6,-6.010794730735041e-16,1.103709546760688e-5,-1.39502467161193e-6,-7.338965008472761e-6,-2.2576833356042193e-6,-2.4926902945329636e-5,-3.341224981635112e-6,-1.1735376146063095e-6,-4.828428285793525e-6,-1.4036891050000472e-5,-9.609360777068585e-6,-1.5134851967037693e-5,-7.371067611805482e-6,-1.8000728632170387e-5,2.320605479683476e-6,1.833263940381393e-16,-1.9784438292300943e-17,9.616907357752883e-17,-1.074036908433984e-16,7.182792591106195e-17,2.777502579412534e-16,1.6016524151665714e-16,-4.1179605676881126e-16,1.115779664185744e-16,-4.507019137840125e-16,5.192787632416005e-16,-2.1631484074236764e-16,1.7482324625918207e-6,-8.985810529464624e-8,4.285283895460644e-6,1.8554135442056276e-7,3.972785678212249e-8,5.582893142251134e-7,5.937243571240026e-7,3.6654433534490493e-7,3.117855440802311e-7,5.831434723568682e-7,1.3935838874474644e-7,-1.1599355844230052e-8,-3.8761604890619685e-6,-1.4013453370035037e-16,-1.2963511751263756e-6,-3.5735802336279204e-17,-1.8135539093498486e-17,1.4827968832496995e-16,-7.455897233491478e-17,1.4384019184432315e-16,-1.2808647960660983e-16,1.9766018363661316e-16,-3.8865599277227014e-16,-1.953266140704865e-16,-1.741821154395462e-17,4.015116685212314e-16,1.0301438844842975e-17,-0.0,-0.0,-0.0,-0.0,-0.0,-0.0,-0.0,-0.0,-0.0,-0.0,-0.0,-0.0,-0.0,-0.0
-6.064225893233419e-5,-6.163604630202588e-5,2.013851949744014e-17,5.396240538341682e-17,1.8351798326707806e-17,0.0002468429703128827,0.00014164977951459473,0.0004923546634160371,0.0002883976564559884,6.534917986478773e-14,-1.1552734518151436e-5,-3.863720561138811e-6,-4.200154680519966e-15,0.00015894586147157243,2.77969079674032e-6,1.0502068875266324e-5,8.155088987677154e-6,6.930511442210948e-5,1.2426806701228447e-5,3.681680655269865e-6,1.2717260540016486e-5,3.4856195144894994e-5,2.101552536546676e-5,3.663778613243449e-5,2.0934072242233307e-5,4.6506711477229994e-5,5.842882569497996e-7,-3.491103469693434e-17,-3.122301078893224e-17,-3.048577509580852e-17,-1.1569516880142276e-17,-5.861752196943435e-17,3.177755669273875e-17,-2.7560461041404467e-17,2.6010602998748484e-17,2.8414686441775884e-18,4.322691561876665e-17,5.921364266993881e-17,-1.0678219092778788e-17,-6.454195944974932e-6,1.600978770312006e-5,6.2776856693757324e-6,7.962052406264367e-7,-2.15082634542048e-5,-1.3661560895510385e-5,8.0219230905186e-6,-5.592729622044905e-6,-2.731991323370037e-5,0.0001347221772762608,-4.221830046328989e-5,-0.00011221505953669538,3.544925199718611e-5,1.2983570296548374e-16,1.1855721569900868e-5,7.38740818285806e-18,-5.669606943557973e-17,7.000460954707887e-18,1.700328527234805e-17,4.4304623509730803e-17,-3.589848127617406e-18,-3.3584076178600324e-17,6.1675504108193275e-18,5.126373019269358e-17,3.155900744825374e-17,2.916268244485109e-17,1.24646163015201e-17,0.0,0.0,0.0,0.0,0.0,0.0,0.0,0.0,0.0,0.0,0.0,0.0,0.0,0.0
-7.15379197038833e-5,-6.48806454534288e-5,1.2161891067040379e-15,4.3230876526532266e-15,-7.277709020918757e-15,0.00026871945723533694,0.00017947833126611855,0.0007002182324303757,0.0003061859816837191,9.009637351512827e-14,-1.4768521767608362e-5,-4.939215139565337e-6,1.9183249732408136e-15,0.00018086604015737389,-1.9778284598164093e-5,2.8395726828450604e-5,4.5237892887290225e-6,6.737436733780406e-5,6.337569415818812e-6,2.877312316180398e-6,1.369925193935107e-5,4.134075179090016e-5,3.106737163529325e-5,4.539217911850255e-5,1.9542402028416874e-5,5.1660277992203926e-5,-1.2312700893426224e-5,-8.999330697644775e-16,5.1681462606287024e-17,-4.732482789644435e-16,5.448656976083178e-16,-4.3747650834085137e-16,-1.4311629198586673e-15,-7.601935568898232e-16,2.10595451084218e-15,-5.249921544152916e-16,2.453582840720212e-15,-2.488127290900664e-15,1.1071915909749197e-15,7.103668961041179e-6,3.560745152286224e-5,0.00014325504646099237,5.0069292573240596e-5,-1.3024208164076064e-5,-9.393389874188641e-6,8.198896089161843e-5,3.163954448162367e-5,-1.3172284093532514e-5,0.00032302385532922414,-5.5771275508957796e-5,0.0008329694460557784,2.374242892541595e-5,1.3645559051115209e-15,7.940467307235573e-6,1.9787060674038613e-16,-9.08503651514955e-18,-7.459461399274545e-16,4.517192454612107e-16,-6.460658463933123e-16,6.948668804099436e-16,-9.945966843478375e-16,1.922695762009036e-15,1.1017882829387652e-15,3.875854818123353e-16,-2.035826076551225e-15,-9.84689666754943e-17,0.0,0.0,0.0,0.0,0.0,0.0,0.0,0.0,0.0,0.0,0.0,0.0,0.0,0.0
-1.0795021284406133e-5,-1.8022981805152926e-5,1.3432683309606135e-17,4.299357491971823e-17,-4.038953368514599e-17,7.233089154194728e-5,4.24886275974502e-5,0.0001598048805397356,8.426900915704955e-5,1.9451212531724737e-14,-3.2331935274472823e-6,-1.081315968151677e-6,-1.1941275870550337e-15,-4.0933433622087966e-5,-1.6882124697500656e-5,3.1959618530992722e-6,2.26561292406717e-6,2.0323180798810952e-5,3.599569280422331e-6,1.0547397717008554e-6,3.749480389622413e-6,1.0235498906328735e-5,6.217647953880435e-6,1.079348933978512e-5,6.049578354169761e-6,1.368134093775678e-5,8.821826495601689e-8,-1.5735286043809915e-17,-8.669609378423518e-18,-1.1743184666560316e-17,1.3257489961170343e-19,-1.9591170947512897e-17,9.114161050266401e-21,-1.2701749341334217e-17,2.0820975999038317e-17,-2.5056865314442057e-18,2.7993211266591385e-17,1.22596800694753e-18,3.9762118189390195e-18,1.591066692933608e-5,1.8844473093199816e-5,0.00012146772221148432,4.384389671558506e-5,9.031640270436803e-6,4.4218407522089175e-6,6.724121865321542e-5,3.457909951815802e-5,1.461568206435395e-5,0.00016587764934550568,-1.0510818516678074e-5,-3.311217108895593e-5,-1.4394044468621364e-5,4.583429174337436e-17,-4.813974170738478e-6,3.39960744715893e-18,-1.636610310908239e-17,-2.717322799144299e-18,7.753115333642144e-18,8.639955249091509e-18,3.3834939948987308e-18,-1.596685847535925e-17,1.3979068253335793e-17,2.17342594703003e-17,1.1613873786080242e-17,-4.592400862728649e-18,2.9520548727492533e-18,-0.0,-0.0,-0.0,-0.0,-0.0,-0.0,-0.0,-0.0,-0.0,-0.0,-0.0,-0.0,-0.0,-0.0
1.0628806650328275e-6,-6.4884119462170585e-6,6.2198420549441845e-18,2.043679905343985e-17,-2.2500889699440555e-17,2.611674119624054e-5,1.5823010650820338e-5,6.753590946407422e-5,3.0286023141505244e-5,7.128222106380629e-15,-1.0535442435545307e-6,-3.5234952812075766e-7,-4.2393647618367793e-16,-8.960200811049405e-5,-5.050747683459387e-6,1.1809900512665503e-6,7.455242785589668e-7,7.375446421485174e-6,1.2942051772025104e-6,3.67674108304369e-7,1.3704380032441549e-6,3.6998769904073497e-6,2.259626131725589e-6,3.919556417287025e-6,2.1357877398822492e-6,4.974236119116072e-6,1.6518962763374698e-8,-6.675535576994735e-18,-3.0382909008563605e-18,-4.737725247770657e-18,6.851602664064757e-19,-7.466983988856177e-18,-1.6835599560321689e-18,-5.415978158514397e-18,9.87971208574633e-18,-1.5107055833514348e-18,1.2810498527737719e-17,-2.506116619099558e-18,2.724393300038815e-18,-2.3902281858025693e-6,-5.70172408760697e-6,-4.151681045395594e-6,-3.194496659974141e-7,-2.466436415035763e-6,-1.7388649609625167e-6,-1.40051996360419e-6,-1.7364655305951028e-6,-3.3040751388229667e-6,6.166827715474771e-6,-3.916739887641737e-6,-1.2010894592780647e-5,-2.25287649885672e-5,1.7651291348439524e-17,-7.534567021063996e-6,1.4527780680620401e-18,-5.841711945649045e-18,-1.837626083531768e-18,3.2782600936547996e-18,2.3137905509145076e-18,2.0061793029998444e-18,-6.866393749230277e-18,7.253360154885112e-18,9.027314664226584e-18,4.572600084285993e-18,-4.054475087455103e-18,9.515529359198199e-19,0.0,0.0,0.0,0.0,0.0,0.0,0.0,0.0,0.0,0.0,0.0,0.0,0.0,0.0
0.016738943404094007,-0.00897513036410534,-5.074971291857458e-13,-1.8138431443283164e-12,3.1207120672697047e-12,0.03245248294015891,-0.05198961745778476,0.048471073357561234,0.040635520361197844,9.368006260977155e-13,-5.686985444185094e-5,-1.9019671506890016e-5,-3.3301644418556186e-12,-0.28535645962223677,-0.02000453683610329,-0.005828739567406399,0.0026262083814422065,0.012769386457902602,0.0047167553004170415,0.0009132844943757762,0.0018097437874868975,0.0031333832204988336,-0.0007104185906623481,0.0025370793320447517,0.003936101537597296,0.005823131444038642,0.005604158139751347,3.6342925345563745e-13,-4.080099342303202e-14,1.8391381368129285e-13,-2.3962189132519145e-13,1.519118968411439e-13,6.301072406985272e-13,3.0825131841182755e-13,-8.838623997357883e-13,2.259093176421767e-13,-1.0220758316694567e-12,1.0979005193534609e-12,-4.79170615732657e-13,0.044585668399915554,0.002322308597077651,0.1805152723742598,0.010246773046270084,0.033283060787974265,0.023292422668023494,0.05082170824884436,0.03943180065709633,0.04905211115507103,0.020081028780883404,0.05594897747565265,-0.4408266419988714,-0.06723081528248452,-5.058699457203993e-13,-0.022484813696302692,-8.001401236662434e-14,-3.005578273108686e-14,3.227666314952448e-13,-1.8278026425284093e-13,3.0241006255663093e-13,-2.9892394094405044e-13,4.0461556413538374e-13,-8.173607297292581e-13,-4.3988048285170406e-13,-1.465504978948649e-13,8.866788288355727e-13,4.953143677386548e-14,-0.0,-0.0,-0.0,-0.0,-0.0,-0.0,-0.0,-0.0,-0.0,-0.0,-0.0,-0.0,-0.0,-0.0
0.022493137216061474,0.0005042192542492144,2.2357312124012894e-14,8.056655589671252e-14,-1.3650549752974475e-13,-0.0015512952656335686,-0.059863264086362604,0.05355972863799532,-0.0025546839426524416,3.858932471223076e-13,0.0005537742946249157,0.00018520542686655507,1.4323917028772533e-13,-0.30189911688798,-0.03037307935245562,0.00028958765208973687,-0.00043716977366731424,-0.0003794321641473254,-0.00020207388858644294,-9.781472523244888e-5,-7.286777929945249e-6,-0.00015391015789948103,4.679299457257043e-5,-5.417434056038089e-5,-0.00039452270138396665,-0.0001240880657898972,-0.0002513075844621329,-1.6170426796000227e-14,1.7092886904691504e-15,-8.148221558117074e-15,1.0592614911530553e-14,-6.663054824505124e-15,-2.7979538671987476e-14,-1.360834079505087e-14,3.9155868930189905e-14,-1.0001798771840806e-14,4.52501499063659e-14,-4.867969476069798e-14,2.1278397448257673e-14,0.0514606119551055,0.008175392372125959,0.2390320091094162,0.03188953234613457,0.04063097770642525,0.027449563373120055,0.08189041505314369,0.05668296214360946,0.059838534451664184,0.0797005548773743,0.05703730529278176,0.0007176229275907294,-0.07825619835844913,2.1786144189811307e-14,-0.026172165746558635,3.629003457557051e-15,1.2300214399130371e-15,-1.4279511458504162e-14,8.083411355203001e-15,-1.3341508820193086e-14,1.3215784442009145e-14,-1.8029781453269667e-14,3.62934901388059e-14,1.9552013538851443e-14,6.637200536281835e-15,-3.944992584633875e-14,-2.153592797323167e-15,-0.0,-0.0,-0.0,-0.0,-0.0,-0.0,-0.0,-0.0,-0.0,-0.0,-0.0,-0.0,-0.0,-0.0
-0.014783458371968818,-6.404207789682993e-5,-8.381652994778056e-16,-3.0728669939149237e-15,3.651290805443629e-15,5.1349960623482655e-5,-0.04438934693789119,-0.022744282719579133,0.00046016523413227673,-2.9530158196666316e-13,-0.00034811081992898056,-0.00011642290666199997,-2.0356135592594483e-15,0.21976493203324388,0.0004268445029286397,-3.1978758059009964e-5,0.0002061746810232351,-0.00011893076014397004,-6.684260909779583e-7,3.694253323377668e-5,-4.726706805050844e-5,4.2577654351857435e-6,-1.68020240225939e-5,-4.391105493209861e-5,0.00014032849399633408,-8.97608311737131e-5,1.0460376730976343e-5,6.109391659405985e-16,-2.2943871129439284e-17,2.8787822992470217e-16,-3.8040826672283733e-16,1.9584152207121403e-16,1.0208424465151144e-15,4.845983427402938e-16,-1.3738159756747571e-15,3.56768512146115e-16,-1.5268068093850895e-15,1.7634231634200636e-15,-7.82765595565035e-16,0.0426742709992904,0.035588915778338726,0.18582499341759998,0.023827890024343025,0.02895146226206433,0.020226600553203626,0.06610623787533836,0.044044217914527416,0.04319226522235216,0.08870597819550774,0.03728808537954566,0.0005425745325640102,0.051673611267893715,-2.789406697857333e-17,0.017281830029962697,-1.4712582927384828e-16,-3.6498688950169557e-17,4.916021927078426e-16,-2.617673470723395e-16,4.905706620465439e-16,-4.4079451271437067e-16,6.588312290341742e-16,-1.3320269615913044e-15,-6.893316546087319e-16,-2.1072163137145584e-16,1.471424117522304e-15,3.9272781045002716e-17,0.0,0.0,0.0,0.0,0.0,0.0,0.0,0.0,0.0,0.0,0.0,0.0,0.0,0.0
-5.649475560396791e-8,2.284790765608664e-5,-2.7457629619020187e-16,-8.514380808938136e-16,1.4085168560858126e-15,-9.326577183575764e-5,-3.977041100092001e-6,6.991917542666503e-6,-0.00010750924152116395,-1.482824450489792e-14,4.768746601834091e-6,1.5948695325809367e-6,-6.148185129432453e-16,8.335383695676217e-6,-2.9246239563594164e-6,-7.28620810146542e-6,-2.2243497137797407e-6,-2.4597201692190817e-5,-3.2833592428205957e-6,-1.157100245962275e-6,-4.767168906744039e-6,-1.387151196655095e-5,-9.508370984607183e-6,-1.495965727473847e-5,-7.2755908435186774e-6,-1.7778380463261212e-5,2.32136962645758e-6,1.8302971080042077e-16,-1.992043846183809e-17,9.595817181738071e-17,-1.0737416202046267e-16,7.149485650088669e-17,2.776779098429256e-16,1.5992458039936774e-16,-4.113585525706302e-16,1.115114957814903e-16,-4.501340257340447e-16,5.191718617663766e-16,-2.1619527319760277e-16,1.6413959977389942e-6,-3.447299533271767e-7,4.099701250822111e-6,1.7126102579290495e-7,-7.052179541334099e-8,4.805619703475841e-7,5.311217139454313e-7,2.889249981082055e-7,1.6409381305588522e-7,8.588011969014427e-7,-3.5720762177947106e-8,-5.484864884244205e-7,-4.883236792691309e-6,-1.3934792052311952e-16,-1.633159868769648e-6,-3.5671254900430585e-17,-1.8396786001539525e-17,1.4819904472344688e-16,-7.441327661545587e-17,1.439450051213192e-16,-1.2799818659486136e-16,1.9735517432333225e-16,-3.8833558700018623e-16,-1.9492514238902222e-16,-1.7214478273467506e-17,4.013345524828403e-16,1.0344201918558362e-17,0.0,0.0,0.0,0.0,0.0,0.0,0.0,0.0,0.0,0.0,0.0,0.0,0.0,0.0
9.113647186156506e-7,1.693957235992616e-5,-2.689077376749118e-16,-8.328114625432728e-16,1.387998614287226e-15,-6.948388313538086e-5,1.0431336528749533e-5,6.849005804879544e-5,-7.993083722163488e-5,-8.337310002053058e-15,3.809380385823413e-6,1.2740170998760852e-6,-1.0047804918776923e-15,-7.586320288290864e-5,-4.916173046473275e-6,-6.21073195042627e-6,-1.545492550182014e-6,-1.7881157006976763e-5,-2.1048853371065957e-6,-8.223008229819159e-7,-3.5192495351217215e-6,-1.0502392837618289e-5,-7.450724322515876e-6,-1.1390489934652495e-5,-5.330756399195856e-6,-1.3248840204962868e-5,2.3363604433259425e-6,1.7694755094738661e-16,-2.2686730070971297e-17,9.164225471970188e-17,-1.0674806569255258e-16,6.469401526586723e-17,2.761390627019339e-16,1.5498993224896835e-16,-4.023538718664268e-16,1.1013373725469688e-16,-4.3845933025688265e-16,5.168795765367509e-16,-2.1371002755045236e-16,-5.3515924753205e-7,-5.536710380690598e-6,3.1918536936872157e-7,-1.1962799513423662e-7,-2.316458906584669e-6,-1.1028483173359266e-6,-7.441929732575526e-7,-1.292301861586056e-6,-2.8445978679786054e-6,6.474313453366919e-6,-3.602302358541107e-6,-1.1485606818315219e-5,-2.5397849402167893e-5,-1.232698700644963e-16,-8.494109578877138e-6,-3.4347573809461505e-17,-2.3716004849839823e-17,1.4652271426678016e-16,-7.142641286836081e-17,1.4604917693804448e-16,-1.261686012514588e-16,1.9109880959197519e-16,-3.8172305953277727e-16,-1.867007826688963e-16,-1.3049349286882788e-17,3.9763433270392993e-16,1.1210230180555656e-17,0.0,0.0,0.0,0.0,0.0,0.0,0.0,0.0,0.0,0.0,0.0,0.0,0.0,0.0
0.03419385338961879,0.36348625036245585,-1.3135533273010794e-14,-4.969643839675423e-14,9.466584572128346e-14,-1.4860201944047726,-0.02222081359585081,0.07232126918887527,-1.6724522032816158,3.0928732218793836e-11,-0.03770138448762768,-0.012608929444286024,-7.730911216564617e-14,-0.10716635721362745,0.026341045329786414,-0.07960926379016299,-0.17974333361835018,-0.4157649023340452,-0.06896940336319603,-0.024547922710571036,-0.05586050854402394,-0.1903482904335126,-0.11042677481139714,-0.18583246870080436,-0.15866288508047158,-0.19553635007934184,-0.002337390712846514,1.2183880780335465e-14,-2.825015890365396e-15,5.064070450808054e-15,-9.502399978719653e-15,6.9458298427538846e-15,1.7398360351305707e-14,1.4142918003683359e-14,-3.2292255523074246e-14,5.066483037760881e-15,-3.156839521754169e-14,3.3566036497124924e-14,-1.674414193075456e-14,-0.09497554898979498,-0.2119349696269183,-0.3773955138801212,-0.06295561442436388,-0.05216838482649831,-0.023484313923408988,-0.14785732199934046,-0.08412997012834697,-0.06860857067735793,-0.2702377269817214,-0.023170962665758757,-0.0007426136925705161,-0.011143500941698498,-1.6610784708992244e-15,-0.00372685563259242,-9.717661108120312e-17,-3.0969244113070635e-15,1.3149719208356433e-14,-7.897461085631054e-15,1.1448843474825895e-14,-8.374639166622308e-15,9.241593645789858e-15,-2.4972380448661378e-14,-1.5632602496078213e-14,-2.2223444271027207e-15,2.89766888850458e-14,2.0135500633538778e-15,-0.0,-0.0,-0.0,-0.0,-0.0,-0.0,-0.0,-0.0,-0.0,-0.0,-0.0,-0.0,-0.0,-0.0
0.016555938929705034,0.18430386485729358,7.382999901540483e-15,9.61481848469221e-15,-1.2727415218202564e-14,-0.7387769631026931,-0.007848001167251735,0.03531943240381718,-0.8622443591505291,4.625288117260741e-11,0.03168577310959423,0.010597055862977857,3.78625673764198e-14,-0.05336497135143077,0.01071220069632737,-0.03661252250745332,-0.13415892685111236,-0.14687228942143113,-0.02599560403308974,-0.00563975635632715,-0.033591867450007924,-0.0913364560170885,-0.05678862284077332,-0.0884353488908342,-0.0540054363519075,-0.14967135544541213,-0.0018600524440661095,1.139867149013579e-15,-9.440206193226976e-16,-1.018800065006755e-15,2.4782336667342054e-16,2.5336507058976412e-15,-4.143830514766421e-15,2.0571456427268862e-16,1.3475767210219595e-15,-1.2666418462439473e-16,2.026286876814232e-15,7.51987548120412e-16,3.792062535339806e-15,-0.03848064372983475,-0.11891210023284592,-0.13764887196121955,-0.02513045599151946,-0.020136670667150514,-0.016461587645592,-0.06467936322303228,-0.041322680832150495,-0.03297240085533641,-0.10345902084196597,-0.04593667867638134,-0.0006319665792717443,-0.057396358270251545,1.452899476290141e-14,-0.019195757440352346,2.9333951013051664e-15,2.3620491017586884e-15,-1.4078997289354593e-15,1.7433629809609095e-15,1.9552738639489683e-16,3.303226684720392e-15,1.2265428803461649e-15,3.964243894617703e-15,4.172392472106403e-16,4.491356469491228e-15,-2.674776760320141e-15,1.3833353173262841e-15,-0.0,-0.0,-0.0,-0.0,-0.0,-0.0,-0.0,-0.0,-0.0,-0.0,-0.0,-0.0,-0.0,-0.0
-0.0017828925611461256,-0.053030022143034296,-2.065119611639797e-14,-5.89962485929467e-14,9.962626254680337e-14,0.20535027302462727,0.0011493498205003188,-0.004184123385290001,0.2534203589302073,-1.159331184731969e-10,-0.046196234553396276,-0.015449964768976625,-7.436645915818518e-14,-0.015993372680909283,-0.010251229604134911,0.008741596688677042,0.26563035424634374,0.0818539753427877,-0.0022395774371072037,0.002061348782177319,-0.01904523530899699,-0.0028789007405956163,-0.018720723812559674,-0.03826786634960834,0.020392728909283783,-0.06698675580763229,-0.000245975420091885,1.0897054065052663e-14,4.062965007659826e-16,3.787826802068773e-15,-1.0966724138157279e-14,8.201085717435051e-15,2.4495339299426075e-14,1.5238671874158913e-14,-2.919117652158818e-14,8.443400826337322e-15,-3.341332221002357e-14,3.825984485215543e-14,-2.0016808642720156e-14,0.015164182255873552,0.19848554795504503,0.08185278248454017,0.017066302352427377,-0.021765627554057247,-0.01066898869814901,0.003975366685240035,-0.021111678884895527,-0.03271417450817684,0.0462390075598091,-0.043821814546340904,-0.00038919976454072333,0.04533246723394677,-3.168836740191814e-14,0.015161084630148236,-4.652807250360156e-16,-2.443498511978344e-15,1.0572108792953412e-14,-7.430945757165943e-15,1.486266519679161e-14,-1.0843592083382138e-14,1.2243378287082482e-14,-2.7593875998932995e-14,-1.4276773137490116e-14,-6.494496454832792e-15,3.325971567637562e-14,-2.2419676170256008e-15,-0.0,-0.0,-0.0,-0.0,-0.0,-0.0,-0.0,-0.0,-0.0,-0.0,-0.0,-0.0,-0.0,-0.0
0.0015780700553127977,0.016958395046566866,-1.5042663576556434e-14,-5.36450456409035e-14,8.842815202602954e-14,-0.10617980672836148,-0.01056800785011553,0.0027881969168053362,-0.040222356336621745,-9.767224296344792e-11,-0.12100415059490463,-0.04046887980517124,-9.651212852959416e-14,0.015371808019964251,0.01139313622314064,-0.05351349990496411,0.06354236069541627,-0.2698901301519918,-0.07727776901866776,0.004124108970366612,0.01604521425278232,0.043974069255381366,0.022327906425817907,0.03779777888264404,0.03086356382182407,0.03697130896346329,0.0008236305514504157,1.115466294718442e-14,-7.177016066484096e-16,5.5839621216266136e-15,-6.714889281141445e-15,4.815533747019509e-15,1.907076824448403e-14,8.488616903065682e-15,-2.5979616684655686e-14,7.284521258459724e-15,-3.056250004229199e-14,3.272645619665064e-14,-1.4344395828500007e-14,-0.06744020408297001,-0.017127305666264594,-0.22135932282430332,-0.05609075755363183,0.023481443376637278,0.014352808160969245,0.014409264762919366,0.021707879695942435,0.03440886762829005,-0.022406639486662015,0.03940670940913685,0.00017933251068525497,0.1273610247120633,-1.472384836935929e-14,0.04259488600685818,-1.995866999756888e-15,-9.218122836003668e-16,9.375761194069987e-15,-5.250277787133411e-15,9.199597733211758e-15,-8.831664504782791e-15,1.2169179358687958e-14,-2.3978723991975895e-14,-1.3093785172894428e-14,-5.527021019434352e-15,2.600637936168819e-14,1.1735882686018079e-15,-0.0,-0.0,-0.0,-0.0,-0.0,-0.0,-0.0,-0.0,-0.0,-0.0,-0.0,-0.0,-0.0,-0.0
0.030500748170939913,0.2396852788586799,-1.742785010472006e-14,-6.221403582523466e-14,1.1292287646715939e-13,-0.9865231821545113,-0.014257946987837763,0.06341196870406653,-1.1025500007060478,1.7178359220418887e-11,-0.08278195235260047,-0.02768576832549082,-1.1915571086267493e-13,-0.1623208499303551,-0.002589723476512593,0.0056553951630527455,0.049168246075421085,0.04117023185037648,0.0022887335286805133,-0.0161646081402165,-0.10679990442168308,-0.19423106060249593,-0.1491764561533297,-0.2597537337257321,-0.05998373112154774,-0.38831320697483057,-0.0036021082249703858,1.2294210150815122e-14,-2.461624264925992e-15,4.668177908581579e-15,-9.732193031903104e-15,4.434229007343377e-15,2.1813049768558457e-14,1.2256024829536862e-14,-3.217797350825689e-14,6.769303133369832e-15,-3.6279080139099755e-14,3.757959106219706e-14,-1.761632763326903e-14,0.011674692461640173,-0.007212908917084226,-0.0024908936402140247,0.0035099753447261186,-0.0955773986029457,-0.0577590270521969,-0.1381389175927268,-0.12893216971267896,-0.1386789480884059,-0.14613448781279764,-0.15373421676494767,-0.0016120470988736477,0.026214761379279024,-1.8378759693287156e-14,0.008767319320643807,-1.3488223871310092e-15,-1.959477704906521e-15,1.1888858327454793e-14,-8.274653090058454e-15,1.1526541046072418e-14,-1.0624591269416066e-14,1.18813989801374e-14,-2.827236434101137e-14,-1.6349739421940756e-14,-5.328951427846225e-15,3.345563719714117e-14,2.1578469152846588e-15,-0.0,-0.0,-0.0,-0.0,-0.0,-0.0,-0.0,-0.0,-0.0,-0.0,-0.0,-0.0,-0.0,-0.0
0.02894398688239139,0.3349974560418928,-1.3053112455295044e-14,-4.766489476748362e-14,8.777674085171764e-14,-1.3686794845397183,-0.021049243444983982,0.06162824100660269,-1.5402153830053684,2.6260305410255156e-11,-0.021903264235161705,-0.007325373248056898,-8.144879249711889e-14,-0.06772246415371162,0.030164304929034685,-0.09107401472664284,-0.21446802030629009,-0.5035758902876862,-0.07698345732087918,-0.024168662603556344,-0.03463997509157235,-0.12419903156850481,-0.06385322817519126,-0.15046037620266245,-0.1217091311329499,-0.1373836790763264,-0.0017613955515004027,1.2095191981400315e-14,-3.003989739156155e-15,4.300827961860571e-15,-9.777971801563986e-15,6.889544061325732e-15,1.7115785399585033e-14,1.352612343485698e-14,-3.078974448308937e-14,4.981810086044454e-15,-3.3557261335626854e-14,3.3664318287130145e-14,-1.4980665989579188e-14,-0.11323354581553417,-0.23728387319271768,-0.44543585724485724,-0.07216635098931701,-0.038468776271235385,-0.011235521020720611,-0.1023699737460223,-0.04356580514457376,-0.04708139917786723,-0.23221187116772654,0.001412558314544364,-0.0005092121902180074,-0.015170202776176442,1.9534624310417815e-15,-0.005073554169376516,-6.029087729529149e-16,-1.6326882523822868e-15,1.2526527671215643e-14,-6.0054017470522514e-15,1.0478208912163814e-14,-7.70713675287616e-15,1.029273307097285e-14,-2.3781041424949407e-14,-1.4784621615071357e-14,-2.6734584656014537e-15,2.7093432867185644e-14,3.2234773418434565e-15,0.0,0.0,0.0,0.0,0.0,0.0,0.0,0.0,0.0,0.0,0.0,0.0,0.0,0.0
0.043147976839004586,0.4120764727841701,-1.32761094525402e-14,-5.3161420301390665e-14,1.0641583886357212e-13,-1.686155416952589,-0.024219032740286146,0.09055919852669964,-1.8979940930949455,3.889115753009073e-11,-0.06464651134258273,-0.021620513713652242,-7.036607230936946e-14,-0.1744414940759906,0.01982012934390573,-0.06005509130589694,-0.12051723121803241,-0.26599529861803267,-0.05530070752715281,-0.025194785218984515,-0.09205405288148347,-0.3031718506416099,-0.1898621824512261,-0.24616278042499473,-0.2216908638507557,-0.29472100446163685,-0.0033198026987219837,1.2335147570290852e-14,-2.5197597597422837e-15,6.365849735756232e-15,-9.032387242677007e-15,7.041830347654105e-15,1.7880317558775077e-14,1.519491707919862e-14,-3.4854924367618605e-14,5.210900436079232e-15,-2.8176203678743532e-14,3.3398407990890825e-14,-1.97519100817289e-14,-0.0638348795478007,-0.1687001156506754,-0.26134653755134857,-0.04724586787198535,-0.07553430966348437,-0.04437574108744106,-0.22544011978756912,-0.15331583235663912,-0.10532511401368384,-0.33509427271642006,-0.06510038722829996,-0.001140701122500168,-0.00427559577303419,-7.826005789389464e-15,-0.0014299391432166615,7.653954568923493e-16,-5.594311974975077e-15,1.4212628893486268e-14,-1.1124539882372692e-14,1.3104348750312714e-14,-9.513125070448112e-15,7.44878002612006e-15,-2.7004317198615108e-14,-1.7078910793784573e-14,-1.4529285219729518e-15,3.218875281991014e-14,-5.009064093076526e-17,-0.0,-0.0,-0.0,-0.0,-0.0,-0.0,-0.0,-0.0,-0.0,-0.0,-0.0,-0.0,-0.0,-0.0
0.02024275771701575,0.7809627090552574,3.4942596358605165e-15,1.3517889692113835e-14,-1.1108797634738459e-14,-3.190654154715195,0.3576795561441709,0.18393282308052875,-3.590396206927769,6.081154445623127e-11,-0.05150695819771146,-0.01722609423055647,3.1314412301983624e-14,-0.46929784267829416,-0.014991633507686028,-0.21188164731165987,-0.5002333129726964,-1.1744618857501172,-0.17969321307773747,-0.05635649684013977,-0.08073140760647654,-0.28931986989386604,-0.14853709444149968,-0.35053795003090293,-0.283739325402111,-0.32010745383063144,-0.004482284221949038,3.520117405610586e-15,-4.650088850811897e-15,-2.4334536037319557e-15,-6.340641002526596e-15,5.479539033416541e-15,-3.7648720434742085e-15,1.1122609893038318e-14,-1.1425605917042037e-14,-3.7795468400245275e-15,-7.943886268713284e-15,3.5961164358952715e-15,-2.2119827260665814e-15,-0.05252529232343245,-0.24339424121358672,-0.2623930745414611,-0.03885865272439715,-0.04270582752308841,-0.011303583914791695,-0.0658059154440843,-0.01919520241022765,-0.0870150494709147,-0.06949933045002665,-0.024647547810103136,-0.00032111887447074827,0.0003847064878353734,3.6763655723743395e-14,0.00012866203793441685,4.085623018825965e-15,-1.6003613925340393e-15,7.105766406619906e-15,-1.3538537378849744e-15,3.4703545713022887e-15,2.8748567258894755e-15,-3.400930510916185e-15,4.911051180481728e-16,-4.237882547714697e-15,4.65364578011706e-15,2.3740551652778493e-15,3.7351480713683845e-15,-0.0,-0.0,-0.0,-0.0,-0.0,-0.0,-0.0,-0.0,-0.0,-0.0,-0.0,-0.0,-0.0,-0.0
0.022739695481259595,0.5642741305447498,4.793227284625477e-15,1.1018338424308306e-14,1.5502512125783058e-15,-2.308720621307335,0.05133681197731451,0.4707657339217858,-2.5989809325347077,5.375215560151852e-11,-0.08839543696845834,-0.02956315379612197,2.9820615167938215e-14,-0.3253701313528619,-0.008175119054594174,-0.08191573779077964,-0.16497912515059251,-0.3646863311677635,-0.07590452103447279,-0.03451456205097464,-0.12604443860583758,-0.41494791880523685,-0.25973646666521477,-0.3369555249489087,-0.30347519175193427,-0.40356459019525875,-0.0048010067212486225,1.6746850940655694e-16,-1.9108025136553532e-15,3.526851224749504e-16,-1.3432859958336719e-15,2.77187210947543e-15,-4.733890730711818e-15,6.748162642170539e-15,-7.103163549915308e-15,-3.1667253999963903e-15,8.386604693239155e-15,-4.7530457653062604e-15,-4.860414356350597e-15,-0.05442591389268309,-0.21045117032671623,-0.14754758288304548,-0.028048451990696756,-0.02001803911390881,-0.016331348892537782,-0.10190476869629678,-0.07567062759832092,-0.046396410315814346,-0.14575492162105372,-0.024168389779457494,-0.00038677583750054635,0.00039702101542737125,1.0366854718594367e-14,0.00013278053415502329,4.730702883651339e-15,-6.4055423744678375e-15,4.64610296951798e-15,-6.766753068939402e-15,3.950458816745222e-15,7.194597916524627e-16,-8.364709942978503e-15,5.959997101839176e-16,-3.0051085779570355e-15,5.108809556322852e-15,2.8921314051389106e-15,-2.2747301089700306e-15,0.0,0.0,0.0,0.0,0.0,0.0,0.0,0.0,0.0,0.0,0.0,0.0,0.0,0.0
0.031426318939525105,0.35809071980777957,-8.09156324711227e-15,-4.6981637641266066e-14,9.540757690117115e-14,-1.4676766821100937,-0.0245070367937499,0.06651517791724475,-1.6379217267205985,4.1960977689009104e-11,-0.02722719479742577,-0.009105919658715282,-1.1579541325367687e-13,-0.07109420772054373,0.033261594705445104,-0.4230748626455987,0.02306248279621082,-0.5486914903859186,-0.04719111104275856,-0.018295242966533284,-0.035326668700222136,-0.13580421478502666,-0.06643578699667751,-0.11793588178616585,-0.14764021464983904,-0.14039685947182806,-0.0021723786180368135,6.073335732165227e-15,-5.737038796968574e-15,4.991923616338067e-15,-1.7772244860720747e-14,9.148751238151492e-15,1.6993507546663756e-14,7.170136622634568e-15,-3.1293568941629303e-14,-2.7912971440109194e-15,-2.8328257268490985e-14,2.7062148491079947e-14,-8.84861091508299e-15,-0.3650268578836313,-0.0590913456219384,-0.5205440614295713,-0.03695754083369425,-0.017977073281382813,-0.008395191799824361,-0.1109809856177529,-0.040542737623492454,-0.021869192691818223,-0.2600059017017114,0.00639847679392192,-0.001007950798214637,-0.01144413968812176,1.6887817861022998e-14,-0.0038274018802587225,-7.597174109118648e-15,2.284836590390437e-15,1.746253003886843e-14,-5.5828726697675845e-15,1.0905980852532985e-14,-8.545209976417852e-15,1.4696471736595425e-14,-2.337777487230635e-14,-1.0799385991323431e-14,-7.608230292380167e-15,2.3748040645742357e-14,2.557779680420945e-15,0.0,0.0,0.0,0.0,0.0,0.0,0.0,0.0,0.0,0.0,0.0,0.0,0.0,0.0
0.00423928532500699,0.1019459994279591,-1.6222153062046385e-15,-1.4290312802266948e-14,-4.5610894597866165e-15,-0.40079232334642045,-0.004710406300507865,0.009890313929199222,-0.47835489629669703,5.181576311644413e-11,0.07027344315964303,0.023502396494209193,-1.249828292862381e-14,0.02828294085921599,0.01596507926882752,-0.33277161545160866,0.0393102487528161,-0.20429592275711242,-0.011372768307986066,-0.01093240142825774,0.00416202173816453,-0.006188465420111457,0.008161328062134194,-0.010761790891469636,0.03881522243031968,0.028393014610814112,0.0008156300665205395,8.564799079017538e-16,-5.601967172142473e-16,8.428279339193291e-15,4.213091002838806e-15,-2.1958683532496125e-16,2.5260514253749013e-15,-2.5300110345205348e-15,1.905580748948244e-15,3.0018997933607358e-15,-6.32307263726922e-15,1.2837349174263594e-14,7.981322322805621e-16,-0.2681003761177871,0.029869120113345287,-0.21753641047662234,-0.0049821470758341915,0.002988546952290117,0.005874018955057808,-0.004028589272809848,0.014906106592390219,0.010340020153274412,-0.007444325879270293,0.031568679145011096,0.0003120452648792438,-0.06967996657219702,5.0241597337932e-15,-0.02330391294988249,-2.241976198140439e-15,3.623270010513754e-15,-4.419304369676014e-15,5.810983781057478e-15,-2.478889845210712e-15,-8.754153879556136e-16,4.971132624202687e-15,-1.9937655433348334e-15,-1.0471826343640102e-15,2.9745403877073023e-15,-3.510507290328179e-15,1.9737133205451834e-15,-0.0,-0.0,-0.0,-0.0,-0.0,-0.0,-0.0,-0.0,-0.0,-0.0,-0.0,-0.0,-0.0,-0.0
0.02598755049868086,0.2951796858809669,-1.0152759288707033e-14,-3.698780686217575e-14,6.06201582108491e-14,-1.1909925346399086,-0.01442535235902692,0.05560699890901029,-1.3747060201099992,9.854768308688957e-12,0.027349498222378137,0.009146823070564558,-4.2732201474759956e-14,-0.0751893069129138,0.020527914522919397,-0.009488722370910556,-0.6184273085678058,-0.13549632716632462,-0.06473777452759406,-0.014522024188214923,-0.026071619602396505,-0.0868024674413072,-0.05236798311631592,-0.09285156100764445,-0.10589936924618855,-0.11137660787969451,-0.001459358962929857,8.4656582696885e-15,-4.070022971693397e-15,6.318551289660522e-15,-7.354324041176076e-15,4.814108817516641e-15,1.3007363918387954e-14,1.2216826900744133e-14,-2.1330541125185962e-14,3.9460695458905844e-15,-2.6009106412390122e-14,2.541817074194801e-14,-1.2086069604271424e-14,-0.018308547550811207,-0.5084747759060673,-0.17131776860321823,-0.0857377142187608,-0.01374451595233727,-0.011849544914589887,-0.07867521641294198,-0.03507930989608129,-0.01828000611916064,-0.23158217314295484,0.0010885168322110213,-0.00019346222845161782,-0.0648728472011614,2.9757478677476446e-15,-0.021696209948935053,-1.367649186438365e-15,-9.005871249766468e-16,9.3385723994597e-15,-3.3060220805728065e-15,6.764685510599489e-15,-4.721718801171748e-15,9.448580554750844e-15,-1.6952160949553518e-14,-1.2384283039378367e-14,-2.4438548153811074e-15,1.7382414561705494e-14,1.8386724204357335e-15,-0.0,-0.0,-0.0,-0.0,-0.0,-0.0,-0.0,-0.0,-0.0,-0.0,-0.0,-0.0,-0.0,-0.0
-0.003027066059782938,0.021266893704798343,3.7754390283844474e-15,-1.341874700377436e-14,-9.140548746487988e-15,-0.05286417284439964,0.00618230573500023,-0.004888064766870799,-0.13038291756418519,1.657853221594912e-11,0.12638603062818746,0.04226880695747998,5.851643454070047e-14,0.033763676741297176,0.004566321587394799,0.023528589197651318,-0.48035155142400227,0.11466923896779249,0.040344954872449476,-0.006466243032293301,0.021759748923595494,0.05145452293074054,0.021847743264116135,0.01911019027264641,0.08861038556852843,0.065790400868924,0.00035120830359201816,6.711079005225438e-16,-2.8127531797884593e-16,8.138055959832435e-15,4.825171792695736e-15,3.8807399551592803e-16,3.1771329338805317e-15,-1.328217319797737e-15,1.7414297905231923e-15,1.6324295332395826e-15,-4.780674218296002e-16,1.1135550333678591e-14,6.519048406327683e-15,0.026293501239495407,-0.3209349708909597,0.05894502670101796,-0.0029164390244998777,0.007750130185617828,0.008003188428716964,0.03604544079892661,0.021485703599874364,0.014735511613518706,0.042247533278039436,0.026687553050560565,0.00033663419715558265,-0.12137173810672379,-1.3524608408457746e-15,-0.04059181653717911,-9.238455090689806e-15,8.361687697352585e-15,-4.348671174879772e-15,1.0019485344118531e-14,-3.5012994231869807e-15,-1.5899997584246026e-16,1.3495666925747459e-14,-1.0760664849214866e-15,2.752096214439673e-15,-1.1125066504734456e-16,-6.5236711242522115e-15,3.780648148214331e-15,-0.0,-0.0,-0.0,-0.0,-0.0,-0.0,-0.0,-0.0,-0.0,-0.0,-0.0,-0.0,-0.0,-0.0
0.028239265146657217,0.3382550264220627,-1.321838747295712e-14,-4.7551527240885834e-14,9.035639653254835e-14,-1.389166751745563,-0.02333494464313075,0.060114011271357695,-1.5460193169936316,2.914685529994621e-11,-0.03991279714500667,-0.013348518893000006,-8.564736165780255e-14,-0.05500961178230754,0.0370226012940265,-0.07813317927065376,-0.039550506522563006,-0.7609413097967896,-0.047766117059063855,-0.020732538350628733,-0.03756312627406804,-0.140205339300588,-0.06466833925359512,-0.12788124820478214,-0.12190990317253826,-0.14528303876363255,-0.001795212551994977,1.4171711227026421e-14,-2.2657222472237177e-15,1.9236600548754536e-15,-8.989174758968815e-15,7.171364993522284e-15,1.75266478379521e-14,1.4167144341499463e-14,-3.2824961703439256e-14,6.459844515949112e-15,-3.789481703886519e-14,3.653884537943996e-14,-1.568456045411002e-14,-0.1272998982619869,-0.11759609163032692,-0.622535103605787,-0.04515975974253274,-0.02614322585564085,-0.011061570895074894,-0.11236026276835619,-0.03911383054958577,-0.031059414427738394,-0.21537495933192266,-9.123670756186539e-5,-0.000592913588424361,0.007068594758634554,1.8210494381161437e-15,0.002364035533324573,1.1784534842682659e-15,-2.13966101009447e-15,1.2107033934208856e-14,-6.281982861819653e-15,1.1237271271505406e-14,-8.082115775302262e-15,9.267670949431836e-15,-2.503447731891528e-14,-1.555184541372097e-14,-1.783361896702816e-15,2.974302484512155e-14,4.635346734791565e-15,0.0,0.0,0.0,0.0,0.0,0.0,0.0,0.0,0.0,0.0,0.0,0.0,0.0,0.0
0.004452883665015277,0.11343775430010922,2.2377233656219835e-15,4.037494871135957e-15,1.339240823409889e-15,-0.4451081243560389,-0.003772599960444101,0.010637723124089378,-0.5356515665686917,6.244200440686197e-11,0.07276799694777822,0.024336680251598512,8.970343788818075e-15,0.029444695986244017,0.019392680713555096,0.02380437718238833,0.01777658814693192,-0.4597375445461359,-0.005153650565790113,-0.015148278803310504,0.0004776892209516361,-0.024783964780449867,-0.0013297906279390822,-0.025942705757221813,-0.04991892992927725,0.018072221031008272,-5.545445930774738e-5,-6.915663269159452e-16,-6.88914101098925e-16,-1.2245916345836873e-15,-7.979090179891329e-16,3.5869464436110867e-16,-2.9576941342562407e-16,-5.509299743441589e-16,-2.6799820932504587e-16,-5.546101178210705e-16,3.0018313502698175e-15,-4.321890401082024e-15,1.6487293654416948e-15,-0.023523632482350287,0.005080704017612845,-0.34029296612247384,-0.0040717376609386005,-0.006143229797050757,0.0033948655744192027,-0.013075727721334555,0.008181182288162626,-7.309199187368522e-5,-0.0377146042362174,0.027083007170453796,0.000207903764238246,-0.0730603264178734,7.374392138118316e-17,-0.024434447527600867,3.3878276462136935e-16,-2.6466279893438104e-16,1.3070360948380969e-15,-8.776891146143748e-17,4.633287110009802e-16,4.423258704701455e-16,6.030728895641486e-16,1.2222231654343732e-15,2.4362391994824425e-16,-2.278700653625129e-15,-1.4720351954375865e-15,-4.592430166248614e-17,-0.0,-0.0,-0.0,-0.0,-0.0,-0.0,-0.0,-0.0,-0.0,-0.0,-0.0,-0.0,-0.0,-0.0
0.03309645366958626,0.3852204443619549,-2.241186030923891e-14,-5.629522253063411e-14,1.0878116236865041e-13,-1.5740384609055003,-0.024074732487007762,0.07064188151165467,-1.7740415377403167,4.0716391758198144e-11,-0.03331633557140422,-0.011142384564143197,-1.0823335204479941e-13,-0.0754916696493295,0.027685879501835063,-0.04655544450304319,-0.31775270035253406,-0.3021465510289428,-0.3947938441557715,-0.019877029465679857,-0.03931169755175569,-0.13974685974510917,-0.07743516373283554,-0.14385135203368207,-0.14395423468465388,-0.15803372253974135,-0.0021715904936664664,1.611310296888266e-14,-4.3487253027515906e-16,4.7635013423626936e-15,-1.2753364895809026e-14,7.967340252395217e-15,2.1060694037559948e-14,1.7157290821890614e-14,-3.7947144829757274e-14,7.117419499513462e-15,-3.515037998063702e-14,3.739775128922093e-14,-2.0834107604092547e-14,-0.05705854161564444,-0.3503256929621833,-0.285431862704723,-0.2762946084678569,-0.026757646312442294,-0.012202924282537098,-0.11328745854584271,-0.057828495819727065,-0.03493936669331763,-0.2768821268629588,0.0025382174135584325,-0.0004849021957103181,-0.009009539254480647,-2.8876868275790415e-15,-0.0030131690474151243,9.522003812070299e-16,-2.1771803618600827e-15,1.587339590219065e-14,-9.869351934538694e-15,1.4417297363445123e-14,-9.868522038359306e-15,8.350420344323094e-15,-2.958252802635053e-14,-1.7785912916799323e-14,-1.5931864350525839e-15,3.6949219086075174e-14,3.683048662230558e-15,-0.0,-0.0,-0.0,-0.0,-0.0,-0.0,-0.0,-0.0,-0.0,-0.0,-0.0,-0.0,-0.0,-0.0
0.010255127923817112,0.1770477786259468,7.453413034388613e-16,5.2785005572235705e-16,5.084445471649164e-15,-0.6995491528275808,-0.006218846625674332,0.023095535699522763,-0.8366836599985047,8.648795124839006e-11,0.0788860902287631,0.026382828093700666,1.1410734948855162e-14,0.008604417767048903,0.0162064353875366,-0.017863017538435163,-0.19380346873411078,-0.1446003891629517,-0.2766536375873075,-0.014937802997812135,-0.006437507854015063,-0.04199087380955632,0.005153502920303174,-0.04964076459781634,-0.05755977752435941,-0.0029415594819866228,-0.0009095258210212756,-3.8340850387499873e-16,-1.516898798421457e-15,1.6054554209811565e-16,5.9688873863268105e-18,3.615644157808658e-16,-4.407361672980452e-16,-6.99524280921063e-16,-2.4245268445353068e-17,-1.0262875697322227e-16,1.1819897559024943e-15,-1.0060080640837916e-15,8.163971880087975e-16,-0.023012639515163677,-0.17760718700574624,-0.12769146025833525,-0.18568830759475755,-0.008059418761501944,-0.00017678064797058623,-0.02766482450047326,0.008121098830626857,-0.0058367108453756715,-0.09252474410443384,0.02895250049859114,-2.0257583974582696e-5,-0.08834114178146425,-3.6097088492077165e-15,-0.029544995200834083,6.517543024541173e-16,4.002977868523369e-16,5.75079796539839e-16,-3.809510255582302e-17,-4.0200983072772076e-16,5.752820061973697e-16,1.0437523223949719e-15,1.2355091963833778e-15,-1.1799717223888747e-15,-1.3329230096798605e-15,-8.633656939103833e-16,4.11867761681114e-17,-0.0,-0.0,-0.0,-0.0,-0.0,-0.0,-0.0,-0.0,-0.0,-0.0,-0.0,-0.0,-0.0,-0.0
0.043300595726831995,0.4154833587592782,-2.6512539124113294e-14,-1.0593960748231447e-13,1.810956021280568e-13,-1.7005990983784278,-0.02417481223964756,0.09125773048063653,-1.917863852326896,3.6759491409464686e-11,-0.10262492964215392,-0.03432209492222464,-1.5548385522912457e-13,-0.1450096204644947,0.010122682895945508,-0.02981320347475491,-0.013942049265558714,-0.1538647854708739,-0.030783632530127093,-0.14908673873434228,-0.047153707215101176,-0.12799352895273852,-0.10014367954485937,-0.8817771291271096,-0.12097616043101778,-0.17338924287324065,-0.0016329975181541914,1.981344736283249e-14,-2.2008831439543102e-15,1.6213781550819415e-14,-9.982549045645747e-15,9.78606866540449e-15,3.285073911495492e-14,2.4213411612794e-14,-5.568685494941932e-14,1.0197626320980633e-14,-4.2819835223380334e-14,6.426131547878978e-14,-3.099165714777179e-14,-0.04376832075592057,-0.10106774892571957,-0.2685236779793452,-0.037633346241812075,-0.41418420305656345,-0.014621185503637984,-0.10161099759452438,-0.13413462417393948,-0.5048593407866557,-0.28735741378413276,0.006759987398986,-0.00041157811605410183,0.03222671228928659,-3.1935603759351894e-14,0.010777968687460731,-1.627829264516153e-15,-9.304934497752105e-15,2.038159379470199e-14,-1.4953777040479498e-14,1.8230044623666427e-14,-1.715689592633192e-14,2.013302382131512e-14,-4.508384346897467e-14,-2.6353674138398417e-14,-4.143460398990034e-15,5.1443546435826325e-14,-3.2465037159568424e-15,0.0,0.0,0.0,0.0,0.0,0.0,0.0,0.0,0.0,0.0,0.0,0.0,0.0,0.0
0.02094936484659304,0.19181721889069855,4.257906182370054e-15,7.014357286734938e-16,7.498766761958487e-15,-0.7694317375663114,-0.006185388316837279,0.04414681908050581,-0.9043212868313922,4.800893879320928e-11,-0.016878038578017278,-0.00564472632719696,-3.544970047998401e-15,-0.07162162850059126,-0.006116297202478363,0.0016691315085940086,0.0038879633760177798,0.17897053930820653,-0.0032289875516340236,-0.03389315561334283,-0.01023547820606916,-0.03228687281583741,-0.03381066462540577,-0.7871950031047489,-0.036673378064166214,-0.024900189727391737,-6.545400589859337e-5,2.4918487161596007e-16,-1.589531794970801e-15,-9.49052349036452e-16,-2.400933982764512e-16,-1.4359859261966612e-15,-9.676472490499351e-16,9.033989551922547e-16,-4.2451004575540473e-16,-6.207458933337466e-16,1.2532724861664804e-15,1.1776683603504333e-15,-1.6689128017065783e-15,0.010980210634560797,-0.018120989666156204,0.03391176523265317,-0.010777193066667063,-0.32737564880293996,-0.0007983246017046436,-0.022639716866948198,-0.08691817288546984,-0.4785315502694087,-0.12545281228983113,0.0286896449416051,0.00032595543466884487,-0.022901933952861036,5.836675229345718e-16,-0.007659370425629971,1.7736734364645921e-15,-8.044232894062505e-17,4.547137116321375e-16,-1.7580440114507179e-15,1.0829731124447472e-15,5.958044319031168e-16,-1.3563579641613892e-15,1.9846184179876842e-15,-1.3153691343367878e-16,9.821121551139404e-16,3.502438658390574e-15,-1.011898057223432e-15,-0.0,-0.0,-0.0,-0.0,-0.0,-0.0,-0.0,-0.0,-0.0,-0.0,-0.0,-0.0,-0.0,-0.0
0.03316372055257771,0.28936738615657914,-1.926556224644453e-14,-7.66420236898538e-14,1.5561111199737862e-13,-1.195711719836793,-0.01871996910046237,0.06847111969646448,-1.3171854345133953,2.1818463121718002e-11,-0.06351411484483929,-0.02124179267362704,-1.6526131742234636e-13,-0.15187803454509152,0.01138366047862118,-0.022837817021676043,-0.06288789459758101,-0.12222667760451707,-0.024474278904771,-0.013386442895094131,-0.6528345726552087,-0.11744380288934544,-0.04463690598432091,-0.08147881619094911,-0.09741227072923833,-0.08586628019021615,-0.0010287382782797714,1.6957045824245406e-14,-6.287829542140742e-15,8.99965108608846e-15,-1.771499133807499e-14,1.5193008770890153e-14,2.928323784815629e-14,1.500419897651789e-14,-4.48091798819966e-14,1.3742219891353043e-14,-4.7132283216837784e-14,4.2968719569052654e-14,-2.571778693517127e-14,-0.02936068593764314,-0.10551739027785165,-0.15663487957301303,-0.024393687475868363,-0.023080241179392474,-0.4078474651315758,-0.13485392758549003,-0.038444931056501916,-0.031129903144961935,-0.226370423613288,0.023998809611565697,-0.0003877041628442377,0.012086980847704869,-3.171201396911447e-15,0.004042395014895409,4.648778222423235e-15,-3.807634345545519e-15,2.1728862555116726e-14,-1.0953922618555546e-14,1.596886297284281e-14,-1.0951822398045591e-14,1.8410870501052882e-14,-3.772329535565903e-14,-2.5453829364252976e-14,-1.3356233919100115e-14,3.0614579378160175e-14,6.277862224752579e-15,0.0,0.0,0.0,0.0,0.0,0.0,0.0,0.0,0.0,0.0,0.0,0.0,0.0,0.0
0.010063762346621043,0.07460928488873292,1.2402195935830937e-15,-1.3756038381709865e-14,-1.2835426149434374e-15,-0.30461512442480837,-0.0026436451080621916,0.020024100469998647,-0.3400821837872183,2.9054821714362706e-11,0.012909187244705767,0.004317375432344122,-3.664089861368727e-15,-0.054055752884343555,-0.0010332711267887558,0.007531319143156311,-0.051302046250559424,0.08250578375891515,0.006480703728724985,-0.005214538161937344,-0.6046458629744949,0.052914128091291604,0.030036058680834844,0.051697346930792844,0.04687031372770899,0.05349914275098017,0.0008175195368843422,8.4660414347651e-18,2.1013546156996874e-15,3.054090890440038e-15,2.9802563526806558e-15,-1.231691361992302e-15,2.9599790334153173e-16,9.495972042414645e-16,4.793309319001297e-16,-9.57497430754568e-16,-4.814564944004257e-15,1.3354139396280487e-14,4.6654270863806e-15,0.009204059534175161,-0.03948032904340496,0.028230140638687385,0.0011546487144441227,0.014325999757779359,-0.3859685357519791,-0.005390284087117126,0.021708424098291546,0.024660207357659142,-0.025629684300462575,0.044296571144286895,0.00037393097149124343,-0.029362311509501093,1.398961005022858e-14,-0.009819992532795748,-7.21479809321712e-15,5.741485156936335e-15,-4.879547745544427e-15,5.312893691408666e-15,-1.5123842190651678e-15,-2.6946160307661846e-15,5.246652246445889e-15,-2.8582823733085772e-15,1.9411122495342625e-15,3.917029166008172e-15,2.2291918235193246e-15,6.593611424687431e-15,-0.0,-0.0,-0.0,-0.0,-0.0,-0.0,-0.0,-0.0,-0.0,-0.0,-0.0,-0.0,-0.0,-0.0
0.04003280877252211,0.4109141077188774,-1.0418610414454047e-14,-4.7369822005325996e-14,9.663128810446082e-14,-1.6818891812329764,-0.02432220766826292,0.08430452758482304,-1.8914041425912635,4.052577632007137e-11,-0.05623423742366293,-0.018807095327266016,-1.0962369225700551e-13,-0.1522044404448604,0.04204313526290996,-0.060828269613044376,-0.09717714872807744,-0.3093308354658228,-0.055845723547787635,-0.020484577006728562,-0.06154373630603031,-0.6991116988412225,-0.10235066344269385,-0.14524719552641896,-0.1703381622398238,-0.17025297121680008,-0.002315704259311174,1.0112982398058555e-14,-3.331432103278452e-15,4.212024553636519e-15,-9.016053722391878e-15,3.995515093589521e-15,1.6586115325029292e-14,1.4643876147350105e-14,-3.0040525566476495e-14,4.0969292317487305e-15,-2.235529810454813e-14,2.4224074485297048e-14,-1.900396217087867e-14,-0.07008262742937438,-0.14908710998645217,-0.3071572898307747,-0.046432078487519055,-0.0307347597659687,-0.028365406006802988,-0.49981605215737124,-0.07419964510350863,-0.04088195874863723,-0.2988579789184813,0.0017470654808250062,-0.0006700819196362329,-0.002761960670721309,-9.355914258892286e-15,-0.0009237158713524233,2.1745262417354223e-15,-5.69279309907127e-15,1.3574872790238702e-14,-1.0761284017075204e-14,1.2623301361951894e-14,-8.284288225428149e-15,4.4211121956288856e-15,-2.322153285278398e-14,-1.4917712871084e-14,-2.6942076607270234e-15,3.046885911267117e-14,1.0942733989436142e-15,0.0,0.0,0.0,0.0,0.0,0.0,0.0,0.0,0.0,0.0,0.0,0.0,0.0,0.0
0.017018204415603876,0.19917628989125138,7.789826247016527e-16,5.309770094702098e-16,2.3876775700402467e-15,-0.7998567213589862,-0.007950017987393601,0.036313104123861566,-0.9311555928132068,5.155601078270649e-11,0.031619530404623335,0.010574901514950085,-1.72779714927519e-14,-0.05678540509414717,0.02604641832695108,-0.034253449459699596,-0.08752621813508488,-0.10834834062728044,-0.027803803432828175,-0.014010931071080033,-0.021348078957286777,-0.4507661839599427,-0.03705742083316642,-0.041276547655011764,-0.05567147710668171,-0.024032270062310995,-0.0006095596550938654,-4.161113273558146e-16,-1.3529003842996797e-15,-6.249008514930523e-16,-1.6527020261910243e-16,-1.139040226083944e-16,-2.964410096355023e-16,-2.657464744937525e-16,-3.8227466583412904e-16,-4.076926656214229e-16,-4.186684745798805e-16,-7.844359990024926e-16,3.767546873350522e-16,-0.033875921538864984,-0.08157412501771687,-0.12154974193662375,-0.02227162548616396,-0.00597991707435681,-0.01099895423040677,-0.31544978793652173,-0.023776066345220413,-0.003310639508081151,-0.11529242230794956,0.025711420498832384,1.1643487173487092e-5,-0.056234330841886435,-1.8867332339928517e-16,-0.018807126570264874,1.1116259838479438e-15,-3.506434087222916e-16,3.309257106296028e-16,-8.655719393299568e-16,3.260262117020258e-16,8.435969714076574e-17,-9.176785655709953e-16,9.753510914450586e-16,-7.876295157994505e-16,-3.7858967910628086e-16,1.0949162075186239e-16,6.179419100804316e-16,-0.0,-0.0,-0.0,-0.0,-0.0,-0.0,-0.0,-0.0,-0.0,-0.0,-0.0,-0.0,-0.0,-0.0
0.04767634028174882,0.43568762582667253,-1.861408045670251e-14,-5.146811721164697e-14,1.0680897476107934e-13,-1.7843196169085398,-0.02568996537704476,0.09988106636631168,-2.007121095361148,4.2178394847986797e-11,-0.081755576975901,-0.027342505209731843,-1.206290966215649e-13,-0.19871912217755217,0.004083413394105227,-0.049400287383006336,-0.06795169871611964,-0.2221620893375497,-0.057706933962328656,-0.02763052179588153,-0.049709185492033195,-0.1663169875307769,-0.7359067155051815,-0.23488358172787602,-0.1819114846465548,-0.17525866907578994,-0.0021128820251862346,1.2396967668031175e-14,-3.630798209358914e-15,6.5922861424364564e-15,-7.147577137398558e-15,5.532119798438247e-15,1.7236728655734288e-14,1.6310618425098832e-14,-3.636111868346582e-14,4.2457754228906e-15,-2.625818149200088e-14,3.420148017179588e-14,-2.116852037828074e-14,-0.042986173254255695,-0.12815456812904025,-0.17613944920826194,-0.03990633453219527,-0.07318335220987669,-0.012783223379030399,-0.13416196972711641,-0.6029688532236661,-0.0998122728907216,-0.3524987968856695,0.008668808314255651,-0.0003478750328785647,0.0025437752948725806,-1.8681807457857572e-14,0.0008507455005516624,9.101899749569445e-16,-9.92776782889538e-15,1.4781196248917218e-14,-1.4530821068473426e-14,1.2449187541407867e-14,-1.1394938062576281e-14,4.9822054017793304e-15,-2.78843945387621e-14,-1.782316429082923e-14,9.027917573410405e-16,3.578846871084408e-14,-3.8958427870994185e-15,0.0,0.0,0.0,0.0,0.0,0.0,0.0,0.0,0.0,0.0,0.0,0.0,0.0,0.0
0.021784059879591883,0.21607035285480206,1.7482068597357377e-15,3.7230847994314217e-16,2.687011027202188e-15,-0.8750146019945975,-0.010968292710287951,0.04603321481419907,-1.00450761543333,5.09790782801754e-11,-0.00374443382431554,-0.0012522962363706808,-9.708313142137325e-15,-0.08860434840332845,0.0017042444941836727,-0.025580285036830505,-0.0581541591460697,-0.10354105150229549,-0.035556725905751214,-0.02021447325326177,-0.02047515248209239,-0.06179557013655284,-0.44022586987448786,-0.126897385896081,-0.03516593288545873,-0.03422890036017932,-0.0008517500323388587,-3.0084095819286866e-16,-1.312555439991095e-15,-2.177997349788832e-16,2.22993860581251e-16,-4.008460817375557e-16,8.389166451290375e-18,-4.870196087063299e-16,7.891629555490201e-17,-2.5865337098736745e-16,1.138418229774159e-15,1.2934253610840845e-15,5.975145916564715e-16,-0.02079406550934058,-0.07000784986840855,-0.07828260207898788,-0.023843896617105776,-0.04472125787720647,-0.0041831883872994425,-0.049726858498097666,-0.36162012720225,-0.05688430734036851,-0.13543106184871792,0.029380346042863856,2.0139809998880843e-5,-0.03201360100693814,-1.177164861656572e-15,-0.010706695306828913,4.384297439381936e-16,3.275838940749989e-16,-9.785185271798075e-17,1.4227541605954024e-16,-2.7642840033724014e-16,6.047763266062477e-16,9.65126929097224e-16,9.70348489047013e-16,-6.606679445138686e-16,-6.293242385703589e-17,1.0649579709027338e-16,-7.702453587182297e-17,-0.0,-0.0,-0.0,-0.0,-0.0,-0.0,-0.0,-0.0,-0.0,-0.0,-0.0,-0.0,-0.0,-0.0
0.0368340682873527,0.34716066657996525,-2.245987085787458e-14,-1.0794709115366163e-13,1.882879575018896e-13,-1.4201851990059797,-0.01904632250967531,0.07755033029586629,-1.6037392733562794,3.131065745633754e-11,-0.0875367625767951,-0.029275976946530897,-8.667621960949801e-14,-0.13952663146816963,0.007095255788197543,-0.022589457989115172,-0.009083858854116346,-0.10375695797329429,-0.022614405767105123,-0.045330358000971294,-0.038477901750272284,-0.10428943977551046,-0.07946083340017943,-0.852837384294682,-0.10296686094407254,-0.13378037491918773,-0.001052136853823222,2.3202422025671788e-14,-1.9679046187184125e-15,1.732418546328938e-14,-1.1178472173991319e-14,1.1157874033097462e-14,3.5985395305113875e-14,2.8499346830833155e-14,-5.808113404614267e-14,1.2991126562583792e-14,-5.041072432029931e-14,6.80071334399605e-14,-3.2268773766535136e-14,-0.032604918632647015,-0.0820664571116348,-0.20524063715033292,-0.031255663047249846,-0.34422221682308607,-0.011868474797825225,-0.08429655976323454,-0.11979201215397152,-0.49720573443001237,-0.24862155369828504,0.011240462198885413,-0.0002611713559482037,0.02621805386958054,-3.371830832480463e-14,0.008768420467989292,-4.25489578038522e-15,-8.799777871312324e-15,2.1553210644437614e-14,-1.4820909872007738e-14,1.8982441340031905e-14,-1.78101233825536e-14,2.227835497913843e-14,-5.2507465670635455e-14,-2.8489487136685757e-14,-3.3312080686247822e-15,5.79859500402103e-14,-3.732360466145795e-15,0.0,0.0,0.0,0.0,0.0,0.0,0.0,0.0,0.0,0.0,0.0,0.0,0.0,0.0
0.0026448417306339264,0.018248795799833184,2.398786039244517e-15,-1.6396000049780124e-16,2.5633320188127397e-15,-0.06454513367403834,0.002786113379508585,0.005541411010088438,-0.09559523043183156,2.39673949578626e-11,0.011038953858706853,0.0036918906887577585,7.745907114610812e-14,-0.011331186514978083,-0.004088023113209499,0.011463013078124164,0.008044645231569506,0.060618472630563795,0.02642004909931457,0.42539818353585995,0.002692403477951672,0.005219045591811733,0.06963797872169863,-0.6794868060900425,-0.0014555614575270013,0.06606593528414227,0.0006402517932336451,-1.5852168007163025e-16,1.140323296380786e-15,-4.2070061213962847e-16,1.602017882949942e-16,-8.255240012006676e-16,8.956429219231527e-16,2.2104012210238705e-16,5.324476281400618e-16,-1.4298614123420884e-16,-3.055879877956557e-16,3.3597925649468885e-16,-3.3013078825583643e-16,0.014744384162823625,0.01256386932398641,0.0501730690009784,0.007097679013747392,-0.00882913317653921,0.0015596211019565278,0.0026988345751779025,-0.002381317333123628,-0.4347917954003027,-0.032557409849780845,0.03765962450584894,0.0004236762664241904,-0.01981110114208473,1.801666603434395e-15,-0.006625665871673357,-6.462102398619927e-17,2.0294844607328338e-16,2.6731004140784115e-16,2.940748848719231e-16,9.446062727875737e-17,5.127880681588788e-16,4.2140120148582177e-16,5.674739858836049e-16,-1.2170861786862835e-16,-3.325959772488559e-17,7.913463852979026e-16,-1.69743969773563e-15,-0.0,-0.0,-0.0,-0.0,-0.0,-0.0,-0.0,-0.0,-0.0,-0.0,-0.0,-0.0,-0.0,-0.0
0.04892279112250364,0.4908817552215083,-1.0696509221631469e-14,-2.3575766272197185e-14,7.337966108247064e-14,-2.0054969260896285,-0.029315126160325816,0.10294422740639421,-2.2616113620691167,4.7847838368059514e-11,-0.05084886952288273,-0.017006001685347733,-1.4368190901269315e-14,-0.17253085624873485,0.027043713106308168,-0.10134886510193733,-0.2552239583417074,-0.4177331232534398,-0.08712595780114964,-0.028438986933466713,-0.07468344773857069,-0.2511577394880707,-0.16376915710516554,-0.22096210251559859,-0.40040091438274344,-0.23769201249996502,-0.0032527222017718228,9.41080992025548e-15,-1.2841094725640032e-15,-1.9919894765799195e-15,-9.161324832598585e-15,5.7725251950531795e-15,7.50774874888291e-15,6.380192438003621e-15,-2.4479775552611885e-14,1.5080591230281602e-15,-2.4398791958647765e-14,1.736017430434497e-14,-1.3147988830992304e-14,-0.10692211408986257,-0.28589909855082013,-0.3840699487132572,-0.07719948458848694,-0.057079872464530314,-0.03121347092148125,-0.195766252375901,-0.12643499141716802,-0.07675697494779306,-0.49006721923589064,-0.01637640999715012,-0.000824920017479677,-0.023522593469661995,7.808596649705361e-15,-0.007866945085328148,4.031993302350998e-15,-3.570234400593832e-15,1.1201106748820241e-14,-1.0211746921203807e-14,1.1835436745958837e-14,-5.955482457998995e-15,-8.970054121476622e-16,-1.4527668904967406e-14,-1.1347439741579095e-14,-1.134174490424538e-15,2.2382992124039106e-14,2.8736077470430067e-15,-0.0,-0.0,-0.0,-0.0,-0.0,-0.0,-0.0,-0.0,-0.0,-0.0,-0.0,-0.0,-0.0,-0.0
0.030003352577589685,0.3276893900615746,-2.0175818557053298e-16,1.2080131010009622e-14,1.84031690178104e-14,-1.3290800663304507,-0.017996927359873405,0.06358354079054908,-1.5177770512101556,5.33041890697365e-11,0.006357333262649232,0.0021261597591619662,2.535933511681924e-14,-0.08827168660728194,0.021783420486209515,-0.0826296170152928,-0.24704777026748187,-0.2997217970610002,-0.06852034149172119,-0.02256424290402361,-0.04872671665014077,-0.1543169168847288,-0.10189112716100765,-0.1301966839716261,-0.1961148777833798,-0.1334987023321529,-0.0022930145789009995,-1.562192927843118e-15,-3.1891303491227758e-15,-7.651980569088553e-15,-4.018016961297664e-15,-1.0466458919631365e-15,-3.2932736302043017e-15,9.316304516849071e-16,-3.3174602857361642e-15,-1.9674265981634596e-15,1.1002115995652498e-15,-1.192476758146298e-14,-4.672449247784784e-15,-0.08532402460538163,-0.23925259985674863,-0.2793773298020549,-0.0625181551917975,-0.032192769370967135,-0.02146642659752702,-0.11989373887495955,-0.0756620874748362,-0.039464115228111454,-0.2757315661150733,-0.0014620994590843848,-0.0005227868202689452,-0.04972197003948444,3.7830743469504375e-15,-0.016629119078269722,9.018277511105006e-15,-7.650379846010448e-15,4.425164955491286e-15,-9.50437328588777e-15,3.4497936599875503e-15,-3.201583599033217e-17,-1.249982961142568e-14,2.3520184827103046e-15,-2.6250081021692117e-15,1.782274763717491e-15,5.925348860678187e-15,-8.278777979905524e-16,-0.0,-0.0,-0.0,-0.0,-0.0,-0.0,-0.0,-0.0,-0.0,-0.0,-0.0,-0.0,-0.0,-0.0
0.03878276493713588,0.2721595664426577,-1.2541939382682806e-16,-6.356018964703911e-14,6.93736565189313e-14,-1.1140317718664638,-0.01496810353475801,0.08048997768756803,-1.258202832400726,2.1935671328647623e-11,-0.08463491474589846,-0.028305476922342858,-1.5509922910573077e-14,-0.2524921904998064,-0.018905351589674674,0.0022408574004307486,0.04472007790621327,0.02024780399061309,-0.0007726260900544272,-0.008454753044876239,-0.0008034333362554779,-0.021053465160749227,-0.01771757131500583,-0.03486837936734676,-0.011163022983355917,-1.2282825786847869,-0.00024297426908912627,6.568547011408477e-15,-1.531410010085853e-15,2.1840350599858855e-14,-7.744356450363563e-17,8.257704536933498e-15,1.9653847097394394e-14,2.4456687549173816e-14,-3.340036136851987e-14,4.156024919972974e-15,-4.528743617364621e-15,4.6818000751640955e-14,-1.5509261394362994e-14,0.013213772857412393,-0.013158021932185467,0.023048554249298598,0.009041287251245249,0.009728540374755991,0.015092389702056697,0.014865462622348674,0.018412674310047315,0.014563432225163422,-0.05154416289559186,-0.6123470696141687,0.00010141627501892806,0.00452273321037575,-1.0297394810278053e-14,0.001512592301912784,-8.945019220311109e-15,-4.28072926988811e-15,7.264484201696279e-15,-3.9892694774858935e-15,6.7841476953430685e-15,-7.49943618628784e-15,1.625816824476622e-14,-2.9159124114734226e-14,-1.5073265039650116e-14,9.142175951581351e-15,2.3310322117564057e-14,-7.480491640858441e-15,-0.0,-0.0,-0.0,-0.0,-0.0,-0.0,-0.0,-0.0,-0.0,-0.0,-0.0,-0.0,-0.0,-0.0
0.027498163407339,0.16746772186509812,3.100549144247531e-15,-3.903830724024799e-15,-3.2163714095512107e-15,-0.6791535111343637,-0.007164160824038628,0.05685630631055183,-0.7827561755882324,2.8056837006986e-11,-0.04538708508866493,-0.015179351139038635,3.92827399780332e-14,-0.20383065464126468,-0.024547362282629742,0.016748129109754286,0.050662001172292775,0.1492032420323964,0.015822923753900292,-0.004690128768710242,0.015550222816262206,0.027541412814228568,0.010933264572889144,0.027743881314296837,0.045689532024518587,-1.1227095094722863,0.0004728268018170207,7.095005876652673e-16,3.277809392313288e-16,2.416977248287319e-15,1.818074691717586e-15,-4.3069528565087024e-16,1.461953172621544e-15,1.0825715617829527e-16,1.0902065465856051e-15,5.1221545177325894e-17,-9.141655794353093e-16,5.591102760586899e-15,9.367224985100842e-16,0.034838247931155066,0.022013794973353786,0.13507065186422637,0.023179903130547252,0.02648988678054206,0.020843335150217513,0.053338803592789245,0.04028873895928294,0.03963285008815252,0.03473384836631904,-0.581705830940438,0.0004941712703976633,-0.017855047085130384,1.210222252810758e-15,-0.005971479084402851,-3.610436484677715e-15,2.941770155059934e-15,-2.118928761878346e-15,3.48753032751105e-15,-1.1775982169604844e-15,8.245097518326611e-16,4.759209807143831e-15,-4.2315932846171244e-16,1.1898450674435257e-15,-9.806223977361746e-16,-1.844789557016764e-15,7.09384441573746e-16,-0.0,-0.0,-0.0,-0.0,-0.0,-0.0,-0.0,-0.0,-0.0,-0.0,-0.0,-0.0,-0.0,-0.0
0.04147095597172829,0.23415189785585988,-5.57684426093405e-13,-1.981816690085758e-12,3.4145468218313986e-12,-0.9711174224584472,0.022905989924781153,0.08673054294531199,-1.0717827991260758,-1.0079804352368442e-10,-0.09288318338225819,-0.031064045039974498,-6.267592224089875e-13,-0.32637497966785955,0.00935450197423678,-0.08073424833154465,0.02738680061630159,-0.11974596480061339,0.0011337115970430811,-0.010523572670090409,-0.012600327531348914,-0.05975674531603203,-0.012905444192964532,-0.032828522945232363,-0.04425533225979187,-0.05007409514838384,-0.7096881292889701,4.121040363125236e-13,-7.873626791600185e-15,2.3309019163370685e-13,-2.30856997849307e-13,1.9167230472350775e-13,6.600828442741583e-13,3.6588731455516116e-13,-9.589024554971318e-13,2.410549594649698e-13,-1.139167060943567e-12,1.1537509133991356e-12,-5.981813202964625e-13,-0.08602625363114443,-0.06382015848950404,-0.21657033353845925,-0.027222169199786705,-0.010968557037064721,-0.011549119314851414,-0.08637636924264776,-0.021829196972054512,-0.012027919923295147,-0.17039810910998143,0.007937096933575112,-0.37253983738595703,-0.010194206431805979,-4.415325967121026e-13,-0.0034093715999055827,-9.47815108164149e-14,-4.686974366665141e-15,3.567842553658997e-13,-1.9936136060877628e-13,2.988127168163422e-13,-3.0253829959871726e-13,4.2436261434659415e-13,-8.670454034555538e-13,-5.233144483729141e-13,-1.6248893376316674e-13,9.32112377853614e-13,2.626118676645424e-15,-0.0,-0.0,-0.0,-0.0,-0.0,-0.0,-0.0,-0.0,-0.0,-0.0,-0.0,-0.0,-0.0,-0.0
0.03208457015252385,0.14568917779316076,-3.174327303022228e-14,-3.3285102917508494e-14,1.1336993079342624e-13,-0.5994496520854431,0.02431304674594984,0.06036536067262231,-0.6691592757329718,-8.514008571304296e-11,-0.05940143578752182,-0.019866339735579462,2.8997198680979965e-12,-0.22549509573669643,0.005255877948528419,-0.061390431081129446,0.030464689772568092,-0.03995339198651046,0.03221545634222249,-0.008111871519293889,0.003833549155126136,-0.0012191284553131898,0.023918713319366295,0.01709541715498012,0.01945401026621994,0.011481635224125538,-0.71512604462503,2.0495260407208153e-14,3.283579389793988e-14,-2.827332982200397e-15,-1.71917377402705e-15,1.7843628639932006e-14,2.2906591098051023e-14,6.734587158295182e-15,3.7644443876668075e-15,6.792513288186524e-15,-2.514062847673802e-14,-1.672505441036883e-14,-4.975257817162188e-14,-0.07310415074907771,-0.03238663559596233,-0.1452011536683862,-0.003222671796896295,0.0005409287194476622,-0.005277175352824224,-0.04304537052452514,0.0040544241465619996,0.005224180919903153,-0.08445111057029372,0.017408446431070184,-0.37232536819597684,-0.022503135846420486,-3.795192782263443e-14,-0.007525995557404175,6.5753832499394e-15,3.1854263175674585e-14,-4.16245214209122e-15,-1.4242794614817616e-14,-3.9720052277925015e-14,1.8090059510529694e-14,2.722776967441455e-14,1.2550793592574066e-14,-4.585557791376668e-14,-4.96323353439022e-14,-1.814261784961472e-14,-4.490568149941008e-14,0.0,0.0,0.0,0.0,0.0,0.0,0.0,0.0,0.0,0.0,0.0,0.0,0.0,0.0
0.0,0.0,0.0,0.0,0.0,0.0,1.0,0.0,0.0,0.0,0.0,0.0,0.0,0.0,0.0,0.0,0.0,0.0,0.0,0.0,0.0,0.0,0.0,0.0,0.0,0.0,0.0,0.0,0.0,0.0,0.0,0.0,0.0,0.0,0.0,0.0,0.0,0.0,0.0,0.0,0.0,0.0,0.0,0.0,0.0,0.0,0.0,0.0,0.0,0.0,0.0,0.0,0.0,0.0,0.0,0.0,0.0,0.0,0.0,0.0,0.0,0.0,0.0,0.0,0.0,0.0,0.0,0.0,0.0,0.0,0.0,0.0,0.0,0.0,0.0,0.0,0.0,0.0,0.0,0.0
-8.687227020301467e-19,-5.602511861931193e-19,0.0,0.0,0.0,0.0,0.0,0.9999999999999999,0.0,0.0,0.0,0.0,0.0,1.785365563144103e-17,8.411500854330545e-19,0.0,0.0,0.0,0.0,0.0,0.0,0.0,0.0,0.0,0.0,0.0,0.0,0.0,0.0,0.0,0.0,0.0,0.0,0.0,0.0,0.0,0.0,0.0,0.0,8.773190623350527e-19,3.5388404837964876e-18,4.0145945868266124e-18,9.90043899917262e-19,5.328344650955952e-19,4.346141428154823e-19,1.75512656002747e-18,8.911080587800617e-19,8.963733590903729e-19,3.554744277204599e-18,4.707241828327804e-19,1.4127825160354145e-20,0.0,0.0,0.0,0.0,0.0,0.0,0.0,0.0,0.0,0.0,0.0,0.0,0.0,0.0,0.0,0.0,0.0,0.0,0.0,0.0,0.0,0.0,0.0,0.0,0.0,0.0,0.0,0.0,0.0
0.0,0.0,0.0,0.0,0.0,0.0,0.0,0.0,0.0,0.0,0.0,0.0,0.0,0.0,0.0,0.0,0.0,0.0,0.0,0.0,0.0,0.0,0.0,0.0,0.0,0.0,0.0,0.0,0.0,0.0,0.0,0.0,0.0,0.0,0.0,0.0,0.0,0.0,0.0,1.0,0.0,0.0,0.0,0.0,0.0,0.0,0.0,0.0,0.0,0.0,0.0,0.0,0.0,0.0,0.0,0.0,0.0,0.0,0.0,0.0,0.0,0.0,0.0,0.0,0.0,0.0,0.0,0.0,0.0,0.0,0.0,0.0,0.0,0.0,0.0,0.0,0.0,0.0,0.0,0.0
0.0,0.0,0.0,0.0,0.0,0.0,0.0,0.0,0.0,0.0,0.0,0.0,0.0,0.0,0.0,0.0,0.0,0.0,0.0,0.0,0.0,0.0,0.0,0.0,0.0,0.0,0.0,0.0,0.0,0.0,0.0,0.0,0.0,0.0,0.0,0.0,0.0,0.0,0.0,0.0,1.0,0.0,0.0,0.0,0.0,0.0,0.0,0.0,0.0,0.0,0.0,0.0,0.0,0.0,0.0,0.0,0.0,0.0,0.0,0.0,0.0,0.0,0.0,0.0,0.0,0.0,0.0,0.0,0.0,0.0,0.0,0.0,0.0,0.0,0.0,0.0,0.0,0.0,0.0,0.0
0.0,0.0,0.0,0.0,0.0,0.0,0.0,0.0,0.0,0.0,0.0,0.0,0.0,4.528038553673167e-18,-8.675477125987946e-20,0.0,0.0,0.0,0.0,0.0,0.0,0.0,0.0,0.0,0.0,0.0,0.0,0.0,0.0,0.0,0.0,0.0,0.0,0.0,0.0,0.0,0.0,0.0,0.0,0.0,0.0,0.9999999999999999,-3.4778964489703845e-18,-3.4850421338567224e-18,-1.738456571261929e-18,-7.02050624010988e-18,-3.564432235120247e-18,-3.5854934363614915e-18,-7.109488554409198e-18,-3.553205451536083e-18,-5.555254813254585e-20,0.0,0.0,0.0,0.0,0.0,0.0,0.0,0.0,0.0,0.0,0.0,0.0,0.0,0.0,0.0,0.0,0.0,0.0,0.0,0.0,0.0,0.0,0.0,0.0,0.0,0.0,0.0,0.0,0.0
0.0,0.0,0.0,0.0,0.0,0.0,0.0,0.0,0.0,0.0,0.0,0.0,0.0,0.0,0.0,0.0,0.0,0.0,0.0,0.0,0.0,0.0,0.0,0.0,0.0,0.0,0.0,0.0,0.0,0.0,0.0,0.0,0.0,0.0,0.0,0.0,0.0,0.0,0.0,0.0,0.0,0.0,1.0,0.0,0.0,0.0,0.0,0.0,0.0,0.0,0.0,0.0,0.0,0.0,0.0,0.0,0.0,0.0,0.0,0.0,0.0,0.0,0.0,0.0,0.0,0.0,0.0,0.0,0.0,0.0,0.0,0.0,0.0,0.0,0.0,0.0,0.0,0.0,0.0,0.0
0.0,0.0,0.0,0.0,0.0,0.0,0.0,0.0,0.0,0.0,0.0,0.0,0.0,2.2407831629240077e-18,2.7280659016880064e-19,0.0,0.0,0.0,0.0,0.0,0.0,0.0,0.0,0.0,0.0,0.0,0.0,0.0,0.0,0.0,0.0,0.0,0.0,0.0,0.0,0.0,0.0,0.0,0.0,0.0,0.0,0.0,0.0,0.9999999999999999,-4.346141428154823e-19,-8.786515065210626e-19,-8.820445944560998e-19,-8.875775802485278e-19,-8.886860693011498e-19,-4.441506814420104e-19,-6.944068516568231e-21,0.0,0.0,0.0,0.0,0.0,0.0,0.0,0.0,0.0,0.0,0.0,0.0,0.0,0.0,0.0,0.0,0.0,0.0,0.0,0.0,0.0,0.0,0.0,0.0,0.0,0.0,0.0,0.0,0.0
0.0,0.0,0.0,0.0,0.0,0.0,0.0,0.0,0.0,0.0,0.0,0.0,0.0,0.0,0.0,0.0,0.0,0.0,0.0,0.0,0.0,0.0,0.0,0.0,0.0,0.0,0.0,0.0,0.0,0.0,0.0,0.0,0.0,0.0,0.0,0.0,0.0,0.0,0.0,0.0,0.0,0.0,0.0,0.0,1.0,0.0,0.0,0.0,0.0,0.0,0.0,0.0,0.0,0.0,0.0,0.0,0.0,0.0,0.0,0.0,0.0,0.0,0.0,0.0,0.0,0.0,0.0,0.0,0.0,0.0,0.0,0.0,0.0,0.0,0.0,0.0,0.0,0.0,0.0,0.0
0.0,0.0,0.0,0.0,0.0,0.0,0.0,0.0,0.0,0.0,0.0,0.0,0.0,0.0,0.0,0.0,0.0,0.0,0.0,0.0,0.0,0.0,0.0,0.0,0.0,0.0,0.0,0.0,0.0,0.0,0.0,0.0,0.0,0.0,0.0,0.0,0.0,0.0,0.0,0.0,0.0,0.0,0.0,0.0,0.0,1.0,0.0,0.0,0.0,0.0,0.0,0.0,0.0,0.0,0.0,0.0,0.0,0.0,0.0,0.0,0.0,0.0,0.0,0.0,0.0,0.0,0.0,0.0,0.0,0.0,0.0,0.0,0.0,0.0,0.0,0.0,0.0,0.0,0.0,0.0
0.0,0.0,0.0,0.0,0.0,0.0,0.0,0.0,0.0,0.0,0.0,0.0,0.0,2.2485285342282005e-18,2.7611074637275084e-19,0.0,0.0,0.0,0.0,0.0,0.0,0.0,0.0,0.0,0.0,0.0,0.0,0.0,0.0,0.0,0.0,0.0,0.0,0.0,0.0,0.0,0.0,0.0,0.0,0.0,0.0,0.0,0.0,0.0,0.0,0.0,0.9999999999999999,-8.71316149069228e-19,-1.7773721386022995e-18,-8.883013628840208e-19,-1.3888137033136463e-20,0.0,0.0,0.0,0.0,0.0,0.0,0.0,0.0,0.0,0.0,0.0,0.0,0.0,0.0,0.0,0.0,0.0,0.0,0.0,0.0,0.0,0.0,0.0,0.0,0.0,0.0,0.0,0.0,0.0
0.0,0.0,0.0,0.0,0.0,0.0,0.0,0.0,0.0,0.0,0.0,0.0,0.0,0.0,0.0,0.0,0.0,0.0,0.0,0.0,0.0,0.0,0.0,0.0,0.0,0.0,0.0,0.0,0.0,0.0,0.0,0.0,0.0,0.0,0.0,0.0,0.0,0.0,0.0,0.0,0.0,0.0,0.0,0.0,0.0,0.0,0.0,1.0,0.0,0.0,0.0,0.0,0.0,0.0,0.0,0.0,0.0,0.0,0.0,0.0,0.0,0.0,0.0,0.0,0.0,0.0,0.0,0.0,0.0,0.0,0.0,0.0,0.0,0.0,0.0,0.0,0.0,0.0,0.0,0.0
0.0,0.0,0.0,0.0,0.0,0.0,0.0,0.0,0.0,0.0,0.0,0.0,0.0,0.0,0.0,0.0,0.0,0.0,0.0,0.0,0.0,0.0,0.0,0.0,0.0,0.0,0.0,0.0,0.0,0.0,0.0,0.0,0.0,0.0,0.0,0.0,0.0,0.0,0.0,0.0,0.0,0.0,0.0,0.0,0.0,0.0,0.0,0.0,1.0,0.0,0.0,0.0,0.0,0.0,0.0,0.0,0.0,0.0,0.0,0.0,0.0,0.0,0.0,0.0,0.0,0.0,0.0,0.0,0.0,0.0,0.0,0.0,0.0,0.0,0.0,0.0,0.0,0.0,0.0,0.0
0.0,0.0,0.0,0.0,0.0,0.0,0.0,0.0,0.0,0.0,0.0,0.0,0.0,0.0,0.0,0.0,0.0,0.0,0.0,0.0,0.0,0.0,0.0,0.0,0.0,0.0,0.0,0.0,0.0,0.0,0.0,0.0,0.0,0.0,0.0,0.0,0.0,0.0,0.0,0.0,0.0,0.0,0.0,0.0,0.0,0.0,0.0,0.0,0.0,1.0,0.0,0.0,0.0,0.0,0.0,0.0,0.0,0.0,0.0,0.0,0.0,0.0,0.0,0.0,0.0,0.0,0.0,0.0,0.0,0.0,0.0,0.0,0.0,0.0,0.0,0.0,0.0,0.0,0.0,0.0
0.0,0.0,0.0,0.0,0.0,0.0,0.0,0.0,0.0,0.0,0.0,0.0,0.0,0.0,0.0,0.0,0.0,0.0,0.0,0.0,0.0,0.0,0.0,0.0,0.0,0.0,0.0,0.0,0.0,0.0,0.0,0.0,0.0,0.0,0.0,0.0,0.0,0.0,0.0,0.0,0.0,0.0,0.0,0.0,0.0,0.0,0.0,0.0,0.0,0.0,1.0,0.0,0.0,0.0,0.0,0.0,0.0,0.0,0.0,0.0,0.0,0.0,0.0,0.0,0.0,0.0,0.0,0.0,0.0,0.0,0.0,0.0,0.0,0.0,0.0,0.0,0.0,0.0,0.0,0.0
